iter,tensor,layer,n,median_abs,min_abs,frac_negative,frac_below_50pct_med,frac_below_25pct_med,frac_below_10pct_med,frac_below_01pct_med,p01_over_med,p10_over_med
8000,linear_qkv,0,5120,0.945312,0.902344,0,0,0,0,0,0.971074,0.983471
8000,linear_qkv,1,5120,0.9375,0.902344,0,0,0,0,0,0.975,0.9875
8000,linear_qkv,2,5120,0.984375,0.945312,0,0,0,0,0,0.980159,0.988095
8000,linear_qkv,3,5120,1.01562,0.960938,0,0,0,0,0,0.969231,0.980769
8000,linear_qkv,4,5120,1,0.960938,0,0,0,0,0,0.984375,0.992188
8000,linear_qkv,5,5120,1.03125,0.988281,0,0,0,0,0,0.969697,0.984848
8000,linear_qkv,6,5120,1.05469,0.996094,0,0,0,0,0,0.955556,0.977778
8000,linear_qkv,7,5120,1.0625,1,0,0,0,0,0,0.963235,0.977941
8000,linear_qkv,8,5120,1.01562,0.980469,0,0,0,0,0,0.976923,0.984615
8000,linear_qkv,9,5120,0.96875,0.925781,0,0,0,0,0,0.979839,0.987903
8000,linear_qkv,10,5120,0.988281,0.953125,0,0,0,0,0,0.976285,0.988142
8000,linear_qkv,11,5120,0.972656,0.929688,0,0,0,0,0,0.975904,0.987952
8000,linear_qkv,12,5120,0.964844,0.933594,0,0,0,0,0,0.975709,0.987854
8000,linear_qkv,13,5120,0.960938,0.929688,0,0,0,0,0,0.979675,0.987805
8000,linear_qkv,14,5120,0.945312,0.898438,0,0,0,0,0,0.979339,0.987603
8000,linear_qkv,15,5120,0.96875,0.933594,0,0,0,0,0,0.975806,0.983871
8000,linear_qkv,16,5120,0.957031,0.921875,0,0,0,0,0,0.97551,0.987755
8000,linear_qkv,17,5120,1.02344,0.976562,0,0,0,0,0,0.969466,0.984733
8000,linear_qkv,18,5120,0.96875,0.933594,0,0,0,0,0,0.975806,0.987903
8000,linear_qkv,19,5120,1.01562,0.972656,0,0,0,0,0,0.969231,0.980769
8000,linear_qkv,20,5120,0.964844,0.933594,0,0,0,0,0,0.979757,0.987854
8000,linear_qkv,21,5120,0.980469,0.941406,0,0,0,0,0,0.976096,0.988048
8000,linear_qkv,22,5120,1.03906,0.988281,0,0,0,0,0,0.969925,0.977444
8000,linear_qkv,23,5120,1.03125,0.988281,0,0,0,0,0,0.969697,0.977273
8000,linear_qkv,24,5120,1.02344,0.980469,0,0,0,0,0,0.973282,0.984733
8000,linear_qkv,25,5120,1,0.960938,0,0,0,0,0,0.976562,0.988281
8000,linear_qkv,26,5120,0.976562,0.945312,0,0,0,0,0,0.98,0.988
8000,linear_qkv,27,5120,1.03906,0.992188,0,0,0,0,0,0.969925,0.977444
8000,linear_qkv,28,5120,0.984375,0.949219,0,0,0,0,0,0.97619,0.988095
8000,linear_qkv,29,5120,1,0.960938,0,0,0,0,0,0.976562,0.988281
8000,linear_qkv,30,5120,1.00781,0.96875,0,0,0,0,0,0.972868,0.984496
8000,linear_qkv,31,5120,0.960938,0.921875,0,0,0,0,0,0.979675,0.987805
8000,linear_qkv,32,5120,0.972656,0.933594,0,0,0,0,0,0.975904,0.987952
8000,linear_qkv,33,5120,0.964844,0.929688,0,0,0,0,0,0.979757,0.987854
8000,linear_qkv,34,5120,0.980469,0.941406,0,0,0,0,0,0.976096,0.988048
8000,linear_qkv,35,5120,0.96875,0.929688,0,0,0,0,0,0.975806,0.983871
8000,linear_qkv,36,5120,0.957031,0.914062,0,0,0,0,0,0.97551,0.987755
8000,linear_qkv,37,5120,0.945312,0.90625,0,0,0,0,0,0.975207,0.987603
8000,linear_qkv,38,5120,0.960938,0.925781,0,0,0,0,0,0.97561,0.987805
8000,linear_qkv,39,5120,0.945312,0.910156,0,0,0,0,0,0.975207,0.987603
8000,linear_qkv,40,5120,0.949219,0.917969,0,0,0,0,0,0.979424,0.987654
8000,linear_qkv,41,5120,0.945312,0.914062,0,0,0,0,0,0.979339,0.987603
8000,linear_qkv,42,5120,0.945312,0.914062,0,0,0,0,0,0.979339,0.987603
8000,linear_qkv,43,5120,0.949219,0.914062,0,0,0,0,0,0.975309,0.987654
8000,linear_qkv,44,5120,0.949219,0.914062,0,0,0,0,0,0.975309,0.987654
8000,linear_qkv,45,5120,0.96875,0.929688,0,0,0,0,0,0.975806,0.987903
8000,linear_qkv,46,5120,0.976562,0.9375,0,0,0,0,0,0.976,0.988
8000,linear_qkv,47,5120,0.960938,0.929688,0,0,0,0,0,0.97561,0.987805
8000,linear_qkv,48,5120,0.996094,0.953125,0,0,0,0,0,0.976471,0.988235
8000,linear_qkv,49,5120,1.00781,0.953125,0,0,0,0,0,0.968992,0.984496
8000,linear_qkv,50,5120,0.96875,0.929688,0,0,0,0,0,0.975806,0.983871
8000,linear_qkv,51,5120,0.976562,0.9375,0,0,0,0,0,0.976,0.988
8000,linear_qkv,52,5120,0.964844,0.929688,0,0,0,0,0,0.975709,0.987854
8000,linear_qkv,53,5120,1,0.941406,0,0,0,0,0,0.965586,0.984375
8000,linear_qkv,54,5120,0.984375,0.9375,0,0,0,0,0,0.97619,0.988095
8000,linear_qkv,55,5120,1.00781,0.945312,0,0,0,0,0,0.968992,0.988372
8000,linear_qkv,56,5120,0.988281,0.933594,0,0,0,0,0,0.972332,0.988142
8000,linear_qkv,57,5120,1.00781,0.933594,0,0,0,0,0,0.957364,0.984496
8000,linear_qkv,58,5120,1.00781,0.945312,0,0,0,0,0,0.965116,0.984496
8000,linear_qkv,59,5120,1.00781,0.949219,0,0,0,0,0,0.968992,0.984496
8000,linear_qkv,60,5120,0.988281,0.933594,0,0,0,0,0,0.976285,0.988142
8000,linear_qkv,61,5120,1,0.9375,0,0,0,0,0,0.964844,0.984375
8000,linear_qkv,62,5120,0.988281,0.9375,0,0,0,0,0,0.980237,0.988142
8000,linear_qkv,63,5120,0.984375,0.941406,0,0,0,0,0,0.984127,0.992063
8000,linear_fc1,0,5120,0.914062,0.761719,0,0,0,0,0,0.94953,0.982906
8000,linear_fc1,1,5120,0.90625,0.746094,0,0,0,0,0,0.943966,0.982759
8000,linear_fc1,2,5120,0.914062,0.746094,0,0,0,0,0,0.953803,0.982906
8000,linear_fc1,3,5120,0.886719,0.773438,0,0,0,0,0,0.964758,0.982379
8000,linear_fc1,4,5120,0.894531,0.808594,0,0,0,0,0,0.965066,0.982096
8000,linear_fc1,5,5120,0.867188,0.789062,0,0,0,0,0,0.968468,0.981982
8000,linear_fc1,6,5120,0.851562,0.796875,0,0,0,0,0,0.96789,0.981651
8000,linear_fc1,7,5120,0.867188,0.816406,0,0,0,0,0,0.968468,0.981982
8000,linear_fc1,8,5120,0.875,0.816406,0,0,0,0,0,0.96875,0.982143
8000,linear_fc1,9,5120,0.890625,0.84375,0,0,0,0,0,0.969298,0.982456
8000,linear_fc1,10,5120,0.898438,0.847656,0,0,0,0,0,0.973913,0.982609
8000,linear_fc1,11,5120,0.910156,0.871094,0,0,0,0,0,0.974249,0.982833
8000,linear_fc1,12,5120,0.917969,0.863281,0,0,0,0,0,0.974468,0.987234
8000,linear_fc1,13,5120,0.929688,0.882812,0,0,0,0,0,0.97479,0.987395
8000,linear_fc1,14,5120,0.9375,0.894531,0,0,0,0,0,0.975,0.9875
8000,linear_fc1,15,5120,0.945312,0.898438,0,0,0,0,0,0.975207,0.983471
8000,linear_fc1,16,5120,0.949219,0.910156,0,0,0,0,0,0.971193,0.983539
8000,linear_fc1,17,5120,0.949219,0.910156,0,0,0,0,0,0.975309,0.987654
8000,linear_fc1,18,5120,0.957031,0.90625,0,0,0,0,0,0.971429,0.983673
8000,linear_fc1,19,5120,0.960938,0.925781,0,0,0,0,0,0.97561,0.987805
8000,linear_fc1,20,5120,0.964844,0.925781,0,0,0,0,0,0.975709,0.987854
8000,linear_fc1,21,5120,0.972656,0.9375,0,0,0,0,0,0.975904,0.983936
8000,linear_fc1,22,5120,0.976562,0.9375,0,0,0,0,0,0.976,0.988
8000,linear_fc1,23,5120,0.976562,0.9375,0,0,0,0,0,0.98,0.988
8000,linear_fc1,24,5120,0.984375,0.941406,0,0,0,0,0,0.97619,0.988095
8000,linear_fc1,25,5120,0.992188,0.953125,0,0,0,0,0,0.972441,0.984252
8000,linear_fc1,26,5120,0.996094,0.953125,0,0,0,0,0,0.976471,0.988235
8000,linear_fc1,27,5120,1,0.964844,0,0,0,0,0,0.976562,0.988281
8000,linear_fc1,28,5120,1.00781,0.972656,0,0,0,0,0,0.976744,0.984496
8000,linear_fc1,29,5120,1.01562,0.976562,0,0,0,0,0,0.973077,0.984615
8000,linear_fc1,30,5120,1.01562,0.980469,0,0,0,0,0,0.980769,0.992308
8000,linear_fc1,31,5120,1.02344,0.984375,0,0,0,0,0,0.977099,0.984733
8000,linear_fc1,32,5120,1.02344,0.988281,0,0,0,0,0,0.977099,0.992366
8000,linear_fc1,33,5120,1.03125,0.992188,0,0,0,0,0,0.977273,0.992424
8000,linear_fc1,34,5120,1.03906,1,0,0,0,0,0,0.977444,0.984962
8000,linear_fc1,35,5120,1.04688,1.00781,0,0,0,0,0,0.970149,0.985075
8000,linear_fc1,36,5120,1.04688,1,0,0,0,0,0,0.977612,0.985075
8000,linear_fc1,37,5120,1.05469,1.00781,0,0,0,0,0,0.977778,0.985185
8000,linear_fc1,38,5120,1.05469,1.00781,0,0,0,0,0,0.977778,0.992593
8000,linear_fc1,39,5120,1.0625,1,0,0,0,0,0,0.977941,0.985294
8000,linear_fc1,40,5120,1.07031,1.00781,0,0,0,0,0,0.970803,0.985401
8000,linear_fc1,41,5120,1.07031,1,0,0,0,0,0,0.978102,0.992701
8000,linear_fc1,42,5120,1.07812,1,0,0,0,0,0,0.971014,0.985507
8000,linear_fc1,43,5120,1.08594,0.988281,0,0,0,0,0,0.964029,0.985612
8000,linear_fc1,44,5120,1.08594,0.976562,0,0,0,0,0,0.964029,0.985612
8000,linear_fc1,45,5120,1.09375,0.972656,0,0,0,0,0,0.957143,0.985714
8000,linear_fc1,46,5120,1.10156,0.96875,0,0,0,0,0,0.950355,0.978723
8000,linear_fc1,47,5120,1.10156,0.957031,0,0,0,0,0,0.943262,0.985816
8000,linear_fc1,48,5120,1.10938,0.949219,0,0,0,0,0,0.93662,0.978873
8000,linear_fc1,49,5120,1.10938,0.941406,0,0,0,0,0,0.93662,0.978873
8000,linear_fc1,50,5120,1.11719,0.929688,0,0,0,0,0,0.923077,0.979021
8000,linear_fc1,51,5120,1.11719,0.921875,0,0,0,0,0,0.916084,0.979021
8000,linear_fc1,52,5120,1.125,0.914062,0,0,0,0,0,0.902778,0.972222
8000,linear_fc1,53,5120,1.125,0.902344,0,0,0,0,0,0.895833,0.972222
8000,linear_fc1,54,5120,1.125,0.898438,0,0,0,0,0,0.888889,0.972222
8000,linear_fc1,55,5120,1.125,0.902344,0,0,0,0,0,0.885417,0.972222
8000,linear_fc1,56,5120,1.125,0.902344,0,0,0,0,0,0.879132,0.965278
8000,linear_fc1,57,5120,1.125,0.914062,0,0,0,0,0,0.878472,0.965278
8000,linear_fc1,58,5120,1.11719,0.921875,0,0,0,0,0,0.88528,0.965035
8000,linear_fc1,59,5120,1.10938,0.933594,0,0,0,0,0,0.894366,0.964789
8000,linear_fc1,60,5120,1.09375,0.9375,0,0,0,0,0,0.907143,0.964286
8000,linear_fc1,61,5120,1.07812,0.949219,0,0,0,0,0,0.923913,0.963768
8000,linear_fc1,62,5120,1.04688,0.964844,0,0,0,0,0,0.947761,0.977612
8000,linear_fc1,63,5120,1.00781,0.960938,0,0,0,0,0,0.98062,0.992248
8000,q_layernorm,0,128,0.988281,0.777344,0,0,0,0,0,0.823834,0.902767
8000,q_layernorm,1,128,1.20312,1.08594,0,0,0,0,0,0.915584,0.928571
8000,q_layernorm,2,128,1.25,1.17188,0,0,0,0,0,0.945438,0.96875
8000,q_layernorm,3,128,1.34375,1.19531,0,0,0,0,0,0.895349,0.918605
8000,q_layernorm,4,128,1.28906,1.16406,0,0,0,0,0,0.909091,0.943636
8000,q_layernorm,5,128,1.30469,1.17188,0,0,0,0,0,0.907425,0.94012
8000,q_layernorm,6,128,1.41406,1.19531,0,0,0,0,0,0.855304,0.90442
8000,q_layernorm,7,128,1.38281,0.582031,0,0.0234375,0,0,0,0.458079,0.932768
8000,q_layernorm,8,128,1.35156,1.15625,0,0,0,0,0,0.862832,0.90578
8000,q_layernorm,9,128,1.25781,1.10156,0,0,0,0,0,0.900621,0.942236
8000,q_layernorm,10,128,1.30469,1.1875,0,0,0,0,0,0.916168,0.938323
8000,q_layernorm,11,128,1.29688,1.125,0,0,0,0,0,0.881145,0.931928
8000,q_layernorm,12,128,1.21875,1.07812,0,0,0,0,0,0.886346,0.948718
8000,q_layernorm,13,128,1.22656,0.964844,0,0,0,0,0,0.793854,0.904459
8000,q_layernorm,14,128,1.14062,0.921875,0,0,0,0,0,0.814418,0.866438
8000,q_layernorm,15,128,1.25,1.08594,0,0,0,0,0,0.882938,0.95
8000,q_layernorm,16,128,1.14844,0.835938,0,0,0,0,0,0.769898,0.840816
8000,q_layernorm,17,128,1.34375,1.14062,0,0,0,0,0,0.850407,0.893605
8000,q_layernorm,18,128,1.28125,0.886719,0,0,0,0,0,0.698171,0.811585
8000,q_layernorm,19,128,1.40625,1.15625,0,0,0,0,0,0.823722,0.881667
8000,q_layernorm,20,128,1.26562,0.804688,0,0,0,0,0,0.644475,0.711728
8000,q_layernorm,21,128,1.34375,0.789062,0,0,0,0,0,0.59593,0.664244
8000,q_layernorm,22,128,1.40625,0.6875,0,0.0078125,0,0,0,0.509833,0.660556
8000,q_layernorm,23,128,1.375,1.11719,0,0,0,0,0,0.835227,0.892614
8000,q_layernorm,24,128,1.30469,1.04688,0,0,0,0,0,0.811617,0.916168
8000,q_layernorm,25,128,1.3125,0.785156,0,0,0,0,0,0.611161,0.770833
8000,q_layernorm,26,128,1.32031,0.746094,0,0,0,0,0,0.573964,0.589941
8000,q_layernorm,27,128,1.33594,0.777344,0,0,0,0,0,0.610789,0.826901
8000,q_layernorm,28,128,1.30469,0.730469,0,0,0,0,0,0.55988,0.58503
8000,q_layernorm,29,128,1.35938,0.742188,0,0,0,0,0,0.555374,0.612356
8000,q_layernorm,30,128,1.35156,1.03125,0,0,0,0,0,0.766127,0.82659
8000,q_layernorm,31,128,1.23438,0.765625,0,0,0,0,0,0.623418,0.638291
8000,q_layernorm,32,128,1.28906,0.828125,0,0,0,0,0,0.647091,0.781818
8000,q_layernorm,33,128,1.26562,0.761719,0,0,0,0,0,0.604938,0.616358
8000,q_layernorm,34,128,1.28906,0.757812,0,0,0,0,0,0.590909,0.611212
8000,q_layernorm,35,128,1.27344,0.851562,0,0,0,0,0,0.689601,0.803681
8000,q_layernorm,36,128,1.24219,0.785156,0,0,0,0,0,0.642359,0.671069
8000,q_layernorm,37,128,1.11719,0.796875,0,0,0,0,0,0.72028,0.734266
8000,q_layernorm,38,128,1.24219,1.04688,0,0,0,0,0,0.867925,0.945912
8000,q_layernorm,39,128,1.13281,0.8125,0,0,0,0,0,0.721621,0.727586
8000,q_layernorm,40,128,1.1875,0.792969,0,0,0,0,0,0.668651,0.6875
8000,q_layernorm,41,128,1.15625,0.808594,0,0,0,0,0,0.700237,0.715203
8000,q_layernorm,42,128,1.13281,0.8125,0,0,0,0,0,0.72069,0.727586
8000,q_layernorm,43,128,1.125,0.808594,0,0,0,0,0,0.72316,0.736111
8000,q_layernorm,44,128,1.14844,0.800781,0,0,0,0,0,0.697279,0.710884
8000,q_layernorm,45,128,1.21875,0.757812,0,0,0,0,0,0.625865,0.641026
8000,q_layernorm,46,128,1.19531,0.714844,0,0,0,0,0,0.598039,0.65915
8000,q_layernorm,47,128,1.16406,0.773438,0,0,0,0,0,0.672047,0.681208
8000,q_layernorm,48,128,1.25781,0.761719,0,0,0,0,0,0.614565,0.682298
8000,q_layernorm,49,128,1.17969,0.636719,0,0,0,0,0,0.549669,0.632781
8000,q_layernorm,50,128,1.17969,0.8125,0,0,0,0,0,0.710397,0.870199
8000,q_layernorm,51,128,1.25,0.804688,0,0,0,0,0,0.697719,0.777187
8000,q_layernorm,52,128,1.22656,0.886719,0,0,0,0,0,0.750987,0.866879
8000,q_layernorm,53,128,1.27344,0.699219,0,0,0,0,0,0.562178,0.659816
8000,q_layernorm,54,128,1.24219,0.71875,0,0,0,0,0,0.58805,0.624214
8000,q_layernorm,55,128,1.24219,1.11719,0,0,0,0,0,0.918239,0.941509
8000,q_layernorm,56,128,1.23438,1.07031,0,0,0,0,0,0.878544,0.943038
8000,q_layernorm,57,128,1.21875,0.851562,0,0,0,0,0,0.763686,0.910256
8000,q_layernorm,58,128,1.21875,1.09375,0,0,0,0,0,0.899167,0.923077
8000,q_layernorm,59,128,1.25781,1.11719,0,0,0,0,0,0.903975,0.937888
8000,q_layernorm,60,128,1.17188,1.07031,0,0,0,0,0,0.92,0.946667
8000,q_layernorm,61,128,1.15625,1.02344,0,0,0,0,0,0.905405,0.930405
8000,q_layernorm,62,128,1.13281,1.03906,0,0,0,0,0,0.931034,0.951724
8000,q_layernorm,63,128,1.07031,0.945312,0,0,0,0,0,0.902044,0.963504
8000,k_layernorm,0,128,0.988281,0.8125,0,0,0,0,0,0.840079,0.905138
8000,k_layernorm,1,128,1.19531,1.08594,0,0,0,0,0,0.921569,0.934641
8000,k_layernorm,2,128,1.25,1.14844,0,0,0,0,0,0.939188,0.96875
8000,k_layernorm,3,128,1.33594,1.17188,0,0,0,0,0,0.890468,0.918129
8000,k_layernorm,4,128,1.28125,1.13281,0,0,0,0,0,0.884146,0.939024
8000,k_layernorm,5,128,1.30469,1.14844,0,0,0,0,0,0.886228,0.94012
8000,k_layernorm,6,128,1.40625,1.10938,0,0,0,0,0,0.832722,0.905556
8000,k_layernorm,7,128,1.38281,0.515625,0,0.0234375,0,0,0,0.444859,0.889266
8000,k_layernorm,8,128,1.34375,1.07812,0,0,0,0,0,0.851977,0.912791
8000,k_layernorm,9,128,1.25,1.03125,0,0,0,0,0,0.867562,0.941875
8000,k_layernorm,10,128,1.29688,1.10156,0,0,0,0,0,0.858675,0.933735
8000,k_layernorm,11,128,1.28906,1.05469,0,0,0,0,0,0.862242,0.923636
8000,k_layernorm,12,128,1.21094,1.09375,0,0,0,0,0,0.903226,0.941935
8000,k_layernorm,13,128,1.21875,0.933594,0,0,0,0,0,0.795737,0.901923
8000,k_layernorm,14,128,1.14062,0.917969,0,0,0,0,0,0.814418,0.865411
8000,k_layernorm,15,128,1.24219,1.0625,0,0,0,0,0,0.869623,0.947799
8000,k_layernorm,16,128,1.14844,0.835938,0,0,0,0,0,0.765578,0.823469
8000,k_layernorm,17,128,1.33594,1.125,0,0,0,0,0,0.847953,0.920468
8000,k_layernorm,18,128,1.28125,0.871094,0,0,0,0,0,0.698994,0.790854
8000,k_layernorm,19,128,1.39844,1.0625,0,0,0,0,0,0.77486,0.877095
8000,k_layernorm,20,128,1.25781,0.800781,0,0,0,0,0,0.656118,0.720807
8000,k_layernorm,21,128,1.33594,0.777344,0,0,0,0,0,0.603129,0.675146
8000,k_layernorm,22,128,1.39844,0.691406,0,0.015625,0,0,0,0.501732,0.682402
8000,k_layernorm,23,128,1.375,1.03125,0,0,0,0,0,0.764432,0.880682
8000,k_layernorm,24,128,1.29688,1.04688,0,0,0,0,0,0.810482,0.915663
8000,k_layernorm,25,128,1.29688,0.765625,0,0,0,0,0,0.622922,0.724096
8000,k_layernorm,26,128,1.3125,0.757812,0,0,0,0,0,0.578185,0.597321
8000,k_layernorm,27,128,1.32812,0.789062,0,0,0,0,0,0.618118,0.768824
8000,k_layernorm,28,128,1.28906,0.734375,0,0,0,0,0,0.569697,0.593939
8000,k_layernorm,29,128,1.34375,0.730469,0,0,0,0,0,0.574244,0.610465
8000,k_layernorm,30,128,1.34375,0.871094,0,0,0,0,0,0.672209,0.823837
8000,k_layernorm,31,128,1.21094,0.761719,0,0,0,0,0,0.640452,0.654839
8000,k_layernorm,32,128,1.28906,0.808594,0,0,0,0,0,0.654545,0.76
8000,k_layernorm,33,128,1.26562,0.757812,0,0,0,0,0,0.608858,0.623457
8000,k_layernorm,34,128,1.28125,0.75,0,0,0,0,0,0.587012,0.618902
8000,k_layernorm,35,128,1.27344,0.816406,0,0,0,0,0,0.652791,0.741411
8000,k_layernorm,36,128,1.23438,0.796875,0,0,0,0,0,0.648734,0.669937
8000,k_layernorm,37,128,1.11719,0.804688,0,0,0,0,0,0.721224,0.736713
8000,k_layernorm,38,128,1.23438,0.957031,0,0,0,0,0,0.787373,0.903165
8000,k_layernorm,39,128,1.13281,0.816406,0,0,0,0,0,0.727586,0.736897
8000,k_layernorm,40,128,1.17188,0.800781,0,0,0,0,0,0.684233,0.703333
8000,k_layernorm,41,128,1.14062,0.816406,0,0,0,0,0,0.719178,0.726027
8000,k_layernorm,42,128,1.11719,0.8125,0,0,0,0,0,0.728217,0.744755
8000,k_layernorm,43,128,1.13281,0.820312,0,0,0,0,0,0.724138,0.737931
8000,k_layernorm,44,128,1.13281,0.808594,0,0,0,0,0,0.714724,0.727586
8000,k_layernorm,45,128,1.21875,0.761719,0,0,0,0,0,0.626731,0.646474
8000,k_layernorm,46,128,1.1875,0.6875,0,0,0,0,0,0.609441,0.664145
8000,k_layernorm,47,128,1.15625,0.78125,0,0,0,0,0,0.676588,0.695946
8000,k_layernorm,48,128,1.25781,0.734375,0,0,0,0,0,0.592826,0.69472
8000,k_layernorm,49,128,1.17969,0.621094,0,0,0,0,0,0.54394,0.632781
8000,k_layernorm,50,128,1.17188,0.832031,0,0,0,0,0,0.713333,0.852333
8000,k_layernorm,51,128,1.25,0.785156,0,0,0,0,0,0.657937,0.742812
8000,k_layernorm,52,128,1.21875,0.847656,0,0,0,0,0,0.730769,0.83141
8000,k_layernorm,53,128,1.26562,0.710938,0,0,0,0,0,0.570988,0.665741
8000,k_layernorm,54,128,1.21875,0.730469,0,0,0,0,0,0.602564,0.638462
8000,k_layernorm,55,128,1.23438,1.08594,0,0,0,0,0,0.888291,0.93038
8000,k_layernorm,56,128,1.22656,0.90625,0,0,0,0,0,0.867962,0.940764
8000,k_layernorm,57,128,1.21094,0.742188,0,0,0,0,0,0.724742,0.914194
8000,k_layernorm,58,128,1.21875,1.08594,0,0,0,0,0,0.897436,0.923077
8000,k_layernorm,59,128,1.23438,1.10938,0,0,0,0,0,0.91943,0.949367
8000,k_layernorm,60,128,1.15625,1.01562,0,0,0,0,0,0.886959,0.945946
8000,k_layernorm,61,128,1.14062,1.04688,0,0,0,0,0,0.917808,0.945205
8000,k_layernorm,62,128,1.125,1.03906,0,0,0,0,0,0.930556,0.958333
8000,k_layernorm,63,128,1.07812,0.945312,0,0,0,0,0,0.901485,0.956522
8000,final_layernorm,-1,5120,1.375,1.07812,0,0,0,0,0,0.846591,0.920455
12000,linear_qkv,0,5120,0.847656,0.773438,0,0,0,0,0,0.940092,0.963134
12000,linear_qkv,1,5120,0.875,0.8125,0,0,0,0,0,0.959821,0.977679
12000,linear_qkv,2,5120,0.960938,0.785156,0,0,0,0,0,0.95122,0.971545
12000,linear_qkv,3,5120,1.00781,0.859375,0,0,0,0,0,0.945736,0.972868
12000,linear_qkv,4,5120,1,0.820312,0,0,0,0,0,0.957031,0.976562
12000,linear_qkv,5,5120,1.05469,0.855469,0,0,0,0,0,0.948148,0.97037
12000,linear_qkv,6,5120,1.09375,0.90625,0,0,0,0,0,0.928571,0.964286
12000,linear_qkv,7,5120,1.11719,0.921875,0,0,0,0,0,0.93007,0.965035
12000,linear_qkv,8,5120,1.07812,0.816406,0,0,0,0,0,0.927536,0.963768
12000,linear_qkv,9,5120,0.976562,0.796875,0,0,0,0,0,0.956,0.976
12000,linear_qkv,10,5120,1.00781,0.835938,0,0,0,0,0,0.957364,0.98062
12000,linear_qkv,11,5120,0.996094,0.753906,0,0,0,0,0,0.952941,0.976471
12000,linear_qkv,12,5120,0.972656,0.789062,0,0,0,0,0,0.955823,0.975904
12000,linear_qkv,13,5120,0.964844,0.757812,0,0,0,0,0,0.955466,0.975709
12000,linear_qkv,14,5120,0.914062,0.773438,0,0,0,0,0,0.957265,0.978632
12000,linear_qkv,15,5120,0.984375,0.796875,0,0,0,0,0,0.956349,0.97619
12000,linear_qkv,16,5120,0.945312,0.832031,0,0,0,0,0,0.96281,0.979339
12000,linear_qkv,17,5120,1.09375,0.910156,0,0,0,0,0,0.942857,0.971429
12000,linear_qkv,18,5120,1,0.847656,0,0,0,0,0,0.953125,0.972656
12000,linear_qkv,19,5120,1.07812,0.894531,0,0,0,0,0,0.949275,0.971014
12000,linear_qkv,20,5120,0.976562,0.839844,0,0,0,0,0,0.96,0.976
12000,linear_qkv,21,5120,0.992188,0.878906,0,0,0,0,0,0.96063,0.980315
12000,linear_qkv,22,5120,1.13281,1.00781,0,0,0,0,0,0.931034,0.965517
12000,linear_qkv,23,5120,1.11719,0.984375,0,0,0,0,0,0.944056,0.965035
12000,linear_qkv,24,5120,1.07812,0.96875,0,0,0,0,0,0.949275,0.971014
12000,linear_qkv,25,5120,1.04688,0.910156,0,0,0,0,0,0.947761,0.970149
12000,linear_qkv,26,5120,1.00781,0.882812,0,0,0,0,0,0.953488,0.972868
12000,linear_qkv,27,5120,1.11719,1,0,0,0,0,0,0.944056,0.972028
12000,linear_qkv,28,5120,1.03125,0.90625,0,0,0,0,0,0.950758,0.969697
12000,linear_qkv,29,5120,1.05469,0.957031,0,0,0,0,0,0.955556,0.977778
12000,linear_qkv,30,5120,1.07812,0.925781,0,0,0,0,0,0.949275,0.971014
12000,linear_qkv,31,5120,0.953125,0.890625,0,0,0,0,0,0.963115,0.979508
12000,linear_qkv,32,5120,0.988281,0.902344,0,0,0,0,0,0.956522,0.976285
12000,linear_qkv,33,5120,0.972656,0.878906,0,0,0,0,0,0.955823,0.975904
12000,linear_qkv,34,5120,1.01562,0.90625,0,0,0,0,0,0.957692,0.976923
12000,linear_qkv,35,5120,0.984375,0.890625,0,0,0,0,0,0.956349,0.97619
12000,linear_qkv,36,5120,0.9375,0.851562,0,0,0,0,0,0.958333,0.979167
12000,linear_qkv,37,5120,0.894531,0.820312,0,0,0,0,0,0.956332,0.973799
12000,linear_qkv,38,5120,0.953125,0.863281,0,0,0,0,0,0.955697,0.979508
12000,linear_qkv,39,5120,0.894531,0.808594,0,0,0,0,0,0.956332,0.973799
12000,linear_qkv,40,5120,0.914062,0.808594,0,0,0,0,0,0.957265,0.978632
12000,linear_qkv,41,5120,0.898438,0.777344,0,0,0,0,0,0.956522,0.978261
12000,linear_qkv,42,5120,0.894531,0.796875,0,0,0,0,0,0.956332,0.973799
12000,linear_qkv,43,5120,0.898438,0.804688,0,0,0,0,0,0.956522,0.978261
12000,linear_qkv,44,5120,0.90625,0.804688,0,0,0,0,0,0.952586,0.974138
12000,linear_qkv,45,5120,0.953125,0.8125,0,0,0,0,0,0.954918,0.979508
12000,linear_qkv,46,5120,0.96875,0.800781,0,0,0,0,0,0.951613,0.975806
12000,linear_qkv,47,5120,0.941406,0.820312,0,0,0,0,0,0.954357,0.975104
12000,linear_qkv,48,5120,1.01562,0.851562,0,0,0,0,0,0.942308,0.976923
12000,linear_qkv,49,5120,1.02344,0.855469,0,0,0,0,0,0.923664,0.969466
12000,linear_qkv,50,5120,0.953125,0.832031,0,0,0,0,0,0.951598,0.97541
12000,linear_qkv,51,5120,0.976562,0.8125,0,0,0,0,0,0.944,0.976
12000,linear_qkv,52,5120,0.953125,0.835938,0,0,0,0,0,0.954918,0.979508
12000,linear_qkv,53,5120,1.03125,0.84375,0,0,0,0,0,0.901515,0.969697
12000,linear_qkv,54,5120,1,0.8125,0,0,0,0,0,0.917969,0.972656
12000,linear_qkv,55,5120,1.03906,0.867188,0,0,0,0,0,0.917293,0.969925
12000,linear_qkv,56,5120,1.00781,0.835938,0,0,0,0,0,0.918605,0.976744
12000,linear_qkv,57,5120,1.04688,0.832031,0,0,0,0,0,0.873134,0.962687
12000,linear_qkv,58,5120,1.04688,0.867188,0,0,0,0,0,0.899254,0.970149
12000,linear_qkv,59,5120,1.03906,0.832031,0,0,0,0,0,0.898496,0.969925
12000,linear_qkv,60,5120,1,0.871094,0,0,0,0,0,0.921875,0.976562
12000,linear_qkv,61,5120,1.01562,0.828125,0,0,0,0,0,0.907692,0.969231
12000,linear_qkv,62,5120,0.992188,0.863281,0,0,0,0,0,0.948819,0.980315
12000,linear_qkv,63,5120,0.980469,0.902344,0,0,0,0,0,0.964143,0.984064
12000,linear_fc1,0,5120,0.859375,0.400391,0,0.000390625,0,0,0,0.8645,0.954545
12000,linear_fc1,1,5120,0.902344,0.318359,0,0.00078125,0,0,0,0.840649,0.95671
12000,linear_fc1,2,5120,0.890625,0.296875,0,0.00078125,0,0,0,0.89557,0.969298
12000,linear_fc1,3,5120,0.832031,0.423828,0,0,0,0,0,0.929577,0.971831
12000,linear_fc1,4,5120,0.816406,0.458984,0,0,0,0,0,0.933014,0.971292
12000,linear_fc1,5,5120,0.753906,0.445312,0,0,0,0,0,0.937824,0.968912
12000,linear_fc1,6,5120,0.714844,0.390625,0,0,0,0,0,0.934426,0.961749
12000,linear_fc1,7,5120,0.714844,0.353516,0,0.000195313,0,0,0,0.939891,0.967213
12000,linear_fc1,8,5120,0.726562,0.316406,0,0.000195313,0,0,0,0.946237,0.973118
12000,linear_fc1,9,5120,0.75,0.328125,0,0.000195313,0,0,0,0.942708,0.96875
12000,linear_fc1,10,5120,0.753906,0.318359,0,0.000195313,0,0,0,0.948187,0.974093
12000,linear_fc1,11,5120,0.765625,0.306641,0,0.000195313,0,0,0,0.94898,0.97449
12000,linear_fc1,12,5120,0.777344,0.349609,0,0.000195313,0,0,0,0.954774,0.974874
12000,linear_fc1,13,5120,0.792969,0.353516,0,0.000195313,0,0,0,0.950739,0.975369
12000,linear_fc1,14,5120,0.800781,0.355469,0,0.000195313,0,0,0,0.956098,0.97561
12000,linear_fc1,15,5120,0.808594,0.392578,0,0.000195313,0,0,0,0.951691,0.975845
12000,linear_fc1,16,5120,0.808594,0.435547,0,0,0,0,0,0.951691,0.975845
12000,linear_fc1,17,5120,0.804688,0.445312,0,0,0,0,0,0.951456,0.975728
12000,linear_fc1,18,5120,0.8125,0.482422,0,0,0,0,0,0.951923,0.975962
12000,linear_fc1,19,5120,0.828125,0.470703,0,0,0,0,0,0.948113,0.971698
12000,linear_fc1,20,5120,0.835938,0.515625,0,0,0,0,0,0.953271,0.976636
12000,linear_fc1,21,5120,0.847656,0.589844,0,0,0,0,0,0.953917,0.976959
12000,linear_fc1,22,5120,0.859375,0.625,0,0,0,0,0,0.954545,0.977273
12000,linear_fc1,23,5120,0.867188,0.644531,0,0,0,0,0,0.954955,0.977477
12000,linear_fc1,24,5120,0.878906,0.6875,0,0,0,0,0,0.955556,0.977778
12000,linear_fc1,25,5120,0.890625,0.722656,0,0,0,0,0,0.95614,0.97807
12000,linear_fc1,26,5120,0.902344,0.742188,0,0,0,0,0,0.95671,0.978355
12000,linear_fc1,27,5120,0.914062,0.757812,0,0,0,0,0,0.957265,0.978632
12000,linear_fc1,28,5120,0.925781,0.789062,0,0,0,0,0,0.957806,0.978903
12000,linear_fc1,29,5120,0.9375,0.808594,0,0,0,0,0,0.958333,0.979167
12000,linear_fc1,30,5120,0.945312,0.804688,0,0,0,0,0,0.958678,0.979339
12000,linear_fc1,31,5120,0.957031,0.789062,0,0,0,0,0,0.959184,0.979592
12000,linear_fc1,32,5120,0.964844,0.773438,0,0,0,0,0,0.956235,0.979757
12000,linear_fc1,33,5120,0.972656,0.738281,0,0,0,0,0,0.959839,0.97992
12000,linear_fc1,34,5120,0.980469,0.757812,0,0,0,0,0,0.960159,0.98008
12000,linear_fc1,35,5120,0.988281,0.738281,0,0,0,0,0,0.956522,0.98419
12000,linear_fc1,36,5120,0.996094,0.730469,0,0,0,0,0,0.960784,0.980392
12000,linear_fc1,37,5120,1.00781,0.691406,0,0,0,0,0,0.953488,0.98062
12000,linear_fc1,38,5120,1.01562,0.691406,0,0,0,0,0,0.95,0.980769
12000,linear_fc1,39,5120,1.02344,0.640625,0,0,0,0,0,0.950382,0.977099
12000,linear_fc1,40,5120,1.03125,0.644531,0,0,0,0,0,0.939394,0.977273
12000,linear_fc1,41,5120,1.03906,0.605469,0,0,0,0,0,0.93985,0.977444
12000,linear_fc1,42,5120,1.04688,0.613281,0,0,0,0,0,0.936567,0.977612
12000,linear_fc1,43,5120,1.05469,0.589844,0,0,0,0,0,0.925926,0.977778
12000,linear_fc1,44,5120,1.0625,0.601562,0,0,0,0,0,0.91614,0.977941
12000,linear_fc1,45,5120,1.07031,0.617188,0,0,0,0,0,0.909453,0.978102
12000,linear_fc1,46,5120,1.07812,0.597656,0,0,0,0,0,0.89337,0.978261
12000,linear_fc1,47,5120,1.08594,0.628906,0,0,0,0,0,0.879065,0.978417
12000,linear_fc1,48,5120,1.09375,0.625,0,0,0,0,0,0.868536,0.971429
12000,linear_fc1,49,5120,1.10156,0.636719,0,0,0,0,0,0.86305,0.978723
12000,linear_fc1,50,5120,1.10938,0.644531,0,0,0,0,0,0.845739,0.971831
12000,linear_fc1,51,5120,1.11719,0.625,0,0,0,0,0,0.839825,0.972028
12000,linear_fc1,52,5120,1.125,0.632812,0,0,0,0,0,0.827049,0.972222
12000,linear_fc1,53,5120,1.13281,0.65625,0,0,0,0,0,0.821345,0.965517
12000,linear_fc1,54,5120,1.14062,0.664062,0,0,0,0,0,0.811644,0.965753
12000,linear_fc1,55,5120,1.14062,0.6875,0,0,0,0,0,0.812295,0.972603
12000,linear_fc1,56,5120,1.14844,0.714844,0,0,0,0,0,0.812925,0.965986
12000,linear_fc1,57,5120,1.15625,0.75,0,0,0,0,0,0.820946,0.966216
12000,linear_fc1,58,5120,1.16406,0.777344,0,0,0,0,0,0.83557,0.959732
12000,linear_fc1,59,5120,1.16406,0.824219,0,0,0,0,0,0.845638,0.959732
12000,linear_fc1,60,5120,1.15625,0.863281,0,0,0,0,0,0.866149,0.966216
12000,linear_fc1,61,5120,1.14062,0.902344,0,0,0,0,0,0.890411,0.965753
12000,linear_fc1,62,5120,1.09375,0.9375,0,0,0,0,0,0.921429,0.971429
12000,linear_fc1,63,5120,1.03125,0.941406,0,0,0,0,0,0.965909,0.984848
12000,q_layernorm,0,128,1.01562,0.597656,0,0,0,0,0,0.624923,0.801538
12000,q_layernorm,1,128,1.29688,1.11719,0,0,0,0,0,0.89759,0.927711
12000,q_layernorm,2,128,1.35156,1.17969,0,0,0,0,0,0.895954,0.930636
12000,q_layernorm,3,128,1.45312,1.21875,0,0,0,0,0,0.83871,0.874731
12000,q_layernorm,4,128,1.39844,1.1875,0,0,0,0,0,0.85067,0.893855
12000,q_layernorm,5,128,1.375,1.19531,0,0,0,0,0,0.878068,0.924432
12000,q_layernorm,6,128,1.53906,1.14844,0,0,0,0,0,0.761827,0.832487
12000,q_layernorm,7,128,1.5,0.167969,0,0.0390625,0.0234375,0,0,0.174368,0.877604
12000,q_layernorm,8,128,1.46094,1.01562,0,0,0,0,0,0.747647,0.841711
12000,q_layernorm,9,128,1.40625,1.09375,0,0,0,0,0,0.812611,0.887222
12000,q_layernorm,10,128,1.4375,1.21094,0,0,0,0,0,0.852228,0.902174
12000,q_layernorm,11,128,1.46094,1.15625,0,0,0,0,0,0.807487,0.870053
12000,q_layernorm,12,128,1.36719,1.13281,0,0,0,0,0,0.835829,0.92
12000,q_layernorm,13,128,1.35938,0.84375,0,0,0,0,0,0.646609,0.843103
12000,q_layernorm,14,128,1.24219,0.980469,0,0,0,0,0,0.795252,0.878616
12000,q_layernorm,15,128,1.39844,1.11719,0,0,0,0,0,0.837989,0.920112
12000,q_layernorm,16,128,1.24219,0.902344,0,0,0,0,0,0.77783,0.866038
12000,q_layernorm,17,128,1.46094,1.15625,0,0,0,0,0,0.796791,0.870053
12000,q_layernorm,18,128,1.46094,0.765625,0,0,0,0,0,0.562941,0.752406
12000,q_layernorm,19,128,1.53906,1.07031,0,0,0,0,0,0.700508,0.785787
12000,q_layernorm,20,128,1.39844,0.65625,0,0.0078125,0,0,0,0.516899,0.722905
12000,q_layernorm,21,128,1.44531,0.527344,0,0.03125,0,0,0,0.440595,0.606486
12000,q_layernorm,22,128,1.55469,0.181641,0,0.078125,0.046875,0,0,0.158455,0.589698
12000,q_layernorm,23,128,1.50781,1.03906,0,0,0,0,0,0.742746,0.829016
12000,q_layernorm,24,128,1.44531,0.984375,0,0,0,0,0,0.731622,0.863243
12000,q_layernorm,25,128,1.46094,0.443359,0,0.078125,0,0,0,0.335922,0.657754
12000,q_layernorm,26,128,1.45312,0.498047,0,0.140625,0,0,0,0.344812,0.411559
12000,q_layernorm,27,128,1.50781,0.318359,0,0.046875,0.015625,0,0,0.230518,0.665285
12000,q_layernorm,28,128,1.41406,0.5,0,0.171875,0,0,0,0.358591,0.416298
12000,q_layernorm,29,128,1.49219,0.451172,0,0.09375,0,0,0,0.33712,0.501832
12000,q_layernorm,30,128,1.46875,0.808594,0,0,0,0,0,0.592207,0.730851
12000,q_layernorm,31,128,1.34375,0.660156,0,0.015625,0,0,0,0.499448,0.548547
12000,q_layernorm,32,128,1.42188,0.730469,0,0,0,0,0,0.521456,0.815934
12000,q_layernorm,33,128,1.36719,0.585938,0,0.15625,0,0,0,0.4366,0.466
12000,q_layernorm,34,128,1.40625,0.597656,0,0.078125,0,0,0,0.438361,0.515833
12000,q_layernorm,35,128,1.42188,0.816406,0,0,0,0,0,0.590357,0.768132
12000,q_layernorm,36,128,1.34375,0.675781,0,0,0,0,0,0.516105,0.599128
12000,q_layernorm,37,128,1.19531,0.722656,0,0,0,0,0,0.607843,0.624183
12000,q_layernorm,38,128,1.35938,1.11719,0,0,0,0,0,0.848391,0.942529
12000,q_layernorm,39,128,1.21094,0.738281,0,0,0,0,0,0.616129,0.64129
12000,q_layernorm,40,128,1.28125,0.683594,0,0,0,0,0,0.536585,0.564024
12000,q_layernorm,41,128,1.23438,0.710938,0,0,0,0,0,0.576804,0.604747
12000,q_layernorm,42,128,1.17969,0.71875,0,0,0,0,0,0.61106,0.631457
12000,q_layernorm,43,128,1.21094,0.71875,0,0,0,0,0,0.599387,0.622581
12000,q_layernorm,44,128,1.21875,0.691406,0,0,0,0,0,0.577788,0.595192
12000,q_layernorm,45,128,1.30469,0.601562,0,0.109375,0,0,0,0.47006,0.496108
12000,q_layernorm,46,128,1.28906,0.511719,0,0.078125,0,0,0,0.42997,0.528485
12000,q_layernorm,47,128,1.25,0.628906,0,0,0,0,0,0.510219,0.546875
12000,q_layernorm,48,128,1.35156,0.546875,0,0.0625,0,0,0,0.448988,0.61185
12000,q_layernorm,49,128,1.27344,0.367188,0,0.117188,0,0,0,0.306871,0.421166
12000,q_layernorm,50,128,1.28125,0.75,0,0,0,0,0,0.616677,0.842683
12000,q_layernorm,51,128,1.35156,0.65625,0,0.0078125,0,0,0,0.564046,0.706358
12000,q_layernorm,52,128,1.32031,0.78125,0,0,0,0,0,0.64503,0.792899
12000,q_layernorm,53,128,1.36719,0.482422,0,0.0859375,0,0,0,0.356986,0.551714
12000,q_layernorm,54,128,1.3125,0.507812,0,0.117188,0,0,0,0.396637,0.480952
12000,q_layernorm,55,128,1.33594,1.13281,0,0,0,0,0,0.874503,0.916374
12000,q_layernorm,56,128,1.32031,1.0625,0,0,0,0,0,0.813846,0.928994
12000,q_layernorm,57,128,1.3125,0.652344,0,0.0078125,0,0,0,0.575119,0.849405
12000,q_layernorm,58,128,1.35156,1.15625,0,0,0,0,0,0.862832,0.895954
12000,q_layernorm,59,128,1.34375,1.16406,0,0,0,0,0,0.873663,0.928488
12000,q_layernorm,60,128,1.28125,1.07812,0,0,0,0,0,0.846402,0.926829
12000,q_layernorm,61,128,1.24219,1.02344,0,0,0,0,0,0.858742,0.893082
12000,q_layernorm,62,128,1.21094,1.07031,0,0,0,0,0,0.887355,0.929032
12000,q_layernorm,63,128,1.11719,0.964844,0,0,0,0,0,0.903986,0.944056
12000,k_layernorm,0,128,1.03125,0.640625,0,0,0,0,0,0.659394,0.780303
12000,k_layernorm,1,128,1.28125,1.11719,0,0,0,0,0,0.895183,0.939024
12000,k_layernorm,2,128,1.34375,1.14844,0,0,0,0,0,0.885291,0.934302
12000,k_layernorm,3,128,1.45312,1.11719,0,0,0,0,0,0.80543,0.869355
12000,k_layernorm,4,128,1.39062,1.13281,0,0,0,0,0,0.81764,0.893258
12000,k_layernorm,5,128,1.375,1.15625,0,0,0,0,0,0.851193,0.913068
12000,k_layernorm,6,128,1.53125,1.07031,0,0,0,0,0,0.738265,0.835204
12000,k_layernorm,7,128,1.5,0.0800781,0,0.046875,0.0234375,0.0078125,0,0.168509,0.830729
12000,k_layernorm,8,128,1.44531,1,0,0,0,0,0,0.731189,0.856216
12000,k_layernorm,9,128,1.39844,0.90625,0,0,0,0,0,0.710251,0.864246
12000,k_layernorm,10,128,1.42188,1.10938,0,0,0,0,0,0.781703,0.873626
12000,k_layernorm,11,128,1.44531,0.988281,0,0,0,0,0,0.725784,0.84
12000,k_layernorm,12,128,1.34375,1.14062,0,0,0,0,0,0.857791,0.928488
12000,k_layernorm,13,128,1.35938,0.769531,0,0,0,0,0,0.634971,0.833333
12000,k_layernorm,14,128,1.24219,0.90625,0,0,0,0,0,0.765503,0.874214
12000,k_layernorm,15,128,1.39062,1.08594,0,0,0,0,0,0.798202,0.897191
12000,k_layernorm,16,128,1.23438,0.832031,0,0,0,0,0,0.678924,0.884177
12000,k_layernorm,17,128,1.44531,1.125,0,0,0,0,0,0.790649,0.89027
12000,k_layernorm,18,128,1.45312,0.710938,0,0.0078125,0,0,0,0.549839,0.708602
12000,k_layernorm,19,128,1.50781,0.859375,0,0,0,0,0,0.629041,0.779275
12000,k_layernorm,20,128,1.375,0.660156,0,0.0078125,0,0,0,0.545455,0.696591
12000,k_layernorm,21,128,1.42969,0.416016,0,0.0390625,0,0,0,0.464918,0.603005
12000,k_layernorm,22,128,1.53906,0.22168,0,0.101562,0.03125,0,0,0.160343,0.593655
12000,k_layernorm,23,128,1.49219,0.980469,0,0,0,0,0,0.663717,0.837696
12000,k_layernorm,24,128,1.39844,0.800781,0,0,0,0,0,0.730782,0.877095
12000,k_layernorm,25,128,1.4375,0.453125,0,0.0703125,0,0,0,0.330897,0.556793
12000,k_layernorm,26,128,1.44531,0.515625,0,0.15625,0,0,0,0.369027,0.42
12000,k_layernorm,27,128,1.45312,0.314453,0,0.0703125,0.015625,0,0,0.24789,0.612366
12000,k_layernorm,28,128,1.40625,0.482422,0,0.179688,0,0,0,0.355292,0.429722
12000,k_layernorm,29,128,1.48438,0.492188,0,0.132812,0,0,0,0.352763,0.480789
12000,k_layernorm,30,128,1.45312,0.613281,0,0.0234375,0,0,0,0.46578,0.709677
12000,k_layernorm,31,128,1.32812,0.640625,0,0.015625,0,0,0,0.497853,0.563824
12000,k_layernorm,32,128,1.40625,0.671875,0,0.0078125,0,0,0,0.528528,0.718889
12000,k_layernorm,33,128,1.36719,0.574219,0,0.148438,0,0,0,0.4444,0.464857
12000,k_layernorm,34,128,1.39844,0.550781,0,0.109375,0,0,0,0.411592,0.481564
12000,k_layernorm,35,128,1.42188,0.609375,0,0.015625,0,0,0,0.460632,0.651374
12000,k_layernorm,36,128,1.35156,0.65625,0,0.0078125,0,0,0,0.506561,0.563584
12000,k_layernorm,37,128,1.1875,0.722656,0,0,0,0,0,0.610329,0.631579
12000,k_layernorm,38,128,1.34375,0.957031,0,0,0,0,0,0.734041,0.905233
12000,k_layernorm,39,128,1.20312,0.742188,0,0,0,0,0,0.623377,0.650649
12000,k_layernorm,40,128,1.26562,0.695312,0,0,0,0,0,0.551049,0.573148
12000,k_layernorm,41,128,1.23438,0.710938,0,0,0,0,0,0.584842,0.606646
12000,k_layernorm,42,128,1.15625,0.726562,0,0,0,0,0,0.635135,0.651014
12000,k_layernorm,43,128,1.20312,0.730469,0,0,0,0,0,0.616883,0.633117
12000,k_layernorm,44,128,1.19531,0.707031,0,0,0,0,0,0.594771,0.611111
12000,k_layernorm,45,128,1.29688,0.597656,0,0.078125,0,0,0,0.467681,0.503012
12000,k_layernorm,46,128,1.28125,0.539062,0,0.0703125,0,0,0,0.427652,0.529573
12000,k_layernorm,47,128,1.21875,0.640625,0,0,0,0,0,0.536122,0.570513
12000,k_layernorm,48,128,1.35938,0.46875,0,0.0703125,0,0,0,0.391264,0.567241
12000,k_layernorm,49,128,1.25781,0.333984,0,0.117188,0,0,0,0.305606,0.447516
12000,k_layernorm,50,128,1.26562,0.746094,0,0,0,0,0,0.606512,0.807407
12000,k_layernorm,51,128,1.34375,0.503906,0,0.0234375,0,0,0,0.491279,0.627907
12000,k_layernorm,52,128,1.30469,0.707031,0,0,0,0,0,0.576467,0.765569
12000,k_layernorm,53,128,1.35938,0.482422,0,0.0859375,0,0,0,0.373563,0.55977
12000,k_layernorm,54,128,1.30469,0.503906,0,0.109375,0,0,0,0.404431,0.488024
12000,k_layernorm,55,128,1.33594,0.894531,0,0,0,0,0,0.697865,0.897076
12000,k_layernorm,56,128,1.30469,0.730469,0,0,0,0,0,0.78006,0.908383
12000,k_layernorm,57,128,1.30469,0.494141,0,0.015625,0,0,0,0.512844,0.850898
12000,k_layernorm,58,128,1.32812,1.14062,0,0,0,0,0,0.870588,0.904118
12000,k_layernorm,59,128,1.33594,1.15625,0,0,0,0,0,0.867076,0.935673
12000,k_layernorm,60,128,1.25781,0.984375,0,0,0,0,0,0.796708,0.89441
12000,k_layernorm,61,128,1.21875,1.05469,0,0,0,0,0,0.884615,0.923077
12000,k_layernorm,62,128,1.19531,1.0625,0,0,0,0,0,0.890654,0.928105
12000,k_layernorm,63,128,1.11719,0.964844,0,0,0,0,0,0.870629,0.944056
12000,final_layernorm,-1,5120,1.54688,1.17969,0,0,0,0,0,0.873737,0.939394
16000,linear_qkv,0,5120,0.742188,0.644531,0,0,0,0,0,0.910526,0.947368
16000,linear_qkv,1,5120,0.8125,0.667969,0,0,0,0,0,0.942308,0.966346
16000,linear_qkv,2,5120,0.929688,0.574219,0,0,0,0,0,0.928571,0.962185
16000,linear_qkv,3,5120,0.988281,0.730469,0,0,0,0,0,0.928854,0.964427
16000,linear_qkv,4,5120,0.988281,0.652344,0,0,0,0,0,0.933557,0.964427
16000,linear_qkv,5,5120,1.05469,0.695312,0,0,0,0,0,0.92963,0.962963
16000,linear_qkv,6,5120,1.10156,0.800781,0,0,0,0,0,0.914894,0.957447
16000,linear_qkv,7,5120,1.14062,0.851562,0,0,0,0,0,0.917808,0.958904
16000,linear_qkv,8,5120,1.10938,0.683594,0,0,0,0,0,0.908451,0.957746
16000,linear_qkv,9,5120,0.996094,0.679688,0,0,0,0,0,0.933333,0.968627
16000,linear_qkv,10,5120,1.03906,0.714844,0,0,0,0,0,0.932331,0.962406
16000,linear_qkv,11,5120,1.03906,0.632812,0,0,0,0,0,0.918008,0.962406
16000,linear_qkv,12,5120,0.996094,0.6875,0,0,0,0,0,0.937255,0.968627
16000,linear_qkv,13,5120,0.980469,0.632812,0,0,0,0,0,0.944223,0.972112
16000,linear_qkv,14,5120,0.925781,0.660156,0,0,0,0,0,0.94173,0.970464
16000,linear_qkv,15,5120,1.02344,0.691406,0,0,0,0,0,0.935115,0.965649
16000,linear_qkv,16,5120,0.964844,0.722656,0,0,0,0,0,0.955466,0.975709
16000,linear_qkv,17,5120,1.14844,0.792969,0,0,0,0,0,0.931973,0.965986
16000,linear_qkv,18,5120,1.04688,0.726562,0,0,0,0,0,0.932836,0.962687
16000,linear_qkv,19,5120,1.14062,0.761719,0,0,0,0,0,0.931507,0.965753
16000,linear_qkv,20,5120,1.01562,0.699219,0,0,0,0,0,0.938462,0.965385
16000,linear_qkv,21,5120,1.01562,0.757812,0,0,0,0,0,0.946154,0.969231
16000,linear_qkv,22,5120,1.19531,0.894531,0,0,0,0,0,0.92281,0.960784
16000,linear_qkv,23,5120,1.17969,0.832031,0,0,0,0,0,0.933775,0.966887
16000,linear_qkv,24,5120,1.13281,0.800781,0,0,0,0,0,0.931034,0.965517
16000,linear_qkv,25,5120,1.08594,0.722656,0,0,0,0,0,0.928058,0.964029
16000,linear_qkv,26,5120,1.03906,0.683594,0,0,0,0,0,0.93985,0.969925
16000,linear_qkv,27,5120,1.1875,0.800781,0,0,0,0,0,0.921053,0.960526
16000,linear_qkv,28,5120,1.07812,0.777344,0,0,0,0,0,0.923913,0.963768
16000,linear_qkv,29,5120,1.11719,0.757812,0,0,0,0,0,0.923077,0.958042
16000,linear_qkv,30,5120,1.14844,0.753906,0,0,0,0,0,0.92517,0.965986
16000,linear_qkv,31,5120,0.96875,0.722656,0,0,0,0,0,0.943548,0.971774
16000,linear_qkv,32,5120,1.01562,0.714844,0,0,0,0,0,0.942308,0.969231
16000,linear_qkv,33,5120,0.996094,0.675781,0,0,0,0,0,0.937255,0.968627
16000,linear_qkv,34,5120,1.0625,0.71875,0,0,0,0,0,0.933824,0.963235
16000,linear_qkv,35,5120,1.01562,0.691406,0,0,0,0,0,0.942308,0.973077
16000,linear_qkv,36,5120,0.9375,0.632812,0,0,0,0,0,0.941667,0.970833
16000,linear_qkv,37,5120,0.855469,0.621094,0,0,0,0,0,0.940639,0.968037
16000,linear_qkv,38,5120,0.953125,0.714844,0,0,0,0,0,0.942623,0.971311
16000,linear_qkv,39,5120,0.859375,0.636719,0,0,0,0,0,0.940909,0.968182
16000,linear_qkv,40,5120,0.894531,0.625,0,0,0,0,0,0.938865,0.969432
16000,linear_qkv,41,5120,0.871094,0.601562,0,0,0,0,0,0.941704,0.96861
16000,linear_qkv,42,5120,0.859375,0.628906,0,0,0,0,0,0.936364,0.968182
16000,linear_qkv,43,5120,0.867188,0.625,0,0,0,0,0,0.941441,0.968468
16000,linear_qkv,44,5120,0.882812,0.632812,0,0,0,0,0,0.942478,0.969027
16000,linear_qkv,45,5120,0.953125,0.675781,0,0,0,0,0,0.92623,0.967213
16000,linear_qkv,46,5120,0.972656,0.671875,0,0,0,0,0,0.924458,0.967871
16000,linear_qkv,47,5120,0.929688,0.699219,0,0,0,0,0,0.936975,0.970588
16000,linear_qkv,48,5120,1.03906,0.714844,0,0,0,0,0,0.898496,0.969925
16000,linear_qkv,49,5120,1.03906,0.726562,0,0,0,0,0,0.887218,0.962406
16000,linear_qkv,50,5120,0.953125,0.710938,0,0,0,0,0,0.930328,0.971311
16000,linear_qkv,51,5120,0.992188,0.671875,0,0,0,0,0,0.893701,0.968504
16000,linear_qkv,52,5120,0.960938,0.714844,0,0,0,0,0,0.930894,0.971545
16000,linear_qkv,53,5120,1.0625,0.71875,0,0,0,0,0,0.827206,0.963235
16000,linear_qkv,54,5120,1.01562,0.714844,0,0,0,0,0,0.857692,0.969231
16000,linear_qkv,55,5120,1.07812,0.796875,0,0,0,0,0,0.858696,0.956522
16000,linear_qkv,56,5120,1.04688,0.734375,0,0,0,0,0,0.850746,0.962687
16000,linear_qkv,57,5120,1.07812,0.726562,0,0,0,0,0,0.800725,0.949275
16000,linear_qkv,58,5120,1.08594,0.738281,0,0,0,0,0,0.841727,0.956835
16000,linear_qkv,59,5120,1.0625,0.71875,0,0,0,0,0,0.841912,0.963235
16000,linear_qkv,60,5120,1.01562,0.773438,0,0,0,0,0,0.873808,0.969231
16000,linear_qkv,61,5120,1.03125,0.71875,0,0,0,0,0,0.871212,0.962121
16000,linear_qkv,62,5120,1,0.832031,0,0,0,0,0,0.929688,0.976562
16000,linear_qkv,63,5120,0.976562,0.871094,0,0,0,0,0,0.952,0.98
16000,linear_fc1,0,5120,0.796875,0.233398,0,0.000976562,0,0,0,0.813725,0.936275
16000,linear_fc1,1,5120,0.910156,0.135742,0,0.00292969,0.000390625,0,0,0.7897,0.948498
16000,linear_fc1,2,5120,0.902344,0.108887,0,0.00253906,0.000585938,0,0,0.878788,0.961039
16000,linear_fc1,3,5120,0.832031,0.208008,0,0.00117188,0,0,0,0.910798,0.962441
16000,linear_fc1,4,5120,0.804688,0.239258,0,0.000976562,0,0,0,0.917476,0.966019
16000,linear_fc1,5,5120,0.726562,0.259766,0,0.000390625,0,0,0,0.924731,0.962366
16000,linear_fc1,6,5120,0.675781,0.205078,0,0.000390625,0,0,0,0.919075,0.959538
16000,linear_fc1,7,5120,0.671875,0.172852,0,0.000585938,0,0,0,0.918605,0.959302
16000,linear_fc1,8,5120,0.6875,0.150391,0,0.000390625,0.000195313,0,0,0.931818,0.965909
16000,linear_fc1,9,5120,0.710938,0.164062,0,0.000390625,0.000195313,0,0,0.928571,0.967033
16000,linear_fc1,10,5120,0.714844,0.15918,0,0.000585938,0.000195313,0,0,0.928962,0.967213
16000,linear_fc1,11,5120,0.726562,0.141602,0,0.000585938,0.000195313,0,0,0.935484,0.967742
16000,linear_fc1,12,5120,0.738281,0.167969,0,0.00078125,0.000195313,0,0,0.936508,0.968254
16000,linear_fc1,13,5120,0.753906,0.166016,0,0.00078125,0.000195313,0,0,0.932642,0.968912
16000,linear_fc1,14,5120,0.757812,0.165039,0,0.000195313,0.000195313,0,0,0.938144,0.969072
16000,linear_fc1,15,5120,0.761719,0.208984,0,0.000195313,0,0,0,0.938462,0.969231
16000,linear_fc1,16,5120,0.753906,0.244141,0,0.000195313,0,0,0,0.937824,0.963731
16000,linear_fc1,17,5120,0.734375,0.28125,0,0.000195313,0,0,0,0.937181,0.968085
16000,linear_fc1,18,5120,0.738281,0.267578,0,0.000195313,0,0,0,0.936508,0.968254
16000,linear_fc1,19,5120,0.75,0.204102,0,0.000195313,0,0,0,0.9375,0.96875
16000,linear_fc1,20,5120,0.761719,0.251953,0,0.000195313,0,0,0,0.938462,0.969231
16000,linear_fc1,21,5120,0.765625,0.322266,0,0.000195313,0,0,0,0.938776,0.969388
16000,linear_fc1,22,5120,0.773438,0.292969,0,0.000195313,0,0,0,0.939394,0.969697
16000,linear_fc1,23,5120,0.777344,0.261719,0,0.000195313,0,0,0,0.944724,0.969849
16000,linear_fc1,24,5120,0.785156,0.287109,0,0.000195313,0,0,0,0.940299,0.975124
16000,linear_fc1,25,5120,0.800781,0.291016,0,0.000195313,0,0,0,0.941463,0.97561
16000,linear_fc1,26,5120,0.8125,0.291016,0,0.000195313,0,0,0,0.942308,0.975962
16000,linear_fc1,27,5120,0.828125,0.308594,0,0.000390625,0,0,0,0.943396,0.971698
16000,linear_fc1,28,5120,0.839844,0.318359,0,0.000390625,0,0,0,0.940419,0.972093
16000,linear_fc1,29,5120,0.851562,0.316406,0,0.000390625,0,0,0,0.944954,0.972477
16000,linear_fc1,30,5120,0.863281,0.365234,0,0.000390625,0,0,0,0.945701,0.977376
16000,linear_fc1,31,5120,0.875,0.328125,0,0.000390625,0,0,0,0.947277,0.977679
16000,linear_fc1,32,5120,0.886719,0.285156,0,0.000585938,0,0,0,0.947137,0.977974
16000,linear_fc1,33,5120,0.898438,0.249023,0,0.000390625,0,0,0,0.947826,0.978261
16000,linear_fc1,34,5120,0.914062,0.237305,0,0.000390625,0,0,0,0.944444,0.978632
16000,linear_fc1,35,5120,0.925781,0.198242,0,0.00078125,0.000195313,0,0,0.945148,0.978903
16000,linear_fc1,36,5120,0.9375,0.197266,0,0.000585938,0.000195313,0,0,0.941667,0.979167
16000,linear_fc1,37,5120,0.953125,0.164062,0,0.00078125,0.000195313,0,0,0.934426,0.97541
16000,linear_fc1,38,5120,0.964844,0.171875,0,0.00078125,0.000195313,0,0,0.931174,0.975709
16000,linear_fc1,39,5120,0.972656,0.117676,0,0.00078125,0.000390625,0,0,0.928474,0.97992
16000,linear_fc1,40,5120,0.984375,0.155273,0,0.000976562,0.000390625,0,0,0.912698,0.97619
16000,linear_fc1,41,5120,0.996094,0.147461,0,0.000976562,0.000390625,0,0,0.903451,0.976471
16000,linear_fc1,42,5120,1.00781,0.154297,0,0.000976562,0.000390625,0,0,0.894419,0.976744
16000,linear_fc1,43,5120,1.01562,0.182617,0,0.000976562,0.000390625,0,0,0.886808,0.976923
16000,linear_fc1,44,5120,1.02344,0.165039,0,0.000976562,0.000390625,0,0,0.878588,0.977099
16000,linear_fc1,45,5120,1.03125,0.206055,0,0.000976562,0.000195313,0,0,0.865076,0.977273
16000,linear_fc1,46,5120,1.04688,0.246094,0,0.00117188,0.000195313,0,0,0.84541,0.970149
16000,linear_fc1,47,5120,1.05469,0.269531,0,0.00117188,0,0,0,0.827333,0.97037
16000,linear_fc1,48,5120,1.0625,0.292969,0,0.0015625,0,0,0,0.824228,0.970588
16000,linear_fc1,49,5120,1.07031,0.347656,0,0.00136719,0,0,0,0.798394,0.970803
16000,linear_fc1,50,5120,1.07812,0.337891,0,0.00136719,0,0,0,0.782609,0.971014
16000,linear_fc1,51,5120,1.08594,0.378906,0,0.0015625,0,0,0,0.779712,0.971223
16000,linear_fc1,52,5120,1.09375,0.384766,0,0.00117188,0,0,0,0.772786,0.971429
16000,linear_fc1,53,5120,1.10156,0.427734,0,0.000976562,0,0,0,0.760213,0.971631
16000,linear_fc1,54,5120,1.10938,0.460938,0,0.000195313,0,0,0,0.757711,0.971831
16000,linear_fc1,55,5120,1.11719,0.490234,0,0.000195313,0,0,0,0.748916,0.965035
16000,linear_fc1,56,5120,1.125,0.539062,0,0.000195313,0,0,0,0.758264,0.965278
16000,linear_fc1,57,5120,1.13281,0.613281,0,0,0,0,0,0.77931,0.965517
16000,linear_fc1,58,5120,1.14062,0.65625,0,0,0,0,0,0.807397,0.965753
16000,linear_fc1,59,5120,1.15625,0.746094,0,0,0,0,0,0.827703,0.959459
16000,linear_fc1,60,5120,1.16406,0.789062,0,0,0,0,0,0.852349,0.959732
16000,linear_fc1,61,5120,1.15625,0.855469,0,0,0,0,0,0.872905,0.966216
16000,linear_fc1,62,5120,1.11719,0.910156,0,0,0,0,0,0.909091,0.972028
16000,linear_fc1,63,5120,1.04688,0.917969,0,0,0,0,0,0.955224,0.985075
16000,q_layernorm,0,128,1.05469,0.472656,0,0.015625,0,0,0,0.492722,0.71
16000,q_layernorm,1,128,1.34375,1.14062,0,0,0,0,0,0.892674,0.94186
16000,q_layernorm,2,128,1.41406,1.16406,0,0,0,0,0,0.845304,0.898895
16000,q_layernorm,3,128,1.50781,1.21094,0,0,0,0,0,0.804508,0.848187
16000,q_layernorm,4,128,1.42969,1.17969,0,0,0,0,0,0.832077,0.878142
16000,q_layernorm,5,128,1.40625,1.1875,0,0,0,0,0,0.855556,0.905556
16000,q_layernorm,6,128,1.625,1.09375,0,0,0,0,0,0.699712,0.795192
16000,q_layernorm,7,128,1.58594,0.121582,0,0.0390625,0.0390625,0.015625,0,0.103996,0.834483
16000,q_layernorm,8,128,1.50781,0.855469,0,0,0,0,0,0.601244,0.829016
16000,q_layernorm,9,128,1.47656,1.0625,0,0,0,0,0,0.731587,0.838095
16000,q_layernorm,10,128,1.49219,1.1875,0,0,0,0,0,0.833874,0.87801
16000,q_layernorm,11,128,1.53125,1.10156,0,0,0,0,0,0.730969,0.841837
16000,q_layernorm,12,128,1.42969,1.13281,0,0,0,0,0,0.79929,0.896175
16000,q_layernorm,13,128,1.42188,0.605469,0,0.015625,0,0,0,0.52,0.796703
16000,q_layernorm,14,128,1.3125,0.960938,0,0,0,0,0,0.748304,0.849405
16000,q_layernorm,15,128,1.47656,1.05469,0,0,0,0,0,0.760899,0.867725
16000,q_layernorm,16,128,1.3125,0.921875,0,0,0,0,0,0.755298,0.857143
16000,q_layernorm,17,128,1.51562,1.14062,0,0,0,0,0,0.759124,0.850515
16000,q_layernorm,18,128,1.53906,0.535156,0,0.03125,0,0,0,0.35368,0.715736
16000,q_layernorm,19,128,1.59375,0.84375,0,0,0,0,0,0.584191,0.709314
16000,q_layernorm,20,128,1.46094,0.478516,0,0.0234375,0,0,0,0.389358,0.704278
16000,q_layernorm,21,128,1.5,0.234375,0,0.0703125,0.0078125,0,0,0.292474,0.599479
16000,q_layernorm,22,128,1.625,0.0893555,0,0.0859375,0.0625,0.03125,0,0.0633654,0.61226
16000,q_layernorm,23,128,1.53906,0.84375,0,0,0,0,0,0.676497,0.795431
16000,q_layernorm,24,128,1.47656,0.859375,0,0,0,0,0,0.680106,0.84127
16000,q_layernorm,25,128,1.53906,0.201172,0,0.09375,0.0390625,0,0,0.143382,0.577919
16000,q_layernorm,26,128,1.48438,0.255859,0,0.171875,0.0703125,0,0,0.183711,0.283947
16000,q_layernorm,27,128,1.58594,0.108887,0,0.078125,0.0390625,0.015625,0,0.111872,0.569704
16000,q_layernorm,28,128,1.46094,0.287109,0,0.1875,0.0703125,0,0,0.208048,0.282888
16000,q_layernorm,29,128,1.53906,0.202148,0,0.15625,0.0546875,0,0,0.152487,0.375635
16000,q_layernorm,30,128,1.5,0.404297,0,0.0234375,0,0,0,0.378203,0.638021
16000,q_layernorm,31,128,1.38281,0.550781,0,0.0703125,0,0,0,0.421356,0.524011
16000,q_layernorm,32,128,1.47656,0.482422,0,0.03125,0,0,0,0.332579,0.752381
16000,q_layernorm,33,128,1.38281,0.429688,0,0.210938,0,0,0,0.337302,0.370056
16000,q_layernorm,34,128,1.45312,0.359375,0,0.132812,0.0078125,0,0,0.289341,0.417204
16000,q_layernorm,35,128,1.48438,0.683594,0,0.015625,0,0,0,0.495658,0.705263
16000,q_layernorm,36,128,1.38281,0.554688,0,0.078125,0,0,0,0.439379,0.529379
16000,q_layernorm,37,128,1.22656,0.683594,0,0,0,0,0,0.56051,0.582803
16000,q_layernorm,38,128,1.42188,1.15625,0,0,0,0,0,0.840659,0.932418
16000,q_layernorm,39,128,1.26562,0.730469,0,0,0,0,0,0.578827,0.624691
16000,q_layernorm,40,128,1.32031,0.632812,0,0.0625,0,0,0,0.482249,0.511834
16000,q_layernorm,41,128,1.30469,0.667969,0,0,0,0,0,0.51497,0.535928
16000,q_layernorm,42,128,1.19531,0.675781,0,0,0,0,0,0.568627,0.597059
16000,q_layernorm,43,128,1.23438,0.675781,0,0,0,0,0,0.559778,0.605696
16000,q_layernorm,44,128,1.27344,0.640625,0,0,0,0,0,0.510031,0.534049
16000,q_layernorm,45,128,1.35938,0.492188,0,0.210938,0,0,0,0.366379,0.412931
16000,q_layernorm,46,128,1.35156,0.34375,0,0.148438,0,0,0,0.306315,0.432081
16000,q_layernorm,47,128,1.29688,0.53125,0,0.171875,0,0,0,0.416717,0.478012
16000,q_layernorm,48,128,1.40625,0.382812,0,0.0859375,0,0,0,0.305292,0.555556
16000,q_layernorm,49,128,1.3125,0.198242,0,0.140625,0.0625,0,0,0.18814,0.308482
16000,q_layernorm,50,128,1.32812,0.714844,0,0,0,0,0,0.543559,0.812353
16000,q_layernorm,51,128,1.40625,0.527344,0,0.03125,0,0,0,0.469444,0.628333
16000,q_layernorm,52,128,1.375,0.714844,0,0,0,0,0,0.552102,0.746591
16000,q_layernorm,53,128,1.41406,0.324219,0,0.117188,0.0234375,0,0,0.236146,0.46326
16000,q_layernorm,54,128,1.34375,0.390625,0,0.140625,0,0,0,0.315799,0.430233
16000,q_layernorm,55,128,1.38281,1.10156,0,0,0,0,0,0.824859,0.89661
16000,q_layernorm,56,128,1.36719,0.960938,0,0,0,0,0,0.755829,0.897143
16000,q_layernorm,57,128,1.36719,0.482422,0,0.03125,0,0,0,0.432257,0.805714
16000,q_layernorm,58,128,1.39844,1.21094,0,0,0,0,0,0.871508,0.903352
16000,q_layernorm,59,128,1.39844,1.15625,0,0,0,0,0,0.846592,0.910615
16000,q_layernorm,60,128,1.34375,1.05469,0,0,0,0,0,0.802791,0.906977
16000,q_layernorm,61,128,1.28125,1.00781,0,0,0,0,0,0.834207,0.882317
16000,q_layernorm,62,128,1.24219,1.08594,0,0,0,0,0,0.87761,0.922641
16000,q_layernorm,63,128,1.14062,0.996094,0,0,0,0,0,0.890411,0.938356
16000,k_layernorm,0,128,1.07031,0.482422,0,0.0078125,0,0,0,0.522482,0.672993
16000,k_layernorm,1,128,1.33594,1.14062,0,0,0,0,0,0.869123,0.947368
16000,k_layernorm,2,128,1.41406,1.125,0,0,0,0,0,0.839779,0.89337
16000,k_layernorm,3,128,1.50781,1.03906,0,0,0,0,0,0.756891,0.834197
16000,k_layernorm,4,128,1.42188,1.09375,0,0,0,0,0,0.78467,0.87033
16000,k_layernorm,5,128,1.40625,1.14844,0,0,0,0,0,0.826722,0.888889
16000,k_layernorm,6,128,1.60938,1.02344,0,0,0,0,0,0.68432,0.798058
16000,k_layernorm,7,128,1.57031,0.00787354,0,0.0546875,0.03125,0.015625,0.0078125,0.102892,0.769154
16000,k_layernorm,8,128,1.5,0.855469,0,0,0,0,0,0.609792,0.826562
16000,k_layernorm,9,128,1.45312,0.796875,0,0,0,0,0,0.576855,0.833333
16000,k_layernorm,10,128,1.47656,1.07031,0,0,0,0,0,0.726296,0.843386
16000,k_layernorm,11,128,1.52344,0.886719,0,0,0,0,0,0.617667,0.78
16000,k_layernorm,12,128,1.41406,1.14062,0,0,0,0,0,0.834254,0.900552
16000,k_layernorm,13,128,1.42188,0.632812,0,0.015625,0,0,0,0.504203,0.806044
16000,k_layernorm,14,128,1.30469,0.863281,0,0,0,0,0,0.707305,0.824551
16000,k_layernorm,15,128,1.46875,1.02344,0,0,0,0,0,0.709734,0.851596
16000,k_layernorm,16,128,1.30469,0.761719,0,0,0,0,0,0.612784,0.867066
16000,k_layernorm,17,128,1.49219,1.07812,0,0,0,0,0,0.748691,0.872775
16000,k_layernorm,18,128,1.50781,0.410156,0,0.046875,0,0,0,0.315207,0.654145
16000,k_layernorm,19,128,1.57812,0.582031,0,0.015625,0,0,0,0.447327,0.730198
16000,k_layernorm,20,128,1.42969,0.443359,0,0.03125,0,0,0,0.382951,0.674317
16000,k_layernorm,21,128,1.45312,0.175781,0,0.0546875,0.0078125,0,0,0.305444,0.595699
16000,k_layernorm,22,128,1.59375,0.105957,0,0.101562,0.0625,0.0234375,0,0.077693,0.554902
16000,k_layernorm,23,128,1.53906,0.839844,0,0,0,0,0,0.573604,0.80203
16000,k_layernorm,24,128,1.44531,0.519531,0,0.0078125,0,0,0,0.628703,0.863243
16000,k_layernorm,25,128,1.49219,0.18457,0,0.109375,0.0390625,0,0,0.148475,0.458115
16000,k_layernorm,26,128,1.46875,0.304688,0,0.179688,0.0703125,0,0,0.211902,0.296277
16000,k_layernorm,27,128,1.51562,0.0703125,0,0.101562,0.046875,0.0234375,0,0.0813015,0.531959
16000,k_layernorm,28,128,1.45312,0.277344,0,0.195312,0.0703125,0,0,0.201976,0.293817
16000,k_layernorm,29,128,1.51562,0.277344,0,0.179688,0.0390625,0,0,0.221753,0.354124
16000,k_layernorm,30,128,1.49219,0.238281,0,0.0703125,0.0078125,0,0,0.288377,0.59267
16000,k_layernorm,31,128,1.36719,0.53125,0,0.0859375,0,0,0,0.417143,0.510571
16000,k_layernorm,32,128,1.47656,0.421875,0,0.0625,0,0,0,0.340516,0.625397
16000,k_layernorm,33,128,1.40625,0.449219,0,0.226562,0,0,0,0.331681,0.368611
16000,k_layernorm,34,128,1.45312,0.373047,0,0.1875,0,0,0,0.270013,0.339785
16000,k_layernorm,35,128,1.49219,0.394531,0,0.078125,0,0,0,0.321623,0.537696
16000,k_layernorm,36,128,1.40625,0.535156,0,0.101562,0,0,0,0.411861,0.495
16000,k_layernorm,37,128,1.22656,0.6875,0,0,0,0,0,0.563694,0.589172
16000,k_layernorm,38,128,1.40625,0.933594,0,0,0,0,0,0.696833,0.894444
16000,k_layernorm,39,128,1.26562,0.734375,0,0,0,0,0,0.584167,0.610185
16000,k_layernorm,40,128,1.30469,0.632812,0,0.03125,0,0,0,0.49482,0.51497
16000,k_layernorm,41,128,1.28125,0.65625,0,0,0,0,0,0.527439,0.550915
16000,k_layernorm,42,128,1.17188,0.683594,0,0,0,0,0,0.586667,0.615667
16000,k_layernorm,43,128,1.23438,0.695312,0,0,0,0,0,0.569873,0.600316
16000,k_layernorm,44,128,1.21094,0.648438,0,0,0,0,0,0.540452,0.570968
16000,k_layernorm,45,128,1.34375,0.472656,0,0.195312,0,0,0,0.361642,0.418023
16000,k_layernorm,46,128,1.34375,0.394531,0,0.15625,0,0,0,0.315596,0.422674
16000,k_layernorm,47,128,1.25,0.523438,0,0.109375,0,0,0,0.441125,0.495937
16000,k_layernorm,48,128,1.40625,0.302734,0,0.109375,0.015625,0,0,0.235014,0.466667
16000,k_layernorm,49,128,1.32031,0.183594,0,0.15625,0.0703125,0,0,0.172115,0.333728
16000,k_layernorm,50,128,1.30469,0.65625,0,0,0,0,0,0.527575,0.779641
16000,k_layernorm,51,128,1.39062,0.328125,0,0.078125,0.0078125,0,0,0.370787,0.522753
16000,k_layernorm,52,128,1.34375,0.574219,0,0.0234375,0,0,0,0.478546,0.731105
16000,k_layernorm,53,128,1.40625,0.330078,0,0.109375,0.0234375,0,0,0.243056,0.466944
16000,k_layernorm,54,128,1.35156,0.396484,0,0.15625,0,0,0,0.313584,0.406647
16000,k_layernorm,55,128,1.39062,0.667969,0,0.0078125,0,0,0,0.53368,0.876404
16000,k_layernorm,56,128,1.35156,0.535156,0,0.0078125,0,0,0,0.680665,0.872832
16000,k_layernorm,57,128,1.35156,0.3125,0,0.0234375,0.0078125,0,0,0.363208,0.812139
16000,k_layernorm,58,128,1.38281,1.17188,0,0,0,0,0,0.854633,0.90791
16000,k_layernorm,59,128,1.38281,1.13281,0,0,0,0,0,0.83661,0.915254
16000,k_layernorm,60,128,1.32031,0.925781,0,0,0,0,0,0.716775,0.857988
16000,k_layernorm,61,128,1.25781,1.03906,0,0,0,0,0,0.846894,0.91118
16000,k_layernorm,62,128,1.23438,1.07812,0,0,0,0,0,0.873418,0.911392
16000,k_layernorm,63,128,1.14062,0.976562,0,0,0,0,0,0.859863,0.938356
16000,final_layernorm,-1,5120,1.63281,1.25781,0,0,0,0,0,0.895646,0.952153
20000,linear_qkv,0,5120,0.628906,0.503906,0,0,0,0,0,0.875776,0.919255
20000,linear_qkv,1,5120,0.75,0.515625,0,0,0,0,0,0.927083,0.958333
20000,linear_qkv,2,5120,0.890625,0.361328,0,0.000195313,0,0,0,0.907895,0.95614
20000,linear_qkv,3,5120,0.964844,0.585938,0,0,0,0,0,0.910931,0.955466
20000,linear_qkv,4,5120,0.964844,0.486328,0,0,0,0,0,0.923077,0.959514
20000,linear_qkv,5,5120,1.03125,0.542969,0,0,0,0,0,0.924242,0.965909
20000,linear_qkv,6,5120,1.09375,0.695312,0,0,0,0,0,0.907143,0.95
20000,linear_qkv,7,5120,1.14844,0.789062,0,0,0,0,0,0.911565,0.959184
20000,linear_qkv,8,5120,1.10938,0.582031,0,0,0,0,0,0.901408,0.957746
20000,linear_qkv,9,5120,1.00781,0.558594,0,0,0,0,0,0.910853,0.96124
20000,linear_qkv,10,5120,1.04688,0.621094,0,0,0,0,0,0.918619,0.962687
20000,linear_qkv,11,5120,1.05469,0.574219,0,0,0,0,0,0.908111,0.962963
20000,linear_qkv,12,5120,1.00781,0.601562,0,0,0,0,0,0.930233,0.968992
20000,linear_qkv,13,5120,1,0.5625,0,0,0,0,0,0.922617,0.964844
20000,linear_qkv,14,5120,0.941406,0.59375,0,0,0,0,0,0.929461,0.962656
20000,linear_qkv,15,5120,1.04688,0.644531,0,0,0,0,0,0.929104,0.962687
20000,linear_qkv,16,5120,0.992188,0.679688,0,0,0,0,0,0.940945,0.968504
20000,linear_qkv,17,5120,1.17969,0.761719,0,0,0,0,0,0.933775,0.966887
20000,linear_qkv,18,5120,1.08594,0.683594,0,0,0,0,0,0.920863,0.956835
20000,linear_qkv,19,5120,1.17969,0.722656,0,0,0,0,0,0.927152,0.960265
20000,linear_qkv,20,5120,1.04688,0.652344,0,0,0,0,0,0.932836,0.962687
20000,linear_qkv,21,5120,1.03125,0.707031,0,0,0,0,0,0.943182,0.969697
20000,linear_qkv,22,5120,1.25,0.847656,0,0,0,0,0,0.91875,0.9625
20000,linear_qkv,23,5120,1.22656,0.765625,0,0,0,0,0,0.929936,0.968153
20000,linear_qkv,24,5120,1.17969,0.738281,0,0,0,0,0,0.927152,0.960265
20000,linear_qkv,25,5120,1.10938,0.632812,0,0,0,0,0,0.929577,0.964789
20000,linear_qkv,26,5120,1.07031,0.59375,0,0,0,0,0,0.927007,0.963504
20000,linear_qkv,27,5120,1.23438,0.726562,0,0,0,0,0,0.917722,0.955696
20000,linear_qkv,28,5120,1.125,0.703125,0,0,0,0,0,0.909722,0.958333
20000,linear_qkv,29,5120,1.15625,0.621094,0,0,0,0,0,0.918919,0.959459
20000,linear_qkv,30,5120,1.21094,0.6875,0,0,0,0,0,0.909677,0.96129
20000,linear_qkv,31,5120,0.992188,0.664062,0,0,0,0,0,0.937008,0.968504
20000,linear_qkv,32,5120,1.05469,0.644531,0,0,0,0,0,0.92963,0.962963
20000,linear_qkv,33,5120,1.03906,0.574219,0,0,0,0,0,0.917293,0.958647
20000,linear_qkv,34,5120,1.11719,0.625,0,0,0,0,0,0.916084,0.958042
20000,linear_qkv,35,5120,1.0625,0.589844,0,0,0,0,0,0.926471,0.963235
20000,linear_qkv,36,5120,0.960938,0.53125,0,0,0,0,0,0.922764,0.963415
20000,linear_qkv,37,5120,0.84375,0.484375,0,0,0,0,0,0.925926,0.962963
20000,linear_qkv,38,5120,0.972656,0.59375,0,0,0,0,0,0.927711,0.963855
20000,linear_qkv,39,5120,0.851562,0.494141,0,0,0,0,0,0.931193,0.963303
20000,linear_qkv,40,5120,0.898438,0.451172,0,0,0,0,0,0.926087,0.965217
20000,linear_qkv,41,5120,0.871094,0.441406,0,0,0,0,0,0.928251,0.964126
20000,linear_qkv,42,5120,0.851562,0.5,0,0,0,0,0,0.922018,0.963303
20000,linear_qkv,43,5120,0.867188,0.472656,0,0,0,0,0,0.927928,0.959459
20000,linear_qkv,44,5120,0.886719,0.46875,0,0,0,0,0,0.920705,0.964758
20000,linear_qkv,45,5120,0.964844,0.53125,0,0,0,0,0,0.906883,0.963563
20000,linear_qkv,46,5120,0.988281,0.515625,0,0,0,0,0,0.901186,0.964427
20000,linear_qkv,47,5120,0.9375,0.59375,0,0,0,0,0,0.909125,0.9625
20000,linear_qkv,48,5120,1.0625,0.609375,0,0,0,0,0,0.867647,0.963235
20000,linear_qkv,49,5120,1.05469,0.589844,0,0,0,0,0,0.852556,0.962963
20000,linear_qkv,50,5120,0.972656,0.589844,0,0,0,0,0,0.900361,0.967871
20000,linear_qkv,51,5120,1.02344,0.589844,0,0,0,0,0,0.854962,0.961832
20000,linear_qkv,52,5120,0.988281,0.589844,0,0,0,0,0,0.893281,0.968379
20000,linear_qkv,53,5120,1.10156,0.632812,0,0,0,0,0,0.780142,0.957447
20000,linear_qkv,54,5120,1.04688,0.601562,0,0,0,0,0,0.802239,0.962687
20000,linear_qkv,55,5120,1.10938,0.695312,0,0,0,0,0,0.811866,0.957746
20000,linear_qkv,56,5120,1.08594,0.640625,0,0,0,0,0,0.802842,0.964029
20000,linear_qkv,57,5120,1.10938,0.65625,0,0,0,0,0,0.743627,0.943662
20000,linear_qkv,58,5120,1.125,0.714844,0,0,0,0,0,0.802083,0.951389
20000,linear_qkv,59,5120,1.09375,0.664062,0,0,0,0,0,0.792857,0.95
20000,linear_qkv,60,5120,1.03125,0.722656,0,0,0,0,0,0.837121,0.965909
20000,linear_qkv,61,5120,1.04688,0.707031,0,0,0,0,0,0.843284,0.955224
20000,linear_qkv,62,5120,1,0.820312,0,0,0,0,0,0.917969,0.976562
20000,linear_qkv,63,5120,0.976562,0.851562,0,0,0,0,0,0.944,0.972
20000,linear_fc1,0,5120,0.738281,0.152344,0,0.000976562,0.000195313,0,0,0.767196,0.920635
20000,linear_fc1,1,5120,0.917969,0.0766602,0,0.00429688,0.000585938,0.000195313,0,0.757447,0.940426
20000,linear_fc1,2,5120,0.914062,0.0612793,0,0.00332031,0.000585938,0.000390625,0,0.87688,0.961538
20000,linear_fc1,3,5120,0.839844,0.116211,0,0.00253906,0.000390625,0,0,0.906977,0.962791
20000,linear_fc1,4,5120,0.808594,0.139648,0,0.00175781,0.000390625,0,0,0.908213,0.961353
20000,linear_fc1,5,5120,0.722656,0.151367,0,0.000390625,0.000390625,0,0,0.913514,0.956757
20000,linear_fc1,6,5120,0.664062,0.124512,0,0.000585938,0.000390625,0,0,0.911765,0.958824
20000,linear_fc1,7,5120,0.652344,0.104492,0,0.00078125,0.000390625,0,0,0.91018,0.958084
20000,linear_fc1,8,5120,0.667969,0.0883789,0,0.00078125,0.000390625,0,0,0.91924,0.964912
20000,linear_fc1,9,5120,0.691406,0.102051,0,0.00078125,0.000390625,0,0,0.920904,0.966102
20000,linear_fc1,10,5120,0.691406,0.103027,0,0.00078125,0.000390625,0,0,0.926554,0.966102
20000,linear_fc1,11,5120,0.703125,0.0888672,0,0.00078125,0.000390625,0,0,0.927778,0.966667
20000,linear_fc1,12,5120,0.714844,0.107422,0,0.00078125,0.000390625,0,0,0.928962,0.967213
20000,linear_fc1,13,5120,0.726562,0.106445,0,0.00078125,0.000195313,0,0,0.930108,0.967742
20000,linear_fc1,14,5120,0.730469,0.105957,0,0.00078125,0.000195313,0,0,0.930481,0.967914
20000,linear_fc1,15,5120,0.730469,0.143555,0,0.000390625,0.000195313,0,0,0.930481,0.962567
20000,linear_fc1,16,5120,0.714844,0.172852,0,0.000195313,0.000195313,0,0,0.934426,0.967213
20000,linear_fc1,17,5120,0.695312,0.223633,0,0.000195313,0,0,0,0.926966,0.966292
20000,linear_fc1,18,5120,0.695312,0.196289,0,0.000195313,0,0,0,0.926966,0.966292
20000,linear_fc1,19,5120,0.707031,0.136719,0,0.000195313,0.000195313,0,0,0.933702,0.961326
20000,linear_fc1,20,5120,0.71875,0.185547,0,0.000195313,0,0,0,0.929348,0.961957
20000,linear_fc1,21,5120,0.71875,0.241211,0,0.000195313,0,0,0,0.93038,0.967391
20000,linear_fc1,22,5120,0.722656,0.201172,0,0.000195313,0,0,0,0.935135,0.967568
20000,linear_fc1,23,5120,0.726562,0.176758,0,0.000390625,0.000195313,0,0,0.935484,0.967742
20000,linear_fc1,24,5120,0.734375,0.183594,0,0.000390625,0,0,0,0.93617,0.973404
20000,linear_fc1,25,5120,0.753906,0.179688,0,0.000390625,0.000195313,0,0,0.932642,0.968912
20000,linear_fc1,26,5120,0.765625,0.176758,0,0.000390625,0.000195313,0,0,0.933673,0.969388
20000,linear_fc1,27,5120,0.777344,0.1875,0,0.00078125,0.000195313,0,0,0.939698,0.974874
20000,linear_fc1,28,5120,0.792969,0.185547,0,0.00078125,0.000390625,0,0,0.935961,0.970443
20000,linear_fc1,29,5120,0.804688,0.139648,0,0.00078125,0.000390625,0,0,0.94267,0.970874
20000,linear_fc1,30,5120,0.820312,0.198242,0,0.000585938,0.000195313,0,0,0.942857,0.971429
20000,linear_fc1,31,5120,0.835938,0.15625,0,0.00078125,0.000195313,0,0,0.939252,0.976636
20000,linear_fc1,32,5120,0.851562,0.126953,0,0.000976562,0.000195313,0,0,0.940367,0.972477
20000,linear_fc1,33,5120,0.867188,0.106934,0,0.000976562,0.000195313,0,0,0.936937,0.972973
20000,linear_fc1,34,5120,0.882812,0.0883789,0,0.000976562,0.000195313,0,0,0.938053,0.977876
20000,linear_fc1,35,5120,0.902344,0.0539551,0,0.00117188,0.000195313,0.000195313,0,0.935887,0.978355
20000,linear_fc1,36,5120,0.917969,0.052002,0,0.00117188,0.000390625,0.000195313,0,0.936979,0.978723
20000,linear_fc1,37,5120,0.933594,0.0422363,0,0.00117188,0.000585938,0.000195313,0,0.929665,0.979079
20000,linear_fc1,38,5120,0.945312,0.0400391,0,0.00117188,0.000585938,0.000195313,0,0.922273,0.979339
20000,linear_fc1,39,5120,0.957031,0.0135498,0,0.00117188,0.000585938,0.000195313,0,0.919143,0.979592
20000,linear_fc1,40,5120,0.96875,0.029541,0,0.00117188,0.00078125,0.000195313,0,0.903226,0.979839
20000,linear_fc1,41,5120,0.980469,0.0280762,0,0.00117188,0.00078125,0.000195313,0,0.896414,0.979681
20000,linear_fc1,42,5120,0.988281,0.0289307,0,0.00117188,0.00078125,0.000195313,0,0.886126,0.980237
20000,linear_fc1,43,5120,1,0.0424805,0,0.00117188,0.000585938,0.000195313,0,0.86793,0.980469
20000,linear_fc1,44,5120,1.00781,0.0349121,0,0.00136719,0.00078125,0.000195313,0,0.854922,0.976744
20000,linear_fc1,45,5120,1.01562,0.0507812,0,0.0015625,0.000585938,0.000195313,0,0.847615,0.976923
20000,linear_fc1,46,5120,1.02344,0.0810547,0,0.00214844,0.000585938,0.000195313,0,0.828244,0.977099
20000,linear_fc1,47,5120,1.03125,0.0957031,0,0.00195312,0.000390625,0.000195313,0,0.816553,0.977273
20000,linear_fc1,48,5120,1.03906,0.112793,0,0.00253906,0.000390625,0,0,0.787143,0.977444
20000,linear_fc1,49,5120,1.04688,0.176758,0,0.00253906,0.000195313,0,0,0.772388,0.977612
20000,linear_fc1,50,5120,1.05469,0.169922,0,0.00253906,0.000195313,0,0,0.759259,0.977778
20000,linear_fc1,51,5120,1.0625,0.216797,0,0.00273437,0.000195313,0,0,0.741066,0.970588
20000,linear_fc1,52,5120,1.0625,0.231445,0,0.00253906,0.000195313,0,0,0.725662,0.977941
20000,linear_fc1,53,5120,1.07031,0.273438,0,0.00214844,0,0,0,0.719489,0.978102
20000,linear_fc1,54,5120,1.07812,0.324219,0,0.00175781,0,0,0,0.718768,0.978261
20000,linear_fc1,55,5120,1.08594,0.349609,0,0.00195312,0,0,0,0.714281,0.971223
20000,linear_fc1,56,5120,1.08594,0.396484,0,0.00078125,0,0,0,0.744604,0.971223
20000,linear_fc1,57,5120,1.10156,0.5,0,0.00078125,0,0,0,0.749574,0.964539
20000,linear_fc1,58,5120,1.10156,0.5625,0,0,0,0,0,0.79078,0.971631
20000,linear_fc1,59,5120,1.11719,0.640625,0,0,0,0,0,0.808357,0.965035
20000,linear_fc1,60,5120,1.13281,0.667969,0,0,0,0,0,0.827586,0.965517
20000,linear_fc1,61,5120,1.14062,0.71875,0,0,0,0,0,0.863664,0.965753
20000,linear_fc1,62,5120,1.125,0.808594,0,0,0,0,0,0.895833,0.965278
20000,linear_fc1,63,5120,1.05469,0.894531,0,0,0,0,0,0.955556,0.977778
20000,q_layernorm,0,128,1.05469,0.396484,0,0.0234375,0,0,0,0.456444,0.691852
20000,q_layernorm,1,128,1.39844,1.16406,0,0,0,0,0,0.861844,0.920112
20000,q_layernorm,2,128,1.46094,1.14062,0,0,0,0,0,0.803583,0.855615
20000,q_layernorm,3,128,1.54688,1.1875,0,0,0,0,0,0.775455,0.830303
20000,q_layernorm,4,128,1.45312,1.15625,0,0,0,0,0,0.809355,0.865591
20000,q_layernorm,5,128,1.42969,1.16406,0,0,0,0,0,0.822623,0.885246
20000,q_layernorm,6,128,1.67969,1.05469,0,0,0,0,0,0.65707,0.772558
20000,q_layernorm,7,128,1.625,0.0961914,0,0.0390625,0.0390625,0.015625,0,0.0800601,0.806731
20000,q_layernorm,8,128,1.55469,0.714844,0,0.0234375,0,0,0,0.470452,0.812563
20000,q_layernorm,9,128,1.50781,0.945312,0,0,0,0,0,0.674404,0.811917
20000,q_layernorm,10,128,1.52344,1.15625,0,0,0,0,0,0.790154,0.861538
20000,q_layernorm,11,128,1.57031,1.03125,0,0,0,0,0,0.669353,0.809453
20000,q_layernorm,12,128,1.47656,1.10156,0,0,0,0,0,0.764762,0.871429
20000,q_layernorm,13,128,1.46094,0.445312,0,0.015625,0,0,0,0.409305,0.788235
20000,q_layernorm,14,128,1.36719,0.921875,0,0,0,0,0,0.697057,0.828571
20000,q_layernorm,15,128,1.51562,0.976562,0,0,0,0,0,0.715515,0.842268
20000,q_layernorm,16,128,1.35156,0.910156,0,0,0,0,0,0.726676,0.842197
20000,q_layernorm,17,128,1.5625,1.11719,0,0,0,0,0,0.72135,0.83
20000,q_layernorm,18,128,1.58594,0.382812,0,0.0625,0.015625,0,0,0.258744,0.71133
20000,q_layernorm,19,128,1.65625,0.605469,0,0.015625,0,0,0,0.458868,0.679717
20000,q_layernorm,20,128,1.5,0.322266,0,0.046875,0.0078125,0,0,0.305039,0.703125
20000,q_layernorm,21,128,1.54688,0.130859,0,0.0703125,0.015625,0.0078125,0,0.202027,0.60202
20000,q_layernorm,22,128,1.67969,0.041748,0,0.0859375,0.0703125,0.046875,0,0.0422442,0.617674
20000,q_layernorm,23,128,1.57812,0.65625,0,0.0078125,0,0,0,0.614059,0.754455
20000,q_layernorm,24,128,1.50781,0.769531,0,0,0,0,0,0.629534,0.827461
20000,q_layernorm,25,128,1.58594,0.108887,0,0.09375,0.0546875,0.0234375,0,0.0809021,0.536207
20000,q_layernorm,26,128,1.50781,0.152344,0,0.179688,0.125,0,0,0.105447,0.197798
20000,q_layernorm,27,128,1.60938,0.0703125,0,0.078125,0.046875,0.015625,0,0.0788319,0.548301
20000,q_layernorm,28,128,1.48438,0.191406,0,0.1875,0.125,0,0,0.129961,0.217895
20000,q_layernorm,29,128,1.5625,0.104004,0,0.15625,0.0703125,0.0234375,0,0.0794875,0.32175
20000,q_layernorm,30,128,1.52344,0.171875,0,0.046875,0.015625,0,0,0.211872,0.598718
20000,q_layernorm,31,128,1.41406,0.431641,0,0.117188,0,0,0,0.314503,0.479558
20000,q_layernorm,32,128,1.50781,0.228516,0,0.046875,0.0234375,0,0,0.177979,0.728497
20000,q_layernorm,33,128,1.41406,0.3125,0,0.234375,0.0390625,0,0,0.240331,0.292818
20000,q_layernorm,34,128,1.49219,0.208008,0,0.171875,0.0625,0,0,0.186924,0.313613
20000,q_layernorm,35,128,1.52344,0.5625,0,0.03125,0,0,0,0.411641,0.684103
20000,q_layernorm,36,128,1.44531,0.433594,0,0.109375,0,0,0,0.352297,0.478378
20000,q_layernorm,37,128,1.27344,0.679688,0,0,0,0,0,0.537638,0.566564
20000,q_layernorm,38,128,1.46875,1.21875,0,0,0,0,0,0.831223,0.930851
20000,q_layernorm,39,128,1.32812,0.757812,0,0,0,0,0,0.576471,0.618824
20000,q_layernorm,40,128,1.39062,0.605469,0,0.132812,0,0,0,0.44177,0.480618
20000,q_layernorm,41,128,1.35938,0.652344,0,0.078125,0,0,0,0.485632,0.508621
20000,q_layernorm,42,128,1.24219,0.667969,0,0,0,0,0,0.544025,0.568239
20000,q_layernorm,43,128,1.28906,0.6875,0,0,0,0,0,0.547091,0.586061
20000,q_layernorm,44,128,1.32031,0.605469,0,0.109375,0,0,0,0.469053,0.494083
20000,q_layernorm,45,128,1.39844,0.400391,0,0.210938,0,0,0,0.288575,0.350698
20000,q_layernorm,46,128,1.39844,0.243164,0,0.171875,0.0234375,0,0,0.219232,0.372067
20000,q_layernorm,47,128,1.33594,0.458984,0,0.195312,0,0,0,0.358582,0.417251
20000,q_layernorm,48,128,1.46094,0.275391,0,0.101562,0.03125,0,0,0.214372,0.520588
20000,q_layernorm,49,128,1.35156,0.119141,0,0.140625,0.101562,0.0078125,0,0.120448,0.249855
20000,q_layernorm,50,128,1.36719,0.667969,0,0.0234375,0,0,0,0.492971,0.787429
20000,q_layernorm,51,128,1.4375,0.402344,0,0.0625,0,0,0,0.375951,0.589946
20000,q_layernorm,52,128,1.39844,0.621094,0,0.015625,0,0,0,0.522458,0.743575
20000,q_layernorm,53,128,1.4375,0.227539,0,0.125,0.0546875,0,0,0.165007,0.424457
20000,q_layernorm,54,128,1.38281,0.332031,0,0.148438,0.015625,0,0,0.24702,0.375989
20000,q_layernorm,55,128,1.42969,1.07031,0,0,0,0,0,0.773443,0.876503
20000,q_layernorm,56,128,1.41406,0.855469,0,0,0,0,0,0.703149,0.872928
20000,q_layernorm,57,128,1.39844,0.351562,0,0.03125,0,0,0,0.332989,0.793855
20000,q_layernorm,58,128,1.4375,1.23438,0,0,0,0,0,0.869565,0.896739
20000,q_layernorm,59,128,1.42969,1.13281,0,0,0,0,0,0.832077,0.905464
20000,q_layernorm,60,128,1.375,1.03906,0,0,0,0,0,0.77625,0.892045
20000,q_layernorm,61,128,1.32031,1,0,0,0,0,0,0.807929,0.868047
20000,q_layernorm,62,128,1.26562,1.09375,0,0,0,0,0,0.867531,0.91358
20000,q_layernorm,63,128,1.14844,1,0,0,0,0,0,0.884354,0.936735
20000,k_layernorm,0,128,1.09375,0.400391,0,0.03125,0,0,0,0.453464,0.631071
20000,k_layernorm,1,128,1.38281,1.14844,0,0,0,0,0,0.85096,0.940113
20000,k_layernorm,2,128,1.44531,1.09375,0,0,0,0,0,0.806865,0.864865
20000,k_layernorm,3,128,1.54688,0.988281,0,0,0,0,0,0.716616,0.808081
20000,k_layernorm,4,128,1.44531,1.0625,0,0,0,0,0,0.751784,0.850811
20000,k_layernorm,5,128,1.42188,1.13281,0,0,0,0,0,0.810659,0.871978
20000,k_layernorm,6,128,1.65625,0.964844,0,0,0,0,0,0.652075,0.788679
20000,k_layernorm,7,128,1.625,0.00585938,0,0.0546875,0.03125,0.0234375,0.0078125,0.0815325,0.731731
20000,k_layernorm,8,128,1.53906,0.671875,0,0.015625,0,0,0,0.502462,0.809137
20000,k_layernorm,9,128,1.48438,0.617188,0,0.015625,0,0,0,0.461711,0.8
20000,k_layernorm,10,128,1.52344,1.01562,0,0,0,0,0,0.683436,0.818974
20000,k_layernorm,11,128,1.5625,0.792969,0,0,0,0,0,0.541675,0.757
20000,k_layernorm,12,128,1.45312,1.125,0,0,0,0,0,0.797151,0.880108
20000,k_layernorm,13,128,1.45312,0.503906,0,0.015625,0,0,0,0.419892,0.783333
20000,k_layernorm,14,128,1.35156,0.792969,0,0,0,0,0,0.674798,0.798266
20000,k_layernorm,15,128,1.51562,0.925781,0,0,0,0,0,0.64884,0.812887
20000,k_layernorm,16,128,1.34375,0.699219,0,0,0,0,0,0.556308,0.848837
20000,k_layernorm,17,128,1.51562,1.01562,0,0,0,0,0,0.719278,0.859278
20000,k_layernorm,18,128,1.5625,0.228516,0,0.0546875,0.0234375,0,0,0.18235,0.62775
20000,k_layernorm,19,128,1.625,0.40625,0,0.0390625,0,0,0,0.301454,0.694231
20000,k_layernorm,20,128,1.49219,0.271484,0,0.0390625,0.0078125,0,0,0.253534,0.658115
20000,k_layernorm,21,128,1.48438,0.0800781,0,0.078125,0.015625,0.0078125,0,0.201257,0.594211
20000,k_layernorm,22,128,1.63281,0.0693359,0,0.101562,0.0625,0.03125,0,0.0612141,0.535407
20000,k_layernorm,23,128,1.57812,0.710938,0,0.015625,0,0,0,0.476708,0.767327
20000,k_layernorm,24,128,1.48438,0.304688,0,0.0078125,0.0078125,0,0,0.531632,0.842105
20000,k_layernorm,25,128,1.54688,0.100098,0,0.109375,0.0625,0.015625,0,0.0866856,0.39596
20000,k_layernorm,26,128,1.5,0.173828,0,0.1875,0.125,0,0,0.118893,0.210938
20000,k_layernorm,27,128,1.55469,0.0324707,0,0.101562,0.0546875,0.03125,0,0.0326712,0.492211
20000,k_layernorm,28,128,1.47656,0.177734,0,0.203125,0.109375,0,0,0.122712,0.219577
20000,k_layernorm,29,128,1.55469,0.1875,0,0.1875,0.078125,0,0,0.140289,0.278266
20000,k_layernorm,30,128,1.5,0.0727539,0,0.078125,0.0234375,0.0078125,0,0.187695,0.532292
20000,k_layernorm,31,128,1.41406,0.421875,0,0.148438,0,0,0,0.324503,0.457459
20000,k_layernorm,32,128,1.51562,0.213867,0,0.078125,0.0234375,0,0,0.189497,0.583763
20000,k_layernorm,33,128,1.42969,0.353516,0,0.265625,0.0078125,0,0,0.252104,0.287022
20000,k_layernorm,34,128,1.49219,0.246094,0,0.195312,0.101562,0,0,0.17394,0.248822
20000,k_layernorm,35,128,1.53906,0.283203,0,0.109375,0.015625,0,0,0.225635,0.478934
20000,k_layernorm,36,128,1.45312,0.445312,0,0.15625,0,0,0,0.327406,0.42957
20000,k_layernorm,37,128,1.27344,0.675781,0,0,0,0,0,0.535399,0.577914
20000,k_layernorm,38,128,1.46875,0.941406,0,0,0,0,0,0.688883,0.870745
20000,k_layernorm,39,128,1.30469,0.75,0,0,0,0,0,0.578653,0.624251
20000,k_layernorm,40,128,1.35938,0.617188,0,0.132812,0,0,0,0.454799,0.48477
20000,k_layernorm,41,128,1.33594,0.648438,0,0.03125,0,0,0,0.491228,0.526316
20000,k_layernorm,42,128,1.21094,0.667969,0,0,0,0,0,0.558935,0.592581
20000,k_layernorm,43,128,1.29688,0.6875,0,0,0,0,0,0.530934,0.568373
20000,k_layernorm,44,128,1.25781,0.617188,0,0.0078125,0,0,0,0.506211,0.531056
20000,k_layernorm,45,128,1.39844,0.378906,0,0.234375,0,0,0,0.28831,0.357961
20000,k_layernorm,46,128,1.40625,0.310547,0,0.210938,0.015625,0,0,0.239069,0.346111
20000,k_layernorm,47,128,1.30469,0.447266,0,0.195312,0,0,0,0.368907,0.424251
20000,k_layernorm,48,128,1.45312,0.193359,0,0.125,0.046875,0,0,0.154832,0.378495
20000,k_layernorm,49,128,1.35156,0.09375,0,0.15625,0.09375,0.0078125,0,0.111192,0.279191
20000,k_layernorm,50,128,1.34375,0.5625,0,0.0234375,0,0,0,0.456541,0.762791
20000,k_layernorm,51,128,1.42969,0.242188,0,0.109375,0.0078125,0,0,0.277172,0.45
20000,k_layernorm,52,128,1.38281,0.494141,0,0.0390625,0,0,0,0.426243,0.703672
20000,k_layernorm,53,128,1.44531,0.232422,0,0.125,0.0703125,0,0,0.181446,0.421351
20000,k_layernorm,54,128,1.39062,0.328125,0,0.179688,0.0234375,0,0,0.241419,0.357303
20000,k_layernorm,55,128,1.42188,0.527344,0,0.015625,0,0,0,0.433297,0.853846
20000,k_layernorm,56,128,1.39062,0.349609,0,0.0078125,0,0,0,0.598905,0.844944
20000,k_layernorm,57,128,1.39844,0.212891,0,0.0234375,0.0078125,0,0,0.267318,0.786034
20000,k_layernorm,58,128,1.41406,1.17188,0,0,0,0,0,0.850829,0.897238
20000,k_layernorm,59,128,1.41406,1.125,0,0,0,0,0,0.811105,0.900552
20000,k_layernorm,60,128,1.35156,0.871094,0,0,0,0,0,0.664971,0.836416
20000,k_layernorm,61,128,1.28906,1.02344,0,0,0,0,0,0.814727,0.901212
20000,k_layernorm,62,128,1.25781,1.07812,0,0,0,0,0,0.863354,0.906832
20000,k_layernorm,63,128,1.14844,0.976562,0,0,0,0,0,0.861463,0.936735
20000,final_layernorm,-1,5120,1.67969,1.32031,0,0,0,0,0,0.911628,0.95814
24000,linear_qkv,0,5120,0.523438,0.373047,0,0,0,0,0,0.83209,0.899254
24000,linear_qkv,1,5120,0.695312,0.392578,0,0,0,0,0,0.91573,0.955056
24000,linear_qkv,2,5120,0.855469,0.222656,0,0.000390625,0,0,0,0.885845,0.949772
24000,linear_qkv,3,5120,0.9375,0.451172,0,0.000195313,0,0,0,0.904167,0.954167
24000,linear_qkv,4,5120,0.941406,0.353516,0,0.000195313,0,0,0,0.909502,0.954357
24000,linear_qkv,5,5120,1.01562,0.423828,0,0.000195313,0,0,0,0.915385,0.957692
24000,linear_qkv,6,5120,1.07812,0.601562,0,0,0,0,0,0.898551,0.949275
24000,linear_qkv,7,5120,1.14844,0.722656,0,0,0,0,0,0.904762,0.952381
24000,linear_qkv,8,5120,1.10938,0.503906,0,0.000195313,0,0,0,0.895035,0.950704
24000,linear_qkv,9,5120,1.01562,0.458984,0,0.000390625,0,0,0,0.896154,0.953846
24000,linear_qkv,10,5120,1.04688,0.535156,0,0,0,0,0,0.914179,0.962687
24000,linear_qkv,11,5120,1.07031,0.519531,0,0.000390625,0,0,0,0.894854,0.956204
24000,linear_qkv,12,5120,1.01562,0.535156,0,0,0,0,0,0.919962,0.965385
24000,linear_qkv,13,5120,1.00781,0.511719,0,0,0,0,0,0.918605,0.965116
24000,linear_qkv,14,5120,0.953125,0.539062,0,0,0,0,0,0.922131,0.963115
24000,linear_qkv,15,5120,1.07031,0.589844,0,0,0,0,0,0.916058,0.956204
24000,linear_qkv,16,5120,1.01562,0.648438,0,0,0,0,0,0.934615,0.965385
24000,linear_qkv,17,5120,1.20312,0.75,0,0,0,0,0,0.928571,0.961039
24000,linear_qkv,18,5120,1.11719,0.65625,0,0,0,0,0,0.91042,0.958042
24000,linear_qkv,19,5120,1.21094,0.710938,0,0,0,0,0,0.922581,0.96129
24000,linear_qkv,20,5120,1.07812,0.632812,0,0,0,0,0,0.92029,0.963768
24000,linear_qkv,21,5120,1.05469,0.683594,0,0,0,0,0,0.933333,0.962963
24000,linear_qkv,22,5120,1.28906,0.820312,0,0,0,0,0,0.916303,0.957576
24000,linear_qkv,23,5120,1.26562,0.738281,0,0,0,0,0,0.925926,0.962963
24000,linear_qkv,24,5120,1.21094,0.714844,0,0,0,0,0,0.929032,0.96129
24000,linear_qkv,25,5120,1.14062,0.589844,0,0,0,0,0,0.917808,0.958904
24000,linear_qkv,26,5120,1.09375,0.546875,0,0,0,0,0,0.921429,0.957143
24000,linear_qkv,27,5120,1.27344,0.675781,0,0,0,0,0,0.91411,0.957055
24000,linear_qkv,28,5120,1.16406,0.652344,0,0,0,0,0,0.899329,0.946309
24000,linear_qkv,29,5120,1.19531,0.558594,0,0.000195313,0,0,0,0.908497,0.960784
24000,linear_qkv,30,5120,1.26562,0.632812,0,0,0,0,0,0.901235,0.95679
24000,linear_qkv,31,5120,1.02344,0.609375,0,0,0,0,0,0.919847,0.958015
24000,linear_qkv,32,5120,1.09375,0.597656,0,0,0,0,0,0.915643,0.957143
24000,linear_qkv,33,5120,1.07812,0.53125,0,0.000195313,0,0,0,0.902862,0.956522
24000,linear_qkv,34,5120,1.16406,0.585938,0,0,0,0,0,0.90604,0.959732
24000,linear_qkv,35,5120,1.10938,0.527344,0,0.000195313,0,0,0,0.908451,0.957746
24000,linear_qkv,36,5120,0.992188,0.478516,0,0.000195313,0,0,0,0.909449,0.956693
24000,linear_qkv,37,5120,0.839844,0.417969,0,0.000195313,0,0,0,0.916279,0.95814
24000,linear_qkv,38,5120,0.992188,0.535156,0,0,0,0,0,0.92126,0.96063
24000,linear_qkv,39,5120,0.855469,0.449219,0,0,0,0,0,0.918676,0.958904
24000,linear_qkv,40,5120,0.910156,0.396484,0,0.000195313,0,0,0,0.914163,0.961373
24000,linear_qkv,41,5120,0.878906,0.386719,0,0.000390625,0,0,0,0.915556,0.96
24000,linear_qkv,42,5120,0.851562,0.443359,0,0,0,0,0,0.908257,0.958716
24000,linear_qkv,43,5120,0.871094,0.431641,0,0.000195313,0,0,0,0.910314,0.955157
24000,linear_qkv,44,5120,0.894531,0.416016,0,0.000195313,0,0,0,0.908297,0.960699
24000,linear_qkv,45,5120,0.980469,0.457031,0,0.000195313,0,0,0,0.884462,0.960159
24000,linear_qkv,46,5120,1.00781,0.455078,0,0.000195313,0,0,0,0.872093,0.96124
24000,linear_qkv,47,5120,0.949219,0.542969,0,0,0,0,0,0.893786,0.958848
24000,linear_qkv,48,5120,1.09375,0.550781,0,0,0,0,0,0.832821,0.957143
24000,linear_qkv,49,5120,1.07812,0.535156,0,0.000195313,0,0,0,0.819529,0.956522
24000,linear_qkv,50,5120,0.996094,0.539062,0,0,0,0,0,0.87451,0.964706
24000,linear_qkv,51,5120,1.05469,0.53125,0,0,0,0,0,0.811815,0.962963
24000,linear_qkv,52,5120,1.02344,0.539062,0,0,0,0,0,0.851145,0.961832
24000,linear_qkv,53,5120,1.14062,0.5625,0,0.000195313,0,0,0,0.739726,0.952055
24000,linear_qkv,54,5120,1.07812,0.539062,0,0,0,0,0,0.749819,0.956522
24000,linear_qkv,55,5120,1.14844,0.667969,0,0,0,0,0,0.776156,0.952381
24000,linear_qkv,56,5120,1.13281,0.617188,0,0,0,0,0,0.755172,0.951724
24000,linear_qkv,57,5120,1.13281,0.554688,0,0.000195313,0,0,0,0.703448,0.951724
24000,linear_qkv,58,5120,1.16406,0.664062,0,0,0,0,0,0.769732,0.95302
24000,linear_qkv,59,5120,1.11719,0.609375,0,0,0,0,0,0.750245,0.951049
24000,linear_qkv,60,5120,1.04688,0.652344,0,0,0,0,0,0.802948,0.962687
24000,linear_qkv,61,5120,1.0625,0.667969,0,0,0,0,0,0.8125,0.948529
24000,linear_qkv,62,5120,1.00781,0.78125,0,0,0,0,0,0.910853,0.968992
24000,linear_qkv,63,5120,0.976562,0.828125,0,0,0,0,0,0.94,0.968
24000,linear_fc1,0,5120,0.695312,0.119629,0,0.000976562,0.000390625,0,0,0.719101,0.898876
24000,linear_fc1,1,5120,0.917969,0.0576172,0,0.0046875,0.00136719,0.000195313,0,0.740426,0.94
24000,linear_fc1,2,5120,0.925781,0.046875,0,0.00371094,0.000976562,0.000390625,0,0.873418,0.957806
24000,linear_fc1,3,5120,0.851562,0.0791016,0,0.00253906,0.000585938,0.000195313,0,0.899083,0.958716
24000,linear_fc1,4,5120,0.8125,0.0942383,0,0.00175781,0.000390625,0,0,0.90476,0.961538
24000,linear_fc1,5,5120,0.726562,0.0820312,0,0.00078125,0.000390625,0,0,0.908602,0.956989
24000,linear_fc1,6,5120,0.664062,0.0854492,0,0.00078125,0.000390625,0,0,0.907,0.958824
24000,linear_fc1,7,5120,0.648438,0.0737305,0,0.000976562,0.000390625,0,0,0.903614,0.951807
24000,linear_fc1,8,5120,0.664062,0.0585938,0,0.00078125,0.000585938,0.000195313,0,0.905882,0.952941
24000,linear_fc1,9,5120,0.683594,0.0678711,0,0.00078125,0.000390625,0.000195313,0,0.914286,0.96
24000,linear_fc1,10,5120,0.679688,0.0737305,0,0.00078125,0.000390625,0,0,0.913793,0.95977
24000,linear_fc1,11,5120,0.6875,0.0617676,0,0.00078125,0.000390625,0.000195313,0,0.920455,0.965909
24000,linear_fc1,12,5120,0.699219,0.0756836,0,0.00078125,0.000585938,0,0,0.921788,0.96648
24000,linear_fc1,13,5120,0.710938,0.0756836,0,0.00078125,0.000390625,0,0,0.923077,0.961538
24000,linear_fc1,14,5120,0.707031,0.0766602,0,0.00078125,0.000195313,0,0,0.928177,0.966851
24000,linear_fc1,15,5120,0.707031,0.106934,0,0.00078125,0.000195313,0,0,0.928177,0.961326
24000,linear_fc1,16,5120,0.691406,0.126953,0,0.000195313,0.000195313,0,0,0.920904,0.960452
24000,linear_fc1,17,5120,0.667969,0.183594,0,0.000195313,0,0,0,0.923977,0.959064
24000,linear_fc1,18,5120,0.667969,0.151367,0,0.000195313,0.000195313,0,0,0.918129,0.959064
24000,linear_fc1,19,5120,0.675781,0.102539,0,0.000195313,0.000195313,0,0,0.924855,0.959538
24000,linear_fc1,20,5120,0.6875,0.145508,0,0.000195313,0.000195313,0,0,0.926136,0.965909
24000,linear_fc1,21,5120,0.6875,0.191406,0,0.000195313,0,0,0,0.926136,0.965909
24000,linear_fc1,22,5120,0.691406,0.147461,0,0.000390625,0.000195313,0,0,0.926554,0.966102
24000,linear_fc1,23,5120,0.695312,0.132812,0,0.000390625,0.000195313,0,0,0.926966,0.966292
24000,linear_fc1,24,5120,0.703125,0.130859,0,0.000390625,0.000195313,0,0,0.933333,0.966667
24000,linear_fc1,25,5120,0.722656,0.123047,0,0.000585938,0.000390625,0,0,0.92973,0.967568
24000,linear_fc1,26,5120,0.730469,0.118652,0,0.000585938,0.000195313,0,0,0.935829,0.967914
24000,linear_fc1,27,5120,0.746094,0.125,0,0.00078125,0.000390625,0,0,0.937173,0.973822
24000,linear_fc1,28,5120,0.761719,0.119141,0,0.00078125,0.000390625,0,0,0.933333,0.969231
24000,linear_fc1,29,5120,0.773438,0.0703125,0,0.00078125,0.000390625,0.000195313,0,0.944444,0.974747
24000,linear_fc1,30,5120,0.792969,0.129883,0,0.00078125,0.000390625,0,0,0.940887,0.975369
24000,linear_fc1,31,5120,0.8125,0.0922852,0,0.000976562,0.000390625,0,0,0.9375,0.971154
24000,linear_fc1,32,5120,0.824219,0.0644531,0,0.000976562,0.000390625,0.000195313,0,0.938389,0.976303
24000,linear_fc1,33,5120,0.84375,0.0515137,0,0.00117188,0.000390625,0.000195313,0,0.939815,0.976852
24000,linear_fc1,34,5120,0.863281,0.0341797,0,0.00117188,0.000195313,0.000195313,0,0.936652,0.977376
24000,linear_fc1,35,5120,0.886719,0.0123901,0,0.00117188,0.000390625,0.000195313,0,0.933921,0.973568
24000,linear_fc1,36,5120,0.902344,0.013916,0,0.00117188,0.000585938,0.000195313,0,0.939394,0.978355
24000,linear_fc1,37,5120,0.917969,0.00842285,0,0.00117188,0.00078125,0.000195313,0.000195313,0.931915,0.978723
24000,linear_fc1,38,5120,0.933594,0.0113525,0,0.00117188,0.00078125,0.000195313,0,0.920502,0.979079
24000,linear_fc1,39,5120,0.945312,0.00366211,0,0.00117188,0.00078125,0.000390625,0.000195313,0.914008,0.979339
24000,linear_fc1,40,5120,0.957031,0.00665283,0,0.00136719,0.00078125,0.000390625,0.000195313,0.89951,0.979592
24000,linear_fc1,41,5120,0.96875,0.00805664,0,0.00136719,0.00078125,0.000390625,0.000195313,0.889395,0.979839
24000,linear_fc1,42,5120,0.976562,0.00811768,0,0.0015625,0.000976562,0.000390625,0.000195313,0.87828,0.98
24000,linear_fc1,43,5120,0.988281,0.0128174,0,0.0015625,0.000976562,0.000390625,0,0.867115,0.980237
24000,linear_fc1,44,5120,0.996094,0.00946045,0,0.00214844,0.000976562,0.000390625,0.000195313,0.851725,0.976471
24000,linear_fc1,45,5120,1,0.0112915,0,0.00195312,0.000976562,0.000390625,0,0.83668,0.980469
24000,linear_fc1,46,5120,1.00781,0.0291748,0,0.00253906,0.000976562,0.000195313,0,0.812287,0.98062
24000,linear_fc1,47,5120,1.01562,0.0393066,0,0.00273437,0.000976562,0.000195313,0,0.807692,0.976923
24000,linear_fc1,48,5120,1.02344,0.0393066,0,0.00273437,0.000976562,0.000195313,0,0.77626,0.973282
24000,linear_fc1,49,5120,1.03125,0.0922852,0,0.00292969,0.000585938,0.000195313,0,0.75072,0.977273
24000,linear_fc1,50,5120,1.03906,0.0883789,0,0.00332031,0.000390625,0.000195313,0,0.741316,0.977444
24000,linear_fc1,51,5120,1.03906,0.125977,0,0.00332031,0.000390625,0,0,0.721805,0.977444
24000,linear_fc1,52,5120,1.04688,0.141602,0,0.00351562,0.000195313,0,0,0.697761,0.977612
24000,linear_fc1,53,5120,1.05469,0.175781,0,0.003125,0.000195313,0,0,0.699111,0.97037
24000,linear_fc1,54,5120,1.05469,0.232422,0,0.003125,0.000195313,0,0,0.697518,0.977778
24000,linear_fc1,55,5120,1.05469,0.244141,0,0.00273437,0.000195313,0,0,0.701407,0.977778
24000,linear_fc1,56,5120,1.0625,0.279297,0,0.0015625,0,0,0,0.731618,0.970588
24000,linear_fc1,57,5120,1.07031,0.404297,0,0.00136719,0,0,0,0.752518,0.970803
24000,linear_fc1,58,5120,1.07812,0.46875,0,0.00078125,0,0,0,0.777428,0.971014
24000,linear_fc1,59,5120,1.08594,0.5,0,0.000195313,0,0,0,0.814317,0.971223
24000,linear_fc1,60,5120,1.10156,0.5625,0,0,0,0,0,0.82539,0.964539
24000,linear_fc1,61,5120,1.11719,0.648438,0,0,0,0,0,0.861469,0.972028
24000,linear_fc1,62,5120,1.11719,0.757812,0,0,0,0,0,0.891608,0.965035
24000,linear_fc1,63,5120,1.0625,0.882812,0,0,0,0,0,0.948529,0.977941
24000,q_layernorm,0,128,1.07031,0.373047,0,0.0234375,0,0,0,0.437117,0.692336
24000,q_layernorm,1,128,1.42969,1.17969,0,0,0,0,0,0.843005,0.921858
24000,q_layernorm,2,128,1.48438,1.13281,0,0,0,0,0,0.784211,0.842105
24000,q_layernorm,3,128,1.57812,1.17188,0,0,0,0,0,0.756485,0.820792
24000,q_layernorm,4,128,1.47656,1.13281,0,0,0,0,0,0.793651,0.857143
24000,q_layernorm,5,128,1.44531,1.125,0,0,0,0,0,0.802919,0.875676
24000,q_layernorm,6,128,1.72656,1.02344,0,0,0,0,0,0.625656,0.757919
24000,q_layernorm,7,128,1.65625,0.0981445,0,0.0390625,0.0390625,0.015625,0,0.0703213,0.803774
24000,q_layernorm,8,128,1.59375,0.59375,0,0.0234375,0,0,0,0.397451,0.807353
24000,q_layernorm,9,128,1.54688,0.800781,0,0,0,0,0,0.604343,0.776263
24000,q_layernorm,10,128,1.55469,1.10938,0,0,0,0,0,0.747236,0.849246
24000,q_layernorm,11,128,1.60938,0.953125,0,0,0,0,0,0.616044,0.780097
24000,q_layernorm,12,128,1.50781,1.07031,0,0,0,0,0,0.738549,0.853368
24000,q_layernorm,13,128,1.49219,0.232422,0,0.015625,0.0078125,0,0,0.351086,0.780628
24000,q_layernorm,14,128,1.39844,0.882812,0,0,0,0,0,0.65581,0.819553
24000,q_layernorm,15,128,1.55469,0.894531,0,0,0,0,0,0.665075,0.827638
24000,q_layernorm,16,128,1.39062,0.902344,0,0,0,0,0,0.698146,0.825843
24000,q_layernorm,17,128,1.60156,1.09375,0,0,0,0,0,0.686878,0.806829
24000,q_layernorm,18,128,1.64062,0.328125,0,0.0625,0.0234375,0,0,0.210036,0.704762
24000,q_layernorm,19,128,1.70312,0.451172,0,0.0390625,0,0,0,0.37383,0.678899
24000,q_layernorm,20,128,1.53906,0.210938,0,0.046875,0.015625,0,0,0.247424,0.701015
24000,q_layernorm,21,128,1.57031,0.100586,0,0.078125,0.015625,0.0078125,0,0.154789,0.611194
24000,q_layernorm,22,128,1.70312,0.0236816,0,0.0859375,0.0703125,0.0546875,0,0.0310522,0.624771
24000,q_layernorm,23,128,1.60156,0.490234,0,0.0078125,0,0,0,0.578049,0.738537
24000,q_layernorm,24,128,1.53125,0.699219,0,0.0078125,0,0,0,0.578597,0.814796
24000,q_layernorm,25,128,1.625,0.0737305,0,0.101562,0.078125,0.0234375,0,0.061905,0.511298
24000,q_layernorm,26,128,1.53125,0.104004,0,0.179688,0.140625,0.0390625,0,0.0762181,0.154337
24000,q_layernorm,27,128,1.625,0.0639648,0,0.0859375,0.046875,0.03125,0,0.0635457,0.548317
24000,q_layernorm,28,128,1.50781,0.132812,0,0.1875,0.148438,0.03125,0,0.0973251,0.173251
24000,q_layernorm,29,128,1.58594,0.0654297,0,0.164062,0.0859375,0.046875,0,0.0488885,0.26798
24000,q_layernorm,30,128,1.54688,0.0737305,0,0.0625,0.015625,0.015625,0,0.12084,0.592929
24000,q_layernorm,31,128,1.45312,0.316406,0,0.140625,0.0234375,0,0,0.228817,0.434946
24000,q_layernorm,32,128,1.53906,0.135742,0,0.046875,0.0234375,0.0078125,0,0.110019,0.713706
24000,q_layernorm,33,128,1.44531,0.205078,0,0.242188,0.109375,0,0,0.160372,0.235135
24000,q_layernorm,34,128,1.51562,0.150391,0,0.164062,0.109375,0.0078125,0,0.12451,0.23518
24000,q_layernorm,35,128,1.55469,0.451172,0,0.046875,0,0,0,0.298995,0.660301
24000,q_layernorm,36,128,1.46875,0.310547,0,0.125,0.0078125,0,0,0.279574,0.45
24000,q_layernorm,37,128,1.30469,0.6875,0,0,0,0,0,0.530749,0.56497
24000,q_layernorm,38,128,1.50781,1.24219,0,0,0,0,0,0.834197,0.917098
24000,q_layernorm,39,128,1.35156,0.8125,0,0,0,0,0,0.601156,0.642775
24000,q_layernorm,40,128,1.42969,0.582031,0,0.148438,0,0,0,0.416038,0.471858
24000,q_layernorm,41,128,1.39844,0.644531,0,0.09375,0,0,0,0.464441,0.506704
24000,q_layernorm,42,128,1.28125,0.660156,0,0,0,0,0,0.517713,0.552134
24000,q_layernorm,43,128,1.32031,0.707031,0,0,0,0,0,0.543018,0.584911
24000,q_layernorm,44,128,1.35938,0.59375,0,0.179688,0,0,0,0.441207,0.476437
24000,q_layernorm,45,128,1.42969,0.330078,0,0.210938,0.0234375,0,0,0.23571,0.297404
24000,q_layernorm,46,128,1.4375,0.168945,0,0.171875,0.0546875,0,0,0.167982,0.328397
24000,q_layernorm,47,128,1.375,0.419922,0,0.195312,0,0,0,0.31392,0.366761
24000,q_layernorm,48,128,1.50781,0.195312,0,0.101562,0.0625,0,0,0.168232,0.506736
24000,q_layernorm,49,128,1.38281,0.113281,0,0.140625,0.109375,0.0234375,0,0.0943079,0.21709
24000,q_layernorm,50,128,1.39062,0.601562,0,0.0390625,0,0,0,0.454747,0.77191
24000,q_layernorm,51,128,1.47656,0.304688,0,0.0703125,0.0078125,0,0,0.299299,0.564815
24000,q_layernorm,52,128,1.42969,0.566406,0,0.015625,0,0,0,0.489016,0.757923
24000,q_layernorm,53,128,1.47656,0.192383,0,0.125,0.078125,0,0,0.130291,0.382011
24000,q_layernorm,54,128,1.42188,0.277344,0,0.171875,0.0625,0,0,0.199025,0.337912
24000,q_layernorm,55,128,1.46094,1.04688,0,0,0,0,0,0.742299,0.860963
24000,q_layernorm,56,128,1.44531,0.765625,0,0,0,0,0,0.663108,0.857838
24000,q_layernorm,57,128,1.42969,0.251953,0,0.0390625,0.015625,0,0,0.256298,0.781421
24000,q_layernorm,58,128,1.46875,1.23438,0,0,0,0,0,0.8525,0.89734
24000,q_layernorm,59,128,1.45312,1.11719,0,0,0,0,0,0.824032,0.901613
24000,q_layernorm,60,128,1.40625,1.03906,0,0,0,0,0,0.754944,0.872222
24000,q_layernorm,61,128,1.35156,0.992188,0,0,0,0,0,0.783468,0.855491
24000,q_layernorm,62,128,1.28125,1.09375,0,0,0,0,0,0.858598,0.906707
24000,q_layernorm,63,128,1.15625,0.988281,0,0,0,0,0,0.87527,0.932432
24000,k_layernorm,0,128,1.11719,0.375,0,0.0390625,0,0,0,0.427745,0.60979
24000,k_layernorm,1,128,1.41406,1.14062,0,0,0,0,0,0.841713,0.937569
24000,k_layernorm,2,128,1.47656,1.07812,0,0,0,0,0,0.784497,0.844974
24000,k_layernorm,3,128,1.57812,0.953125,0,0,0,0,0,0.690247,0.787129
24000,k_layernorm,4,128,1.46875,1.03906,0,0,0,0,0,0.729149,0.831915
24000,k_layernorm,5,128,1.4375,1.11719,0,0,0,0,0,0.798913,0.8625
24000,k_layernorm,6,128,1.69531,0.914062,0,0,0,0,0,0.630323,0.771889
24000,k_layernorm,7,128,1.65625,0.00738525,0,0.0546875,0.03125,0.0234375,0.0078125,0.0760731,0.718868
24000,k_layernorm,8,128,1.58594,0.542969,0,0.0234375,0,0,0,0.423103,0.795074
24000,k_layernorm,9,128,1.50781,0.478516,0,0.0234375,0,0,0,0.380725,0.780829
24000,k_layernorm,10,128,1.55469,0.957031,0,0,0,0,0,0.65598,0.801005
24000,k_layernorm,11,128,1.60156,0.710938,0,0.015625,0,0,0,0.480927,0.72878
24000,k_layernorm,12,128,1.46875,1.10938,0,0,0,0,0,0.773138,0.87234
24000,k_layernorm,13,128,1.49219,0.367188,0,0.0234375,0.0078125,0,0,0.360785,0.768063
24000,k_layernorm,14,128,1.39844,0.734375,0,0,0,0,0,0.608073,0.769832
24000,k_layernorm,15,128,1.54688,0.84375,0,0,0,0,0,0.600303,0.791414
24000,k_layernorm,16,128,1.39062,0.644531,0,0.015625,0,0,0,0.498539,0.818539
24000,k_layernorm,17,128,1.54688,0.964844,0,0,0,0,0,0.689596,0.830303
24000,k_layernorm,18,128,1.59375,0.143555,0,0.0703125,0.03125,0.0078125,0,0.123529,0.624755
24000,k_layernorm,19,128,1.66406,0.263672,0,0.046875,0.015625,0,0,0.238556,0.696714
24000,k_layernorm,20,128,1.52344,0.169922,0,0.0390625,0.0234375,0,0,0.169782,0.665128
24000,k_layernorm,21,128,1.5,0.0419922,0,0.078125,0.015625,0.0078125,0,0.145651,0.59401
24000,k_layernorm,22,128,1.67188,0.045166,0,0.101562,0.0703125,0.03125,0,0.0564982,0.524065
24000,k_layernorm,23,128,1.60938,0.589844,0,0.0390625,0,0,0,0.396723,0.742718
24000,k_layernorm,24,128,1.51562,0.178711,0,0.015625,0.0078125,0,0,0.457345,0.82835
24000,k_layernorm,25,128,1.58594,0.0429688,0,0.117188,0.0859375,0.03125,0,0.0570505,0.371182
24000,k_layernorm,26,128,1.52344,0.10498,0,0.195312,0.125,0.03125,0,0.0904359,0.158013
24000,k_layernorm,27,128,1.59375,0.0108643,0,0.101562,0.0546875,0.03125,0.0078125,0.0188013,0.469853
24000,k_layernorm,28,128,1.49219,0.125,0,0.210938,0.125,0.03125,0,0.0904908,0.17127
24000,k_layernorm,29,128,1.58594,0.142578,0,0.195312,0.109375,0.015625,0,0.0998153,0.238547
24000,k_layernorm,30,128,1.50781,0.0319824,0,0.101562,0.0390625,0.015625,0,0.122228,0.496114
24000,k_layernorm,31,128,1.44531,0.326172,0,0.15625,0.015625,0,0,0.253243,0.401892
24000,k_layernorm,32,128,1.54688,0.123047,0,0.09375,0.03125,0.0078125,0,0.121117,0.567424
24000,k_layernorm,33,128,1.46094,0.273438,0,0.273438,0.132812,0,0,0.192874,0.221925
24000,k_layernorm,34,128,1.52344,0.150391,0,0.203125,0.132812,0.0078125,0,0.119923,0.203974
24000,k_layernorm,35,128,1.57031,0.226562,0,0.132812,0.03125,0,0,0.167662,0.431343
24000,k_layernorm,36,128,1.49219,0.345703,0,0.164062,0.015625,0,0,0.253599,0.385864
24000,k_layernorm,37,128,1.29688,0.671875,0,0,0,0,0,0.530934,0.57741
24000,k_layernorm,38,128,1.5,0.929688,0,0,0,0,0,0.690156,0.865104
24000,k_layernorm,39,128,1.34375,0.738281,0,0,0,0,0,0.576599,0.634884
24000,k_layernorm,40,128,1.38281,0.59375,0,0.140625,0,0,0,0.430141,0.472881
24000,k_layernorm,41,128,1.36719,0.636719,0,0.0390625,0,0,0,0.475829,0.522
24000,k_layernorm,42,128,1.24219,0.648438,0,0,0,0,0,0.538585,0.575472
24000,k_layernorm,43,128,1.32031,0.632812,0,0.0078125,0,0,0,0.515592,0.54142
24000,k_layernorm,44,128,1.28906,0.613281,0,0.0546875,0,0,0,0.476576,0.506061
24000,k_layernorm,45,128,1.42188,0.3125,0,0.257812,0.0234375,0,0,0.234478,0.31511
24000,k_layernorm,46,128,1.44531,0.239258,0,0.21875,0.0546875,0,0,0.188054,0.301892
24000,k_layernorm,47,128,1.35156,0.390625,0,0.195312,0,0,0,0.312645,0.388728
24000,k_layernorm,48,128,1.49219,0.135742,0,0.140625,0.0625,0.0078125,0,0.116381,0.326309
24000,k_layernorm,49,128,1.375,0.0732422,0,0.171875,0.101562,0.0234375,0,0.0881143,0.249148
24000,k_layernorm,50,128,1.36719,0.519531,0,0.03125,0,0,0,0.411657,0.759429
24000,k_layernorm,51,128,1.46875,0.178711,0,0.125,0.03125,0,0,0.209136,0.385904
24000,k_layernorm,52,128,1.40625,0.435547,0,0.046875,0,0,0,0.389333,0.6825
24000,k_layernorm,53,128,1.48438,0.169922,0,0.140625,0.0859375,0,0,0.145928,0.39
24000,k_layernorm,54,128,1.41406,0.275391,0,0.1875,0.0625,0,0,0.199751,0.319061
24000,k_layernorm,55,128,1.44531,0.453125,0,0.0234375,0,0,0,0.375,0.836757
24000,k_layernorm,56,128,1.41406,0.228516,0,0.0078125,0.0078125,0,0,0.544475,0.825414
24000,k_layernorm,57,128,1.42188,0.162109,0,0.03125,0.0234375,0,0,0.21239,0.773077
24000,k_layernorm,58,128,1.45312,1.17969,0,0,0,0,0,0.840161,0.89086
24000,k_layernorm,59,128,1.44531,1.14062,0,0,0,0,0,0.793568,0.89027
24000,k_layernorm,60,128,1.38281,0.832031,0,0,0,0,0,0.624209,0.819209
24000,k_layernorm,61,128,1.32031,0.992188,0,0,0,0,0,0.780888,0.887574
24000,k_layernorm,62,128,1.27344,1.07812,0,0,0,0,0,0.858896,0.90184
24000,k_layernorm,63,128,1.15625,0.980469,0,0,0,0,0,0.856554,0.932432
24000,final_layernorm,-1,5120,1.6875,1.375,0,0,0,0,0,0.925926,0.967593
28000,linear_qkv,0,5120,0.423828,0.25,0,0,0,0,0,0.788018,0.880184
28000,linear_qkv,1,5120,0.644531,0.275391,0,0.000390625,0,0,0,0.90303,0.945455
28000,linear_qkv,2,5120,0.820312,0.141602,0,0.000585938,0.000195313,0,0,0.866667,0.947619
28000,linear_qkv,3,5120,0.914062,0.333984,0,0.000195313,0,0,0,0.897436,0.948718
28000,linear_qkv,4,5120,0.914062,0.251953,0,0.000195313,0,0,0,0.901709,0.952991
28000,linear_qkv,5,5120,0.996094,0.324219,0,0.000195313,0,0,0,0.905882,0.952941
28000,linear_qkv,6,5120,1.0625,0.511719,0,0.000195313,0,0,0,0.889706,0.948529
28000,linear_qkv,7,5120,1.14844,0.660156,0,0,0,0,0,0.897959,0.952381
28000,linear_qkv,8,5120,1.10156,0.435547,0,0.000390625,0,0,0,0.890071,0.950355
28000,linear_qkv,9,5120,1.01562,0.371094,0,0.000585938,0,0,0,0.888462,0.95
28000,linear_qkv,10,5120,1.04688,0.460938,0,0.000390625,0,0,0,0.902985,0.955224
28000,linear_qkv,11,5120,1.07031,0.447266,0,0.000585938,0,0,0,0.894161,0.956204
28000,linear_qkv,12,5120,1.01562,0.480469,0,0.000585938,0,0,0,0.916115,0.965385
28000,linear_qkv,13,5120,1.02344,0.451172,0,0.000585938,0,0,0,0.900763,0.954198
28000,linear_qkv,14,5120,0.964844,0.503906,0,0,0,0,0,0.915749,0.959514
28000,linear_qkv,15,5120,1.08594,0.542969,0,0,0,0,0,0.913669,0.956835
28000,linear_qkv,16,5120,1.03906,0.617188,0,0,0,0,0,0.924812,0.962406
28000,linear_qkv,17,5120,1.21875,0.742188,0,0,0,0,0,0.929487,0.961538
28000,linear_qkv,18,5120,1.14062,0.625,0,0,0,0,0,0.910959,0.952055
28000,linear_qkv,19,5120,1.23438,0.707031,0,0,0,0,0,0.924051,0.962025
28000,linear_qkv,20,5120,1.10156,0.625,0,0,0,0,0,0.914894,0.957447
28000,linear_qkv,21,5120,1.07031,0.679688,0,0,0,0,0,0.934307,0.970803
28000,linear_qkv,22,5120,1.32031,0.808594,0,0,0,0,0,0.91716,0.95858
28000,linear_qkv,23,5120,1.29688,0.726562,0,0,0,0,0,0.927711,0.963855
28000,linear_qkv,24,5120,1.24219,0.703125,0,0,0,0,0,0.930818,0.962264
28000,linear_qkv,25,5120,1.16406,0.558594,0,0.000195313,0,0,0,0.919463,0.959732
28000,linear_qkv,26,5120,1.11719,0.511719,0,0.000195313,0,0,0,0.916084,0.958042
28000,linear_qkv,27,5120,1.30469,0.644531,0,0.000195313,0,0,0,0.91018,0.958084
28000,linear_qkv,28,5120,1.19531,0.601562,0,0,0,0,0,0.888889,0.947712
28000,linear_qkv,29,5120,1.22656,0.523438,0,0.000390625,0,0,0,0.904459,0.955414
28000,linear_qkv,30,5120,1.3125,0.59375,0,0.000195313,0,0,0,0.89881,0.952381
28000,linear_qkv,31,5120,1.04688,0.550781,0,0,0,0,0,0.914179,0.962687
28000,linear_qkv,32,5120,1.125,0.554688,0,0.000195313,0,0,0,0.916667,0.958333
28000,linear_qkv,33,5120,1.11719,0.511719,0,0.000390625,0,0,0,0.896434,0.951049
28000,linear_qkv,34,5120,1.21875,0.546875,0,0.000390625,0,0,0,0.897436,0.955128
28000,linear_qkv,35,5120,1.15625,0.478516,0,0.000195313,0,0,0,0.899932,0.952703
28000,linear_qkv,36,5120,1.02344,0.447266,0,0.000390625,0,0,0,0.900763,0.954198
28000,linear_qkv,37,5120,0.839844,0.373047,0,0.000195313,0,0,0,0.911628,0.953488
28000,linear_qkv,38,5120,1.01562,0.503906,0,0.000195313,0,0,0,0.915385,0.957692
28000,linear_qkv,39,5120,0.863281,0.427734,0,0.000195313,0,0,0,0.914027,0.954751
28000,linear_qkv,40,5120,0.929688,0.369141,0,0.000390625,0,0,0,0.899958,0.953782
28000,linear_qkv,41,5120,0.894531,0.357422,0,0.000585938,0,0,0,0.896026,0.951965
28000,linear_qkv,42,5120,0.855469,0.417969,0,0.000390625,0,0,0,0.894977,0.954338
28000,linear_qkv,43,5120,0.878906,0.408203,0,0.000195313,0,0,0,0.897778,0.955556
28000,linear_qkv,44,5120,0.910156,0.388672,0,0.000390625,0,0,0,0.892704,0.957082
28000,linear_qkv,45,5120,1,0.427734,0,0.000195313,0,0,0,0.863281,0.957031
28000,linear_qkv,46,5120,1.03125,0.441406,0,0.000390625,0,0,0,0.856061,0.958333
28000,linear_qkv,47,5120,0.960938,0.523438,0,0,0,0,0,0.878049,0.955285
28000,linear_qkv,48,5120,1.125,0.53125,0,0.000390625,0,0,0,0.809028,0.958333
28000,linear_qkv,49,5120,1.10156,0.519531,0,0.000195313,0,0,0,0.797872,0.957447
28000,linear_qkv,50,5120,1.02344,0.523438,0,0,0,0,0,0.857137,0.958015
28000,linear_qkv,51,5120,1.08594,0.53125,0,0.000195313,0,0,0,0.775432,0.956835
28000,linear_qkv,52,5120,1.05469,0.523438,0,0.000195313,0,0,0,0.830333,0.962963
28000,linear_qkv,53,5120,1.17969,0.539062,0,0.00136719,0,0,0,0.705298,0.953642
28000,linear_qkv,54,5120,1.10938,0.503906,0,0.000390625,0,0,0,0.7225,0.957746
28000,linear_qkv,55,5120,1.1875,0.652344,0,0,0,0,0,0.75125,0.953947
28000,linear_qkv,56,5120,1.17188,0.597656,0,0,0,0,0,0.733333,0.953333
28000,linear_qkv,57,5120,1.16406,0.470703,0,0.00078125,0,0,0,0.681846,0.946309
28000,linear_qkv,58,5120,1.19531,0.597656,0,0,0,0,0,0.761438,0.954248
28000,linear_qkv,59,5120,1.14062,0.53125,0,0.000390625,0,0,0,0.734178,0.945205
28000,linear_qkv,60,5120,1.0625,0.605469,0,0,0,0,0,0.784485,0.955882
28000,linear_qkv,61,5120,1.07031,0.628906,0,0,0,0,0,0.796314,0.948905
28000,linear_qkv,62,5120,1.00781,0.726562,0,0,0,0,0,0.906977,0.972868
28000,linear_qkv,63,5120,0.972656,0.828125,0,0,0,0,0,0.939759,0.971888
28000,linear_fc1,0,5120,0.65625,0.0976562,0,0.00078125,0.000390625,0,0,0.69997,0.892857
28000,linear_fc1,1,5120,0.921875,0.046875,0,0.00507812,0.00214844,0.000390625,0,0.733051,0.932203
28000,linear_fc1,2,5120,0.929688,0.0393066,0,0.00390625,0.00195312,0.000390625,0,0.874748,0.962185
28000,linear_fc1,3,5120,0.859375,0.0605469,0,0.00292969,0.00078125,0.000390625,0,0.891773,0.959091
28000,linear_fc1,4,5120,0.820312,0.0678711,0,0.00195312,0.00078125,0.000390625,0,0.9,0.961905
28000,linear_fc1,5,5120,0.730469,0.0463867,0,0.000976562,0.000390625,0.000195313,0,0.903743,0.957219
28000,linear_fc1,6,5120,0.667969,0.0551758,0,0.000976562,0.000390625,0.000390625,0,0.900585,0.953216
28000,linear_fc1,7,5120,0.648438,0.0568848,0,0.000976562,0.000585938,0.000390625,0,0.89759,0.951807
28000,linear_fc1,8,5120,0.660156,0.0429688,0,0.00078125,0.000585938,0.000390625,0,0.900533,0.952663
28000,linear_fc1,9,5120,0.675781,0.0493164,0,0.00078125,0.000585938,0.000195313,0,0.907514,0.959538
28000,linear_fc1,10,5120,0.671875,0.0551758,0,0.000976562,0.000585938,0.000195313,0,0.906977,0.959302
28000,linear_fc1,11,5120,0.679688,0.0458984,0,0.00078125,0.000585938,0.000195313,0,0.913793,0.95977
28000,linear_fc1,12,5120,0.6875,0.0576172,0,0.00078125,0.000585938,0.000195313,0,0.914773,0.960227
28000,linear_fc1,13,5120,0.695312,0.0576172,0,0.00078125,0.000585938,0.000195313,0,0.921348,0.960674
28000,linear_fc1,14,5120,0.691406,0.0593262,0,0.00078125,0.000390625,0.000195313,0,0.916328,0.960452
28000,linear_fc1,15,5120,0.6875,0.0839844,0,0.00078125,0.000195313,0,0,0.920455,0.960227
28000,linear_fc1,16,5120,0.667969,0.0976562,0,0.000390625,0.000195313,0,0,0.923977,0.964912
28000,linear_fc1,17,5120,0.644531,0.15332,0,0.000195313,0.000195313,0,0,0.921212,0.963636
28000,linear_fc1,18,5120,0.644531,0.121094,0,0.000195313,0.000195313,0,0,0.915152,0.957576
28000,linear_fc1,19,5120,0.652344,0.0834961,0,0.000195313,0.000195313,0,0,0.922156,0.958084
28000,linear_fc1,20,5120,0.660156,0.120117,0,0.000195313,0.000195313,0,0,0.928994,0.964497
28000,linear_fc1,21,5120,0.664062,0.155273,0,0.000195313,0.000195313,0,0,0.923529,0.964706
28000,linear_fc1,22,5120,0.664062,0.111328,0,0.000390625,0.000195313,0,0,0.923529,0.964706
28000,linear_fc1,23,5120,0.667969,0.104492,0,0.000390625,0.000195313,0,0,0.923977,0.964912
28000,linear_fc1,24,5120,0.675781,0.0976562,0,0.000585938,0.000195313,0,0,0.930636,0.965318
28000,linear_fc1,25,5120,0.695312,0.0898438,0,0.00078125,0.000390625,0,0,0.926966,0.966292
28000,linear_fc1,26,5120,0.707031,0.0830078,0,0.00078125,0.000390625,0,0,0.928177,0.966851
28000,linear_fc1,27,5120,0.722656,0.0874023,0,0.00078125,0.000390625,0,0,0.935135,0.972973
28000,linear_fc1,28,5120,0.738281,0.0756836,0,0.000976562,0.000390625,0,0,0.931217,0.968254
28000,linear_fc1,29,5120,0.753906,0.0356445,0,0.00117188,0.000390625,0.000390625,0,0.932642,0.968912
28000,linear_fc1,30,5120,0.773438,0.0913086,0,0.00117188,0.000390625,0,0,0.939394,0.969697
28000,linear_fc1,31,5120,0.792969,0.0593262,0,0.00117188,0.000390625,0.000195313,0,0.935961,0.975369
28000,linear_fc1,32,5120,0.808594,0.0339355,0,0.00117188,0.000585938,0.000195313,0,0.937198,0.975845
28000,linear_fc1,33,5120,0.824219,0.0250244,0,0.00117188,0.000585938,0.000195313,0,0.938389,0.976303
28000,linear_fc1,34,5120,0.847656,0.0111084,0,0.00117188,0.000390625,0.000195313,0,0.935484,0.976959
28000,linear_fc1,35,5120,0.871094,0.00476074,0,0.00117188,0.00078125,0.000195313,0.000195313,0.933587,0.977578
28000,linear_fc1,36,5120,0.890625,0.00549316,0,0.00117188,0.00078125,0.000195313,0.000195313,0.934211,0.97807
28000,linear_fc1,37,5120,0.910156,0.00305176,0,0.00117188,0.00078125,0.000195313,0.000195313,0.927039,0.974249
28000,linear_fc1,38,5120,0.921875,0.00665283,0,0.00117188,0.00078125,0.000195313,0.000195313,0.920297,0.978814
28000,linear_fc1,39,5120,0.9375,0.00204468,0,0.00136719,0.000976562,0.000390625,0.000195313,0.900792,0.975
28000,linear_fc1,40,5120,0.949219,0.00405884,0,0.0015625,0.000976562,0.000390625,0.000195313,0.893786,0.979424
28000,linear_fc1,41,5120,0.960938,0.0057373,0,0.0015625,0.000976562,0.000390625,0.000195313,0.888496,0.97561
28000,linear_fc1,42,5120,0.96875,0.00518799,0,0.0015625,0.000976562,0.000390625,0.000195313,0.877298,0.979839
28000,linear_fc1,43,5120,0.976562,0.00637817,0,0.00175781,0.000976562,0.000390625,0.000195313,0.864,0.98
28000,linear_fc1,44,5120,0.984375,0.0062561,0,0.00214844,0.000976562,0.000390625,0.000195313,0.853929,0.980159
28000,linear_fc1,45,5120,0.992188,0.00686646,0,0.00234375,0.000976562,0.000390625,0.000195313,0.839331,0.976378
28000,linear_fc1,46,5120,1,0.0157471,0,0.00292969,0.000976562,0.000390625,0,0.813789,0.976562
28000,linear_fc1,47,5120,1.00781,0.0224609,0,0.00292969,0.000976562,0.000390625,0,0.820039,0.972868
28000,linear_fc1,48,5120,1.00781,0.0169678,0,0.00292969,0.000976562,0.000195313,0,0.781085,0.976744
28000,linear_fc1,49,5120,1.01562,0.0566406,0,0.00292969,0.00078125,0.000195313,0,0.776,0.980769
28000,linear_fc1,50,5120,1.02344,0.0556641,0,0.00371094,0.000585938,0.000195313,0,0.760267,0.977099
28000,linear_fc1,51,5120,1.03125,0.0834961,0,0.00410156,0.000390625,0.000195313,0,0.742424,0.977273
28000,linear_fc1,52,5120,1.03125,0.0981445,0,0.00429688,0.000390625,0.000195313,0,0.735568,0.977273
28000,linear_fc1,53,5120,1.03906,0.128906,0,0.00410156,0.000390625,0,0,0.726992,0.969925
28000,linear_fc1,54,5120,1.03906,0.18457,0,0.00429688,0.000195313,0,0,0.73218,0.977444
28000,linear_fc1,55,5120,1.03906,0.182617,0,0.00390625,0.000195313,0,0,0.741316,0.977444
28000,linear_fc1,56,5120,1.04688,0.209961,0,0.00292969,0.000195313,0,0,0.762612,0.970149
28000,linear_fc1,57,5120,1.05469,0.337891,0,0.00273437,0,0,0,0.763667,0.97037
28000,linear_fc1,58,5120,1.05469,0.396484,0,0.00136719,0,0,0,0.798407,0.97037
28000,linear_fc1,59,5120,1.05469,0.470703,0,0.00078125,0,0,0,0.816222,0.977778
28000,linear_fc1,60,5120,1.07031,0.519531,0,0.000195313,0,0,0,0.850365,0.970803
28000,linear_fc1,61,5120,1.09375,0.566406,0,0,0,0,0,0.872107,0.971429
28000,linear_fc1,62,5120,1.10938,0.710938,0,0,0,0,0,0.897887,0.964789
28000,linear_fc1,63,5120,1.08594,0.875,0,0,0,0,0,0.942446,0.971223
28000,q_layernorm,0,128,1.09375,0.355469,0,0.0234375,0,0,0,0.417036,0.670357
28000,q_layernorm,1,128,1.45312,1.1875,0,0,0,0,0,0.827957,0.913978
28000,q_layernorm,2,128,1.5,1.125,0,0,0,0,0,0.770833,0.833333
28000,q_layernorm,3,128,1.58594,1.16406,0,0,0,0,0,0.752759,0.816749
28000,q_layernorm,4,128,1.49219,1.11719,0,0,0,0,0,0.77911,0.848168
28000,q_layernorm,5,128,1.45312,1.09375,0,0,0,0,0,0.797151,0.870968
28000,q_layernorm,6,128,1.76562,1.00781,0,0,0,0,0,0.60177,0.753097
28000,q_layernorm,7,128,1.6875,0.0922852,0,0.0390625,0.0390625,0.0234375,0,0.0661979,0.801852
28000,q_layernorm,8,128,1.63281,0.496094,0,0.03125,0,0,0,0.341388,0.803828
28000,q_layernorm,9,128,1.57812,0.601562,0,0.0078125,0,0,0,0.52354,0.765842
28000,q_layernorm,10,128,1.57812,1.04688,0,0,0,0,0,0.726238,0.843564
28000,q_layernorm,11,128,1.63281,0.867188,0,0,0,0,0,0.559809,0.770335
28000,q_layernorm,12,128,1.53906,1.05469,0,0,0,0,0,0.716142,0.849746
28000,q_layernorm,13,128,1.52344,0.139648,0,0.015625,0.015625,0.0078125,0,0.298551,0.77641
28000,q_layernorm,14,128,1.4375,0.851562,0,0,0,0,0,0.602663,0.798913
28000,q_layernorm,15,128,1.58594,0.808594,0,0,0,0,0,0.62468,0.826108
28000,q_layernorm,16,128,1.41406,0.898438,0,0,0,0,0,0.673729,0.81768
28000,q_layernorm,17,128,1.64062,1.07812,0,0,0,0,0,0.661,0.795714
28000,q_layernorm,18,128,1.66406,0.292969,0,0.0625,0.03125,0,0,0.186397,0.712207
28000,q_layernorm,19,128,1.73438,0.357422,0,0.0390625,0.0078125,0,0,0.331667,0.686486
28000,q_layernorm,20,128,1.57812,0.137695,0,0.046875,0.0234375,0.0078125,0,0.204604,0.69901
28000,q_layernorm,21,128,1.60156,0.0942383,0,0.078125,0.0234375,0.015625,0,0.124726,0.611463
28000,q_layernorm,22,128,1.71875,0.0145264,0,0.0859375,0.0703125,0.0546875,0.0078125,0.0257131,0.639545
28000,q_layernorm,23,128,1.64062,0.369141,0,0.0078125,0.0078125,0,0,0.538476,0.717619
28000,q_layernorm,24,128,1.55469,0.640625,0,0.0078125,0,0,0,0.536533,0.812563
28000,q_layernorm,25,128,1.65625,0.0649414,0,0.101562,0.078125,0.03125,0,0.051763,0.49434
28000,q_layernorm,26,128,1.54688,0.0908203,0,0.179688,0.140625,0.0703125,0,0.0645044,0.122222
28000,q_layernorm,27,128,1.63281,0.0593262,0,0.09375,0.046875,0.046875,0,0.0511274,0.545455
28000,q_layernorm,28,128,1.52344,0.0981445,0,0.1875,0.15625,0.0625,0,0.0756314,0.148846
28000,q_layernorm,29,128,1.60938,0.0534668,0,0.164062,0.109375,0.0625,0,0.0373195,0.229733
28000,q_layernorm,30,128,1.5625,0.0419922,0,0.0703125,0.03125,0.015625,0,0.0810656,0.605
28000,q_layernorm,31,128,1.48438,0.235352,0,0.132812,0.0390625,0,0,0.167671,0.399211
28000,q_layernorm,32,128,1.57031,0.106934,0,0.0625,0.0234375,0.015625,0,0.078551,0.700995
28000,q_layernorm,33,128,1.47656,0.161133,0,0.242188,0.148438,0,0,0.119616,0.203704
28000,q_layernorm,34,128,1.52344,0.110352,0,0.164062,0.117188,0.0234375,0,0.0896731,0.194872
28000,q_layernorm,35,128,1.58594,0.310547,0,0.0546875,0.0234375,0,0,0.212882,0.640394
28000,q_layernorm,36,128,1.5,0.235352,0,0.132812,0.03125,0,0,0.220508,0.4125
28000,q_layernorm,37,128,1.32031,0.671875,0,0,0,0,0,0.526864,0.571006
28000,q_layernorm,38,128,1.53906,1.25,0,0,0,0,0,0.822741,0.918782
28000,q_layernorm,39,128,1.38281,0.820312,0,0,0,0,0,0.602684,0.658192
28000,q_layernorm,40,128,1.46094,0.546875,0,0.15625,0,0,0,0.381845,0.44492
28000,q_layernorm,41,128,1.44531,0.636719,0,0.101562,0,0,0,0.444703,0.499189
28000,q_layernorm,42,128,1.29688,0.640625,0,0.0234375,0,0,0,0.494789,0.543373
28000,q_layernorm,43,128,1.32812,0.707031,0,0,0,0,0,0.540618,0.582353
28000,q_layernorm,44,128,1.38281,0.574219,0,0.210938,0,0,0,0.420367,0.454802
28000,q_layernorm,45,128,1.44531,0.277344,0,0.21875,0.0703125,0,0,0.196676,0.256757
28000,q_layernorm,46,128,1.46094,0.12793,0,0.1875,0.0703125,0.0078125,0,0.136417,0.296524
28000,q_layernorm,47,128,1.39844,0.351562,0,0.203125,0,0,0,0.261131,0.333799
28000,q_layernorm,48,128,1.53906,0.154297,0,0.101562,0.078125,0,0,0.129232,0.490101
28000,q_layernorm,49,128,1.39844,0.0703125,0,0.140625,0.109375,0.03125,0,0.0739839,0.197765
28000,q_layernorm,50,128,1.40625,0.558594,0,0.0390625,0,0,0,0.407722,0.766667
28000,q_layernorm,51,128,1.50781,0.21875,0,0.0703125,0.0234375,0,0,0.232565,0.546891
28000,q_layernorm,52,128,1.46094,0.527344,0,0.015625,0,0,0,0.439519,0.763102
28000,q_layernorm,53,128,1.5,0.155273,0,0.125,0.078125,0,0,0.110729,0.351562
28000,q_layernorm,54,128,1.44531,0.208008,0,0.179688,0.0703125,0,0,0.168405,0.302838
28000,q_layernorm,55,128,1.47656,1.01562,0,0,0,0,0,0.71328,0.855556
28000,q_layernorm,56,128,1.46875,0.695312,0,0.0078125,0,0,0,0.634628,0.849468
28000,q_layernorm,57,128,1.46094,0.179688,0,0.0390625,0.0234375,0,0,0.196832,0.782888
28000,q_layernorm,58,128,1.49219,1.21094,0,0,0,0,0,0.836702,0.890052
28000,q_layernorm,59,128,1.46875,1.10156,0,0,0,0,0,0.818138,0.89734
28000,q_layernorm,60,128,1.41406,1.03125,0,0,0,0,0,0.74674,0.865746
28000,q_layernorm,61,128,1.38281,0.984375,0,0,0,0,0,0.764237,0.845763
28000,q_layernorm,62,128,1.28906,1.09375,0,0,0,0,0,0.851758,0.89697
28000,q_layernorm,63,128,1.16406,0.976562,0,0,0,0,0,0.865671,0.926174
28000,k_layernorm,0,128,1.13281,0.353516,0,0.046875,0,0,0,0.403672,0.608621
28000,k_layernorm,1,128,1.4375,1.13281,0,0,0,0,0,0.833424,0.929348
28000,k_layernorm,2,128,1.48438,1.05469,0,0,0,0,0,0.771263,0.836842
28000,k_layernorm,3,128,1.60938,0.933594,0,0,0,0,0,0.661359,0.771845
28000,k_layernorm,4,128,1.49219,1.02344,0,0,0,0,0,0.705812,0.813613
28000,k_layernorm,5,128,1.45312,1.10156,0,0,0,0,0,0.782473,0.849462
28000,k_layernorm,6,128,1.74219,0.871094,0,0,0,0,0,0.608879,0.753812
28000,k_layernorm,7,128,1.67188,0.0101929,0,0.0546875,0.03125,0.0234375,0.0078125,0.0715333,0.716355
28000,k_layernorm,8,128,1.60938,0.435547,0,0.03125,0,0,0,0.371286,0.793204
28000,k_layernorm,9,128,1.53906,0.351562,0,0.0390625,0.0078125,0,0,0.314543,0.761929
28000,k_layernorm,10,128,1.57812,0.910156,0,0,0,0,0,0.639951,0.791089
28000,k_layernorm,11,128,1.625,0.644531,0,0.015625,0,0,0,0.441563,0.713462
28000,k_layernorm,12,128,1.5,1.09375,0,0,0,0,0,0.740417,0.857812
28000,k_layernorm,13,128,1.52344,0.300781,0,0.0234375,0.0078125,0,0,0.312359,0.771282
28000,k_layernorm,14,128,1.40625,0.664062,0,0.0078125,0,0,0,0.55325,0.757778
28000,k_layernorm,15,128,1.57812,0.761719,0,0.0078125,0,0,0,0.567203,0.772277
28000,k_layernorm,16,128,1.41406,0.59375,0,0.0234375,0,0,0,0.460193,0.804972
28000,k_layernorm,17,128,1.59375,0.910156,0,0,0,0,0,0.655931,0.805882
28000,k_layernorm,18,128,1.61719,0.0874023,0,0.0703125,0.0390625,0.015625,0,0.0913527,0.622222
28000,k_layernorm,19,128,1.69531,0.176758,0,0.046875,0.0234375,0,0,0.197454,0.698157
28000,k_layernorm,20,128,1.5625,0.116699,0,0.0390625,0.03125,0.0078125,0,0.121906,0.67
28000,k_layernorm,21,128,1.53906,0.0205078,0,0.078125,0.0390625,0.015625,0,0.109813,0.598223
28000,k_layernorm,22,128,1.67969,0.0397949,0,0.101562,0.0703125,0.03125,0,0.0507384,0.525116
28000,k_layernorm,23,128,1.64062,0.470703,0,0.0390625,0,0,0,0.325,0.719048
28000,k_layernorm,24,128,1.53906,0.102051,0,0.0234375,0.0078125,0.0078125,0,0.401193,0.825888
28000,k_layernorm,25,128,1.61719,0.0158691,0,0.125,0.09375,0.03125,0.0078125,0.0475785,0.354348
28000,k_layernorm,26,128,1.5625,0.0751953,0,0.195312,0.132812,0.046875,0,0.0718313,0.134063
28000,k_layernorm,27,128,1.61719,0.0131226,0,0.117188,0.0703125,0.046875,0.0078125,0.0140799,0.450242
28000,k_layernorm,28,128,1.50781,0.0917969,0,0.226562,0.148438,0.0546875,0,0.072772,0.146308
28000,k_layernorm,29,128,1.60156,0.10791,0,0.195312,0.132812,0.015625,0,0.0916402,0.210854
28000,k_layernorm,30,128,1.51562,0.0178223,0,0.117188,0.046875,0.015625,0,0.0869813,0.483247
28000,k_layernorm,31,128,1.46875,0.283203,0,0.164062,0.0546875,0,0,0.197739,0.361436
28000,k_layernorm,32,128,1.57031,0.0878906,0,0.09375,0.03125,0.015625,0,0.0921331,0.552488
28000,k_layernorm,33,128,1.5,0.222656,0,0.273438,0.164062,0,0,0.151673,0.175521
28000,k_layernorm,34,128,1.53906,0.129883,0,0.203125,0.15625,0.0234375,0,0.0881282,0.175
28000,k_layernorm,35,128,1.59375,0.200195,0,0.140625,0.0390625,0,0,0.131354,0.403431
28000,k_layernorm,36,128,1.52344,0.275391,0,0.171875,0.0390625,0,0,0.198192,0.348205
28000,k_layernorm,37,128,1.30469,0.667969,0,0,0,0,0,0.535928,0.567964
28000,k_layernorm,38,128,1.53125,0.90625,0,0,0,0,0,0.674694,0.864796
28000,k_layernorm,39,128,1.375,0.710938,0,0,0,0,0,0.564034,0.646875
28000,k_layernorm,40,128,1.42188,0.566406,0,0.15625,0,0,0,0.399093,0.454396
28000,k_layernorm,41,128,1.40625,0.628906,0,0.0625,0,0,0,0.459083,0.523333
28000,k_layernorm,42,128,1.26562,0.628906,0,0.0078125,0,0,0,0.518519,0.558642
28000,k_layernorm,43,128,1.34375,0.585938,0,0.03125,0,0,0,0.479331,0.523256
28000,k_layernorm,44,128,1.3125,0.582031,0,0.148438,0,0,0,0.459137,0.485119
28000,k_layernorm,45,128,1.44531,0.255859,0,0.257812,0.0859375,0,0,0.201095,0.278378
28000,k_layernorm,46,128,1.47656,0.189453,0,0.234375,0.0859375,0,0,0.153849,0.272884
28000,k_layernorm,47,128,1.35938,0.316406,0,0.195312,0.0078125,0,0,0.274813,0.353017
28000,k_layernorm,48,128,1.53125,0.11377,0,0.15625,0.09375,0.015625,0,0.0955038,0.279082
28000,k_layernorm,49,128,1.40625,0.0390625,0,0.171875,0.109375,0.0390625,0,0.0664201,0.227639
28000,k_layernorm,50,128,1.39844,0.460938,0,0.03125,0,0,0,0.362067,0.751397
28000,k_layernorm,51,128,1.49219,0.144531,0,0.140625,0.0390625,0.0078125,0,0.158606,0.373822
28000,k_layernorm,52,128,1.42969,0.390625,0,0.046875,0,0,0,0.364781,0.68388
28000,k_layernorm,53,128,1.5,0.143555,0,0.148438,0.0859375,0.015625,0,0.103477,0.376302
28000,k_layernorm,54,128,1.4375,0.205078,0,0.195312,0.078125,0,0,0.165448,0.284511
28000,k_layernorm,55,128,1.46094,0.402344,0,0.0234375,0,0,0,0.329225,0.82246
28000,k_layernorm,56,128,1.44531,0.164062,0,0.015625,0.0078125,0,0,0.495595,0.802162
28000,k_layernorm,57,128,1.4375,0.134766,0,0.03125,0.0234375,0.0078125,0,0.176073,0.780978
28000,k_layernorm,58,128,1.46875,1.17969,0,0,0,0,0,0.836543,0.893617
28000,k_layernorm,59,128,1.45312,1.14844,0,0,0,0,0,0.797151,0.887097
28000,k_layernorm,60,128,1.40625,0.800781,0,0,0,0,0,0.593833,0.8
28000,k_layernorm,61,128,1.35156,0.980469,0,0,0,0,0,0.753382,0.871098
28000,k_layernorm,62,128,1.28125,1.07812,0,0,0,0,0,0.853659,0.902439
28000,k_layernorm,63,128,1.16406,0.980469,0,0,0,0,0,0.84745,0.926174
28000,final_layernorm,-1,5120,1.69531,1.41406,0,0,0,0,0,0.935484,0.967742
32000,linear_qkv,0,5120,0.333984,0.135742,0,0.000585938,0,0,0,0.725702,0.859649
32000,linear_qkv,1,5120,0.597656,0.199219,0,0.000390625,0,0,0,0.888889,0.941176
32000,linear_qkv,2,5120,0.789062,0.0952148,0,0.00078125,0.000195313,0,0,0.846535,0.940594
32000,linear_qkv,3,5120,0.886719,0.246094,0,0.000195313,0,0,0,0.889868,0.947137
32000,linear_qkv,4,5120,0.890625,0.181641,0,0.000195313,0.000195313,0,0,0.894737,0.947368
32000,linear_qkv,5,5120,0.980469,0.255859,0,0.000195313,0,0,0,0.896414,0.948207
32000,linear_qkv,6,5120,1.04688,0.431641,0,0.000195313,0,0,0,0.880597,0.940299
32000,linear_qkv,7,5120,1.14062,0.597656,0,0,0,0,0,0.89726,0.952055
32000,linear_qkv,8,5120,1.09375,0.380859,0,0.000585938,0,0,0,0.882143,0.95
32000,linear_qkv,9,5120,1.00781,0.308594,0,0.000585938,0,0,0,0.887597,0.953488
32000,linear_qkv,10,5120,1.03906,0.400391,0,0.000585938,0,0,0,0.902256,0.954887
32000,linear_qkv,11,5120,1.07031,0.388672,0,0.000585938,0,0,0,0.890511,0.948905
32000,linear_qkv,12,5120,1.01562,0.4375,0,0.000585938,0,0,0,0.915385,0.961538
32000,linear_qkv,13,5120,1.02344,0.400391,0,0.000585938,0,0,0,0.901489,0.958015
32000,linear_qkv,14,5120,0.976562,0.46875,0,0.000585938,0,0,0,0.908,0.956
32000,linear_qkv,15,5120,1.09375,0.515625,0,0.000195313,0,0,0,0.910714,0.957143
32000,linear_qkv,16,5120,1.05469,0.597656,0,0,0,0,0,0.922222,0.962963
32000,linear_qkv,17,5120,1.23438,0.742188,0,0,0,0,0,0.924051,0.955696
32000,linear_qkv,18,5120,1.15625,0.609375,0,0,0,0,0,0.905405,0.952703
32000,linear_qkv,19,5120,1.25781,0.703125,0,0,0,0,0,0.919255,0.956522
32000,linear_qkv,20,5120,1.125,0.625,0,0,0,0,0,0.909722,0.958333
32000,linear_qkv,21,5120,1.09375,0.675781,0,0,0,0,0,0.928571,0.964286
32000,linear_qkv,22,5120,1.34375,0.796875,0,0,0,0,0,0.918605,0.959302
32000,linear_qkv,23,5120,1.32031,0.722656,0,0,0,0,0,0.934911,0.964497
32000,linear_qkv,24,5120,1.27344,0.699219,0,0,0,0,0,0.92638,0.96319
32000,linear_qkv,25,5120,1.1875,0.542969,0,0.000195313,0,0,0,0.915724,0.960526
32000,linear_qkv,26,5120,1.14062,0.488281,0,0.000195313,0,0,0,0.917808,0.952055
32000,linear_qkv,27,5120,1.34375,0.617188,0,0.000195313,0,0,0,0.906977,0.953488
32000,linear_qkv,28,5120,1.22656,0.554688,0,0.000585938,0,0,0,0.886561,0.949045
32000,linear_qkv,29,5120,1.26562,0.503906,0,0.000585938,0,0,0,0.895062,0.950617
32000,linear_qkv,30,5120,1.35938,0.5625,0,0.000390625,0,0,0,0.896552,0.954023
32000,linear_qkv,31,5120,1.07812,0.5,0,0.000195313,0,0,0,0.905797,0.956522
32000,linear_qkv,32,5120,1.16406,0.519531,0,0.000390625,0,0,0,0.912752,0.959732
32000,linear_qkv,33,5120,1.15625,0.466797,0,0.00078125,0,0,0,0.891892,0.945946
32000,linear_qkv,34,5120,1.27344,0.515625,0,0.000585938,0,0,0,0.889571,0.95092
32000,linear_qkv,35,5120,1.19531,0.439453,0,0.000585938,0,0,0,0.901961,0.954248
32000,linear_qkv,36,5120,1.05469,0.433594,0,0.00078125,0,0,0,0.896296,0.955556
32000,linear_qkv,37,5120,0.847656,0.339844,0,0.000390625,0,0,0,0.903226,0.949309
32000,linear_qkv,38,5120,1.03906,0.46875,0,0.000195313,0,0,0,0.913534,0.954887
32000,linear_qkv,39,5120,0.875,0.40625,0,0.000390625,0,0,0,0.901786,0.955357
32000,linear_qkv,40,5120,0.949219,0.34375,0,0.000585938,0,0,0,0.888889,0.954733
32000,linear_qkv,41,5120,0.910156,0.333984,0,0.000585938,0,0,0,0.892704,0.95279
32000,linear_qkv,42,5120,0.863281,0.396484,0,0.00078125,0,0,0,0.886878,0.950226
32000,linear_qkv,43,5120,0.890625,0.394531,0,0.000585938,0,0,0,0.881579,0.951754
32000,linear_qkv,44,5120,0.929688,0.367188,0,0.000585938,0,0,0,0.874748,0.953782
32000,linear_qkv,45,5120,1.02344,0.40625,0,0.000390625,0,0,0,0.84042,0.954198
32000,linear_qkv,46,5120,1.05469,0.421875,0,0.000390625,0,0,0,0.834741,0.955556
32000,linear_qkv,47,5120,0.972656,0.507812,0,0,0,0,0,0.859438,0.955823
32000,linear_qkv,48,5120,1.15625,0.503906,0,0.000390625,0,0,0,0.794561,0.952703
32000,linear_qkv,49,5120,1.125,0.5,0,0.000390625,0,0,0,0.792986,0.958333
32000,linear_qkv,50,5120,1.04688,0.503906,0,0.000195313,0,0,0,0.850746,0.955224
32000,linear_qkv,51,5120,1.125,0.507812,0,0.000585938,0,0,0,0.756111,0.951389
32000,linear_qkv,52,5120,1.08594,0.511719,0,0.000195313,0,0,0,0.810036,0.964029
32000,linear_qkv,53,5120,1.21875,0.496094,0,0.00195312,0,0,0,0.687115,0.955128
32000,linear_qkv,54,5120,1.14062,0.423828,0,0.00195312,0,0,0,0.712979,0.958904
32000,linear_qkv,55,5120,1.21875,0.640625,0,0,0,0,0,0.746795,0.948718
32000,linear_qkv,56,5120,1.21875,0.574219,0,0.00078125,0,0,0,0.708333,0.948718
32000,linear_qkv,57,5120,1.19531,0.421875,0,0.00273437,0,0,0,0.663399,0.947712
32000,linear_qkv,58,5120,1.23438,0.574219,0,0.000390625,0,0,0,0.737943,0.943038
32000,linear_qkv,59,5120,1.16406,0.462891,0,0.00117188,0,0,0,0.71604,0.946309
32000,linear_qkv,60,5120,1.07812,0.585938,0,0,0,0,0,0.768116,0.956522
32000,linear_qkv,61,5120,1.08594,0.613281,0,0,0,0,0,0.777662,0.942446
32000,linear_qkv,62,5120,1.01562,0.699219,0,0,0,0,0,0.9,0.965385
32000,linear_qkv,63,5120,0.976562,0.8125,0,0,0,0,0,0.932,0.964
32000,linear_fc1,0,5120,0.625,0.0771484,0,0.00175781,0.000390625,0,0,0.68125,0.88125
32000,linear_fc1,1,5120,0.917969,0.0378418,0,0.00507812,0.003125,0.00078125,0,0.728468,0.93617
32000,linear_fc1,2,5120,0.929688,0.0341797,0,0.00410156,0.00273437,0.000585938,0,0.874748,0.962185
32000,linear_fc1,3,5120,0.863281,0.0505371,0,0.003125,0.00117188,0.000390625,0,0.895928,0.963801
32000,linear_fc1,4,5120,0.824219,0.0476074,0,0.00195312,0.000976562,0.000390625,0,0.895735,0.962085
32000,linear_fc1,5,5120,0.734375,0.0250244,0,0.000976562,0.000390625,0.000390625,0,0.904255,0.957447
32000,linear_fc1,6,5120,0.671875,0.0341797,0,0.000976562,0.000390625,0.000390625,0,0.895349,0.947674
32000,linear_fc1,7,5120,0.648438,0.045166,0,0.000976562,0.000585938,0.000390625,0,0.891566,0.951807
32000,linear_fc1,8,5120,0.65625,0.0334473,0,0.000976562,0.000585938,0.000390625,0,0.89881,0.958333
32000,linear_fc1,9,5120,0.671875,0.0373535,0,0.000976562,0.000585938,0.000390625,0,0.906977,0.959302
32000,linear_fc1,10,5120,0.667969,0.0439453,0,0.000976562,0.000585938,0.000195313,0,0.906433,0.953216
32000,linear_fc1,11,5120,0.671875,0.0358887,0,0.00078125,0.000585938,0.000195313,0,0.906977,0.959302
32000,linear_fc1,12,5120,0.679688,0.045166,0,0.000976562,0.000585938,0.000195313,0,0.908046,0.95977
32000,linear_fc1,13,5120,0.683594,0.0458984,0,0.000976562,0.000585938,0.000195313,0,0.914286,0.96
32000,linear_fc1,14,5120,0.675781,0.0478516,0,0.00078125,0.000585938,0.000195313,0,0.919075,0.965318
32000,linear_fc1,15,5120,0.671875,0.0683594,0,0.00078125,0.000195313,0,0,0.918605,0.959302
32000,linear_fc1,16,5120,0.652344,0.0766602,0,0.000585938,0.000195313,0,0,0.916168,0.958084
32000,linear_fc1,17,5120,0.628906,0.130859,0,0.000195313,0.000195313,0,0,0.913043,0.956522
32000,linear_fc1,18,5120,0.625,0.0991211,0,0.000195313,0.000195313,0,0,0.9125,0.9625
32000,linear_fc1,19,5120,0.628906,0.0708008,0,0.000195313,0.000195313,0,0,0.919255,0.962733
32000,linear_fc1,20,5120,0.640625,0.102051,0,0.000195313,0.000195313,0,0,0.920732,0.963415
32000,linear_fc1,21,5120,0.640625,0.128906,0,0.000390625,0.000195313,0,0,0.926829,0.963415
32000,linear_fc1,22,5120,0.640625,0.0869141,0,0.000390625,0.000195313,0,0,0.926829,0.963415
32000,linear_fc1,23,5120,0.644531,0.0859375,0,0.000585938,0.000195313,0,0,0.927273,0.963636
32000,linear_fc1,24,5120,0.65625,0.0761719,0,0.00078125,0.000390625,0,0,0.922619,0.964286
32000,linear_fc1,25,5120,0.675781,0.0673828,0,0.00078125,0.000390625,0.000195313,0,0.924855,0.965318
32000,linear_fc1,26,5120,0.6875,0.0612793,0,0.000976562,0.000390625,0.000195313,0,0.926136,0.965909
32000,linear_fc1,27,5120,0.703125,0.0649414,0,0.000976562,0.000390625,0.000390625,0,0.933333,0.972222
32000,linear_fc1,28,5120,0.71875,0.0505371,0,0.00117188,0.000390625,0.000390625,0,0.934783,0.972826
32000,linear_fc1,29,5120,0.734375,0.0189209,0,0.00117188,0.000390625,0.000390625,0,0.93617,0.968085
32000,linear_fc1,30,5120,0.753906,0.0678711,0,0.00117188,0.000390625,0.000195313,0,0.943005,0.974093
32000,linear_fc1,31,5120,0.773438,0.0412598,0,0.00117188,0.000390625,0.000195313,0,0.939394,0.974747
32000,linear_fc1,32,5120,0.789062,0.0192871,0,0.00117188,0.000585938,0.000195313,0,0.940594,0.975248
32000,linear_fc1,33,5120,0.808594,0.0133667,0,0.00117188,0.000585938,0.000195313,0,0.937198,0.975845
32000,linear_fc1,34,5120,0.832031,0.00543213,0,0.00117188,0.00078125,0.000195313,0.000195313,0.935164,0.976526
32000,linear_fc1,35,5120,0.855469,0.00457764,0,0.00117188,0.00078125,0.000195313,0.000195313,0.936073,0.981735
32000,linear_fc1,36,5120,0.878906,0.00546265,0,0.00117188,0.00078125,0.000195313,0.000195313,0.934178,0.977778
32000,linear_fc1,37,5120,0.898438,0.00306702,0,0.00136719,0.000976562,0.000195313,0.000195313,0.921739,0.978261
32000,linear_fc1,38,5120,0.914062,0.00689697,0,0.00136719,0.000976562,0.000390625,0.000195313,0.920427,0.978632
32000,linear_fc1,39,5120,0.925781,0.00256348,0,0.0015625,0.000976562,0.000585938,0.000195313,0.912996,0.978903
32000,linear_fc1,40,5120,0.9375,0.00454712,0,0.0015625,0.000976562,0.000585938,0.000195313,0.904958,0.979167
32000,linear_fc1,41,5120,0.949219,0.00613403,0,0.0015625,0.000976562,0.000390625,0.000195313,0.90535,0.979424
32000,linear_fc1,42,5120,0.957031,0.00466919,0,0.0015625,0.000976562,0.000585938,0.000195313,0.897959,0.979592
32000,linear_fc1,43,5120,0.96875,0.00653076,0,0.00214844,0.000976562,0.000585938,0.000195313,0.879798,0.979839
32000,linear_fc1,44,5120,0.976562,0.00610352,0,0.00273437,0.000976562,0.000390625,0.000195313,0.86952,0.976
32000,linear_fc1,45,5120,0.980469,0.00601196,0,0.00273437,0.00117188,0.000390625,0.000195313,0.853347,0.98008
32000,linear_fc1,46,5120,0.988281,0.0115356,0,0.003125,0.00117188,0.000585938,0,0.848103,0.976285
32000,linear_fc1,47,5120,0.992188,0.0164795,0,0.003125,0.00117188,0.000390625,0,0.839331,0.980315
32000,linear_fc1,48,5120,0.996094,0.0090332,0,0.00371094,0.00117188,0.000390625,0.000195313,0.81251,0.980392
32000,linear_fc1,49,5120,1.00781,0.041748,0,0.00390625,0.000976562,0.000195313,0,0.79845,0.976744
32000,linear_fc1,50,5120,1.00781,0.041748,0,0.00429688,0.000976562,0.000195313,0,0.780543,0.98062
32000,linear_fc1,51,5120,1.01562,0.0654297,0,0.00449219,0.00078125,0.000195313,0,0.765385,0.976923
32000,linear_fc1,52,5120,1.01562,0.078125,0,0.00527344,0.00078125,0.000195313,0,0.761538,0.980769
32000,linear_fc1,53,5120,1.02344,0.109863,0,0.00449219,0.00078125,0,0,0.763168,0.977099
32000,linear_fc1,54,5120,1.02344,0.163086,0,0.00507812,0.000195313,0,0,0.760992,0.977099
32000,linear_fc1,55,5120,1.02344,0.152344,0,0.00449219,0.000195313,0,0,0.767176,0.977099
32000,linear_fc1,56,5120,1.02344,0.174805,0,0.00371094,0.000195313,0,0,0.776794,0.977099
32000,linear_fc1,57,5120,1.03125,0.294922,0,0.00351562,0,0,0,0.783712,0.977273
32000,linear_fc1,58,5120,1.03125,0.351562,0,0.00234375,0,0,0,0.822689,0.977273
32000,linear_fc1,59,5120,1.03125,0.404297,0,0.00136719,0,0,0,0.841629,0.977273
32000,linear_fc1,60,5120,1.04688,0.449219,0,0.000585938,0,0,0,0.848246,0.970149
32000,linear_fc1,61,5120,1.07812,0.542969,0,0,0,0,0,0.873877,0.963768
32000,linear_fc1,62,5120,1.10156,0.683594,0,0,0,0,0,0.901383,0.964539
32000,linear_fc1,63,5120,1.10156,0.867188,0,0,0,0,0,0.929078,0.964539
32000,q_layernorm,0,128,1.10938,0.337891,0,0.0234375,0,0,0,0.406356,0.664789
32000,q_layernorm,1,128,1.46875,1.19531,0,0,0,0,0,0.815266,0.90266
32000,q_layernorm,2,128,1.50781,1.10938,0,0,0,0,0,0.752694,0.829016
32000,q_layernorm,3,128,1.59375,1.14844,0,0,0,0,0,0.742843,0.805882
32000,q_layernorm,4,128,1.50781,1.10156,0,0,0,0,0,0.762073,0.843005
32000,q_layernorm,5,128,1.46875,1.0625,0,0,0,0,0,0.778032,0.856383
32000,q_layernorm,6,128,1.78906,0.988281,0,0,0,0,0,0.586332,0.748908
32000,q_layernorm,7,128,1.70312,0.0869141,0,0.0390625,0.0390625,0.0234375,0,0.0609031,0.79633
32000,q_layernorm,8,128,1.64844,0.425781,0,0.03125,0,0,0,0.303021,0.813744
32000,q_layernorm,9,128,1.59375,0.359375,0,0.0234375,0.0078125,0,0,0.445809,0.763235
32000,q_layernorm,10,128,1.59375,0.992188,0,0,0,0,0,0.709314,0.835294
32000,q_layernorm,11,128,1.66406,0.785156,0,0.015625,0,0,0,0.490352,0.768545
32000,q_layernorm,12,128,1.57031,1.01562,0,0,0,0,0,0.688308,0.830846
32000,q_layernorm,13,128,1.54688,0.0820312,0,0.015625,0.015625,0.0078125,0,0.256073,0.774747
32000,q_layernorm,14,128,1.45312,0.792969,0,0,0,0,0,0.562554,0.801075
32000,q_layernorm,15,128,1.61719,0.722656,0,0.0078125,0,0,0,0.58343,0.821739
32000,q_layernorm,16,128,1.4375,0.894531,0,0,0,0,0,0.639973,0.804348
32000,q_layernorm,17,128,1.67188,1.05469,0,0,0,0,0,0.638037,0.785514
32000,q_layernorm,18,128,1.66406,0.261719,0,0.0546875,0.03125,0,0,0.170376,0.726291
32000,q_layernorm,19,128,1.76562,0.298828,0,0.046875,0.0078125,0,0,0.301881,0.687611
32000,q_layernorm,20,128,1.60156,0.0996094,0,0.046875,0.0234375,0.0078125,0,0.169768,0.708781
32000,q_layernorm,21,128,1.60938,0.0776367,0,0.0703125,0.0390625,0.015625,0,0.10341,0.620631
32000,q_layernorm,22,128,1.74219,0.012207,0,0.0859375,0.0703125,0.0546875,0.0078125,0.0192279,0.652466
32000,q_layernorm,23,128,1.65625,0.283203,0,0.0078125,0.0078125,0,0,0.513821,0.710849
32000,q_layernorm,24,128,1.58594,0.589844,0,0.0078125,0,0,0,0.502463,0.801478
32000,q_layernorm,25,128,1.67969,0.0595703,0,0.109375,0.078125,0.03125,0,0.046189,0.483953
32000,q_layernorm,26,128,1.5625,0.0786133,0,0.179688,0.140625,0.078125,0,0.0542969,0.105437
32000,q_layernorm,27,128,1.64844,0.0473633,0,0.09375,0.0546875,0.046875,0,0.0402932,0.5391
32000,q_layernorm,28,128,1.53906,0.0800781,0,0.179688,0.171875,0.0859375,0,0.0555425,0.117195
32000,q_layernorm,29,128,1.625,0.0397949,0,0.15625,0.117188,0.0703125,0,0.0314483,0.208413
32000,q_layernorm,30,128,1.57031,0.0297852,0,0.0859375,0.03125,0.015625,0,0.0633924,0.625373
32000,q_layernorm,31,128,1.5,0.177734,0,0.140625,0.0625,0,0,0.139674,0.365365
32000,q_layernorm,32,128,1.58594,0.101074,0,0.0625,0.0234375,0.0234375,0,0.0700431,0.703941
32000,q_layernorm,33,128,1.49219,0.116699,0,0.242188,0.171875,0.015625,0,0.0878763,0.169764
32000,q_layernorm,34,128,1.53906,0.0996094,0,0.164062,0.117188,0.03125,0,0.0715197,0.173223
32000,q_layernorm,35,128,1.60938,0.201172,0,0.0625,0.03125,0,0,0.155674,0.63301
32000,q_layernorm,36,128,1.51562,0.164062,0,0.140625,0.0546875,0,0,0.169433,0.38866
32000,q_layernorm,37,128,1.33594,0.65625,0,0.0078125,0,0,0,0.515409,0.574269
32000,q_layernorm,38,128,1.55469,1.25,0,0,0,0,0,0.827236,0.914573
32000,q_layernorm,39,128,1.39844,0.824219,0,0,0,0,0,0.598436,0.677095
32000,q_layernorm,40,128,1.48438,0.482422,0,0.164062,0,0,0,0.346368,0.422895
32000,q_layernorm,41,128,1.46094,0.601562,0,0.109375,0,0,0,0.431203,0.497326
32000,q_layernorm,42,128,1.3125,0.621094,0,0.0546875,0,0,0,0.474018,0.526786
32000,q_layernorm,43,128,1.34375,0.683594,0,0,0,0,0,0.523488,0.563953
32000,q_layernorm,44,128,1.41406,0.542969,0,0.234375,0,0,0,0.38674,0.43011
32000,q_layernorm,45,128,1.46094,0.224609,0,0.21875,0.117188,0,0,0.161511,0.231283
32000,q_layernorm,46,128,1.48438,0.122559,0,0.195312,0.0859375,0.0078125,0,0.104408,0.269474
32000,q_layernorm,47,128,1.40625,0.296875,0,0.203125,0.046875,0,0,0.227097,0.300556
32000,q_layernorm,48,128,1.55469,0.122559,0,0.101562,0.078125,0.015625,0,0.102619,0.496482
32000,q_layernorm,49,128,1.41406,0.0791016,0,0.140625,0.109375,0.03125,0,0.0727072,0.182873
32000,q_layernorm,50,128,1.42969,0.511719,0,0.0390625,0,0,0,0.370984,0.761749
32000,q_layernorm,51,128,1.53125,0.168945,0,0.0703125,0.0234375,0,0,0.19074,0.534694
32000,q_layernorm,52,128,1.48438,0.46875,0,0.015625,0,0,0,0.397289,0.766842
32000,q_layernorm,53,128,1.52344,0.121582,0,0.125,0.078125,0.03125,0,0.0898269,0.341282
32000,q_layernorm,54,128,1.46094,0.182617,0,0.179688,0.09375,0,0,0.1375,0.276738
32000,q_layernorm,55,128,1.49219,0.972656,0,0,0,0,0,0.681047,0.837696
32000,q_layernorm,56,128,1.49219,0.640625,0,0.0078125,0,0,0,0.608455,0.837696
32000,q_layernorm,57,128,1.46875,0.135742,0,0.0390625,0.0234375,0.0078125,0,0.145505,0.787234
32000,q_layernorm,58,128,1.51562,1.19531,0,0,0,0,0,0.823763,0.890206
32000,q_layernorm,59,128,1.48438,1.08594,0,0,0,0,0,0.802842,0.887895
32000,q_layernorm,60,128,1.42969,1.03125,0,0,0,0,0,0.734153,0.856284
32000,q_layernorm,61,128,1.39844,0.976562,0,0,0,0,0,0.757207,0.84581
32000,q_layernorm,62,128,1.29688,1.09375,0,0,0,0,0,0.849398,0.89759
32000,q_layernorm,63,128,1.16406,0.96875,0,0,0,0,0,0.85896,0.932886
32000,k_layernorm,0,128,1.14844,0.326172,0,0.0625,0,0,0,0.377908,0.594218
32000,k_layernorm,1,128,1.46094,1.11719,0,0,0,0,0,0.827861,0.918182
32000,k_layernorm,2,128,1.49219,1.03906,0,0,0,0,0,0.75534,0.83089
32000,k_layernorm,3,128,1.61719,0.90625,0,0,0,0,0,0.648502,0.761836
32000,k_layernorm,4,128,1.5,1.00781,0,0,0,0,0,0.688906,0.802083
32000,k_layernorm,5,128,1.46094,1.08594,0,0,0,0,0,0.770481,0.845455
32000,k_layernorm,6,128,1.77344,0.835938,0,0.0078125,0,0,0,0.594934,0.740529
32000,k_layernorm,7,128,1.6875,0.020752,0,0.0546875,0.03125,0.0234375,0,0.0674624,0.709259
32000,k_layernorm,8,128,1.64062,0.353516,0,0.0390625,0.0078125,0,0,0.3285,0.780952
32000,k_layernorm,9,128,1.5625,0.261719,0,0.0390625,0.015625,0,0,0.261812,0.7485
32000,k_layernorm,10,128,1.59375,0.871094,0,0,0,0,0,0.623211,0.776961
32000,k_layernorm,11,128,1.64844,0.550781,0,0.015625,0,0,0,0.417156,0.701422
32000,k_layernorm,12,128,1.51562,1.0625,0,0,0,0,0,0.722474,0.845361
32000,k_layernorm,13,128,1.53906,0.225586,0,0.0234375,0.015625,0,0,0.281751,0.770051
32000,k_layernorm,14,128,1.42188,0.574219,0,0.015625,0,0,0,0.475357,0.743956
32000,k_layernorm,15,128,1.60156,0.679688,0,0.0078125,0,0,0,0.541098,0.76439
32000,k_layernorm,16,128,1.42969,0.554688,0,0.0234375,0,0,0,0.430874,0.797814
32000,k_layernorm,17,128,1.625,0.851562,0,0,0,0,0,0.633702,0.787019
32000,k_layernorm,18,128,1.64062,0.0683594,0,0.0859375,0.0390625,0.0234375,0,0.0713393,0.622381
32000,k_layernorm,19,128,1.74219,0.12207,0,0.0625,0.03125,0.0078125,0,0.164966,0.680718
32000,k_layernorm,20,128,1.57812,0.0908203,0,0.046875,0.03125,0.0234375,0,0.0900928,0.673267
32000,k_layernorm,21,128,1.57031,0.0162354,0,0.078125,0.046875,0.015625,0,0.0905255,0.597264
32000,k_layernorm,22,128,1.70312,0.0334473,0,0.101562,0.0703125,0.0390625,0,0.0428641,0.51445
32000,k_layernorm,23,128,1.65625,0.353516,0,0.0390625,0.015625,0,0,0.265448,0.706132
32000,k_layernorm,24,128,1.55469,0.0539551,0,0.0390625,0.0078125,0.0078125,0,0.362864,0.824121
32000,k_layernorm,25,128,1.63281,0.00631714,0,0.125,0.09375,0.03125,0.0078125,0.0474222,0.345813
32000,k_layernorm,26,128,1.58594,0.0585938,0,0.203125,0.132812,0.0703125,0,0.0591533,0.124877
32000,k_layernorm,27,128,1.63281,0.0078125,0,0.117188,0.078125,0.046875,0.0078125,0.0152871,0.428469
32000,k_layernorm,28,128,1.52344,0.0732422,0,0.226562,0.15625,0.078125,0,0.0571154,0.13109
32000,k_layernorm,29,128,1.61719,0.0864258,0,0.195312,0.132812,0.03125,0,0.0774034,0.192995
32000,k_layernorm,30,128,1.53125,0.015625,0,0.117188,0.0546875,0.015625,0,0.0690147,0.470408
32000,k_layernorm,31,128,1.48438,0.230469,0,0.171875,0.0625,0,0,0.161842,0.331447
32000,k_layernorm,32,128,1.59375,0.0678711,0,0.09375,0.0390625,0.015625,0,0.0743719,0.543382
32000,k_layernorm,33,128,1.52344,0.165039,0,0.28125,0.179688,0,0,0.121551,0.155769
32000,k_layernorm,34,128,1.5625,0.102051,0,0.203125,0.171875,0.046875,0,0.0732594,0.153187
32000,k_layernorm,35,128,1.60938,0.136719,0,0.140625,0.0546875,0.015625,0,0.102397,0.378155
32000,k_layernorm,36,128,1.54688,0.21582,0,0.1875,0.0546875,0,0,0.155625,0.306818
32000,k_layernorm,37,128,1.3125,0.65625,0,0,0,0,0,0.532738,0.569643
32000,k_layernorm,38,128,1.54688,0.878906,0,0,0,0,0,0.667879,0.866162
32000,k_layernorm,39,128,1.39844,0.710938,0,0,0,0,0,0.540615,0.652793
32000,k_layernorm,40,128,1.45312,0.503906,0,0.21875,0,0,0,0.362903,0.426613
32000,k_layernorm,41,128,1.44531,0.589844,0,0.109375,0,0,0,0.43827,0.495676
32000,k_layernorm,42,128,1.28906,0.613281,0,0.0234375,0,0,0,0.494758,0.547576
32000,k_layernorm,43,128,1.35938,0.515625,0,0.09375,0,0,0,0.440661,0.502874
32000,k_layernorm,44,128,1.375,0.539062,0,0.226562,0,0,0,0.411392,0.451705
32000,k_layernorm,45,128,1.46094,0.189453,0,0.257812,0.109375,0,0,0.16635,0.242246
32000,k_layernorm,46,128,1.5,0.15918,0,0.226562,0.117188,0,0,0.131719,0.24401
32000,k_layernorm,47,128,1.375,0.257812,0,0.195312,0.0234375,0,0,0.225923,0.319176
32000,k_layernorm,48,128,1.55469,0.0966797,0,0.15625,0.101562,0.0234375,0,0.0942023,0.244975
32000,k_layernorm,49,128,1.42188,0.0245361,0,0.171875,0.109375,0.046875,0,0.0715007,0.206593
32000,k_layernorm,50,128,1.41406,0.435547,0,0.046875,0,0,0,0.317859,0.748066
32000,k_layernorm,51,128,1.51562,0.124023,0,0.148438,0.0390625,0.0078125,0,0.112635,0.364948
32000,k_layernorm,52,128,1.45312,0.326172,0,0.046875,0.0078125,0,0,0.329839,0.667473
32000,k_layernorm,53,128,1.51562,0.121094,0,0.15625,0.0859375,0.015625,0,0.0879188,0.362371
32000,k_layernorm,54,128,1.45312,0.160156,0,0.203125,0.09375,0,0,0.141109,0.254032
32000,k_layernorm,55,128,1.46875,0.373047,0,0.0234375,0,0,0,0.300705,0.809043
32000,k_layernorm,56,128,1.46875,0.116211,0,0.015625,0.0078125,0.0078125,0,0.45016,0.787766
32000,k_layernorm,57,128,1.46094,0.108887,0,0.0390625,0.0234375,0.0078125,0,0.149004,0.785027
32000,k_layernorm,58,128,1.48438,1.17969,0,0,0,0,0,0.829158,0.894737
32000,k_layernorm,59,128,1.46875,1.14062,0,0,0,0,0,0.78867,0.876064
32000,k_layernorm,60,128,1.41406,0.777344,0,0,0,0,0,0.569199,0.796133
32000,k_layernorm,61,128,1.35938,0.949219,0,0,0,0,0,0.741207,0.873563
32000,k_layernorm,62,128,1.28906,1.07031,0,0,0,0,0,0.848485,0.89697
32000,k_layernorm,63,128,1.16406,0.984375,0,0,0,0,0,0.845638,0.926174
32000,final_layernorm,-1,5120,1.69531,1.39062,0,0,0,0,0,0.936359,0.97235
34454,linear_qkv,0,5120,0.287109,0.0776367,0,0.00136719,0,0,0,0.701327,0.85034
34454,linear_qkv,1,5120,0.570312,0.167969,0,0.000585938,0,0,0,0.890411,0.938356
34454,linear_qkv,2,5120,0.765625,0.0771484,0,0.00078125,0.000195313,0,0,0.841837,0.943878
34454,linear_qkv,3,5120,0.871094,0.203125,0,0.000585938,0.000195313,0,0,0.887892,0.946188
34454,linear_qkv,4,5120,0.878906,0.149414,0,0.000195313,0.000195313,0,0,0.888889,0.946667
34454,linear_qkv,5,5120,0.964844,0.220703,0,0.000195313,0.000195313,0,0,0.894737,0.951417
34454,linear_qkv,6,5120,1.03125,0.390625,0,0.000195313,0,0,0,0.878788,0.943182
34454,linear_qkv,7,5120,1.14062,0.554688,0,0.000390625,0,0,0,0.89726,0.952055
34454,linear_qkv,8,5120,1.09375,0.351562,0,0.000585938,0,0,0,0.878571,0.942857
34454,linear_qkv,9,5120,1.00781,0.283203,0,0.000585938,0,0,0,0.883721,0.949612
34454,linear_qkv,10,5120,1.03906,0.376953,0,0.000585938,0,0,0,0.894737,0.951128
34454,linear_qkv,11,5120,1.07031,0.365234,0,0.000585938,0,0,0,0.886861,0.948905
34454,linear_qkv,12,5120,1.01562,0.421875,0,0.000585938,0,0,0,0.911538,0.957692
34454,linear_qkv,13,5120,1.03125,0.376953,0,0.000585938,0,0,0,0.897727,0.954545
34454,linear_qkv,14,5120,0.980469,0.447266,0,0.000585938,0,0,0,0.904382,0.956175
34454,linear_qkv,15,5120,1.10156,0.503906,0,0.000195313,0,0,0,0.907801,0.957447
34454,linear_qkv,16,5120,1.07031,0.585938,0,0,0,0,0,0.916058,0.956204
34454,linear_qkv,17,5120,1.23438,0.738281,0,0,0,0,0,0.924051,0.962025
34454,linear_qkv,18,5120,1.16406,0.605469,0,0,0,0,0,0.90604,0.95302
34454,linear_qkv,19,5120,1.26562,0.699219,0,0,0,0,0,0.919753,0.95679
34454,linear_qkv,20,5120,1.13281,0.625,0,0,0,0,0,0.910345,0.958621
34454,linear_qkv,21,5120,1.10938,0.675781,0,0,0,0,0,0.922535,0.957746
34454,linear_qkv,22,5120,1.35938,0.773438,0,0,0,0,0,0.91954,0.959195
34454,linear_qkv,23,5120,1.33594,0.71875,0,0,0,0,0,0.929825,0.964912
34454,linear_qkv,24,5120,1.28906,0.695312,0,0,0,0,0,0.927273,0.963636
34454,linear_qkv,25,5120,1.20312,0.535156,0,0.000195313,0,0,0,0.915584,0.954545
34454,linear_qkv,26,5120,1.14844,0.480469,0,0.000195313,0,0,0,0.918367,0.959184
34454,linear_qkv,27,5120,1.35938,0.601562,0,0.000195313,0,0,0,0.908046,0.959195
34454,linear_qkv,28,5120,1.24219,0.523438,0,0.000585938,0,0,0,0.886792,0.949686
34454,linear_qkv,29,5120,1.28125,0.492188,0,0.000585938,0,0,0,0.8975,0.95122
34454,linear_qkv,30,5120,1.38281,0.546875,0,0.00078125,0,0,0,0.898305,0.954802
34454,linear_qkv,31,5120,1.09375,0.470703,0,0.000390625,0,0,0,0.903571,0.957143
34454,linear_qkv,32,5120,1.1875,0.498047,0,0.00078125,0,0,0,0.907895,0.953947
34454,linear_qkv,33,5120,1.17969,0.441406,0,0.00117188,0,0,0,0.887417,0.94702
34454,linear_qkv,34,5120,1.30469,0.494141,0,0.000976562,0,0,0,0.892216,0.946108
34454,linear_qkv,35,5120,1.22656,0.417969,0,0.00078125,0,0,0,0.89293,0.955414
34454,linear_qkv,36,5120,1.07812,0.425781,0,0.000976562,0,0,0,0.887681,0.949275
34454,linear_qkv,37,5120,0.851562,0.314453,0,0.000585938,0,0,0,0.899083,0.949541
34454,linear_qkv,38,5120,1.05469,0.441406,0,0.000195313,0,0,0,0.911111,0.955556
34454,linear_qkv,39,5120,0.882812,0.388672,0,0.000585938,0,0,0,0.89823,0.955752
34454,linear_qkv,40,5120,0.960938,0.332031,0,0.00078125,0,0,0,0.890244,0.955285
34454,linear_qkv,41,5120,0.917969,0.316406,0,0.000585938,0,0,0,0.885106,0.953191
34454,linear_qkv,42,5120,0.867188,0.367188,0,0.000976562,0,0,0,0.882883,0.95045
34454,linear_qkv,43,5120,0.898438,0.382812,0,0.00078125,0,0,0,0.878261,0.952174
34454,linear_qkv,44,5120,0.9375,0.347656,0,0.00078125,0,0,0,0.866667,0.954167
34454,linear_qkv,45,5120,1.03125,0.388672,0,0.000585938,0,0,0,0.844697,0.958333
34454,linear_qkv,46,5120,1.07031,0.40625,0,0.000390625,0,0,0,0.829161,0.956204
34454,linear_qkv,47,5120,0.984375,0.488281,0,0.000195313,0,0,0,0.8475,0.952381
34454,linear_qkv,48,5120,1.17188,0.486328,0,0.000390625,0,0,0,0.793333,0.96
34454,linear_qkv,49,5120,1.14062,0.482422,0,0.000585938,0,0,0,0.786849,0.958904
34454,linear_qkv,50,5120,1.0625,0.484375,0,0.000195313,0,0,0,0.841912,0.955882
34454,linear_qkv,51,5120,1.14844,0.496094,0,0.00136719,0,0,0,0.738742,0.952381
34454,linear_qkv,52,5120,1.10938,0.503906,0,0.000195313,0,0,0,0.804155,0.957746
34454,linear_qkv,53,5120,1.24219,0.478516,0,0.003125,0,0,0,0.676698,0.955975
34454,linear_qkv,54,5120,1.16406,0.396484,0,0.00234375,0,0,0,0.695906,0.95302
34454,linear_qkv,55,5120,1.24219,0.628906,0,0,0,0,0,0.733899,0.949686
34454,linear_qkv,56,5120,1.24219,0.558594,0,0.000976562,0,0,0,0.704403,0.955975
34454,linear_qkv,57,5120,1.21875,0.404297,0,0.00371094,0,0,0,0.65125,0.942308
34454,linear_qkv,58,5120,1.25,0.566406,0,0.000585938,0,0,0,0.725594,0.95
34454,linear_qkv,59,5120,1.17969,0.441406,0,0.00214844,0,0,0,0.702616,0.94702
34454,linear_qkv,60,5120,1.08594,0.578125,0,0,0,0,0,0.758993,0.956835
34454,linear_qkv,61,5120,1.08594,0.597656,0,0,0,0,0,0.786223,0.94964
34454,linear_qkv,62,5120,1.01562,0.679688,0,0,0,0,0,0.9,0.965385
34454,linear_qkv,63,5120,0.976562,0.820312,0,0,0,0,0,0.936,0.964
34454,linear_fc1,0,5120,0.609375,0.0693359,0,0.00195312,0.000390625,0,0,0.669872,0.878205
34454,linear_fc1,1,5120,0.914062,0.0341797,0,0.00527344,0.003125,0.000976562,0,0.719573,0.935897
34454,linear_fc1,2,5120,0.929688,0.0308838,0,0.00410156,0.00273437,0.000585938,0,0.870546,0.957983
34454,linear_fc1,3,5120,0.867188,0.0446777,0,0.003125,0.00136719,0.000390625,0,0.891892,0.959459
34454,linear_fc1,4,5120,0.828125,0.0361328,0,0.00195312,0.000976562,0.000390625,0,0.892406,0.962264
34454,linear_fc1,5,5120,0.734375,0.0164795,0,0.000976562,0.000390625,0.000390625,0,0.904255,0.957447
34454,linear_fc1,6,5120,0.671875,0.0258789,0,0.000976562,0.000390625,0.000390625,0,0.895349,0.953488
34454,linear_fc1,7,5120,0.648438,0.0378418,0,0.000976562,0.000585938,0.000390625,0,0.89759,0.951807
34454,linear_fc1,8,5120,0.65625,0.0299072,0,0.000976562,0.000585938,0.000390625,0,0.89881,0.958333
34454,linear_fc1,9,5120,0.671875,0.0314941,0,0.000976562,0.000585938,0.000390625,0,0.901163,0.953488
34454,linear_fc1,10,5120,0.664062,0.0390625,0,0.000976562,0.000585938,0.000390625,0,0.901118,0.952941
34454,linear_fc1,11,5120,0.667969,0.03125,0,0.000976562,0.000585938,0.000195313,0,0.906433,0.953216
34454,linear_fc1,12,5120,0.675781,0.0395508,0,0.000976562,0.000585938,0.000195313,0,0.907514,0.953757
34454,linear_fc1,13,5120,0.679688,0.0405273,0,0.000976562,0.000585938,0.000195313,0,0.908046,0.95977
34454,linear_fc1,14,5120,0.667969,0.0424805,0,0.00078125,0.000585938,0.000195313,0,0.918129,0.959064
34454,linear_fc1,15,5120,0.664062,0.0605469,0,0.00078125,0.000195313,0.000195313,0,0.911765,0.958824
34454,linear_fc1,16,5120,0.644531,0.0668945,0,0.000585938,0.000195313,0,0,0.915152,0.957576
34454,linear_fc1,17,5120,0.621094,0.118652,0,0.000195313,0.000195313,0,0,0.91195,0.955975
34454,linear_fc1,18,5120,0.613281,0.0878906,0,0.000195313,0.000195313,0,0,0.917197,0.961783
34454,linear_fc1,19,5120,0.621094,0.0639648,0,0.000195313,0.000195313,0,0,0.918239,0.955975
34454,linear_fc1,20,5120,0.632812,0.0932617,0,0.000195313,0.000195313,0,0,0.919753,0.95679
34454,linear_fc1,21,5120,0.632812,0.11377,0,0.000390625,0.000195313,0,0,0.919753,0.962963
34454,linear_fc1,22,5120,0.628906,0.0742188,0,0.000390625,0.000195313,0,0,0.925466,0.962733
34454,linear_fc1,23,5120,0.632812,0.0771484,0,0.000585938,0.000390625,0,0,0.925926,0.969136
34454,linear_fc1,24,5120,0.644531,0.0654297,0,0.00078125,0.000390625,0,0,0.927273,0.963636
34454,linear_fc1,25,5120,0.664062,0.057373,0,0.000976562,0.000390625,0.000195313,0,0.929412,0.964706
34454,linear_fc1,26,5120,0.675781,0.0505371,0,0.000976562,0.000390625,0.000195313,0,0.930636,0.971098
34454,linear_fc1,27,5120,0.695312,0.0544434,0,0.000976562,0.000390625,0.000390625,0,0.928034,0.966292
34454,linear_fc1,28,5120,0.710938,0.0400391,0,0.00117188,0.000585938,0.000390625,0,0.928571,0.967033
34454,linear_fc1,29,5120,0.722656,0.0133057,0,0.00117188,0.000390625,0.000390625,0,0.940541,0.972973
34454,linear_fc1,30,5120,0.746094,0.0568848,0,0.00117188,0.000390625,0.000195313,0,0.942408,0.973822
34454,linear_fc1,31,5120,0.765625,0.0339355,0,0.00117188,0.000390625,0.000195313,0,0.938776,0.97449
34454,linear_fc1,32,5120,0.78125,0.0133057,0,0.00117188,0.000585938,0.000195313,0,0.94,0.975
34454,linear_fc1,33,5120,0.800781,0.0100708,0,0.00117188,0.000585938,0.000195313,0,0.936585,0.97561
34454,linear_fc1,34,5120,0.824219,0.00454712,0,0.00117188,0.00078125,0.000195313,0.000195313,0.933649,0.976303
34454,linear_fc1,35,5120,0.847656,0.00463867,0,0.00117188,0.00078125,0.000195313,0.000195313,0.940092,0.981567
34454,linear_fc1,36,5120,0.871094,0.00531006,0,0.00136719,0.000976562,0.000195313,0.000195313,0.942556,0.977578
34454,linear_fc1,37,5120,0.890625,0.00306702,0,0.00136719,0.000976562,0.000195313,0.000195313,0.921886,0.97807
34454,linear_fc1,38,5120,0.90625,0.00595093,0,0.00136719,0.000976562,0.000585938,0.000195313,0.926724,0.978448
34454,linear_fc1,39,5120,0.917969,0.00256348,0,0.0015625,0.000976562,0.000585938,0.000195313,0.910638,0.978723
34454,linear_fc1,40,5120,0.929688,0.00279236,0,0.0015625,0.000976562,0.000585938,0.000195313,0.913361,0.978992
34454,linear_fc1,41,5120,0.941406,0.00491333,0,0.00195312,0.000976562,0.000390625,0.000195313,0.900415,0.979253
34454,linear_fc1,42,5120,0.953125,0.00286865,0,0.00214844,0.000976562,0.000585938,0.000195313,0.902418,0.979508
34454,linear_fc1,43,5120,0.960938,0.00628662,0,0.00253906,0.000976562,0.000585938,0.000195313,0.894309,0.979675
34454,linear_fc1,44,5120,0.96875,0.00436401,0,0.003125,0.000976562,0.000585938,0.000195313,0.875766,0.979839
34454,linear_fc1,45,5120,0.976562,0.00463867,0,0.003125,0.00117188,0.000585938,0.000195313,0.86152,0.976
34454,linear_fc1,46,5120,0.980469,0.0090332,0,0.00351562,0.00117188,0.000585938,0.000195313,0.857331,0.98008
34454,linear_fc1,47,5120,0.988281,0.0137329,0,0.00351562,0.00117188,0.000390625,0,0.846601,0.976285
34454,linear_fc1,48,5120,0.992188,0.00671387,0,0.00410156,0.00117188,0.000390625,0.000195313,0.820394,0.976378
34454,linear_fc1,49,5120,1,0.0344238,0,0.00410156,0.000976562,0.000195313,0,0.804688,0.976562
34454,linear_fc1,50,5120,1,0.0334473,0,0.00410156,0.000976562,0.000195313,0,0.77957,0.980469
34454,linear_fc1,51,5120,1.00781,0.0561523,0,0.0046875,0.000976562,0.000195313,0,0.77186,0.976744
34454,linear_fc1,52,5120,1.00781,0.0683594,0,0.00507812,0.000976562,0.000195313,0,0.768915,0.98062
34454,linear_fc1,53,5120,1.01562,0.100098,0,0.00507812,0.00078125,0.000195313,0,0.773808,0.976923
34454,linear_fc1,54,5120,1.01562,0.151367,0,0.00488281,0.000195313,0,0,0.779846,0.980769
34454,linear_fc1,55,5120,1.01562,0.137695,0,0.00429688,0.000195313,0,0,0.779115,0.976923
34454,linear_fc1,56,5120,1.01562,0.15918,0,0.00410156,0.000195313,0,0,0.789923,0.976923
34454,linear_fc1,57,5120,1.02344,0.275391,0,0.00351562,0,0,0,0.810611,0.973282
34454,linear_fc1,58,5120,1.02344,0.328125,0,0.00292969,0,0,0,0.833511,0.977099
34454,linear_fc1,59,5120,1.02344,0.398438,0,0.00214844,0,0,0,0.846412,0.973282
34454,linear_fc1,60,5120,1.03906,0.441406,0,0.000976562,0,0,0,0.852481,0.969925
34454,linear_fc1,61,5120,1.0625,0.523438,0,0.000195313,0,0,0,0.882353,0.970588
34454,linear_fc1,62,5120,1.09375,0.660156,0,0,0,0,0,0.90425,0.964286
34454,linear_fc1,63,5120,1.10156,0.855469,0,0,0,0,0,0.929078,0.971631
34454,q_layernorm,0,128,1.11719,0.337891,0,0.0234375,0,0,0,0.400962,0.670629
34454,q_layernorm,1,128,1.47656,1.19531,0,0,0,0,0,0.810952,0.903175
34454,q_layernorm,2,128,1.51562,1.10938,0,0,0,0,0,0.739897,0.824742
34454,q_layernorm,3,128,1.60156,1.14062,0,0,0,0,0,0.739219,0.798537
34454,q_layernorm,4,128,1.51562,1.09375,0,0,0,0,0,0.750619,0.842268
34454,q_layernorm,5,128,1.47656,1.04688,0,0,0,0,0,0.773915,0.851852
34454,q_layernorm,6,128,1.80469,0.980469,0,0,0,0,0,0.578095,0.749784
34454,q_layernorm,7,128,1.71094,0.090332,0,0.0390625,0.0390625,0.03125,0,0.063496,0.79726
34454,q_layernorm,8,128,1.65625,0.400391,0,0.03125,0.0078125,0,0,0.285495,0.813208
34454,q_layernorm,9,128,1.61719,0.263672,0,0.0234375,0.0078125,0,0,0.404227,0.761836
34454,q_layernorm,10,128,1.60938,0.960938,0,0,0,0,0,0.694029,0.828641
34454,q_layernorm,11,128,1.67969,0.738281,0,0.0234375,0,0,0,0.453233,0.767442
34454,q_layernorm,12,128,1.57812,1,0,0,0,0,0,0.677673,0.830198
34454,q_layernorm,13,128,1.5625,0.0673828,0,0.015625,0.015625,0.0078125,0,0.235756,0.777
34454,q_layernorm,14,128,1.46094,0.757812,0,0,0,0,0,0.533743,0.802139
34454,q_layernorm,15,128,1.63281,0.671875,0,0.0078125,0,0,0,0.561746,0.825359
34454,q_layernorm,16,128,1.44531,0.882812,0,0,0,0,0,0.628919,0.803784
34454,q_layernorm,17,128,1.6875,1.04688,0,0,0,0,0,0.62625,0.77963
34454,q_layernorm,18,128,1.6875,0.248047,0,0.0625,0.03125,0,0,0.162002,0.725463
34454,q_layernorm,19,128,1.78125,0.269531,0,0.046875,0.0078125,0,0,0.288476,0.690351
34454,q_layernorm,20,128,1.625,0.0834961,0,0.046875,0.0234375,0.0078125,0,0.152133,0.708173
34454,q_layernorm,21,128,1.61719,0.0712891,0,0.0703125,0.0390625,0.015625,0,0.094695,0.628019
34454,q_layernorm,22,128,1.75781,0.00805664,0,0.0859375,0.0703125,0.0625,0.0078125,0.0162333,0.657333
34454,q_layernorm,23,128,1.67188,0.243164,0,0.015625,0.0078125,0,0,0.496262,0.705607
34454,q_layernorm,24,128,1.60156,0.5625,0,0.0234375,0,0,0,0.486024,0.793659
34454,q_layernorm,25,128,1.6875,0.0622559,0,0.109375,0.078125,0.0390625,0,0.0463108,0.475463
34454,q_layernorm,26,128,1.57031,0.0761719,0,0.171875,0.140625,0.101562,0,0.0521455,0.0989428
34454,q_layernorm,27,128,1.65625,0.0334473,0,0.09375,0.0546875,0.046875,0,0.035824,0.534198
34454,q_layernorm,28,128,1.54688,0.078125,0,0.179688,0.164062,0.09375,0,0.0547412,0.107386
34454,q_layernorm,29,128,1.63281,0.0344238,0,0.15625,0.117188,0.0703125,0,0.0291567,0.20634
34454,q_layernorm,30,128,1.57812,0.0228271,0,0.0859375,0.03125,0.015625,0,0.0562732,0.641584
34454,q_layernorm,31,128,1.52344,0.151367,0,0.140625,0.0625,0.0078125,0,0.120615,0.35
34454,q_layernorm,32,128,1.60156,0.0898438,0,0.0625,0.0234375,0.0234375,0,0.0612591,0.701951
34454,q_layernorm,33,128,1.50781,0.107422,0,0.242188,0.179688,0.03125,0,0.0790091,0.159262
34454,q_layernorm,34,128,1.54688,0.0825195,0,0.164062,0.132812,0.046875,0,0.0603725,0.158333
34454,q_layernorm,35,128,1.61719,0.154297,0,0.0625,0.0390625,0.0078125,0,0.138013,0.636232
34454,q_layernorm,36,128,1.53125,0.147461,0,0.140625,0.0703125,0.0078125,0,0.154324,0.372194
34454,q_layernorm,37,128,1.34375,0.65625,0,0.0078125,0,0,0,0.505814,0.572674
34454,q_layernorm,38,128,1.57031,1.24219,0,0,0,0,0,0.826269,0.905473
34454,q_layernorm,39,128,1.42188,0.808594,0,0,0,0,0,0.583297,0.67033
34454,q_layernorm,40,128,1.5,0.449219,0,0.171875,0,0,0,0.324036,0.415104
34454,q_layernorm,41,128,1.47656,0.589844,0,0.109375,0,0,0,0.418704,0.493122
34454,q_layernorm,42,128,1.33594,0.609375,0,0.0859375,0,0,0,0.461988,0.512865
34454,q_layernorm,43,128,1.34375,0.660156,0,0.0078125,0,0,0,0.510523,0.563081
34454,q_layernorm,44,128,1.42969,0.519531,0,0.25,0,0,0,0.364863,0.414481
34454,q_layernorm,45,128,1.47656,0.19043,0,0.234375,0.125,0,0,0.144286,0.220106
34454,q_layernorm,46,128,1.49219,0.103516,0,0.195312,0.09375,0.015625,0,0.0960406,0.259293
34454,q_layernorm,47,128,1.42188,0.273438,0,0.203125,0.0625,0,0,0.20114,0.289423
34454,q_layernorm,48,128,1.57031,0.128906,0,0.101562,0.078125,0.015625,0,0.0933644,0.498756
34454,q_layernorm,49,128,1.42969,0.0644531,0,0.148438,0.117188,0.0390625,0,0.0648805,0.168648
34454,q_layernorm,50,128,1.4375,0.484375,0,0.0390625,0,0,0,0.34822,0.765217
34454,q_layernorm,51,128,1.54688,0.131836,0,0.0859375,0.0234375,0.0078125,0,0.162841,0.531313
34454,q_layernorm,52,128,1.49219,0.416016,0,0.015625,0,0,0,0.37801,0.773298
34454,q_layernorm,53,128,1.53125,0.111816,0,0.125,0.078125,0.0390625,0,0.0809566,0.334184
34454,q_layernorm,54,128,1.47656,0.183594,0,0.179688,0.101562,0,0,0.135278,0.25
34454,q_layernorm,55,128,1.50781,0.949219,0,0,0,0,0,0.661736,0.832642
34454,q_layernorm,56,128,1.5,0.601562,0,0.0078125,0,0,0,0.59487,0.838542
34454,q_layernorm,57,128,1.48438,0.11377,0,0.0390625,0.0234375,0.0078125,0,0.129395,0.787895
34454,q_layernorm,58,128,1.52344,1.1875,0,0,0,0,0,0.819538,0.895897
34454,q_layernorm,59,128,1.49219,1.07812,0,0,0,0,0,0.802461,0.884817
34454,q_layernorm,60,128,1.4375,1.03125,0,0,0,0,0,0.731196,0.85
34454,q_layernorm,61,128,1.40625,0.96875,0,0,0,0,0,0.753,0.848333
34454,q_layernorm,62,128,1.30469,1.08594,0,0,0,0,0,0.845928,0.896407
34454,q_layernorm,63,128,1.17188,0.964844,0,0,0,0,0,0.8508,0.924667
34454,k_layernorm,0,128,1.15625,0.310547,0,0.0703125,0,0,0,0.364122,0.592568
34454,k_layernorm,1,128,1.46875,1.10938,0,0,0,0,0,0.823457,0.914894
34454,k_layernorm,2,128,1.49219,1.03125,0,0,0,0,0,0.742461,0.83089
34454,k_layernorm,3,128,1.625,0.898438,0,0,0,0,0,0.638365,0.758173
34454,k_layernorm,4,128,1.51562,1,0,0,0,0,0,0.671495,0.793814
34454,k_layernorm,5,128,1.46875,1.07812,0,0,0,0,0,0.764947,0.840957
34454,k_layernorm,6,128,1.78125,0.824219,0,0.0078125,0,0,0,0.592325,0.742982
34454,k_layernorm,7,128,1.69531,0.0267334,0,0.0625,0.03125,0.0234375,0,0.0679752,0.708756
34454,k_layernorm,8,128,1.64844,0.318359,0,0.0390625,0.0078125,0,0,0.313815,0.783886
34454,k_layernorm,9,128,1.57031,0.222656,0,0.0390625,0.015625,0,0,0.236032,0.744776
34454,k_layernorm,10,128,1.60938,0.847656,0,0,0,0,0,0.608107,0.759223
34454,k_layernorm,11,128,1.66406,0.5,0,0.0234375,0,0,0,0.397254,0.701408
34454,k_layernorm,12,128,1.52344,1.03906,0,0,0,0,0,0.717385,0.844615
34454,k_layernorm,13,128,1.55469,0.199219,0,0.0390625,0.015625,0,0,0.26201,0.768844
34454,k_layernorm,14,128,1.4375,0.507812,0,0.015625,0,0,0,0.430598,0.739674
34454,k_layernorm,15,128,1.60938,0.632812,0,0.015625,0,0,0,0.526068,0.764078
34454,k_layernorm,16,128,1.4375,0.539062,0,0.0234375,0,0,0,0.416196,0.793478
34454,k_layernorm,17,128,1.64062,0.824219,0,0,0,0,0,0.622905,0.779524
34454,k_layernorm,18,128,1.65625,0.0585938,0,0.0859375,0.0390625,0.0234375,0,0.0597258,0.617925
34454,k_layernorm,19,128,1.76562,0.0966797,0,0.0625,0.03125,0.0078125,0,0.15224,0.669911
34454,k_layernorm,20,128,1.60156,0.0776367,0,0.0546875,0.03125,0.0234375,0,0.0736951,0.668293
34454,k_layernorm,21,128,1.59375,0.0132446,0,0.078125,0.046875,0.015625,0.0078125,0.0736029,0.594118
34454,k_layernorm,22,128,1.71875,0.0371094,0,0.101562,0.0703125,0.046875,0,0.0404602,0.514318
34454,k_layernorm,23,128,1.67188,0.298828,0,0.046875,0.015625,0,0,0.23979,0.699533
34454,k_layernorm,24,128,1.57031,0.041748,0,0.0390625,0.0078125,0.0078125,0,0.341368,0.81791
34454,k_layernorm,25,128,1.64062,0.00909424,0.0078125,0.125,0.101562,0.03125,0.0078125,0.0411682,0.344643
34454,k_layernorm,26,128,1.59375,0.0576172,0,0.203125,0.132812,0.078125,0,0.0514614,0.114032
34454,k_layernorm,27,128,1.64844,0.0151367,0,0.117188,0.078125,0.046875,0.0078125,0.013359,0.416351
34454,k_layernorm,28,128,1.53906,0.0727539,0,0.226562,0.164062,0.078125,0,0.0524397,0.118338
34454,k_layernorm,29,128,1.625,0.0678711,0,0.203125,0.132812,0.0390625,0,0.0670162,0.178726
34454,k_layernorm,30,128,1.54688,0.00427246,0,0.117188,0.0546875,0.015625,0.0078125,0.0588352,0.460606
34454,k_layernorm,31,128,1.49219,0.206055,0,0.171875,0.0625,0,0,0.145995,0.325524
34454,k_layernorm,32,128,1.60156,0.065918,0,0.09375,0.0625,0.0234375,0,0.0680366,0.550732
34454,k_layernorm,33,128,1.53125,0.152344,0,0.28125,0.179688,0.0078125,0,0.112883,0.147003
34454,k_layernorm,34,128,1.57031,0.0888672,0,0.203125,0.171875,0.078125,0,0.0644061,0.151679
34454,k_layernorm,35,128,1.625,0.125,0,0.15625,0.0625,0.03125,0,0.0930349,0.369471
34454,k_layernorm,36,128,1.5625,0.213867,0,0.195312,0.0703125,0,0,0.142044,0.28375
34454,k_layernorm,37,128,1.32031,0.65625,0,0.0078125,0,0,0,0.523107,0.572781
34454,k_layernorm,38,128,1.5625,0.871094,0,0,0,0,0,0.66485,0.859
34454,k_layernorm,39,128,1.42188,0.695312,0,0.0078125,0,0,0,0.51217,0.642033
34454,k_layernorm,40,128,1.46094,0.472656,0,0.21875,0,0,0,0.341992,0.417112
34454,k_layernorm,41,128,1.45312,0.554688,0,0.125,0,0,0,0.421237,0.485753
34454,k_layernorm,42,128,1.29688,0.601562,0,0.046875,0,0,0,0.478343,0.536145
34454,k_layernorm,43,128,1.36719,0.492188,0,0.117188,0,0,0,0.416829,0.487714
34454,k_layernorm,44,128,1.39844,0.523438,0,0.25,0,0,0,0.38162,0.432961
34454,k_layernorm,45,128,1.46875,0.166016,0,0.257812,0.109375,0,0,0.15377,0.230984
34454,k_layernorm,46,128,1.50781,0.137695,0,0.226562,0.125,0.0078125,0,0.119449,0.231606
34454,k_layernorm,47,128,1.38281,0.25,0,0.203125,0.0546875,0,0,0.195975,0.308475
34454,k_layernorm,48,128,1.57031,0.0927734,0,0.15625,0.109375,0.03125,0,0.0924751,0.226493
34454,k_layernorm,49,128,1.42969,0.0229492,0,0.171875,0.109375,0.046875,0,0.0616735,0.194331
34454,k_layernorm,50,128,1.42188,0.410156,0,0.046875,0,0,0,0.298887,0.745604
34454,k_layernorm,51,128,1.53125,0.109863,0,0.148438,0.0546875,0.0234375,0,0.0915944,0.360459
34454,k_layernorm,52,128,1.46875,0.285156,0,0.046875,0.0078125,0,0,0.308364,0.657447
34454,k_layernorm,53,128,1.53125,0.106445,0,0.15625,0.0859375,0.0234375,0,0.0755006,0.354974
34454,k_layernorm,54,128,1.46094,0.15918,0,0.203125,0.117188,0,0,0.132694,0.237567
34454,k_layernorm,55,128,1.48438,0.359375,0,0.0234375,0.0078125,0,0,0.281605,0.793158
34454,k_layernorm,56,128,1.49219,0.101074,0,0.0234375,0.0078125,0.0078125,0,0.422853,0.773822
34454,k_layernorm,57,128,1.47656,0.102051,0,0.0390625,0.0234375,0.0078125,0,0.135966,0.780423
34454,k_layernorm,58,128,1.49219,1.17969,0,0,0,0,0,0.824817,0.893717
34454,k_layernorm,59,128,1.47656,1.13281,0,0,0,0,0,0.784497,0.875132
34454,k_layernorm,60,128,1.42969,0.753906,0,0,0,0,0,0.558033,0.783607
34454,k_layernorm,61,128,1.375,0.925781,0,0,0,0,0,0.722955,0.867614
34454,k_layernorm,62,128,1.29688,1.07812,0,0,0,0,0,0.840602,0.89759
34454,k_layernorm,63,128,1.16406,0.980469,0,0,0,0,0,0.846544,0.926174
34454,final_layernorm,-1,5120,1.6875,1.375,0,0,0,0,0,0.944444,0.972222
36000,linear_qkv,0,5120,0.246094,0.0510254,0,0.00195312,0.000390625,0,0,0.675357,0.84127
36000,linear_qkv,1,5120,0.550781,0.148438,0,0.000585938,0,0,0,0.880106,0.93617
36000,linear_qkv,2,5120,0.75,0.0683594,0,0.00078125,0.000195313,0.000195313,0,0.838542,0.942708
36000,linear_qkv,3,5120,0.859375,0.179688,0,0.000585938,0.000195313,0,0,0.886364,0.945455
36000,linear_qkv,4,5120,0.863281,0.132812,0,0.000195313,0.000195313,0,0,0.887738,0.945701
36000,linear_qkv,5,5120,0.957031,0.201172,0,0.000195313,0.000195313,0,0,0.889796,0.946939
36000,linear_qkv,6,5120,1.02344,0.367188,0,0.000195313,0,0,0,0.877863,0.942748
36000,linear_qkv,7,5120,1.13281,0.539062,0,0.000390625,0,0,0,0.896552,0.951724
36000,linear_qkv,8,5120,1.08594,0.339844,0,0.000585938,0,0,0,0.877698,0.948921
36000,linear_qkv,9,5120,1,0.273438,0,0.000585938,0,0,0,0.883555,0.949219
36000,linear_qkv,10,5120,1.03125,0.365234,0,0.000585938,0,0,0,0.897727,0.954545
36000,linear_qkv,11,5120,1.07031,0.351562,0,0.000585938,0,0,0,0.883212,0.948905
36000,linear_qkv,12,5120,1.01562,0.410156,0,0.000585938,0,0,0,0.907692,0.957692
36000,linear_qkv,13,5120,1.03125,0.369141,0,0.000585938,0,0,0,0.897727,0.950758
36000,linear_qkv,14,5120,0.980469,0.441406,0,0.000585938,0,0,0,0.904382,0.956175
36000,linear_qkv,15,5120,1.10156,0.503906,0,0.000195313,0,0,0,0.904255,0.957447
36000,linear_qkv,16,5120,1.07031,0.585938,0,0,0,0,0,0.919708,0.963504
36000,linear_qkv,17,5120,1.23438,0.738281,0,0,0,0,0,0.924051,0.962025
36000,linear_qkv,18,5120,1.17188,0.601562,0,0,0,0,0,0.906667,0.953333
36000,linear_qkv,19,5120,1.27344,0.703125,0,0,0,0,0,0.920245,0.957055
36000,linear_qkv,20,5120,1.14062,0.628906,0,0,0,0,0,0.910959,0.952055
36000,linear_qkv,21,5120,1.10938,0.679688,0,0,0,0,0,0.929577,0.964789
36000,linear_qkv,22,5120,1.35938,0.757812,0,0,0,0,0,0.925287,0.95977
36000,linear_qkv,23,5120,1.34375,0.722656,0,0,0,0,0,0.930233,0.965116
36000,linear_qkv,24,5120,1.29688,0.699219,0,0,0,0,0,0.927711,0.963855
36000,linear_qkv,25,5120,1.21094,0.535156,0,0.000390625,0,0,0,0.916129,0.954839
36000,linear_qkv,26,5120,1.15625,0.476562,0,0.000195313,0,0,0,0.918919,0.959459
36000,linear_qkv,27,5120,1.36719,0.597656,0,0.000195313,0,0,0,0.908571,0.96
36000,linear_qkv,28,5120,1.25781,0.511719,0,0.00078125,0,0,0,0.881988,0.944099
36000,linear_qkv,29,5120,1.28906,0.492188,0,0.000585938,0,0,0,0.90303,0.951515
36000,linear_qkv,30,5120,1.39844,0.539062,0,0.00078125,0,0,0,0.899441,0.949721
36000,linear_qkv,31,5120,1.10156,0.458984,0,0.000585938,0,0,0,0.900709,0.957447
36000,linear_qkv,32,5120,1.19531,0.490234,0,0.00078125,0,0,0,0.908497,0.960784
36000,linear_qkv,33,5120,1.1875,0.427734,0,0.00117188,0,0,0,0.888158,0.947368
36000,linear_qkv,34,5120,1.32031,0.484375,0,0.00117188,0,0,0,0.888698,0.946746
36000,linear_qkv,35,5120,1.23438,0.408203,0,0.00078125,0,0,0,0.898734,0.955696
36000,linear_qkv,36,5120,1.08594,0.417969,0,0.00117188,0,0,0,0.884892,0.94964
36000,linear_qkv,37,5120,0.851562,0.304688,0,0.000585938,0,0,0,0.899083,0.949541
36000,linear_qkv,38,5120,1.05469,0.433594,0,0.000195313,0,0,0,0.914815,0.962963
36000,linear_qkv,39,5120,0.886719,0.378906,0,0.000585938,0,0,0,0.898678,0.951542
36000,linear_qkv,40,5120,0.964844,0.326172,0,0.00078125,0,0,0,0.88336,0.955466
36000,linear_qkv,41,5120,0.921875,0.310547,0,0.000585938,0,0,0,0.885593,0.95339
36000,linear_qkv,42,5120,0.867188,0.341797,0,0.00117188,0,0,0,0.879234,0.95045
36000,linear_qkv,43,5120,0.898438,0.378906,0,0.000976562,0,0,0,0.873913,0.952174
36000,linear_qkv,44,5120,0.941406,0.341797,0,0.00136719,0,0,0,0.86722,0.954357
36000,linear_qkv,45,5120,1.03906,0.386719,0,0.00078125,0,0,0,0.834586,0.954887
36000,linear_qkv,46,5120,1.07812,0.404297,0,0.000390625,0,0,0,0.831775,0.956522
36000,linear_qkv,47,5120,0.984375,0.490234,0,0.000195313,0,0,0,0.84996,0.952381
36000,linear_qkv,48,5120,1.17969,0.486328,0,0.000390625,0,0,0,0.791391,0.960265
36000,linear_qkv,49,5120,1.14844,0.478516,0,0.000585938,0,0,0,0.785544,0.952381
36000,linear_qkv,50,5120,1.07031,0.482422,0,0.000195313,0,0,0,0.832117,0.956204
36000,linear_qkv,51,5120,1.15625,0.490234,0,0.0015625,0,0,0,0.740507,0.952703
36000,linear_qkv,52,5120,1.11719,0.503906,0,0.000195313,0,0,0,0.814685,0.958042
36000,linear_qkv,53,5120,1.25781,0.464844,0,0.00351562,0,0,0,0.668882,0.950311
36000,linear_qkv,54,5120,1.17188,0.386719,0,0.003125,0,0,0,0.6919,0.953333
36000,linear_qkv,55,5120,1.25,0.621094,0,0.000195313,0,0,0,0.731844,0.95
36000,linear_qkv,56,5120,1.25781,0.5625,0,0.00136719,0,0,0,0.701863,0.950311
36000,linear_qkv,57,5120,1.22656,0.388672,0,0.00410156,0,0,0,0.650892,0.942675
36000,linear_qkv,58,5120,1.25781,0.554688,0,0.00117188,0,0,0,0.723602,0.950311
36000,linear_qkv,59,5120,1.17969,0.416016,0,0.00234375,0,0,0,0.702616,0.94702
36000,linear_qkv,60,5120,1.09375,0.566406,0,0,0,0,0,0.746429,0.95
36000,linear_qkv,61,5120,1.09375,0.585938,0,0,0,0,0,0.77925,0.942857
36000,linear_qkv,62,5120,1.01562,0.667969,0,0,0,0,0,0.903846,0.965385
36000,linear_qkv,63,5120,0.976562,0.8125,0,0,0,0,0,0.932,0.964
36000,linear_fc1,0,5120,0.601562,0.0629883,0,0.00214844,0.000390625,0,0,0.672695,0.87013
36000,linear_fc1,1,5120,0.914062,0.0322266,0,0.00507812,0.003125,0.00117188,0,0.717949,0.935897
36000,linear_fc1,2,5120,0.929688,0.029541,0,0.00410156,0.00273437,0.000585938,0,0.878151,0.962185
36000,linear_fc1,3,5120,0.871094,0.0432129,0,0.003125,0.00117188,0.000390625,0,0.896861,0.959641
36000,linear_fc1,4,5120,0.832031,0.0332031,0,0.00195312,0.000976562,0.000390625,0,0.896714,0.957746
36000,linear_fc1,5,5120,0.738281,0.0143433,0,0.000976562,0.000390625,0.000390625,0,0.904762,0.957672
36000,linear_fc1,6,5120,0.675781,0.0231934,0,0.000976562,0.000390625,0.000390625,0,0.895954,0.953757
36000,linear_fc1,7,5120,0.652344,0.0356445,0,0.000976562,0.000585938,0.000390625,0,0.887365,0.946108
36000,linear_fc1,8,5120,0.660156,0.0283203,0,0.000976562,0.000585938,0.000390625,0,0.899408,0.952663
36000,linear_fc1,9,5120,0.671875,0.0291748,0,0.000976562,0.000585938,0.000390625,0,0.901163,0.953488
36000,linear_fc1,10,5120,0.664062,0.0366211,0,0.000976562,0.000585938,0.000390625,0,0.9,0.952941
36000,linear_fc1,11,5120,0.664062,0.0292969,0,0.000976562,0.000585938,0.000195313,0,0.911765,0.958824
36000,linear_fc1,12,5120,0.671875,0.0371094,0,0.000976562,0.000585938,0.000195313,0,0.906977,0.959302
36000,linear_fc1,13,5120,0.675781,0.0380859,0,0.000976562,0.000585938,0.000195313,0,0.913295,0.959538
36000,linear_fc1,14,5120,0.667969,0.0402832,0,0.000976562,0.000585938,0.000195313,0,0.912281,0.959064
36000,linear_fc1,15,5120,0.660156,0.0571289,0,0.00078125,0.000195313,0.000195313,0,0.91716,0.95858
36000,linear_fc1,16,5120,0.640625,0.0629883,0,0.000585938,0.000195313,0.000195313,0,0.914634,0.957317
36000,linear_fc1,17,5120,0.617188,0.113281,0,0.000390625,0.000195313,0,0,0.911392,0.955696
36000,linear_fc1,18,5120,0.609375,0.0830078,0,0.000195313,0.000195313,0,0,0.916667,0.961538
36000,linear_fc1,19,5120,0.613281,0.0622559,0,0.000195313,0.000195313,0,0,0.923567,0.961783
36000,linear_fc1,20,5120,0.625,0.0898438,0,0.000195313,0.000195313,0,0,0.925,0.9625
36000,linear_fc1,21,5120,0.625,0.107422,0,0.000390625,0.000195313,0,0,0.925,0.9625
36000,linear_fc1,22,5120,0.625,0.0688477,0,0.000390625,0.000195313,0,0,0.925,0.9625
36000,linear_fc1,23,5120,0.628906,0.0732422,0,0.000585938,0.000390625,0,0,0.925466,0.968944
36000,linear_fc1,24,5120,0.640625,0.0617676,0,0.00078125,0.000390625,0.000195313,0,0.926829,0.963415
36000,linear_fc1,25,5120,0.660156,0.0539551,0,0.000976562,0.000390625,0.000195313,0,0.928994,0.970414
36000,linear_fc1,26,5120,0.671875,0.046875,0,0.000976562,0.000390625,0.000195313,0,0.930233,0.97093
36000,linear_fc1,27,5120,0.691406,0.0505371,0,0.000976562,0.000390625,0.000390625,0,0.932203,0.966102
36000,linear_fc1,28,5120,0.707031,0.036377,0,0.00117188,0.000585938,0.000390625,0,0.933702,0.972376
36000,linear_fc1,29,5120,0.722656,0.0125732,0,0.00117188,0.000390625,0.000390625,0,0.935135,0.972973
36000,linear_fc1,30,5120,0.742188,0.0537109,0,0.00117188,0.000390625,0.000195313,0,0.942105,0.973684
36000,linear_fc1,31,5120,0.761719,0.0314941,0,0.00117188,0.000390625,0.000195313,0,0.938462,0.974359
36000,linear_fc1,32,5120,0.777344,0.0128784,0,0.00117188,0.000585938,0.000195313,0,0.939698,0.974874
36000,linear_fc1,33,5120,0.796875,0.00921631,0,0.00117188,0.000585938,0.000195313,0,0.937206,0.97549
36000,linear_fc1,34,5120,0.820312,0.00396729,0,0.00117188,0.000976562,0.000195313,0.000195313,0.942857,0.97619
36000,linear_fc1,35,5120,0.847656,0.00421143,0,0.00117188,0.000976562,0.000195313,0.000195313,0.935484,0.976959
36000,linear_fc1,36,5120,0.871094,0.00393677,0,0.00136719,0.000976562,0.000195313,0.000195313,0.938072,0.977578
36000,linear_fc1,37,5120,0.886719,0.00273132,0,0.00136719,0.000976562,0.000390625,0.000195313,0.925947,0.982379
36000,linear_fc1,38,5120,0.90625,0.00512695,0,0.00136719,0.000976562,0.000585938,0.000195313,0.914612,0.978448
36000,linear_fc1,39,5120,0.917969,0.00285339,0,0.00175781,0.000976562,0.000585938,0.000195313,0.912255,0.978723
36000,linear_fc1,40,5120,0.929688,0.00308228,0,0.00195312,0.000976562,0.000585938,0.000195313,0.912563,0.978992
36000,linear_fc1,41,5120,0.941406,0.00515747,0,0.00195312,0.000976562,0.000585938,0.000195313,0.899419,0.979253
36000,linear_fc1,42,5120,0.949219,0.00457764,0,0.00234375,0.000976562,0.000585938,0.000195313,0.902016,0.979424
36000,linear_fc1,43,5120,0.960938,0.00695801,0,0.00253906,0.000976562,0.000585938,0.000195313,0.895854,0.979268
36000,linear_fc1,44,5120,0.964844,0.00454712,0,0.00332031,0.00117188,0.000585938,0.000195313,0.878543,0.979757
36000,linear_fc1,45,5120,0.972656,0.00524902,0,0.00332031,0.00117188,0.000585938,0.000195313,0.860201,0.97992
36000,linear_fc1,46,5120,0.980469,0.00952148,0,0.00351562,0.00117188,0.000585938,0.000195313,0.854104,0.976096
36000,linear_fc1,47,5120,0.984375,0.0131836,0,0.00351562,0.00117188,0.000390625,0,0.853175,0.980159
36000,linear_fc1,48,5120,0.988281,0.00637817,0,0.00390625,0.00117188,0.000390625,0.000195313,0.83004,0.980237
36000,linear_fc1,49,5120,0.996094,0.0317383,0,0.00390625,0.000976562,0.000195313,0,0.814,0.980392
36000,linear_fc1,50,5120,1,0.0303955,0,0.00429688,0.000976562,0.000195313,0,0.793711,0.980469
36000,linear_fc1,51,5120,1.00781,0.0512695,0,0.00488281,0.000976562,0.000195313,0,0.782946,0.976744
36000,linear_fc1,52,5120,1.00781,0.0649414,0,0.00507812,0.000976562,0.000195313,0,0.779806,0.976744
36000,linear_fc1,53,5120,1.01562,0.0986328,0,0.00507812,0.00078125,0.000195313,0,0.775269,0.976923
36000,linear_fc1,54,5120,1.01562,0.148438,0,0.00488281,0.000195313,0,0,0.782769,0.980769
36000,linear_fc1,55,5120,1.01562,0.130859,0,0.00429688,0.000195313,0,0,0.782038,0.976923
36000,linear_fc1,56,5120,1.01562,0.154297,0,0.00371094,0.000195313,0,0,0.803654,0.976923
36000,linear_fc1,57,5120,1.02344,0.265625,0,0.00371094,0,0,0,0.822061,0.973282
36000,linear_fc1,58,5120,1.02344,0.316406,0,0.00332031,0,0,0,0.833511,0.973282
36000,linear_fc1,59,5120,1.02344,0.414062,0,0.00234375,0,0,0,0.848053,0.973282
36000,linear_fc1,60,5120,1.03125,0.433594,0,0.000976562,0,0,0,0.85678,0.969697
36000,linear_fc1,61,5120,1.0625,0.496094,0,0.000585938,0,0,0,0.875699,0.970588
36000,linear_fc1,62,5120,1.09375,0.636719,0,0,0,0,0,0.903571,0.964286
36000,linear_fc1,63,5120,1.10938,0.839844,0,0,0,0,0,0.929577,0.964789
36000,q_layernorm,0,128,1.125,0.316406,0,0.03125,0,0,0,0.391562,0.6625
36000,q_layernorm,1,128,1.48438,1.1875,0,0,0,0,0,0.801421,0.9
36000,q_layernorm,2,128,1.51562,1.09375,0,0,0,0,0,0.730979,0.824742
36000,q_layernorm,3,128,1.60156,1.14062,0,0,0,0,0,0.736585,0.795122
36000,q_layernorm,4,128,1.51562,1.08594,0,0,0,0,0,0.745464,0.842268
36000,q_layernorm,5,128,1.47656,1.02344,0,0,0,0,0,0.768624,0.846561
36000,q_layernorm,6,128,1.80469,0.972656,0,0,0,0,0,0.573766,0.749784
36000,q_layernorm,7,128,1.71094,0.078125,0,0.0390625,0.0390625,0.03125,0,0.0541924,0.79589
36000,q_layernorm,8,128,1.64062,0.376953,0,0.03125,0.0078125,0,0,0.275988,0.820952
36000,q_layernorm,9,128,1.60938,0.211914,0,0.0234375,0.0078125,0,0,0.381723,0.765534
36000,q_layernorm,10,128,1.60938,0.941406,0,0,0,0,0,0.689175,0.833495
36000,q_layernorm,11,128,1.6875,0.710938,0,0.0234375,0,0,0,0.429676,0.768519
36000,q_layernorm,12,128,1.57812,0.984375,0,0,0,0,0,0.672723,0.831683
36000,q_layernorm,13,128,1.5625,0.0595703,0,0.015625,0.015625,0.0078125,0,0.225519,0.777
36000,q_layernorm,14,128,1.46094,0.730469,0,0,0,0,0,0.509385,0.800535
36000,q_layernorm,15,128,1.63281,0.636719,0,0.0078125,0,0,0,0.547392,0.828708
36000,q_layernorm,16,128,1.45312,0.859375,0,0,0,0,0,0.61871,0.799462
36000,q_layernorm,17,128,1.6875,1.03906,0,0,0,0,0,0.625,0.77963
36000,q_layernorm,18,128,1.67969,0.239258,0,0.0546875,0.03125,0,0,0.155558,0.728837
36000,q_layernorm,19,128,1.78906,0.255859,0,0.046875,0.0078125,0,0,0.279694,0.691703
36000,q_layernorm,20,128,1.625,0.0742188,0,0.046875,0.0234375,0.0078125,0,0.139351,0.709615
36000,q_layernorm,21,128,1.625,0.0683594,0,0.0703125,0.0390625,0.015625,0,0.0868269,0.628365
36000,q_layernorm,22,128,1.75781,0.00817871,0,0.0859375,0.0703125,0.0625,0.0078125,0.0160083,0.663556
36000,q_layernorm,23,128,1.67188,0.219727,0,0.015625,0.0078125,0,0,0.489252,0.707477
36000,q_layernorm,24,128,1.60938,0.542969,0,0.0234375,0,0,0,0.474612,0.79466
36000,q_layernorm,25,128,1.69531,0.0600586,0,0.109375,0.078125,0.0390625,0,0.0435599,0.471429
36000,q_layernorm,26,128,1.5625,0.0703125,0,0.171875,0.140625,0.101562,0,0.0484438,0.0988125
36000,q_layernorm,27,128,1.65625,0.043457,0,0.09375,0.0546875,0.046875,0,0.0343632,0.533491
36000,q_layernorm,28,128,1.53125,0.0581055,0,0.179688,0.164062,0.101562,0,0.0552583,0.102615
36000,q_layernorm,29,128,1.625,0.0378418,0,0.15625,0.117188,0.0703125,0,0.0282001,0.201562
36000,q_layernorm,30,128,1.57812,0.0247803,0,0.0859375,0.03125,0.015625,0,0.0508895,0.645792
36000,q_layernorm,31,128,1.51562,0.140625,0,0.140625,0.0625,0.0078125,0,0.109272,0.34201
36000,q_layernorm,32,128,1.60156,0.0742188,0,0.0625,0.0390625,0.0234375,0,0.060503,0.7
36000,q_layernorm,33,128,1.49219,0.0800781,0,0.242188,0.179688,0.03125,0,0.068233,0.159162
36000,q_layernorm,34,128,1.53906,0.074707,0,0.164062,0.132812,0.0546875,0,0.0557234,0.145558
36000,q_layernorm,35,128,1.61719,0.137695,0,0.0625,0.0390625,0.0078125,0,0.128092,0.636232
36000,q_layernorm,36,128,1.53906,0.12793,0,0.140625,0.078125,0.0078125,0,0.133737,0.354315
36000,q_layernorm,37,128,1.34375,0.636719,0,0.015625,0,0,0,0.497878,0.578779
36000,q_layernorm,38,128,1.57031,1.22656,0,0,0,0,0,0.826269,0.908955
36000,q_layernorm,39,128,1.42188,0.777344,0,0,0,0,0,0.562802,0.667582
36000,q_layernorm,40,128,1.5,0.427734,0,0.171875,0,0,0,0.30651,0.410677
36000,q_layernorm,41,128,1.47656,0.550781,0,0.140625,0,0,0,0.400397,0.473545
36000,q_layernorm,42,128,1.33594,0.597656,0,0.09375,0,0,0,0.454006,0.507895
36000,q_layernorm,43,128,1.35156,0.628906,0,0.015625,0,0,0,0.486792,0.550289
36000,q_layernorm,44,128,1.41406,0.507812,0,0.25,0,0,0,0.359862,0.40442
36000,q_layernorm,45,128,1.46875,0.172852,0,0.234375,0.125,0,0,0.136336,0.213032
36000,q_layernorm,46,128,1.5,0.100586,0,0.195312,0.109375,0.0234375,0,0.0820247,0.24401
36000,q_layernorm,47,128,1.42188,0.269531,0,0.203125,0.0625,0,0,0.195426,0.28283
36000,q_layernorm,48,128,1.57031,0.116699,0,0.101562,0.0859375,0.0234375,0,0.0860386,0.497512
36000,q_layernorm,49,128,1.42969,0.0708008,0,0.148438,0.117188,0.046875,0,0.0595184,0.165779
36000,q_layernorm,50,128,1.4375,0.447266,0,0.0390625,0,0,0,0.335883,0.761413
36000,q_layernorm,51,128,1.54688,0.113281,0,0.0859375,0.0234375,0.0078125,0,0.150076,0.524242
36000,q_layernorm,52,128,1.48438,0.367188,0,0.015625,0.0078125,0,0,0.370184,0.777368
36000,q_layernorm,53,128,1.53125,0.104004,0,0.125,0.078125,0.0390625,0,0.0778284,0.327934
36000,q_layernorm,54,128,1.46875,0.162109,0,0.179688,0.101562,0,0,0.130731,0.247207
36000,q_layernorm,55,128,1.50781,0.9375,0,0,0,0,0,0.649974,0.823834
36000,q_layernorm,56,128,1.50781,0.578125,0,0.0078125,0,0,0,0.584016,0.831088
36000,q_layernorm,57,128,1.48438,0.11084,0,0.0390625,0.03125,0.0078125,0,0.114711,0.787895
36000,q_layernorm,58,128,1.52344,1.17969,0,0,0,0,0,0.818154,0.899487
36000,q_layernorm,59,128,1.49219,1.07031,0,0,0,0,0,0.797225,0.884817
36000,q_layernorm,60,128,1.44531,1.02344,0,0,0,0,0,0.725784,0.845405
36000,q_layernorm,61,128,1.41406,0.964844,0,0,0,0,0,0.747348,0.845304
36000,q_layernorm,62,128,1.30469,1.08594,0,0,0,0,0,0.844311,0.890419
36000,q_layernorm,63,128,1.17188,0.957031,0,0,0,0,0,0.844133,0.92
36000,k_layernorm,0,128,1.14844,0.271484,0,0.0703125,0.0078125,0,0,0.342687,0.587755
36000,k_layernorm,1,128,1.47656,1.10156,0,0,0,0,0,0.821534,0.910053
36000,k_layernorm,2,128,1.5,1.02344,0,0,0,0,0,0.73099,0.817708
36000,k_layernorm,3,128,1.625,0.882812,0,0,0,0,0,0.633558,0.756731
36000,k_layernorm,4,128,1.51562,0.996094,0,0,0,0,0,0.662577,0.787113
36000,k_layernorm,5,128,1.46094,1.07812,0,0,0,0,0,0.765134,0.84385
36000,k_layernorm,6,128,1.78906,0.8125,0,0.0078125,0,0,0,0.589738,0.736681
36000,k_layernorm,7,128,1.69531,0.0108032,0,0.0625,0.03125,0.03125,0.0078125,0.0616331,0.706912
36000,k_layernorm,8,128,1.64844,0.294922,0,0.0390625,0.0078125,0,0,0.301967,0.780569
36000,k_layernorm,9,128,1.57812,0.198242,0,0.0390625,0.015625,0,0,0.221349,0.734653
36000,k_layernorm,10,128,1.60938,0.832031,0,0,0,0,0,0.602597,0.755825
36000,k_layernorm,11,128,1.66406,0.46875,0,0.0390625,0,0,0,0.384695,0.701408
36000,k_layernorm,12,128,1.52344,1.03125,0,0,0,0,0,0.712256,0.841026
36000,k_layernorm,13,128,1.5625,0.173828,0,0.0390625,0.015625,0,0,0.251612,0.77
36000,k_layernorm,14,128,1.44531,0.466797,0,0.015625,0,0,0,0.400216,0.73027
36000,k_layernorm,15,128,1.61719,0.605469,0,0.015625,0,0,0,0.513406,0.760386
36000,k_layernorm,16,128,1.44531,0.523438,0,0.0234375,0,0,0,0.405108,0.789189
36000,k_layernorm,17,128,1.64844,0.804688,0,0.0078125,0,0,0,0.615213,0.772512
36000,k_layernorm,18,128,1.65625,0.057373,0,0.0859375,0.0390625,0.0234375,0,0.0572347,0.621226
36000,k_layernorm,19,128,1.76562,0.0878906,0,0.0625,0.03125,0.0078125,0,0.143706,0.669911
36000,k_layernorm,20,128,1.59375,0.0668945,0,0.0546875,0.03125,0.0234375,0,0.0664062,0.675
36000,k_layernorm,21,128,1.59375,0.0142822,0,0.078125,0.046875,0.015625,0.0078125,0.0719087,0.596569
36000,k_layernorm,22,128,1.71875,0.0395508,0,0.101562,0.0703125,0.046875,0,0.0384304,0.511136
36000,k_layernorm,23,128,1.67188,0.261719,0,0.046875,0.015625,0,0,0.224696,0.69486
36000,k_layernorm,24,128,1.57812,0.0371094,0,0.0390625,0.0078125,0.0078125,0,0.323453,0.813861
36000,k_layernorm,25,128,1.64844,0.0148315,0.0078125,0.125,0.101562,0.0390625,0.0078125,0.0433649,0.333886
36000,k_layernorm,26,128,1.58594,0.052002,0,0.203125,0.132812,0.078125,0,0.0505727,0.112746
36000,k_layernorm,27,128,1.64062,0.00878906,0,0.117188,0.078125,0.046875,0.0078125,0.0109375,0.415238
36000,k_layernorm,28,128,1.53125,0.0703125,0,0.226562,0.15625,0.0859375,0,0.0540434,0.114094
36000,k_layernorm,29,128,1.625,0.0549316,0,0.203125,0.132812,0.0546875,0,0.0655078,0.16887
36000,k_layernorm,30,128,1.55469,0.00964355,0,0.117188,0.0546875,0.015625,0.0078125,0.0502732,0.45402
36000,k_layernorm,31,128,1.49219,0.195312,0,0.171875,0.0703125,0,0,0.136957,0.308377
36000,k_layernorm,32,128,1.60156,0.0556641,0,0.09375,0.0625,0.0234375,0,0.0623659,0.548049
36000,k_layernorm,33,128,1.53125,0.141602,0,0.28125,0.179688,0.0078125,0,0.10192,0.142411
36000,k_layernorm,34,128,1.57031,0.0800781,0,0.203125,0.171875,0.0703125,0,0.0568004,0.13806
36000,k_layernorm,35,128,1.625,0.11377,0,0.15625,0.0625,0.03125,0,0.0774579,0.36226
36000,k_layernorm,36,128,1.55469,0.189453,0,0.203125,0.078125,0,0,0.136307,0.272739
36000,k_layernorm,37,128,1.32812,0.644531,0,0.0078125,0,0,0,0.511765,0.561765
36000,k_layernorm,38,128,1.5625,0.847656,0,0,0,0,0,0.6612,0.8555
36000,k_layernorm,39,128,1.42188,0.667969,0,0.015625,0,0,0,0.482912,0.636813
36000,k_layernorm,40,128,1.46094,0.458984,0,0.226562,0,0,0,0.327901,0.418182
36000,k_layernorm,41,128,1.45312,0.527344,0,0.140625,0,0,0,0.395806,0.47043
36000,k_layernorm,42,128,1.27344,0.601562,0,0.0546875,0,0,0,0.482423,0.53681
36000,k_layernorm,43,128,1.36719,0.464844,0,0.140625,0,0,0,0.403857,0.474286
36000,k_layernorm,44,128,1.39062,0.5,0,0.25,0,0,0,0.37382,0.418539
36000,k_layernorm,45,128,1.46875,0.149414,0,0.257812,0.117188,0,0,0.143723,0.218351
36000,k_layernorm,46,128,1.51562,0.116699,0,0.226562,0.132812,0.0078125,0,0.103595,0.220361
36000,k_layernorm,47,128,1.39062,0.233398,0,0.21875,0.0625,0,0,0.19184,0.298736
36000,k_layernorm,48,128,1.57031,0.0854492,0,0.15625,0.109375,0.03125,0,0.0880721,0.215174
36000,k_layernorm,49,128,1.42969,0.0136719,0,0.171875,0.117188,0.0546875,0.0078125,0.0572541,0.190232
36000,k_layernorm,50,128,1.42969,0.384766,0,0.046875,0,0,0,0.276434,0.745355
36000,k_layernorm,51,128,1.53125,0.0947266,0,0.148438,0.0703125,0.0234375,0,0.0782621,0.354974
36000,k_layernorm,52,128,1.47656,0.253906,0,0.046875,0.0078125,0,0,0.292183,0.64709
36000,k_layernorm,53,128,1.53906,0.097168,0,0.15625,0.09375,0.03125,0,0.0746129,0.343401
36000,k_layernorm,54,128,1.46094,0.140625,0,0.203125,0.125,0.0078125,0,0.130762,0.221658
36000,k_layernorm,55,128,1.48438,0.333984,0,0.0234375,0.015625,0,0,0.258632,0.782632
36000,k_layernorm,56,128,1.5,0.0795898,0,0.0234375,0.0078125,0.0078125,0,0.403828,0.768229
36000,k_layernorm,57,128,1.47656,0.0922852,0,0.0390625,0.0234375,0.0078125,0,0.126349,0.778836
36000,k_layernorm,58,128,1.5,1.17188,0,0,0,0,0,0.815312,0.885417
36000,k_layernorm,59,128,1.47656,1.125,0,0,0,0,0,0.783069,0.867725
36000,k_layernorm,60,128,1.42969,0.742188,0,0,0,0,0,0.546366,0.779781
36000,k_layernorm,61,128,1.375,0.921875,0,0,0,0,0,0.72142,0.869318
36000,k_layernorm,62,128,1.29688,1.07031,0,0,0,0,0,0.836205,0.895783
36000,k_layernorm,63,128,1.17188,0.96875,0,0,0,0,0,0.837567,0.92
36000,final_layernorm,-1,5120,1.67969,1.35156,0,0,0,0,0,0.948837,0.976744
40000,linear_qkv,0,5120,0.180664,0.0183105,0,0.00410156,0.00117188,0,0,0.607459,0.832432
40000,linear_qkv,1,5120,0.507812,0.117188,0,0.000585938,0.000195313,0,0,0.876923,0.930769
40000,linear_qkv,2,5120,0.714844,0.0566406,0,0.00078125,0.000195313,0.000195313,0,0.837104,0.939891
40000,linear_qkv,3,5120,0.832031,0.132812,0,0.00078125,0.000195313,0,0,0.882629,0.943662
40000,linear_qkv,4,5120,0.84375,0.103027,0,0.000195313,0.000195313,0,0,0.87963,0.939815
40000,linear_qkv,5,5120,0.9375,0.162109,0,0.000390625,0.000195313,0,0,0.8875,0.941667
40000,linear_qkv,6,5120,1.00781,0.314453,0,0.000195313,0,0,0,0.868217,0.937984
40000,linear_qkv,7,5120,1.13281,0.482422,0,0.000585938,0,0,0,0.884069,0.944828
40000,linear_qkv,8,5120,1.07812,0.300781,0,0.000585938,0,0,0,0.870254,0.942029
40000,linear_qkv,9,5120,0.996094,0.259766,0,0.000585938,0,0,0,0.878431,0.945098
40000,linear_qkv,10,5120,1.02344,0.339844,0,0.000585938,0,0,0,0.89313,0.950382
40000,linear_qkv,11,5120,1.07031,0.330078,0,0.000585938,0,0,0,0.875912,0.941606
40000,linear_qkv,12,5120,1.00781,0.378906,0,0.000585938,0,0,0,0.906977,0.957364
40000,linear_qkv,13,5120,1.03125,0.347656,0,0.000585938,0,0,0,0.897727,0.950758
40000,linear_qkv,14,5120,0.988281,0.427734,0,0.000585938,0,0,0,0.897984,0.952569
40000,linear_qkv,15,5120,1.10938,0.494141,0,0.000585938,0,0,0,0.901408,0.950704
40000,linear_qkv,16,5120,1.08594,0.589844,0,0,0,0,0,0.910072,0.956835
40000,linear_qkv,17,5120,1.24219,0.738281,0,0,0,0,0,0.924528,0.955975
40000,linear_qkv,18,5120,1.17969,0.597656,0,0,0,0,0,0.907285,0.953642
40000,linear_qkv,19,5120,1.28906,0.707031,0,0,0,0,0,0.915152,0.957576
40000,linear_qkv,20,5120,1.14844,0.628906,0,0,0,0,0,0.911565,0.959184
40000,linear_qkv,21,5120,1.13281,0.683594,0,0,0,0,0,0.918552,0.958621
40000,linear_qkv,22,5120,1.38281,0.730469,0,0,0,0,0,0.920904,0.954802
40000,linear_qkv,23,5120,1.36719,0.722656,0,0,0,0,0,0.925714,0.96
40000,linear_qkv,24,5120,1.32031,0.695312,0,0,0,0,0,0.928994,0.964497
40000,linear_qkv,25,5120,1.22656,0.53125,0,0.000390625,0,0,0,0.917197,0.961783
40000,linear_qkv,26,5120,1.17969,0.466797,0,0.000195313,0,0,0,0.908543,0.953642
40000,linear_qkv,27,5120,1.39844,0.578125,0,0.000195313,0,0,0,0.905028,0.955307
40000,linear_qkv,28,5120,1.28125,0.478516,0,0.00078125,0,0,0,0.884146,0.945122
40000,linear_qkv,29,5120,1.3125,0.484375,0,0.000585938,0,0,0,0.89881,0.952381
40000,linear_qkv,30,5120,1.42969,0.507812,0,0.00078125,0,0,0,0.901639,0.956284
40000,linear_qkv,31,5120,1.125,0.416016,0,0.000585938,0,0,0,0.902778,0.951389
40000,linear_qkv,32,5120,1.22656,0.453125,0,0.00078125,0,0,0,0.904459,0.955414
40000,linear_qkv,33,5120,1.22656,0.390625,0,0.00136719,0,0,0,0.878981,0.942675
40000,linear_qkv,34,5120,1.36719,0.455078,0,0.00117188,0,0,0,0.88,0.942857
40000,linear_qkv,35,5120,1.27344,0.380859,0,0.00078125,0,0,0,0.895706,0.957055
40000,linear_qkv,36,5120,1.11719,0.376953,0,0.0015625,0,0,0,0.881119,0.944056
40000,linear_qkv,37,5120,0.855469,0.271484,0,0.00078125,0,0,0,0.894977,0.945205
40000,linear_qkv,38,5120,1.07812,0.402344,0,0.000390625,0,0,0,0.913043,0.956522
40000,linear_qkv,39,5120,0.894531,0.353516,0,0.000585938,0,0,0,0.895197,0.951965
40000,linear_qkv,40,5120,0.980469,0.304688,0,0.000976562,0,0,0,0.881235,0.952191
40000,linear_qkv,41,5120,0.9375,0.291016,0,0.000976562,0,0,0,0.875,0.95
40000,linear_qkv,42,5120,0.875,0.292969,0,0.00117188,0,0,0,0.871384,0.946429
40000,linear_qkv,43,5120,0.910156,0.359375,0,0.000976562,0,0,0,0.866953,0.948498
40000,linear_qkv,44,5120,0.957031,0.320312,0,0.0015625,0,0,0,0.857918,0.95102
40000,linear_qkv,45,5120,1.05469,0.371094,0,0.000976562,0,0,0,0.830333,0.955556
40000,linear_qkv,46,5120,1.10156,0.396484,0,0.000585938,0,0,0,0.824043,0.950355
40000,linear_qkv,47,5120,0.996094,0.478516,0,0.000195313,0,0,0,0.845373,0.94902
40000,linear_qkv,48,5120,1.21094,0.46875,0,0.000585938,0,0,0,0.780645,0.954839
40000,linear_qkv,49,5120,1.17188,0.472656,0,0.00078125,0,0,0,0.7873,0.953333
40000,linear_qkv,50,5120,1.09375,0.466797,0,0.000390625,0,0,0,0.819214,0.95
40000,linear_qkv,51,5120,1.1875,0.474609,0,0.0015625,0,0,0,0.726974,0.953947
40000,linear_qkv,52,5120,1.14844,0.5,0,0.000195313,0,0,0,0.795918,0.959184
40000,linear_qkv,53,5120,1.28906,0.421875,0,0.00410156,0,0,0,0.68297,0.957576
40000,linear_qkv,54,5120,1.20312,0.40625,0,0.00429688,0,0,0,0.679188,0.948052
40000,linear_qkv,55,5120,1.28125,0.609375,0,0.000976562,0,0,0,0.729085,0.945122
40000,linear_qkv,56,5120,1.28906,0.523438,0,0.00195312,0,0,0,0.697545,0.951515
40000,linear_qkv,57,5120,1.25,0.361328,0,0.00488281,0,0,0,0.654313,0.94375
40000,linear_qkv,58,5120,1.28906,0.507812,0,0.0015625,0,0,0,0.718758,0.945455
40000,linear_qkv,59,5120,1.19531,0.345703,0,0.00273437,0,0,0,0.696078,0.947712
40000,linear_qkv,60,5120,1.10156,0.523438,0,0.000585938,0,0,0,0.734043,0.950355
40000,linear_qkv,61,5120,1.09375,0.558594,0,0,0,0,0,0.782143,0.942857
40000,linear_qkv,62,5120,1.01562,0.65625,0,0,0,0,0,0.9,0.965385
40000,linear_qkv,63,5120,0.976562,0.792969,0,0,0,0,0,0.928,0.964
40000,linear_fc1,0,5120,0.578125,0.0522461,0,0.00214844,0.000585938,0.000195313,0,0.655405,0.871622
40000,linear_fc1,1,5120,0.914062,0.0310059,0,0.00527344,0.00332031,0.00117188,0,0.707564,0.931624
40000,linear_fc1,2,5120,0.925781,0.0281982,0,0.00410156,0.00273437,0.000585938,0,0.881857,0.962025
40000,linear_fc1,3,5120,0.875,0.0393066,0,0.003125,0.00117188,0.000390625,0,0.893705,0.959821
40000,linear_fc1,4,5120,0.835938,0.0235596,0,0.00214844,0.000976562,0.000390625,0,0.892523,0.957944
40000,linear_fc1,5,5120,0.746094,0.0108032,0,0.000976562,0.000390625,0.000390625,0,0.900524,0.95288
40000,linear_fc1,6,5120,0.679688,0.0184326,0,0.000976562,0.000390625,0.000390625,0,0.896552,0.954023
40000,linear_fc1,7,5120,0.652344,0.0310059,0,0.000976562,0.000585938,0.000390625,0,0.892216,0.952096
40000,linear_fc1,8,5120,0.660156,0.024292,0,0.00117188,0.000585938,0.000390625,0,0.893491,0.952663
40000,linear_fc1,9,5120,0.671875,0.0235596,0,0.00117188,0.000585938,0.000390625,0,0.895349,0.953488
40000,linear_fc1,10,5120,0.660156,0.0317383,0,0.00117188,0.000585938,0.000390625,0,0.893491,0.952663
40000,linear_fc1,11,5120,0.660156,0.024292,0,0.000976562,0.000585938,0.000390625,0,0.905325,0.95858
40000,linear_fc1,12,5120,0.667969,0.0306396,0,0.000976562,0.000585938,0.000195313,0,0.900585,0.953216
40000,linear_fc1,13,5120,0.667969,0.0319824,0,0.000976562,0.000585938,0.000195313,0,0.906433,0.959064
40000,linear_fc1,14,5120,0.65625,0.0344238,0,0.000976562,0.000585938,0.000195313,0,0.910714,0.958333
40000,linear_fc1,15,5120,0.648438,0.0490723,0,0.00078125,0.000195313,0.000195313,0,0.915663,0.957831
40000,linear_fc1,16,5120,0.628906,0.0527344,0,0.000585938,0.000195313,0.000195313,0,0.913043,0.956522
40000,linear_fc1,17,5120,0.605469,0.0981445,0,0.000390625,0.000195313,0,0,0.910903,0.954839
40000,linear_fc1,18,5120,0.597656,0.0712891,0,0.000195313,0.000195313,0,0,0.915033,0.960784
40000,linear_fc1,19,5120,0.601562,0.0563965,0,0.000195313,0.000195313,0.000195313,0,0.915584,0.961039
40000,linear_fc1,20,5120,0.613281,0.0795898,0,0.000195313,0.000195313,0,0,0.917197,0.961783
40000,linear_fc1,21,5120,0.613281,0.0917969,0,0.000390625,0.000195313,0,0,0.917197,0.961783
40000,linear_fc1,22,5120,0.609375,0.0559082,0,0.000390625,0.000195313,0.000195313,0,0.923077,0.967949
40000,linear_fc1,23,5120,0.617188,0.0639648,0,0.000585938,0.000390625,0,0,0.917722,0.962025
40000,linear_fc1,24,5120,0.625,0.050293,0,0.000976562,0.000390625,0.000195313,0,0.925,0.96875
40000,linear_fc1,25,5120,0.648438,0.0439453,0,0.000976562,0.000390625,0.000195313,0,0.927711,0.963855
40000,linear_fc1,26,5120,0.660156,0.0375977,0,0.000976562,0.000390625,0.000195313,0,0.934911,0.970414
40000,linear_fc1,27,5120,0.679688,0.0410156,0,0.000976562,0.000585938,0.000390625,0,0.931034,0.971264
40000,linear_fc1,28,5120,0.699219,0.0267334,0,0.00117188,0.00078125,0.000390625,0,0.932961,0.96648
40000,linear_fc1,29,5120,0.710938,0.00897217,0,0.00117188,0.000390625,0.000390625,0,0.93956,0.972527
40000,linear_fc1,30,5120,0.734375,0.0432129,0,0.00117188,0.000390625,0.000195313,0,0.941489,0.973404
40000,linear_fc1,31,5120,0.753906,0.0255127,0,0.00117188,0.000585938,0.000390625,0,0.943005,0.974093
40000,linear_fc1,32,5120,0.769531,0.0102539,0,0.00117188,0.000585938,0.000195313,0,0.939086,0.974619
40000,linear_fc1,33,5120,0.789062,0.0088501,0,0.00117188,0.00078125,0.000195313,0,0.940594,0.975248
40000,linear_fc1,34,5120,0.8125,0.00427246,0,0.00117188,0.00117188,0.000195313,0.000195313,0.9375,0.975962
40000,linear_fc1,35,5120,0.835938,0.00509644,0,0.00117188,0.000976562,0.000195313,0.000195313,0.939252,0.981308
40000,linear_fc1,36,5120,0.863281,0.00497437,0,0.00117188,0.000976562,0.000195313,0.000195313,0.941176,0.977376
40000,linear_fc1,37,5120,0.882812,0.00241089,0,0.00136719,0.000976562,0.000390625,0.000195313,0.929204,0.977876
40000,linear_fc1,38,5120,0.898438,0.00408936,0,0.00136719,0.000976562,0.000390625,0.000195313,0.930435,0.978261
40000,linear_fc1,39,5120,0.910156,0.0018158,0,0.00175781,0.000976562,0.000585938,0.000195313,0.923562,0.978541
40000,linear_fc1,40,5120,0.921875,0.00276184,0,0.00195312,0.000976562,0.000585938,0.000195313,0.916059,0.978814
40000,linear_fc1,41,5120,0.933594,0.00549316,0,0.00195312,0.000976562,0.000390625,0.000195313,0.90795,0.979079
40000,linear_fc1,42,5120,0.945312,0.00402832,0,0.00253906,0.000976562,0.000585938,0.000195313,0.897479,0.979339
40000,linear_fc1,43,5120,0.953125,0.00720215,0,0.00273437,0.000976562,0.000585938,0.000195313,0.895,0.979508
40000,linear_fc1,44,5120,0.960938,0.00346375,0,0.00292969,0.000976562,0.000585938,0.000195313,0.874553,0.979675
40000,linear_fc1,45,5120,0.964844,0.00527954,0,0.003125,0.00117188,0.000585938,0.000195313,0.867166,0.979757
40000,linear_fc1,46,5120,0.972656,0.00866699,0,0.00371094,0.00117188,0.000585938,0.000195313,0.857711,0.97992
40000,linear_fc1,47,5120,0.980469,0.0131226,0,0.00390625,0.00117188,0.000390625,0,0.85012,0.976096
40000,linear_fc1,48,5120,0.984375,0.00579834,0,0.00410156,0.00117188,0.000390625,0.000195313,0.830873,0.97619
40000,linear_fc1,49,5120,0.992188,0.0285645,0,0.00429688,0.00117188,0.000195313,0,0.810827,0.980315
40000,linear_fc1,50,5120,0.996094,0.0253906,0,0.00410156,0.000976562,0.000195313,0,0.793451,0.980392
40000,linear_fc1,51,5120,1,0.0441895,0,0.0046875,0.00117188,0.000195313,0,0.808594,0.980469
40000,linear_fc1,52,5120,1,0.0559082,0,0.00507812,0.000976562,0.000195313,0,0.801523,0.980469
40000,linear_fc1,53,5120,1.00781,0.0913086,0,0.00488281,0.000585938,0.000195313,0,0.807674,0.976744
40000,linear_fc1,54,5120,1.01562,0.137695,0,0.00488281,0.000195313,0,0,0.800538,0.976923
40000,linear_fc1,55,5120,1.00781,0.117188,0,0.0046875,0.000195313,0,0,0.803062,0.98062
40000,linear_fc1,56,5120,1.00781,0.137695,0,0.00449219,0.000195313,0,0,0.81469,0.98062
40000,linear_fc1,57,5120,1.01562,0.239258,0,0.00390625,0.000195313,0,0,0.830577,0.976923
40000,linear_fc1,58,5120,1.01562,0.283203,0,0.00351562,0,0,0,0.862269,0.976923
40000,linear_fc1,59,5120,1.01562,0.375,0,0.00273437,0,0,0,0.863731,0.973077
40000,linear_fc1,60,5120,1.02344,0.382812,0,0.00195312,0,0,0,0.874046,0.973282
40000,linear_fc1,61,5120,1.05469,0.439453,0,0.00078125,0,0,0,0.882185,0.97037
40000,linear_fc1,62,5120,1.08594,0.589844,0,0,0,0,0,0.910072,0.964029
40000,linear_fc1,63,5120,1.125,0.8125,0,0,0,0,0,0.923611,0.965278
40000,q_layernorm,0,128,1.14844,0.310547,0,0.0390625,0,0,0,0.37801,0.670408
40000,q_layernorm,1,128,1.5,1.17188,0,0,0,0,0,0.787865,0.897917
40000,q_layernorm,2,128,1.53125,1.0625,0,0,0,0,0,0.718418,0.816327
40000,q_layernorm,3,128,1.60938,1.13281,0,0,0,0,0,0.729466,0.786408
40000,q_layernorm,4,128,1.53125,1.07812,0,0,0,0,0,0.729031,0.835204
40000,q_layernorm,5,128,1.48438,0.980469,0,0,0,0,0,0.759316,0.842105
40000,q_layernorm,6,128,1.82031,0.964844,0,0,0,0,0,0.561416,0.751931
40000,q_layernorm,7,128,1.73438,0.0776367,0,0.0390625,0.0390625,0.03125,0,0.0557911,0.788288
40000,q_layernorm,8,128,1.64844,0.353516,0,0.03125,0.015625,0,0,0.255498,0.819905
40000,q_layernorm,9,128,1.63281,0.144531,0,0.0234375,0.0078125,0.0078125,0,0.331435,0.76555
40000,q_layernorm,10,128,1.61719,0.90625,0,0,0,0,0,0.677488,0.829469
40000,q_layernorm,11,128,1.70312,0.640625,0,0.03125,0,0,0,0.389037,0.77844
40000,q_layernorm,12,128,1.59375,0.941406,0,0,0,0,0,0.662549,0.828431
40000,q_layernorm,13,128,1.58594,0.0517578,0,0.03125,0.015625,0.0078125,0,0.20561,0.775369
40000,q_layernorm,14,128,1.48438,0.632812,0,0.015625,0,0,0,0.469474,0.794737
40000,q_layernorm,15,128,1.65625,0.554688,0,0.0078125,0,0,0,0.510259,0.826415
40000,q_layernorm,16,128,1.46875,0.808594,0,0,0,0,0,0.60516,0.794681
40000,q_layernorm,17,128,1.70312,1.02344,0,0,0,0,0,0.607982,0.773853
40000,q_layernorm,18,128,1.69531,0.223633,0,0.0546875,0.03125,0,0,0.149188,0.735945
40000,q_layernorm,19,128,1.8125,0.21875,0,0.046875,0.015625,0,0,0.261401,0.693966
40000,q_layernorm,20,128,1.64062,0.0583496,0,0.046875,0.0234375,0.0078125,0,0.116274,0.712381
40000,q_layernorm,21,128,1.64062,0.0644531,0,0.0703125,0.0390625,0.015625,0,0.073375,0.628571
40000,q_layernorm,22,128,1.77344,0.00762939,0,0.0859375,0.0703125,0.0625,0.0078125,0.0134485,0.677092
40000,q_layernorm,23,128,1.69531,0.171875,0,0.015625,0.0078125,0,0,0.464862,0.710138
40000,q_layernorm,24,128,1.625,0.503906,0,0.0234375,0,0,0,0.456923,0.788462
40000,q_layernorm,25,128,1.71094,0.0478516,0,0.109375,0.078125,0.0546875,0,0.0378168,0.471918
40000,q_layernorm,26,128,1.58594,0.0612793,0,0.171875,0.148438,0.109375,0,0.0437438,0.0953202
40000,q_layernorm,27,128,1.66406,0.0556641,0,0.09375,0.0546875,0.046875,0,0.0355384,0.53615
40000,q_layernorm,28,128,1.54688,0.0629883,0,0.171875,0.164062,0.101562,0,0.0478504,0.0979798
40000,q_layernorm,29,128,1.64062,0.0351562,0,0.15625,0.117188,0.0703125,0,0.024881,0.192738
40000,q_layernorm,30,128,1.58594,0.0166016,0,0.0859375,0.03125,0.0234375,0,0.0368481,0.659606
40000,q_layernorm,31,128,1.53906,0.12793,0,0.140625,0.0859375,0.015625,0,0.0917259,0.329188
40000,q_layernorm,32,128,1.61719,0.074707,0,0.0625,0.0390625,0.0234375,0,0.0552838,0.704348
40000,q_layernorm,33,128,1.50781,0.0527344,0,0.242188,0.179688,0.0546875,0,0.0570272,0.143459
40000,q_layernorm,34,128,1.57031,0.057373,0,0.164062,0.132812,0.0703125,0,0.0376151,0.127861
40000,q_layernorm,35,128,1.63281,0.09375,0,0.0625,0.0390625,0.0078125,0,0.113822,0.636842
40000,q_layernorm,36,128,1.5625,0.103027,0,0.140625,0.0859375,0.0078125,0,0.120319,0.3335
40000,q_layernorm,37,128,1.35156,0.597656,0,0.03125,0,0,0,0.468988,0.569653
40000,q_layernorm,38,128,1.58594,1.22656,0,0,0,0,0,0.821724,0.906404
40000,q_layernorm,39,128,1.4375,0.734375,0,0,0,0,0,0.54163,0.664946
40000,q_layernorm,40,128,1.50781,0.371094,0,0.179688,0.0078125,0,0,0.270583,0.400777
40000,q_layernorm,41,128,1.48438,0.492188,0,0.15625,0,0,0,0.348789,0.455263
40000,q_layernorm,42,128,1.35156,0.558594,0,0.140625,0,0,0,0.419856,0.480058
40000,q_layernorm,43,128,1.36719,0.582031,0,0.0546875,0,0,0,0.463629,0.526857
40000,q_layernorm,44,128,1.42969,0.4375,0,0.25,0,0,0,0.328087,0.381694
40000,q_layernorm,45,128,1.48438,0.158203,0,0.234375,0.148438,0,0,0.11648,0.196711
40000,q_layernorm,46,128,1.51562,0.0834961,0,0.195312,0.117188,0.0234375,0,0.071701,0.229124
40000,q_layernorm,47,128,1.42969,0.227539,0,0.203125,0.09375,0,0,0.174734,0.258743
40000,q_layernorm,48,128,1.59375,0.108887,0,0.101562,0.0859375,0.0234375,0,0.0792096,0.495588
40000,q_layernorm,49,128,1.44531,0.0444336,0,0.148438,0.117188,0.0546875,0,0.0473142,0.15473
40000,q_layernorm,50,128,1.44531,0.408203,0,0.0390625,0,0,0,0.298716,0.765946
40000,q_layernorm,51,128,1.55469,0.0810547,0,0.0859375,0.03125,0.0078125,0,0.122173,0.522111
40000,q_layernorm,52,128,1.5,0.298828,0,0.015625,0.0078125,0,0,0.346615,0.784896
40000,q_layernorm,53,128,1.53906,0.0981445,0,0.125,0.078125,0.0390625,0,0.0750952,0.311041
40000,q_layernorm,54,128,1.49219,0.146484,0,0.1875,0.117188,0.0078125,0,0.104162,0.222382
40000,q_layernorm,55,128,1.52344,0.882812,0,0,0,0,0,0.623769,0.815385
40000,q_layernorm,56,128,1.53125,0.527344,0,0.0078125,0,0,0,0.562117,0.814796
40000,q_layernorm,57,128,1.5,0.0864258,0,0.0390625,0.03125,0.015625,0,0.0961328,0.784896
40000,q_layernorm,58,128,1.54688,1.16406,0,0,0,0,0,0.803434,0.892424
40000,q_layernorm,59,128,1.50781,1.05469,0,0,0,0,0,0.790363,0.880829
40000,q_layernorm,60,128,1.45312,1.02344,0,0,0,0,0,0.712581,0.84086
40000,q_layernorm,61,128,1.42188,0.957031,0,0,0,0,0,0.747253,0.846154
40000,q_layernorm,62,128,1.3125,1.08594,0,0,0,0,0,0.836548,0.889286
40000,q_layernorm,63,128,1.17188,0.933594,0,0,0,0,0,0.835667,0.918
40000,k_layernorm,0,128,1.17188,0.245117,0,0.0703125,0.0078125,0,0,0.324833,0.583
40000,k_layernorm,1,128,1.49219,1.07812,0,0,0,0,0,0.814346,0.909424
40000,k_layernorm,2,128,1.50781,1.01562,0,0,0,0,0,0.709275,0.813472
40000,k_layernorm,3,128,1.64062,0.863281,0,0,0,0,0,0.619286,0.74619
40000,k_layernorm,4,128,1.53125,0.976562,0,0,0,0,0,0.648367,0.77551
40000,k_layernorm,5,128,1.46875,1.07031,0,0,0,0,0,0.757181,0.840957
40000,k_layernorm,6,128,1.80469,0.792969,0,0.0078125,0,0,0,0.583463,0.737662
40000,k_layernorm,7,128,1.70312,0.0240479,0,0.0625,0.03125,0.03125,0,0.0597219,0.706422
40000,k_layernorm,8,128,1.65625,0.253906,0,0.0390625,0.0078125,0,0,0.284033,0.781604
40000,k_layernorm,9,128,1.59375,0.162109,0,0.0390625,0.015625,0,0,0.1844,0.726471
40000,k_layernorm,10,128,1.625,0.796875,0,0.0078125,0,0,0,0.587188,0.75
40000,k_layernorm,11,128,1.6875,0.404297,0,0.0390625,0.0078125,0,0,0.356898,0.694907
40000,k_layernorm,12,128,1.54688,1.00781,0,0,0,0,0,0.693687,0.833333
40000,k_layernorm,13,128,1.57812,0.135742,0,0.0390625,0.015625,0.0078125,0,0.23474,0.765842
40000,k_layernorm,14,128,1.46875,0.355469,0,0.015625,0.0078125,0,0,0.338152,0.724468
40000,k_layernorm,15,128,1.64062,0.527344,0,0.015625,0,0,0,0.495643,0.760952
40000,k_layernorm,16,128,1.46875,0.5,0,0.0234375,0,0,0,0.380532,0.780319
40000,k_layernorm,17,128,1.67188,0.773438,0,0.0078125,0,0,0,0.598505,0.761682
40000,k_layernorm,18,128,1.67188,0.0517578,0,0.0859375,0.0390625,0.03125,0,0.0468107,0.625234
40000,k_layernorm,19,128,1.77344,0.0629883,0,0.0625,0.03125,0.0078125,0,0.130975,0.668282
40000,k_layernorm,20,128,1.60938,0.0556641,0,0.0546875,0.03125,0.0234375,0,0.0518447,0.679612
40000,k_layernorm,21,128,1.625,0.0117188,0,0.078125,0.046875,0.015625,0.0078125,0.067518,0.591346
40000,k_layernorm,22,128,1.73438,0.0375977,0,0.101562,0.0703125,0.0546875,0,0.0282587,0.507207
40000,k_layernorm,23,128,1.6875,0.192383,0,0.0546875,0.015625,0,0,0.192928,0.685185
40000,k_layernorm,24,128,1.59375,0.0203857,0,0.0390625,0.0078125,0.0078125,0,0.296201,0.814216
40000,k_layernorm,25,128,1.66406,0.0249023,0.0078125,0.125,0.101562,0.0390625,0,0.0406954,0.333685
40000,k_layernorm,26,128,1.60156,0.0615234,0,0.203125,0.132812,0.09375,0,0.039436,0.108537
40000,k_layernorm,27,128,1.66406,0.00799561,0,0.125,0.078125,0.0546875,0.0078125,0.0132556,0.399765
40000,k_layernorm,28,128,1.55469,0.0703125,0,0.226562,0.164062,0.101562,0,0.0520823,0.103141
40000,k_layernorm,29,128,1.63281,0.0620117,0,0.203125,0.132812,0.0703125,0,0.0600478,0.156459
40000,k_layernorm,30,128,1.57031,0.00643921,0,0.117188,0.0546875,0.0234375,0.0078125,0.041236,0.444527
40000,k_layernorm,31,128,1.50781,0.154297,0,0.171875,0.0859375,0,0,0.110259,0.291839
40000,k_layernorm,32,128,1.61719,0.0454102,0,0.09375,0.0625,0.03125,0,0.0558967,0.546135
40000,k_layernorm,33,128,1.55469,0.118164,0,0.296875,0.179688,0.046875,0,0.0901633,0.127324
40000,k_layernorm,34,128,1.58594,0.0571289,0,0.203125,0.171875,0.078125,0,0.0415209,0.128879
40000,k_layernorm,35,128,1.64062,0.0678711,0,0.164062,0.0703125,0.0390625,0,0.0547173,0.353333
40000,k_layernorm,36,128,1.57812,0.164062,0,0.203125,0.101562,0,0,0.11237,0.249257
40000,k_layernorm,37,128,1.33594,0.628906,0,0.0546875,0,0,0,0.482456,0.542982
40000,k_layernorm,38,128,1.57031,0.804688,0,0,0,0,0,0.653806,0.845771
40000,k_layernorm,39,128,1.4375,0.601562,0,0.03125,0,0,0,0.448723,0.630707
40000,k_layernorm,40,128,1.47656,0.404297,0,0.21875,0,0,0,0.290754,0.397884
40000,k_layernorm,41,128,1.46875,0.486328,0,0.164062,0,0,0,0.364069,0.443351
40000,k_layernorm,42,128,1.28125,0.566406,0,0.078125,0,0,0,0.445122,0.515244
40000,k_layernorm,43,128,1.375,0.427734,0,0.164062,0,0,0,0.369773,0.445455
40000,k_layernorm,44,128,1.42188,0.445312,0,0.265625,0,0,0,0.348118,0.381868
40000,k_layernorm,45,128,1.48438,0.128906,0,0.257812,0.132812,0.0078125,0,0.117263,0.207763
40000,k_layernorm,46,128,1.52344,0.0976562,0,0.226562,0.132812,0.0234375,0,0.090782,0.200897
40000,k_layernorm,47,128,1.40625,0.192383,0,0.203125,0.0625,0,0,0.156222,0.269861
40000,k_layernorm,48,128,1.58594,0.0708008,0,0.15625,0.109375,0.03125,0,0.0759852,0.194581
40000,k_layernorm,49,128,1.44531,0.0314941,0,0.171875,0.117188,0.078125,0,0.0433125,0.176419
40000,k_layernorm,50,128,1.4375,0.328125,0,0.046875,0.0234375,0,0,0.242948,0.759239
40000,k_layernorm,51,128,1.54688,0.0805664,0,0.148438,0.09375,0.0234375,0,0.0647254,0.342677
40000,k_layernorm,52,128,1.49219,0.198242,0,0.046875,0.0078125,0,0,0.264398,0.634031
40000,k_layernorm,53,128,1.55469,0.0820312,0,0.164062,0.09375,0.046875,0,0.0749089,0.326382
40000,k_layernorm,54,128,1.48438,0.107422,0,0.203125,0.148438,0.0078125,0,0.104303,0.195789
40000,k_layernorm,55,128,1.5,0.306641,0,0.0234375,0.015625,0,0,0.231198,0.769271
40000,k_layernorm,56,128,1.51562,0.0654297,0,0.0234375,0.0078125,0.0078125,0,0.370129,0.758763
40000,k_layernorm,57,128,1.5,0.0756836,0,0.0390625,0.03125,0.015625,0,0.104173,0.765104
40000,k_layernorm,58,128,1.51562,1.17969,0,0,0,0,0,0.800361,0.885052
40000,k_layernorm,59,128,1.48438,1.10938,0,0,0,0,0,0.775105,0.863158
40000,k_layernorm,60,128,1.44531,0.71875,0,0.0078125,0,0,0,0.515838,0.771351
40000,k_layernorm,61,128,1.39062,0.890625,0,0,0,0,0,0.703595,0.859551
40000,k_layernorm,62,128,1.30469,1.07031,0,0,0,0,0,0.831198,0.896407
40000,k_layernorm,63,128,1.17188,0.949219,0,0,0,0,0,0.8409,0.92
40000,final_layernorm,-1,5120,1.67188,1.3125,0,0,0,0,0,0.953271,0.976636
43200,linear_qkv,0,5120,0.140625,0.0105591,0,0.00625,0.00175781,0.000585938,0,0.604826,0.836806
43200,linear_qkv,1,5120,0.478516,0.0966797,0,0.000585938,0.000390625,0,0,0.869388,0.926531
43200,linear_qkv,2,5120,0.691406,0.0473633,0,0.00078125,0.000195313,0.000195313,0,0.836158,0.937853
43200,linear_qkv,3,5120,0.808594,0.105957,0,0.00078125,0.000195313,0,0,0.884058,0.942029
43200,linear_qkv,4,5120,0.824219,0.0859375,0,0.000195313,0.000195313,0,0,0.876777,0.938389
43200,linear_qkv,5,5120,0.921875,0.137695,0,0.000390625,0.000195313,0,0,0.882161,0.940678
43200,linear_qkv,6,5120,0.992188,0.279297,0,0.000195313,0,0,0,0.866142,0.937008
43200,linear_qkv,7,5120,1.125,0.443359,0,0.000585938,0,0,0,0.885417,0.944444
43200,linear_qkv,8,5120,1.07031,0.277344,0,0.000585938,0,0,0,0.865657,0.941606
43200,linear_qkv,9,5120,0.992188,0.255859,0,0.000585938,0,0,0,0.874764,0.944882
43200,linear_qkv,10,5120,1.01562,0.326172,0,0.000585938,0,0,0,0.888462,0.95
43200,linear_qkv,11,5120,1.0625,0.3125,0,0.000585938,0,0,0,0.875,0.948529
43200,linear_qkv,12,5120,1.00781,0.359375,0,0.000585938,0,0,0,0.899961,0.953488
43200,linear_qkv,13,5120,1.03125,0.330078,0,0.000585938,0,0,0,0.897727,0.950758
43200,linear_qkv,14,5120,0.992188,0.414062,0,0.000585938,0,0,0,0.894449,0.948819
43200,linear_qkv,15,5120,1.10938,0.492188,0,0.000585938,0,0,0,0.901408,0.950704
43200,linear_qkv,16,5120,1.09375,0.589844,0,0,0,0,0,0.910714,0.957143
43200,linear_qkv,17,5120,1.25,0.734375,0,0,0,0,0,0.91875,0.95625
43200,linear_qkv,18,5120,1.19531,0.585938,0,0.000195313,0,0,0,0.895425,0.947712
43200,linear_qkv,19,5120,1.29688,0.703125,0,0,0,0,0,0.915663,0.957831
43200,linear_qkv,20,5120,1.16406,0.632812,0,0,0,0,0,0.90604,0.95302
43200,linear_qkv,21,5120,1.14062,0.6875,0,0,0,0,0,0.924658,0.965753
43200,linear_qkv,22,5120,1.39844,0.710938,0,0,0,0,0,0.917263,0.955307
43200,linear_qkv,23,5120,1.38281,0.722656,0,0,0,0,0,0.932203,0.960452
43200,linear_qkv,24,5120,1.33594,0.699219,0,0,0,0,0,0.929825,0.964912
43200,linear_qkv,25,5120,1.25,0.527344,0,0.000390625,0,0,0,0.9125,0.95625
43200,linear_qkv,26,5120,1.19531,0.462891,0,0.000390625,0,0,0,0.908497,0.954248
43200,linear_qkv,27,5120,1.42188,0.5625,0,0.000390625,0,0,0,0.906593,0.956044
43200,linear_qkv,28,5120,1.30469,0.455078,0,0.00078125,0,0,0,0.88024,0.94012
43200,linear_qkv,29,5120,1.33594,0.480469,0,0.00078125,0,0,0,0.895848,0.947368
43200,linear_qkv,30,5120,1.46875,0.490234,0,0.00078125,0,0,0,0.888298,0.946809
43200,linear_qkv,31,5120,1.14844,0.378906,0,0.000976562,0,0,0,0.897959,0.952381
43200,linear_qkv,32,5120,1.25781,0.423828,0,0.000976562,0,0,0,0.906832,0.956522
43200,linear_qkv,33,5120,1.25,0.363281,0,0.00136719,0,0,0,0.88125,0.94375
43200,linear_qkv,34,5120,1.40625,0.433594,0,0.00136719,0,0,0,0.877778,0.944444
43200,linear_qkv,35,5120,1.3125,0.363281,0,0.00078125,0,0,0,0.886905,0.952381
43200,linear_qkv,36,5120,1.14062,0.351562,0,0.00175781,0,0,0,0.876712,0.945205
43200,linear_qkv,37,5120,0.859375,0.24707,0,0.00078125,0,0,0,0.891773,0.945455
43200,linear_qkv,38,5120,1.09375,0.382812,0,0.000390625,0,0,0,0.911393,0.957143
43200,linear_qkv,39,5120,0.90625,0.341797,0,0.00078125,0,0,0,0.892241,0.952586
43200,linear_qkv,40,5120,0.996094,0.292969,0,0.00117188,0,0,0,0.878431,0.94902
43200,linear_qkv,41,5120,0.949219,0.28125,0,0.00117188,0,0,0,0.876543,0.950617
43200,linear_qkv,42,5120,0.882812,0.273438,0,0.00117188,0,0,0,0.867257,0.942478
43200,linear_qkv,43,5120,0.917969,0.333984,0,0.000976562,0,0,0,0.86383,0.948936
43200,linear_qkv,44,5120,0.972656,0.306641,0,0.00136719,0,0,0,0.852169,0.947791
43200,linear_qkv,45,5120,1.07031,0.357422,0,0.000976562,0,0,0,0.823248,0.948905
43200,linear_qkv,46,5120,1.11719,0.388672,0,0.00078125,0,0,0,0.829336,0.958042
43200,linear_qkv,47,5120,1.00781,0.474609,0,0.000195313,0,0,0,0.838682,0.949612
43200,linear_qkv,48,5120,1.23438,0.462891,0,0.00078125,0,0,0,0.79038,0.955696
43200,linear_qkv,49,5120,1.1875,0.464844,0,0.00117188,0,0,0,0.790099,0.953947
43200,linear_qkv,50,5120,1.10938,0.458984,0,0.000390625,0,0,0,0.823944,0.957746
43200,linear_qkv,51,5120,1.21875,0.462891,0,0.00195312,0,0,0,0.724968,0.948718
43200,linear_qkv,52,5120,1.17969,0.5,0,0.000390625,0,0,0,0.780662,0.953642
43200,linear_qkv,53,5120,1.32812,0.400391,0,0.00449219,0,0,0,0.677029,0.952941
43200,linear_qkv,54,5120,1.22656,0.408203,0,0.0046875,0,0,0,0.679554,0.949045
43200,linear_qkv,55,5120,1.30469,0.605469,0,0.000976562,0,0,0,0.736527,0.952096
43200,linear_qkv,56,5120,1.32812,0.523438,0,0.00292969,0,0,0,0.685853,0.947059
43200,linear_qkv,57,5120,1.27344,0.341797,0,0.00507812,0,0,0,0.651472,0.944785
43200,linear_qkv,58,5120,1.3125,0.498047,0,0.00195312,0,0,0,0.717262,0.946429
43200,linear_qkv,59,5120,1.21094,0.349609,0,0.00292969,0,0,0,0.674806,0.948387
43200,linear_qkv,60,5120,1.10938,0.503906,0,0.000976562,0,0,0,0.728873,0.943662
43200,linear_qkv,61,5120,1.10156,0.542969,0,0.000195313,0,0,0,0.773723,0.93617
43200,linear_qkv,62,5120,1.02344,0.652344,0,0,0,0,0,0.889313,0.96145
43200,linear_qkv,63,5120,0.976562,0.789062,0,0,0,0,0,0.928,0.96
43200,linear_fc1,0,5120,0.566406,0.0449219,0,0.00253906,0.000585938,0.000195313,0,0.653034,0.865517
43200,linear_fc1,1,5120,0.90625,0.0241699,0,0.00566406,0.00332031,0.00117188,0,0.712026,0.931034
43200,linear_fc1,2,5120,0.925781,0.0227051,0,0.00410156,0.00292969,0.000585938,0,0.873418,0.962025
43200,linear_fc1,3,5120,0.875,0.0351562,0,0.003125,0.00117188,0.000390625,0,0.892857,0.964286
43200,linear_fc1,4,5120,0.839844,0.0178223,0,0.00214844,0.000976562,0.000390625,0,0.893023,0.95814
43200,linear_fc1,5,5120,0.746094,0.00799561,0,0.000976562,0.000390625,0.000390625,0,0.901518,0.958115
43200,linear_fc1,6,5120,0.683594,0.0151367,0,0.000976562,0.000585938,0.000390625,0,0.891429,0.954286
43200,linear_fc1,7,5120,0.65625,0.0275879,0,0.00117188,0.00078125,0.000390625,0,0.886905,0.952381
43200,linear_fc1,8,5120,0.660156,0.0218506,0,0.00136719,0.000585938,0.000390625,0,0.887574,0.952663
43200,linear_fc1,9,5120,0.671875,0.0201416,0,0.00136719,0.000585938,0.000390625,0,0.895349,0.947674
43200,linear_fc1,10,5120,0.660156,0.0283203,0,0.00136719,0.000585938,0.000390625,0,0.893491,0.952663
43200,linear_fc1,11,5120,0.65625,0.020874,0,0.000976562,0.000585938,0.000390625,0,0.904762,0.958333
43200,linear_fc1,12,5120,0.660156,0.0267334,0,0.000976562,0.000585938,0.000195313,0,0.905325,0.95858
43200,linear_fc1,13,5120,0.660156,0.0280762,0,0.000976562,0.000585938,0.000195313,0,0.911243,0.95858
43200,linear_fc1,14,5120,0.648438,0.0305176,0,0.000976562,0.000585938,0.000195313,0,0.909639,0.957831
43200,linear_fc1,15,5120,0.640625,0.0437012,0,0.00078125,0.000195313,0.000195313,0,0.909695,0.957317
43200,linear_fc1,16,5120,0.617188,0.0461426,0,0.000585938,0.000195313,0.000195313,0,0.917722,0.962025
43200,linear_fc1,17,5120,0.597656,0.0878906,0,0.000390625,0.000195313,0,0,0.908497,0.954248
43200,linear_fc1,18,5120,0.589844,0.0629883,0,0.000390625,0.000195313,0,0,0.913907,0.960265
43200,linear_fc1,19,5120,0.59375,0.0524902,0,0.000195313,0.000195313,0.000195313,0,0.909145,0.953947
43200,linear_fc1,20,5120,0.601562,0.0732422,0,0.000195313,0.000195313,0,0,0.915584,0.961039
43200,linear_fc1,21,5120,0.601562,0.0810547,0,0.000390625,0.000195313,0,0,0.922078,0.961039
43200,linear_fc1,22,5120,0.601562,0.0476074,0,0.000585938,0.000195313,0.000195313,0,0.922078,0.961039
43200,linear_fc1,23,5120,0.605469,0.0576172,0,0.00078125,0.000390625,0.000195313,0,0.922581,0.96129
43200,linear_fc1,24,5120,0.617188,0.043457,0,0.000976562,0.000390625,0.000195313,0,0.924051,0.962025
43200,linear_fc1,25,5120,0.640625,0.0385742,0,0.000976562,0.000390625,0.000195313,0,0.926829,0.963415
43200,linear_fc1,26,5120,0.652344,0.03125,0,0.000976562,0.000585938,0.000390625,0,0.934132,0.97006
43200,linear_fc1,27,5120,0.671875,0.0358887,0,0.000976562,0.00078125,0.000390625,0,0.930233,0.97093
43200,linear_fc1,28,5120,0.691406,0.0202637,0,0.00117188,0.00078125,0.000390625,0,0.937853,0.971751
43200,linear_fc1,29,5120,0.707031,0.00866699,0,0.00117188,0.00078125,0.000390625,0,0.939227,0.972376
43200,linear_fc1,30,5120,0.726562,0.0388184,0,0.00117188,0.000390625,0.000195313,0,0.941882,0.978495
43200,linear_fc1,31,5120,0.75,0.0235596,0,0.00117188,0.000585938,0.000390625,0,0.9375,0.973958
43200,linear_fc1,32,5120,0.765625,0.00994873,0,0.00117188,0.00078125,0.000195313,0,0.938776,0.97449
43200,linear_fc1,33,5120,0.78125,0.00866699,0,0.00117188,0.000976562,0.000195313,0,0.94,0.975
43200,linear_fc1,34,5120,0.804688,0.00454712,0,0.00117188,0.00117188,0.000195313,0.000195313,0.941748,0.975728
43200,linear_fc1,35,5120,0.832031,0.00445557,0,0.00117188,0.00117188,0.000195313,0.000195313,0.938967,0.976526
43200,linear_fc1,36,5120,0.855469,0.00585938,0,0.00117188,0.000976562,0.000195313,0.000195313,0.945205,0.977169
43200,linear_fc1,37,5120,0.875,0.00191498,0,0.00117188,0.000976562,0.000390625,0.000195313,0.9375,0.977679
43200,linear_fc1,38,5120,0.890625,0.00424194,0,0.00175781,0.000976562,0.000390625,0.000195313,0.934211,0.982456
43200,linear_fc1,39,5120,0.90625,0.00311279,0,0.00175781,0.000976562,0.000585938,0.000195313,0.923233,0.978448
43200,linear_fc1,40,5120,0.917969,0.00325012,0,0.00195312,0.000976562,0.000585938,0.000195313,0.924213,0.978723
43200,linear_fc1,41,5120,0.929688,0.00524902,0,0.00234375,0.000976562,0.000390625,0.000195313,0.908361,0.978992
43200,linear_fc1,42,5120,0.941406,0.00537109,0,0.00273437,0.000976562,0.000585938,0.000195313,0.901203,0.979253
43200,linear_fc1,43,5120,0.949219,0.00653076,0,0.00273437,0.000976562,0.000585938,0.000195313,0.90535,0.979424
43200,linear_fc1,44,5120,0.953125,0.00531006,0,0.00292969,0.000976562,0.000585938,0.000195313,0.881926,0.979508
43200,linear_fc1,45,5120,0.960938,0.00512695,0,0.00332031,0.000976562,0.000585938,0.000195313,0.867398,0.979675
43200,linear_fc1,46,5120,0.96875,0.00854492,0,0.00371094,0.00117188,0.000585938,0.000195313,0.862903,0.979839
43200,linear_fc1,47,5120,0.976562,0.0115967,0,0.00410156,0.00117188,0.000390625,0,0.85104,0.976
43200,linear_fc1,48,5120,0.980469,0.00534058,0,0.00429688,0.00117188,0.000390625,0.000195313,0.838167,0.98008
43200,linear_fc1,49,5120,0.988281,0.0275879,0,0.00429688,0.00117188,0.000195313,0,0.822134,0.980237
43200,linear_fc1,50,5120,0.992188,0.0216064,0,0.00449219,0.000976562,0.000195313,0,0.813071,0.980315
43200,linear_fc1,51,5120,1,0.0419922,0,0.00449219,0.00117188,0.000195313,0,0.827187,0.976562
43200,linear_fc1,52,5120,1,0.0541992,0,0.00507812,0.00078125,0.000195313,0,0.821602,0.980469
43200,linear_fc1,53,5120,1.00781,0.0908203,0,0.0046875,0.000585938,0.000195313,0,0.833333,0.976744
43200,linear_fc1,54,5120,1.00781,0.135742,0,0.00488281,0.000195313,0,0,0.844031,0.98062
43200,linear_fc1,55,5120,1.00781,0.111816,0,0.00429688,0.000195313,0,0,0.844031,0.98062
43200,linear_fc1,56,5120,1.00781,0.130859,0,0.00429688,0.000195313,0,0,0.847907,0.976744
43200,linear_fc1,57,5120,1.01562,0.225586,0,0.00390625,0.000195313,0,0,0.860615,0.976923
43200,linear_fc1,58,5120,1.01562,0.269531,0,0.00332031,0,0,0,0.889192,0.976923
43200,linear_fc1,59,5120,1.01562,0.359375,0,0.00273437,0,0,0,0.877654,0.969231
43200,linear_fc1,60,5120,1.02344,0.369141,0,0.00214844,0,0,0,0.870038,0.969466
43200,linear_fc1,61,5120,1.04688,0.423828,0,0.000976562,0,0,0,0.902985,0.970149
43200,linear_fc1,62,5120,1.08594,0.582031,0,0,0,0,0,0.910755,0.964029
43200,linear_fc1,63,5120,1.14062,0.796875,0,0,0,0,0,0.91226,0.958904
43200,q_layernorm,0,128,1.15625,0.294922,0,0.046875,0,0,0,0.370068,0.667905
43200,q_layernorm,1,128,1.52344,1.16406,0,0,0,0,0,0.768256,0.887692
43200,q_layernorm,2,128,1.53125,1.03125,0,0,0,0,0,0.713316,0.816327
43200,q_layernorm,3,128,1.625,1.125,0,0,0,0,0,0.715433,0.777404
43200,q_layernorm,4,128,1.53906,1.07031,0,0,0,0,0,0.716548,0.824365
43200,q_layernorm,5,128,1.49219,0.953125,0,0,0,0,0,0.753927,0.837696
43200,q_layernorm,6,128,1.82812,0.960938,0,0,0,0,0,0.554744,0.755983
43200,q_layernorm,7,128,1.73438,0.0751953,0,0.0390625,0.0390625,0.03125,0,0.0514527,0.788288
43200,q_layernorm,8,128,1.66406,0.330078,0,0.03125,0.015625,0,0,0.240822,0.816901
43200,q_layernorm,9,128,1.64844,0.121094,0,0.0234375,0.0078125,0.0078125,0,0.296813,0.764929
43200,q_layernorm,10,128,1.63281,0.882812,0,0,0,0,0,0.66622,0.829665
43200,q_layernorm,11,128,1.71094,0.589844,0,0.03125,0,0,0,0.367146,0.776256
43200,q_layernorm,12,128,1.60938,0.894531,0,0,0,0,0,0.644175,0.820388
43200,q_layernorm,13,128,1.58594,0.0510254,0,0.03125,0.015625,0.015625,0,0.193294,0.781773
43200,q_layernorm,14,128,1.50781,0.574219,0,0.0234375,0,0,0,0.442358,0.791192
43200,q_layernorm,15,128,1.67188,0.484375,0,0.0234375,0,0,0,0.486799,0.823364
43200,q_layernorm,16,128,1.48438,0.765625,0,0,0,0,0,0.584842,0.793158
43200,q_layernorm,17,128,1.71875,1.01562,0,0,0,0,0,0.594591,0.772727
43200,q_layernorm,18,128,1.71094,0.21875,0,0.0546875,0.03125,0,0,0.141284,0.735616
43200,q_layernorm,19,128,1.83594,0.198242,0,0.0546875,0.015625,0,0,0.246277,0.695319
43200,q_layernorm,20,128,1.64844,0.050293,0,0.046875,0.0234375,0.015625,0,0.101505,0.710427
43200,q_layernorm,21,128,1.64844,0.0622559,0,0.0703125,0.0390625,0.015625,0,0.0676185,0.638389
43200,q_layernorm,22,128,1.78906,0.00454712,0,0.0859375,0.0703125,0.0625,0.015625,0.0109962,0.682969
43200,q_layernorm,23,128,1.71094,0.143555,0,0.03125,0.0078125,0.0078125,0,0.448767,0.708219
43200,q_layernorm,24,128,1.63281,0.476562,0,0.0234375,0,0,0,0.444713,0.792823
43200,q_layernorm,25,128,1.71094,0.0473633,0,0.109375,0.078125,0.0625,0,0.0366667,0.473744
43200,q_layernorm,26,128,1.58594,0.0366211,0,0.171875,0.148438,0.117188,0,0.0322167,0.0872537
43200,q_layernorm,27,128,1.67969,0.0432129,0,0.09375,0.0546875,0.046875,0,0.0369012,0.536279
43200,q_layernorm,28,128,1.55469,0.0407715,0,0.171875,0.164062,0.109375,0,0.0420179,0.0907663
43200,q_layernorm,29,128,1.64844,0.0283203,0,0.15625,0.125,0.0703125,0,0.0240329,0.182227
43200,q_layernorm,30,128,1.59375,0.0195312,0,0.0859375,0.0390625,0.03125,0,0.0336474,0.664216
43200,q_layernorm,31,128,1.55469,0.111816,0,0.140625,0.0859375,0.015625,0,0.0907538,0.314196
43200,q_layernorm,32,128,1.625,0.0869141,0,0.0625,0.0390625,0.0234375,0,0.0572506,0.707212
43200,q_layernorm,33,128,1.53125,0.0529785,0,0.242188,0.195312,0.0625,0,0.0388951,0.128444
43200,q_layernorm,34,128,1.58594,0.0478516,0,0.164062,0.140625,0.078125,0,0.034669,0.116564
43200,q_layernorm,35,128,1.64844,0.0712891,0,0.0625,0.0390625,0.015625,0,0.103377,0.636967
43200,q_layernorm,36,128,1.57812,0.103027,0,0.132812,0.0859375,0.015625,0,0.102735,0.317327
43200,q_layernorm,37,128,1.36719,0.554688,0,0.0546875,0,0,0,0.441543,0.558571
43200,q_layernorm,38,128,1.60156,1.21875,0,0,0,0,0,0.817268,0.902439
43200,q_layernorm,39,128,1.45312,0.710938,0,0.0078125,0,0,0,0.533118,0.673118
43200,q_layernorm,40,128,1.51562,0.316406,0,0.1875,0.015625,0,0,0.23683,0.396134
43200,q_layernorm,41,128,1.49219,0.445312,0,0.164062,0,0,0,0.312932,0.442408
43200,q_layernorm,42,128,1.35938,0.535156,0,0.15625,0,0,0,0.398103,0.461207
43200,q_layernorm,43,128,1.375,0.546875,0,0.078125,0,0,0,0.454773,0.516477
43200,q_layernorm,44,128,1.4375,0.408203,0,0.25,0,0,0,0.293397,0.36875
43200,q_layernorm,45,128,1.49219,0.142578,0,0.234375,0.148438,0.0078125,0,0.110353,0.190183
43200,q_layernorm,46,128,1.53125,0.0727539,0,0.195312,0.117188,0.03125,0,0.0725223,0.215816
43200,q_layernorm,47,128,1.4375,0.224609,0,0.203125,0.109375,0,0,0.160876,0.240353
43200,q_layernorm,48,128,1.60938,0.111816,0,0.101562,0.0859375,0.0546875,0,0.0725182,0.501942
43200,q_layernorm,49,128,1.46094,0.0432129,0,0.148438,0.117188,0.0703125,0,0.0468349,0.149131
43200,q_layernorm,50,128,1.46094,0.375,0,0.0390625,0,0,0,0.270882,0.772192
43200,q_layernorm,51,128,1.57812,0.0527344,0,0.0859375,0.03125,0.015625,0,0.101058,0.514109
43200,q_layernorm,52,128,1.50781,0.246094,0,0.015625,0.015625,0,0,0.335816,0.801554
43200,q_layernorm,53,128,1.55469,0.102539,0,0.125,0.0859375,0.0390625,0,0.0677356,0.304271
43200,q_layernorm,54,128,1.5,0.124023,0,0.179688,0.125,0.0078125,0,0.100436,0.210677
43200,q_layernorm,55,128,1.53125,0.84375,0,0,0,0,0,0.600867,0.814796
43200,q_layernorm,56,128,1.54688,0.486328,0,0.0078125,0,0,0,0.546818,0.813131
43200,q_layernorm,57,128,1.52344,0.0693359,0,0.0390625,0.03125,0.015625,0,0.0864006,0.774359
43200,q_layernorm,58,128,1.55469,1.15625,0,0,0,0,0,0.795729,0.894472
43200,q_layernorm,59,128,1.51562,1.05469,0,0,0,0,0,0.784897,0.879897
43200,q_layernorm,60,128,1.46094,1.01562,0,0,0,0,0,0.70631,0.840107
43200,q_layernorm,61,128,1.42188,0.949219,0,0,0,0,0,0.743242,0.85
43200,q_layernorm,62,128,1.32812,1.08594,0,0,0,0,0,0.828294,0.880588
43200,q_layernorm,63,128,1.17188,0.910156,0,0,0,0,0,0.8308,0.92
43200,k_layernorm,0,128,1.1875,0.237305,0,0.0703125,0.0078125,0,0,0.311135,0.573355
43200,k_layernorm,1,128,1.5,1.0625,0,0,0,0,0,0.813906,0.904687
43200,k_layernorm,2,128,1.52344,1.00781,0,0,0,0,0,0.684256,0.805128
43200,k_layernorm,3,128,1.64844,0.847656,0,0,0,0,0,0.611161,0.734597
43200,k_layernorm,4,128,1.53906,0.953125,0,0,0,0,0,0.638147,0.764975
43200,k_layernorm,5,128,1.47656,1.0625,0,0,0,0,0,0.747884,0.833333
43200,k_layernorm,6,128,1.8125,0.777344,0,0.0078125,0,0,0,0.580948,0.735776
43200,k_layernorm,7,128,1.71875,0.00643921,0,0.0625,0.03125,0.03125,0.0078125,0.057821,0.703182
43200,k_layernorm,8,128,1.65625,0.214844,0,0.0390625,0.0078125,0,0,0.27342,0.781604
43200,k_layernorm,9,128,1.60156,0.137695,0,0.0390625,0.015625,0.0078125,0,0.163079,0.724878
43200,k_layernorm,10,128,1.63281,0.777344,0,0.0078125,0,0,0,0.577201,0.751196
43200,k_layernorm,11,128,1.70312,0.361328,0,0.0546875,0.0078125,0,0,0.340115,0.691743
43200,k_layernorm,12,128,1.55469,0.988281,0,0,0,0,0,0.678794,0.829146
43200,k_layernorm,13,128,1.57812,0.108887,0,0.0390625,0.015625,0.0078125,0,0.219889,0.767327
43200,k_layernorm,14,128,1.49219,0.289062,0,0.015625,0.015625,0,0,0.296859,0.718325
43200,k_layernorm,15,128,1.64844,0.470703,0,0.015625,0,0,0,0.481185,0.760664
43200,k_layernorm,16,128,1.47656,0.480469,0,0.0234375,0,0,0,0.366508,0.77619
43200,k_layernorm,17,128,1.6875,0.746094,0,0.0078125,0,0,0,0.584583,0.753241
43200,k_layernorm,18,128,1.67969,0.0407715,0,0.09375,0.0390625,0.03125,0,0.0427587,0.630233
43200,k_layernorm,19,128,1.78125,0.0524902,0,0.0625,0.03125,0.0078125,0,0.120296,0.662281
43200,k_layernorm,20,128,1.625,0.0483398,0,0.0546875,0.03125,0.0234375,0,0.0450931,0.679808
43200,k_layernorm,21,128,1.64844,0.0150146,0,0.078125,0.046875,0.0234375,0.0078125,0.0585545,0.586967
43200,k_layernorm,22,128,1.74219,0.0235596,0,0.101562,0.0703125,0.0546875,0,0.0298795,0.504484
43200,k_layernorm,23,128,1.70312,0.15625,0,0.0546875,0.015625,0.0078125,0,0.176978,0.68211
43200,k_layernorm,24,128,1.60938,0.0145874,0,0.0390625,0.015625,0.0078125,0.0078125,0.277415,0.811165
43200,k_layernorm,25,128,1.67969,0.00674438,0.0078125,0.125,0.101562,0.0390625,0.0078125,0.0437442,0.323488
43200,k_layernorm,26,128,1.60156,0.0476074,0,0.203125,0.140625,0.101562,0,0.0319451,0.104634
43200,k_layernorm,27,128,1.67188,0.00254822,0.0078125,0.125,0.078125,0.0546875,0.015625,0.00962982,0.389252
43200,k_layernorm,28,128,1.55469,0.059082,0,0.226562,0.164062,0.101562,0,0.0500031,0.100817
43200,k_layernorm,29,128,1.64062,0.0622559,0,0.203125,0.140625,0.0703125,0,0.0601905,0.145417
43200,k_layernorm,30,128,1.57812,0.00765991,0,0.117188,0.0625,0.03125,0.0078125,0.0309754,0.441832
43200,k_layernorm,31,128,1.52344,0.135742,0,0.179688,0.09375,0.0078125,0,0.102199,0.27641
43200,k_layernorm,32,128,1.63281,0.0380859,0,0.09375,0.0625,0.03125,0,0.0506609,0.535407
43200,k_layernorm,33,128,1.55469,0.103027,0,0.296875,0.179688,0.0703125,0,0.0811998,0.120791
43200,k_layernorm,34,128,1.60156,0.0507812,0,0.210938,0.179688,0.0859375,0,0.0366555,0.122195
43200,k_layernorm,35,128,1.65625,0.0703125,0,0.164062,0.0703125,0.0390625,0,0.0456692,0.343632
43200,k_layernorm,36,128,1.58594,0.152344,0,0.203125,0.109375,0.0078125,0,0.105012,0.234729
43200,k_layernorm,37,128,1.34375,0.597656,0,0.078125,0,0,0,0.462209,0.536919
43200,k_layernorm,38,128,1.58594,0.785156,0,0.0078125,0,0,0,0.647364,0.842857
43200,k_layernorm,39,128,1.45312,0.546875,0,0.03125,0,0,0,0.43293,0.631183
43200,k_layernorm,40,128,1.48438,0.357422,0,0.21875,0.0078125,0,0,0.26625,0.380789
43200,k_layernorm,41,128,1.47656,0.447266,0,0.1875,0,0,0,0.336362,0.422487
43200,k_layernorm,42,128,1.30469,0.527344,0,0.125,0,0,0,0.415599,0.494012
43200,k_layernorm,43,128,1.39844,0.419922,0,0.171875,0,0,0,0.343953,0.42514
43200,k_layernorm,44,128,1.4375,0.421875,0,0.265625,0,0,0,0.322486,0.36413
43200,k_layernorm,45,128,1.5,0.134766,0,0.257812,0.148438,0.0078125,0,0.11196,0.194922
43200,k_layernorm,46,128,1.53125,0.0722656,0,0.226562,0.132812,0.0234375,0,0.0841454,0.189668
43200,k_layernorm,47,128,1.4375,0.182617,0,0.226562,0.101562,0,0,0.147948,0.253397
43200,k_layernorm,48,128,1.60156,0.0693359,0,0.15625,0.109375,0.046875,0,0.0693201,0.178598
43200,k_layernorm,49,128,1.46094,0.00312805,0,0.171875,0.117188,0.078125,0.0078125,0.0431768,0.175201
43200,k_layernorm,50,128,1.46094,0.275391,0,0.0546875,0.0234375,0,0,0.209853,0.754011
43200,k_layernorm,51,128,1.55469,0.0581055,0,0.148438,0.09375,0.0234375,0,0.0571891,0.33794
43200,k_layernorm,52,128,1.50781,0.162109,0,0.0546875,0.015625,0,0,0.244326,0.626684
43200,k_layernorm,53,128,1.57031,0.0766602,0,0.164062,0.09375,0.046875,0,0.0768284,0.31592
43200,k_layernorm,54,128,1.5,0.104492,0,0.203125,0.148438,0.015625,0,0.0987109,0.176302
43200,k_layernorm,55,128,1.51562,0.279297,0,0.03125,0.0234375,0,0,0.212758,0.761856
43200,k_layernorm,56,128,1.53125,0.0588379,0,0.0234375,0.0078125,0.0078125,0,0.348495,0.754592
43200,k_layernorm,57,128,1.52344,0.0717773,0,0.0390625,0.03125,0.015625,0,0.0999039,0.753333
43200,k_layernorm,58,128,1.53125,1.17188,0,0,0,0,0,0.790816,0.87602
43200,k_layernorm,59,128,1.49219,1.10156,0,0,0,0,0,0.774869,0.857068
43200,k_layernorm,60,128,1.45312,0.695312,0,0.015625,0,0,0,0.501801,0.763441
43200,k_layernorm,61,128,1.39844,0.886719,0,0,0,0,0,0.694078,0.858659
43200,k_layernorm,62,128,1.3125,1.07031,0,0,0,0,0,0.82625,0.895238
43200,k_layernorm,63,128,1.17969,0.9375,0,0,0,0,0,0.836225,0.911921
43200,final_layernorm,-1,5120,1.67188,1.28906,0,0,0,0,0,0.953271,0.976636
44000,linear_qkv,0,5120,0.131836,0.0102539,0,0.00585938,0.00175781,0.000585938,0,0.593296,0.837037
44000,linear_qkv,1,5120,0.470703,0.0917969,0,0.000585938,0.000390625,0,0,0.86722,0.929461
44000,linear_qkv,2,5120,0.6875,0.0454102,0,0.00078125,0.000195313,0.000195313,0,0.830625,0.931818
44000,linear_qkv,3,5120,0.804688,0.100098,0,0.00078125,0.000195313,0,0,0.883495,0.941748
44000,linear_qkv,4,5120,0.816406,0.0834961,0,0.000195313,0.000195313,0,0,0.880383,0.942584
44000,linear_qkv,5,5120,0.917969,0.131836,0,0.000390625,0.000195313,0,0,0.880851,0.940426
44000,linear_qkv,6,5120,0.988281,0.271484,0,0.000195313,0,0,0,0.865613,0.936759
44000,linear_qkv,7,5120,1.125,0.433594,0,0.000585938,0,0,0,0.881944,0.944444
44000,linear_qkv,8,5120,1.07031,0.273438,0,0.000585938,0,0,0,0.864964,0.941606
44000,linear_qkv,9,5120,0.992188,0.253906,0,0.000585938,0,0,0,0.870827,0.944882
44000,linear_qkv,10,5120,1.01562,0.320312,0,0.000585938,0,0,0,0.888462,0.946154
44000,linear_qkv,11,5120,1.0625,0.310547,0,0.000585938,0,0,0,0.875,0.941176
44000,linear_qkv,12,5120,1.00781,0.353516,0,0.000585938,0,0,0,0.903101,0.953488
44000,linear_qkv,13,5120,1.03125,0.328125,0,0.000585938,0,0,0,0.893939,0.954167
44000,linear_qkv,14,5120,0.992188,0.414062,0,0.000585938,0,0,0,0.897638,0.952756
44000,linear_qkv,15,5120,1.10938,0.492188,0,0.000585938,0,0,0,0.901408,0.957746
44000,linear_qkv,16,5120,1.10156,0.59375,0,0,0,0,0,0.904255,0.957447
44000,linear_qkv,17,5120,1.25,0.738281,0,0,0,0,0,0.91875,0.95625
44000,linear_qkv,18,5120,1.19531,0.589844,0,0.000195313,0,0,0,0.901961,0.947712
44000,linear_qkv,19,5120,1.29688,0.703125,0,0,0,0,0,0.921687,0.957831
44000,linear_qkv,20,5120,1.16406,0.632812,0,0,0,0,0,0.912752,0.959732
44000,linear_qkv,21,5120,1.14844,0.6875,0,0,0,0,0,0.92517,0.959184
44000,linear_qkv,22,5120,1.39844,0.707031,0,0,0,0,0,0.921788,0.960894
44000,linear_qkv,23,5120,1.38281,0.722656,0,0,0,0,0,0.932203,0.966102
44000,linear_qkv,24,5120,1.34375,0.699219,0,0,0,0,0,0.930233,0.965116
44000,linear_qkv,25,5120,1.25781,0.527344,0,0.000390625,0,0,0,0.913043,0.956522
44000,linear_qkv,26,5120,1.19531,0.460938,0,0.000390625,0,0,0,0.915033,0.954248
44000,linear_qkv,27,5120,1.42969,0.558594,0,0.000585938,0,0,0,0.907104,0.956284
44000,linear_qkv,28,5120,1.30469,0.449219,0,0.00078125,0,0,0,0.886228,0.946108
44000,linear_qkv,29,5120,1.34375,0.480469,0,0.00078125,0,0,0,0.895349,0.947674
44000,linear_qkv,30,5120,1.47656,0.484375,0,0.00078125,0,0,0,0.89418,0.952381
44000,linear_qkv,31,5120,1.15625,0.371094,0,0.000976562,0,0,0,0.898649,0.952703
44000,linear_qkv,32,5120,1.26562,0.417969,0,0.000976562,0,0,0,0.901235,0.95679
44000,linear_qkv,33,5120,1.25781,0.357422,0,0.00136719,0,0,0,0.881988,0.944099
44000,linear_qkv,34,5120,1.41406,0.427734,0,0.00136719,0,0,0,0.878453,0.944751
44000,linear_qkv,35,5120,1.32031,0.359375,0,0.000976562,0,0,0,0.887574,0.952663
44000,linear_qkv,36,5120,1.14844,0.345703,0,0.00195312,0,0,0,0.877551,0.945578
44000,linear_qkv,37,5120,0.863281,0.242188,0,0.00078125,0,0,0,0.886878,0.945701
44000,linear_qkv,38,5120,1.10156,0.378906,0,0.000390625,0,0,0,0.907801,0.957447
44000,linear_qkv,39,5120,0.910156,0.337891,0,0.00078125,0,0,0,0.892704,0.948498
44000,linear_qkv,40,5120,1,0.291016,0,0.00117188,0,0,0,0.878906,0.953125
44000,linear_qkv,41,5120,0.953125,0.279297,0,0.00117188,0,0,0,0.872951,0.946721
44000,linear_qkv,42,5120,0.882812,0.267578,0,0.00117188,0,0,0,0.871681,0.946903
44000,linear_qkv,43,5120,0.921875,0.332031,0,0.00117188,0,0,0,0.864407,0.944915
44000,linear_qkv,44,5120,0.976562,0.304688,0,0.0015625,0,0,0,0.84552,0.948
44000,linear_qkv,45,5120,1.07812,0.355469,0,0.000976562,0,0,0,0.817971,0.949275
44000,linear_qkv,46,5120,1.125,0.386719,0,0.00078125,0,0,0,0.833333,0.958333
44000,linear_qkv,47,5120,1.00781,0.474609,0,0.000195313,0,0,0,0.849574,0.949612
44000,linear_qkv,48,5120,1.24219,0.460938,0,0.000976562,0,0,0,0.793648,0.955975
44000,linear_qkv,49,5120,1.19531,0.460938,0,0.00136719,0,0,0,0.788203,0.954248
44000,linear_qkv,50,5120,1.11719,0.460938,0,0.000390625,0,0,0,0.822343,0.958042
44000,linear_qkv,51,5120,1.22656,0.462891,0,0.00234375,0,0,0,0.72672,0.949045
44000,linear_qkv,52,5120,1.1875,0.503906,0,0.000390625,0,0,0,0.780855,0.953947
44000,linear_qkv,53,5120,1.33594,0.400391,0,0.00449219,0,0,0,0.67655,0.953216
44000,linear_qkv,54,5120,1.23438,0.40625,0,0.00488281,0,0,0,0.68038,0.949367
44000,linear_qkv,55,5120,1.3125,0.601562,0,0.00117188,0,0,0,0.732143,0.952381
44000,linear_qkv,56,5120,1.33594,0.523438,0,0.00292969,0,0,0,0.684211,0.947368
44000,linear_qkv,57,5120,1.28125,0.339844,0,0.00507812,0,0,0,0.652439,0.945122
44000,linear_qkv,58,5120,1.32031,0.494141,0,0.00234375,0,0,0,0.71358,0.946746
44000,linear_qkv,59,5120,1.21875,0.34375,0,0.003125,0,0,0,0.669872,0.942308
44000,linear_qkv,60,5120,1.11719,0.503906,0,0.000976562,0,0,0,0.723776,0.944056
44000,linear_qkv,61,5120,1.10156,0.539062,0,0.000195313,0,0,0,0.773723,0.943262
44000,linear_qkv,62,5120,1.02344,0.652344,0,0,0,0,0,0.890038,0.961832
44000,linear_qkv,63,5120,0.976562,0.789062,0,0,0,0,0,0.924,0.96
44000,linear_fc1,0,5120,0.5625,0.0422363,0,0.00253906,0.000585938,0.000195313,0,0.649965,0.864583
44000,linear_fc1,1,5120,0.902344,0.0228271,0,0.00566406,0.00332031,0.00117188,0,0.70645,0.935065
44000,linear_fc1,2,5120,0.925781,0.0220947,0,0.00410156,0.00292969,0.000585938,0,0.874219,0.962025
44000,linear_fc1,3,5120,0.875,0.0349121,0,0.003125,0.00136719,0.000390625,0,0.897321,0.964286
44000,linear_fc1,4,5120,0.839844,0.0164795,0,0.00214844,0.000976562,0.000390625,0,0.897674,0.95814
44000,linear_fc1,5,5120,0.75,0.00811768,0,0.000976562,0.000390625,0.000390625,0,0.901042,0.953125
44000,linear_fc1,6,5120,0.683594,0.0147705,0,0.000976562,0.000585938,0.000390625,0,0.891429,0.954286
44000,linear_fc1,7,5120,0.65625,0.0268555,0,0.00136719,0.00078125,0.000390625,0,0.886905,0.952381
44000,linear_fc1,8,5120,0.660156,0.0212402,0,0.00136719,0.000585938,0.000390625,0,0.893491,0.952663
44000,linear_fc1,9,5120,0.671875,0.0194092,0,0.00136719,0.000585938,0.000390625,0,0.895349,0.947674
44000,linear_fc1,10,5120,0.660156,0.02771,0,0.00136719,0.000585938,0.000390625,0,0.893491,0.952663
44000,linear_fc1,11,5120,0.65625,0.0202637,0,0.00117188,0.000585938,0.000390625,0,0.89881,0.952381
44000,linear_fc1,12,5120,0.660156,0.0262451,0,0.000976562,0.000585938,0.000195313,0,0.900533,0.957988
44000,linear_fc1,13,5120,0.660156,0.0270996,0,0.000976562,0.000585938,0.000195313,0,0.911243,0.95858
44000,linear_fc1,14,5120,0.648438,0.0297852,0,0.000976562,0.000585938,0.000195313,0,0.903614,0.957831
44000,linear_fc1,15,5120,0.636719,0.0424805,0,0.00078125,0.000195313,0.000195313,0,0.91411,0.96319
44000,linear_fc1,16,5120,0.617188,0.0446777,0,0.000585938,0.000195313,0.000195313,0,0.911392,0.955696
44000,linear_fc1,17,5120,0.59375,0.0859375,0,0.000390625,0.000195313,0,0,0.907895,0.960526
44000,linear_fc1,18,5120,0.585938,0.0615234,0,0.000390625,0.000195313,0,0,0.913333,0.96
44000,linear_fc1,19,5120,0.589844,0.0517578,0,0.000195313,0.000195313,0.000195313,0,0.913907,0.960265
44000,linear_fc1,20,5120,0.597656,0.0717773,0,0.000195313,0.000195313,0,0,0.921569,0.960784
44000,linear_fc1,21,5120,0.597656,0.0791016,0,0.000390625,0.000195313,0,0,0.92281,0.960784
44000,linear_fc1,22,5120,0.597656,0.0461426,0,0.000585938,0.000195313,0.000195313,0,0.921569,0.960784
44000,linear_fc1,23,5120,0.601562,0.0563965,0,0.00078125,0.000390625,0.000195313,0,0.923312,0.967532
44000,linear_fc1,24,5120,0.613281,0.0419922,0,0.000976562,0.000390625,0.000195313,0,0.923567,0.968153
44000,linear_fc1,25,5120,0.636719,0.0373535,0,0.000976562,0.000390625,0.000195313,0,0.92638,0.96319
44000,linear_fc1,26,5120,0.652344,0.0303955,0,0.000976562,0.000585938,0.000390625,0,0.928144,0.964072
44000,linear_fc1,27,5120,0.671875,0.0351562,0,0.000976562,0.00078125,0.000390625,0,0.924419,0.97093
44000,linear_fc1,28,5120,0.691406,0.0195312,0,0.00117188,0.00078125,0.000390625,0,0.932203,0.966102
44000,linear_fc1,29,5120,0.707031,0.00872803,0,0.00117188,0.00078125,0.000390625,0,0.933702,0.972376
44000,linear_fc1,30,5120,0.726562,0.0375977,0,0.00117188,0.000390625,0.000195313,0,0.946237,0.973118
44000,linear_fc1,31,5120,0.75,0.0229492,0,0.00117188,0.000585938,0.000390625,0,0.9375,0.973958
44000,linear_fc1,32,5120,0.761719,0.0101318,0,0.00117188,0.00078125,0.000195313,0,0.94359,0.979487
44000,linear_fc1,33,5120,0.78125,0.00891113,0,0.00117188,0.000976562,0.000195313,0,0.94,0.975
44000,linear_fc1,34,5120,0.804688,0.00546265,0,0.00117188,0.00117188,0.000195313,0.000195313,0.941748,0.975728
44000,linear_fc1,35,5120,0.832031,0.00662231,0,0.00117188,0.00117188,0.000195313,0.000195313,0.938967,0.976526
44000,linear_fc1,36,5120,0.855469,0.00540161,0,0.00117188,0.000976562,0.000195313,0.000195313,0.942374,0.977169
44000,linear_fc1,37,5120,0.875,0.0035553,0,0.00117188,0.000976562,0.000390625,0.000195313,0.9375,0.977679
44000,linear_fc1,38,5120,0.890625,0.00527954,0,0.00175781,0.000976562,0.000390625,0.000195313,0.935044,0.97807
44000,linear_fc1,39,5120,0.902344,0.00308228,0,0.00175781,0.000976562,0.000585938,0.000195313,0.930736,0.982684
44000,linear_fc1,40,5120,0.914062,0.00299072,0,0.00195312,0.000976562,0.000585938,0.000195313,0.931624,0.982906
44000,linear_fc1,41,5120,0.925781,0.00616455,0,0.00214844,0.000976562,0.000390625,0.000195313,0.915612,0.983122
44000,linear_fc1,42,5120,0.9375,0.00558472,0,0.00273437,0.000976562,0.000585938,0.000195313,0.904167,0.979167
44000,linear_fc1,43,5120,0.945312,0.0072937,0,0.00273437,0.000976562,0.000585938,0.000195313,0.897479,0.983471
44000,linear_fc1,44,5120,0.953125,0.00518799,0,0.00292969,0.000976562,0.000585938,0.000195313,0.889344,0.979508
44000,linear_fc1,45,5120,0.960938,0.00506592,0,0.00332031,0.000976562,0.000585938,0.000195313,0.878821,0.979675
44000,linear_fc1,46,5120,0.96875,0.00769043,0,0.00390625,0.00117188,0.000585938,0.000195313,0.866935,0.979839
44000,linear_fc1,47,5120,0.972656,0.0120239,0,0.00410156,0.00117188,0.000390625,0,0.858474,0.97992
44000,linear_fc1,48,5120,0.980469,0.00637817,0,0.00429688,0.00117188,0.000390625,0.000195313,0.840637,0.98008
44000,linear_fc1,49,5120,0.988281,0.0263672,0,0.00449219,0.00117188,0.000195313,0,0.824387,0.980237
44000,linear_fc1,50,5120,0.992188,0.0224609,0,0.00449219,0.000976562,0.000195313,0,0.809134,0.980315
44000,linear_fc1,51,5120,1,0.0427246,0,0.00449219,0.00117188,0.000195313,0,0.834258,0.976562
44000,linear_fc1,52,5120,1,0.0532227,0,0.00488281,0.00078125,0.000195313,0,0.82625,0.980469
44000,linear_fc1,53,5120,1.00781,0.0913086,0,0.00488281,0.000585938,0.000195313,0,0.837209,0.976744
44000,linear_fc1,54,5120,1.00781,0.135742,0,0.0046875,0.000195313,0,0,0.85031,0.98062
44000,linear_fc1,55,5120,1.00781,0.111328,0,0.00449219,0.000390625,0,0,0.852519,0.98062
44000,linear_fc1,56,5120,1.00781,0.129883,0,0.00429688,0.000195313,0,0,0.852519,0.976744
44000,linear_fc1,57,5120,1.01562,0.223633,0,0.00410156,0.000195313,0,0,0.869962,0.976923
44000,linear_fc1,58,5120,1.01562,0.267578,0,0.003125,0,0,0,0.893038,0.976923
44000,linear_fc1,59,5120,1.01562,0.357422,0,0.00292969,0,0,0,0.876923,0.969231
44000,linear_fc1,60,5120,1.02344,0.365234,0,0.00234375,0,0,0,0.875496,0.969466
44000,linear_fc1,61,5120,1.04688,0.421875,0,0.00117188,0,0,0,0.900672,0.970149
44000,linear_fc1,62,5120,1.08594,0.574219,0,0,0,0,0,0.910072,0.964029
44000,linear_fc1,63,5120,1.14844,0.792969,0,0,0,0,0,0.911565,0.959184
44000,q_layernorm,0,128,1.16406,0.287109,0,0.046875,0.0078125,0,0,0.365772,0.668121
44000,q_layernorm,1,128,1.52344,1.15625,0,0,0,0,0,0.766872,0.887692
44000,q_layernorm,2,128,1.53906,1.03125,0,0,0,0,0,0.713401,0.812183
44000,q_layernorm,3,128,1.625,1.11719,0,0,0,0,0,0.715433,0.777404
44000,q_layernorm,4,128,1.54688,1.0625,0,0,0,0,0,0.712929,0.823737
44000,q_layernorm,5,128,1.49219,0.945312,0,0,0,0,0,0.753927,0.837696
44000,q_layernorm,6,128,1.83594,0.957031,0,0,0,0,0,0.552383,0.752766
44000,q_layernorm,7,128,1.73438,0.0727539,0,0.0390625,0.0390625,0.03125,0,0.0513851,0.788288
44000,q_layernorm,8,128,1.66406,0.328125,0,0.03125,0.015625,0,0,0.238157,0.820188
44000,q_layernorm,9,128,1.64844,0.113281,0,0.0234375,0.0078125,0.0078125,0,0.292073,0.766351
44000,q_layernorm,10,128,1.63281,0.875,0,0,0,0,0,0.66622,0.829665
44000,q_layernorm,11,128,1.71875,0.578125,0,0.03125,0,0,0,0.360318,0.774545
44000,q_layernorm,12,128,1.61719,0.878906,0,0,0,0,0,0.641063,0.816425
44000,q_layernorm,13,128,1.59375,0.0437012,0,0.03125,0.015625,0.015625,0,0.189896,0.777941
44000,q_layernorm,14,128,1.50781,0.554688,0,0.0234375,0,0,0,0.437876,0.796373
44000,q_layernorm,15,128,1.67188,0.46875,0,0.0234375,0,0,0,0.482126,0.826635
44000,q_layernorm,16,128,1.48438,0.753906,0,0,0,0,0,0.581,0.793158
44000,q_layernorm,17,128,1.71875,1.01562,0,0,0,0,0,0.594591,0.772727
44000,q_layernorm,18,128,1.71094,0.208984,0,0.0546875,0.03125,0,0,0.139509,0.736986
44000,q_layernorm,19,128,1.83594,0.197266,0,0.0546875,0.015625,0,0,0.243574,0.698298
44000,q_layernorm,20,128,1.65625,0.0507812,0,0.046875,0.0234375,0.015625,0,0.0981899,0.710377
44000,q_layernorm,21,128,1.65625,0.0581055,0,0.0703125,0.0390625,0.015625,0,0.0648894,0.638679
44000,q_layernorm,22,128,1.78906,0.00326538,0,0.0859375,0.0703125,0.0625,0.0078125,0.0133338,0.687336
44000,q_layernorm,23,128,1.71094,0.139648,0,0.03125,0.0078125,0.0078125,0,0.446484,0.712785
44000,q_layernorm,24,128,1.63281,0.472656,0,0.0234375,0,0,0,0.442967,0.792823
44000,q_layernorm,25,128,1.71094,0.0368652,0,0.109375,0.078125,0.0546875,0,0.0343251,0.475342
44000,q_layernorm,26,128,1.59375,0.0461426,0,0.171875,0.148438,0.117188,0,0.0325031,0.0829657
44000,q_layernorm,27,128,1.67969,0.0371094,0,0.09375,0.0546875,0.046875,0,0.034609,0.533023
44000,q_layernorm,28,128,1.5625,0.0427246,0,0.171875,0.164062,0.109375,0,0.0360109,0.0930625
44000,q_layernorm,29,128,1.64844,0.0303955,0,0.15625,0.125,0.078125,0,0.0200415,0.17891
44000,q_layernorm,30,128,1.59375,0.0128174,0,0.0859375,0.0390625,0.0234375,0.0078125,0.0341621,0.669118
44000,q_layernorm,31,128,1.55469,0.106934,0,0.140625,0.0859375,0.03125,0,0.0840044,0.317337
44000,q_layernorm,32,128,1.625,0.0776367,0,0.0625,0.0390625,0.0234375,0,0.0522236,0.707212
44000,q_layernorm,33,128,1.53906,0.0544434,0,0.242188,0.195312,0.0703125,0,0.039237,0.128617
44000,q_layernorm,34,128,1.59375,0.0517578,0,0.164062,0.140625,0.0859375,0,0.0333778,0.116789
44000,q_layernorm,35,128,1.64844,0.0583496,0,0.0625,0.046875,0.015625,0,0.103329,0.645024
44000,q_layernorm,36,128,1.58594,0.0927734,0,0.132812,0.0859375,0.015625,0,0.099686,0.319951
44000,q_layernorm,37,128,1.36719,0.550781,0,0.0625,0,0,0,0.438686,0.557429
44000,q_layernorm,38,128,1.60156,1.21875,0,0,0,0,0,0.820829,0.907317
44000,q_layernorm,39,128,1.45312,0.707031,0,0.0078125,0,0,0,0.532392,0.668548
44000,q_layernorm,40,128,1.52344,0.308594,0,0.1875,0.0234375,0,0,0.232949,0.396667
44000,q_layernorm,41,128,1.5,0.429688,0,0.164062,0,0,0,0.299336,0.434896
44000,q_layernorm,42,128,1.36719,0.519531,0,0.164062,0,0,0,0.3888,0.458571
44000,q_layernorm,43,128,1.375,0.546875,0,0.078125,0,0,0,0.449091,0.5125
44000,q_layernorm,44,128,1.4375,0.402344,0,0.25,0,0,0,0.291413,0.366033
44000,q_layernorm,45,128,1.5,0.134766,0,0.234375,0.164062,0.0078125,0,0.108477,0.186979
44000,q_layernorm,46,128,1.53125,0.0678711,0,0.195312,0.117188,0.03125,0,0.0730708,0.216071
44000,q_layernorm,47,128,1.44531,0.22168,0,0.203125,0.109375,0,0,0.159459,0.235811
44000,q_layernorm,48,128,1.60938,0.0986328,0,0.101562,0.0859375,0.0546875,0,0.0702063,0.505582
44000,q_layernorm,49,128,1.46094,0.0471191,0,0.148438,0.125,0.0625,0,0.0474231,0.144652
44000,q_layernorm,50,128,1.46875,0.349609,0,0.0390625,0.0078125,0,0,0.261104,0.769681
44000,q_layernorm,51,128,1.57812,0.0476074,0,0.09375,0.03125,0.015625,0,0.0930446,0.518564
44000,q_layernorm,52,128,1.51562,0.236328,0,0.015625,0.015625,0,0,0.330322,0.797423
44000,q_layernorm,53,128,1.5625,0.103027,0,0.125,0.0859375,0.0390625,0,0.06815,0.29875
44000,q_layernorm,54,128,1.50781,0.124512,0,0.179688,0.132812,0.015625,0,0.0998964,0.207902
44000,q_layernorm,55,128,1.53906,0.835938,0,0,0,0,0,0.590888,0.812183
44000,q_layernorm,56,128,1.54688,0.478516,0,0.0078125,0,0,0,0.543611,0.816667
44000,q_layernorm,57,128,1.52344,0.078125,0,0.0390625,0.03125,0.015625,0,0.0849455,0.777949
44000,q_layernorm,58,128,1.5625,1.15625,0,0,0,0,0,0.79675,0.8935
44000,q_layernorm,59,128,1.51562,1.05469,0,0,0,0,0,0.784897,0.879897
44000,q_layernorm,60,128,1.46875,1.01562,0,0,0,0,0,0.702553,0.835638
44000,q_layernorm,61,128,1.42969,0.949219,0,0,0,0,0,0.73918,0.845355
44000,q_layernorm,62,128,1.32812,1.08594,0,0,0,0,0,0.828294,0.884706
44000,q_layernorm,63,128,1.17188,0.910156,0,0,0,0,0,0.8308,0.92
44000,k_layernorm,0,128,1.1875,0.239258,0,0.0703125,0.0078125,0,0,0.312023,0.573355
44000,k_layernorm,1,128,1.50781,1.05469,0,0,0,0,0,0.813472,0.9
44000,k_layernorm,2,128,1.52344,1,0,0,0,0,0,0.680513,0.808718
44000,k_layernorm,3,128,1.64844,0.847656,0,0,0,0,0,0.611161,0.734597
44000,k_layernorm,4,128,1.53906,0.949219,0,0,0,0,0,0.64,0.764975
44000,k_layernorm,5,128,1.47656,1.0625,0,0,0,0,0,0.747884,0.831217
44000,k_layernorm,6,128,1.8125,0.773438,0,0.0078125,0,0,0,0.577802,0.737069
44000,k_layernorm,7,128,1.71875,0.00701904,0,0.0625,0.03125,0.03125,0.0078125,0.0555398,0.703182
44000,k_layernorm,8,128,1.65625,0.212891,0,0.0390625,0.0078125,0,0,0.270743,0.781604
44000,k_layernorm,9,128,1.60156,0.136719,0,0.0390625,0.015625,0.0078125,0,0.158549,0.724878
44000,k_layernorm,10,128,1.63281,0.769531,0,0.0078125,0,0,0,0.575455,0.749761
44000,k_layernorm,11,128,1.70312,0.353516,0,0.0546875,0.0078125,0,0,0.338257,0.694954
44000,k_layernorm,12,128,1.55469,0.984375,0,0,0,0,0,0.678794,0.829146
44000,k_layernorm,13,128,1.58594,0.107422,0,0.0390625,0.015625,0.0078125,0,0.217241,0.768473
44000,k_layernorm,14,128,1.49219,0.273438,0,0.015625,0.015625,0,0,0.28805,0.71466
44000,k_layernorm,15,128,1.65625,0.457031,0,0.015625,0,0,0,0.477193,0.757075
44000,k_layernorm,16,128,1.48438,0.476562,0,0.03125,0,0,0,0.361237,0.772105
44000,k_layernorm,17,128,1.69531,0.742188,0,0.0078125,0,0,0,0.578963,0.752995
44000,k_layernorm,18,128,1.6875,0.0380859,0,0.09375,0.0390625,0.03125,0,0.0400752,0.627315
44000,k_layernorm,19,128,1.78125,0.0529785,0,0.0625,0.03125,0.0078125,0,0.117111,0.662281
44000,k_layernorm,20,128,1.625,0.0478516,0,0.0546875,0.03125,0.0234375,0,0.042165,0.68125
44000,k_layernorm,21,128,1.65625,0.0108643,0,0.078125,0.046875,0.0234375,0.0078125,0.0578007,0.585849
44000,k_layernorm,22,128,1.74219,0.0281982,0,0.101562,0.0703125,0.0546875,0,0.0276023,0.506726
44000,k_layernorm,23,128,1.70312,0.150391,0,0.0546875,0.015625,0.0078125,0,0.172173,0.685321
44000,k_layernorm,24,128,1.60938,0.0150757,0,0.0390625,0.015625,0.0078125,0.0078125,0.274333,0.811165
44000,k_layernorm,25,128,1.67969,0.0133667,0.0078125,0.125,0.101562,0.0390625,0.0078125,0.0470901,0.323023
44000,k_layernorm,26,128,1.60938,0.0478516,0,0.203125,0.140625,0.101562,0,0.033345,0.102063
44000,k_layernorm,27,128,1.67188,0.0140991,0.0078125,0.125,0.078125,0.0546875,0.015625,0.0114734,0.38785
44000,k_layernorm,28,128,1.5625,0.0595703,0,0.226562,0.164062,0.101562,0,0.0481812,0.0995625
44000,k_layernorm,29,128,1.64062,0.0654297,0,0.203125,0.140625,0.0703125,0,0.0611161,0.148095
44000,k_layernorm,30,128,1.57812,0.00215149,0.0078125,0.117188,0.0625,0.0234375,0.0078125,0.0326942,0.441832
44000,k_layernorm,31,128,1.52344,0.12793,0,0.179688,0.09375,0.0078125,0,0.102615,0.277949
44000,k_layernorm,32,128,1.63281,0.0366211,0,0.09375,0.0625,0.03125,0,0.0516896,0.535407
44000,k_layernorm,33,128,1.5625,0.11084,0,0.296875,0.179688,0.078125,0,0.0813,0.120875
44000,k_layernorm,34,128,1.60156,0.0527344,0,0.210938,0.179688,0.078125,0,0.0373186,0.119207
44000,k_layernorm,35,128,1.66406,0.0595703,0,0.164062,0.0703125,0.0390625,0,0.0449941,0.338028
44000,k_layernorm,36,128,1.59375,0.155273,0,0.203125,0.125,0.0078125,0,0.103272,0.232108
44000,k_layernorm,37,128,1.34375,0.59375,0,0.0859375,0,0,0,0.459302,0.537791
44000,k_layernorm,38,128,1.58594,0.769531,0,0.0078125,0,0,0,0.646035,0.842857
44000,k_layernorm,39,128,1.45312,0.539062,0,0.03125,0,0,0,0.427554,0.632796
44000,k_layernorm,40,128,1.48438,0.353516,0,0.21875,0.0078125,0,0,0.261237,0.383421
44000,k_layernorm,41,128,1.47656,0.4375,0,0.1875,0,0,0,0.323598,0.419841
44000,k_layernorm,42,128,1.3125,0.523438,0,0.132812,0,0,0,0.407976,0.491071
44000,k_layernorm,43,128,1.39844,0.410156,0,0.171875,0,0,0,0.337081,0.42514
44000,k_layernorm,44,128,1.4375,0.408203,0,0.265625,0,0,0,0.320136,0.360598
44000,k_layernorm,45,128,1.5,0.125977,0,0.257812,0.148438,0.0078125,0,0.109056,0.194401
44000,k_layernorm,46,128,1.53906,0.0810547,0,0.226562,0.132812,0.03125,0,0.0774143,0.192005
44000,k_layernorm,47,128,1.4375,0.179688,0,0.226562,0.101562,0,0,0.144626,0.251359
44000,k_layernorm,48,128,1.60156,0.0708008,0,0.15625,0.109375,0.046875,0,0.0688659,0.174939
44000,k_layernorm,49,128,1.46094,0.00136566,0.0078125,0.171875,0.132812,0.078125,0.0078125,0.0417747,0.172928
44000,k_layernorm,50,128,1.46094,0.273438,0,0.0546875,0.03125,0,0,0.200241,0.75615
44000,k_layernorm,51,128,1.55469,0.0649414,0,0.148438,0.09375,0.0234375,0,0.0535898,0.335176
44000,k_layernorm,52,128,1.51562,0.149414,0,0.0546875,0.0234375,0.0078125,0,0.239549,0.624227
44000,k_layernorm,53,128,1.57031,0.0693359,0,0.164062,0.09375,0.0546875,0,0.0766604,0.312065
44000,k_layernorm,54,128,1.50781,0.103516,0,0.203125,0.148438,0.0078125,0,0.101263,0.164961
44000,k_layernorm,55,128,1.51562,0.277344,0,0.03125,0.0234375,0,0,0.207951,0.758247
44000,k_layernorm,56,128,1.53906,0.057373,0,0.0234375,0.0078125,0.0078125,0,0.341409,0.749239
44000,k_layernorm,57,128,1.52344,0.0649414,0,0.0390625,0.03125,0.015625,0,0.0945833,0.755385
44000,k_layernorm,58,128,1.53125,1.17188,0,0,0,0,0,0.792194,0.877551
44000,k_layernorm,59,128,1.49219,1.10156,0,0,0,0,0,0.771047,0.853403
44000,k_layernorm,60,128,1.46094,0.691406,0,0.015625,0,0,0,0.49377,0.763102
44000,k_layernorm,61,128,1.39844,0.882812,0,0,0,0,0,0.697626,0.864246
44000,k_layernorm,62,128,1.3125,1.07031,0,0,0,0,0,0.82625,0.895238
44000,k_layernorm,63,128,1.17969,0.933594,0,0,0,0,0,0.835331,0.911921
44000,final_layernorm,-1,5120,1.67188,1.26562,0,0,0,0,0,0.953271,0.976636
48000,linear_qkv,0,5120,0.102539,0.00714111,0,0.00546875,0.00195312,0.00078125,0,0.58469,0.838095
48000,linear_qkv,1,5120,0.4375,0.078125,0,0.000585938,0.000390625,0,0,0.866071,0.928571
48000,linear_qkv,2,5120,0.660156,0.0412598,0,0.00078125,0.000390625,0.000195313,0,0.83432,0.934911
48000,linear_qkv,3,5120,0.78125,0.0791016,0,0.00078125,0.000195313,0,0,0.875,0.94
48000,linear_qkv,4,5120,0.796875,0.0712891,0,0.000585938,0.000195313,0.000195313,0,0.872549,0.936275
48000,linear_qkv,5,5120,0.898438,0.114258,0,0.000390625,0.000195313,0,0,0.874739,0.93913
48000,linear_qkv,6,5120,0.96875,0.232422,0,0.000390625,0.000195313,0,0,0.862903,0.935484
48000,linear_qkv,7,5120,1.11719,0.386719,0,0.000585938,0,0,0,0.881119,0.944056
48000,linear_qkv,8,5120,1.05469,0.246094,0,0.000585938,0.000195313,0,0,0.866667,0.940741
48000,linear_qkv,9,5120,0.984375,0.248047,0,0.000585938,0,0,0,0.865833,0.944444
48000,linear_qkv,10,5120,1.00781,0.292969,0,0.000585938,0,0,0,0.883721,0.94186
48000,linear_qkv,11,5120,1.05469,0.296875,0,0.000585938,0,0,0,0.874074,0.944444
48000,linear_qkv,12,5120,1,0.332031,0,0.000585938,0,0,0,0.902344,0.957031
48000,linear_qkv,13,5120,1.03125,0.310547,0,0.000585938,0,0,0,0.893939,0.950758
48000,linear_qkv,14,5120,0.996094,0.402344,0,0.000585938,0,0,0,0.894118,0.94902
48000,linear_qkv,15,5120,1.11719,0.486328,0,0.000585938,0,0,0,0.895105,0.951049
48000,linear_qkv,16,5120,1.10938,0.59375,0,0,0,0,0,0.901408,0.957746
48000,linear_qkv,17,5120,1.25,0.730469,0,0,0,0,0,0.91875,0.95625
48000,linear_qkv,18,5120,1.20312,0.582031,0,0.000195313,0,0,0,0.896104,0.948052
48000,linear_qkv,19,5120,1.3125,0.699219,0,0,0,0,0,0.910714,0.952381
48000,linear_qkv,20,5120,1.17969,0.636719,0,0,0,0,0,0.907285,0.953642
48000,linear_qkv,21,5120,1.16406,0.691406,0,0,0,0,0,0.919463,0.959732
48000,linear_qkv,22,5120,1.41406,0.6875,0,0.000195313,0,0,0,0.922652,0.961326
48000,linear_qkv,23,5120,1.40625,0.726562,0,0,0,0,0,0.927778,0.961111
48000,linear_qkv,24,5120,1.35938,0.695312,0,0,0,0,0,0.931034,0.965517
48000,linear_qkv,25,5120,1.27344,0.523438,0,0.000390625,0,0,0,0.91411,0.962577
48000,linear_qkv,26,5120,1.21875,0.455078,0,0.000390625,0,0,0,0.910256,0.955128
48000,linear_qkv,27,5120,1.45312,0.539062,0,0.000585938,0,0,0,0.908602,0.956989
48000,linear_qkv,28,5120,1.33594,0.427734,0,0.000976562,0,0,0,0.877193,0.94152
48000,linear_qkv,29,5120,1.36719,0.480469,0,0.00078125,0,0,0,0.897143,0.948571
48000,linear_qkv,30,5120,1.50781,0.464844,0,0.00078125,0,0,0,0.896373,0.953368
48000,linear_qkv,31,5120,1.17969,0.332031,0,0.000976562,0,0,0,0.900662,0.953642
48000,linear_qkv,32,5120,1.29688,0.390625,0,0.00136719,0,0,0,0.903614,0.957831
48000,linear_qkv,33,5120,1.28906,0.330078,0,0.00175781,0,0,0,0.878788,0.945455
48000,linear_qkv,34,5120,1.46094,0.398438,0,0.0015625,0,0,0,0.877005,0.946524
48000,linear_qkv,35,5120,1.35938,0.335938,0,0.00117188,0.000195313,0,0,0.885057,0.954023
48000,linear_qkv,36,5120,1.17969,0.316406,0,0.00195312,0,0,0,0.874172,0.94702
48000,linear_qkv,37,5120,0.871094,0.21875,0,0.00078125,0,0,0,0.887892,0.946188
48000,linear_qkv,38,5120,1.11719,0.351562,0,0.000390625,0,0,0,0.909091,0.958042
48000,linear_qkv,39,5120,0.921875,0.320312,0,0.000976562,0,0,0,0.889831,0.949153
48000,linear_qkv,40,5120,1.02344,0.273438,0,0.00136719,0,0,0,0.874771,0.946565
48000,linear_qkv,41,5120,0.96875,0.263672,0,0.00136719,0,0,0,0.875,0.947581
48000,linear_qkv,42,5120,0.894531,0.263672,0,0.00117188,0,0,0,0.864629,0.943231
48000,linear_qkv,43,5120,0.933594,0.318359,0,0.00136719,0,0,0,0.850167,0.945607
48000,linear_qkv,44,5120,0.992188,0.291016,0,0.00136719,0,0,0,0.83689,0.948819
48000,linear_qkv,45,5120,1.09375,0.339844,0,0.00117188,0,0,0,0.819893,0.95
48000,linear_qkv,46,5120,1.14844,0.380859,0,0.00078125,0,0,0,0.818912,0.959184
48000,linear_qkv,47,5120,1.02344,0.46875,0,0.000195313,0,0,0,0.852595,0.946565
48000,linear_qkv,48,5120,1.27344,0.455078,0,0.00136719,0,0,0,0.787607,0.95092
48000,linear_qkv,49,5120,1.21875,0.447266,0,0.00136719,0,0,0,0.79609,0.955128
48000,linear_qkv,50,5120,1.14062,0.451172,0,0.00078125,0,0,0,0.818493,0.958904
48000,linear_qkv,51,5120,1.26562,0.427734,0,0.00292969,0,0,0,0.720309,0.950617
48000,linear_qkv,52,5120,1.21875,0.503906,0,0.00078125,0,0,0,0.767083,0.955128
48000,linear_qkv,53,5120,1.375,0.380859,0,0.00566406,0,0,0,0.678295,0.954545
48000,linear_qkv,54,5120,1.27344,0.380859,0,0.00546875,0,0,0,0.681564,0.944785
48000,linear_qkv,55,5120,1.35156,0.566406,0,0.00175781,0,0,0,0.727081,0.947977
48000,linear_qkv,56,5120,1.375,0.498047,0,0.00351562,0,0,0,0.6875,0.948864
48000,linear_qkv,57,5120,1.3125,0.3125,0,0.00527344,0.000195313,0,0,0.646399,0.940476
48000,linear_qkv,58,5120,1.35156,0.464844,0,0.00332031,0,0,0,0.705202,0.947977
48000,linear_qkv,59,5120,1.24219,0.330078,0,0.00351562,0,0,0,0.65588,0.943396
48000,linear_qkv,60,5120,1.125,0.484375,0,0.00117188,0,0,0,0.71875,0.944444
48000,linear_qkv,61,5120,1.10938,0.515625,0,0.000195313,0,0,0,0.76257,0.93662
48000,linear_qkv,62,5120,1.02344,0.660156,0,0,0,0,0,0.896947,0.961832
48000,linear_qkv,63,5120,0.976562,0.78125,0,0,0,0,0,0.924,0.96
48000,linear_fc1,0,5120,0.550781,0.0385742,0,0.003125,0.000585938,0.000195313,0,0.636773,0.858156
48000,linear_fc1,1,5120,0.894531,0.0216064,0,0.00566406,0.00332031,0.00136719,0,0.705546,0.934498
48000,linear_fc1,2,5120,0.921875,0.0200195,0,0.00410156,0.003125,0.000585938,0,0.877119,0.961864
48000,linear_fc1,3,5120,0.878906,0.0319824,0,0.003125,0.00136719,0.000390625,0,0.894178,0.96
48000,linear_fc1,4,5120,0.84375,0.0148315,0,0.00234375,0.000976562,0.000390625,0,0.893519,0.958333
48000,linear_fc1,5,5120,0.753906,0.00946045,0,0.000976562,0.000390625,0.000390625,0,0.901554,0.953368
48000,linear_fc1,6,5120,0.6875,0.0150757,0,0.000976562,0.000585938,0.000390625,0,0.892045,0.954545
48000,linear_fc1,7,5120,0.660156,0.0263672,0,0.00136719,0.00078125,0.000390625,0,0.881657,0.946746
48000,linear_fc1,8,5120,0.664062,0.0194092,0,0.00136719,0.000585938,0.000390625,0,0.888235,0.947059
48000,linear_fc1,9,5120,0.671875,0.0162354,0,0.00136719,0.000585938,0.000390625,0,0.889535,0.947674
48000,linear_fc1,10,5120,0.65625,0.0249023,0,0.00136719,0.000585938,0.000390625,0,0.892857,0.952381
48000,linear_fc1,11,5120,0.652344,0.0180664,0,0.00136719,0.000585938,0.000390625,0,0.898204,0.958084
48000,linear_fc1,12,5120,0.65625,0.0228271,0,0.000976562,0.000585938,0.000390625,0,0.89881,0.952381
48000,linear_fc1,13,5120,0.65625,0.0238037,0,0.000976562,0.000585938,0.000195313,0,0.904762,0.952381
48000,linear_fc1,14,5120,0.640625,0.026123,0,0.000976562,0.000585938,0.000195313,0,0.902439,0.957317
48000,linear_fc1,15,5120,0.628906,0.0373535,0,0.00078125,0.000390625,0.000195313,0,0.913043,0.962733
48000,linear_fc1,16,5120,0.609375,0.0385742,0,0.00078125,0.000195313,0.000195313,0,0.910256,0.955128
48000,linear_fc1,17,5120,0.585938,0.0756836,0,0.000585938,0.000195313,0,0,0.913333,0.96
48000,linear_fc1,18,5120,0.578125,0.0546875,0,0.000390625,0.000195313,0.000195313,0,0.912162,0.959459
48000,linear_fc1,19,5120,0.578125,0.048584,0,0.000195313,0.000195313,0.000195313,0,0.918919,0.959459
48000,linear_fc1,20,5120,0.589844,0.065918,0,0.000195313,0.000195313,0,0,0.92053,0.960265
48000,linear_fc1,21,5120,0.589844,0.0683594,0,0.000390625,0.000195313,0,0,0.92053,0.960265
48000,linear_fc1,22,5120,0.585938,0.0380859,0,0.000585938,0.000195313,0.000195313,0,0.926667,0.966667
48000,linear_fc1,23,5120,0.59375,0.0498047,0,0.000976562,0.000390625,0.000195313,0,0.921053,0.960526
48000,linear_fc1,24,5120,0.605469,0.0354004,0,0.000976562,0.000390625,0.000195313,0,0.922581,0.96129
48000,linear_fc1,25,5120,0.628906,0.0327148,0,0.000976562,0.000390625,0.000390625,0,0.925466,0.962733
48000,linear_fc1,26,5120,0.644531,0.0249023,0,0.000976562,0.000585938,0.000390625,0,0.927273,0.963636
48000,linear_fc1,27,5120,0.664062,0.0305176,0,0.000976562,0.00078125,0.000390625,0,0.929412,0.970588
48000,linear_fc1,28,5120,0.683594,0.0157471,0,0.00117188,0.00078125,0.000390625,0,0.931429,0.971429
48000,linear_fc1,29,5120,0.699219,0.00866699,0,0.00117188,0.00078125,0.000390625,0,0.932961,0.972067
48000,linear_fc1,30,5120,0.722656,0.0319824,0,0.00117188,0.000390625,0.000390625,0,0.940541,0.972973
48000,linear_fc1,31,5120,0.742188,0.0205078,0,0.00117188,0.000585938,0.000390625,0,0.937842,0.973684
48000,linear_fc1,32,5120,0.757812,0.00854492,0,0.00117188,0.00078125,0.000390625,0,0.939124,0.974227
48000,linear_fc1,33,5120,0.773438,0.00836182,0,0.00117188,0.000976562,0.000195313,0,0.939394,0.979798
48000,linear_fc1,34,5120,0.796875,0.00491333,0,0.00117188,0.00117188,0.000195313,0.000195313,0.941176,0.97549
48000,linear_fc1,35,5120,0.824219,0.00506592,0,0.00117188,0.00117188,0.000195313,0.000195313,0.943128,0.976303
48000,linear_fc1,36,5120,0.847656,0.00540161,0,0.00117188,0.000976562,0.000195313,0.000195313,0.949309,0.981567
48000,linear_fc1,37,5120,0.867188,0.00247192,0,0.0015625,0.000976562,0.000390625,0.000195313,0.936937,0.981982
48000,linear_fc1,38,5120,0.882812,0.0050354,0,0.00195312,0.000976562,0.000390625,0.000195313,0.942478,0.982301
48000,linear_fc1,39,5120,0.898438,0.00224304,0,0.00195312,0.000976562,0.000585938,0.000195313,0.935609,0.978261
48000,linear_fc1,40,5120,0.910156,0.00280762,0,0.00214844,0.000976562,0.000585938,0.000195313,0.93133,0.978541
48000,linear_fc1,41,5120,0.921875,0.00552368,0,0.00273437,0.000976562,0.000390625,0.000195313,0.927966,0.978814
48000,linear_fc1,42,5120,0.933594,0.00390625,0,0.00292969,0.000976562,0.000585938,0.000195313,0.912134,0.979079
48000,linear_fc1,43,5120,0.941406,0.00793457,0,0.00292969,0.000976562,0.000585938,0.000195313,0.901992,0.979253
48000,linear_fc1,44,5120,0.949219,0.00378418,0,0.003125,0.000976562,0.000585938,0.000195313,0.897901,0.979424
48000,linear_fc1,45,5120,0.957031,0.00469971,0,0.00332031,0.000976562,0.000585938,0.000195313,0.879102,0.979592
48000,linear_fc1,46,5120,0.964844,0.00695801,0,0.00371094,0.000976562,0.000585938,0.000195313,0.875263,0.979757
48000,linear_fc1,47,5120,0.96875,0.0107422,0,0.00410156,0.000976562,0.000390625,0,0.867702,0.979839
48000,linear_fc1,48,5120,0.972656,0.00622559,0,0.00429688,0.000976562,0.000390625,0.000195313,0.848916,0.97992
48000,linear_fc1,49,5120,0.984375,0.0236816,0,0.00449219,0.00117188,0.000195313,0,0.83881,0.980159
48000,linear_fc1,50,5120,0.988281,0.0164795,0,0.00449219,0.000976562,0.000195313,0,0.829091,0.980237
48000,linear_fc1,51,5120,0.996094,0.0380859,0,0.00488281,0.000976562,0.000195313,0,0.844627,0.980392
48000,linear_fc1,52,5120,0.996094,0.0483398,0,0.00507812,0.00078125,0.000195313,0,0.839216,0.980392
48000,linear_fc1,53,5120,1,0.0878906,0,0.0046875,0.000976562,0.000195313,0,0.853047,0.980469
48000,linear_fc1,54,5120,1.00781,0.129883,0,0.0046875,0.000585938,0,0,0.868953,0.98062
48000,linear_fc1,55,5120,1.00781,0.101562,0,0.0046875,0.000390625,0,0,0.862674,0.976744
48000,linear_fc1,56,5120,1.00781,0.121094,0,0.00429688,0.000195313,0,0,0.875969,0.976744
48000,linear_fc1,57,5120,1.01562,0.203125,0,0.00351562,0.000195313,0,0,0.873077,0.976923
48000,linear_fc1,58,5120,1.01562,0.244141,0,0.00332031,0.000195313,0,0,0.876923,0.973077
48000,linear_fc1,59,5120,1.00781,0.333984,0,0.00253906,0,0,0,0.887597,0.976744
48000,linear_fc1,60,5120,1.02344,0.335938,0,0.00273437,0,0,0,0.874046,0.969466
48000,linear_fc1,61,5120,1.04688,0.384766,0,0.00175781,0,0,0,0.906716,0.970149
48000,linear_fc1,62,5120,1.08594,0.550781,0,0,0,0,0,0.913669,0.971223
48000,linear_fc1,63,5120,1.15625,0.773438,0,0,0,0,0,0.912162,0.959459
48000,q_layernorm,0,128,1.17969,0.283203,0,0.046875,0.0078125,0,0,0.362715,0.668874
48000,q_layernorm,1,128,1.54688,1.13281,0,0,0,0,0,0.746515,0.879293
48000,q_layernorm,2,128,1.54688,1.00781,0,0,0,0,0,0.704747,0.808081
48000,q_layernorm,3,128,1.63281,1.10938,0,0,0,0,0,0.705024,0.773684
48000,q_layernorm,4,128,1.54688,1.0625,0,0,0,0,0,0.704192,0.823737
48000,q_layernorm,5,128,1.50781,0.910156,0,0,0,0,0,0.740933,0.832642
48000,q_layernorm,6,128,1.84375,0.949219,0,0,0,0,0,0.542712,0.753814
48000,q_layernorm,7,128,1.74219,0.0664062,0,0.0390625,0.0390625,0.0390625,0,0.0524496,0.781614
48000,q_layernorm,8,128,1.67969,0.306641,0,0.03125,0.015625,0,0,0.223872,0.817209
48000,q_layernorm,9,128,1.66406,0.0952148,0,0.0234375,0.0078125,0.0078125,0,0.261256,0.765728
48000,q_layernorm,10,128,1.64844,0.84375,0,0,0,0,0,0.650427,0.82654
48000,q_layernorm,11,128,1.72656,0.535156,0,0.03125,0,0,0,0.339977,0.775566
48000,q_layernorm,12,128,1.625,0.8125,0,0,0,0,0,0.630962,0.815865
48000,q_layernorm,13,128,1.60156,0.0427246,0,0.03125,0.015625,0.015625,0,0.182561,0.785854
48000,q_layernorm,14,128,1.53125,0.490234,0,0.03125,0,0,0,0.408622,0.790816
48000,q_layernorm,15,128,1.6875,0.392578,0,0.0234375,0.0078125,0,0,0.456829,0.823611
48000,q_layernorm,16,128,1.5,0.707031,0,0.0078125,0,0,0,0.55362,0.796875
48000,q_layernorm,17,128,1.73438,0.996094,0,0,0,0,0,0.576577,0.77027
48000,q_layernorm,18,128,1.72656,0.205078,0,0.046875,0.03125,0,0,0.134638,0.736199
48000,q_layernorm,19,128,1.84375,0.173828,0,0.0546875,0.015625,0.0078125,0,0.231292,0.709746
48000,q_layernorm,20,128,1.67188,0.0449219,0,0.046875,0.0234375,0.015625,0,0.0831893,0.709813
48000,q_layernorm,21,128,1.66406,0.0515137,0,0.0703125,0.0390625,0.015625,0,0.0603448,0.641784
48000,q_layernorm,22,128,1.80469,0.00646973,0,0.0859375,0.0703125,0.0625,0.015625,0.00979978,0.691775
48000,q_layernorm,23,128,1.71875,0.115723,0,0.03125,0.0078125,0.0078125,0,0.430818,0.718636
48000,q_layernorm,24,128,1.64844,0.445312,0,0.03125,0,0,0,0.428839,0.790047
48000,q_layernorm,25,128,1.72656,0.0366211,0,0.109375,0.078125,0.0625,0,0.0302616,0.483032
48000,q_layernorm,26,128,1.60156,0.0368652,0,0.171875,0.148438,0.117188,0,0.0275869,0.0742988
48000,q_layernorm,27,128,1.69531,0.0344238,0,0.09375,0.0546875,0.046875,0,0.0330112,0.541014
48000,q_layernorm,28,128,1.57031,0.0275879,0,0.171875,0.164062,0.117188,0,0.0371082,0.0800373
48000,q_layernorm,29,128,1.65625,0.0122681,0,0.148438,0.125,0.078125,0.0078125,0.0160982,0.169929
48000,q_layernorm,30,128,1.60938,0.00613403,0,0.0859375,0.0390625,0.03125,0.0078125,0.0281083,0.670388
48000,q_layernorm,31,128,1.5625,0.0913086,0,0.140625,0.0859375,0.03125,0,0.0714125,0.302125
48000,q_layernorm,32,128,1.64062,0.0800781,0,0.0546875,0.0390625,0.0234375,0,0.0545119,0.712857
48000,q_layernorm,33,128,1.54688,0.0290527,0,0.242188,0.195312,0.078125,0,0.0320896,0.119823
48000,q_layernorm,34,128,1.625,0.0358887,0,0.164062,0.140625,0.0859375,0,0.0299174,0.109435
48000,q_layernorm,35,128,1.66406,0.0568848,0,0.0625,0.046875,0.015625,0,0.0865904,0.649765
48000,q_layernorm,36,128,1.60156,0.0664062,0,0.132812,0.0859375,0.03125,0,0.0881829,0.295488
48000,q_layernorm,37,128,1.39844,0.503906,0,0.0703125,0,0,0,0.410838,0.534358
48000,q_layernorm,38,128,1.61719,1.20312,0,0,0,0,0,0.816812,0.901932
48000,q_layernorm,39,128,1.47656,0.683594,0,0.015625,0,0,0,0.500344,0.67381
48000,q_layernorm,40,128,1.53906,0.24707,0,0.1875,0.046875,0,0,0.200812,0.381726
48000,q_layernorm,41,128,1.51562,0.363281,0,0.164062,0.0078125,0,0,0.267655,0.414175
48000,q_layernorm,42,128,1.375,0.496094,0,0.179688,0,0,0,0.365937,0.441761
48000,q_layernorm,43,128,1.40625,0.546875,0,0.117188,0,0,0,0.431306,0.488056
48000,q_layernorm,44,128,1.46094,0.371094,0,0.25,0,0,0,0.277888,0.352139
48000,q_layernorm,45,128,1.51562,0.124512,0,0.234375,0.179688,0.015625,0,0.093982,0.173454
48000,q_layernorm,46,128,1.54688,0.074707,0,0.195312,0.117188,0.03125,0,0.0722317,0.192551
48000,q_layernorm,47,128,1.45312,0.192383,0,0.203125,0.117188,0,0,0.139167,0.222849
48000,q_layernorm,48,128,1.625,0.0849609,0,0.101562,0.0859375,0.046875,0,0.0622145,0.51274
48000,q_layernorm,49,128,1.46875,0.0217285,0,0.148438,0.125,0.09375,0,0.0405136,0.138564
48000,q_layernorm,50,128,1.47656,0.304688,0,0.0390625,0.0234375,0,0,0.236878,0.770899
48000,q_layernorm,51,128,1.58594,0.0380859,0,0.09375,0.0390625,0.015625,0,0.101262,0.529064
48000,q_layernorm,52,128,1.53125,0.194336,0,0.015625,0.015625,0,0,0.316671,0.808163
48000,q_layernorm,53,128,1.57031,0.0927734,0,0.125,0.09375,0.0546875,0,0.0681374,0.292413
48000,q_layernorm,54,128,1.51562,0.0883789,0,0.1875,0.132812,0.046875,0,0.0855026,0.19549
48000,q_layernorm,55,128,1.54688,0.78125,0,0,0,0,0,0.558687,0.813131
48000,q_layernorm,56,128,1.57031,0.433594,0,0.0078125,0,0,0,0.523731,0.812935
48000,q_layernorm,57,128,1.53906,0.0629883,0,0.0390625,0.03125,0.0234375,0,0.0755298,0.775127
48000,q_layernorm,58,128,1.57812,1.14844,0,0,0,0,0,0.788861,0.891584
48000,q_layernorm,59,128,1.53125,1.03906,0,0,0,0,0,0.769439,0.867347
48000,q_layernorm,60,128,1.47656,1,0,0,0,0,0,0.701693,0.834921
48000,q_layernorm,61,128,1.44531,0.941406,0,0,0,0,0,0.731189,0.843243
48000,q_layernorm,62,128,1.33594,1.08594,0,0,0,0,0,0.825029,0.881287
48000,q_layernorm,63,128,1.17969,0.882812,0,0,0,0,0,0.815364,0.918543
48000,k_layernorm,0,128,1.20312,0.233398,0,0.0703125,0.0078125,0,0,0.304416,0.573701
48000,k_layernorm,1,128,1.51562,1.04688,0,0,0,0,0,0.805515,0.895361
48000,k_layernorm,2,128,1.53125,0.984375,0,0,0,0,0,0.664975,0.80102
48000,k_layernorm,3,128,1.66406,0.832031,0,0,0,0,0,0.599014,0.726291
48000,k_layernorm,4,128,1.55469,0.921875,0,0,0,0,0,0.630377,0.757286
48000,k_layernorm,5,128,1.48438,1.05469,0,0,0,0,0,0.738684,0.830526
48000,k_layernorm,6,128,1.82812,0.761719,0,0.0078125,0,0,0,0.571709,0.733761
48000,k_layernorm,7,128,1.71875,0.00518799,0,0.0625,0.03125,0.03125,0.0078125,0.0570994,0.703182
48000,k_layernorm,8,128,1.66406,0.185547,0,0.0390625,0.0078125,0,0,0.258498,0.782629
48000,k_layernorm,9,128,1.625,0.113281,0,0.0390625,0.015625,0.015625,0,0.139549,0.717788
48000,k_layernorm,10,128,1.64062,0.738281,0,0.0078125,0,0,0,0.563833,0.74619
48000,k_layernorm,11,128,1.71875,0.310547,0,0.0546875,0.0078125,0,0,0.318477,0.682273
48000,k_layernorm,12,128,1.57031,0.957031,0,0,0,0,0,0.663035,0.825871
48000,k_layernorm,13,128,1.60156,0.0922852,0,0.0390625,0.015625,0.0078125,0,0.20072,0.760976
48000,k_layernorm,14,128,1.50781,0.210938,0,0.0234375,0.015625,0,0,0.244255,0.717617
48000,k_layernorm,15,128,1.67188,0.394531,0,0.015625,0.0078125,0,0,0.459977,0.751402
48000,k_layernorm,16,128,1.50781,0.453125,0,0.0390625,0,0,0,0.338886,0.766839
48000,k_layernorm,17,128,1.71094,0.714844,0,0.0078125,0,0,0,0.55621,0.752055
48000,k_layernorm,18,128,1.69531,0.0402832,0,0.09375,0.0390625,0.03125,0,0.033737,0.634101
48000,k_layernorm,19,128,1.79688,0.0424805,0,0.0625,0.0390625,0.0078125,0,0.108337,0.659565
48000,k_layernorm,20,128,1.64062,0.0388184,0,0.0625,0.03125,0.03125,0,0.0319003,0.679524
48000,k_layernorm,21,128,1.67188,0.0163574,0,0.078125,0.046875,0.0234375,0.0078125,0.0594743,0.584346
48000,k_layernorm,22,128,1.75,0.0151978,0,0.101562,0.0703125,0.0546875,0.0078125,0.0275628,0.507589
48000,k_layernorm,23,128,1.71094,0.12207,0,0.0546875,0.015625,0.0078125,0,0.154155,0.690411
48000,k_layernorm,24,128,1.625,0.0136719,0,0.0390625,0.015625,0.0078125,0.0078125,0.253341,0.80625
48000,k_layernorm,25,128,1.69531,0.0250244,0.0078125,0.125,0.101562,0.046875,0,0.0391302,0.302765
48000,k_layernorm,26,128,1.61719,0.0279541,0,0.203125,0.148438,0.109375,0,0.0262832,0.0882246
48000,k_layernorm,27,128,1.67969,0.00393677,0.0078125,0.125,0.0859375,0.0546875,0.0234375,0.00604142,0.376977
48000,k_layernorm,28,128,1.57812,0.0419922,0,0.226562,0.171875,0.109375,0,0.0437593,0.0944307
48000,k_layernorm,29,128,1.64844,0.0585938,0,0.1875,0.140625,0.078125,0,0.0476392,0.132405
48000,k_layernorm,30,128,1.59375,0.00372314,0,0.117188,0.0625,0.03125,0.0078125,0.0245113,0.433333
48000,k_layernorm,31,128,1.53906,0.112793,0,0.179688,0.09375,0.0234375,0,0.0826904,0.255203
48000,k_layernorm,32,128,1.64844,0.0268555,0,0.09375,0.0625,0.03125,0,0.0506487,0.541469
48000,k_layernorm,33,128,1.57812,0.108398,0,0.296875,0.195312,0.0859375,0,0.0741553,0.101733
48000,k_layernorm,34,128,1.61719,0.02771,0,0.210938,0.179688,0.0859375,0,0.0307277,0.113104
48000,k_layernorm,35,128,1.67969,0.065918,0,0.164062,0.0703125,0.0390625,0,0.0421512,0.329535
48000,k_layernorm,36,128,1.60156,0.142578,0,0.195312,0.125,0.015625,0,0.0955488,0.215488
48000,k_layernorm,37,128,1.35156,0.539062,0,0.0859375,0,0,0,0.433526,0.528902
48000,k_layernorm,38,128,1.59375,0.742188,0,0.0078125,0,0,0,0.647304,0.842647
48000,k_layernorm,39,128,1.46094,0.476562,0,0.046875,0,0,0,0.435535,0.626471
48000,k_layernorm,40,128,1.5,0.285156,0,0.21875,0.03125,0,0,0.232331,0.364844
48000,k_layernorm,41,128,1.49219,0.369141,0,0.203125,0.0078125,0,0,0.294882,0.395288
48000,k_layernorm,42,128,1.35156,0.5,0,0.203125,0,0,0,0.372283,0.464451
48000,k_layernorm,43,128,1.40625,0.384766,0,0.179688,0,0,0,0.308819,0.404722
48000,k_layernorm,44,128,1.4375,0.375,0,0.265625,0,0,0,0.301223,0.352446
48000,k_layernorm,45,128,1.51562,0.115234,0,0.257812,0.148438,0.015625,0,0.0981637,0.181314
48000,k_layernorm,46,128,1.55469,0.0678711,0,0.226562,0.148438,0.03125,0,0.0767085,0.181407
48000,k_layernorm,47,128,1.45312,0.166016,0,0.226562,0.109375,0,0,0.128051,0.228091
48000,k_layernorm,48,128,1.60938,0.0463867,0,0.15625,0.109375,0.046875,0,0.060628,0.172816
48000,k_layernorm,49,128,1.48438,0.0062561,0.0078125,0.179688,0.132812,0.078125,0.0078125,0.0367401,0.163026
48000,k_layernorm,50,128,1.48438,0.231445,0,0.0546875,0.03125,0,0,0.168447,0.748421
48000,k_layernorm,51,128,1.57031,0.0549316,0,0.148438,0.09375,0.0234375,0,0.0406577,0.31704
48000,k_layernorm,52,128,1.53125,0.109375,0,0.0546875,0.0234375,0.0078125,0,0.217832,0.617092
48000,k_layernorm,53,128,1.59375,0.0527344,0,0.164062,0.09375,0.0625,0,0.068511,0.302574
48000,k_layernorm,54,128,1.52344,0.10498,0,0.203125,0.148438,0.0390625,0,0.0746346,0.164808
48000,k_layernorm,55,128,1.53125,0.257812,0,0.03125,0.0234375,0,0,0.182972,0.762755
48000,k_layernorm,56,128,1.55469,0.0463867,0,0.0234375,0.0078125,0.0078125,0,0.322462,0.743719
48000,k_layernorm,57,128,1.54688,0.0668945,0,0.0390625,0.03125,0.015625,0,0.0847222,0.741919
48000,k_layernorm,58,128,1.53906,1.17188,0,0,0,0,0,0.77802,0.87665
48000,k_layernorm,59,128,1.50781,1.09375,0,0,0,0,0,0.761658,0.848187
48000,k_layernorm,60,128,1.46875,0.667969,0,0.015625,0,0,0,0.473245,0.755319
48000,k_layernorm,61,128,1.40625,0.863281,0,0,0,0,0,0.691722,0.865
48000,k_layernorm,62,128,1.32031,1.07031,0,0,0,0,0,0.821361,0.891716
48000,k_layernorm,63,128,1.17969,0.90625,0,0,0,0,0,0.825662,0.911921
48000,final_layernorm,-1,5120,1.66406,1.13281,0,0,0,0,0,0.957746,0.976526
52000,linear_qkv,0,5120,0.0791016,0.00582886,0,0.00546875,0.00175781,0.000390625,0,0.601698,0.858025
52000,linear_qkv,1,5120,0.408203,0.0703125,0,0.000585938,0.000390625,0,0,0.866029,0.923445
52000,linear_qkv,2,5120,0.632812,0.0405273,0,0.00078125,0.000585938,0.000195313,0,0.833333,0.932099
52000,linear_qkv,3,5120,0.757812,0.0629883,0,0.00078125,0.000195313,0.000195313,0,0.876289,0.938144
52000,linear_qkv,4,5120,0.773438,0.0620117,0,0.000585938,0.000195313,0.000195313,0,0.873737,0.939394
52000,linear_qkv,5,5120,0.878906,0.0996094,0,0.000390625,0.000195313,0,0,0.871111,0.937778
52000,linear_qkv,6,5120,0.949219,0.201172,0,0.000390625,0.000195313,0,0,0.864198,0.934156
52000,linear_qkv,7,5120,1.10938,0.345703,0,0.000585938,0,0,0,0.876761,0.943662
52000,linear_qkv,8,5120,1.04688,0.222656,0,0.000585938,0.000195313,0,0,0.86194,0.936567
52000,linear_qkv,9,5120,0.976562,0.224609,0,0.000585938,0.000195313,0,0,0.864,0.94
52000,linear_qkv,10,5120,0.996094,0.265625,0,0.000585938,0,0,0,0.886275,0.945098
52000,linear_qkv,11,5120,1.05469,0.289062,0,0.000585938,0,0,0,0.866667,0.940741
52000,linear_qkv,12,5120,0.996094,0.306641,0,0.000585938,0,0,0,0.898039,0.952941
52000,linear_qkv,13,5120,1.03125,0.298828,0,0.000585938,0,0,0,0.890871,0.950758
52000,linear_qkv,14,5120,0.996094,0.388672,0,0.000585938,0,0,0,0.890196,0.94902
52000,linear_qkv,15,5120,1.11719,0.484375,0,0.000585938,0,0,0,0.895105,0.951049
52000,linear_qkv,16,5120,1.11719,0.597656,0,0,0,0,0,0.902098,0.951049
52000,linear_qkv,17,5120,1.25781,0.722656,0,0,0,0,0,0.913043,0.950311
52000,linear_qkv,18,5120,1.21094,0.574219,0,0.000195313,0,0,0,0.896774,0.948387
52000,linear_qkv,19,5120,1.32031,0.691406,0,0,0,0,0,0.911243,0.952663
52000,linear_qkv,20,5120,1.1875,0.636719,0,0,0,0,0,0.907895,0.953947
52000,linear_qkv,21,5120,1.17969,0.695312,0,0,0,0,0,0.92053,0.960265
52000,linear_qkv,22,5120,1.42969,0.675781,0,0.000195313,0,0,0,0.923497,0.956284
52000,linear_qkv,23,5120,1.42188,0.722656,0,0,0,0,0,0.928571,0.961538
52000,linear_qkv,24,5120,1.38281,0.695312,0,0,0,0,0,0.932203,0.966102
52000,linear_qkv,25,5120,1.29688,0.519531,0,0.000976562,0,0,0,0.915663,0.957831
52000,linear_qkv,26,5120,1.23438,0.453125,0,0.000585938,0,0,0,0.912595,0.955696
52000,linear_qkv,27,5120,1.48438,0.523438,0,0.000585938,0,0,0,0.905263,0.952632
52000,linear_qkv,28,5120,1.35938,0.404297,0,0.00136719,0,0,0,0.87931,0.942529
52000,linear_qkv,29,5120,1.39062,0.470703,0,0.00117188,0,0,0,0.893258,0.949438
52000,linear_qkv,30,5120,1.53906,0.441406,0,0.000976562,0,0,0,0.898477,0.954315
52000,linear_qkv,31,5120,1.20312,0.302734,0,0.000976562,0,0,0,0.896104,0.954545
52000,linear_qkv,32,5120,1.32812,0.365234,0,0.00175781,0,0,0,0.9,0.952941
52000,linear_qkv,33,5120,1.32031,0.302734,0,0.00175781,0.000390625,0,0,0.876864,0.946746
52000,linear_qkv,34,5120,1.50781,0.373047,0,0.00175781,0.000195313,0,0,0.870466,0.943005
52000,linear_qkv,35,5120,1.39844,0.314453,0,0.00136719,0.000195313,0,0,0.888268,0.949721
52000,linear_qkv,36,5120,1.20312,0.289062,0,0.00195312,0.000195313,0,0,0.876623,0.948052
52000,linear_qkv,37,5120,0.878906,0.193359,0,0.000976562,0.000195313,0,0,0.888889,0.946667
52000,linear_qkv,38,5120,1.14062,0.328125,0,0.000390625,0,0,0,0.90411,0.958904
52000,linear_qkv,39,5120,0.9375,0.296875,0,0.000976562,0,0,0,0.8875,0.95
52000,linear_qkv,40,5120,1.03906,0.263672,0,0.00136719,0,0,0,0.87218,0.951128
52000,linear_qkv,41,5120,0.988281,0.251953,0,0.00175781,0,0,0,0.866364,0.944664
52000,linear_qkv,42,5120,0.90625,0.259766,0,0.00136719,0,0,0,0.857759,0.939655
52000,linear_qkv,43,5120,0.945312,0.310547,0,0.00136719,0,0,0,0.85124,0.946281
52000,linear_qkv,44,5120,1.00781,0.28125,0,0.00175781,0,0,0,0.838682,0.949612
52000,linear_qkv,45,5120,1.11719,0.326172,0,0.00136719,0,0,0,0.822343,0.951049
52000,linear_qkv,46,5120,1.17969,0.371094,0,0.00136719,0,0,0,0.81457,0.953642
52000,linear_qkv,47,5120,1.03906,0.460938,0,0.000585938,0,0,0,0.83906,0.943609
52000,linear_qkv,48,5120,1.30469,0.451172,0,0.00136719,0,0,0,0.788982,0.952096
52000,linear_qkv,49,5120,1.24219,0.4375,0,0.0015625,0,0,0,0.79305,0.955975
52000,linear_qkv,50,5120,1.17188,0.451172,0,0.00117188,0,0,0,0.810633,0.953333
52000,linear_qkv,51,5120,1.29688,0.425781,0,0.00292969,0,0,0,0.725181,0.951807
52000,linear_qkv,52,5120,1.25781,0.503906,0,0.00136719,0,0,0,0.756429,0.950311
52000,linear_qkv,53,5120,1.41406,0.375,0,0.00585938,0,0,0,0.68337,0.955801
52000,linear_qkv,54,5120,1.30469,0.365234,0,0.00585938,0,0,0,0.692186,0.946108
52000,linear_qkv,55,5120,1.38281,0.542969,0,0.00234375,0,0,0,0.732034,0.949153
52000,linear_qkv,56,5120,1.41406,0.46875,0,0.00390625,0,0,0,0.687845,0.950276
52000,linear_qkv,57,5120,1.34375,0.279297,0,0.00566406,0.000195313,0,0,0.648808,0.94186
52000,linear_qkv,58,5120,1.38281,0.431641,0,0.00371094,0,0,0,0.706751,0.949153
52000,linear_qkv,59,5120,1.25781,0.298828,0,0.00410156,0.000195313,0,0,0.659565,0.950311
52000,linear_qkv,60,5120,1.14062,0.451172,0,0.00136719,0,0,0,0.710205,0.938356
52000,linear_qkv,61,5120,1.11719,0.492188,0,0.000390625,0,0,0,0.757238,0.937063
52000,linear_qkv,62,5120,1.02344,0.667969,0,0,0,0,0,0.896947,0.961832
52000,linear_qkv,63,5120,0.976562,0.765625,0,0,0,0,0,0.924,0.96
52000,linear_fc1,0,5120,0.535156,0.0319824,0,0.00292969,0.000585938,0.000195313,0,0.635036,0.857664
52000,linear_fc1,1,5120,0.886719,0.0181885,0,0.00566406,0.00332031,0.00136719,0,0.699383,0.933921
52000,linear_fc1,2,5120,0.914062,0.0164795,0,0.00410156,0.003125,0.000585938,0,0.880342,0.965812
52000,linear_fc1,3,5120,0.875,0.0264893,0,0.003125,0.00136719,0.000390625,0,0.901786,0.964286
52000,linear_fc1,4,5120,0.84375,0.0114746,0,0.00234375,0.000976562,0.000390625,0,0.894398,0.958333
52000,linear_fc1,5,5120,0.753906,0.00836182,0,0.000976562,0.000390625,0.000390625,0,0.901554,0.958549
52000,linear_fc1,6,5120,0.691406,0.0131226,0,0.000976562,0.000585938,0.000390625,0,0.892655,0.954802
52000,linear_fc1,7,5120,0.664062,0.0250244,0,0.00136719,0.00078125,0.000390625,0,0.882353,0.947059
52000,linear_fc1,8,5120,0.664062,0.0178223,0,0.00136719,0.000585938,0.000390625,0,0.894118,0.952941
52000,linear_fc1,9,5120,0.671875,0.0140381,0,0.00136719,0.000585938,0.000390625,0,0.889535,0.947674
52000,linear_fc1,10,5120,0.65625,0.0222168,0,0.00136719,0.000585938,0.000390625,0,0.892857,0.952381
52000,linear_fc1,11,5120,0.652344,0.015564,0,0.00136719,0.000585938,0.000390625,0,0.892216,0.952096
52000,linear_fc1,12,5120,0.652344,0.0198975,0,0.00136719,0.000585938,0.000390625,0,0.899341,0.952096
52000,linear_fc1,13,5120,0.648438,0.020752,0,0.000976562,0.000585938,0.000195313,0,0.903614,0.957831
52000,linear_fc1,14,5120,0.632812,0.0229492,0,0.000976562,0.000585938,0.000195313,0,0.901235,0.95679
52000,linear_fc1,15,5120,0.625,0.0332031,0,0.00078125,0.000390625,0.000195313,0,0.907438,0.95625
52000,linear_fc1,16,5120,0.601562,0.0334473,0,0.000585938,0.000195313,0.000195313,0,0.909091,0.954545
52000,linear_fc1,17,5120,0.578125,0.0668945,0,0.000585938,0.000195313,0,0,0.912162,0.959459
52000,linear_fc1,18,5120,0.570312,0.0480957,0,0.000390625,0.000195313,0.000195313,0,0.910959,0.958904
52000,linear_fc1,19,5120,0.570312,0.0454102,0,0.000195313,0.000195313,0.000195313,0,0.917808,0.958904
52000,linear_fc1,20,5120,0.578125,0.0595703,0,0.000195313,0.000195313,0,0,0.918919,0.966216
52000,linear_fc1,21,5120,0.578125,0.0588379,0,0.000390625,0.000195313,0,0,0.918919,0.966216
52000,linear_fc1,22,5120,0.578125,0.0307617,0,0.00078125,0.000390625,0.000195313,0,0.918919,0.959459
52000,linear_fc1,23,5120,0.582031,0.0449219,0,0.000976562,0.000390625,0.000195313,0,0.926174,0.966443
52000,linear_fc1,24,5120,0.59375,0.0303955,0,0.000976562,0.000390625,0.000195313,0,0.927632,0.967105
52000,linear_fc1,25,5120,0.621094,0.0280762,0,0.000976562,0.000390625,0.000390625,0,0.924528,0.962264
52000,linear_fc1,26,5120,0.636719,0.0203857,0,0.000976562,0.000585938,0.000390625,0,0.92638,0.969325
52000,linear_fc1,27,5120,0.65625,0.0258789,0,0.000976562,0.00078125,0.000390625,0,0.929702,0.970238
52000,linear_fc1,28,5120,0.675781,0.0137329,0,0.00117188,0.00078125,0.000390625,0,0.936416,0.971098
52000,linear_fc1,29,5120,0.691406,0.00787354,0,0.00117188,0.00078125,0.000390625,0,0.937853,0.977401
52000,linear_fc1,30,5120,0.714844,0.0288086,0,0.00117188,0.000585938,0.000390625,0,0.945355,0.978142
52000,linear_fc1,31,5120,0.738281,0.019165,0,0.00117188,0.000585938,0.000390625,0,0.941799,0.973545
52000,linear_fc1,32,5120,0.75,0.00958252,0,0.00117188,0.00078125,0.000390625,0,0.942708,0.979167
52000,linear_fc1,33,5120,0.769531,0.00805664,0,0.00117188,0.000976562,0.000195313,0,0.944162,0.974619
52000,linear_fc1,34,5120,0.789062,0.00585938,0,0.00117188,0.00117188,0.000195313,0.000195313,0.945545,0.980198
52000,linear_fc1,35,5120,0.816406,0.00531006,0,0.00117188,0.00117188,0.000195313,0.000195313,0.942584,0.976077
52000,linear_fc1,36,5120,0.84375,0.00634766,0,0.00136719,0.000976562,0.000195313,0.000195313,0.944444,0.976852
52000,linear_fc1,37,5120,0.863281,0.0038147,0,0.00175781,0.000976562,0.000390625,0.000195313,0.932127,0.977376
52000,linear_fc1,38,5120,0.878906,0.00479126,0,0.00175781,0.000976562,0.000390625,0.000195313,0.942222,0.977778
52000,linear_fc1,39,5120,0.894531,0.00343323,0,0.00214844,0.000976562,0.000585938,0.000195313,0.926594,0.978166
52000,linear_fc1,40,5120,0.90625,0.00370789,0,0.00253906,0.000976562,0.000585938,0.000195313,0.927543,0.978448
52000,linear_fc1,41,5120,0.917969,0.00595093,0,0.00273437,0.000976562,0.000390625,0.000195313,0.919957,0.978723
52000,linear_fc1,42,5120,0.929688,0.00561523,0,0.00292969,0.000976562,0.000585938,0.000195313,0.911765,0.978992
52000,linear_fc1,43,5120,0.9375,0.00897217,0,0.003125,0.000976562,0.000585938,0.000195313,0.904958,0.979167
52000,linear_fc1,44,5120,0.945312,0.00506592,0,0.00332031,0.000976562,0.000585938,0.000195313,0.892562,0.979339
52000,linear_fc1,45,5120,0.953125,0.00610352,0,0.00332031,0.000976562,0.000585938,0.000195313,0.884262,0.979508
52000,linear_fc1,46,5120,0.957031,0.0090332,0,0.00351562,0.000976562,0.000585938,0.000195313,0.871714,0.983673
52000,linear_fc1,47,5120,0.964844,0.0113525,0,0.00410156,0.000976562,0.000390625,0,0.867935,0.979757
52000,linear_fc1,48,5120,0.96875,0.00610352,0,0.00429688,0.00117188,0.000390625,0.000195313,0.84754,0.979839
52000,linear_fc1,49,5120,0.980469,0.0228271,0,0.00449219,0.00117188,0.000195313,0,0.841394,0.98008
52000,linear_fc1,50,5120,0.984375,0.0157471,0,0.00449219,0.00117188,0.000195313,0,0.834841,0.980159
52000,linear_fc1,51,5120,0.992188,0.0383301,0,0.00449219,0.000976562,0.000195313,0,0.841575,0.980315
52000,linear_fc1,52,5120,0.992188,0.0461426,0,0.00507812,0.000976562,0.000195313,0,0.858819,0.980315
52000,linear_fc1,53,5120,1,0.0869141,0,0.0046875,0.000976562,0.000195313,0,0.863086,0.980469
52000,linear_fc1,54,5120,1.00781,0.128906,0,0.0046875,0.000585938,0,0,0.88593,0.976744
52000,linear_fc1,55,5120,1,0.100098,0,0.0046875,0.000585938,0,0,0.903086,0.980469
52000,linear_fc1,56,5120,1,0.119629,0,0.00371094,0.000195313,0,0,0.885039,0.980469
52000,linear_fc1,57,5120,1.00781,0.191406,0,0.00371094,0.000195313,0,0,0.887597,0.98062
52000,linear_fc1,58,5120,1.01562,0.233398,0,0.003125,0.000195313,0,0,0.887538,0.973077
52000,linear_fc1,59,5120,1.00781,0.314453,0,0.00292969,0,0,0,0.880581,0.976744
52000,linear_fc1,60,5120,1.02344,0.320312,0,0.00292969,0,0,0,0.864046,0.969466
52000,linear_fc1,61,5120,1.04688,0.365234,0,0.00195312,0,0,0,0.903694,0.970149
52000,linear_fc1,62,5120,1.08594,0.523438,0,0.000195313,0,0,0,0.917266,0.971223
52000,linear_fc1,63,5120,1.15625,0.769531,0,0,0,0,0,0.918919,0.959459
52000,q_layernorm,0,128,1.19531,0.273438,0,0.0546875,0.0078125,0,0,0.36482,0.666667
52000,q_layernorm,1,128,1.54688,1.10938,0,0,0,0,0,0.742828,0.884343
52000,q_layernorm,2,128,1.55469,0.980469,0,0,0,0,0,0.696181,0.807538
52000,q_layernorm,3,128,1.64844,1.10156,0,0,0,0,0,0.694881,0.763033
52000,q_layernorm,4,128,1.5625,1.05469,0,0,0,0,0,0.69215,0.817
52000,q_layernorm,5,128,1.51562,0.878906,0,0,0,0,0,0.734742,0.82835
52000,q_layernorm,6,128,1.85156,0.941406,0,0,0,0,0,0.536203,0.750633
52000,q_layernorm,7,128,1.75,0.0615234,0,0.0390625,0.0390625,0.0390625,0,0.0484905,0.779464
52000,q_layernorm,8,128,1.69531,0.300781,0,0.03125,0.0234375,0,0,0.212592,0.812903
52000,q_layernorm,9,128,1.67188,0.0830078,0,0.0234375,0.015625,0.0078125,0,0.240584,0.76028
52000,q_layernorm,10,128,1.65625,0.8125,0,0.0078125,0,0,0,0.642642,0.820755
52000,q_layernorm,11,128,1.75,0.507812,0,0.03125,0,0,0,0.319799,0.777232
52000,q_layernorm,12,128,1.64062,0.75,0,0.0078125,0,0,0,0.619738,0.814286
52000,q_layernorm,13,128,1.61719,0.0361328,0,0.03125,0.015625,0.015625,0,0.169822,0.784541
52000,q_layernorm,14,128,1.54688,0.433594,0,0.03125,0,0,0,0.385859,0.791414
52000,q_layernorm,15,128,1.70312,0.324219,0,0.0234375,0.0078125,0,0,0.436766,0.820642
52000,q_layernorm,16,128,1.50781,0.652344,0,0.0078125,0,0,0,0.528834,0.803109
52000,q_layernorm,17,128,1.74219,0.96875,0,0,0,0,0,0.563991,0.769955
52000,q_layernorm,18,128,1.74219,0.201172,0,0.046875,0.03125,0,0,0.130566,0.738565
52000,q_layernorm,19,128,1.85938,0.166992,0,0.0546875,0.0234375,0.0078125,0,0.219527,0.713866
52000,q_layernorm,20,128,1.67969,0.0427246,0,0.046875,0.03125,0.0234375,0,0.0739157,0.707907
52000,q_layernorm,21,128,1.67969,0.0461426,0,0.0703125,0.0390625,0.015625,0,0.0549462,0.648372
52000,q_layernorm,22,128,1.8125,0.00190735,0,0.0859375,0.0703125,0.0625,0.0078125,0.010728,0.701724
52000,q_layernorm,23,128,1.71875,0.0976562,0,0.03125,0.0078125,0.0078125,0,0.420068,0.723182
52000,q_layernorm,24,128,1.67188,0.425781,0,0.03125,0,0,0,0.415374,0.782243
52000,q_layernorm,25,128,1.74219,0.0378418,0,0.101562,0.078125,0.0625,0,0.0294521,0.491256
52000,q_layernorm,26,128,1.60156,0.0354004,0,0.171875,0.148438,0.117188,0,0.030503,0.0669817
52000,q_layernorm,27,128,1.70312,0.0253906,0,0.09375,0.0546875,0.046875,0,0.0329085,0.543349
52000,q_layernorm,28,128,1.57812,0.0185547,0,0.171875,0.164062,0.117188,0,0.0267837,0.0839728
52000,q_layernorm,29,128,1.66406,0.0196533,0,0.148438,0.125,0.078125,0,0.020154,0.164319
52000,q_layernorm,30,128,1.61719,0.00772095,0,0.0859375,0.0390625,0.03125,0.0078125,0.0250951,0.674879
52000,q_layernorm,31,128,1.57812,0.0932617,0,0.140625,0.0859375,0.0390625,0,0.0698391,0.296658
52000,q_layernorm,32,128,1.65625,0.0820312,0,0.046875,0.0390625,0.0234375,0,0.0501651,0.715566
52000,q_layernorm,33,128,1.57031,0.0241699,0,0.242188,0.195312,0.09375,0,0.0211031,0.115609
52000,q_layernorm,34,128,1.64844,0.0256348,0,0.15625,0.140625,0.09375,0,0.0218039,0.107879
52000,q_layernorm,35,128,1.67969,0.0412598,0,0.0625,0.046875,0.0234375,0,0.0844244,0.66093
52000,q_layernorm,36,128,1.61719,0.0476074,0,0.125,0.09375,0.03125,0,0.0703895,0.277778
52000,q_layernorm,37,128,1.40625,0.439453,0,0.0703125,0,0,0,0.381306,0.525833
52000,q_layernorm,38,128,1.63281,1.17969,0,0,0,0,0,0.812488,0.899522
52000,q_layernorm,39,128,1.49219,0.640625,0,0.015625,0,0,0,0.480314,0.669372
52000,q_layernorm,40,128,1.55469,0.222656,0,0.1875,0.046875,0,0,0.170817,0.368844
52000,q_layernorm,41,128,1.53125,0.332031,0,0.164062,0.0234375,0,0,0.229796,0.399235
52000,q_layernorm,42,128,1.38281,0.466797,0,0.1875,0,0,0,0.342189,0.424011
52000,q_layernorm,43,128,1.40625,0.519531,0,0.117188,0,0,0,0.412833,0.483611
52000,q_layernorm,44,128,1.48438,0.357422,0,0.257812,0.0078125,0,0,0.261197,0.330789
52000,q_layernorm,45,128,1.52344,0.120117,0,0.234375,0.179688,0.015625,0,0.0855449,0.168462
52000,q_layernorm,46,128,1.55469,0.0844727,0,0.179688,0.117188,0.046875,0,0.0653643,0.190829
52000,q_layernorm,47,128,1.46094,0.175781,0,0.203125,0.140625,0,0,0.121223,0.217781
52000,q_layernorm,48,128,1.63281,0.0854492,0,0.101562,0.09375,0.0625,0,0.0552901,0.521292
52000,q_layernorm,49,128,1.49219,0.0410156,0,0.148438,0.125,0.09375,0,0.0333835,0.129123
52000,q_layernorm,50,128,1.49219,0.265625,0,0.0390625,0.0234375,0,0,0.200929,0.769634
52000,q_layernorm,51,128,1.60156,0.0214844,0,0.09375,0.0546875,0.015625,0,0.0831159,0.530732
52000,q_layernorm,52,128,1.54688,0.163086,0,0.015625,0.015625,0,0,0.303333,0.808081
52000,q_layernorm,53,128,1.58594,0.078125,0,0.125,0.09375,0.0546875,0,0.0579218,0.281281
52000,q_layernorm,54,128,1.52344,0.0810547,0,0.179688,0.132812,0.0546875,0,0.0728141,0.174615
52000,q_layernorm,55,128,1.5625,0.730469,0,0.0078125,0,0,0,0.52465,0.8085
52000,q_layernorm,56,128,1.57812,0.386719,0,0.0078125,0.0078125,0,0,0.508292,0.815347
52000,q_layernorm,57,128,1.55469,0.0566406,0,0.0390625,0.03125,0.0234375,0,0.0629554,0.772362
52000,q_layernorm,58,128,1.58594,1.14062,0,0,0,0,0,0.775123,0.892118
52000,q_layernorm,59,128,1.53906,1.03906,0,0,0,0,0,0.764162,0.862944
52000,q_layernorm,60,128,1.48438,0.980469,0,0,0,0,0,0.701842,0.834211
52000,q_layernorm,61,128,1.46094,0.933594,0,0,0,0,0,0.720909,0.834759
52000,q_layernorm,62,128,1.34375,1.07031,0,0,0,0,0,0.821802,0.876163
52000,q_layernorm,63,128,1.17969,0.867188,0,0,0,0,0,0.806324,0.918543
52000,k_layernorm,0,128,1.22656,0.213867,0,0.078125,0.0078125,0,0,0.291194,0.567197
52000,k_layernorm,1,128,1.53125,1.02344,0,0,0,0,0,0.798673,0.886224
52000,k_layernorm,2,128,1.53906,0.953125,0,0,0,0,0,0.658858,0.796954
52000,k_layernorm,3,128,1.67969,0.816406,0,0.0078125,0,0,0,0.58414,0.719535
52000,k_layernorm,4,128,1.5625,0.902344,0,0,0,0,0,0.623575,0.7535
52000,k_layernorm,5,128,1.5,1.04688,0,0,0,0,0,0.720573,0.814583
52000,k_layernorm,6,128,1.83594,0.742188,0,0.0078125,0,0,0,0.569277,0.734894
52000,k_layernorm,7,128,1.72656,0.00939941,0,0.0625,0.03125,0.03125,0.0078125,0.0544033,0.70181
52000,k_layernorm,8,128,1.67188,0.15625,0,0.0390625,0.015625,0.0078125,0,0.247185,0.778972
52000,k_layernorm,9,128,1.64062,0.0966797,0,0.046875,0.015625,0.015625,0,0.121318,0.713809
52000,k_layernorm,10,128,1.64844,0.710938,0,0.0078125,0,0,0,0.554052,0.747393
52000,k_layernorm,11,128,1.73438,0.277344,0,0.0625,0.0078125,0,0,0.301914,0.674324
52000,k_layernorm,12,128,1.58594,0.945312,0,0,0,0,0,0.650246,0.824631
52000,k_layernorm,13,128,1.60938,0.0722656,0,0.0390625,0.015625,0.0078125,0,0.188495,0.76068
52000,k_layernorm,14,128,1.53125,0.167969,0,0.0234375,0.015625,0,0,0.210108,0.720408
52000,k_layernorm,15,128,1.67969,0.339844,0,0.015625,0.0078125,0,0,0.447465,0.753954
52000,k_layernorm,16,128,1.52344,0.431641,0,0.0390625,0,0,0,0.315795,0.761026
52000,k_layernorm,17,128,1.72656,0.691406,0,0.0078125,0,0,0,0.536131,0.748416
52000,k_layernorm,18,128,1.71094,0.0332031,0,0.09375,0.0390625,0.03125,0,0.030498,0.634703
52000,k_layernorm,19,128,1.8125,0.0383301,0,0.0625,0.0390625,0.015625,0,0.0988847,0.661207
52000,k_layernorm,20,128,1.65625,0.0368652,0,0.0625,0.0390625,0.03125,0,0.0289033,0.679245
52000,k_layernorm,21,128,1.6875,0.0101318,0,0.078125,0.046875,0.0234375,0.0078125,0.0505556,0.58125
52000,k_layernorm,22,128,1.75781,0.0130005,0,0.09375,0.0703125,0.0546875,0.0078125,0.0272208,0.510889
52000,k_layernorm,23,128,1.71875,0.103027,0,0.0546875,0.015625,0.015625,0,0.14054,0.698182
52000,k_layernorm,24,128,1.63281,0.0145874,0,0.0390625,0.015625,0.0078125,0.0078125,0.237775,0.807177
52000,k_layernorm,25,128,1.69531,0.0228271,0.0078125,0.125,0.101562,0.0625,0,0.0387644,0.29182
52000,k_layernorm,26,128,1.625,0.0322266,0,0.203125,0.148438,0.117188,0,0.0255634,0.0862981
52000,k_layernorm,27,128,1.6875,0.000218391,0.0078125,0.125,0.0859375,0.0546875,0.0234375,0.0034101,0.374074
52000,k_layernorm,28,128,1.59375,0.0356445,0,0.234375,0.171875,0.109375,0,0.0348208,0.0813113
52000,k_layernorm,29,128,1.65625,0.0490723,0,0.1875,0.15625,0.0859375,0,0.039686,0.125943
52000,k_layernorm,30,128,1.60938,0.00476074,0,0.117188,0.0625,0.0390625,0.0078125,0.0217225,0.430097
52000,k_layernorm,31,128,1.55469,0.108398,0,0.179688,0.101562,0.03125,0,0.0789667,0.251382
52000,k_layernorm,32,128,1.65625,0.0358887,0,0.09375,0.0625,0.03125,0,0.0489357,0.535849
52000,k_layernorm,33,128,1.58594,0.104492,0,0.296875,0.195312,0.09375,0,0.0698615,0.102525
52000,k_layernorm,34,128,1.64062,0.0405273,0,0.210938,0.1875,0.09375,0,0.0261131,0.112143
52000,k_layernorm,35,128,1.67969,0.0490723,0,0.164062,0.078125,0.0390625,0,0.0362689,0.326512
52000,k_layernorm,36,128,1.625,0.11084,0,0.195312,0.132812,0.0390625,0,0.0935216,0.202284
52000,k_layernorm,37,128,1.38281,0.507812,0,0.0859375,0,0,0,0.380819,0.509605
52000,k_layernorm,38,128,1.60156,0.707031,0,0.0078125,0,0,0,0.641439,0.842927
52000,k_layernorm,39,128,1.46875,0.410156,0,0.046875,0,0,0,0.414601,0.625266
52000,k_layernorm,40,128,1.51562,0.231445,0,0.210938,0.0390625,0,0,0.207088,0.35232
52000,k_layernorm,41,128,1.53125,0.337891,0,0.21875,0.0078125,0,0,0.261645,0.380357
52000,k_layernorm,42,128,1.375,0.462891,0,0.203125,0,0,0,0.341676,0.446307
52000,k_layernorm,43,128,1.41406,0.386719,0,0.195312,0,0,0,0.281506,0.391713
52000,k_layernorm,44,128,1.46875,0.347656,0,0.265625,0.0078125,0,0,0.284322,0.335638
52000,k_layernorm,45,128,1.52344,0.10791,0,0.257812,0.148438,0.046875,0,0.089968,0.168846
52000,k_layernorm,46,128,1.5625,0.0693359,0,0.226562,0.148438,0.0390625,0,0.0678906,0.16975
52000,k_layernorm,47,128,1.45312,0.144531,0,0.226562,0.125,0.0078125,0,0.110397,0.213306
52000,k_layernorm,48,128,1.625,0.0235596,0,0.15625,0.109375,0.0625,0,0.0461538,0.157692
52000,k_layernorm,49,128,1.49219,0.00604248,0,0.179688,0.132812,0.0859375,0.0078125,0.0390445,0.151047
52000,k_layernorm,50,128,1.49219,0.199219,0,0.0546875,0.03125,0,0,0.146603,0.742932
52000,k_layernorm,51,128,1.58594,0.0250244,0,0.148438,0.09375,0.03125,0,0.0369243,0.320813
52000,k_layernorm,52,128,1.55469,0.0854492,0,0.0546875,0.03125,0.0078125,0,0.199673,0.610301
52000,k_layernorm,53,128,1.60156,0.0617676,0,0.171875,0.101562,0.0859375,0,0.0575122,0.294146
52000,k_layernorm,54,128,1.53125,0.0825195,0,0.203125,0.148438,0.046875,0,0.0613489,0.149298
52000,k_layernorm,55,128,1.54688,0.235352,0,0.0390625,0.0234375,0,0,0.170562,0.755051
52000,k_layernorm,56,128,1.57031,0.0351562,0,0.0234375,0.0078125,0.0078125,0,0.305908,0.744776
52000,k_layernorm,57,128,1.55469,0.0688477,0,0.0390625,0.03125,0.015625,0,0.0716049,0.736683
52000,k_layernorm,58,128,1.55469,1.17188,0,0,0,0,0,0.761508,0.869347
52000,k_layernorm,59,128,1.51562,1.08594,0,0,0,0,0,0.753969,0.843814
52000,k_layernorm,60,128,1.47656,0.644531,0,0.0234375,0,0,0,0.454868,0.755026
52000,k_layernorm,61,128,1.42188,0.839844,0,0,0,0,0,0.677143,0.853846
52000,k_layernorm,62,128,1.33594,1.07031,0,0,0,0,0,0.807485,0.887134
52000,k_layernorm,63,128,1.1875,0.886719,0,0,0,0,0,0.813026,0.901316
52000,final_layernorm,-1,5120,1.65625,0.902344,0,0,0,0,0,0.962264,0.981132
56000,linear_qkv,0,5120,0.0634766,0.00527954,0,0.00527344,0.0015625,0.000390625,0,0.615385,0.857692
56000,linear_qkv,1,5120,0.378906,0.0625,0,0.000585938,0.000390625,0,0,0.865979,0.92268
56000,linear_qkv,2,5120,0.605469,0.036377,0,0.000976562,0.00078125,0.000195313,0,0.827032,0.935484
56000,linear_qkv,3,5120,0.730469,0.0529785,0,0.00078125,0.000195313,0.000195313,0,0.871658,0.941176
56000,linear_qkv,4,5120,0.753906,0.0546875,0,0.000585938,0.000195313,0.000195313,0,0.860104,0.937824
56000,linear_qkv,5,5120,0.859375,0.0869141,0,0.000585938,0.000195313,0,0,0.868182,0.936364
56000,linear_qkv,6,5120,0.933594,0.175781,0,0.000585938,0.000195313,0,0,0.857741,0.933054
56000,linear_qkv,7,5120,1.10156,0.306641,0,0.000585938,0,0,0,0.87234,0.943262
56000,linear_qkv,8,5120,1.03906,0.203125,0,0.000585938,0.000195313,0,0,0.857143,0.93609
56000,linear_qkv,9,5120,0.96875,0.203125,0,0.000585938,0.000195313,0,0,0.866935,0.939516
56000,linear_qkv,10,5120,0.988281,0.244141,0,0.000585938,0.000195313,0,0,0.87747,0.940711
56000,linear_qkv,11,5120,1.04688,0.287109,0,0.000585938,0,0,0,0.865672,0.940299
56000,linear_qkv,12,5120,0.992188,0.289062,0,0.000585938,0,0,0,0.893701,0.948819
56000,linear_qkv,13,5120,1.03125,0.287109,0,0.000585938,0,0,0,0.886364,0.94697
56000,linear_qkv,14,5120,1,0.375,0,0.000585938,0,0,0,0.887461,0.945312
56000,linear_qkv,15,5120,1.11719,0.482422,0,0.000585938,0,0,0,0.891608,0.951049
56000,linear_qkv,16,5120,1.125,0.597656,0,0,0,0,0,0.902778,0.951389
56000,linear_qkv,17,5120,1.25781,0.714844,0,0,0,0,0,0.913043,0.956522
56000,linear_qkv,18,5120,1.21875,0.578125,0,0.000195313,0,0,0,0.891026,0.948718
56000,linear_qkv,19,5120,1.32812,0.683594,0,0,0,0,0,0.911765,0.952941
56000,linear_qkv,20,5120,1.19531,0.636719,0,0,0,0,0,0.908497,0.954248
56000,linear_qkv,21,5120,1.19531,0.699219,0,0,0,0,0,0.915033,0.954248
56000,linear_qkv,22,5120,1.44531,0.667969,0,0.000195313,0,0,0,0.918919,0.956757
56000,linear_qkv,23,5120,1.4375,0.722656,0,0,0,0,0,0.929348,0.961957
56000,linear_qkv,24,5120,1.39844,0.695312,0,0.000195313,0,0,0,0.932961,0.96648
56000,linear_qkv,25,5120,1.32031,0.511719,0,0.000976562,0,0,0,0.911243,0.95858
56000,linear_qkv,26,5120,1.25781,0.451172,0,0.000585938,0,0,0,0.913043,0.956522
56000,linear_qkv,27,5120,1.50781,0.511719,0,0.000585938,0,0,0,0.906736,0.953368
56000,linear_qkv,28,5120,1.38281,0.384766,0,0.0015625,0,0,0,0.881356,0.943503
56000,linear_qkv,29,5120,1.41406,0.457031,0,0.000976562,0,0,0,0.900552,0.950276
56000,linear_qkv,30,5120,1.57812,0.423828,0,0.000976562,0,0,0,0.89604,0.950495
56000,linear_qkv,31,5120,1.22656,0.275391,0,0.000976562,0.000195313,0,0,0.898089,0.955414
56000,linear_qkv,32,5120,1.35938,0.34375,0,0.00175781,0,0,0,0.908046,0.95977
56000,linear_qkv,33,5120,1.35938,0.28125,0,0.00175781,0.000390625,0,0,0.873563,0.942529
56000,linear_qkv,34,5120,1.55469,0.349609,0,0.00195312,0.000390625,0,0,0.870302,0.939698
56000,linear_qkv,35,5120,1.4375,0.296875,0,0.0015625,0.000195313,0,0,0.88587,0.951087
56000,linear_qkv,36,5120,1.24219,0.265625,0,0.00214844,0.000390625,0,0,0.867925,0.943396
56000,linear_qkv,37,5120,0.890625,0.167969,0,0.00117188,0.000195313,0,0,0.881579,0.942982
56000,linear_qkv,38,5120,1.16406,0.306641,0,0.000390625,0,0,0,0.90604,0.95302
56000,linear_qkv,39,5120,0.953125,0.275391,0,0.000976562,0,0,0,0.886025,0.95082
56000,linear_qkv,40,5120,1.0625,0.246094,0,0.00136719,0.000195313,0,0,0.871324,0.948529
56000,linear_qkv,41,5120,1.00781,0.238281,0,0.00175781,0.000195313,0,0,0.865078,0.945736
56000,linear_qkv,42,5120,0.917969,0.259766,0,0.00136719,0,0,0,0.851064,0.940426
56000,linear_qkv,43,5120,0.960938,0.306641,0,0.0015625,0,0,0,0.841463,0.947154
56000,linear_qkv,44,5120,1.03125,0.269531,0,0.00195312,0,0,0,0.829545,0.94697
56000,linear_qkv,45,5120,1.14062,0.316406,0,0.00136719,0,0,0,0.828767,0.952055
56000,linear_qkv,46,5120,1.20312,0.363281,0,0.0015625,0,0,0,0.812922,0.954545
56000,linear_qkv,47,5120,1.05469,0.453125,0,0.000585938,0,0,0,0.831037,0.944444
56000,linear_qkv,48,5120,1.33594,0.445312,0,0.00136719,0,0,0,0.791696,0.953216
56000,linear_qkv,49,5120,1.27344,0.427734,0,0.00136719,0,0,0,0.787607,0.95092
56000,linear_qkv,50,5120,1.20312,0.445312,0,0.0015625,0,0,0,0.805195,0.954545
56000,linear_qkv,51,5120,1.34375,0.433594,0,0.003125,0,0,0,0.720785,0.947674
56000,linear_qkv,52,5120,1.28906,0.5,0,0.0015625,0,0,0,0.766667,0.957576
56000,linear_qkv,53,5120,1.46094,0.382812,0,0.00585938,0,0,0,0.673797,0.951872
56000,linear_qkv,54,5120,1.34375,0.333984,0,0.00566406,0.000195313,0,0,0.688256,0.947674
56000,linear_qkv,55,5120,1.42188,0.5,0,0.00234375,0,0,0,0.720824,0.945055
56000,linear_qkv,56,5120,1.46094,0.429688,0,0.00429688,0,0,0,0.675321,0.946524
56000,linear_qkv,57,5120,1.375,0.285156,0,0.00566406,0.00078125,0,0,0.650568,0.943182
56000,linear_qkv,58,5120,1.42188,0.396484,0,0.00332031,0,0,0,0.698846,0.945055
56000,linear_qkv,59,5120,1.28125,0.294922,0,0.0046875,0.000390625,0,0,0.668262,0.945122
56000,linear_qkv,60,5120,1.15625,0.429688,0,0.00136719,0,0,0,0.70527,0.939189
56000,linear_qkv,61,5120,1.125,0.474609,0,0.000390625,0,0,0,0.754132,0.9375
56000,linear_qkv,62,5120,1.03125,0.6875,0,0,0,0,0,0.890152,0.954545
56000,linear_qkv,63,5120,0.976562,0.757812,0,0,0,0,0,0.92,0.96
56000,linear_fc1,0,5120,0.523438,0.0264893,0,0.003125,0.000585938,0.000195313,0,0.634328,0.854478
56000,linear_fc1,1,5120,0.875,0.0147705,0,0.00566406,0.00332031,0.0015625,0,0.70875,0.933036
56000,linear_fc1,2,5120,0.910156,0.0133057,0,0.00410156,0.00292969,0.000585938,0,0.879828,0.965665
56000,linear_fc1,3,5120,0.875,0.0222168,0,0.003125,0.00136719,0.000390625,0,0.89817,0.964286
56000,linear_fc1,4,5120,0.84375,0.0101318,0,0.00234375,0.000976562,0.000390625,0,0.898148,0.962963
56000,linear_fc1,5,5120,0.757812,0.0078125,0,0.000976562,0.000390625,0.000390625,0,0.896907,0.958763
56000,linear_fc1,6,5120,0.699219,0.0132446,0,0.000976562,0.000585938,0.000390625,0,0.888268,0.949721
56000,linear_fc1,7,5120,0.667969,0.0252686,0,0.0015625,0.00078125,0.000390625,0,0.883041,0.947368
56000,linear_fc1,8,5120,0.667969,0.0162354,0,0.00136719,0.000585938,0.000390625,0,0.883041,0.947368
56000,linear_fc1,9,5120,0.671875,0.0119629,0,0.00136719,0.000585938,0.000390625,0,0.883721,0.947674
56000,linear_fc1,10,5120,0.65625,0.0201416,0,0.00136719,0.000585938,0.000390625,0,0.886905,0.946429
56000,linear_fc1,11,5120,0.648438,0.013855,0,0.00136719,0.000585938,0.000390625,0,0.89759,0.951807
56000,linear_fc1,12,5120,0.648438,0.0175781,0,0.00136719,0.000585938,0.000390625,0,0.89759,0.951807
56000,linear_fc1,13,5120,0.644531,0.0183105,0,0.00136719,0.000585938,0.000195313,0,0.90303,0.957576
56000,linear_fc1,14,5120,0.628906,0.0205078,0,0.000976562,0.000585938,0.000195313,0,0.900621,0.956522
56000,linear_fc1,15,5120,0.617188,0.0296631,0,0.000976562,0.000390625,0.000195313,0,0.906266,0.955696
56000,linear_fc1,16,5120,0.59375,0.0294189,0,0.000585938,0.000195313,0.000195313,0,0.907895,0.960526
56000,linear_fc1,17,5120,0.570312,0.0595703,0,0.000585938,0.000195313,0,0,0.910959,0.958904
56000,linear_fc1,18,5120,0.5625,0.0429688,0,0.000390625,0.000195313,0.000195313,0,0.909722,0.958333
56000,linear_fc1,19,5120,0.5625,0.0429688,0,0.000195313,0.000195313,0.000195313,0,0.916667,0.958333
56000,linear_fc1,20,5120,0.570312,0.0544434,0,0.000195313,0.000195313,0.000195313,0,0.917808,0.958904
56000,linear_fc1,21,5120,0.570312,0.0515137,0,0.000585938,0.000195313,0.000195313,0,0.917808,0.958904
56000,linear_fc1,22,5120,0.566406,0.0263672,0,0.000976562,0.000390625,0.000195313,0,0.924138,0.965517
56000,linear_fc1,23,5120,0.574219,0.0410156,0,0.000976562,0.000390625,0.000195313,0,0.91966,0.965986
56000,linear_fc1,24,5120,0.585938,0.0275879,0,0.000976562,0.000390625,0.000195313,0,0.926667,0.966667
56000,linear_fc1,25,5120,0.613281,0.026001,0,0.000976562,0.000390625,0.000390625,0,0.923567,0.961783
56000,linear_fc1,26,5120,0.628906,0.0174561,0,0.000976562,0.000585938,0.000390625,0,0.931677,0.968944
56000,linear_fc1,27,5120,0.652344,0.0244141,0,0.00136719,0.00078125,0.000390625,0,0.934132,0.97006
56000,linear_fc1,28,5120,0.671875,0.0129395,0,0.00117188,0.00078125,0.000390625,0,0.936047,0.97093
56000,linear_fc1,29,5120,0.6875,0.00793457,0,0.00117188,0.00078125,0.000390625,0,0.9375,0.977273
56000,linear_fc1,30,5120,0.710938,0.0272217,0,0.00117188,0.000585938,0.000390625,0,0.945055,0.978022
56000,linear_fc1,31,5120,0.734375,0.0187988,0,0.00117188,0.000585938,0.000390625,0,0.941489,0.973404
56000,linear_fc1,32,5120,0.746094,0.0107422,0,0.00117188,0.00078125,0.000390625,0,0.943403,0.979058
56000,linear_fc1,33,5120,0.765625,0.00921631,0,0.00136719,0.000976562,0.000195313,0,0.943878,0.97449
56000,linear_fc1,34,5120,0.785156,0.00643921,0,0.00136719,0.00117188,0.000195313,0.000195313,0.945274,0.9801
56000,linear_fc1,35,5120,0.8125,0.00567627,0,0.0015625,0.00117188,0.000195313,0.000195313,0.947115,0.975962
56000,linear_fc1,36,5120,0.835938,0.00836182,0,0.0015625,0.000976562,0.000195313,0,0.948598,0.981308
56000,linear_fc1,37,5120,0.859375,0.00439453,0,0.00175781,0.000976562,0.000390625,0.000195313,0.933545,0.977273
56000,linear_fc1,38,5120,0.875,0.00592041,0,0.00195312,0.000976562,0.000390625,0.000195313,0.933884,0.977679
56000,linear_fc1,39,5120,0.886719,0.00343323,0,0.00234375,0.000976562,0.000585938,0.000195313,0.930352,0.982379
56000,linear_fc1,40,5120,0.898438,0.0043335,0,0.00234375,0.00117188,0.000390625,0.000195313,0.920696,0.982609
56000,linear_fc1,41,5120,0.914062,0.00686646,0,0.00273437,0.000976562,0.000390625,0.000195313,0.913504,0.978632
56000,linear_fc1,42,5120,0.925781,0.00671387,0,0.00273437,0.000976562,0.000585938,0.000195313,0.895105,0.978903
56000,linear_fc1,43,5120,0.933594,0.00811768,0,0.00292969,0.000976562,0.000585938,0.000195313,0.895188,0.983264
56000,linear_fc1,44,5120,0.941406,0.00549316,0,0.00332031,0.000976562,0.000390625,0.000195313,0.88361,0.979253
56000,linear_fc1,45,5120,0.949219,0.00741577,0,0.00332031,0.000976562,0.000390625,0.000195313,0.893786,0.979424
56000,linear_fc1,46,5120,0.957031,0.00872803,0,0.00371094,0.000976562,0.000390625,0.000195313,0.884735,0.979592
56000,linear_fc1,47,5120,0.960938,0.0117188,0,0.00410156,0.000976562,0.000390625,0,0.874756,0.979675
56000,linear_fc1,48,5120,0.96875,0.00720215,0,0.00410156,0.000976562,0.000390625,0.000195313,0.850806,0.979839
56000,linear_fc1,49,5120,0.980469,0.0240479,0,0.00429688,0.00117188,0.000195313,0,0.828486,0.98008
56000,linear_fc1,50,5120,0.984375,0.0168457,0,0.00449219,0.00117188,0.000195313,0,0.842024,0.980159
56000,linear_fc1,51,5120,0.988281,0.0400391,0,0.00449219,0.000976562,0.000195313,0,0.855257,0.980237
56000,linear_fc1,52,5120,0.992188,0.0461426,0,0.0046875,0.000976562,0.000195313,0,0.866496,0.980315
56000,linear_fc1,53,5120,1,0.0893555,0,0.00410156,0.000976562,0.000195313,0,0.882812,0.980469
56000,linear_fc1,54,5120,1.00781,0.128906,0,0.00429688,0.000390625,0,0,0.900698,0.98062
56000,linear_fc1,55,5120,1.00781,0.100586,0,0.00410156,0.000585938,0.000195313,0,0.903101,0.976744
56000,linear_fc1,56,5120,1.00781,0.119629,0,0.00351562,0.000195313,0,0,0.899225,0.976744
56000,linear_fc1,57,5120,1.01562,0.183594,0,0.00371094,0.000195313,0,0,0.896885,0.976923
56000,linear_fc1,58,5120,1.01562,0.226562,0,0.003125,0.000195313,0,0,0.901462,0.976923
56000,linear_fc1,59,5120,1.01562,0.296875,0,0.00332031,0,0,0,0.883692,0.969231
56000,linear_fc1,60,5120,1.02344,0.294922,0,0.003125,0,0,0,0.870954,0.973282
56000,linear_fc1,61,5120,1.05469,0.357422,0,0.00175781,0,0,0,0.891,0.97037
56000,linear_fc1,62,5120,1.09375,0.519531,0,0.000195313,0,0,0,0.914286,0.964286
56000,linear_fc1,63,5120,1.17188,0.753906,0,0,0,0,0,0.92,0.96
56000,q_layernorm,0,128,1.19531,0.261719,0,0.046875,0.0078125,0,0,0.343219,0.668954
56000,q_layernorm,1,128,1.5625,1.09375,0,0,0,0,0,0.73175,0.87
56000,q_layernorm,2,128,1.55469,0.957031,0,0,0,0,0,0.691156,0.794472
56000,q_layernorm,3,128,1.65625,1.09375,0,0,0,0,0,0.686887,0.762736
56000,q_layernorm,4,128,1.57031,1.03906,0,0,0,0,0,0.685075,0.814428
56000,q_layernorm,5,128,1.51562,0.851562,0,0,0,0,0,0.726804,0.824742
56000,q_layernorm,6,128,1.85938,0.9375,0,0,0,0,0,0.528613,0.747479
56000,q_layernorm,7,128,1.75781,0.0712891,0,0.0390625,0.0390625,0.0390625,0,0.0470972,0.776
56000,q_layernorm,8,128,1.70312,0.285156,0,0.03125,0.0234375,0,0,0.203589,0.813761
56000,q_layernorm,9,128,1.6875,0.0766602,0,0.0234375,0.0234375,0.0078125,0,0.219931,0.756481
56000,q_layernorm,10,128,1.67188,0.777344,0,0.0078125,0,0,0,0.628551,0.816355
56000,q_layernorm,11,128,1.78125,0.484375,0,0.03125,0,0,0,0.304825,0.761842
56000,q_layernorm,12,128,1.65625,0.6875,0,0.0078125,0,0,0,0.605731,0.809906
56000,q_layernorm,13,128,1.625,0.0319824,0,0.03125,0.015625,0.015625,0,0.164005,0.777404
56000,q_layernorm,14,128,1.54688,0.394531,0,0.03125,0,0,0,0.369545,0.792929
56000,q_layernorm,15,128,1.71094,0.273438,0,0.03125,0.0078125,0,0,0.420639,0.822831
56000,q_layernorm,16,128,1.52344,0.597656,0,0.015625,0,0,0,0.504282,0.80359
56000,q_layernorm,17,128,1.75,0.9375,0,0,0,0,0,0.554174,0.766518
56000,q_layernorm,18,128,1.75781,0.19043,0,0.046875,0.03125,0,0,0.126056,0.736444
56000,q_layernorm,19,128,1.86719,0.147461,0,0.0546875,0.0234375,0.0078125,0,0.210356,0.722176
56000,q_layernorm,20,128,1.6875,0.0395508,0,0.046875,0.03125,0.0234375,0,0.0695139,0.709259
56000,q_layernorm,21,128,1.70312,0.0397949,0,0.0703125,0.0390625,0.015625,0,0.051822,0.648624
56000,q_layernorm,22,128,1.82812,0.00537109,0,0.0859375,0.0703125,0.0625,0.015625,0.00710771,0.707265
56000,q_layernorm,23,128,1.72656,0.0869141,0,0.03125,0.0078125,0.0078125,0,0.407466,0.728959
56000,q_layernorm,24,128,1.6875,0.410156,0,0.03125,0.0078125,0,0,0.407083,0.77963
56000,q_layernorm,25,128,1.75,0.0255127,0,0.101562,0.078125,0.0703125,0,0.025519,0.495536
56000,q_layernorm,26,128,1.59375,0.0308838,0,0.171875,0.148438,0.125,0,0.0240211,0.0709252
56000,q_layernorm,27,128,1.71094,0.0224609,0,0.101562,0.0546875,0.046875,0,0.027871,0.54726
56000,q_layernorm,28,128,1.59375,0.00379944,0.0078125,0.171875,0.164062,0.117188,0.0078125,0.0294455,0.0813726
56000,q_layernorm,29,128,1.66406,0.0234375,0,0.132812,0.125,0.078125,0,0.0188674,0.150528
56000,q_layernorm,30,128,1.625,0.0124512,0,0.0859375,0.0390625,0.03125,0.015625,0.0203816,0.677885
56000,q_layernorm,31,128,1.57812,0.0668945,0,0.132812,0.0859375,0.046875,0,0.0622865,0.286757
56000,q_layernorm,32,128,1.66406,0.0654297,0,0.046875,0.0390625,0.0234375,0,0.051071,0.735681
56000,q_layernorm,33,128,1.58594,0.0229492,0,0.242188,0.195312,0.0859375,0,0.0249677,0.108621
56000,q_layernorm,34,128,1.65625,0.0119019,0,0.15625,0.140625,0.109375,0.0078125,0.0188156,0.0992924
56000,q_layernorm,35,128,1.6875,0.0449219,0,0.0625,0.046875,0.03125,0,0.0746991,0.676389
56000,q_layernorm,36,128,1.625,0.0458984,0,0.125,0.101562,0.03125,0,0.0588041,0.267428
56000,q_layernorm,37,128,1.42188,0.380859,0,0.101562,0,0,0,0.361374,0.521429
56000,q_layernorm,38,128,1.63281,1.16406,0,0,0,0,0,0.811196,0.907655
56000,q_layernorm,39,128,1.50781,0.609375,0,0.015625,0,0,0,0.45601,0.675648
56000,q_layernorm,40,128,1.57031,0.189453,0,0.1875,0.0625,0,0,0.148899,0.355721
56000,q_layernorm,41,128,1.53906,0.289062,0,0.164062,0.0234375,0,0,0.200089,0.393909
56000,q_layernorm,42,128,1.39844,0.433594,0,0.1875,0,0,0,0.322737,0.412849
56000,q_layernorm,43,128,1.41406,0.498047,0,0.125,0,0,0,0.389945,0.475691
56000,q_layernorm,44,128,1.50781,0.34375,0,0.257812,0.0234375,0,0,0.242927,0.307513
56000,q_layernorm,45,128,1.53906,0.102051,0,0.234375,0.179688,0.015625,0,0.084908,0.151079
56000,q_layernorm,46,128,1.5625,0.0795898,0,0.171875,0.117188,0.046875,0,0.0578562,0.182875
56000,q_layernorm,47,128,1.46875,0.155273,0,0.195312,0.15625,0,0,0.114415,0.205585
56000,q_layernorm,48,128,1.64062,0.0839844,0,0.101562,0.09375,0.0625,0,0.0530565,0.53619
56000,q_layernorm,49,128,1.5,0.0270996,0,0.140625,0.125,0.09375,0,0.0253597,0.121094
56000,q_layernorm,50,128,1.50781,0.220703,0,0.0390625,0.03125,0,0,0.171587,0.766839
56000,q_layernorm,51,128,1.60938,0.00588989,0,0.0859375,0.0546875,0.0234375,0.0078125,0.0695843,0.542961
56000,q_layernorm,52,128,1.55469,0.121094,0,0.015625,0.015625,0.0078125,0,0.305201,0.817588
56000,q_layernorm,53,128,1.60156,0.0722656,0,0.125,0.09375,0.0625,0,0.0581646,0.275366
56000,q_layernorm,54,128,1.53125,0.0717773,0,0.179688,0.132812,0.0546875,0,0.063243,0.162245
56000,q_layernorm,55,128,1.57031,0.679688,0,0.015625,0,0,0,0.494204,0.816418
56000,q_layernorm,56,128,1.60156,0.34375,0,0.015625,0.0078125,0,0,0.484634,0.808293
56000,q_layernorm,57,128,1.5625,0.0507812,0,0.0390625,0.03125,0.0234375,0,0.0542125,0.7785
56000,q_layernorm,58,128,1.60938,1.14062,0,0,0,0,0,0.752816,0.888835
56000,q_layernorm,59,128,1.53906,1.02344,0,0,0,0,0,0.756345,0.861421
56000,q_layernorm,60,128,1.48438,0.957031,0,0,0,0,0,0.701842,0.837368
56000,q_layernorm,61,128,1.46875,0.929688,0,0,0,0,0,0.713191,0.835638
56000,q_layernorm,62,128,1.35938,1.07812,0,0,0,0,0,0.816552,0.866092
56000,q_layernorm,63,128,1.1875,0.851562,0,0,0,0,0,0.793553,0.9125
56000,k_layernorm,0,128,1.24219,0.208008,0,0.0625,0.015625,0,0,0.280943,0.549371
56000,k_layernorm,1,128,1.54688,1.00781,0,0,0,0,0,0.786919,0.873737
56000,k_layernorm,2,128,1.54688,0.925781,0,0,0,0,0,0.645429,0.791414
56000,k_layernorm,3,128,1.6875,0.808594,0,0.0078125,0,0,0,0.576366,0.711574
56000,k_layernorm,4,128,1.5625,0.882812,0,0,0,0,0,0.617425,0.755
56000,k_layernorm,5,128,1.5,1.03906,0,0,0,0,0,0.713958,0.807292
56000,k_layernorm,6,128,1.85938,0.734375,0,0.0078125,0,0,0,0.559832,0.732773
56000,k_layernorm,7,128,1.71875,0.0213623,0,0.0625,0.03125,0.03125,0,0.0537358,0.706364
56000,k_layernorm,8,128,1.67969,0.130859,0,0.0390625,0.015625,0.0078125,0,0.239058,0.775349
56000,k_layernorm,9,128,1.64844,0.0849609,0,0.046875,0.0234375,0.015625,0,0.107616,0.710427
56000,k_layernorm,10,128,1.66406,0.679688,0,0.0078125,0,0,0,0.539014,0.741784
56000,k_layernorm,11,128,1.74219,0.255859,0,0.0625,0.0078125,0,0,0.284652,0.669955
56000,k_layernorm,12,128,1.59375,0.925781,0,0,0,0,0,0.638578,0.822059
56000,k_layernorm,13,128,1.61719,0.0664062,0,0.0390625,0.015625,0.0078125,0,0.176159,0.758454
56000,k_layernorm,14,128,1.54688,0.131836,0,0.0234375,0.015625,0.015625,0,0.185461,0.719697
56000,k_layernorm,15,128,1.6875,0.291016,0,0.015625,0.0078125,0,0,0.43044,0.748611
56000,k_layernorm,16,128,1.53125,0.412109,0,0.046875,0,0,0,0.296531,0.760204
56000,k_layernorm,17,128,1.74219,0.667969,0,0.0078125,0,0,0,0.517018,0.73991
56000,k_layernorm,18,128,1.71875,0.032959,0,0.09375,0.0390625,0.03125,0,0.0280724,0.638182
56000,k_layernorm,19,128,1.82031,0.032959,0,0.0625,0.0390625,0.015625,0,0.0881223,0.659657
56000,k_layernorm,20,128,1.66406,0.0305176,0,0.0625,0.0390625,0.03125,0,0.024485,0.684038
56000,k_layernorm,21,128,1.70312,0.00799561,0,0.078125,0.046875,0.03125,0.0078125,0.0468865,0.580505
56000,k_layernorm,22,128,1.76562,0.0123901,0,0.09375,0.0703125,0.0546875,0.0078125,0.0226694,0.512611
56000,k_layernorm,23,128,1.72656,0.0869141,0,0.0546875,0.015625,0.015625,0,0.128179,0.702715
56000,k_layernorm,24,128,1.64062,0.00762939,0,0.0390625,0.015625,0.0078125,0.0078125,0.224095,0.804762
56000,k_layernorm,25,128,1.70312,0.0354004,0.0078125,0.132812,0.101562,0.0625,0,0.0317259,0.280619
56000,k_layernorm,26,128,1.63281,0.0257568,0,0.203125,0.15625,0.117188,0,0.0233373,0.0836124
56000,k_layernorm,27,128,1.70312,0.0025177,0,0.125,0.0859375,0.0546875,0.015625,0.00514711,0.363991
56000,k_layernorm,28,128,1.60156,0.046875,0,0.234375,0.171875,0.109375,0,0.0321463,0.0871341
56000,k_layernorm,29,128,1.66406,0.0383301,0,0.1875,0.15625,0.0859375,0,0.0348797,0.121655
56000,k_layernorm,30,128,1.60938,0.00405884,0,0.117188,0.0625,0.0390625,0.0078125,0.0225053,0.42767
56000,k_layernorm,31,128,1.5625,0.0976562,0,0.179688,0.109375,0.03125,0,0.0678,0.244
56000,k_layernorm,32,128,1.66406,0.0505371,0,0.09375,0.0625,0.03125,0,0.0447271,0.534977
56000,k_layernorm,33,128,1.60156,0.0708008,0,0.296875,0.203125,0.109375,0,0.0624329,0.0929268
56000,k_layernorm,34,128,1.65625,0.0305176,0,0.210938,0.1875,0.09375,0,0.0237795,0.102005
56000,k_layernorm,35,128,1.69531,0.0390625,0,0.164062,0.0859375,0.0390625,0,0.0349381,0.323733
56000,k_layernorm,36,128,1.64062,0.100098,0,0.1875,0.132812,0.0390625,0,0.0755298,0.189881
56000,k_layernorm,37,128,1.39844,0.484375,0,0.101562,0,0,0,0.355196,0.498324
56000,k_layernorm,38,128,1.60938,0.691406,0,0.0078125,0,0,0,0.633471,0.841748
56000,k_layernorm,39,128,1.48438,0.345703,0,0.0625,0.0078125,0,0,0.400711,0.607895
56000,k_layernorm,40,128,1.52344,0.208984,0,0.210938,0.0546875,0,0,0.180346,0.341026
56000,k_layernorm,41,128,1.53906,0.296875,0,0.21875,0.0234375,0,0,0.229074,0.367259
56000,k_layernorm,42,128,1.38281,0.435547,0,0.21875,0,0,0,0.316766,0.434181
56000,k_layernorm,43,128,1.42188,0.351562,0,0.195312,0.0078125,0,0,0.255865,0.372802
56000,k_layernorm,44,128,1.49219,0.335938,0,0.265625,0.0078125,0,0,0.263298,0.313613
56000,k_layernorm,45,128,1.53906,0.111328,0,0.257812,0.148438,0.046875,0,0.0777951,0.149175
56000,k_layernorm,46,128,1.5625,0.0571289,0,0.226562,0.148438,0.046875,0,0.0683687,0.163
56000,k_layernorm,47,128,1.46875,0.136719,0,0.21875,0.132812,0.015625,0,0.0979721,0.203191
56000,k_layernorm,48,128,1.63281,0.0488281,0,0.15625,0.109375,0.0625,0,0.0446516,0.155383
56000,k_layernorm,49,128,1.50781,0.000679016,0,0.179688,0.132812,0.0859375,0.0078125,0.0387549,0.139119
56000,k_layernorm,50,128,1.50781,0.157227,0,0.0546875,0.03125,0,0,0.131308,0.735233
56000,k_layernorm,51,128,1.59375,0.029541,0,0.148438,0.09375,0.0390625,0,0.0288618,0.306127
56000,k_layernorm,52,128,1.57031,0.0615234,0,0.0546875,0.03125,0.0078125,0,0.19204,0.602488
56000,k_layernorm,53,128,1.60938,0.0480957,0,0.171875,0.101562,0.0859375,0,0.0629642,0.289442
56000,k_layernorm,54,128,1.53906,0.0698242,0,0.203125,0.148438,0.0625,0,0.055165,0.131853
56000,k_layernorm,55,128,1.5625,0.209961,0,0.0390625,0.0234375,0,0,0.158737,0.7525
56000,k_layernorm,56,128,1.58594,0.0349121,0,0.0234375,0.0078125,0.0078125,0,0.290148,0.738916
56000,k_layernorm,57,128,1.5625,0.0693359,0,0.0390625,0.03125,0.015625,0,0.0693625,0.726
56000,k_layernorm,58,128,1.57031,1.16406,0,0,0,0,0,0.745323,0.860697
56000,k_layernorm,59,128,1.52344,1.07031,0,0,0,0,0,0.744974,0.837949
56000,k_layernorm,60,128,1.49219,0.625,0,0.0390625,0,0,0,0.434895,0.74712
56000,k_layernorm,61,128,1.42969,0.816406,0,0,0,0,0,0.669454,0.84918
56000,k_layernorm,62,128,1.34375,1.0625,0,0,0,0,0,0.802791,0.877907
56000,k_layernorm,63,128,1.1875,0.875,0,0,0,0,0,0.805822,0.899342
56000,final_layernorm,-1,5120,1.64844,0.71875,0,0.000195313,0,0,0,0.966825,0.981043
57940,linear_qkv,0,5120,0.0612793,0.00473022,0,0.00488281,0.0015625,0.000195313,0,0.621514,0.856574
57940,linear_qkv,1,5120,0.369141,0.0620117,0,0.000585938,0.000390625,0,0,0.862434,0.920635
57940,linear_qkv,2,5120,0.59375,0.0380859,0,0.000976562,0.00078125,0.000195313,0,0.829572,0.934211
57940,linear_qkv,3,5120,0.722656,0.0517578,0,0.00078125,0.000195313,0.000195313,0,0.87027,0.940541
57940,linear_qkv,4,5120,0.75,0.0546875,0,0.000585938,0.000195313,0.000195313,0,0.864583,0.932292
57940,linear_qkv,5,5120,0.855469,0.0844727,0,0.000585938,0.000195313,0.000195313,0,0.86758,0.936073
57940,linear_qkv,6,5120,0.925781,0.167969,0,0.000585938,0.000195313,0,0,0.857342,0.932489
57940,linear_qkv,7,5120,1.10156,0.292969,0,0.000585938,0,0,0,0.87234,0.93617
57940,linear_qkv,8,5120,1.03125,0.198242,0,0.000585938,0.000195313,0,0,0.859848,0.939394
57940,linear_qkv,9,5120,0.96875,0.197266,0,0.000585938,0.000195313,0,0,0.862903,0.935484
57940,linear_qkv,10,5120,0.984375,0.237305,0,0.000585938,0.000195313,0,0,0.87377,0.940476
57940,linear_qkv,11,5120,1.04688,0.287109,0,0.000585938,0,0,0,0.86194,0.936567
57940,linear_qkv,12,5120,0.988281,0.28125,0,0.000585938,0,0,0,0.893281,0.952569
57940,linear_qkv,13,5120,1.03125,0.279297,0,0.000585938,0,0,0,0.886364,0.94697
57940,linear_qkv,14,5120,1,0.371094,0,0.000585938,0,0,0,0.890625,0.949219
57940,linear_qkv,15,5120,1.11719,0.476562,0,0.000585938,0,0,0,0.888776,0.951049
57940,linear_qkv,16,5120,1.125,0.59375,0,0,0,0,0,0.902778,0.958333
57940,linear_qkv,17,5120,1.25781,0.710938,0,0,0,0,0,0.913043,0.956522
57940,linear_qkv,18,5120,1.21875,0.578125,0,0.000195313,0,0,0,0.891026,0.948718
57940,linear_qkv,19,5120,1.32812,0.679688,0,0,0,0,0,0.911765,0.958824
57940,linear_qkv,20,5120,1.20312,0.640625,0,0,0,0,0,0.909091,0.954545
57940,linear_qkv,21,5120,1.19531,0.699219,0,0,0,0,0,0.921569,0.960784
57940,linear_qkv,22,5120,1.45312,0.667969,0,0.000195313,0,0,0,0.919355,0.956989
57940,linear_qkv,23,5120,1.44531,0.722656,0,0,0,0,0,0.92973,0.962162
57940,linear_qkv,24,5120,1.40625,0.695312,0,0.000195313,0,0,0,0.933333,0.966667
57940,linear_qkv,25,5120,1.32812,0.511719,0,0.000976562,0,0,0,0.917647,0.958824
57940,linear_qkv,26,5120,1.26562,0.451172,0,0.000585938,0,0,0,0.91358,0.95679
57940,linear_qkv,27,5120,1.52344,0.507812,0,0.000585938,0,0,0,0.902564,0.953846
57940,linear_qkv,28,5120,1.39062,0.380859,0,0.0015625,0,0,0,0.882022,0.94382
57940,linear_qkv,29,5120,1.42188,0.449219,0,0.000976562,0,0,0,0.901099,0.950549
57940,linear_qkv,30,5120,1.59375,0.416016,0,0.000976562,0,0,0,0.897059,0.95098
57940,linear_qkv,31,5120,1.24219,0.267578,0,0.000976562,0.000195313,0,0,0.893082,0.955975
57940,linear_qkv,32,5120,1.375,0.335938,0,0.00175781,0.000390625,0,0,0.909091,0.954545
57940,linear_qkv,33,5120,1.375,0.273438,0,0.00195312,0.000390625,0,0,0.869318,0.9375
57940,linear_qkv,34,5120,1.57031,0.339844,0,0.00195312,0.000390625,0,0,0.871592,0.945274
57940,linear_qkv,35,5120,1.45312,0.291016,0,0.0015625,0.000195313,0,0,0.887097,0.951613
57940,linear_qkv,36,5120,1.25,0.259766,0,0.00214844,0.000390625,0,0,0.875,0.95
57940,linear_qkv,37,5120,0.894531,0.166016,0,0.00117188,0.000195313,0,0,0.886463,0.947598
57940,linear_qkv,38,5120,1.17188,0.294922,0,0.000390625,0,0,0,0.906667,0.96
57940,linear_qkv,39,5120,0.960938,0.267578,0,0.00117188,0,0,0,0.890244,0.95122
57940,linear_qkv,40,5120,1.07031,0.245117,0,0.00136719,0.000195313,0,0,0.869307,0.948905
57940,linear_qkv,41,5120,1.01562,0.237305,0,0.00195312,0.000195313,0,0,0.861538,0.946154
57940,linear_qkv,42,5120,0.925781,0.263672,0,0.0015625,0,0,0,0.843882,0.940928
57940,linear_qkv,43,5120,0.96875,0.308594,0,0.0015625,0,0,0,0.84754,0.943548
57940,linear_qkv,44,5120,1.03906,0.267578,0,0.00195312,0,0,0,0.830827,0.947368
57940,linear_qkv,45,5120,1.14844,0.314453,0,0.00136719,0,0,0,0.823129,0.952381
57940,linear_qkv,46,5120,1.21875,0.363281,0,0.0015625,0,0,0,0.806314,0.955128
57940,linear_qkv,47,5120,1.0625,0.451172,0,0.000585938,0,0,0,0.828603,0.941176
57940,linear_qkv,48,5120,1.35156,0.445312,0,0.00136719,0,0,0,0.793006,0.953757
57940,linear_qkv,49,5120,1.28906,0.427734,0,0.00136719,0,0,0,0.790182,0.951515
57940,linear_qkv,50,5120,1.21094,0.443359,0,0.0015625,0,0,0,0.803839,0.954839
57940,linear_qkv,51,5120,1.35938,0.441406,0,0.00332031,0,0,0,0.716609,0.948276
57940,linear_qkv,52,5120,1.3125,0.503906,0,0.0015625,0,0,0,0.757083,0.952381
57940,linear_qkv,53,5120,1.48438,0.359375,0,0.00585938,0.000195313,0,0,0.678947,0.952632
57940,linear_qkv,54,5120,1.35938,0.316406,0,0.00546875,0.000195313,0,0,0.693075,0.948276
57940,linear_qkv,55,5120,1.4375,0.492188,0,0.00234375,0,0,0,0.728261,0.945652
57940,linear_qkv,56,5120,1.47656,0.414062,0,0.0046875,0,0,0,0.679259,0.952381
57940,linear_qkv,57,5120,1.38281,0.28125,0,0.00605469,0.00078125,0,0,0.650254,0.943503
57940,linear_qkv,58,5120,1.4375,0.394531,0,0.00351562,0,0,0,0.70212,0.945652
57940,linear_qkv,59,5120,1.29688,0.28125,0,0.0046875,0.000390625,0,0,0.663795,0.939759
57940,linear_qkv,60,5120,1.15625,0.416016,0,0.0015625,0,0,0,0.702703,0.945946
57940,linear_qkv,61,5120,1.125,0.464844,0,0.000585938,0,0,0,0.754132,0.9375
57940,linear_qkv,62,5120,1.03125,0.679688,0,0,0,0,0,0.890152,0.958333
57940,linear_qkv,63,5120,0.980469,0.753906,0,0,0,0,0,0.916335,0.956175
57940,linear_fc1,0,5120,0.515625,0.0263672,0,0.003125,0.000585938,0.000195313,0,0.636364,0.852273
57940,linear_fc1,1,5120,0.878906,0.0163574,0,0.00566406,0.00332031,0.0015625,0,0.72,0.928889
57940,linear_fc1,2,5120,0.898438,0.0145264,0,0.00410156,0.00292969,0.000585938,0,0.882609,0.96087
57940,linear_fc1,3,5120,0.871094,0.0223389,0,0.003125,0.00136719,0.000390625,0,0.901345,0.964126
57940,linear_fc1,4,5120,0.84375,0.0103149,0,0.00234375,0.000976562,0.000390625,0,0.894398,0.958333
57940,linear_fc1,5,5120,0.757812,0.00982666,0,0.000976562,0.000390625,0.000390625,0,0.896907,0.958763
57940,linear_fc1,6,5120,0.699219,0.0144653,0,0.000976562,0.000585938,0.000390625,0,0.888268,0.949721
57940,linear_fc1,7,5120,0.667969,0.026123,0,0.0015625,0.00078125,0.000390625,0,0.877193,0.947368
57940,linear_fc1,8,5120,0.667969,0.0162354,0,0.00136719,0.000585938,0.000390625,0,0.883041,0.947368
57940,linear_fc1,9,5120,0.671875,0.0117798,0,0.00136719,0.000585938,0.000390625,0,0.883721,0.947674
57940,linear_fc1,10,5120,0.652344,0.0202637,0,0.00136719,0.000585938,0.000390625,0,0.886228,0.952096
57940,linear_fc1,11,5120,0.648438,0.0134888,0,0.00136719,0.000585938,0.000390625,0,0.891566,0.951807
57940,linear_fc1,12,5120,0.644531,0.0169678,0,0.00136719,0.000585938,0.000390625,0,0.90303,0.957576
57940,linear_fc1,13,5120,0.640625,0.0178223,0,0.00136719,0.000585938,0.000195313,0,0.902439,0.957317
57940,linear_fc1,14,5120,0.625,0.0198975,0,0.000976562,0.000585938,0.000195313,0,0.9,0.95625
57940,linear_fc1,15,5120,0.613281,0.0285645,0,0.000976562,0.000390625,0.000195313,0,0.910828,0.961783
57940,linear_fc1,16,5120,0.589844,0.0280762,0,0.00078125,0.000195313,0.000195313,0,0.907285,0.960265
57940,linear_fc1,17,5120,0.566406,0.0566406,0,0.000585938,0.000195313,0,0,0.910345,0.958621
57940,linear_fc1,18,5120,0.558594,0.041748,0,0.000390625,0.000195313,0.000195313,0,0.909091,0.958042
57940,linear_fc1,19,5120,0.558594,0.0427246,0,0.000195313,0.000195313,0.000195313,0,0.91042,0.958042
57940,linear_fc1,20,5120,0.566406,0.0529785,0,0.000195313,0.000195313,0.000195313,0,0.917241,0.958621
57940,linear_fc1,21,5120,0.566406,0.048584,0,0.000585938,0.000195313,0.000195313,0,0.917241,0.958621
57940,linear_fc1,22,5120,0.5625,0.0247803,0,0.000976562,0.000390625,0.000195313,0,0.923611,0.965278
57940,linear_fc1,23,5120,0.570312,0.0400391,0,0.000976562,0.000390625,0.000195313,0,0.924658,0.965753
57940,linear_fc1,24,5120,0.582031,0.0268555,0,0.000976562,0.000390625,0.000195313,0,0.92745,0.966443
57940,linear_fc1,25,5120,0.609375,0.0258789,0,0.000976562,0.000390625,0.000390625,0,0.923077,0.967949
57940,linear_fc1,26,5120,0.628906,0.0170898,0,0.000976562,0.000585938,0.000390625,0,0.925466,0.968944
57940,linear_fc1,27,5120,0.648438,0.0245361,0,0.00136719,0.00078125,0.000390625,0,0.933735,0.96988
57940,linear_fc1,28,5120,0.671875,0.0128174,0,0.00117188,0.00078125,0.000390625,0,0.930233,0.97093
57940,linear_fc1,29,5120,0.6875,0.00878906,0,0.00117188,0.00078125,0.000390625,0,0.9375,0.971591
57940,linear_fc1,30,5120,0.710938,0.0262451,0,0.00117188,0.000585938,0.000390625,0,0.93956,0.972527
57940,linear_fc1,31,5120,0.734375,0.0195312,0,0.00117188,0.000585938,0.000390625,0,0.941489,0.973404
57940,linear_fc1,32,5120,0.746094,0.0106201,0,0.00117188,0.00078125,0.000390625,0,0.942408,0.973822
57940,linear_fc1,33,5120,0.761719,0.0107422,0,0.00136719,0.000976562,0.000195313,0,0.948718,0.979487
57940,linear_fc1,34,5120,0.785156,0.00640869,0,0.0015625,0.00117188,0.000195313,0.000195313,0.941244,0.975124
57940,linear_fc1,35,5120,0.808594,0.0062561,0,0.00175781,0.00117188,0.000195313,0.000195313,0.94686,0.980676
57940,linear_fc1,36,5120,0.835938,0.00805664,0,0.0015625,0.000976562,0.000195313,0.000195313,0.943925,0.981308
57940,linear_fc1,37,5120,0.855469,0.00305176,0,0.00175781,0.000976562,0.000390625,0.000195313,0.940639,0.981735
57940,linear_fc1,38,5120,0.871094,0.00759888,0,0.00195312,0.000976562,0.000390625,0.000195313,0.941704,0.982063
57940,linear_fc1,39,5120,0.886719,0.00248718,0,0.00234375,0.000976562,0.000585938,0.000195313,0.925947,0.977974
57940,linear_fc1,40,5120,0.898438,0.00439453,0,0.00234375,0.00117188,0.000390625,0.000195313,0.916348,0.982609
57940,linear_fc1,41,5120,0.910156,0.00616455,0,0.00273437,0.000976562,0.000390625,0.000195313,0.921717,0.982833
57940,linear_fc1,42,5120,0.921875,0.00610352,0,0.00273437,0.000976562,0.000585938,0.000195313,0.906568,0.983051
57940,linear_fc1,43,5120,0.933594,0.00799561,0,0.00292969,0.000976562,0.000390625,0.000195313,0.888619,0.979079
57940,linear_fc1,44,5120,0.941406,0.00640869,0,0.00332031,0.000976562,0.000390625,0.000195313,0.875311,0.979253
57940,linear_fc1,45,5120,0.945312,0.0065918,0,0.00351562,0.000976562,0.000390625,0.000195313,0.889008,0.983471
57940,linear_fc1,46,5120,0.953125,0.00952148,0,0.00371094,0.000976562,0.000390625,0.000195313,0.886803,0.983607
57940,linear_fc1,47,5120,0.960938,0.0116577,0,0.00390625,0.000976562,0.000390625,0,0.886951,0.979675
57940,linear_fc1,48,5120,0.964844,0.0078125,0,0.00410156,0.000976562,0.000390625,0.000195313,0.860607,0.983806
57940,linear_fc1,49,5120,0.976562,0.026123,0,0.00410156,0.000976562,0.000195313,0,0.84152,0.98
57940,linear_fc1,50,5120,0.984375,0.0187988,0,0.00449219,0.00117188,0.000195313,0,0.837302,0.980159
57940,linear_fc1,51,5120,0.988281,0.0407715,0,0.0046875,0.00117188,0.000195313,0,0.852806,0.980237
57940,linear_fc1,52,5120,0.992188,0.0471191,0,0.00507812,0.000976562,0.000195313,0,0.868386,0.980315
57940,linear_fc1,53,5120,1,0.090332,0,0.00429688,0.000585938,0.000195313,0,0.880391,0.980469
57940,linear_fc1,54,5120,1.00781,0.128906,0,0.00449219,0.000585938,0,0,0.903837,0.98062
57940,linear_fc1,55,5120,1.00781,0.102539,0,0.00390625,0.000390625,0,0,0.906977,0.976744
57940,linear_fc1,56,5120,1.00781,0.121094,0,0.003125,0.000195313,0,0,0.904574,0.976744
57940,linear_fc1,57,5120,1.01562,0.180664,0,0.00371094,0.000195313,0,0,0.905308,0.976923
57940,linear_fc1,58,5120,1.01562,0.223633,0,0.00332031,0.000195313,0,0,0.896885,0.976923
57940,linear_fc1,59,5120,1.01562,0.283203,0,0.00390625,0,0,0,0.893038,0.973077
57940,linear_fc1,60,5120,1.02344,0.283203,0,0.00332031,0,0,0,0.866221,0.973282
57940,linear_fc1,61,5120,1.05469,0.341797,0,0.00175781,0,0,0,0.896296,0.97037
57940,linear_fc1,62,5120,1.09375,0.511719,0,0.000195313,0,0,0,0.921429,0.964286
57940,linear_fc1,63,5120,1.17188,0.742188,0,0,0,0,0,0.92,0.96
57940,q_layernorm,0,128,1.20312,0.261719,0,0.046875,0.0078125,0,0,0.331948,0.661364
57940,q_layernorm,1,128,1.57031,1.07812,0,0,0,0,0,0.729453,0.865672
57940,q_layernorm,2,128,1.55469,0.945312,0,0,0,0,0,0.691156,0.791457
57940,q_layernorm,3,128,1.65625,1.09375,0,0,0,0,0,0.68816,0.764151
57940,q_layernorm,4,128,1.57031,1.03906,0,0,0,0,0,0.685075,0.812935
57940,q_layernorm,5,128,1.51562,0.835938,0,0,0,0,0,0.725825,0.82835
57940,q_layernorm,6,128,1.86719,0.933594,0,0,0,0,0,0.527531,0.748536
57940,q_layernorm,7,128,1.75781,0.0522461,0,0.0390625,0.0390625,0.0390625,0,0.0470667,0.777333
57940,q_layernorm,8,128,1.71094,0.275391,0,0.03125,0.0234375,0,0,0.20016,0.811416
57940,q_layernorm,9,128,1.6875,0.0712891,0,0.0234375,0.0234375,0.0078125,0,0.214236,0.75787
57940,q_layernorm,10,128,1.67188,0.757812,0,0.0078125,0,0,0,0.623878,0.819626
57940,q_layernorm,11,128,1.78906,0.470703,0,0.03125,0,0,0,0.297533,0.761572
57940,q_layernorm,12,128,1.66406,0.667969,0,0.0078125,0,0,0,0.601174,0.806103
57940,q_layernorm,13,128,1.625,0.0303955,0,0.03125,0.015625,0.015625,0,0.166208,0.778846
57940,q_layernorm,14,128,1.5625,0.376953,0,0.03125,0.0078125,0,0,0.357875,0.79
57940,q_layernorm,15,128,1.71875,0.255859,0,0.03125,0.0078125,0,0,0.414182,0.819091
57940,q_layernorm,16,128,1.53125,0.574219,0,0.015625,0,0,0,0.491505,0.80102
57940,q_layernorm,17,128,1.75,0.921875,0,0,0,0,0,0.550312,0.769643
57940,q_layernorm,18,128,1.75781,0.195312,0,0.046875,0.03125,0,0,0.123022,0.736444
57940,q_layernorm,19,128,1.875,0.147461,0,0.0546875,0.0234375,0.0078125,0,0.205031,0.722083
57940,q_layernorm,20,128,1.69531,0.0393066,0,0.046875,0.03125,0.0234375,0,0.0648128,0.710599
57940,q_layernorm,21,128,1.70312,0.0400391,0,0.0703125,0.0390625,0.015625,0,0.0499054,0.656422
57940,q_layernorm,22,128,1.83594,0.000747681,0,0.0859375,0.0703125,0.0625,0.015625,0.00944747,0.708511
57940,q_layernorm,23,128,1.73438,0.0791016,0,0.03125,0.0078125,0.0078125,0,0.401126,0.725676
57940,q_layernorm,24,128,1.69531,0.402344,0,0.03125,0.0078125,0,0,0.403525,0.776037
57940,q_layernorm,25,128,1.75,0.0253906,0,0.101562,0.078125,0.0703125,0,0.0304953,0.503125
57940,q_layernorm,26,128,1.60156,0.024292,0,0.171875,0.148438,0.125,0,0.0219177,0.0742073
57940,q_layernorm,27,128,1.71094,0.0174561,0,0.09375,0.0546875,0.046875,0,0.0303796,0.55274
57940,q_layernorm,28,128,1.60156,0.0105591,0.0078125,0.171875,0.164062,0.117188,0.0078125,0.0346753,0.0843902
57940,q_layernorm,29,128,1.67969,0.0130005,0,0.132812,0.125,0.0859375,0.0078125,0.0180094,0.149244
57940,q_layernorm,30,128,1.625,0.00592041,0,0.078125,0.0390625,0.03125,0.0078125,0.0202261,0.68125
57940,q_layernorm,31,128,1.58594,0.0766602,0,0.132812,0.0859375,0.046875,0,0.0634698,0.285961
57940,q_layernorm,32,128,1.67188,0.0717773,0,0.046875,0.0390625,0.0234375,0,0.0473832,0.740187
57940,q_layernorm,33,128,1.59375,0.0169678,0,0.242188,0.195312,0.09375,0,0.0169041,0.103186
57940,q_layernorm,34,128,1.65625,0.0283203,0,0.15625,0.140625,0.101562,0,0.0227241,0.102358
57940,q_layernorm,35,128,1.69531,0.0358887,0,0.0625,0.046875,0.03125,0,0.0630501,0.681106
57940,q_layernorm,36,128,1.63281,0.0480957,0,0.125,0.101562,0.03125,0,0.0564055,0.260287
57940,q_layernorm,37,128,1.42969,0.355469,0,0.09375,0.0078125,0,0,0.35194,0.517213
57940,q_layernorm,38,128,1.64062,1.14844,0,0,0,0,0,0.806048,0.908095
57940,q_layernorm,39,128,1.51562,0.589844,0,0.0234375,0,0,0,0.442655,0.672165
57940,q_layernorm,40,128,1.57031,0.177734,0,0.1875,0.0625,0,0,0.135199,0.352736
57940,q_layernorm,41,128,1.54688,0.269531,0,0.164062,0.0234375,0,0,0.18447,0.394697
57940,q_layernorm,42,128,1.39844,0.431641,0,0.179688,0,0,0,0.317528,0.409777
57940,q_layernorm,43,128,1.42969,0.496094,0,0.125,0,0,0,0.38347,0.46612
57940,q_layernorm,44,128,1.52344,0.332031,0,0.265625,0.0234375,0,0,0.225397,0.293205
57940,q_layernorm,45,128,1.53125,0.105469,0,0.234375,0.179688,0.0234375,0,0.087889,0.150574
57940,q_layernorm,46,128,1.57031,0.0791016,0,0.171875,0.117188,0.046875,0,0.0607711,0.17898
57940,q_layernorm,47,128,1.47656,0.143555,0,0.195312,0.15625,0.0078125,0,0.107143,0.197751
57940,q_layernorm,48,128,1.64062,0.0766602,0,0.101562,0.09375,0.0625,0,0.0470476,0.538095
57940,q_layernorm,49,128,1.5,0.03125,0,0.140625,0.125,0.09375,0,0.0284521,0.111849
57940,q_layernorm,50,128,1.50781,0.204102,0,0.0390625,0.03125,0,0,0.161082,0.770466
57940,q_layernorm,51,128,1.60938,0.0184326,0.0078125,0.0859375,0.0546875,0.0234375,0,0.0689684,0.547816
57940,q_layernorm,52,128,1.5625,0.118652,0,0.015625,0.015625,0.0078125,0,0.300462,0.8185
57940,q_layernorm,53,128,1.60156,0.081543,0,0.125,0.09375,0.0625,0,0.0525366,0.274146
57940,q_layernorm,54,128,1.53906,0.0805664,0,0.179688,0.140625,0.046875,0,0.0594258,0.154569
57940,q_layernorm,55,128,1.57812,0.660156,0,0.015625,0,0,0,0.478911,0.817327
57940,q_layernorm,56,128,1.60156,0.322266,0,0.015625,0.0078125,0,0,0.478634,0.811707
57940,q_layernorm,57,128,1.57031,0.0419922,0,0.0390625,0.03125,0.0234375,0,0.0534142,0.776119
57940,q_layernorm,58,128,1.61719,1.14062,0,0,0,0,0,0.747874,0.881159
57940,q_layernorm,59,128,1.53906,1.02344,0,0,0,0,0,0.751269,0.862944
57940,q_layernorm,60,128,1.48438,0.949219,0,0,0,0,0,0.700421,0.838947
57940,q_layernorm,61,128,1.46875,0.925781,0,0,0,0,0,0.713191,0.837234
57940,q_layernorm,62,128,1.36719,1.07812,0,0,0,0,0,0.811886,0.862857
57940,q_layernorm,63,128,1.1875,0.84375,0,0,0,0,0,0.786974,0.907895
57940,k_layernorm,0,128,1.24219,0.214844,0,0.0625,0.015625,0,0,0.280645,0.554717
57940,k_layernorm,1,128,1.55469,1.00781,0,0,0,0,0,0.782965,0.869347
57940,k_layernorm,2,128,1.54688,0.910156,0,0,0,0,0,0.647753,0.787879
57940,k_layernorm,3,128,1.6875,0.800781,0,0.0078125,0,0,0,0.574676,0.711574
57940,k_layernorm,4,128,1.57031,0.871094,0,0,0,0,0,0.615497,0.749751
57940,k_layernorm,5,128,1.5,1.04688,0,0,0,0,0,0.715365,0.807292
57940,k_layernorm,6,128,1.85938,0.722656,0,0.0078125,0,0,0,0.557899,0.734034
57940,k_layernorm,7,128,1.72656,0.0103149,0,0.0625,0.03125,0.03125,0.0078125,0.0545192,0.704525
57940,k_layernorm,8,128,1.67969,0.123535,0,0.0390625,0.0234375,0.0078125,0,0.233244,0.778605
57940,k_layernorm,9,128,1.65625,0.081543,0,0.046875,0.0234375,0.015625,0,0.101117,0.708491
57940,k_layernorm,10,128,1.66406,0.667969,0,0.0078125,0,0,0,0.539014,0.746479
57940,k_layernorm,11,128,1.75,0.240234,0,0.0625,0.0078125,0,0,0.276897,0.669643
57940,k_layernorm,12,128,1.60156,0.917969,0,0,0,0,0,0.631902,0.822927
57940,k_layernorm,13,128,1.625,0.0625,0,0.0390625,0.015625,0.0078125,0,0.171707,0.756731
57940,k_layernorm,14,128,1.55469,0.115234,0,0.0234375,0.015625,0.015625,0,0.175157,0.721106
57940,k_layernorm,15,128,1.69531,0.271484,0,0.015625,0.0078125,0,0,0.425092,0.746544
57940,k_layernorm,16,128,1.53906,0.398438,0,0.0546875,0,0,0,0.28717,0.761421
57940,k_layernorm,17,128,1.75,0.660156,0,0.015625,0,0,0,0.508616,0.739732
57940,k_layernorm,18,128,1.72656,0.0368652,0,0.09375,0.0390625,0.03125,0,0.0249986,0.638461
57940,k_layernorm,19,128,1.82812,0.0332031,0,0.0625,0.0390625,0.0234375,0,0.083141,0.662393
57940,k_layernorm,20,128,1.67188,0.0307617,0,0.0625,0.0390625,0.03125,0,0.0250613,0.682243
57940,k_layernorm,21,128,1.70312,0.00135803,0,0.078125,0.046875,0.03125,0.0078125,0.0426505,0.58211
57940,k_layernorm,22,128,1.77344,0.0126953,0,0.09375,0.0703125,0.0625,0.0078125,0.0240928,0.514758
57940,k_layernorm,23,128,1.73438,0.0834961,0,0.0546875,0.0234375,0.015625,0,0.121453,0.705856
57940,k_layernorm,24,128,1.64844,0.0108032,0,0.0390625,0.015625,0.0078125,0.0078125,0.217429,0.800948
57940,k_layernorm,25,128,1.70312,0.0349121,0.0078125,0.132812,0.101562,0.0625,0,0.039719,0.273853
57940,k_layernorm,26,128,1.63281,0.0296631,0,0.203125,0.15625,0.117188,0,0.0261693,0.0816388
57940,k_layernorm,27,128,1.70312,0.00506592,0.0078125,0.117188,0.0859375,0.0546875,0.015625,0.00772792,0.365367
57940,k_layernorm,28,128,1.60156,0.0471191,0,0.234375,0.179688,0.109375,0,0.0368857,0.0878659
57940,k_layernorm,29,128,1.66406,0.0437012,0,0.1875,0.15625,0.0859375,0,0.0342312,0.115669
57940,k_layernorm,30,128,1.60938,0.00567627,0,0.117188,0.0625,0.0390625,0.015625,0.0176426,0.428641
57940,k_layernorm,31,128,1.5625,0.0864258,0,0.179688,0.109375,0.03125,0,0.0693781,0.242625
57940,k_layernorm,32,128,1.67188,0.0454102,0,0.09375,0.0625,0.03125,0,0.0428592,0.534112
57940,k_layernorm,33,128,1.60156,0.0703125,0,0.289062,0.195312,0.125,0,0.0576951,0.0872561
57940,k_layernorm,34,128,1.66406,0.03125,0,0.210938,0.1875,0.101562,0,0.0216021,0.0989437
57940,k_layernorm,35,128,1.71094,0.032959,0,0.164062,0.0859375,0.0390625,0,0.0278582,0.316895
57940,k_layernorm,36,128,1.64844,0.0913086,0,0.1875,0.132812,0.046875,0,0.0731132,0.187678
57940,k_layernorm,37,128,1.40625,0.457031,0,0.109375,0,0,0,0.341889,0.486111
57940,k_layernorm,38,128,1.60938,0.675781,0,0.0078125,0,0,0,0.633932,0.839806
57940,k_layernorm,39,128,1.49219,0.300781,0,0.0703125,0.0078125,0,0,0.393377,0.597644
57940,k_layernorm,40,128,1.53125,0.200195,0,0.210938,0.0625,0,0,0.17426,0.333163
57940,k_layernorm,41,128,1.54688,0.289062,0,0.210938,0.0234375,0,0,0.208018,0.359596
57940,k_layernorm,42,128,1.38281,0.408203,0,0.21875,0,0,0,0.310466,0.426554
57940,k_layernorm,43,128,1.42969,0.337891,0,0.195312,0.0078125,0,0,0.251735,0.366393
57940,k_layernorm,44,128,1.49219,0.300781,0,0.273438,0.015625,0,0,0.249712,0.306283
57940,k_layernorm,45,128,1.53906,0.100098,0,0.257812,0.148438,0.046875,0,0.0810882,0.148921
57940,k_layernorm,46,128,1.57031,0.0617676,0,0.226562,0.15625,0.046875,0,0.0648849,0.160945
57940,k_layernorm,47,128,1.46875,0.129883,0,0.210938,0.132812,0.015625,0,0.0971077,0.205585
57940,k_layernorm,48,128,1.64062,0.0400391,0,0.15625,0.109375,0.0703125,0,0.0445833,0.15256
57940,k_layernorm,49,128,1.51562,0.0112915,0.0078125,0.171875,0.140625,0.0859375,0.0078125,0.0323856,0.133312
57940,k_layernorm,50,128,1.50781,0.149414,0,0.0546875,0.03125,0.0078125,0,0.123815,0.733679
57940,k_layernorm,51,128,1.60156,0.020874,0,0.148438,0.09375,0.0390625,0,0.0240259,0.304024
57940,k_layernorm,52,128,1.57812,0.0639648,0,0.0546875,0.03125,0.0078125,0,0.183663,0.60198
57940,k_layernorm,53,128,1.60938,0.0466309,0,0.171875,0.101562,0.0859375,0,0.0546602,0.287743
57940,k_layernorm,54,128,1.53906,0.0732422,0,0.203125,0.148438,0.0625,0,0.0532519,0.124175
57940,k_layernorm,55,128,1.57031,0.200195,0,0.0390625,0.0234375,0,0,0.152519,0.745274
57940,k_layernorm,56,128,1.59375,0.034668,0,0.0234375,0.0078125,0.0078125,0,0.282267,0.741667
57940,k_layernorm,57,128,1.57812,0.0732422,0,0.0390625,0.03125,0.0234375,0,0.0658168,0.720297
57940,k_layernorm,58,128,1.57031,1.15625,0,0,0,0,0,0.74398,0.860697
57940,k_layernorm,59,128,1.53125,1.0625,0,0,0,0,0,0.741173,0.832143
57940,k_layernorm,60,128,1.5,0.617188,0,0.0390625,0,0,0,0.429323,0.743229
57940,k_layernorm,61,128,1.4375,0.804688,0,0,0,0,0,0.663832,0.846196
57940,k_layernorm,62,128,1.34375,1.0625,0,0,0,0,0,0.802791,0.877907
57940,k_layernorm,63,128,1.19531,0.867188,0,0,0,0,0,0.795784,0.893464
57940,final_layernorm,-1,5120,1.64844,0.628906,0,0.000195313,0,0,0,0.962986,0.981043
60000,linear_qkv,0,5120,0.0561523,0.00549316,0,0.00449219,0.0015625,0.000195313,0,0.641609,0.86087
60000,linear_qkv,1,5120,0.359375,0.0578613,0,0.000585938,0.000390625,0,0,0.86413,0.918478
60000,linear_qkv,2,5120,0.585938,0.0373535,0,0.000976562,0.00078125,0.000195313,0,0.83,0.926667
60000,linear_qkv,3,5120,0.714844,0.0488281,0,0.00078125,0.000195313,0.000195313,0,0.868852,0.934426
60000,linear_qkv,4,5120,0.738281,0.0529785,0,0.000585938,0.000195313,0.000195313,0,0.862434,0.936508
60000,linear_qkv,5,5120,0.847656,0.0795898,0,0.000585938,0.000195313,0.000195313,0,0.861751,0.935484
60000,linear_qkv,6,5120,0.917969,0.160156,0,0.000585938,0.000195313,0,0,0.855319,0.931915
60000,linear_qkv,7,5120,1.09375,0.277344,0,0.000585938,0,0,0,0.871429,0.942857
60000,linear_qkv,8,5120,1.03125,0.19043,0,0.000585938,0.000195313,0,0,0.856061,0.935606
60000,linear_qkv,9,5120,0.964844,0.19043,0,0.000585938,0.000195313,0,0,0.862348,0.939271
60000,linear_qkv,10,5120,0.980469,0.227539,0,0.000585938,0.000195313,0,0,0.87251,0.940239
60000,linear_qkv,11,5120,1.04688,0.287109,0,0.000585938,0,0,0,0.86194,0.932836
60000,linear_qkv,12,5120,0.988281,0.275391,0,0.000585938,0,0,0,0.889328,0.948617
60000,linear_qkv,13,5120,1.03125,0.277344,0,0.000585938,0,0,0,0.882576,0.94697
60000,linear_qkv,14,5120,1,0.365234,0,0.000585938,0,0,0,0.887461,0.949219
60000,linear_qkv,15,5120,1.11719,0.472656,0,0.000585938,0,0,0,0.891608,0.951049
60000,linear_qkv,16,5120,1.13281,0.589844,0,0,0,0,0,0.897862,0.951724
60000,linear_qkv,17,5120,1.25781,0.707031,0,0,0,0,0,0.913043,0.956522
60000,linear_qkv,18,5120,1.21875,0.585938,0,0.000195313,0,0,0,0.891026,0.948718
60000,linear_qkv,19,5120,1.33594,0.679688,0,0,0,0,0,0.907544,0.953216
60000,linear_qkv,20,5120,1.21094,0.640625,0,0,0,0,0,0.909677,0.954839
60000,linear_qkv,21,5120,1.20312,0.703125,0,0,0,0,0,0.922078,0.961039
60000,linear_qkv,22,5120,1.45312,0.664062,0,0.000195313,0,0,0,0.919355,0.962366
60000,linear_qkv,23,5120,1.45312,0.722656,0,0.000195313,0,0,0,0.930108,0.962366
60000,linear_qkv,24,5120,1.42188,0.695312,0,0.000195313,0,0,0,0.928571,0.961538
60000,linear_qkv,25,5120,1.33594,0.511719,0,0.000976562,0,0,0,0.918129,0.959064
60000,linear_qkv,26,5120,1.28125,0.449219,0,0.000390625,0,0,0,0.908537,0.95122
60000,linear_qkv,27,5120,1.53906,0.503906,0,0.000585938,0,0,0,0.903553,0.954315
60000,linear_qkv,28,5120,1.40625,0.373047,0,0.0015625,0,0,0,0.883333,0.944444
60000,linear_qkv,29,5120,1.4375,0.441406,0,0.00117188,0,0,0,0.897772,0.951087
60000,linear_qkv,30,5120,1.60938,0.404297,0,0.000976562,0,0,0,0.898058,0.951456
60000,linear_qkv,31,5120,1.25781,0.257812,0,0.000976562,0.000195313,0,0,0.89441,0.950311
60000,linear_qkv,32,5120,1.39062,0.330078,0,0.00175781,0.000390625,0,0,0.905562,0.955056
60000,linear_qkv,33,5120,1.39062,0.263672,0,0.00214844,0.000390625,0,0,0.870787,0.938202
60000,linear_qkv,34,5120,1.59375,0.328125,0,0.00195312,0.000390625,0,0,0.877451,0.941176
60000,linear_qkv,35,5120,1.46875,0.28125,0,0.0015625,0.000195313,0,0,0.888298,0.952128
60000,linear_qkv,36,5120,1.26562,0.248047,0,0.00214844,0.000390625,0,0,0.871543,0.950617
60000,linear_qkv,37,5120,0.902344,0.157227,0,0.00117188,0.000195313,0,0,0.883117,0.943723
60000,linear_qkv,38,5120,1.1875,0.28125,0,0.000390625,0.000195313,0,0,0.902566,0.953947
60000,linear_qkv,39,5120,0.972656,0.259766,0,0.00136719,0,0,0,0.883534,0.947791
60000,linear_qkv,40,5120,1.08594,0.232422,0,0.00136719,0.000195313,0,0,0.863309,0.94964
60000,linear_qkv,41,5120,1.02344,0.227539,0,0.00195312,0.000195313,0,0,0.862595,0.950382
60000,linear_qkv,42,5120,0.929688,0.269531,0,0.00175781,0,0,0,0.848739,0.941176
60000,linear_qkv,43,5120,0.976562,0.306641,0,0.0015625,0,0,0,0.84076,0.944
60000,linear_qkv,44,5120,1.05469,0.259766,0,0.00214844,0.000195313,0,0,0.82363,0.940741
60000,linear_qkv,45,5120,1.16406,0.304688,0,0.00136719,0,0,0,0.816074,0.946309
60000,linear_qkv,46,5120,1.23438,0.357422,0,0.0015625,0,0,0,0.808766,0.949367
60000,linear_qkv,47,5120,1.07031,0.443359,0,0.000585938,0,0,0,0.820292,0.941606
60000,linear_qkv,48,5120,1.36719,0.439453,0,0.0015625,0,0,0,0.8,0.954286
60000,linear_qkv,49,5120,1.29688,0.416016,0,0.0015625,0,0,0,0.802349,0.957831
60000,linear_qkv,50,5120,1.22656,0.439453,0,0.0015625,0,0,0,0.797389,0.955414
60000,linear_qkv,51,5120,1.38281,0.445312,0,0.00351562,0,0,0,0.70096,0.943503
60000,linear_qkv,52,5120,1.32812,0.503906,0,0.0015625,0,0,0,0.759941,0.952941
60000,linear_qkv,53,5120,1.50781,0.357422,0,0.00625,0.000195313,0,0,0.685907,0.948187
60000,linear_qkv,54,5120,1.375,0.308594,0,0.00546875,0.000390625,0,0,0.690739,0.948864
60000,linear_qkv,55,5120,1.45312,0.488281,0,0.00253906,0,0,0,0.732204,0.946237
60000,linear_qkv,56,5120,1.5,0.404297,0,0.00507812,0,0,0,0.683281,0.947917
60000,linear_qkv,57,5120,1.40625,0.287109,0,0.00625,0.000976562,0,0,0.64325,0.938889
60000,linear_qkv,58,5120,1.45312,0.396484,0,0.00351562,0,0,0,0.704301,0.946237
60000,linear_qkv,59,5120,1.30469,0.261719,0,0.0046875,0.000390625,0,0,0.667665,0.946108
60000,linear_qkv,60,5120,1.16406,0.400391,0,0.0015625,0,0,0,0.704698,0.946309
60000,linear_qkv,61,5120,1.13281,0.451172,0,0.00078125,0,0,0,0.752379,0.931034
60000,linear_qkv,62,5120,1.03125,0.671875,0,0,0,0,0,0.890152,0.958333
60000,linear_qkv,63,5120,0.980469,0.746094,0,0,0,0,0,0.916335,0.956175
60000,linear_fc1,0,5120,0.507812,0.0234375,0,0.00332031,0.000585938,0.000195313,0,0.626923,0.853846
60000,linear_fc1,1,5120,0.871094,0.0150146,0,0.00566406,0.00332031,0.0015625,0,0.709372,0.932735
60000,linear_fc1,2,5120,0.894531,0.0135498,0,0.00410156,0.00292969,0.000585938,0,0.882926,0.965066
60000,linear_fc1,3,5120,0.871094,0.0202637,0,0.003125,0.00136719,0.000390625,0,0.896861,0.964126
60000,linear_fc1,4,5120,0.84375,0.0088501,0,0.00234375,0.000976562,0.000390625,0,0.894398,0.958333
60000,linear_fc1,5,5120,0.761719,0.00842285,0,0.000976562,0.000390625,0.000390625,0,0.897436,0.953846
60000,linear_fc1,6,5120,0.699219,0.0148315,0,0.000976562,0.000585938,0.000390625,0,0.888268,0.949721
60000,linear_fc1,7,5120,0.667969,0.0257568,0,0.0015625,0.00078125,0.000390625,0,0.878304,0.947368
60000,linear_fc1,8,5120,0.667969,0.0162354,0,0.00136719,0.000585938,0.000390625,0,0.883041,0.947368
60000,linear_fc1,9,5120,0.671875,0.0115356,0,0.00136719,0.000585938,0.000390625,0,0.883721,0.947674
60000,linear_fc1,10,5120,0.652344,0.0195312,0,0.00136719,0.000585938,0.000390625,0,0.886228,0.952096
60000,linear_fc1,11,5120,0.644531,0.0130005,0,0.00136719,0.000585938,0.000390625,0,0.892061,0.951515
60000,linear_fc1,12,5120,0.644531,0.0163574,0,0.00136719,0.000585938,0.000390625,0,0.89697,0.951515
60000,linear_fc1,13,5120,0.640625,0.0169678,0,0.00136719,0.000585938,0.000195313,0,0.902439,0.95122
60000,linear_fc1,14,5120,0.621094,0.0189209,0,0.000976562,0.000585938,0.000195313,0,0.899371,0.955975
60000,linear_fc1,15,5120,0.613281,0.0270996,0,0.000976562,0.000390625,0.000195313,0,0.898089,0.955414
60000,linear_fc1,16,5120,0.585938,0.0262451,0,0.00078125,0.000195313,0.000195313,0,0.913333,0.96
60000,linear_fc1,17,5120,0.566406,0.0539551,0,0.000585938,0.000195313,0.000195313,0,0.903448,0.951724
60000,linear_fc1,18,5120,0.554688,0.0395508,0,0.000390625,0.000195313,0.000195313,0,0.908451,0.957746
60000,linear_fc1,19,5120,0.554688,0.0422363,0,0.000195313,0.000195313,0.000195313,0,0.908451,0.957746
60000,linear_fc1,20,5120,0.5625,0.0505371,0,0.000195313,0.000195313,0.000195313,0,0.916667,0.965278
60000,linear_fc1,21,5120,0.5625,0.045166,0,0.000585938,0.000195313,0.000195313,0,0.923611,0.958333
60000,linear_fc1,22,5120,0.558594,0.0228271,0,0.000976562,0.000390625,0.000195313,0,0.923077,0.965035
60000,linear_fc1,23,5120,0.566406,0.0385742,0,0.000976562,0.000390625,0.000195313,0,0.924138,0.965517
60000,linear_fc1,24,5120,0.582031,0.0253906,0,0.000976562,0.000390625,0.000195313,0,0.919463,0.966443
60000,linear_fc1,25,5120,0.605469,0.0244141,0,0.000976562,0.000390625,0.000390625,0,0.929032,0.967742
60000,linear_fc1,26,5120,0.625,0.0157471,0,0.000976562,0.000585938,0.000390625,0,0.925,0.96875
60000,linear_fc1,27,5120,0.648438,0.0236816,0,0.00136719,0.00078125,0.000390625,0,0.927711,0.96988
60000,linear_fc1,28,5120,0.667969,0.0125732,0,0.00136719,0.00078125,0.000390625,0,0.935673,0.97076
60000,linear_fc1,29,5120,0.6875,0.00836182,0,0.00117188,0.00078125,0.000390625,0,0.932898,0.971591
60000,linear_fc1,30,5120,0.710938,0.026123,0,0.00117188,0.000585938,0.000390625,0,0.93956,0.972527
60000,linear_fc1,31,5120,0.730469,0.0195312,0,0.00136719,0.000585938,0.000390625,0,0.946524,0.97861
60000,linear_fc1,32,5120,0.746094,0.0108643,0,0.00136719,0.00078125,0.000390625,0,0.942408,0.973822
60000,linear_fc1,33,5120,0.761719,0.0106201,0,0.0015625,0.000976562,0.000195313,0,0.948718,0.979487
60000,linear_fc1,34,5120,0.78125,0.00686646,0,0.0015625,0.00117188,0.000195313,0.000195313,0.945,0.98
60000,linear_fc1,35,5120,0.808594,0.00668335,0,0.00175781,0.00117188,0.000195313,0.000195313,0.951691,0.980676
60000,linear_fc1,36,5120,0.835938,0.00823975,0,0.00175781,0.000976562,0.000195313,0.000195313,0.948598,0.976636
60000,linear_fc1,37,5120,0.855469,0.00389099,0,0.00195312,0.000976562,0.000390625,0.000195313,0.936073,0.977169
60000,linear_fc1,38,5120,0.871094,0.0062561,0,0.00214844,0.000976562,0.000390625,0.000195313,0.941704,0.977578
60000,linear_fc1,39,5120,0.882812,0.00280762,0,0.00234375,0.000976562,0.000390625,0.000195313,0.934469,0.982301
60000,linear_fc1,40,5120,0.898438,0.00448608,0,0.00234375,0.00117188,0.000390625,0.000195313,0.926913,0.978261
60000,linear_fc1,41,5120,0.910156,0.00692749,0,0.00253906,0.000976562,0.000390625,0.000195313,0.91927,0.978541
60000,linear_fc1,42,5120,0.921875,0.00695801,0,0.00292969,0.000976562,0.000390625,0.000195313,0.902542,0.978814
60000,linear_fc1,43,5120,0.929688,0.00836182,0,0.003125,0.000976562,0.000390625,0.000195313,0.899958,0.983193
60000,linear_fc1,44,5120,0.9375,0.00558472,0,0.00351562,0.000976562,0.000390625,0.000195313,0.877375,0.979167
60000,linear_fc1,45,5120,0.945312,0.00750732,0,0.00351562,0.000976562,0.000390625,0.000195313,0.890578,0.979339
60000,linear_fc1,46,5120,0.953125,0.0106201,0,0.00371094,0.000976562,0.000390625,0,0.883484,0.979508
60000,linear_fc1,47,5120,0.960938,0.0123291,0,0.00410156,0.000976562,0.000390625,0,0.890244,0.979675
60000,linear_fc1,48,5120,0.964844,0.00921631,0,0.00410156,0.000976562,0.000390625,0.000195313,0.865425,0.983806
60000,linear_fc1,49,5120,0.976562,0.0253906,0,0.00410156,0.00117188,0.000195313,0,0.83752,0.984
60000,linear_fc1,50,5120,0.984375,0.0183105,0,0.00429688,0.00117188,0.000195313,0,0.830119,0.980159
60000,linear_fc1,51,5120,0.988281,0.0422363,0,0.0046875,0.00117188,0.000195313,0,0.852806,0.98419
60000,linear_fc1,52,5120,0.992188,0.0473633,0,0.00488281,0.000976562,0.000195313,0,0.855827,0.980315
60000,linear_fc1,53,5120,1,0.0913086,0,0.00410156,0.000585938,0.000195313,0,0.880391,0.980469
60000,linear_fc1,54,5120,1.00781,0.129883,0,0.00429688,0.000585938,0,0,0.896085,0.98062
60000,linear_fc1,55,5120,1.00781,0.101562,0,0.00390625,0.000585938,0,0,0.903101,0.976744
60000,linear_fc1,56,5120,1.00781,0.121582,0,0.00332031,0.000390625,0,0,0.904574,0.98062
60000,linear_fc1,57,5120,1.01562,0.177734,0,0.00371094,0.000195313,0,0,0.904577,0.980769
60000,linear_fc1,58,5120,1.01562,0.219727,0,0.00351562,0.000195313,0,0,0.896154,0.976923
60000,linear_fc1,59,5120,1.01562,0.271484,0,0.00410156,0,0,0,0.901462,0.973077
60000,linear_fc1,60,5120,1.03125,0.275391,0,0.00371094,0,0,0,0.868864,0.969697
60000,linear_fc1,61,5120,1.05469,0.326172,0,0.00195312,0,0,0,0.894,0.97037
60000,linear_fc1,62,5120,1.09375,0.515625,0,0.000390625,0,0,0,0.921429,0.971429
60000,linear_fc1,63,5120,1.17969,0.738281,0,0,0,0,0,0.92053,0.960265
60000,q_layernorm,0,128,1.20312,0.248047,0,0.046875,0.0078125,0,0,0.323214,0.66039
60000,q_layernorm,1,128,1.57031,1.07031,0,0,0,0,0,0.724478,0.869154
60000,q_layernorm,2,128,1.55469,0.9375,0,0,0,0,0,0.689799,0.791457
60000,q_layernorm,3,128,1.65625,1.08594,0,0,0,0,0,0.683443,0.764151
60000,q_layernorm,4,128,1.57812,1.03125,0,0,0,0,0,0.680346,0.810396
60000,q_layernorm,5,128,1.52344,0.824219,0,0,0,0,0,0.711846,0.825641
60000,q_layernorm,6,128,1.86719,0.925781,0,0.0078125,0,0,0,0.524477,0.75272
60000,q_layernorm,7,128,1.76562,0.0644531,0,0.0390625,0.0390625,0.0390625,0,0.0472843,0.773894
60000,q_layernorm,8,128,1.70312,0.279297,0,0.03125,0.0234375,0,0,0.194817,0.819725
60000,q_layernorm,9,128,1.69531,0.0698242,0,0.0234375,0.0234375,0.0078125,0,0.200887,0.760369
60000,q_layernorm,10,128,1.67969,0.738281,0,0.0078125,0,0,0,0.617581,0.815814
60000,q_layernorm,11,128,1.78906,0.457031,0,0.03125,0,0,0,0.291572,0.762882
60000,q_layernorm,12,128,1.66406,0.640625,0,0.0078125,0,0,0,0.597746,0.806103
60000,q_layernorm,13,128,1.63281,0.0324707,0,0.03125,0.015625,0.015625,0,0.159536,0.775598
60000,q_layernorm,14,128,1.5625,0.359375,0,0.03125,0.0078125,0,0,0.350137,0.792
60000,q_layernorm,15,128,1.72656,0.230469,0,0.03125,0.0078125,0,0,0.406742,0.816742
60000,q_layernorm,16,128,1.53906,0.542969,0,0.015625,0,0,0,0.482563,0.80203
60000,q_layernorm,17,128,1.75781,0.90625,0,0,0,0,0,0.543422,0.767556
60000,q_layernorm,18,128,1.76562,0.194336,0,0.046875,0.03125,0,0,0.121372,0.738938
60000,q_layernorm,19,128,1.88281,0.142578,0,0.0546875,0.0234375,0.0078125,0,0.197956,0.720332
60000,q_layernorm,20,128,1.70312,0.0366211,0,0.046875,0.03125,0.0234375,0,0.0615854,0.708716
60000,q_layernorm,21,128,1.71875,0.036377,0,0.0703125,0.0390625,0.0234375,0,0.0478054,0.651818
60000,q_layernorm,22,128,1.84375,0.00463867,0,0.0859375,0.0703125,0.0625,0.015625,0.0065956,0.712712
60000,q_layernorm,23,128,1.74219,0.0717773,0,0.03125,0.0078125,0.0078125,0,0.395448,0.730045
60000,q_layernorm,24,128,1.70312,0.392578,0,0.03125,0.0078125,0,0,0.398945,0.773853
60000,q_layernorm,25,128,1.74219,0.0303955,0,0.101562,0.078125,0.078125,0,0.0247912,0.515247
60000,q_layernorm,26,128,1.60156,0.0249023,0,0.171875,0.148438,0.125,0,0.0195084,0.0758537
60000,q_layernorm,27,128,1.71094,0.029541,0,0.0859375,0.0546875,0.046875,0,0.0285131,0.558219
60000,q_layernorm,28,128,1.59375,0.00915527,0.0078125,0.171875,0.164062,0.117188,0.0078125,0.0222304,0.0815564
60000,q_layernorm,29,128,1.67969,0.0222168,0,0.132812,0.125,0.0859375,0,0.0155763,0.147093
60000,q_layernorm,30,128,1.625,0.000659943,0,0.078125,0.0390625,0.03125,0.0078125,0.0201585,0.682692
60000,q_layernorm,31,128,1.58594,0.0708008,0,0.132812,0.0859375,0.0546875,0,0.0628541,0.287931
60000,q_layernorm,32,128,1.67188,0.0737305,0,0.046875,0.0390625,0.0234375,0,0.0495152,0.751402
60000,q_layernorm,33,128,1.60156,0.0201416,0,0.242188,0.195312,0.101562,0,0.0278674,0.101768
60000,q_layernorm,34,128,1.65625,0.0339355,0,0.15625,0.140625,0.09375,0,0.0245032,0.103597
60000,q_layernorm,35,128,1.69531,0.0432129,0,0.0625,0.046875,0.0390625,0,0.0644297,0.695392
60000,q_layernorm,36,128,1.64844,0.0444336,0,0.125,0.101562,0.03125,0,0.0518365,0.252725
60000,q_layernorm,37,128,1.44531,0.335938,0,0.101562,0.0078125,0,0,0.338932,0.508919
60000,q_layernorm,38,128,1.64062,1.14062,0,0,0,0,0,0.806048,0.912857
60000,q_layernorm,39,128,1.52344,0.578125,0,0.03125,0,0,0,0.434769,0.681026
60000,q_layernorm,40,128,1.57812,0.163086,0,0.1875,0.0625,0,0,0.123205,0.343317
60000,q_layernorm,41,128,1.55469,0.241211,0,0.164062,0.0234375,0,0,0.172613,0.389447
60000,q_layernorm,42,128,1.40625,0.425781,0,0.179688,0,0,0,0.308819,0.404167
60000,q_layernorm,43,128,1.4375,0.480469,0,0.148438,0,0,0,0.3725,0.460054
60000,q_layernorm,44,128,1.53125,0.310547,0,0.265625,0.0234375,0,0,0.217041,0.289668
60000,q_layernorm,45,128,1.53906,0.111328,0,0.234375,0.179688,0.0234375,0,0.0809994,0.145812
60000,q_layernorm,46,128,1.57031,0.0766602,0,0.171875,0.117188,0.046875,0,0.0617413,0.172886
60000,q_layernorm,47,128,1.48438,0.136719,0,0.195312,0.15625,0.0234375,0,0.0940066,0.186053
60000,q_layernorm,48,128,1.64844,0.0751953,0,0.101562,0.09375,0.0625,0,0.0494579,0.546208
60000,q_layernorm,49,128,1.50781,0.0368652,0,0.140625,0.125,0.09375,0,0.0267762,0.118523
60000,q_layernorm,50,128,1.51562,0.193359,0,0.0390625,0.03125,0,0,0.151559,0.771649
60000,q_layernorm,51,128,1.625,0.0106812,0.0078125,0.0859375,0.0625,0.0234375,0.0078125,0.0684766,0.550962
60000,q_layernorm,52,128,1.57031,0.114258,0,0.015625,0.015625,0.0078125,0,0.296443,0.819403
60000,q_layernorm,53,128,1.60938,0.0791016,0,0.125,0.09375,0.0703125,0,0.0529217,0.271966
60000,q_layernorm,54,128,1.53906,0.0727539,0,0.179688,0.140625,0.0625,0,0.057151,0.15514
60000,q_layernorm,55,128,1.58594,0.640625,0,0.015625,0,0,0,0.465567,0.823153
60000,q_layernorm,56,128,1.60938,0.304688,0,0.0234375,0.0078125,0,0,0.469684,0.811165
60000,q_layernorm,57,128,1.57812,0.0419922,0,0.0390625,0.03125,0.0234375,0,0.052599,0.779208
60000,q_layernorm,58,128,1.61719,1.14844,0,0,0,0,0,0.741739,0.88599
60000,q_layernorm,59,128,1.54688,1.02344,0,0,0,0,0,0.738737,0.858586
60000,q_layernorm,60,128,1.49219,0.945312,0,0,0,0,0,0.696754,0.834555
60000,q_layernorm,61,128,1.47656,0.925781,0,0,0,0,0,0.705556,0.836508
60000,q_layernorm,62,128,1.36719,1.07812,0,0,0,0,0,0.811886,0.866857
60000,q_layernorm,63,128,1.1875,0.835938,0,0,0,0,0,0.783684,0.907895
60000,k_layernorm,0,128,1.25,0.207031,0,0.0625,0.015625,0,0,0.278047,0.548438
60000,k_layernorm,1,128,1.5625,1,0,0,0,0,0,0.7754,0.8685
60000,k_layernorm,2,128,1.55469,0.898438,0,0,0,0,0,0.639472,0.78392
60000,k_layernorm,3,128,1.69531,0.796875,0,0.0078125,0,0,0,0.567419,0.703687
60000,k_layernorm,4,128,1.57812,0.863281,0,0,0,0,0,0.609975,0.747525
60000,k_layernorm,5,128,1.50781,1.04688,0,0,0,0,0,0.70886,0.803109
60000,k_layernorm,6,128,1.875,0.71875,0,0.0078125,0,0,0,0.552125,0.727917
60000,k_layernorm,7,128,1.71875,0.013916,0,0.0625,0.03125,0.03125,0.0078125,0.0498267,0.707727
60000,k_layernorm,8,128,1.67969,0.111816,0,0.0390625,0.0234375,0.0078125,0,0.232616,0.78
60000,k_layernorm,9,128,1.66406,0.0771484,0,0.046875,0.0234375,0.015625,0,0.095537,0.709859
60000,k_layernorm,10,128,1.66406,0.648438,0,0.0078125,0,0,0,0.532606,0.746479
60000,k_layernorm,11,128,1.75781,0.226562,0,0.0625,0.0078125,0,0,0.269,0.665333
60000,k_layernorm,12,128,1.60938,0.910156,0,0,0,0,0,0.622209,0.818932
60000,k_layernorm,13,128,1.63281,0.0473633,0,0.046875,0.015625,0.0078125,0,0.165664,0.75311
60000,k_layernorm,14,128,1.5625,0.104004,0,0.0234375,0.015625,0.015625,0,0.163587,0.721
60000,k_layernorm,15,128,1.70312,0.253906,0,0.015625,0.0078125,0,0,0.414587,0.741743
60000,k_layernorm,16,128,1.53906,0.390625,0,0.0546875,0,0,0,0.275952,0.764975
60000,k_layernorm,17,128,1.75781,0.652344,0,0.015625,0,0,0,0.499267,0.737778
60000,k_layernorm,18,128,1.73438,0.0311279,0,0.09375,0.0390625,0.03125,0,0.0247311,0.635586
60000,k_layernorm,19,128,1.83594,0.0262451,0,0.0625,0.0390625,0.0234375,0,0.0797819,0.659574
60000,k_layernorm,20,128,1.67188,0.0258789,0,0.0625,0.0390625,0.03125,0,0.0236288,0.682243
60000,k_layernorm,21,128,1.71094,0.00805664,0,0.078125,0.046875,0.0390625,0.0078125,0.0406435,0.581735
60000,k_layernorm,22,128,1.78125,0.0050354,0,0.09375,0.0703125,0.0625,0.0078125,0.0249095,0.516447
60000,k_layernorm,23,128,1.74219,0.0791016,0,0.0546875,0.0234375,0.015625,0,0.117749,0.707175
60000,k_layernorm,24,128,1.65625,0.00891113,0,0.0390625,0.015625,0.0078125,0.0078125,0.21105,0.800472
60000,k_layernorm,25,128,1.70312,0.043457,0.0078125,0.132812,0.101562,0.0703125,0,0.0353426,0.27328
60000,k_layernorm,26,128,1.64062,0.02771,0,0.203125,0.15625,0.117188,0,0.0209658,0.0792857
60000,k_layernorm,27,128,1.71094,0.00364685,0.0078125,0.117188,0.0859375,0.0546875,0.0234375,0.00780858,0.361872
60000,k_layernorm,28,128,1.60156,0.0444336,0,0.234375,0.1875,0.109375,0,0.0291235,0.0807622
60000,k_layernorm,29,128,1.67188,0.0375977,0,0.1875,0.15625,0.0859375,0,0.0307433,0.117348
60000,k_layernorm,30,128,1.61719,0.00288391,0,0.117188,0.0703125,0.0390625,0.0078125,0.0179687,0.42343
60000,k_layernorm,31,128,1.57031,0.0717773,0,0.179688,0.109375,0.03125,0,0.0626119,0.239055
60000,k_layernorm,32,128,1.67188,0.0334473,0,0.09375,0.0625,0.03125,0,0.0393867,0.533411
60000,k_layernorm,33,128,1.60938,0.0722656,0,0.289062,0.210938,0.125,0,0.0564138,0.087318
60000,k_layernorm,34,128,1.66406,0.0203857,0,0.210938,0.1875,0.109375,0,0.0188168,0.0960094
60000,k_layernorm,35,128,1.71094,0.0444336,0,0.164062,0.0859375,0.0390625,0,0.0298074,0.315982
60000,k_layernorm,36,128,1.64844,0.0908203,0,0.1875,0.132812,0.0390625,0,0.0743069,0.185427
60000,k_layernorm,37,128,1.42188,0.4375,0,0.117188,0,0,0,0.323874,0.482143
60000,k_layernorm,38,128,1.61719,0.664062,0,0.0078125,0,0,0,0.63087,0.843961
60000,k_layernorm,39,128,1.5,0.28125,0,0.0703125,0.0078125,0,0,0.390833,0.595833
60000,k_layernorm,40,128,1.53906,0.188477,0,0.210938,0.0625,0,0,0.160527,0.329315
60000,k_layernorm,41,128,1.55469,0.251953,0,0.210938,0.0390625,0,0,0.202286,0.351005
60000,k_layernorm,42,128,1.39062,0.404297,0,0.234375,0,0,0,0.301699,0.427247
60000,k_layernorm,43,128,1.42969,0.320312,0,0.195312,0.0234375,0,0,0.23571,0.357377
60000,k_layernorm,44,128,1.5,0.283203,0,0.273438,0.015625,0,0,0.240951,0.297396
60000,k_layernorm,45,128,1.54688,0.102051,0,0.257812,0.15625,0.046875,0,0.0754987,0.145265
60000,k_layernorm,46,128,1.57812,0.0490723,0,0.226562,0.15625,0.046875,0,0.0659282,0.15
60000,k_layernorm,47,128,1.47656,0.132812,0,0.210938,0.132812,0.015625,0,0.0993452,0.196164
60000,k_layernorm,48,128,1.64062,0.0432129,0,0.15625,0.109375,0.0859375,0,0.0446309,0.150595
60000,k_layernorm,49,128,1.51562,0.00299072,0.0078125,0.171875,0.132812,0.09375,0.0078125,0.0276772,0.136727
60000,k_layernorm,50,128,1.51562,0.125977,0,0.0546875,0.03125,0.0078125,0,0.118943,0.729897
60000,k_layernorm,51,128,1.60938,0.0234375,0,0.148438,0.09375,0.0390625,0,0.0266459,0.300364
60000,k_layernorm,52,128,1.57812,0.0581055,0,0.0546875,0.03125,0.0078125,0,0.176906,0.599505
60000,k_layernorm,53,128,1.61719,0.0446777,0,0.171875,0.101562,0.0859375,0,0.0551781,0.282729
60000,k_layernorm,54,128,1.54688,0.0527344,0,0.203125,0.15625,0.0625,0,0.0632418,0.124495
60000,k_layernorm,55,128,1.57812,0.188477,0,0.0390625,0.0234375,0,0,0.148502,0.74505
60000,k_layernorm,56,128,1.60156,0.0373535,0,0.03125,0.015625,0.0078125,0,0.275122,0.741463
60000,k_layernorm,57,128,1.58594,0.0732422,0,0.0390625,0.03125,0.0234375,0,0.0617888,0.715271
60000,k_layernorm,58,128,1.57812,1.14844,0,0,0,0,0,0.736683,0.856436
60000,k_layernorm,59,128,1.53906,1.0625,0,0,0,0,0,0.732335,0.831472
60000,k_layernorm,60,128,1.5,0.601562,0,0.0390625,0,0,0,0.418411,0.743229
60000,k_layernorm,61,128,1.4375,0.796875,0,0,0,0,0,0.658397,0.846196
60000,k_layernorm,62,128,1.35156,1.0625,0,0,0,0,0,0.79815,0.878613
60000,k_layernorm,63,128,1.19531,0.859375,0,0,0,0,0,0.793399,0.893464
60000,final_layernorm,-1,5120,1.64062,0.511719,0,0.000195313,0,0,0,0.971429,0.985714
64000,linear_qkv,0,5120,0.0500488,0.00331116,0,0.00507812,0.0015625,0.000195313,0,0.639951,0.84878
64000,linear_qkv,1,5120,0.337891,0.0522461,0,0.000585938,0.000390625,0,0,0.861272,0.924855
64000,linear_qkv,2,5120,0.566406,0.036377,0,0.000976562,0.00078125,0.000195313,0,0.827586,0.931034
64000,linear_qkv,3,5120,0.695312,0.0449219,0,0.00078125,0.000195313,0.000195313,0,0.871854,0.938202
64000,linear_qkv,4,5120,0.722656,0.0500488,0,0.000585938,0.000195313,0.000195313,0,0.864865,0.935135
64000,linear_qkv,5,5120,0.832031,0.0737305,0,0.000585938,0.000195313,0.000195313,0,0.859155,0.934272
64000,linear_qkv,6,5120,0.90625,0.142578,0,0.000585938,0.000195313,0,0,0.849138,0.926724
64000,linear_qkv,7,5120,1.08594,0.25,0,0.000585938,0.000195313,0,0,0.870504,0.942446
64000,linear_qkv,8,5120,1.02344,0.175781,0,0.00078125,0.000195313,0,0,0.844237,0.931298
64000,linear_qkv,9,5120,0.960938,0.176758,0,0.000585938,0.000195313,0,0,0.857724,0.934959
64000,linear_qkv,10,5120,0.972656,0.211914,0,0.000585938,0.000195313,0,0,0.871486,0.939759
64000,linear_qkv,11,5120,1.03906,0.287109,0,0.000585938,0,0,0,0.860902,0.93609
64000,linear_qkv,12,5120,0.980469,0.259766,0,0.000585938,0,0,0,0.888446,0.948207
64000,linear_qkv,13,5120,1.03125,0.271484,0,0.000585938,0,0,0,0.878788,0.946591
64000,linear_qkv,14,5120,1,0.351562,0,0.000585938,0,0,0,0.883555,0.945312
64000,linear_qkv,15,5120,1.11719,0.455078,0,0.000585938,0,0,0,0.884615,0.944056
64000,linear_qkv,16,5120,1.14062,0.574219,0,0,0,0,0,0.89726,0.952055
64000,linear_qkv,17,5120,1.25781,0.691406,0,0,0,0,0,0.913043,0.956522
64000,linear_qkv,18,5120,1.22656,0.589844,0,0.000195313,0,0,0,0.89172,0.942675
64000,linear_qkv,19,5120,1.33594,0.664062,0,0.000195313,0,0,0,0.912281,0.959064
64000,linear_qkv,20,5120,1.21875,0.636719,0,0,0,0,0,0.903846,0.948718
64000,linear_qkv,21,5120,1.21875,0.699219,0,0,0,0,0,0.916667,0.955128
64000,linear_qkv,22,5120,1.46875,0.65625,0,0.000195313,0,0,0,0.915904,0.957447
64000,linear_qkv,23,5120,1.46875,0.71875,0,0.000195313,0,0,0,0.925532,0.962766
64000,linear_qkv,24,5120,1.42969,0.6875,0,0.000195313,0,0,0,0.928962,0.967213
64000,linear_qkv,25,5120,1.35938,0.507812,0,0.00117188,0,0,0,0.913793,0.95977
64000,linear_qkv,26,5120,1.29688,0.453125,0,0.000390625,0,0,0,0.909639,0.957831
64000,linear_qkv,27,5120,1.55469,0.488281,0,0.000585938,0,0,0,0.909548,0.954774
64000,linear_qkv,28,5120,1.42188,0.365234,0,0.0015625,0,0,0,0.884615,0.945055
64000,linear_qkv,29,5120,1.45312,0.431641,0,0.0015625,0,0,0,0.903226,0.951613
64000,linear_qkv,30,5120,1.63281,0.380859,0,0.000976562,0.000195313,0,0,0.899522,0.952153
64000,linear_qkv,31,5120,1.27344,0.239258,0,0.000976562,0.000390625,0,0,0.90184,0.957055
64000,linear_qkv,32,5120,1.41406,0.3125,0,0.00175781,0.000390625,0,0,0.911602,0.961326
64000,linear_qkv,33,5120,1.41406,0.25,0,0.00234375,0.000390625,0,0,0.872928,0.939227
64000,linear_qkv,34,5120,1.63281,0.308594,0,0.00214844,0.000390625,0,0,0.871722,0.942584
64000,linear_qkv,35,5120,1.5,0.265625,0,0.0015625,0.000195313,0,0,0.885417,0.953125
64000,linear_qkv,36,5120,1.28906,0.229492,0,0.00214844,0.000390625,0,0,0.872727,0.951515
64000,linear_qkv,37,5120,0.910156,0.144531,0,0.00117188,0.000195313,0,0,0.88412,0.944206
64000,linear_qkv,38,5120,1.20312,0.265625,0,0.000390625,0.000195313,0,0,0.909091,0.954545
64000,linear_qkv,39,5120,0.984375,0.25,0,0.0015625,0,0,0,0.884921,0.948413
64000,linear_qkv,40,5120,1.10156,0.230469,0,0.00175781,0.000195313,0,0,0.862376,0.950355
64000,linear_qkv,41,5120,1.03906,0.220703,0,0.00214844,0.000195313,0,0,0.864662,0.951128
64000,linear_qkv,42,5120,0.941406,0.277344,0,0.00214844,0,0,0,0.842324,0.941909
64000,linear_qkv,43,5120,0.988281,0.302734,0,0.00195312,0,0,0,0.834743,0.944664
64000,linear_qkv,44,5120,1.07031,0.251953,0,0.00253906,0.000195313,0,0,0.824818,0.941606
64000,linear_qkv,45,5120,1.17969,0.300781,0,0.0015625,0,0,0,0.817881,0.953642
64000,linear_qkv,46,5120,1.25781,0.349609,0,0.00175781,0,0,0,0.809814,0.950311
64000,linear_qkv,47,5120,1.07812,0.439453,0,0.00117188,0,0,0,0.819529,0.949275
64000,linear_qkv,48,5120,1.39062,0.4375,0,0.00175781,0,0,0,0.803371,0.955056
64000,linear_qkv,49,5120,1.32031,0.404297,0,0.00195312,0,0,0,0.811775,0.95858
64000,linear_qkv,50,5120,1.25781,0.439453,0,0.00175781,0,0,0,0.807453,0.950311
64000,linear_qkv,51,5120,1.41406,0.439453,0,0.003125,0,0,0,0.699282,0.944751
64000,linear_qkv,52,5120,1.35938,0.503906,0,0.00175781,0,0,0,0.764368,0.954023
64000,linear_qkv,53,5120,1.54688,0.341797,0,0.00644531,0.000585938,0,0,0.697929,0.949495
64000,linear_qkv,54,5120,1.41406,0.298828,0,0.00546875,0.000390625,0,0,0.697044,0.944751
64000,linear_qkv,55,5120,1.48438,0.470703,0,0.003125,0,0,0,0.732579,0.947368
64000,linear_qkv,56,5120,1.53906,0.382812,0,0.00527344,0.000195313,0,0,0.681168,0.949239
64000,linear_qkv,57,5120,1.42969,0.263672,0,0.00625,0.000976562,0,0,0.649617,0.944809
64000,linear_qkv,58,5120,1.48438,0.380859,0,0.00371094,0,0,0,0.692474,0.947368
64000,linear_qkv,59,5120,1.32812,0.255859,0,0.00507812,0.000390625,0,0,0.650971,0.941176
64000,linear_qkv,60,5120,1.17969,0.396484,0,0.00175781,0,0,0,0.699934,0.940397
64000,linear_qkv,61,5120,1.14062,0.445312,0,0.00078125,0,0,0,0.747226,0.931507
64000,linear_qkv,62,5120,1.03125,0.671875,0,0,0,0,0,0.890152,0.958333
64000,linear_qkv,63,5120,0.980469,0.742188,0,0,0,0,0,0.916335,0.952191
64000,linear_fc1,0,5120,0.496094,0.0224609,0,0.00371094,0.000585938,0.000195313,0,0.61811,0.846457
64000,linear_fc1,1,5120,0.863281,0.0145264,0,0.00566406,0.00332031,0.0015625,0,0.705882,0.932127
64000,linear_fc1,2,5120,0.882812,0.0126343,0,0.00410156,0.00292969,0.000585938,0,0.884956,0.964602
64000,linear_fc1,3,5120,0.867188,0.0197754,0,0.003125,0.00136719,0.000390625,0,0.896396,0.959459
64000,linear_fc1,4,5120,0.84375,0.010376,0,0.00253906,0.00078125,0.000390625,0,0.889769,0.958333
64000,linear_fc1,5,5120,0.761719,0.0088501,0,0.000976562,0.000585938,0.000390625,0,0.892308,0.953846
64000,linear_fc1,6,5120,0.703125,0.0132446,0,0.000976562,0.000585938,0.000390625,0,0.883333,0.944444
64000,linear_fc1,7,5120,0.667969,0.0249023,0,0.0015625,0.00078125,0.000390625,0,0.878304,0.947368
64000,linear_fc1,8,5120,0.671875,0.0151978,0,0.00136719,0.00078125,0.000390625,0,0.877907,0.947674
64000,linear_fc1,9,5120,0.671875,0.0103149,0,0.00136719,0.000585938,0.000390625,0,0.879012,0.947674
64000,linear_fc1,10,5120,0.652344,0.0185547,0,0.00136719,0.000585938,0.000390625,0,0.886228,0.952096
64000,linear_fc1,11,5120,0.644531,0.0118408,0,0.00136719,0.000585938,0.000390625,0,0.890909,0.951515
64000,linear_fc1,12,5120,0.640625,0.0146484,0,0.00136719,0.000585938,0.000390625,0,0.896341,0.95122
64000,linear_fc1,13,5120,0.636719,0.0150757,0,0.00136719,0.000585938,0.000195313,0,0.895706,0.95092
64000,linear_fc1,14,5120,0.617188,0.0167236,0,0.00136719,0.000585938,0.000195313,0,0.898734,0.955696
64000,linear_fc1,15,5120,0.609375,0.0245361,0,0.000976562,0.000585938,0.000195313,0,0.903846,0.955128
64000,linear_fc1,16,5120,0.582031,0.0239258,0,0.00078125,0.000195313,0.000195313,0,0.90604,0.959732
64000,linear_fc1,17,5120,0.5625,0.0483398,0,0.000585938,0.000195313,0.000195313,0,0.902778,0.951389
64000,linear_fc1,18,5120,0.550781,0.0354004,0,0.000390625,0.000195313,0.000195313,0,0.907801,0.957447
64000,linear_fc1,19,5120,0.550781,0.041748,0,0.000195313,0.000195313,0.000195313,0,0.914894,0.957447
64000,linear_fc1,20,5120,0.558594,0.046875,0,0.000195313,0.000195313,0.000195313,0,0.916084,0.958042
64000,linear_fc1,21,5120,0.558594,0.041748,0,0.000585938,0.000195313,0.000195313,0,0.916084,0.958042
64000,linear_fc1,22,5120,0.554688,0.0212402,0,0.00117188,0.000390625,0.000195313,0,0.922535,0.964789
64000,linear_fc1,23,5120,0.5625,0.0366211,0,0.000976562,0.000390625,0.000195313,0,0.923611,0.965278
64000,linear_fc1,24,5120,0.574219,0.0230713,0,0.000976562,0.000585938,0.000195313,0,0.92517,0.965986
64000,linear_fc1,25,5120,0.601562,0.0233154,0,0.00117188,0.000390625,0.000390625,0,0.928571,0.967532
64000,linear_fc1,26,5120,0.621094,0.0150757,0,0.000976562,0.00078125,0.000390625,0,0.930818,0.968553
64000,linear_fc1,27,5120,0.644531,0.0218506,0,0.00136719,0.00078125,0.000390625,0,0.933333,0.969697
64000,linear_fc1,28,5120,0.664062,0.0132446,0,0.0015625,0.00078125,0.000390625,0,0.935294,0.976471
64000,linear_fc1,29,5120,0.683594,0.00723267,0,0.0015625,0.00078125,0.000390625,0,0.937143,0.971429
64000,linear_fc1,30,5120,0.707031,0.0241699,0,0.00136719,0.000585938,0.000390625,0,0.940276,0.972376
64000,linear_fc1,31,5120,0.726562,0.0186768,0,0.00136719,0.000585938,0.000390625,0,0.946237,0.978495
64000,linear_fc1,32,5120,0.742188,0.00964355,0,0.00136719,0.000585938,0.000390625,0,0.947368,0.973684
64000,linear_fc1,33,5120,0.757812,0.00994873,0,0.0015625,0.000976562,0.000195313,0,0.948454,0.979381
64000,linear_fc1,34,5120,0.777344,0.0055542,0,0.0015625,0.00117188,0.000195313,0.000195313,0.949749,0.979899
64000,linear_fc1,35,5120,0.804688,0.00692749,0,0.00175781,0.00117188,0.000195313,0.000195313,0.951456,0.980583
64000,linear_fc1,36,5120,0.832031,0.00915527,0,0.00175781,0.00117188,0.000195313,0,0.943662,0.976526
64000,linear_fc1,37,5120,0.851562,0.00253296,0,0.00214844,0.000976562,0.000390625,0.000195313,0.940367,0.977064
64000,linear_fc1,38,5120,0.867188,0.00701904,0,0.00214844,0.000976562,0.000390625,0.000195313,0.942297,0.981982
64000,linear_fc1,39,5120,0.882812,0.00331116,0,0.00234375,0.00117188,0.000390625,0.000195313,0.934469,0.977876
64000,linear_fc1,40,5120,0.894531,0.00328064,0,0.00234375,0.00117188,0.000390625,0.000195313,0.922227,0.978166
64000,linear_fc1,41,5120,0.90625,0.00653076,0,0.00253906,0.00117188,0.000390625,0.000195313,0.928362,0.978448
64000,linear_fc1,42,5120,0.917969,0.00494385,0,0.00332031,0.000976562,0.000390625,0.000195313,0.908,0.982979
64000,linear_fc1,43,5120,0.929688,0.00689697,0,0.00332031,0.000976562,0.000390625,0.000195313,0.894748,0.978992
64000,linear_fc1,44,5120,0.9375,0.00524902,0,0.00351562,0.000976562,0.000390625,0.000195313,0.877375,0.979167
64000,linear_fc1,45,5120,0.941406,0.00686646,0,0.00351562,0.000976562,0.000390625,0.000195313,0.892697,0.983402
64000,linear_fc1,46,5120,0.949219,0.00976562,0,0.00371094,0.000976562,0.000390625,0,0.887901,0.983539
64000,linear_fc1,47,5120,0.957031,0.0129395,0,0.00390625,0.000976562,0.000390625,0,0.898735,0.983673
64000,linear_fc1,48,5120,0.964844,0.00570679,0,0.00429688,0.00117188,0.000390625,0.000195313,0.871012,0.979757
64000,linear_fc1,49,5120,0.976562,0.0236816,0,0.0046875,0.000976562,0.000195313,0,0.852,0.98
64000,linear_fc1,50,5120,0.980469,0.0159912,0,0.0046875,0.000976562,0.000195313,0,0.83494,0.98008
64000,linear_fc1,51,5120,0.988281,0.0410156,0,0.00488281,0.00117188,0.000195313,0,0.849605,0.980237
64000,linear_fc1,52,5120,0.992188,0.0446777,0,0.00507812,0.000976562,0.000195313,0,0.859764,0.980315
64000,linear_fc1,53,5120,0.996094,0.0888672,0,0.00410156,0.000976562,0.000195313,0,0.88702,0.984314
64000,linear_fc1,54,5120,1.00781,0.126953,0,0.00429688,0.000585938,0,0,0.888333,0.98062
64000,linear_fc1,55,5120,1,0.100098,0,0.00390625,0.000390625,0,0,0.911641,0.984375
64000,linear_fc1,56,5120,1.00781,0.119141,0,0.00390625,0.000195313,0,0,0.911589,0.976744
64000,linear_fc1,57,5120,1.01562,0.172852,0,0.00371094,0.000195313,0,0,0.923077,0.980769
64000,linear_fc1,58,5120,1.02344,0.210938,0,0.00390625,0.000195313,0,0,0.893855,0.973282
64000,linear_fc1,59,5120,1.01562,0.273438,0,0.00390625,0,0,0,0.916115,0.973077
64000,linear_fc1,60,5120,1.03125,0.277344,0,0.00371094,0,0,0,0.902235,0.969697
64000,linear_fc1,61,5120,1.05469,0.333984,0,0.00195312,0,0,0,0.891704,0.97037
64000,linear_fc1,62,5120,1.09375,0.515625,0,0.000390625,0,0,0,0.921429,0.971429
64000,linear_fc1,63,5120,1.17969,0.730469,0,0,0,0,0,0.92053,0.960265
64000,q_layernorm,0,128,1.21094,0.241211,0,0.046875,0.0078125,0,0,0.300113,0.654194
64000,q_layernorm,1,128,1.58594,1.04688,0,0,0,0,0,0.710148,0.862069
64000,q_layernorm,2,128,1.5625,0.917969,0,0,0,0,0,0.68135,0.7875
64000,q_layernorm,3,128,1.65625,1.08594,0,0,0,0,0,0.678726,0.767453
64000,q_layernorm,4,128,1.59375,1.01562,0,0,0,0,0,0.670098,0.802451
64000,q_layernorm,5,128,1.53125,0.796875,0,0,0,0,0,0.697041,0.823469
64000,q_layernorm,6,128,1.875,0.921875,0,0.0078125,0,0,0,0.518125,0.747917
64000,q_layernorm,7,128,1.76562,0.0629883,0,0.0390625,0.0390625,0.0390625,0,0.0468971,0.780089
64000,q_layernorm,8,128,1.70312,0.269531,0,0.03125,0.0234375,0,0,0.191468,0.819725
64000,q_layernorm,9,128,1.70312,0.0625,0,0.0234375,0.0234375,0.0078125,0,0.189209,0.760092
64000,q_layernorm,10,128,1.6875,0.691406,0,0.0078125,0,0,0,0.608403,0.810185
64000,q_layernorm,11,128,1.79688,0.443359,0,0.03125,0.0078125,0,0,0.282196,0.763913
64000,q_layernorm,12,128,1.67188,0.601562,0,0.0078125,0,0,0,0.589836,0.802336
64000,q_layernorm,13,128,1.64062,0.0322266,0,0.03125,0.015625,0.015625,0,0.15425,0.768571
64000,q_layernorm,14,128,1.57812,0.326172,0,0.0390625,0.0078125,0,0,0.332921,0.785644
64000,q_layernorm,15,128,1.73438,0.198242,0,0.03125,0.0078125,0,0,0.394865,0.817568
64000,q_layernorm,16,128,1.54688,0.478516,0,0.0234375,0,0,0,0.46245,0.806566
64000,q_layernorm,17,128,1.75781,0.875,0,0.0078125,0,0,0,0.536756,0.767556
64000,q_layernorm,18,128,1.77344,0.189453,0,0.046875,0.03125,0,0,0.119648,0.738767
64000,q_layernorm,19,128,1.89062,0.139648,0,0.0546875,0.0234375,0.0078125,0,0.191529,0.718595
64000,q_layernorm,20,128,1.70312,0.0344238,0,0.046875,0.03125,0.0234375,0,0.0575803,0.710092
64000,q_layernorm,21,128,1.72656,0.0388184,0,0.0703125,0.0390625,0.0234375,0,0.0449307,0.662443
64000,q_layernorm,22,128,1.84375,0.000121593,0.0078125,0.078125,0.0703125,0.0625,0.0234375,0.00881323,0.71822
64000,q_layernorm,23,128,1.75,0.065918,0,0.03125,0.0078125,0.0078125,0,0.386987,0.734375
64000,q_layernorm,24,128,1.71875,0.382812,0,0.03125,0.0078125,0,0,0.390955,0.766818
64000,q_layernorm,25,128,1.75,0.0274658,0,0.101562,0.078125,0.078125,0,0.0220243,0.528571
64000,q_layernorm,26,128,1.60938,0.0223389,0,0.171875,0.148438,0.132812,0,0.0242339,0.074909
64000,q_layernorm,27,128,1.71875,0.0235596,0,0.0859375,0.0546875,0.046875,0,0.0321406,0.565227
64000,q_layernorm,28,128,1.60156,0.0311279,0.0078125,0.171875,0.164062,0.117188,0,0.0241387,0.0841463
64000,q_layernorm,29,128,1.67969,0.0150146,0,0.132812,0.125,0.0859375,0.0078125,0.014064,0.142035
64000,q_layernorm,30,128,1.63281,0.00558472,0,0.078125,0.0390625,0.03125,0.0078125,0.0188487,0.68756
64000,q_layernorm,31,128,1.59375,0.0654297,0,0.132812,0.0859375,0.0546875,0,0.0584222,0.281863
64000,q_layernorm,32,128,1.6875,0.0688477,0,0.046875,0.046875,0.0234375,0,0.0477894,0.759722
64000,q_layernorm,33,128,1.625,0.0341797,0,0.234375,0.195312,0.101562,0,0.0296499,0.0990986
64000,q_layernorm,34,128,1.66406,0.0212402,0,0.15625,0.140625,0.101562,0,0.0165244,0.0993545
64000,q_layernorm,35,128,1.70312,0.0227051,0,0.0625,0.046875,0.0390625,0,0.0617403,0.711927
64000,q_layernorm,36,128,1.65625,0.029541,0,0.125,0.101562,0.0390625,0,0.0499558,0.240566
64000,q_layernorm,37,128,1.46094,0.302734,0,0.101562,0.0078125,0,0,0.314385,0.500267
64000,q_layernorm,38,128,1.65625,1.10938,0,0,0,0,0,0.798443,0.90566
64000,q_layernorm,39,128,1.54688,0.519531,0,0.0390625,0,0,0,0.414874,0.692424
64000,q_layernorm,40,128,1.58594,0.12793,0,0.1875,0.0625,0.0078125,0,0.121004,0.336207
64000,q_layernorm,41,128,1.57031,0.210938,0,0.164062,0.046875,0,0,0.143296,0.3801
64000,q_layernorm,42,128,1.42188,0.390625,0,0.179688,0,0,0,0.283338,0.385714
64000,q_layernorm,43,128,1.44531,0.457031,0,0.132812,0,0,0,0.346892,0.455676
64000,q_layernorm,44,128,1.53125,0.291016,0,0.257812,0.0390625,0,0,0.195842,0.279337
64000,q_layernorm,45,128,1.55469,0.0986328,0,0.226562,0.179688,0.0390625,0,0.0743624,0.144724
64000,q_layernorm,46,128,1.58594,0.0644531,0,0.171875,0.117188,0.0625,0,0.0561176,0.16835
64000,q_layernorm,47,128,1.49219,0.125977,0,0.1875,0.164062,0.0234375,0,0.087572,0.182853
64000,q_layernorm,48,128,1.65625,0.052002,0,0.101562,0.09375,0.0625,0,0.0482134,0.550236
64000,q_layernorm,49,128,1.51562,0.0149536,0,0.140625,0.125,0.09375,0.0078125,0.0178294,0.111211
64000,q_layernorm,50,128,1.51562,0.192383,0,0.0390625,0.03125,0,0,0.147713,0.780412
64000,q_layernorm,51,128,1.63281,0.00358582,0.0078125,0.078125,0.0625,0.0234375,0.0078125,0.0672279,0.564354
64000,q_layernorm,52,128,1.57812,0.111328,0,0.015625,0.015625,0.0078125,0,0.290421,0.825248
64000,q_layernorm,53,128,1.61719,0.0693359,0,0.125,0.0859375,0.0703125,0,0.0475091,0.270894
64000,q_layernorm,54,128,1.54688,0.0529785,0,0.179688,0.140625,0.0625,0,0.0464157,0.149242
64000,q_layernorm,55,128,1.59375,0.597656,0,0.0234375,0,0,0,0.432475,0.819118
64000,q_layernorm,56,128,1.625,0.271484,0,0.0234375,0.0078125,0,0,0.449832,0.812981
64000,q_layernorm,57,128,1.58594,0.041748,0,0.0390625,0.03125,0.0234375,0,0.0472383,0.780296
64000,q_layernorm,58,128,1.63281,1.14844,0,0,0,0,0,0.727273,0.878947
64000,q_layernorm,59,128,1.55469,1.02344,0,0,0,0,0,0.726332,0.854271
64000,q_layernorm,60,128,1.5,0.929688,0,0,0,0,0,0.691719,0.831771
64000,q_layernorm,61,128,1.47656,0.925781,0,0,0,0,0,0.706984,0.838095
64000,q_layernorm,62,128,1.38281,1.07812,0,0,0,0,0,0.806836,0.857062
64000,q_layernorm,63,128,1.1875,0.820312,0,0,0,0,0,0.778882,0.9125
64000,k_layernorm,0,128,1.25,0.205078,0,0.0625,0.015625,0,0,0.268969,0.544062
64000,k_layernorm,1,128,1.57812,0.984375,0,0,0,0,0,0.765446,0.864851
64000,k_layernorm,2,128,1.5625,0.871094,0,0,0,0,0,0.6354,0.7835
64000,k_layernorm,3,128,1.70312,0.785156,0,0.0078125,0,0,0,0.561032,0.700459
64000,k_layernorm,4,128,1.58594,0.847656,0,0,0,0,0,0.605172,0.745813
64000,k_layernorm,5,128,1.50781,1.03906,0,0,0,0,0,0.707461,0.803109
64000,k_layernorm,6,128,1.88281,0.710938,0,0.0078125,0,0,0,0.548714,0.729046
64000,k_layernorm,7,128,1.72656,0.0181885,0,0.0625,0.03125,0.03125,0,0.0526753,0.710407
64000,k_layernorm,8,128,1.6875,0.101074,0,0.0390625,0.0234375,0.0078125,0,0.22375,0.77963
64000,k_layernorm,9,128,1.67188,0.0678711,0,0.0546875,0.0234375,0.015625,0,0.086948,0.707944
64000,k_layernorm,10,128,1.67188,0.617188,0,0.0078125,0,0,0,0.520958,0.747664
64000,k_layernorm,11,128,1.76562,0.208008,0,0.0625,0.015625,0,0,0.257854,0.662389
64000,k_layernorm,12,128,1.625,0.894531,0,0,0,0,0,0.610962,0.811058
64000,k_layernorm,13,128,1.63281,0.046875,0,0.046875,0.015625,0.0078125,0,0.154785,0.757895
64000,k_layernorm,14,128,1.57031,0.0854492,0,0.0234375,0.015625,0.015625,0,0.14921,0.723881
64000,k_layernorm,15,128,1.71094,0.21875,0,0.015625,0.0078125,0,0,0.399795,0.73516
64000,k_layernorm,16,128,1.55469,0.367188,0,0.0546875,0.015625,0,0,0.25956,0.762312
64000,k_layernorm,17,128,1.77344,0.628906,0,0.015625,0,0,0,0.480815,0.737445
64000,k_layernorm,18,128,1.74219,0.0297852,0,0.09375,0.0390625,0.03125,0,0.0198823,0.643498
64000,k_layernorm,19,128,1.84375,0.0249023,0,0.0625,0.0390625,0.0234375,0,0.0746345,0.663983
64000,k_layernorm,20,128,1.6875,0.0195312,0,0.0625,0.0390625,0.03125,0,0.0213035,0.683796
64000,k_layernorm,21,128,1.71875,0.00646973,0,0.078125,0.046875,0.0390625,0.0078125,0.0422301,0.582955
64000,k_layernorm,22,128,1.78906,0.00643921,0,0.0859375,0.0703125,0.0625,0.0078125,0.0243968,0.525983
64000,k_layernorm,23,128,1.75,0.0634766,0,0.0546875,0.0234375,0.015625,0,0.107782,0.716071
64000,k_layernorm,24,128,1.66406,0.00772095,0,0.0390625,0.015625,0.0078125,0.0078125,0.201526,0.796714
64000,k_layernorm,25,128,1.71094,0.0393066,0.0078125,0.132812,0.101562,0.078125,0,0.0313299,0.269521
64000,k_layernorm,26,128,1.64062,0.0105591,0,0.203125,0.15625,0.117188,0.0078125,0.0110179,0.0769643
64000,k_layernorm,27,128,1.71875,0.00650024,0.0078125,0.117188,0.0859375,0.0546875,0.0234375,0.00674467,0.3575
64000,k_layernorm,28,128,1.60938,0.032959,0,0.234375,0.1875,0.109375,0,0.0272588,0.0867718
64000,k_layernorm,29,128,1.67188,0.0332031,0,0.1875,0.15625,0.0859375,0,0.0297459,0.113376
64000,k_layernorm,30,128,1.61719,0.00230408,0,0.117188,0.0703125,0.0390625,0.015625,0.0132216,0.421739
64000,k_layernorm,31,128,1.57812,0.0712891,0,0.179688,0.117188,0.0390625,0,0.0547061,0.243193
64000,k_layernorm,32,128,1.67969,0.0385742,0,0.09375,0.0625,0.03125,0,0.0325916,0.537907
64000,k_layernorm,33,128,1.60938,0.0437012,0,0.289062,0.21875,0.125,0,0.0600212,0.0855583
64000,k_layernorm,34,128,1.6875,0.0123291,0,0.210938,0.1875,0.140625,0.0078125,0.0147309,0.0920139
64000,k_layernorm,35,128,1.71875,0.034668,0,0.164062,0.0859375,0.0390625,0,0.0297259,0.318636
64000,k_layernorm,36,128,1.66406,0.0976562,0,0.1875,0.132812,0.0390625,0,0.0679783,0.16561
64000,k_layernorm,37,128,1.44531,0.410156,0,0.125,0,0,0,0.292432,0.477297
64000,k_layernorm,38,128,1.625,0.640625,0,0.0078125,0,0,0,0.621274,0.848558
64000,k_layernorm,39,128,1.51562,0.234375,0,0.0703125,0.0078125,0,0,0.372526,0.576804
64000,k_layernorm,40,128,1.55469,0.181641,0,0.210938,0.0625,0,0,0.144158,0.316206
64000,k_layernorm,41,128,1.57031,0.219727,0,0.210938,0.046875,0,0,0.178557,0.335075
64000,k_layernorm,42,128,1.40625,0.373047,0,0.226562,0,0,0,0.276083,0.411111
64000,k_layernorm,43,128,1.45312,0.304688,0,0.203125,0.0234375,0,0,0.221626,0.33629
64000,k_layernorm,44,128,1.50781,0.265625,0,0.273438,0.03125,0,0,0.216386,0.286788
64000,k_layernorm,45,128,1.54688,0.0922852,0,0.257812,0.171875,0.0625,0,0.0625663,0.141982
64000,k_layernorm,46,128,1.58594,0.0449219,0,0.226562,0.15625,0.0546875,0,0.06121,0.151108
64000,k_layernorm,47,128,1.47656,0.121094,0,0.210938,0.148438,0.0234375,0,0.0871462,0.186772
64000,k_layernorm,48,128,1.64844,0.0336914,0,0.15625,0.109375,0.09375,0,0.0323149,0.139573
64000,k_layernorm,49,128,1.52344,0.00759888,0.0078125,0.171875,0.140625,0.09375,0.0078125,0.0368958,0.132115
64000,k_layernorm,50,128,1.53125,0.131836,0,0.0546875,0.03125,0.015625,0,0.106046,0.712245
64000,k_layernorm,51,128,1.61719,0.0244141,0,0.148438,0.09375,0.0546875,0,0.0236398,0.290097
64000,k_layernorm,52,128,1.58594,0.0473633,0,0.0546875,0.03125,0.0078125,0,0.165751,0.59803
64000,k_layernorm,53,128,1.625,0.0380859,0,0.171875,0.101562,0.0859375,0,0.0512019,0.271514
64000,k_layernorm,54,128,1.55469,0.0332031,0,0.203125,0.15625,0.0703125,0,0.0583825,0.120352
64000,k_layernorm,55,128,1.58594,0.174805,0,0.0390625,0.0234375,0,0,0.139815,0.741379
64000,k_layernorm,56,128,1.60938,0.0238037,0,0.03125,0.015625,0.0078125,0,0.263192,0.749029
64000,k_layernorm,57,128,1.59375,0.0610352,0,0.0390625,0.03125,0.0234375,0,0.0596569,0.713235
64000,k_layernorm,58,128,1.58594,1.125,0,0,0,0,0,0.731724,0.855665
64000,k_layernorm,59,128,1.54688,1.05469,0,0,0,0,0,0.727273,0.822222
64000,k_layernorm,60,128,1.50781,0.574219,0,0.0390625,0,0,0,0.399793,0.740933
64000,k_layernorm,61,128,1.44531,0.773438,0,0,0,0,0,0.650892,0.849189
64000,k_layernorm,62,128,1.35156,1.0625,0,0,0,0,0,0.79815,0.882659
64000,k_layernorm,63,128,1.19531,0.832031,0,0,0,0,0,0.791013,0.895425
64000,final_layernorm,-1,5120,1.64844,0.294922,0,0.000195313,0.000195313,0,0,0.966825,0.981043
68000,linear_qkv,0,5120,0.0429688,0.00366211,0,0.00449219,0.0015625,0.000195313,0,0.651108,0.846591
68000,linear_qkv,1,5120,0.318359,0.045166,0,0.000585938,0.000390625,0,0,0.858896,0.920245
68000,linear_qkv,2,5120,0.546875,0.0339355,0,0.000976562,0.00078125,0.000195313,0,0.826357,0.928571
68000,linear_qkv,3,5120,0.675781,0.0402832,0,0.00078125,0.000195313,0.000195313,0,0.867052,0.936416
68000,linear_qkv,4,5120,0.703125,0.0439453,0,0.000585938,0.000195313,0.000195313,0,0.855556,0.933333
68000,linear_qkv,5,5120,0.8125,0.0634766,0,0.000585938,0.000195313,0.000195313,0,0.850962,0.932692
68000,linear_qkv,6,5120,0.886719,0.12207,0,0.000585938,0.000195313,0,0,0.845815,0.92511
68000,linear_qkv,7,5120,1.07812,0.217773,0,0.000585938,0.000195313,0,0,0.865942,0.934783
68000,linear_qkv,8,5120,1.01562,0.157227,0,0.000585938,0.000195313,0,0,0.842308,0.926923
68000,linear_qkv,9,5120,0.949219,0.161133,0,0.000585938,0.000195313,0,0,0.855967,0.93786
68000,linear_qkv,10,5120,0.960938,0.191406,0,0.000585938,0.000195313,0,0,0.865854,0.934959
68000,linear_qkv,11,5120,1.03125,0.269531,0,0.000585938,0,0,0,0.856061,0.931818
68000,linear_qkv,12,5120,0.972656,0.235352,0,0.000585938,0.000195313,0,0,0.88755,0.947791
68000,linear_qkv,13,5120,1.03125,0.261719,0,0.000585938,0,0,0,0.875,0.939394
68000,linear_qkv,14,5120,0.996094,0.330078,0,0.000585938,0,0,0,0.882353,0.945098
68000,linear_qkv,15,5120,1.11719,0.429688,0,0.000585938,0,0,0,0.881119,0.944056
68000,linear_qkv,16,5120,1.14062,0.554688,0,0.000195313,0,0,0,0.89726,0.945205
68000,linear_qkv,17,5120,1.25781,0.667969,0,0,0,0,0,0.906832,0.950311
68000,linear_qkv,18,5120,1.22656,0.589844,0,0.000390625,0,0,0,0.88535,0.942675
68000,linear_qkv,19,5120,1.34375,0.640625,0,0.000195313,0,0,0,0.906977,0.953488
68000,linear_qkv,20,5120,1.21875,0.625,0,0,0,0,0,0.905064,0.955128
68000,linear_qkv,21,5120,1.21875,0.691406,0,0,0,0,0,0.923077,0.961538
68000,linear_qkv,22,5120,1.47656,0.648438,0,0.000390625,0,0,0,0.915344,0.957672
68000,linear_qkv,23,5120,1.47656,0.710938,0,0.000195313,0,0,0,0.925926,0.962963
68000,linear_qkv,24,5120,1.44531,0.671875,0,0.000195313,0,0,0,0.92973,0.962162
68000,linear_qkv,25,5120,1.375,0.492188,0,0.00117188,0,0,0,0.914773,0.960227
68000,linear_qkv,26,5120,1.3125,0.447266,0,0.000390625,0,0,0,0.911845,0.958333
68000,linear_qkv,27,5120,1.57812,0.466797,0,0.00078125,0,0,0,0.905941,0.955446
68000,linear_qkv,28,5120,1.4375,0.353516,0,0.0015625,0.000390625,0,0,0.88587,0.945652
68000,linear_qkv,29,5120,1.46875,0.412109,0,0.0015625,0,0,0,0.904255,0.952128
68000,linear_qkv,30,5120,1.66406,0.369141,0,0.000976562,0.000195313,0,0,0.892911,0.948357
68000,linear_qkv,31,5120,1.29688,0.224609,0,0.000976562,0.000390625,0,0,0.891566,0.951807
68000,linear_qkv,32,5120,1.4375,0.296875,0,0.00175781,0.000390625,0,0,0.908641,0.956522
68000,linear_qkv,33,5120,1.4375,0.235352,0,0.00214844,0.000390625,0,0,0.869565,0.940217
68000,linear_qkv,34,5120,1.66406,0.291016,0,0.00214844,0.000390625,0,0,0.873239,0.943662
68000,linear_qkv,35,5120,1.53125,0.251953,0,0.0015625,0.000390625,0,0,0.887755,0.954082
68000,linear_qkv,36,5120,1.32031,0.211914,0,0.00214844,0.000390625,0,0,0.859112,0.946746
68000,linear_qkv,37,5120,0.921875,0.131836,0,0.00117188,0.000195313,0,0,0.877924,0.940678
68000,linear_qkv,38,5120,1.21875,0.25,0,0.000390625,0.000195313,0,0,0.910256,0.955128
68000,linear_qkv,39,5120,0.996094,0.234375,0,0.0015625,0.000195313,0,0,0.879176,0.94902
68000,linear_qkv,40,5120,1.11719,0.21875,0,0.00175781,0.000195313,0,0,0.863636,0.951049
68000,linear_qkv,41,5120,1.05469,0.214844,0,0.00234375,0.000195313,0,0,0.862963,0.948148
68000,linear_qkv,42,5120,0.953125,0.273438,0,0.00234375,0,0,0,0.840164,0.938525
68000,linear_qkv,43,5120,1,0.302734,0,0.00195312,0,0,0,0.824961,0.945312
68000,linear_qkv,44,5120,1.08594,0.248047,0,0.00273437,0.000195313,0,0,0.811403,0.942446
68000,linear_qkv,45,5120,1.19531,0.296875,0,0.00175781,0.000195313,0,0,0.820882,0.954248
68000,linear_qkv,46,5120,1.28125,0.34375,0,0.00175781,0,0,0,0.795,0.95122
68000,linear_qkv,47,5120,1.09375,0.429688,0,0.00136719,0,0,0,0.814964,0.949286
68000,linear_qkv,48,5120,1.42188,0.431641,0,0.00175781,0,0,0,0.808736,0.950549
68000,linear_qkv,49,5120,1.35156,0.394531,0,0.00195312,0,0,0,0.810347,0.947977
68000,linear_qkv,50,5120,1.28125,0.439453,0,0.00175781,0,0,0,0.799939,0.95122
68000,linear_qkv,51,5120,1.44531,0.435547,0,0.00332031,0,0,0,0.691757,0.945946
68000,linear_qkv,52,5120,1.39062,0.488281,0,0.00195312,0,0,0,0.769663,0.955056
68000,linear_qkv,53,5120,1.58594,0.332031,0,0.00625,0.000585938,0,0,0.697389,0.950739
68000,linear_qkv,54,5120,1.44531,0.283203,0,0.00585938,0.000390625,0,0,0.702703,0.945946
68000,linear_qkv,55,5120,1.51562,0.433594,0,0.003125,0,0,0,0.742268,0.948454
68000,linear_qkv,56,5120,1.57031,0.347656,0,0.00546875,0.000195313,0,0,0.669502,0.950249
68000,linear_qkv,57,5120,1.45312,0.223633,0,0.00605469,0.000976562,0,0,0.650403,0.946237
68000,linear_qkv,58,5120,1.51562,0.361328,0,0.00390625,0.000195313,0,0,0.681392,0.948454
68000,linear_qkv,59,5120,1.35156,0.244141,0,0.00585938,0.000585938,0,0,0.658266,0.942197
68000,linear_qkv,60,5120,1.19531,0.400391,0,0.00175781,0,0,0,0.700588,0.941176
68000,linear_qkv,61,5120,1.14844,0.441406,0,0.00078125,0,0,0,0.755102,0.931973
68000,linear_qkv,62,5120,1.03125,0.664062,0,0,0,0,0,0.890152,0.958333
68000,linear_qkv,63,5120,0.980469,0.734375,0,0,0,0,0,0.916335,0.952191
68000,linear_fc1,0,5120,0.484375,0.0179443,0,0.00351562,0.000585938,0.000195313,0,0.613669,0.842742
68000,linear_fc1,1,5120,0.847656,0.0114746,0,0.00566406,0.00332031,0.0015625,0,0.698479,0.930876
68000,linear_fc1,2,5120,0.882812,0.0108032,0,0.00410156,0.00292969,0.000585938,0,0.876947,0.960177
68000,linear_fc1,3,5120,0.867188,0.0153809,0,0.003125,0.00136719,0.000390625,0,0.891892,0.959459
68000,linear_fc1,4,5120,0.84375,0.00595093,0,0.00253906,0.00078125,0.000390625,0.000195313,0.888889,0.958333
68000,linear_fc1,5,5120,0.761719,0.00830078,0,0.000976562,0.000585938,0.000390625,0,0.893282,0.953846
68000,linear_fc1,6,5120,0.703125,0.0127563,0,0.00117188,0.000585938,0.000390625,0,0.883333,0.95
68000,linear_fc1,7,5120,0.671875,0.0216064,0,0.0015625,0.00078125,0.000390625,0,0.883721,0.947674
68000,linear_fc1,8,5120,0.675781,0.0120239,0,0.00136719,0.00078125,0.000390625,0,0.873931,0.942197
68000,linear_fc1,9,5120,0.671875,0.00720215,0,0.00136719,0.000585938,0.000390625,0,0.883721,0.953488
68000,linear_fc1,10,5120,0.65625,0.0149536,0,0.00136719,0.000585938,0.000390625,0,0.880952,0.946429
68000,linear_fc1,11,5120,0.644531,0.00848389,0,0.00136719,0.000585938,0.000390625,0,0.884848,0.951515
68000,linear_fc1,12,5120,0.640625,0.0110474,0,0.00136719,0.000585938,0.000390625,0,0.891402,0.95122
68000,linear_fc1,13,5120,0.636719,0.0109863,0,0.00136719,0.000585938,0.000195313,0,0.895706,0.95092
68000,linear_fc1,14,5120,0.617188,0.0131226,0,0.00136719,0.000585938,0.000195313,0,0.892405,0.955696
68000,linear_fc1,15,5120,0.605469,0.0196533,0,0.00117188,0.000390625,0.000195313,0,0.903226,0.954839
68000,linear_fc1,16,5120,0.582031,0.0185547,0,0.00078125,0.000195313,0.000195313,0,0.90604,0.95302
68000,linear_fc1,17,5120,0.558594,0.0405273,0,0.000585938,0.000195313,0.000195313,0,0.909091,0.958042
68000,linear_fc1,18,5120,0.550781,0.0291748,0,0.000390625,0.000195313,0.000195313,0,0.904255,0.957447
68000,linear_fc1,19,5120,0.546875,0.0368652,0,0.000195313,0.000195313,0.000195313,0,0.910714,0.957143
68000,linear_fc1,20,5120,0.554688,0.0390625,0,0.000390625,0.000195313,0.000195313,0,0.915493,0.957746
68000,linear_fc1,21,5120,0.554688,0.0322266,0,0.00078125,0.000195313,0.000195313,0,0.915493,0.957746
68000,linear_fc1,22,5120,0.550781,0.0153198,0,0.00117188,0.000390625,0.000195313,0,0.914894,0.964539
68000,linear_fc1,23,5120,0.558594,0.0303955,0,0.000976562,0.000390625,0.000195313,0,0.917413,0.965035
68000,linear_fc1,24,5120,0.570312,0.0194092,0,0.00117188,0.00078125,0.000195313,0,0.924658,0.965753
68000,linear_fc1,25,5120,0.597656,0.019043,0,0.00117188,0.000976562,0.000390625,0,0.92281,0.96732
68000,linear_fc1,26,5120,0.617188,0.0123291,0,0.000976562,0.000976562,0.000390625,0,0.93038,0.968354
68000,linear_fc1,27,5120,0.640625,0.0183105,0,0.0015625,0.00078125,0.000390625,0,0.932927,0.969512
68000,linear_fc1,28,5120,0.664062,0.00909424,0,0.0015625,0.00078125,0.000390625,0,0.935294,0.970588
68000,linear_fc1,29,5120,0.683594,0.00582886,0,0.0015625,0.00078125,0.000390625,0.000195313,0.931429,0.971429
68000,linear_fc1,30,5120,0.703125,0.0212402,0,0.00136719,0.000585938,0.000390625,0,0.939944,0.977778
68000,linear_fc1,31,5120,0.726562,0.0177002,0,0.00136719,0.000585938,0.000390625,0,0.94086,0.973118
68000,linear_fc1,32,5120,0.738281,0.00927734,0,0.00136719,0.000585938,0.000390625,0,0.94709,0.978836
68000,linear_fc1,33,5120,0.753906,0.00946045,0,0.0015625,0.000976562,0.000195313,0,0.948187,0.979275
68000,linear_fc1,34,5120,0.777344,0.00482178,0,0.00175781,0.000976562,0.000195313,0.000195313,0.945678,0.974874
68000,linear_fc1,35,5120,0.800781,0.00494385,0,0.00175781,0.00117188,0.000195313,0.000195313,0.946341,0.980488
68000,linear_fc1,36,5120,0.828125,0.00848389,0,0.00175781,0.00117188,0.000195313,0,0.948113,0.976415
68000,linear_fc1,37,5120,0.847656,0.0043335,0,0.00214844,0.00117188,0.000195313,0.000195313,0.940968,0.976959
68000,linear_fc1,38,5120,0.863281,0.00509644,0,0.00214844,0.000976562,0.000390625,0.000195313,0.942036,0.977376
68000,linear_fc1,39,5120,0.878906,0.000743866,0,0.00214844,0.00117188,0.000390625,0.000195313,0.934178,0.977778
68000,linear_fc1,40,5120,0.890625,0.00228882,0,0.00234375,0.00117188,0.000390625,0.000195313,0.929825,0.97807
68000,linear_fc1,41,5120,0.902344,0.00448608,0,0.00273437,0.00117188,0.000390625,0.000195313,0.928052,0.978355
68000,linear_fc1,42,5120,0.914062,0.00546265,0,0.00332031,0.000976562,0.000390625,0.000195313,0.906795,0.982906
68000,linear_fc1,43,5120,0.925781,0.00662231,0,0.00351562,0.000976562,0.000390625,0.000195313,0.908776,0.978903
68000,linear_fc1,44,5120,0.933594,0.00379944,0,0.00351562,0.000976562,0.000390625,0.000195313,0.88523,0.979079
68000,linear_fc1,45,5120,0.941406,0.00488281,0,0.00371094,0.000976562,0.000390625,0.000195313,0.885975,0.979253
68000,linear_fc1,46,5120,0.945312,0.00799561,0,0.00390625,0.000976562,0.000390625,0.000195313,0.886653,0.983471
68000,linear_fc1,47,5120,0.953125,0.00970459,0,0.00429688,0.000976562,0.000390625,0,0.899877,0.983607
68000,linear_fc1,48,5120,0.960938,0.00805664,0,0.00449219,0.00117188,0.000390625,0.000195313,0.878821,0.979675
68000,linear_fc1,49,5120,0.972656,0.022583,0,0.0046875,0.00117188,0.000195313,0,0.868996,0.97992
68000,linear_fc1,50,5120,0.980469,0.0115967,0,0.0046875,0.00117188,0.000195313,0,0.83741,0.98008
68000,linear_fc1,51,5120,0.988281,0.0383301,0,0.00488281,0.00117188,0.000195313,0,0.849802,0.980237
68000,linear_fc1,52,5120,0.992188,0.041748,0,0.00507812,0.000976562,0.000195313,0,0.850394,0.980315
68000,linear_fc1,53,5120,0.996094,0.0869141,0,0.00429688,0.000585938,0.000195313,0,0.867216,0.980392
68000,linear_fc1,54,5120,1.00781,0.123047,0,0.00390625,0.000585938,0,0,0.889806,0.976744
68000,linear_fc1,55,5120,1,0.097168,0,0.00390625,0.000390625,0.000195313,0,0.908477,0.980469
68000,linear_fc1,56,5120,1,0.112793,0,0.00332031,0.000195313,0,0,0.942148,0.980469
68000,linear_fc1,57,5120,1.01562,0.166992,0,0.00390625,0.000195313,0,0,0.939192,0.976923
68000,linear_fc1,58,5120,1.02344,0.207031,0,0.00371094,0.000195313,0,0,0.92584,0.973282
68000,linear_fc1,59,5120,1.01562,0.273438,0,0.00390625,0,0,0,0.913,0.976923
68000,linear_fc1,60,5120,1.03125,0.269531,0,0.00390625,0,0,0,0.901515,0.977273
68000,linear_fc1,61,5120,1.05469,0.318359,0,0.00234375,0,0,0,0.901407,0.97037
68000,linear_fc1,62,5120,1.09375,0.494141,0,0.000585938,0,0,0,0.928571,0.971429
68000,linear_fc1,63,5120,1.1875,0.714844,0,0,0,0,0,0.921053,0.953947
68000,q_layernorm,0,128,1.21094,0.238281,0,0.046875,0.0078125,0,0,0.285548,0.652903
68000,q_layernorm,1,128,1.60156,1.03125,0,0,0,0,0,0.701902,0.857073
68000,q_layernorm,2,128,1.57812,0.898438,0,0,0,0,0,0.674604,0.783168
68000,q_layernorm,3,128,1.64844,1.07812,0,0,0,0,0,0.673744,0.77109
68000,q_layernorm,4,128,1.59375,1.00781,0,0,0,0,0,0.670098,0.803922
68000,q_layernorm,5,128,1.53125,0.769531,0,0,0,0,0,0.68449,0.825
68000,q_layernorm,6,128,1.88281,0.917969,0,0.0078125,0,0,0,0.510871,0.747718
68000,q_layernorm,7,128,1.76562,0.0751953,0,0.0390625,0.0390625,0.0390625,0,0.0495575,0.781416
68000,q_layernorm,8,128,1.71094,0.263672,0,0.03125,0.0234375,0,0,0.193927,0.815982
68000,q_layernorm,9,128,1.70312,0.0600586,0,0.0234375,0.0234375,0.0078125,0,0.181273,0.764679
68000,q_layernorm,10,128,1.69531,0.652344,0,0.0078125,0,0,0,0.600991,0.806912
68000,q_layernorm,11,128,1.80469,0.433594,0,0.03125,0.0078125,0,0,0.275065,0.769264
68000,q_layernorm,12,128,1.6875,0.574219,0,0.0078125,0,0,0,0.579306,0.798148
68000,q_layernorm,13,128,1.64062,0.0356445,0,0.03125,0.015625,0.015625,0,0.150583,0.773333
68000,q_layernorm,14,128,1.59375,0.3125,0,0.0390625,0.0078125,0,0,0.324289,0.786274
68000,q_layernorm,15,128,1.74219,0.181641,0,0.03125,0.0078125,0,0,0.385942,0.816592
68000,q_layernorm,16,128,1.5625,0.429688,0,0.0234375,0,0,0,0.445325,0.807
68000,q_layernorm,17,128,1.77344,0.847656,0,0.0078125,0,0,0,0.526013,0.760793
68000,q_layernorm,18,128,1.77344,0.19043,0,0.046875,0.03125,0,0,0.120854,0.744493
68000,q_layernorm,19,128,1.89844,0.138672,0,0.0546875,0.0234375,0.0078125,0,0.186986,0.719342
68000,q_layernorm,20,128,1.70312,0.0388184,0,0.046875,0.03125,0.0234375,0,0.0547592,0.716055
68000,q_layernorm,21,128,1.73438,0.0344238,0,0.0703125,0.0390625,0.0234375,0,0.044482,0.671171
68000,q_layernorm,22,128,1.86719,0.00340271,0.0078125,0.078125,0.0703125,0.0625,0.015625,0.0081554,0.714644
68000,q_layernorm,23,128,1.75781,0.065918,0,0.03125,0.0078125,0.0078125,0,0.3786,0.736889
68000,q_layernorm,24,128,1.74219,0.380859,0,0.03125,0.0078125,0,0,0.383027,0.757848
68000,q_layernorm,25,128,1.75,0.010376,0,0.09375,0.078125,0.078125,0.0078125,0.0212591,0.545312
68000,q_layernorm,26,128,1.60938,0.0231934,0,0.171875,0.148438,0.125,0,0.0154627,0.0807646
68000,q_layernorm,27,128,1.71875,0.0220947,0,0.0859375,0.0546875,0.046875,0,0.0292628,0.576364
68000,q_layernorm,28,128,1.60156,0.010376,0.0078125,0.171875,0.164062,0.117188,0.0078125,0.025654,0.0888415
68000,q_layernorm,29,128,1.6875,0.0105591,0,0.132812,0.125,0.0859375,0.0078125,0.0144343,0.142766
68000,q_layernorm,30,128,1.64062,0.0108643,0,0.0703125,0.0390625,0.03125,0.0078125,0.0169464,0.687619
68000,q_layernorm,31,128,1.59375,0.0559082,0,0.125,0.0859375,0.0546875,0,0.0524295,0.294118
68000,q_layernorm,32,128,1.69531,0.0737305,0,0.046875,0.046875,0.03125,0,0.0469297,0.76682
68000,q_layernorm,33,128,1.63281,0.0270996,0,0.234375,0.195312,0.109375,0,0.0234734,0.0926435
68000,q_layernorm,34,128,1.66406,0.0118408,0,0.148438,0.140625,0.109375,0.0078125,0.0261224,0.0976526
68000,q_layernorm,35,128,1.71094,0.0432129,0,0.0625,0.046875,0.0390625,0,0.0621204,0.726941
68000,q_layernorm,36,128,1.65625,0.0272217,0,0.117188,0.101562,0.046875,0,0.0526356,0.241274
68000,q_layernorm,37,128,1.46875,0.267578,0,0.101562,0.0078125,0,0,0.300093,0.499202
68000,q_layernorm,38,128,1.66406,1.08594,0,0,0,0,0,0.794695,0.906103
68000,q_layernorm,39,128,1.57031,0.488281,0,0.046875,0,0,0,0.385149,0.698507
68000,q_layernorm,40,128,1.59375,0.142578,0,0.164062,0.078125,0.0078125,0,0.107377,0.321324
68000,q_layernorm,41,128,1.58594,0.19043,0,0.164062,0.0625,0,0,0.130203,0.381527
68000,q_layernorm,42,128,1.42969,0.378906,0,0.179688,0,0,0,0.26776,0.392623
68000,q_layernorm,43,128,1.46094,0.427734,0,0.140625,0,0,0,0.34246,0.447326
68000,q_layernorm,44,128,1.53906,0.265625,0,0.265625,0.0546875,0,0,0.188503,0.267386
68000,q_layernorm,45,128,1.55469,0.0771484,0,0.226562,0.179688,0.0546875,0,0.0629366,0.148618
68000,q_layernorm,46,128,1.59375,0.0688477,0,0.171875,0.117188,0.0703125,0,0.0601287,0.162377
68000,q_layernorm,47,128,1.49219,0.102539,0,0.179688,0.164062,0.015625,0,0.0824542,0.177356
68000,q_layernorm,48,128,1.65625,0.0537109,0,0.101562,0.09375,0.0703125,0,0.0466185,0.560849
68000,q_layernorm,49,128,1.53125,0.00457764,0,0.140625,0.125,0.101562,0.015625,0.00966837,0.106314
68000,q_layernorm,50,128,1.52344,0.172852,0,0.0390625,0.03125,0,0,0.136212,0.781538
68000,q_layernorm,51,128,1.63281,0.0184326,0.0078125,0.078125,0.0625,0.0234375,0,0.0603439,0.573923
68000,q_layernorm,52,128,1.59375,0.100586,0,0.015625,0.015625,0.0078125,0,0.285086,0.830392
68000,q_layernorm,53,128,1.63281,0.0634766,0,0.117188,0.09375,0.0703125,0,0.0469976,0.279187
68000,q_layernorm,54,128,1.55469,0.0507812,0,0.179688,0.132812,0.0625,0,0.040413,0.13549
68000,q_layernorm,55,128,1.60156,0.558594,0,0.0234375,0,0,0,0.400366,0.823415
68000,q_layernorm,56,128,1.63281,0.238281,0,0.0234375,0.0078125,0,0,0.43177,0.81866
68000,q_layernorm,57,128,1.59375,0.0380859,0,0.03125,0.03125,0.0234375,0,0.0424694,0.784804
68000,q_layernorm,58,128,1.64844,1.14844,0,0,0,0,0,0.703981,0.875355
68000,q_layernorm,59,128,1.57031,1.01562,0,0,0,0,0,0.703234,0.850746
68000,q_layernorm,60,128,1.51562,0.910156,0,0,0,0,0,0.685979,0.82835
68000,q_layernorm,61,128,1.48438,0.921875,0,0,0,0,0,0.704684,0.835789
68000,q_layernorm,62,128,1.39062,1.07812,0,0,0,0,0,0.80382,0.857865
68000,q_layernorm,63,128,1.19531,0.808594,0,0,0,0,0,0.768137,0.906536
68000,k_layernorm,0,128,1.26562,0.19043,0,0.0859375,0.015625,0,0,0.251173,0.526852
68000,k_layernorm,1,128,1.59375,0.976562,0,0,0,0,0,0.756618,0.856373
68000,k_layernorm,2,128,1.57031,0.84375,0,0,0,0,0,0.62592,0.779602
68000,k_layernorm,3,128,1.70312,0.78125,0,0.0078125,0,0,0,0.557683,0.699083
68000,k_layernorm,4,128,1.60156,0.824219,0,0,0,0,0,0.59861,0.738537
68000,k_layernorm,5,128,1.52344,1.03906,0,0,0,0,0,0.692718,0.8
68000,k_layernorm,6,128,1.89062,0.699219,0,0.0078125,0,0,0,0.542314,0.730165
68000,k_layernorm,7,128,1.71875,0.0216064,0,0.0625,0.03125,0.03125,0,0.0529659,0.716818
68000,k_layernorm,8,128,1.69531,0.0932617,0,0.0390625,0.0234375,0.0078125,0,0.2225,0.776037
68000,k_layernorm,9,128,1.67969,0.0561523,0,0.0546875,0.0234375,0.015625,0,0.0842093,0.704186
68000,k_layernorm,10,128,1.67969,0.589844,0,0.0078125,0,0,0,0.513442,0.742791
68000,k_layernorm,11,128,1.77344,0.193359,0,0.0625,0.015625,0,0,0.246002,0.66696
68000,k_layernorm,12,128,1.63281,0.886719,0,0,0,0,0,0.602799,0.805742
68000,k_layernorm,13,128,1.64062,0.0424805,0,0.046875,0.015625,0.0078125,0,0.147756,0.754286
68000,k_layernorm,14,128,1.57812,0.065918,0,0.0234375,0.015625,0.015625,0,0.142608,0.728218
68000,k_layernorm,15,128,1.72656,0.189453,0,0.015625,0.0078125,0,0,0.388348,0.734842
68000,k_layernorm,16,128,1.57031,0.347656,0,0.0546875,0.015625,0,0,0.241679,0.758209
68000,k_layernorm,17,128,1.78125,0.617188,0,0.015625,0,0,0,0.471118,0.738596
68000,k_layernorm,18,128,1.75,0.0314941,0,0.09375,0.0390625,0.03125,0,0.0204953,0.645536
68000,k_layernorm,19,128,1.85938,0.0297852,0,0.0625,0.0390625,0.03125,0,0.0715073,0.664286
68000,k_layernorm,20,128,1.6875,0.0212402,0,0.0625,0.0390625,0.03125,0,0.0239786,0.688426
68000,k_layernorm,21,128,1.72656,0.00473022,0,0.078125,0.046875,0.0390625,0.0078125,0.0453733,0.584842
68000,k_layernorm,22,128,1.79688,0.00363159,0.0078125,0.0859375,0.0703125,0.0625,0.0078125,0.0290774,0.535
68000,k_layernorm,23,128,1.75781,0.0625,0,0.0546875,0.0234375,0.015625,0,0.100117,0.719111
68000,k_layernorm,24,128,1.67188,0.00717163,0,0.0390625,0.015625,0.0078125,0.0078125,0.194871,0.796262
68000,k_layernorm,25,128,1.71094,0.0410156,0.0078125,0.132812,0.101562,0.078125,0,0.0324401,0.263242
68000,k_layernorm,26,128,1.64844,0.00476074,0,0.203125,0.15625,0.117188,0.015625,0.00920357,0.0845379
68000,k_layernorm,27,128,1.73438,0.00177765,0,0.117188,0.0859375,0.0703125,0.0078125,0.0115217,0.354955
68000,k_layernorm,28,128,1.625,0.0302734,0,0.234375,0.1875,0.109375,0,0.0239408,0.0890625
68000,k_layernorm,29,128,1.67969,0.0375977,0,0.1875,0.15625,0.09375,0,0.0295669,0.108314
68000,k_layernorm,30,128,1.625,0.00231934,0.0078125,0.117188,0.0703125,0.0390625,0.015625,0.0124035,0.421394
68000,k_layernorm,31,128,1.58594,0.0634766,0,0.179688,0.117188,0.046875,0,0.0511576,0.23165
68000,k_layernorm,32,128,1.69531,0.0218506,0,0.09375,0.0625,0.03125,0,0.0338724,0.536866
68000,k_layernorm,33,128,1.61719,0.0437012,0,0.289062,0.21875,0.125,0,0.0576117,0.0797705
68000,k_layernorm,34,128,1.6875,0.0301514,0,0.210938,0.1875,0.140625,0,0.0195544,0.0884838
68000,k_layernorm,35,128,1.72656,0.0266113,0,0.164062,0.0859375,0.0390625,0,0.027336,0.320362
68000,k_layernorm,36,128,1.67188,0.09375,0,0.1875,0.140625,0.046875,0,0.0700058,0.167523
68000,k_layernorm,37,128,1.45312,0.373047,0,0.125,0,0,0,0.278253,0.471505
68000,k_layernorm,38,128,1.64062,0.625,0,0.0078125,0,0,0,0.60931,0.85
68000,k_layernorm,39,128,1.51562,0.170898,0,0.0703125,0.0078125,0,0,0.355876,0.572938
68000,k_layernorm,40,128,1.5625,0.166992,0,0.210938,0.0703125,0,0,0.12325,0.30975
68000,k_layernorm,41,128,1.59375,0.193359,0,0.210938,0.0546875,0,0,0.149442,0.314706
68000,k_layernorm,42,128,1.41406,0.347656,0,0.226562,0.0078125,0,0,0.269448,0.403591
68000,k_layernorm,43,128,1.46094,0.279297,0,0.210938,0.0390625,0,0,0.204973,0.334492
68000,k_layernorm,44,128,1.50781,0.257812,0,0.273438,0.0625,0,0,0.217824,0.28342
68000,k_layernorm,45,128,1.55469,0.074707,0,0.257812,0.171875,0.0625,0,0.0565389,0.148367
68000,k_layernorm,46,128,1.59375,0.0449219,0,0.226562,0.15625,0.0546875,0,0.0628064,0.14277
68000,k_layernorm,47,128,1.48438,0.121094,0,0.210938,0.140625,0.0234375,0,0.0842533,0.179605
68000,k_layernorm,48,128,1.65625,0.0222168,0,0.15625,0.109375,0.0859375,0,0.0332798,0.133667
68000,k_layernorm,49,128,1.53125,0.00221252,0.0078125,0.171875,0.140625,0.09375,0.0078125,0.0320121,0.13023
68000,k_layernorm,50,128,1.53906,0.106445,0,0.0546875,0.03125,0.015625,0,0.103312,0.710152
68000,k_layernorm,51,128,1.625,0.0198975,0,0.148438,0.09375,0.0546875,0,0.0285487,0.289904
68000,k_layernorm,52,128,1.60156,0.0269775,0,0.0546875,0.03125,0.0078125,0,0.155829,0.590244
68000,k_layernorm,53,128,1.63281,0.032959,0,0.171875,0.101562,0.0859375,0,0.0517075,0.256818
68000,k_layernorm,54,128,1.5625,0.0256348,0,0.203125,0.15625,0.09375,0,0.0482406,0.108
68000,k_layernorm,55,128,1.60156,0.166016,0,0.0390625,0.0234375,0,0,0.13214,0.737073
68000,k_layernorm,56,128,1.61719,0.0233154,0,0.03125,0.015625,0.0078125,0,0.252258,0.750242
68000,k_layernorm,57,128,1.60156,0.059082,0,0.0390625,0.03125,0.0234375,0,0.0575183,0.707805
68000,k_layernorm,58,128,1.59375,1.10156,0,0,0,0,0,0.723235,0.856373
68000,k_layernorm,59,128,1.5625,1.04688,0,0,0,0,0,0.71635,0.8105
68000,k_layernorm,60,128,1.51562,0.558594,0,0.0390625,0,0,0,0.381778,0.735567
68000,k_layernorm,61,128,1.46094,0.769531,0,0,0,0,0,0.640963,0.841711
68000,k_layernorm,62,128,1.35938,1.0625,0,0,0,0,0,0.793563,0.877586
68000,k_layernorm,63,128,1.20312,0.816406,0,0,0,0,0,0.78026,0.88961
68000,final_layernorm,-1,5120,1.64844,0.154297,0,0.000195313,0.000195313,0.000195313,0,0.966825,0.981043
72000,linear_qkv,0,5120,0.0395508,0.000991821,0,0.00449219,0.0015625,0.000195313,0,0.648735,0.839506
72000,linear_qkv,1,5120,0.300781,0.041748,0,0.000585938,0.000390625,0,0,0.850649,0.915584
72000,linear_qkv,2,5120,0.527344,0.0317383,0,0.000976562,0.00078125,0.000195313,0,0.833333,0.925926
72000,linear_qkv,3,5120,0.65625,0.0368652,0,0.00078125,0.000195313,0.000195313,0,0.869048,0.934524
72000,linear_qkv,4,5120,0.6875,0.0395508,0,0.000585938,0.000195313,0.000195313,0,0.852273,0.926136
72000,linear_qkv,5,5120,0.796875,0.0561523,0,0.000585938,0.000195313,0.000195313,0,0.848039,0.930882
72000,linear_qkv,6,5120,0.871094,0.102539,0,0.000585938,0.000195313,0,0,0.843049,0.923767
72000,linear_qkv,7,5120,1.07031,0.186523,0,0.000585938,0.000195313,0,0,0.857664,0.930657
72000,linear_qkv,8,5120,1,0.139648,0,0.000585938,0.000195313,0,0,0.84375,0.929688
72000,linear_qkv,9,5120,0.941406,0.145508,0,0.00078125,0.000195313,0,0,0.850622,0.93361
72000,linear_qkv,10,5120,0.949219,0.173828,0,0.000585938,0.000195313,0,0,0.856749,0.934156
72000,linear_qkv,11,5120,1.02344,0.248047,0,0.000585938,0.000195313,0,0,0.854962,0.927481
72000,linear_qkv,12,5120,0.964844,0.21582,0,0.000585938,0.000195313,0,0,0.882591,0.94332
72000,linear_qkv,13,5120,1.02344,0.25,0,0.000585938,0.000195313,0,0,0.870954,0.938931
72000,linear_qkv,14,5120,0.992188,0.306641,0,0.000585938,0,0,0,0.877953,0.940945
72000,linear_qkv,15,5120,1.10938,0.404297,0,0.000585938,0,0,0,0.876761,0.943662
72000,linear_qkv,16,5120,1.13281,0.527344,0,0.000195313,0,0,0,0.896552,0.951724
72000,linear_qkv,17,5120,1.25,0.640625,0,0,0,0,0,0.90625,0.95
72000,linear_qkv,18,5120,1.22656,0.582031,0,0.000390625,0,0,0,0.88535,0.942675
72000,linear_qkv,19,5120,1.34375,0.609375,0,0.000195313,0,0,0,0.901163,0.947674
72000,linear_qkv,20,5120,1.21875,0.605469,0,0.000195313,0,0,0,0.903846,0.955128
72000,linear_qkv,21,5120,1.22656,0.675781,0,0,0,0,0,0.917197,0.955414
72000,linear_qkv,22,5120,1.47656,0.628906,0,0.000390625,0,0,0,0.920635,0.957672
72000,linear_qkv,23,5120,1.48438,0.6875,0,0.000195313,0,0,0,0.926316,0.963158
72000,linear_qkv,24,5120,1.45312,0.65625,0,0.000195313,0,0,0,0.930108,0.962366
72000,linear_qkv,25,5120,1.38281,0.478516,0,0.00117188,0,0,0,0.920904,0.960452
72000,linear_qkv,26,5120,1.32812,0.443359,0,0.000390625,0,0,0,0.911765,0.952941
72000,linear_qkv,27,5120,1.59375,0.447266,0,0.00078125,0,0,0,0.901961,0.95098
72000,linear_qkv,28,5120,1.45312,0.333984,0,0.0015625,0.000390625,0,0,0.88172,0.946237
72000,linear_qkv,29,5120,1.48438,0.398438,0,0.0015625,0,0,0,0.901,0.952632
72000,linear_qkv,30,5120,1.67969,0.34375,0,0.000976562,0.000195313,0,0,0.897674,0.953488
72000,linear_qkv,31,5120,1.3125,0.212891,0,0.000976562,0.000390625,0,0,0.892857,0.952381
72000,linear_qkv,32,5120,1.46094,0.279297,0,0.00175781,0.000390625,0,0,0.909091,0.957219
72000,linear_qkv,33,5120,1.46094,0.225586,0,0.00214844,0.000390625,0,0,0.86631,0.935829
72000,linear_qkv,34,5120,1.69531,0.275391,0,0.00214844,0.000390625,0,0,0.875576,0.940092
72000,linear_qkv,35,5120,1.55469,0.236328,0,0.00117188,0.000390625,0,0,0.885377,0.949749
72000,linear_qkv,36,5120,1.33594,0.197266,0,0.00214844,0.000390625,0,0,0.859649,0.94152
72000,linear_qkv,37,5120,0.925781,0.118652,0,0.00136719,0.000195313,0,0,0.877637,0.940928
72000,linear_qkv,38,5120,1.22656,0.237305,0,0.000390625,0.000195313,0,0,0.910828,0.955414
72000,linear_qkv,39,5120,1.00781,0.21582,0,0.00175781,0.000195313,0,0,0.872093,0.945736
72000,linear_qkv,40,5120,1.13281,0.207031,0,0.00175781,0.000195313,0,0,0.862069,0.944828
72000,linear_qkv,41,5120,1.07031,0.203125,0,0.00214844,0.000195313,0,0,0.854015,0.941606
72000,linear_qkv,42,5120,0.960938,0.257812,0,0.00253906,0,0,0,0.837398,0.934959
72000,linear_qkv,43,5120,1.00781,0.289062,0,0.00214844,0,0,0,0.821705,0.94186
72000,linear_qkv,44,5120,1.09375,0.238281,0,0.00292969,0.000195313,0,0,0.817857,0.942857
72000,linear_qkv,45,5120,1.21094,0.287109,0,0.00175781,0.000195313,0,0,0.816129,0.948387
72000,linear_qkv,46,5120,1.29688,0.332031,0,0.00175781,0,0,0,0.815542,0.951807
72000,linear_qkv,47,5120,1.10156,0.421875,0,0.00117188,0,0,0,0.815603,0.950355
72000,linear_qkv,48,5120,1.44531,0.417969,0,0.00136719,0,0,0,0.802054,0.951351
72000,linear_qkv,49,5120,1.36719,0.382812,0,0.00195312,0,0,0,0.812514,0.954286
72000,linear_qkv,50,5120,1.29688,0.427734,0,0.00175781,0,0,0,0.795181,0.951807
72000,linear_qkv,51,5120,1.47656,0.423828,0,0.00390625,0,0,0,0.685556,0.94709
72000,linear_qkv,52,5120,1.42188,0.488281,0,0.00195312,0,0,0,0.765824,0.950549
72000,linear_qkv,53,5120,1.625,0.328125,0,0.00625,0.000585938,0,0,0.707644,0.947115
72000,linear_qkv,54,5120,1.47656,0.273438,0,0.00585938,0.000390625,0,0,0.699418,0.94709
72000,linear_qkv,55,5120,1.54688,0.423828,0,0.00332031,0,0,0,0.738333,0.944444
72000,linear_qkv,56,5120,1.60156,0.337891,0,0.00527344,0.000195313,0,0,0.683854,0.95122
72000,linear_qkv,57,5120,1.48438,0.220703,0,0.00644531,0.000976562,0,0,0.641474,0.942105
72000,linear_qkv,58,5120,1.53906,0.361328,0,0.00429688,0.000195313,0,0,0.67802,0.944162
72000,linear_qkv,59,5120,1.375,0.257812,0,0.00625,0.00078125,0,0,0.65679,0.9375
72000,linear_qkv,60,5120,1.20312,0.408203,0,0.00175781,0,0,0,0.704545,0.941558
72000,linear_qkv,61,5120,1.14844,0.460938,0,0.00078125,0,0,0,0.761905,0.931973
72000,linear_qkv,62,5120,1.03906,0.632812,0,0,0,0,0,0.883459,0.951128
72000,linear_qkv,63,5120,0.980469,0.726562,0,0,0,0,0,0.912351,0.952191
72000,linear_fc1,0,5120,0.470703,0.0136719,0,0.00371094,0.000585938,0.000195313,0,0.598299,0.838174
72000,linear_fc1,1,5120,0.832031,0.0109863,0,0.00566406,0.00351562,0.00195312,0,0.699531,0.929577
72000,linear_fc1,2,5120,0.878906,0.00848389,0,0.00410156,0.00292969,0.000585938,0.000195313,0.875556,0.96
72000,linear_fc1,3,5120,0.863281,0.0107422,0,0.003125,0.00136719,0.000390625,0,0.891403,0.959276
72000,linear_fc1,4,5120,0.839844,0.0045166,0,0.00273437,0.00078125,0.000390625,0.000195313,0.888372,0.95814
72000,linear_fc1,5,5120,0.761719,0.00717163,0,0.000976562,0.000585938,0.000390625,0.000195313,0.892308,0.953846
72000,linear_fc1,6,5120,0.707031,0.0109863,0,0.00117188,0.000585938,0.000390625,0,0.878453,0.944751
72000,linear_fc1,7,5120,0.679688,0.0180664,0,0.0015625,0.00078125,0.000390625,0,0.873563,0.942529
72000,linear_fc1,8,5120,0.679688,0.00982666,0,0.0015625,0.00078125,0.000390625,0,0.873563,0.942529
72000,linear_fc1,9,5120,0.675781,0.00430298,0,0.0015625,0.00078125,0.000390625,0.000195313,0.872832,0.947977
72000,linear_fc1,10,5120,0.65625,0.0118408,0,0.00136719,0.000585938,0.000390625,0,0.880952,0.946429
72000,linear_fc1,11,5120,0.644531,0.00558472,0,0.00136719,0.000585938,0.000390625,0.000195313,0.884848,0.951515
72000,linear_fc1,12,5120,0.640625,0.00735474,0,0.00136719,0.000585938,0.000390625,0,0.890244,0.95122
72000,linear_fc1,13,5120,0.636719,0.00701904,0,0.00136719,0.000585938,0.000390625,0,0.889571,0.95092
72000,linear_fc1,14,5120,0.617188,0.00921631,0,0.00136719,0.000585938,0.000195313,0,0.892405,0.949367
72000,linear_fc1,15,5120,0.605469,0.0140381,0,0.00117188,0.000390625,0.000195313,0,0.898,0.954839
72000,linear_fc1,16,5120,0.582031,0.0131226,0,0.00078125,0.000195313,0.000195313,0,0.893893,0.95302
72000,linear_fc1,17,5120,0.558594,0.0322266,0,0.000585938,0.000195313,0.000195313,0,0.902098,0.951049
72000,linear_fc1,18,5120,0.550781,0.0219727,0,0.000390625,0.000195313,0.000195313,0,0.900709,0.950355
72000,linear_fc1,19,5120,0.546875,0.0319824,0,0.000195313,0.000195313,0.000195313,0,0.907821,0.957143
72000,linear_fc1,20,5120,0.554688,0.0314941,0,0.000585938,0.000195313,0.000195313,0,0.908451,0.957746
72000,linear_fc1,21,5120,0.550781,0.0240479,0,0.00078125,0.000195313,0.000195313,0,0.914894,0.957447
72000,linear_fc1,22,5120,0.546875,0.00952148,0,0.00117188,0.000390625,0.000195313,0,0.914286,0.964286
72000,linear_fc1,23,5120,0.554688,0.0238037,0,0.000976562,0.000390625,0.000390625,0,0.916831,0.964789
72000,linear_fc1,24,5120,0.566406,0.0153809,0,0.00117188,0.00078125,0.000390625,0,0.917241,0.965517
72000,linear_fc1,25,5120,0.59375,0.0146484,0,0.00117188,0.000976562,0.000390625,0,0.921053,0.967105
72000,linear_fc1,26,5120,0.617188,0.00939941,0,0.00117188,0.000976562,0.000390625,0,0.924051,0.962025
72000,linear_fc1,27,5120,0.640625,0.0119629,0,0.0015625,0.00078125,0.000390625,0,0.926829,0.969512
72000,linear_fc1,28,5120,0.660156,0.00546265,0,0.0015625,0.000976562,0.000390625,0.000195313,0.934911,0.970414
72000,linear_fc1,29,5120,0.679688,0.00430298,0,0.0015625,0.00078125,0.000390625,0.000195313,0.931034,0.971264
72000,linear_fc1,30,5120,0.703125,0.0157471,0,0.00175781,0.000585938,0.000390625,0,0.938889,0.972222
72000,linear_fc1,31,5120,0.722656,0.0136108,0,0.0015625,0.000585938,0.000390625,0,0.945946,0.972973
72000,linear_fc1,32,5120,0.734375,0.00692749,0,0.00136719,0.000585938,0.000390625,0.000195313,0.946809,0.978723
72000,linear_fc1,33,5120,0.75,0.00735474,0,0.00175781,0.000976562,0.000390625,0.000195313,0.943698,0.979167
72000,linear_fc1,34,5120,0.773438,0.00354004,0,0.00175781,0.000976562,0.000195313,0.000195313,0.940354,0.974747
72000,linear_fc1,35,5120,0.796875,0.00411987,0,0.00175781,0.00117188,0.000195313,0.000195313,0.95098,0.980392
72000,linear_fc1,36,5120,0.824219,0.00717163,0,0.00175781,0.00117188,0.000195313,0.000195313,0.947867,0.976303
72000,linear_fc1,37,5120,0.84375,0.00169373,0,0.00214844,0.00117188,0.000195313,0.000195313,0.944444,0.976852
72000,linear_fc1,38,5120,0.859375,0.00445557,0,0.00214844,0.000976562,0.000390625,0.000195313,0.945455,0.977273
72000,linear_fc1,39,5120,0.871094,0.000850677,0,0.00214844,0.00117188,0.000390625,0.000195313,0.941704,0.982063
72000,linear_fc1,40,5120,0.886719,0.00233459,0,0.00234375,0.00117188,0.000390625,0.000195313,0.933921,0.977974
72000,linear_fc1,41,5120,0.898438,0.00311279,0,0.00292969,0.00117188,0.000390625,0.000195313,0.934783,0.978261
72000,linear_fc1,42,5120,0.910156,0.0038147,0,0.003125,0.00117188,0.000390625,0.000195313,0.920901,0.982403
72000,linear_fc1,43,5120,0.921875,0.00616455,0,0.00332031,0.00117188,0.000390625,0.000195313,0.920297,0.978814
72000,linear_fc1,44,5120,0.925781,0.00384521,0,0.00390625,0.000976562,0.000390625,0.000195313,0.895316,0.983122
72000,linear_fc1,45,5120,0.9375,0.00457764,0,0.00390625,0.000976562,0.000390625,0.000195313,0.900792,0.979167
72000,linear_fc1,46,5120,0.941406,0.00643921,0,0.00390625,0.000976562,0.000390625,0.000195313,0.89527,0.983402
72000,linear_fc1,47,5120,0.949219,0.00848389,0,0.00410156,0.000976562,0.000390625,0.000195313,0.891235,0.983539
72000,linear_fc1,48,5120,0.957031,0.00521851,0,0.00429688,0.00117188,0.000390625,0.000195313,0.874041,0.979592
72000,linear_fc1,49,5120,0.96875,0.0185547,0,0.0046875,0.00117188,0.000195313,0,0.863669,0.979839
72000,linear_fc1,50,5120,0.976562,0.0098877,0,0.0046875,0.00117188,0.000195313,0,0.84476,0.98
72000,linear_fc1,51,5120,0.984375,0.0341797,0,0.0046875,0.00117188,0.000195313,0,0.845992,0.980159
72000,linear_fc1,52,5120,0.988281,0.0356445,0,0.00507812,0.000976562,0.000195313,0,0.852806,0.980237
72000,linear_fc1,53,5120,0.992188,0.0830078,0,0.00449219,0.00078125,0.000195313,0,0.875315,0.980315
72000,linear_fc1,54,5120,1,0.115723,0,0.00371094,0.000390625,0,0,0.910898,0.980469
72000,linear_fc1,55,5120,1,0.0883789,0,0.00351562,0.000390625,0.000195313,0,0.915547,0.980469
72000,linear_fc1,56,5120,1,0.105957,0,0.00351562,0.000195313,0,0,0.942148,0.980469
72000,linear_fc1,57,5120,1.01562,0.147461,0,0.00371094,0.000195313,0,0,0.932962,0.976923
72000,linear_fc1,58,5120,1.01562,0.185547,0,0.00351562,0.000195313,0,0,0.9315,0.976923
72000,linear_fc1,59,5120,1.01562,0.255859,0,0.00390625,0,0,0,0.916846,0.973077
72000,linear_fc1,60,5120,1.03125,0.298828,0,0.00351562,0,0,0,0.906023,0.969697
72000,linear_fc1,61,5120,1.0625,0.339844,0,0.00253906,0,0,0,0.91614,0.970588
72000,linear_fc1,62,5120,1.09375,0.490234,0,0.000585938,0,0,0,0.928571,0.971429
72000,linear_fc1,63,5120,1.1875,0.730469,0,0,0,0,0,0.921053,0.960526
72000,q_layernorm,0,128,1.20312,0.228516,0,0.0625,0.015625,0,0,0.26612,0.647403
72000,q_layernorm,1,128,1.61719,1.00781,0,0,0,0,0,0.69029,0.850242
72000,q_layernorm,2,128,1.57812,0.875,0,0,0,0,0,0.669653,0.784653
72000,q_layernorm,3,128,1.64844,1.0625,0,0,0,0,0,0.669005,0.767773
72000,q_layernorm,4,128,1.59375,1.00781,0,0,0,0,0,0.668774,0.807353
72000,q_layernorm,5,128,1.53125,0.742188,0,0.0078125,0,0,0,0.66449,0.819898
72000,q_layernorm,6,128,1.89062,0.910156,0,0.015625,0,0,0,0.504236,0.738843
72000,q_layernorm,7,128,1.75781,0.0698242,0,0.0390625,0.0390625,0.0390625,0,0.0493361,0.780444
72000,q_layernorm,8,128,1.70312,0.265625,0,0.03125,0.0234375,0,0,0.191869,0.819725
72000,q_layernorm,9,128,1.71094,0.0605469,0,0.0234375,0.0234375,0.0078125,0,0.172637,0.756621
72000,q_layernorm,10,128,1.70312,0.609375,0,0.0078125,0,0,0,0.593647,0.805046
72000,q_layernorm,11,128,1.80469,0.425781,0,0.03125,0.0078125,0,0,0.270325,0.773593
72000,q_layernorm,12,128,1.69531,0.535156,0,0.0078125,0,0,0,0.570346,0.797696
72000,q_layernorm,13,128,1.65625,0.0310059,0,0.03125,0.015625,0.015625,0,0.149602,0.764151
72000,q_layernorm,14,128,1.60156,0.289062,0,0.0390625,0.0078125,0,0,0.311829,0.785366
72000,q_layernorm,15,128,1.75,0.164062,0,0.03125,0.0078125,0.0078125,0,0.37933,0.806696
72000,q_layernorm,16,128,1.5625,0.382812,0,0.03125,0.0078125,0,0,0.436,0.802
72000,q_layernorm,17,128,1.78125,0.820312,0,0.0078125,0,0,0,0.514934,0.757456
72000,q_layernorm,18,128,1.78125,0.19043,0,0.046875,0.03125,0,0,0.122725,0.745614
72000,q_layernorm,19,128,1.90625,0.137695,0,0.0546875,0.0234375,0.0078125,0,0.184365,0.719262
72000,q_layernorm,20,128,1.71875,0.0354004,0,0.046875,0.03125,0.0234375,0,0.0549744,0.712727
72000,q_layernorm,21,128,1.73438,0.029541,0,0.0703125,0.0390625,0.0234375,0,0.0460276,0.68018
72000,q_layernorm,22,128,1.86719,0.00254822,0.0078125,0.078125,0.0703125,0.0625,0.015625,0.00947045,0.712971
72000,q_layernorm,23,128,1.75,0.0654297,0,0.03125,0.0078125,0.0078125,0,0.372567,0.744643
72000,q_layernorm,24,128,1.74219,0.373047,0,0.03125,0.0078125,0,0,0.381996,0.756502
72000,q_layernorm,25,128,1.75781,0.0290527,0,0.09375,0.078125,0.078125,0,0.0258194,0.55
72000,q_layernorm,26,128,1.61719,0.0135498,0.0078125,0.171875,0.148438,0.125,0.0078125,0.0161466,0.0815217
72000,q_layernorm,27,128,1.71875,0.0301514,0,0.0859375,0.0546875,0.046875,0,0.0271847,0.579091
72000,q_layernorm,28,128,1.60156,0.00500488,0,0.171875,0.164062,0.109375,0.0078125,0.0228979,0.0923171
72000,q_layernorm,29,128,1.67188,0.00878906,0,0.132812,0.125,0.0859375,0.0078125,0.0141384,0.148715
72000,q_layernorm,30,128,1.63281,0.00466919,0,0.0703125,0.0390625,0.03125,0.015625,0.0152299,0.695694
72000,q_layernorm,31,128,1.58594,0.0510254,0,0.125,0.0859375,0.046875,0,0.0454464,0.304064
72000,q_layernorm,32,128,1.69531,0.0732422,0,0.046875,0.046875,0.03125,0,0.0483929,0.763594
72000,q_layernorm,33,128,1.625,0.00970459,0,0.234375,0.195312,0.109375,0.0078125,0.0170944,0.0959736
72000,q_layernorm,34,128,1.66406,0.00375366,0,0.148438,0.140625,0.101562,0.0078125,0.019711,0.099061
72000,q_layernorm,35,128,1.71094,0.0493164,0,0.0625,0.046875,0.0390625,0,0.0591638,0.731507
72000,q_layernorm,36,128,1.65625,0.0090332,0,0.109375,0.101562,0.0390625,0.0078125,0.0421492,0.24092
72000,q_layernorm,37,128,1.46094,0.251953,0,0.09375,0.0078125,0,0,0.292193,0.512567
72000,q_layernorm,38,128,1.66406,1.05469,0,0,0,0,0,0.78784,0.906103
72000,q_layernorm,39,128,1.57031,0.458984,0,0.046875,0,0,0,0.368881,0.696517
72000,q_layernorm,40,128,1.60156,0.147461,0,0.15625,0.078125,0.015625,0,0.100835,0.311707
72000,q_layernorm,41,128,1.57812,0.179688,0,0.15625,0.0625,0,0,0.130928,0.377723
72000,q_layernorm,42,128,1.42969,0.369141,0,0.164062,0,0,0,0.261038,0.384699
72000,q_layernorm,43,128,1.46094,0.40625,0,0.132812,0,0,0,0.336898,0.450267
72000,q_layernorm,44,128,1.54688,0.263672,0,0.265625,0.0625,0,0,0.174924,0.26149
72000,q_layernorm,45,128,1.55469,0.0717773,0,0.21875,0.179688,0.046875,0,0.0677921,0.151193
72000,q_layernorm,46,128,1.59375,0.065918,0,0.171875,0.117188,0.0703125,0,0.056538,0.170956
72000,q_layernorm,47,128,1.5,0.116211,0,0.179688,0.164062,0.046875,0,0.0892448,0.170573
72000,q_layernorm,48,128,1.66406,0.065918,0,0.101562,0.09375,0.0625,0,0.0425704,0.571596
72000,q_layernorm,49,128,1.53125,0.0203857,0,0.140625,0.125,0.101562,0,0.0208793,0.111224
72000,q_layernorm,50,128,1.53125,0.158203,0,0.0390625,0.03125,0,0,0.125274,0.77398
72000,q_layernorm,51,128,1.63281,0.00698853,0.0078125,0.078125,0.0625,0.0234375,0.0078125,0.0520036,0.592105
72000,q_layernorm,52,128,1.60156,0.0908203,0,0.015625,0.015625,0.0078125,0,0.289622,0.828293
72000,q_layernorm,53,128,1.63281,0.0673828,0,0.117188,0.09375,0.0703125,0,0.0445574,0.297727
72000,q_layernorm,54,128,1.5625,0.0522461,0,0.179688,0.132812,0.0703125,0,0.0377828,0.141687
72000,q_layernorm,55,128,1.61719,0.523438,0,0.0234375,0,0,0,0.371232,0.82029
72000,q_layernorm,56,128,1.64844,0.205078,0,0.0234375,0.0078125,0,0,0.413649,0.81564
72000,q_layernorm,57,128,1.59375,0.0354004,0,0.03125,0.03125,0.03125,0,0.0379871,0.791176
72000,q_layernorm,58,128,1.64062,1.10938,0,0,0,0,0,0.695238,0.880952
72000,q_layernorm,59,128,1.57031,1.01562,0,0,0,0,0,0.69194,0.849254
72000,q_layernorm,60,128,1.51562,0.894531,0,0,0,0,0,0.68835,0.829897
72000,q_layernorm,61,128,1.51562,0.914062,0,0,0,0,0,0.686392,0.809794
72000,q_layernorm,62,128,1.39062,1.0625,0,0,0,0,0,0.800786,0.857865
72000,q_layernorm,63,128,1.20312,0.808594,0,0,0,0,0,0.762532,0.902597
72000,k_layernorm,0,128,1.25781,0.186523,0,0.09375,0.015625,0,0,0.24896,0.519255
72000,k_layernorm,1,128,1.60938,0.957031,0,0,0,0,0,0.749272,0.843204
72000,k_layernorm,2,128,1.57812,0.8125,0,0,0,0,0,0.618342,0.770792
72000,k_layernorm,3,128,1.71875,0.773438,0,0.0078125,0,0,0,0.546841,0.688182
72000,k_layernorm,4,128,1.59375,0.808594,0,0,0,0,0,0.598431,0.745588
72000,k_layernorm,5,128,1.52344,1.03906,0,0,0,0,0,0.691333,0.798462
72000,k_layernorm,6,128,1.89062,0.699219,0,0.0078125,0,0,0,0.540083,0.723554
72000,k_layernorm,7,128,1.71875,0.00610352,0,0.0625,0.03125,0.03125,0.0078125,0.049733,0.721818
72000,k_layernorm,8,128,1.69531,0.0908203,0,0.0390625,0.0234375,0.0078125,0,0.221786,0.774194
72000,k_layernorm,9,128,1.67969,0.0498047,0,0.0546875,0.0234375,0.015625,0,0.0798052,0.706977
72000,k_layernorm,10,128,1.67969,0.5625,0,0.015625,0,0,0,0.508349,0.744186
72000,k_layernorm,11,128,1.78125,0.186523,0,0.0625,0.015625,0,0,0.235439,0.660965
72000,k_layernorm,12,128,1.63281,0.878906,0,0,0,0,0,0.596268,0.805742
72000,k_layernorm,13,128,1.64844,0.0373535,0,0.046875,0.015625,0.0078125,0,0.145533,0.746445
72000,k_layernorm,14,128,1.58594,0.0722656,0,0.03125,0.015625,0.015625,0,0.140342,0.724631
72000,k_layernorm,15,128,1.74219,0.167969,0,0.015625,0.0078125,0.0078125,0,0.376076,0.725112
72000,k_layernorm,16,128,1.57812,0.326172,0,0.0546875,0.015625,0,0,0.23302,0.756436
72000,k_layernorm,17,128,1.78906,0.601562,0,0.015625,0,0,0,0.460328,0.736681
72000,k_layernorm,18,128,1.75,0.024292,0,0.09375,0.0390625,0.03125,0,0.0211621,0.646875
72000,k_layernorm,19,128,1.85156,0.0273438,0,0.0625,0.0390625,0.03125,0,0.0674552,0.672996
72000,k_layernorm,20,128,1.69531,0.00958252,0,0.0625,0.0390625,0.03125,0.0078125,0.0216532,0.691244
72000,k_layernorm,21,128,1.73438,0.0106201,0,0.078125,0.046875,0.046875,0.0078125,0.0428322,0.586036
72000,k_layernorm,22,128,1.79688,0.006073,0,0.078125,0.0703125,0.0625,0.0078125,0.0280815,0.54913
72000,k_layernorm,23,128,1.75781,0.060791,0,0.0546875,0.0234375,0.015625,0,0.0973917,0.717333
72000,k_layernorm,24,128,1.67969,0.00628662,0,0.0390625,0.015625,0.0078125,0.0078125,0.195977,0.791163
72000,k_layernorm,25,128,1.71875,0.0566406,0.0078125,0.125,0.101562,0.078125,0,0.0365128,0.263864
72000,k_layernorm,26,128,1.64062,0.0145264,0,0.203125,0.15625,0.117188,0.0078125,0.0109249,0.0782738
72000,k_layernorm,27,128,1.72656,0.00100708,0,0.117188,0.0859375,0.0703125,0.0078125,0.0151796,0.364706
72000,k_layernorm,28,128,1.61719,0.0385742,0,0.234375,0.179688,0.109375,0,0.0273249,0.0868357
72000,k_layernorm,29,128,1.66406,0.015625,0,0.1875,0.15625,0.09375,0.0078125,0.0256529,0.107688
72000,k_layernorm,30,128,1.63281,0.00234985,0.0078125,0.117188,0.0703125,0.0390625,0.015625,0.0147933,0.423445
72000,k_layernorm,31,128,1.58594,0.0620117,0,0.179688,0.117188,0.046875,0,0.0533036,0.238916
72000,k_layernorm,32,128,1.70312,0.0373535,0,0.09375,0.0625,0.03125,0,0.0303455,0.53211
72000,k_layernorm,33,128,1.61719,0.0419922,0,0.289062,0.21875,0.117188,0,0.0506492,0.0789251
72000,k_layernorm,34,128,1.69531,0.0153198,0,0.210938,0.1875,0.140625,0.0078125,0.0131106,0.0868664
72000,k_layernorm,35,128,1.72656,0.0358887,0,0.164062,0.0859375,0.0390625,0,0.0252305,0.314253
72000,k_layernorm,36,128,1.67969,0.0883789,0,0.1875,0.140625,0.046875,0,0.0692558,0.162326
72000,k_layernorm,37,128,1.44531,0.345703,0,0.125,0.0078125,0,0,0.261311,0.461351
72000,k_layernorm,38,128,1.64062,0.605469,0,0.0078125,0,0,0,0.595024,0.845238
72000,k_layernorm,39,128,1.52344,0.147461,0,0.078125,0.0078125,0.0078125,0,0.349615,0.547949
72000,k_layernorm,40,128,1.57031,0.162109,0,0.21875,0.0703125,0,0,0.122301,0.300995
72000,k_layernorm,41,128,1.60156,0.188477,0,0.210938,0.0625,0,0,0.152079,0.311707
72000,k_layernorm,42,128,1.41406,0.314453,0,0.226562,0.0078125,0,0,0.265677,0.399724
72000,k_layernorm,43,128,1.45312,0.265625,0,0.21875,0.0390625,0,0,0.192231,0.328898
72000,k_layernorm,44,128,1.51562,0.228516,0,0.273438,0.0703125,0,0,0.195206,0.267784
72000,k_layernorm,45,128,1.5625,0.0698242,0,0.257812,0.171875,0.0546875,0,0.0573219,0.1445
72000,k_layernorm,46,128,1.60156,0.0551758,0,0.226562,0.15625,0.0625,0,0.0568049,0.14378
72000,k_layernorm,47,128,1.49219,0.119629,0,0.203125,0.148438,0.03125,0,0.0845288,0.186911
72000,k_layernorm,48,128,1.67188,0.0245361,0,0.15625,0.109375,0.078125,0,0.0303768,0.137558
72000,k_layernorm,49,128,1.53906,0.00909424,0.0078125,0.1875,0.140625,0.09375,0.0078125,0.0307471,0.131409
72000,k_layernorm,50,128,1.53906,0.112305,0,0.0546875,0.0390625,0.015625,0,0.0959518,0.706599
72000,k_layernorm,51,128,1.63281,0.00109863,0,0.15625,0.09375,0.0546875,0.0078125,0.0251719,0.284569
72000,k_layernorm,52,128,1.60938,0.0336914,0,0.0546875,0.03125,0.0078125,0,0.150419,0.588349
72000,k_layernorm,53,128,1.64062,0.0270996,0,0.171875,0.101562,0.0859375,0,0.0463125,0.252738
72000,k_layernorm,54,128,1.5625,0.00408936,0,0.203125,0.15625,0.101562,0.0078125,0.0508406,0.103313
72000,k_layernorm,55,128,1.60156,0.145508,0,0.0390625,0.0234375,0.0078125,0,0.125152,0.737073
72000,k_layernorm,56,128,1.63281,0.0220947,0,0.03125,0.015625,0.0078125,0,0.239593,0.745933
72000,k_layernorm,57,128,1.60938,0.0527344,0,0.0390625,0.03125,0.0234375,0,0.0565655,0.707282
72000,k_layernorm,58,128,1.60156,1.07031,0,0,0,0,0,0.713512,0.84878
72000,k_layernorm,59,128,1.5625,1.03906,0,0,0,0,0,0.7077,0.805
72000,k_layernorm,60,128,1.52344,0.539062,0,0.0390625,0,0,0,0.367,0.736923
72000,k_layernorm,61,128,1.49219,0.738281,0,0.0078125,0,0,0,0.630785,0.825654
72000,k_layernorm,62,128,1.36719,1.05469,0,0,0,0,0,0.779143,0.88
72000,k_layernorm,63,128,1.20312,0.8125,0,0,0,0,0,0.779383,0.894156
72000,final_layernorm,-1,5120,1.64844,0.197266,0,0.000195313,0.000195313,0,0,0.971564,0.985782
75126,linear_qkv,0,5120,0.0375977,0.00350952,0,0.00488281,0.0015625,0.000195313,0,0.656461,0.831169
75126,linear_qkv,1,5120,0.291016,0.0368652,0,0.000585938,0.000390625,0,0,0.842282,0.912752
75126,linear_qkv,2,5120,0.515625,0.0297852,0,0.000976562,0.00078125,0.000195313,0,0.825758,0.924242
75126,linear_qkv,3,5120,0.644531,0.034668,0,0.00078125,0.000195313,0.000195313,0,0.860606,0.933333
75126,linear_qkv,4,5120,0.675781,0.0354004,0,0.000585938,0.000195313,0.000195313,0,0.845029,0.924855
75126,linear_qkv,5,5120,0.785156,0.0505371,0,0.000585938,0.000195313,0.000195313,0,0.840796,0.925373
75126,linear_qkv,6,5120,0.859375,0.0893555,0,0.000585938,0.000195313,0,0,0.836364,0.922727
75126,linear_qkv,7,5120,1.0625,0.160156,0,0.000585938,0.000195313,0,0,0.856618,0.930147
75126,linear_qkv,8,5120,0.996094,0.123535,0,0.00078125,0.000195313,0,0,0.835294,0.92549
75126,linear_qkv,9,5120,0.933594,0.135742,0,0.00078125,0.000195313,0,0,0.850167,0.933054
75126,linear_qkv,10,5120,0.941406,0.161133,0,0.000585938,0.000195313,0,0,0.85556,0.93361
75126,linear_qkv,11,5120,1.01562,0.230469,0,0.000585938,0.000195313,0,0,0.85,0.926923
75126,linear_qkv,12,5120,0.957031,0.195312,0,0.000585938,0.000195313,0,0,0.877551,0.942857
75126,linear_qkv,13,5120,1.01562,0.240234,0,0.000585938,0.000390625,0,0,0.873077,0.942308
75126,linear_qkv,14,5120,0.984375,0.289062,0,0.000585938,0,0,0,0.877738,0.940476
75126,linear_qkv,15,5120,1.10156,0.376953,0,0.000585938,0,0,0,0.875887,0.943262
75126,linear_qkv,16,5120,1.13281,0.494141,0,0.000195313,0,0,0,0.889655,0.944828
75126,linear_qkv,17,5120,1.24219,0.605469,0,0.000195313,0,0,0,0.90566,0.949686
75126,linear_qkv,18,5120,1.22656,0.550781,0,0.000390625,0,0,0,0.878981,0.942675
75126,linear_qkv,19,5120,1.33594,0.574219,0,0.000195313,0,0,0,0.900585,0.953216
75126,linear_qkv,20,5120,1.21875,0.582031,0,0.000195313,0,0,0,0.903846,0.948718
75126,linear_qkv,21,5120,1.22656,0.652344,0,0,0,0,0,0.917197,0.955414
75126,linear_qkv,22,5120,1.48438,0.601562,0,0.000390625,0,0,0,0.910526,0.957895
75126,linear_qkv,23,5120,1.48438,0.660156,0,0.000195313,0,0,0,0.926316,0.963158
75126,linear_qkv,24,5120,1.45312,0.628906,0,0.000195313,0,0,0,0.930108,0.962366
75126,linear_qkv,25,5120,1.39062,0.458984,0,0.00117188,0,0,0,0.91573,0.960674
75126,linear_qkv,26,5120,1.33594,0.431641,0,0.000585938,0,0,0,0.907544,0.953216
75126,linear_qkv,27,5120,1.60156,0.429688,0,0.00078125,0,0,0,0.902439,0.95122
75126,linear_qkv,28,5120,1.46094,0.314453,0,0.0015625,0.000390625,0,0,0.882353,0.941176
75126,linear_qkv,29,5120,1.49219,0.376953,0,0.00136719,0,0,0,0.900524,0.947644
75126,linear_qkv,30,5120,1.69531,0.324219,0,0.000976562,0.000195313,0,0,0.898618,0.949309
75126,linear_qkv,31,5120,1.32031,0.196289,0,0.000976562,0.000390625,0,0,0.893491,0.952663
75126,linear_qkv,32,5120,1.46875,0.267578,0,0.0015625,0.000390625,0,0,0.905266,0.957447
75126,linear_qkv,33,5120,1.46875,0.212891,0,0.00214844,0.000390625,0,0,0.87234,0.941489
75126,linear_qkv,34,5120,1.71094,0.259766,0,0.00175781,0.000390625,0,0,0.876712,0.940639
75126,linear_qkv,35,5120,1.57031,0.226562,0,0.00117188,0.000390625,0,0,0.885572,0.950249
75126,linear_qkv,36,5120,1.34375,0.185547,0,0.00214844,0.000390625,0,0,0.866279,0.947674
75126,linear_qkv,37,5120,0.925781,0.110352,0,0.00136719,0.000195313,0,0,0.873418,0.940928
75126,linear_qkv,38,5120,1.23438,0.22168,0,0.000390625,0.000195313,0,0,0.906266,0.955696
75126,linear_qkv,39,5120,1.00781,0.205078,0,0.00195312,0.000195313,0,0,0.875969,0.945736
75126,linear_qkv,40,5120,1.14062,0.195312,0,0.00195312,0.000195313,0,0,0.85339,0.945205
75126,linear_qkv,41,5120,1.07812,0.192383,0,0.00214844,0.000195313,0,0,0.848515,0.942029
75126,linear_qkv,42,5120,0.960938,0.241211,0,0.00253906,0,0,0,0.830813,0.939024
75126,linear_qkv,43,5120,1.01562,0.275391,0,0.00214844,0,0,0,0.811538,0.938462
75126,linear_qkv,44,5120,1.10156,0.229492,0,0.003125,0.000195313,0,0,0.809184,0.943262
75126,linear_qkv,45,5120,1.21875,0.275391,0,0.00175781,0.000195313,0,0,0.811506,0.948718
75126,linear_qkv,46,5120,1.3125,0.314453,0,0.0015625,0.000195313,0,0,0.810655,0.952381
75126,linear_qkv,47,5120,1.10938,0.410156,0,0.00136719,0,0,0,0.807007,0.943662
75126,linear_qkv,48,5120,1.45312,0.40625,0,0.00136719,0,0,0,0.808495,0.951613
75126,linear_qkv,49,5120,1.38281,0.369141,0,0.00175781,0,0,0,0.804407,0.949153
75126,linear_qkv,50,5120,1.3125,0.414062,0,0.00175781,0,0,0,0.79875,0.952381
75126,linear_qkv,51,5120,1.5,0.410156,0,0.00371094,0,0,0,0.693698,0.942708
75126,linear_qkv,52,5120,1.4375,0.484375,0,0.00175781,0,0,0,0.763967,0.951087
75126,linear_qkv,53,5120,1.64844,0.320312,0,0.00605469,0.000585938,0,0,0.707062,0.947867
75126,linear_qkv,54,5120,1.49219,0.265625,0,0.00585938,0.000585938,0,0,0.698325,0.947644
75126,linear_qkv,55,5120,1.5625,0.427734,0,0.00332031,0,0,0,0.74095,0.95
75126,linear_qkv,56,5120,1.63281,0.339844,0,0.00546875,0.000195313,0,0,0.695598,0.947368
75126,linear_qkv,57,5120,1.5,0.217773,0,0.00644531,0.000976562,0,0,0.64099,0.942708
75126,linear_qkv,58,5120,1.5625,0.369141,0,0.00429688,0.000195313,0,0,0.68595,0.94
75126,linear_qkv,59,5120,1.38281,0.277344,0,0.00625,0.00078125,0,0,0.661017,0.943503
75126,linear_qkv,60,5120,1.21094,0.378906,0,0.00195312,0,0,0,0.703839,0.941935
75126,linear_qkv,61,5120,1.14844,0.46875,0,0.00078125,0,0,0,0.762551,0.931973
75126,linear_qkv,62,5120,1.03906,0.617188,0,0,0,0,0,0.887218,0.951128
75126,linear_qkv,63,5120,0.980469,0.734375,0,0,0,0,0,0.912351,0.952191
75126,linear_fc1,0,5120,0.457031,0.0108032,0,0.00449219,0.000585938,0.000195313,0,0.599103,0.833333
75126,linear_fc1,1,5120,0.820312,0.00830078,0,0.00644531,0.00371094,0.00195312,0,0.690476,0.928571
75126,linear_fc1,2,5120,0.875,0.00527954,0,0.00410156,0.00292969,0.00078125,0.000195313,0.875,0.959821
75126,linear_fc1,3,5120,0.859375,0.00674438,0,0.003125,0.00136719,0.000390625,0.000195313,0.890909,0.963182
75126,linear_fc1,4,5120,0.839844,0.00358582,0,0.00292969,0.00078125,0.000390625,0.000195313,0.884605,0.953488
75126,linear_fc1,5,5120,0.761719,0.00576782,0,0.000976562,0.000585938,0.000390625,0.000195313,0.892308,0.953846
75126,linear_fc1,6,5120,0.707031,0.00695801,0,0.00117188,0.000585938,0.000390625,0.000195313,0.872928,0.944751
75126,linear_fc1,7,5120,0.679688,0.0144043,0,0.00175781,0.000585938,0.000390625,0,0.873563,0.942529
75126,linear_fc1,8,5120,0.679688,0.00643921,0,0.00136719,0.00078125,0.000390625,0.000195313,0.87931,0.948276
75126,linear_fc1,9,5120,0.679688,0.0019455,0,0.0015625,0.00078125,0.000390625,0.000195313,0.873563,0.942529
75126,linear_fc1,10,5120,0.65625,0.00823975,0,0.00136719,0.00078125,0.000390625,0,0.875,0.946429
75126,linear_fc1,11,5120,0.648438,0.00201416,0,0.00136719,0.000585938,0.000390625,0.000195313,0.879518,0.945783
75126,linear_fc1,12,5120,0.644531,0.00302124,0,0.00136719,0.000585938,0.000390625,0.000195313,0.884848,0.945455
75126,linear_fc1,13,5120,0.636719,0.00236511,0,0.00136719,0.000585938,0.000390625,0.000195313,0.889571,0.95092
75126,linear_fc1,14,5120,0.617188,0.00476074,0,0.00136719,0.000585938,0.000195313,0.000195313,0.892405,0.949367
75126,linear_fc1,15,5120,0.605469,0.00753784,0,0.00117188,0.000390625,0.000195313,0,0.896774,0.954839
75126,linear_fc1,16,5120,0.582031,0.00671387,0,0.00078125,0.000195313,0.000195313,0,0.899329,0.946309
75126,linear_fc1,17,5120,0.558594,0.0224609,0,0.000585938,0.000195313,0.000195313,0,0.902098,0.951049
75126,linear_fc1,18,5120,0.550781,0.0139771,0,0.000390625,0.000195313,0.000195313,0,0.897163,0.950355
75126,linear_fc1,19,5120,0.546875,0.0252686,0,0.000195313,0.000195313,0.000195313,0,0.90425,0.957143
75126,linear_fc1,20,5120,0.554688,0.0219727,0,0.00078125,0.000195313,0.000195313,0,0.908451,0.957746
75126,linear_fc1,21,5120,0.550781,0.0147705,0,0.00078125,0.000195313,0.000195313,0,0.907801,0.957447
75126,linear_fc1,22,5120,0.546875,0.00350952,0,0.00117188,0.000390625,0.000195313,0.000195313,0.910714,0.957143
75126,linear_fc1,23,5120,0.550781,0.0168457,0,0.00117188,0.000585938,0.000390625,0,0.914894,0.964539
75126,linear_fc1,24,5120,0.566406,0.0109253,0,0.00136719,0.00078125,0.000390625,0,0.910345,0.958621
75126,linear_fc1,25,5120,0.59375,0.00939941,0,0.00136719,0.000976562,0.000390625,0,0.921053,0.960526
75126,linear_fc1,26,5120,0.613281,0.00540161,0,0.0015625,0.000976562,0.000390625,0.000195313,0.923567,0.961783
75126,linear_fc1,27,5120,0.636719,0.00588989,0,0.0015625,0.00078125,0.000390625,0.000195313,0.92638,0.969325
75126,linear_fc1,28,5120,0.65625,0.00283813,0,0.0015625,0.000976562,0.000390625,0.000390625,0.934524,0.970238
75126,linear_fc1,29,5120,0.675781,0.0030365,0,0.00175781,0.00078125,0.000390625,0.000195313,0.930636,0.971098
75126,linear_fc1,30,5120,0.699219,0.00946045,0,0.00175781,0.000585938,0.000390625,0,0.938547,0.972067
75126,linear_fc1,31,5120,0.71875,0.00842285,0,0.00175781,0.000585938,0.000390625,0,0.945652,0.972826
75126,linear_fc1,32,5120,0.734375,0.00334167,0,0.0015625,0.000585938,0.000390625,0.000195313,0.941489,0.973404
75126,linear_fc1,33,5120,0.746094,0.00436401,0,0.00175781,0.00078125,0.000390625,0.000195313,0.947644,0.979058
75126,linear_fc1,34,5120,0.769531,0.00350952,0,0.00175781,0.000976562,0.000390625,0.000195313,0.940051,0.974619
75126,linear_fc1,35,5120,0.792969,0.00234985,0,0.00175781,0.00117188,0.000195313,0.000195313,0.950739,0.975369
75126,linear_fc1,36,5120,0.820312,0.00476074,0,0.00195312,0.00117188,0.000195313,0.000195313,0.947619,0.97619
75126,linear_fc1,37,5120,0.839844,0.00219727,0,0.00214844,0.00117188,0.000390625,0.000195313,0.939535,0.976744
75126,linear_fc1,38,5120,0.855469,0.00157928,0,0.00214844,0.00117188,0.000390625,0.000195313,0.941507,0.977169
75126,linear_fc1,39,5120,0.871094,0.00118256,0,0.00234375,0.00117188,0.000585938,0.000195313,0.941704,0.977578
75126,linear_fc1,40,5120,0.882812,0.00221252,0,0.00273437,0.00117188,0.000390625,0.000195313,0.933628,0.977876
75126,linear_fc1,41,5120,0.894531,0.00238037,0,0.00292969,0.00117188,0.000390625,0.000195313,0.938865,0.978166
75126,linear_fc1,42,5120,0.90625,0.00338745,0,0.00332031,0.00117188,0.000390625,0.000195313,0.924052,0.978448
75126,linear_fc1,43,5120,0.917969,0.00521851,0,0.00351562,0.00136719,0.000390625,0.000195313,0.920766,0.978723
75126,linear_fc1,44,5120,0.921875,0.00289917,0,0.00390625,0.00117188,0.000390625,0.000195313,0.90839,0.978814
75126,linear_fc1,45,5120,0.929688,0.0032196,0,0.00390625,0.000976562,0.000390625,0.000195313,0.913361,0.978992
75126,linear_fc1,46,5120,0.9375,0.00582886,0,0.00390625,0.000976562,0.000390625,0.000195313,0.90575,0.979167
75126,linear_fc1,47,5120,0.945312,0.00570679,0,0.00390625,0.000976562,0.000390625,0.000195313,0.898264,0.979339
75126,linear_fc1,48,5120,0.953125,0.0039978,0,0.00449219,0.00117188,0.000390625,0.000195313,0.877828,0.979508
75126,linear_fc1,49,5120,0.964844,0.0159912,0,0.0046875,0.00117188,0.000195313,0,0.864656,0.979757
75126,linear_fc1,50,5120,0.972656,0.00628662,0,0.00488281,0.00117188,0.000195313,0.000195313,0.852932,0.97992
75126,linear_fc1,51,5120,0.980469,0.0294189,0,0.00488281,0.00117188,0.000195313,0,0.849363,0.98008
75126,linear_fc1,52,5120,0.984375,0.0279541,0,0.00488281,0.00078125,0.000195313,0,0.869048,0.980159
75126,linear_fc1,53,5120,0.988281,0.0761719,0,0.00488281,0.00078125,0.000195313,0,0.862411,0.980237
75126,linear_fc1,54,5120,1,0.105469,0,0.00390625,0.000390625,0,0,0.903086,0.980469
75126,linear_fc1,55,5120,1,0.0805664,0,0.00390625,0.000390625,0.000195313,0,0.922617,0.976562
75126,linear_fc1,56,5120,1,0.0991211,0,0.00351562,0.000195313,0.000195313,0,0.934336,0.976562
75126,linear_fc1,57,5120,1.00781,0.131836,0,0.00429688,0.000195313,0,0,0.949612,0.98062
75126,linear_fc1,58,5120,1.01562,0.172852,0,0.00351562,0.000195313,0,0,0.935346,0.976923
75126,linear_fc1,59,5120,1.00781,0.231445,0,0.00351562,0.000195313,0,0,0.915465,0.976744
75126,linear_fc1,60,5120,1.01562,0.283203,0,0.00351562,0,0,0,0.911538,0.973077
75126,linear_fc1,61,5120,1.07031,0.320312,0,0.00292969,0,0,0,0.916058,0.970803
75126,linear_fc1,62,5120,1.10156,0.486328,0,0.000585938,0,0,0,0.921986,0.964539
75126,linear_fc1,63,5120,1.1875,0.75,0,0,0,0,0,0.921053,0.960526
75126,q_layernorm,0,128,1.19531,0.214844,0,0.0625,0.015625,0,0,0.245997,0.637582
75126,q_layernorm,1,128,1.625,0.992188,0,0,0,0,0,0.686971,0.844712
75126,q_layernorm,2,128,1.58594,0.859375,0,0,0,0,0,0.666355,0.780788
75126,q_layernorm,3,128,1.66406,1.04688,0,0,0,0,0,0.658028,0.760563
75126,q_layernorm,4,128,1.59375,1,0,0,0,0,0,0.663873,0.805882
75126,q_layernorm,5,128,1.53906,0.722656,0,0.0078125,0,0,0,0.649112,0.815736
75126,q_layernorm,6,128,1.89062,0.90625,0,0.015625,0,0,0,0.501219,0.73595
75126,q_layernorm,7,128,1.75781,0.0825195,0,0.0390625,0.0390625,0.0390625,0,0.0530972,0.772889
75126,q_layernorm,8,128,1.71094,0.271484,0,0.03125,0.0234375,0,0,0.188801,0.815982
75126,q_layernorm,9,128,1.71094,0.057373,0,0.0234375,0.0234375,0.0078125,0,0.176062,0.759817
75126,q_layernorm,10,128,1.70312,0.585938,0,0.0078125,0,0,0,0.591972,0.803211
75126,q_layernorm,11,128,1.80469,0.433594,0,0.03125,0.0078125,0,0,0.271905,0.774892
75126,q_layernorm,12,128,1.69531,0.511719,0,0.0078125,0,0,0,0.567788,0.795853
75126,q_layernorm,13,128,1.65625,0.0341797,0,0.03125,0.015625,0.015625,0,0.153449,0.768868
75126,q_layernorm,14,128,1.61719,0.283203,0,0.0390625,0.0078125,0,0,0.306401,0.782609
75126,q_layernorm,15,128,1.76562,0.15332,0,0.03125,0.0078125,0.0078125,0,0.369934,0.79646
75126,q_layernorm,16,128,1.57812,0.353516,0,0.03125,0.0078125,0,0,0.424257,0.792574
75126,q_layernorm,17,128,1.79688,0.796875,0,0.0078125,0,0,0,0.505522,0.747826
75126,q_layernorm,18,128,1.78906,0.198242,0,0.046875,0.03125,0,0,0.124667,0.741048
75126,q_layernorm,19,128,1.91406,0.126953,0,0.0546875,0.0234375,0.0078125,0,0.185184,0.717551
75126,q_layernorm,20,128,1.71875,0.0422363,0,0.046875,0.03125,0.0234375,0,0.0609432,0.714091
75126,q_layernorm,21,128,1.74219,0.0393066,0,0.0703125,0.0390625,0.0234375,0,0.0500028,0.684753
75126,q_layernorm,22,128,1.86719,0.00138092,0,0.0703125,0.0703125,0.0625,0.0234375,0.00344747,0.712971
75126,q_layernorm,23,128,1.74219,0.0644531,0,0.03125,0.0078125,0.0078125,0,0.370359,0.747982
75126,q_layernorm,24,128,1.75,0.376953,0,0.03125,0.0078125,0,0,0.376853,0.751786
75126,q_layernorm,25,128,1.75,0.00765991,0,0.09375,0.078125,0.078125,0.0078125,0.028125,0.565179
75126,q_layernorm,26,128,1.61719,0.0126343,0.015625,0.171875,0.148438,0.109375,0.0078125,0.0115059,0.083756
75126,q_layernorm,27,128,1.71094,0.0305176,0,0.0859375,0.0546875,0.046875,0,0.0293907,0.58105
75126,q_layernorm,28,128,1.60156,0.000208855,0.0078125,0.171875,0.164062,0.109375,0.0078125,0.0243841,0.0939634
75126,q_layernorm,29,128,1.67188,0.0205078,0,0.132812,0.125,0.0859375,0,0.0141384,0.159346
75126,q_layernorm,30,128,1.63281,0.00180817,0,0.0703125,0.0390625,0.03125,0.0078125,0.0191844,0.697608
75126,q_layernorm,31,128,1.58594,0.0510254,0,0.125,0.0859375,0.046875,0,0.0573399,0.314655
75126,q_layernorm,32,128,1.69531,0.0634766,0,0.046875,0.046875,0.03125,0,0.0548157,0.763594
75126,q_layernorm,33,128,1.61719,0.0172119,0,0.226562,0.195312,0.109375,0,0.0229287,0.0967391
75126,q_layernorm,34,128,1.65625,0.00418091,0,0.148438,0.140625,0.101562,0.0078125,0.0178051,0.0995873
75126,q_layernorm,35,128,1.71094,0.0224609,0,0.0625,0.046875,0.03125,0,0.056641,0.728311
75126,q_layernorm,36,128,1.65625,0.0105591,0,0.109375,0.101562,0.03125,0.0078125,0.0444664,0.247052
75126,q_layernorm,37,128,1.46094,0.232422,0,0.09375,0.0078125,0,0,0.286845,0.507219
75126,q_layernorm,38,128,1.66406,1.03125,0,0,0,0,0,0.778451,0.906103
75126,q_layernorm,39,128,1.55469,0.429688,0,0.0546875,0,0,0,0.366683,0.703518
75126,q_layernorm,40,128,1.59375,0.143555,0,0.15625,0.078125,0.015625,0,0.0997243,0.318873
75126,q_layernorm,41,128,1.57812,0.173828,0,0.15625,0.0625,0,0,0.127364,0.376733
75126,q_layernorm,42,128,1.42969,0.365234,0,0.164062,0,0,0,0.266393,0.392623
75126,q_layernorm,43,128,1.45312,0.378906,0,0.132812,0,0,0,0.329516,0.453226
75126,q_layernorm,44,128,1.53906,0.263672,0,0.265625,0.0625,0,0,0.177665,0.258503
75126,q_layernorm,45,128,1.5625,0.0432129,0,0.21875,0.179688,0.046875,0,0.0634094,0.15175
75126,q_layernorm,46,128,1.59375,0.0603027,0,0.171875,0.117188,0.0703125,0,0.0440901,0.170466
75126,q_layernorm,47,128,1.5,0.104004,0,0.179688,0.164062,0.046875,0,0.074401,0.170703
75126,q_layernorm,48,128,1.66406,0.0668945,0,0.101562,0.09375,0.078125,0,0.0467576,0.58615
75126,q_layernorm,49,128,1.53906,0.0317383,0,0.140625,0.125,0.09375,0,0.0237246,0.105774
75126,q_layernorm,50,128,1.53906,0.151367,0,0.0390625,0.03125,0.0078125,0,0.124657,0.77665
75126,q_layernorm,51,128,1.63281,0.0128784,0.0078125,0.078125,0.0625,0.0234375,0.0078125,0.0520664,0.598325
75126,q_layernorm,52,128,1.60938,0.0825195,0,0.015625,0.015625,0.0078125,0,0.284672,0.831068
75126,q_layernorm,53,128,1.63281,0.0532227,0,0.117188,0.09375,0.0703125,0,0.0432955,0.320574
75126,q_layernorm,54,128,1.55469,0.0593262,0,0.179688,0.132812,0.0703125,0,0.0450817,0.138191
75126,q_layernorm,55,128,1.61719,0.5,0,0.0234375,0,0,0,0.357391,0.82029
75126,q_layernorm,56,128,1.64844,0.188477,0,0.0234375,0.0078125,0,0,0.399621,0.817062
75126,q_layernorm,57,128,1.60938,0.0395508,0,0.03125,0.03125,0.03125,0,0.0348741,0.793204
75126,q_layernorm,58,128,1.64844,1.07031,0,0,0,0,0,0.681564,0.876777
75126,q_layernorm,59,128,1.57812,1.00781,0,0,0,0,0,0.67005,0.846535
75126,q_layernorm,60,128,1.52344,0.882812,0,0,0,0,0,0.683436,0.827692
75126,q_layernorm,61,128,1.52344,0.90625,0,0,0,0,0,0.676359,0.817436
75126,q_layernorm,62,128,1.39062,1.05469,0,0,0,0,0,0.793652,0.857865
75126,q_layernorm,63,128,1.20312,0.800781,0,0,0,0,0,0.759286,0.909091
75126,k_layernorm,0,128,1.25781,0.171875,0,0.09375,0.015625,0,0,0.241786,0.510559
75126,k_layernorm,1,128,1.61719,0.953125,0,0,0,0,0,0.742126,0.83913
75126,k_layernorm,2,128,1.58594,0.792969,0,0,0,0,0,0.615764,0.763547
75126,k_layernorm,3,128,1.72656,0.769531,0,0.0078125,0,0,0,0.541923,0.685068
75126,k_layernorm,4,128,1.60938,0.8125,0,0,0,0,0,0.589078,0.73835
75126,k_layernorm,5,128,1.53125,1.03125,0,0,0,0,0,0.689184,0.794388
75126,k_layernorm,6,128,1.89062,0.707031,0,0.0078125,0,0,0,0.53595,0.726446
75126,k_layernorm,7,128,1.72656,0.00552368,0,0.0625,0.03125,0.03125,0.0078125,0.0629553,0.717195
75126,k_layernorm,8,128,1.69531,0.0800781,0,0.0390625,0.0234375,0.0078125,0,0.223779,0.771429
75126,k_layernorm,9,128,1.67969,0.0571289,0,0.0546875,0.0234375,0.015625,0,0.0832936,0.712093
75126,k_layernorm,10,128,1.67969,0.550781,0,0.015625,0,0,0,0.508349,0.744186
75126,k_layernorm,11,128,1.78125,0.180664,0,0.0625,0.015625,0,0,0.234934,0.664035
75126,k_layernorm,12,128,1.63281,0.878906,0,0,0,0,0,0.597105,0.805742
75126,k_layernorm,13,128,1.64844,0.0498047,0,0.046875,0.015625,0.0078125,0,0.149822,0.743128
75126,k_layernorm,14,128,1.59375,0.0595703,0,0.03125,0.015625,0.015625,0,0.141443,0.714216
75126,k_layernorm,15,128,1.75,0.15918,0,0.015625,0.0078125,0.0078125,0,0.367879,0.723214
75126,k_layernorm,16,128,1.57812,0.318359,0,0.0546875,0.015625,0,0,0.23198,0.751485
75126,k_layernorm,17,128,1.78906,0.59375,0,0.015625,0,0,0,0.457555,0.735371
75126,k_layernorm,18,128,1.75781,0.0322266,0,0.09375,0.0390625,0.03125,0,0.0211097,0.650222
75126,k_layernorm,19,128,1.85938,0.0322266,0,0.0625,0.0390625,0.03125,0,0.0680725,0.673109
75126,k_layernorm,20,128,1.69531,0.00354004,0.0078125,0.0625,0.0390625,0.03125,0.0078125,0.028138,0.69447
75126,k_layernorm,21,128,1.74219,0.00552368,0,0.078125,0.046875,0.0390625,0.0078125,0.0455718,0.584753
75126,k_layernorm,22,128,1.79688,0.0206299,0,0.078125,0.0703125,0.0625,0,0.0232473,0.564565
75126,k_layernorm,23,128,1.76562,0.0620117,0,0.0546875,0.0234375,0.015625,0,0.0963551,0.707965
75126,k_layernorm,24,128,1.6875,0.00561523,0,0.0390625,0.015625,0.0078125,0.0078125,0.191285,0.77963
75126,k_layernorm,25,128,1.71875,0.0466309,0.0078125,0.125,0.101562,0.078125,0,0.0403551,0.271818
75126,k_layernorm,26,128,1.64062,0.0010376,0.0078125,0.203125,0.15625,0.117188,0.03125,0.00169438,0.083869
75126,k_layernorm,27,128,1.72656,0.0100098,0.0078125,0.117188,0.0859375,0.0625,0.0078125,0.0122589,0.367421
75126,k_layernorm,28,128,1.625,0.0291748,0,0.234375,0.179688,0.109375,0,0.0227599,0.0871394
75126,k_layernorm,29,128,1.65625,0.0123901,0,0.1875,0.15625,0.09375,0.0078125,0.0310879,0.113443
75126,k_layernorm,30,128,1.63281,0.00195312,0,0.117188,0.0703125,0.0390625,0.015625,0.0146669,0.424163
75126,k_layernorm,31,128,1.57812,0.0625,0,0.171875,0.109375,0.0546875,0,0.0556528,0.233292
75126,k_layernorm,32,128,1.70312,0.0395508,0,0.09375,0.0625,0.03125,0,0.0319266,0.532569
75126,k_layernorm,33,128,1.60156,0.0272217,0,0.289062,0.21875,0.117188,0,0.0474604,0.0831098
75126,k_layernorm,34,128,1.70312,0.0180664,0,0.210938,0.1875,0.140625,0,0.0169338,0.0870413
75126,k_layernorm,35,128,1.71875,0.0368652,0,0.15625,0.0859375,0.0390625,0,0.0282784,0.320682
75126,k_layernorm,36,128,1.67188,0.0742188,0,0.1875,0.140625,0.046875,0,0.0610748,0.158411
75126,k_layernorm,37,128,1.4375,0.322266,0,0.125,0.0078125,0,0,0.260897,0.463315
75126,k_layernorm,38,128,1.63281,0.597656,0,0.0078125,0,0,0,0.588756,0.844498
75126,k_layernorm,39,128,1.52344,0.137695,0,0.0703125,0.0078125,0.0078125,0,0.350103,0.557692
75126,k_layernorm,40,128,1.5625,0.158203,0,0.21875,0.0703125,0,0,0.110431,0.291375
75126,k_layernorm,41,128,1.58594,0.186523,0,0.203125,0.0625,0,0,0.151681,0.315517
75126,k_layernorm,42,128,1.41406,0.308594,0,0.234375,0.0078125,0,0,0.266685,0.402486
75126,k_layernorm,43,128,1.45312,0.259766,0,0.21875,0.0390625,0,0,0.187366,0.323925
75126,k_layernorm,44,128,1.51562,0.232422,0,0.273438,0.0546875,0,0,0.188621,0.277577
75126,k_layernorm,45,128,1.5625,0.0471191,0,0.265625,0.171875,0.0546875,0,0.0535187,0.14525
75126,k_layernorm,46,128,1.60156,0.050293,0,0.226562,0.15625,0.0703125,0,0.0467348,0.144695
75126,k_layernorm,47,128,1.48438,0.108398,0,0.195312,0.148438,0.03125,0,0.0822072,0.176579
75126,k_layernorm,48,128,1.67188,0.00402832,0.0078125,0.15625,0.109375,0.0859375,0.0078125,0.0279994,0.141414
75126,k_layernorm,49,128,1.53125,0.0135498,0.0078125,0.179688,0.140625,0.09375,0.0078125,0.0365306,0.128061
75126,k_layernorm,50,128,1.53906,0.115723,0,0.0546875,0.0390625,0.015625,0,0.0922335,0.705076
75126,k_layernorm,51,128,1.64062,0.020752,0,0.164062,0.09375,0.046875,0,0.0254628,0.274167
75126,k_layernorm,52,128,1.625,0.0500488,0,0.0546875,0.0390625,0.0078125,0,0.145493,0.585577
75126,k_layernorm,53,128,1.64844,0.0299072,0,0.171875,0.101562,0.0859375,0,0.0428851,0.255924
75126,k_layernorm,54,128,1.5625,0.00469971,0.0078125,0.203125,0.164062,0.101562,0.0078125,0.0498219,0.107688
75126,k_layernorm,55,128,1.60156,0.138672,0,0.0390625,0.0234375,0.0078125,0,0.130049,0.730244
75126,k_layernorm,56,128,1.64062,0.0252686,0,0.03125,0.015625,0.0078125,0,0.23044,0.745238
75126,k_layernorm,57,128,1.61719,0.0678711,0,0.0390625,0.03125,0.0234375,0,0.057817,0.705314
75126,k_layernorm,58,128,1.60938,1.03906,0,0,0,0,0,0.70165,0.846602
75126,k_layernorm,59,128,1.57031,1.03125,0,0,0,0,0,0.699204,0.800995
75126,k_layernorm,60,128,1.53125,0.519531,0,0.0390625,0,0,0,0.354923,0.733163
75126,k_layernorm,61,128,1.51562,0.742188,0,0.0078125,0,0,0,0.615876,0.812887
75126,k_layernorm,62,128,1.375,1.04688,0,0,0,0,0,0.77625,0.886932
75126,k_layernorm,63,128,1.21094,0.800781,0,0,0,0,0,0.774355,0.886452
75126,final_layernorm,-1,5120,1.64844,0.195312,0,0.000195313,0.000195313,0,0,0.971564,0.985782
