iter,lm_loss,grad_norm
5,13.50014,24.371
10,13.41753,23.797
15,12.82177,26.394
20,12.04938,89.115
25,10.88371,34.139
30,10.30198,47.625
35,9.665105,14.961
40,9.319604,16.027
45,9.024105,14.097
50,8.803625,8.942
55,8.646994,9.885
60,8.488715,22.755
65,8.38062,18.793
70,8.262757,18.475
75,8.156895,12.274
80,8.030209,11.893
85,7.949903,20.568
90,7.854881,15.534
95,7.78644,15.669
100,7.701165,10.075
105,7.638409,12.367
110,7.547733,12.074
115,7.491161,12.904
120,7.404929,12.373
125,7.331335,17.527
130,7.294127,9.96
135,7.208352,9.961
140,7.149902,10.953
145,7.079941,9.748
150,7.018332,8.128
155,6.964142,8.989
160,6.931944,7.553
165,6.876547,8.127
170,6.823296,7.847
175,6.793672,10.402
180,6.778853,11.062
185,6.689776,8.786
190,6.626007,15.403
195,6.623764,7.134
200,6.55135,5.347
205,6.48344,6.102
210,6.434357,5.934
215,6.408078,5.681
220,6.357359,5.978
225,6.314249,5.9
230,6.249992,5.605
235,6.225922,9.575
240,6.204794,4.249
245,6.16288,6.287
250,6.140491,5.436
255,6.099564,5.783
260,6.069461,4.584
265,6.053595,5.076
270,6.006906,5.611
275,5.979594,4.202
280,5.961362,4.816
285,5.937126,4.746
290,5.892251,4.801
295,5.843832,5.397
300,5.84555,4.495
305,5.824161,5.037
310,5.788002,5.3
315,5.760715,3.83
320,5.737962,4.602
325,5.708766,4.46
330,5.676955,6.859
335,5.656908,4.037
340,5.63267,4.95
345,5.599999,4.827
350,5.576741,4.806
355,5.540993,4.005
360,5.501287,4.943
365,5.492172,5.301
370,5.458561,4.218
375,5.422792,5.162
380,5.410546,7.083
385,5.391224,4.108
390,5.357567,3.808
395,5.3341,4.617
400,5.303554,4.437
405,5.290419,4.045
410,5.259153,4.682
415,5.268729,7.301
420,5.25675,4.195
425,5.22913,3.995
430,5.181758,3.893
435,5.155084,5.514
440,5.153913,3.895
445,5.116767,3.733
450,5.103506,4.847
455,5.090171,4.203
460,5.047113,4.613
465,5.040379,3.948
470,5.009701,3.511
475,5.014503,4.06
480,4.984062,3.806
485,4.970634,4.365
490,4.958426,4.113
495,4.93239,3.634
500,4.901764,3.839
505,4.892729,3.717
510,4.867694,4.729
515,4.851858,3.8
520,4.839661,4.259
525,4.825043,3.677
530,4.813818,3.195
535,4.789602,4.981
540,4.782874,3.711
545,4.75321,3.609
550,4.727426,3.963
555,4.728992,2.953
560,4.713934,3.68
565,4.685709,4.055
570,4.671616,4.096
575,4.652386,3.07
580,4.631899,4.888
585,4.617237,4.392
590,4.609929,3.631
595,4.592146,4.392
600,4.577921,3.681
605,4.542634,3.637
610,4.538591,4.204
615,4.520401,3.546
620,4.494916,3.721
625,4.466731,3.677
630,4.454211,3.209
635,4.445837,2.89
640,4.431697,3.158
645,4.419257,3.272
650,4.394458,2.5
655,4.368456,3.482
660,4.362539,2.908
665,4.350153,3.405
670,4.330917,3.508
675,4.311977,3.068
680,4.304356,2.94
685,4.279059,2.738
690,4.272692,3.201
695,4.244247,2.768
700,4.231988,2.797
705,4.213495,3.127
710,4.198806,3.035
715,4.173815,3.113
720,4.16377,2.585
725,4.137577,2.939
730,4.128391,2.24
735,4.125734,2.347
740,4.105376,2.916
745,4.106646,2.443
750,4.067879,2.552
755,4.044748,2.775
760,4.050071,2.324
765,4.011456,2.445
770,3.995166,2.467
775,3.978282,2.068
780,3.956606,2.607
785,3.945605,2.818
790,3.921406,2.373
795,3.919572,2.35
800,3.899325,2.565
805,3.866747,2.002
810,3.851398,2.289
815,3.840196,2.216
820,3.80528,2.113
825,3.788519,2.554
830,3.787099,1.873
835,3.749351,2.466
840,3.745959,2.378
845,3.74611,2.964
850,3.729944,2.46
855,3.708553,2.042
860,3.696407,2.198
865,3.664825,2.2
870,3.635769,1.905
875,3.628963,2.014
880,3.615516,1.847
885,3.598669,1.995
890,3.593637,1.854
895,3.579227,1.947
900,3.575297,1.675
905,3.559859,1.759
910,3.532187,1.714
915,3.530605,2.116
920,3.508929,1.557
925,3.494918,1.87
930,3.502766,2.059
935,3.480687,1.574
940,3.47173,1.542
945,3.450526,1.736
950,3.444382,1.657
955,3.427694,1.744
960,3.42779,1.799
965,3.416512,1.669
970,3.403164,1.431
975,3.391692,1.625
980,3.37111,1.641
985,3.374048,1.318
990,3.365494,1.501
995,3.354994,1.529
1000,3.352626,2.029
1005,3.344984,1.436
1010,3.322832,1.455
1015,3.310596,1.405
1020,3.30168,1.288
1025,3.293134,1.461
1030,3.28759,1.53
1035,3.282058,1.442
1040,3.265799,1.177
1045,3.27066,1.443
1050,3.271642,1.477
1055,3.225347,1.056
1060,3.234844,1.296
1065,3.241422,1.426
1070,3.220311,1.156
1075,3.216484,1.434
1080,3.202217,1.416
1085,3.200238,1.164
1090,3.186983,1.205
1095,3.17732,1.088
1100,3.180286,1.113
1105,3.169268,1.258
1110,3.157828,1.117
1115,3.152142,1.054
1120,3.156845,1.211
1125,3.139198,1.016
1130,3.129959,1.163
1135,3.12556,1.054
1140,3.136172,1.023
1145,3.118742,1.293
1150,3.106726,1.084
1155,3.133083,1.288
1160,3.107618,1.196
1165,3.104834,1.104
1170,3.100635,0.957
1175,3.091456,0.93
1180,3.08418,0.993
1185,3.061993,0.952
1190,3.065132,0.947
1195,3.061941,1.015
1200,3.053197,1.09
1205,3.043766,1.051
1210,3.03749,1.163
1215,3.032286,0.841
1220,3.037127,0.984
1225,3.015819,0.826
1230,3.016221,0.928
1235,3.000608,0.967
1240,3.000039,1.054
1245,3.004251,1.071
1250,2.996699,0.971
1255,3.000265,0.91
1260,2.992317,1.037
1265,2.980903,0.943
1270,2.974133,0.955
1275,2.98078,0.752
1280,2.970266,0.808
1285,2.957605,0.796
1290,2.949375,0.919
1295,2.948711,1.058
1300,2.96188,0.828
1305,2.946936,0.785
1310,2.942213,0.876
1315,2.941115,0.821
1320,2.927962,0.738
1325,2.921113,0.851
1330,2.923146,0.898
1335,2.915505,0.874
1340,2.911495,0.931
1345,2.923913,1.162
1350,2.942101,0.879
1355,2.923359,1.1
1360,2.893255,0.783
1365,2.892389,0.774
1370,2.885172,0.798
1375,2.900092,0.86
1380,2.877404,0.852
1385,2.879648,0.93
1390,2.877791,0.662
1395,2.864624,0.63
1400,2.860187,0.891
1405,2.862773,0.928
1410,2.870208,0.951
1415,2.855827,0.777
1420,2.850439,0.784
1425,2.843233,0.697
1430,2.831801,0.834
1435,2.849972,0.881
1440,2.851415,1.903
1445,2.876507,0.843
1450,2.863087,0.642
1455,2.822914,0.666
1460,2.823201,0.753
1465,2.821465,0.78
1470,2.822395,0.855
1475,2.830092,0.983
1480,2.851976,0.986
1485,2.840412,0.838
1490,2.833068,0.543
1495,2.806858,0.559
1500,2.795196,0.707
1505,2.788522,0.77
1510,2.801003,0.966
1515,2.77991,0.569
1520,2.781474,0.714
1525,2.785575,0.614
1530,2.781016,0.827
1535,2.795749,0.864
1540,2.780991,0.791
1545,2.777413,0.658
1550,2.777508,0.709
1555,2.752426,0.737
1560,2.776843,0.721
1565,2.776833,0.762
1570,2.771737,0.705
1575,2.751714,0.652
1580,2.742415,0.582
1585,2.75393,0.859
1590,2.75858,0.71
1595,2.749692,0.643
1600,2.749487,0.971
1605,2.733124,0.541
1610,2.733273,0.726
1615,3.139333,12.124
1620,2.998007,3.07
1625,2.920807,1.685
1630,2.889457,1.343
1635,2.885884,0.971
1640,2.844045,1.101
1645,2.801976,0.876
1650,2.759944,0.522
1655,2.746712,0.452
1660,2.722381,0.399
1665,2.701617,0.535
1670,2.69763,0.704
1675,2.727699,0.784
1680,2.70456,0.527
1685,2.702624,0.446
1690,2.704273,0.524
1695,2.694896,0.583
1700,2.700494,0.804
1705,2.691793,0.514
1710,2.67873,0.536
1715,2.679298,0.717
1720,2.684588,0.615
1725,2.695655,0.649
1730,2.689709,0.563
1735,2.682708,0.516
1740,2.682227,0.541
1745,2.665755,0.605
1750,2.681768,0.527
1755,2.6784,0.616
1760,2.676888,0.66
1765,2.660098,0.558
1770,2.667656,0.707
1775,2.746351,2.538
1780,2.800953,1.571
1785,2.865046,6.145
1790,3.24414,7.231
1795,3.001383,1.664
1800,2.84805,0.913
1805,2.766194,0.817
1810,2.71058,0.626
1815,2.69123,0.366
1820,2.667176,0.483
1825,2.663142,0.698
1830,2.655018,0.542
1835,2.646621,0.67
1840,2.658755,0.621
1845,2.665968,0.733
1850,2.657708,0.458
1855,2.641559,0.455
1860,2.626687,0.491
1865,2.640246,0.574
1870,2.632083,0.586
1875,2.638286,0.543
1880,2.648919,0.804
1885,2.668314,0.669
1890,2.704674,1.49
1895,2.811695,1.933
1900,2.841468,1.725
1905,2.767383,0.901
1910,2.687592,0.436
1915,2.651734,0.342
1920,2.621747,0.306
1925,2.612412,0.276
1930,2.602797,0.426
1935,2.605735,0.626
1940,2.620547,0.603
1945,2.611352,0.622
1950,2.599031,0.473
1955,2.602648,0.483
1960,2.598308,0.614
1965,2.591624,0.592
1970,2.607158,0.644
1975,2.598251,0.751
1980,2.595614,0.548
1985,2.679616,11.746
1990,2.735855,0.928
1995,2.678134,0.921
2000,2.630146,0.347
2005,2.617584,0.363
2010,2.579696,0.32
2015,2.570981,0.309
2020,2.575084,0.502
2025,2.582747,0.649
2030,2.591191,0.528
2035,2.581683,0.42
2040,2.578947,0.466
2045,2.580552,0.586
2050,2.580336,0.45
2055,2.565765,0.487
2060,2.558593,0.588
2065,2.553273,0.694
2070,2.591641,1.296
2075,2.624716,0.74
2080,2.615885,0.544
2085,2.592279,0.383
2090,2.566212,0.422
2095,2.548282,0.385
2100,2.55518,0.403
2105,2.540342,0.417
2110,2.552749,0.467
2115,2.563036,0.564
2120,2.637284,0.936
2125,2.649233,1.339
2130,2.630611,0.461
2135,2.590394,0.509
2140,2.544867,0.31
2145,2.547616,0.345
2150,2.528818,0.397
2155,2.531281,0.378
2160,2.531805,0.424
2165,2.52811,0.529
2170,2.537549,0.504
2175,2.530466,0.398
2180,2.516194,0.361
2185,2.528451,0.566
2190,2.537998,0.591
2195,2.524908,0.423
2200,2.521896,0.394
2205,2.515148,0.627
2210,2.517118,0.449
2215,2.528365,0.518
2220,2.513059,0.479
2225,2.50864,0.712
2230,2.520729,0.451
2235,2.508703,0.649
2240,2.507904,0.465
2245,2.505914,0.433
2250,2.498236,0.401
2255,2.506665,0.495
2260,2.496478,0.448
2265,2.492421,0.422
2270,2.496391,0.373
2275,2.485236,0.468
2280,2.498768,0.495
2285,2.503178,0.416
2290,2.487328,0.362
2295,2.473372,0.32
2300,2.492953,0.463
2305,2.489744,0.825
2310,2.485845,0.515
2315,2.488848,0.389
2320,2.47506,0.396
2325,2.47191,0.42
2330,2.464095,0.387
2335,2.474706,0.481
2340,2.463546,0.535
2345,2.467917,0.472
2350,2.466023,0.609
2355,2.481091,0.548
2360,2.46118,0.505
2365,2.45659,0.377
2370,2.46666,0.495
2375,2.458476,0.481
2380,2.439867,0.46
2385,2.449569,0.32
2390,2.450364,0.329
2395,2.44728,0.449
2400,2.450622,0.555
2405,2.464961,0.544
2410,2.477884,0.481
2415,2.456894,0.351
2420,2.451325,0.315
2425,2.440515,0.391
2430,2.443222,0.587
2435,2.427263,0.886
2440,2.431951,0.44
2445,2.464283,1.321
2450,2.615919,15.921
2455,3.048913,6.327
2460,2.672642,1.277
2465,2.593576,0.669
2470,2.520253,0.468
2475,2.476267,0.394
2480,2.455303,0.261
2485,2.436215,0.268
2490,2.430751,0.271
2495,2.421487,0.423
2500,2.418778,0.408
2505,2.429075,0.437
2510,2.436327,0.549
2515,2.448695,0.415
2520,2.426182,0.351
2525,2.406604,0.311
2530,2.410476,0.335
2535,2.405319,0.344
2540,2.412561,0.397
2545,2.412132,0.39
2550,2.414428,0.496
2555,2.410445,0.31
2560,2.408241,0.397
2565,2.42178,0.374
2570,2.418699,0.399
2575,2.415836,0.376
2580,2.407307,0.355
2585,2.401765,0.352
2590,2.404522,0.401
2595,2.408138,0.362
2600,2.398663,0.372
2605,2.410849,0.359
2610,2.398281,0.493
2615,2.4086,0.5
2620,2.402832,0.336
2625,2.407189,0.373
2630,2.399531,0.288
2635,2.398219,0.455
2640,2.420563,0.481
2645,2.415471,0.469
2650,2.395024,0.425
2655,2.389159,0.27
2660,2.378316,0.318
2665,2.390167,0.529
2670,2.414318,0.499
2675,2.400638,0.536
2680,2.374347,0.425
2685,2.382041,0.337
2690,2.378417,0.31
2695,2.377581,0.305
2700,2.369116,0.406
2705,2.384513,0.373
2710,2.380375,0.323
2715,2.385083,0.697
2720,2.372276,0.351
2725,2.382084,0.388
2730,2.367534,0.382
2735,2.372255,0.349
2740,2.35612,0.388
2745,2.374813,0.767
2750,2.393419,0.497
2755,2.402493,0.381
2760,2.370255,0.367
2765,2.368989,0.279
2770,2.356351,0.315
2775,2.346254,0.305
2780,2.348397,0.353
2785,2.355864,0.404
2790,2.364607,0.37
2795,2.362255,0.516
2800,2.355396,0.699
2805,2.354982,0.464
2810,2.351078,0.41
2815,2.339581,0.299
2820,2.339272,0.324
2825,2.339935,0.395
2830,2.344384,0.444
2835,2.343053,0.379
2840,2.35882,0.416
2845,2.346343,0.327
2850,2.356507,0.45
2855,2.354541,0.361
2860,2.34936,0.316
2865,2.335244,0.37
2870,2.323088,0.269
2875,2.325123,0.372
2880,2.346258,0.461
2885,2.339443,0.436
2890,2.345967,0.364
2895,2.336618,0.432
2900,2.371082,0.843
2905,2.366499,0.567
2910,2.357621,0.36
2915,2.33694,0.33
2920,2.331776,0.242
2925,2.317962,0.676
2930,2.305862,0.297
2935,2.316455,0.361
2940,2.331364,0.37
2945,2.322247,0.669
2950,2.332017,0.46
2955,2.326669,0.317
2960,2.328123,0.285
2965,2.321143,0.534
2970,2.330511,0.446
2975,2.330546,0.321
2980,2.32023,0.297
2985,2.311133,0.377
2990,2.301717,0.406
2995,2.318194,0.341
3000,2.307348,0.471
3005,2.308966,0.708
3010,2.323031,0.932
3015,3.359349,2.014
3020,2.526603,0.868
3025,2.475637,0.87
3030,2.422124,0.715
3035,2.38562,0.392
3040,2.343025,0.259
3045,2.33103,1.358
3050,2.320352,0.248
3055,2.304379,0.239
3060,2.297257,0.291
3065,2.390901,0.962
3070,2.408099,1.072
3075,2.413292,0.59
3080,2.358218,0.337
3085,2.315967,0.257
3090,2.319376,0.296
3095,2.306865,0.24
3100,2.308965,0.414
3105,2.29861,0.275
3110,2.289278,0.325
3115,2.29039,0.342
3120,2.295581,0.339
3125,2.305595,0.371
3130,2.29807,0.355
3135,2.28928,0.32
3140,2.289925,0.345
3145,2.293352,0.425
3150,2.30192,0.409
3155,2.359166,1.699
3160,2.483194,2.992
3165,2.497738,0.888
3170,2.422729,0.887
3175,2.369788,0.452
3180,2.339625,0.367
3185,2.331336,0.339
3190,2.304661,0.245
3195,2.288515,0.256
3200,2.288882,0.33
3205,2.302352,0.311
3210,2.290362,0.307
3215,2.285612,0.35
3220,2.301257,0.44
3225,2.286685,0.289
3230,2.273036,0.342
3235,2.290161,0.465
3240,2.294909,0.476
3245,2.300533,0.308
3250,2.286169,0.355
3255,2.276858,0.273
3260,2.289417,0.393
3265,2.30338,0.38
3270,2.292706,0.317
3275,2.280182,0.304
3280,2.270682,0.411
3285,2.266061,0.394
3290,2.276277,0.314
3295,2.284731,0.45
3300,2.274917,0.309
3305,2.279229,0.423
3310,2.272941,0.352
3315,2.289013,0.382
3320,2.26267,0.321
3325,2.266312,0.471
3330,2.257479,0.286
3335,2.257872,0.333
3340,2.259517,0.294
3345,2.263501,0.289
3350,2.251659,0.372
3355,2.256128,0.301
3360,2.25716,0.297
3365,2.262257,0.306
3370,2.258434,0.436
3375,2.258932,0.323
3380,2.27294,0.64
3385,2.244829,0.276
3390,2.257474,0.238
3395,2.243438,0.531
3400,2.230783,0.337
3405,2.24283,0.406
3410,2.248353,0.415
3415,2.245069,0.352
3420,2.249815,0.345
3425,2.257975,0.32
3430,2.2353,0.292
3435,2.251451,0.27
3440,2.294293,0.528
3445,2.570812,0.78
3450,2.350521,0.406
3455,2.295123,0.321
3460,2.273179,0.343
3465,2.259082,0.26
3470,2.241584,0.216
3475,2.232258,0.412
3480,2.225318,0.294
3485,2.232151,0.282
3490,2.234879,0.675
3495,2.218825,0.325
3500,2.237085,0.356
3505,2.284095,0.604
3510,2.2959,0.559
3515,2.342212,0.92
3520,2.422587,1.083
3525,2.370033,0.565
3530,2.357172,0.887
3535,2.331167,0.425
3540,2.290565,0.288
3545,2.256584,0.235
3550,2.257261,0.255
3555,2.232639,0.238
3560,2.220394,0.22
3565,2.225392,0.245
3570,2.217764,0.523
3575,2.227633,0.29
3580,2.223207,0.562
3585,2.226482,0.455
3590,2.224415,0.348
3595,2.237155,0.38
3600,2.245362,0.309
3605,2.239323,0.37
3610,2.253372,0.393
3615,2.245529,0.326
3620,2.232661,0.34
3625,2.226441,0.347
3630,2.22478,0.287
3635,2.218155,0.238
3640,2.218744,0.387
3645,2.224488,0.353
3650,2.22369,0.402
3655,2.231802,0.383
3660,2.227641,0.41
3665,2.233306,0.258
3670,2.215091,0.26
3675,2.220973,0.362
3680,2.224178,0.363
3685,2.236391,0.421
3690,2.30224,4.316
3695,2.294678,0.493
3700,2.25938,0.377
3705,2.233002,0.276
3710,2.211879,0.257
3715,2.213688,0.281
3720,2.208074,0.374
3725,2.203305,0.398
3730,2.202277,0.341
3735,2.213239,0.433
3740,2.210855,0.345
3745,2.219716,0.395
3750,2.226421,0.298
3755,2.19551,0.256
3760,2.197123,0.299
3765,2.210194,0.329
3770,2.225783,0.49
3775,2.236136,0.334
3780,2.209254,0.244
3785,2.202183,0.243
3790,2.19698,0.256
3795,2.200567,0.337
3800,2.195638,0.359
3805,2.222326,0.479
3810,2.233515,0.543
3815,2.21907,0.365
3820,2.199267,0.293
3825,2.193371,0.304
3830,2.184761,0.314
3835,2.195317,0.286
3840,2.192581,0.325
3845,2.200299,0.425
3850,2.188454,0.288
3855,2.190143,0.413
3860,2.196243,0.27
3865,2.188285,0.428
3870,2.205381,0.3
3875,2.183474,0.365
3880,2.18399,0.238
3885,2.19207,0.253
3890,2.191337,0.335
3895,2.194439,0.319
3900,2.179005,0.242
3905,2.186168,0.31
3910,2.188955,0.306
3915,2.19689,0.558
3920,2.24052,0.989
3925,2.281871,0.406
3930,2.239684,0.402
3935,2.211087,0.256
3940,2.19948,0.266
3945,2.19875,0.253
3950,2.184248,0.381
3955,2.188001,0.431
3960,2.193764,1.0
3965,2.260836,0.59
3970,2.265692,0.626
3975,2.228424,0.335
3980,2.204725,0.395
3985,2.19146,0.283
3990,2.175774,0.275
3995,2.170122,0.221
4000,2.171645,0.274
4005,2.170869,0.245
4010,2.172773,0.294
4015,2.183069,0.402
4020,2.187897,0.347
4025,2.177321,0.271
4030,2.167072,0.256
4035,2.167409,0.304
4040,2.171844,0.277
4045,2.170509,0.338
4050,2.170486,0.275
4055,2.175534,0.279
4060,2.172152,0.407
4065,2.161297,0.404
4070,2.168313,0.281
4075,2.173262,0.329
4080,2.173505,0.361
4085,2.163244,0.309
4090,2.174272,0.327
4095,2.166165,0.33
4100,2.164425,0.316
4105,2.16169,0.332
4110,2.191905,1.282
4115,3.33411,1.093
4120,2.493102,3.943
4125,2.464631,1.036
4130,2.349132,1.039
4135,2.279432,0.54
4140,2.231482,0.257
4145,2.194147,0.231
4150,2.185699,0.248
4155,2.175552,0.235
4160,2.165931,0.238
4165,2.159879,0.201
4170,2.160029,0.206
4175,2.148158,0.36
4180,2.1511,0.277
4185,2.162405,0.309
4190,2.149114,0.268
4195,2.151509,0.437
4200,2.158728,0.534
4205,2.167843,0.421
4210,2.167793,0.385
4215,2.159582,0.248
4220,2.157507,0.3
4225,2.151057,0.285
4230,2.155109,0.444
4235,2.149879,0.319
4240,2.156922,0.461
4245,2.156698,0.278
4250,2.146804,0.265
4255,2.148379,0.354
4260,2.163151,0.325
4265,2.16176,0.278
4270,2.153482,0.285
4275,2.146686,0.245
4280,2.148318,0.647
4285,2.170256,0.328
4290,2.160484,0.35
4295,2.156255,0.243
4300,2.141021,0.252
4305,2.149089,0.237
4310,2.14379,0.324
4315,2.14288,0.339
4320,2.13074,0.231
4325,2.13496,0.294
4330,2.140111,0.298
4335,2.139785,0.244
4340,2.148051,0.269
4345,2.148334,0.294
4350,2.139387,0.269
4355,2.136415,0.315
4360,2.154514,0.396
4365,2.14554,0.279
4370,2.139489,0.317
4375,2.139396,0.29
4380,2.139177,0.347
4385,2.135914,0.281
4390,2.140018,0.305
4395,2.140415,0.329
4400,2.137059,0.305
4405,2.136235,0.268
4410,2.14195,0.38
4415,2.138846,0.397
4420,2.168424,0.749
4425,2.1969,0.614
4430,2.202187,0.485
4435,2.212893,0.475
4440,2.163933,0.266
4445,2.15021,0.284
4450,2.138205,0.222
4455,2.135524,0.239
4460,2.123843,0.216
4465,2.12564,0.209
4470,2.115788,0.413
4475,2.126981,0.288
4480,2.127009,0.297
4485,2.125284,0.39
4490,2.117081,0.268
4495,2.119872,0.483
4500,2.12395,0.309
4505,2.129628,0.368
4510,2.128584,0.376
4515,2.126532,0.288
4520,2.128835,0.208
4525,2.117741,0.288
4530,2.114816,0.34
4535,2.113603,0.278
4540,2.131117,0.334
4545,2.129777,0.333
4550,2.123839,0.432
4555,2.117617,0.284
4560,2.186652,0.494
4565,2.376821,0.843
4570,2.335015,0.996
4575,2.297049,0.395
4580,2.217194,0.26
4585,2.17731,0.228
4590,2.159494,0.244
4595,2.134239,0.236
4600,2.118137,0.218
4605,2.110691,0.204
4610,2.110989,0.284
4615,2.113785,0.323
4620,2.113396,0.274
4625,2.123149,0.33
4630,2.115859,0.298
4635,2.111723,0.289
4640,2.101609,0.302
4645,2.118184,0.314
4650,2.121752,0.269
4655,2.12114,0.259
4660,2.118346,0.432
4665,2.201215,0.875
4670,2.413179,1.271
4675,2.315031,1.268
4680,2.244294,1.101
4685,2.210225,0.471
4690,2.172666,0.351
4695,2.147137,0.23
4700,2.131715,0.28
4705,2.124884,0.209
4710,2.12127,0.218
4715,2.106001,0.226
4720,2.11193,0.335
4725,2.109951,0.292
4730,2.103662,0.334
4735,2.105466,0.27
4740,2.107195,0.269
4745,2.123573,0.376
4750,2.107789,0.373
4755,2.111113,0.275
4760,2.108504,0.282
4765,2.121767,0.608
4770,2.102542,0.444
4775,2.120078,0.369
4780,2.110093,0.269
4785,2.123254,0.408
4790,2.103771,0.284
4795,2.111591,0.266
4800,2.105009,0.261
4805,2.102602,0.392
4810,2.103237,0.416
4815,2.107813,0.487
4820,2.119415,0.365
4825,2.114873,0.374
4830,2.104061,0.746
4835,2.101427,0.341
4840,2.098077,0.317
4845,2.099978,0.296
4850,2.103126,0.276
4855,2.099607,0.332
4860,2.099444,0.377
4865,2.12203,0.42
4870,2.112026,0.343
4875,2.111097,0.324
4880,2.09113,0.328
4885,2.095585,0.228
4890,2.088286,0.298
4895,2.091514,0.423
4900,2.091978,0.261
4905,2.091494,0.264
4910,2.088899,0.259
4915,2.098316,0.289
4920,2.079853,0.266
4925,2.099598,0.351
4930,2.092745,0.288
4935,2.095063,0.271
4940,2.090514,0.273
4945,2.095732,0.302
4950,2.090872,0.276
4955,2.087526,0.495
4960,2.096924,0.314
4965,2.103984,0.299
4970,2.093454,0.363
4975,2.074536,0.31
4980,2.082304,0.253
4985,2.071205,0.276
4990,2.087967,0.269
4995,2.083363,0.362
5000,2.083108,0.275
5005,2.094379,0.3
5010,2.078302,0.263
5015,2.08449,0.255
5020,2.082802,0.263
5025,2.086243,0.378
5030,2.083155,0.333
5035,2.089032,0.364
5040,2.341309,1.118
5045,2.537595,0.802
5050,2.214582,0.396
5055,2.15431,0.408
5060,2.125029,0.269
5065,2.093942,0.259
5070,2.095087,0.26
5075,2.075121,0.228
5080,2.084104,0.235
5085,2.066108,0.257
5090,2.068863,0.244
5095,2.057528,0.262
5100,2.070647,0.336
5105,2.052201,0.279
5110,2.069074,0.342
5115,2.072606,0.379
5120,2.068111,0.335
5125,2.072258,0.29
5130,2.066173,0.218
5135,2.070701,0.283
5140,2.075459,0.38
5145,2.071015,0.306
5150,2.074265,0.422
5155,2.069212,0.345
5160,2.065631,0.477
5165,2.073568,0.314
5170,2.082764,0.441
5175,2.125549,0.653
5180,2.134357,0.54
5185,2.09639,0.329
5190,2.08416,0.277
5195,2.066444,0.232
5200,2.067794,0.272
5205,2.070559,0.257
5210,2.07123,0.292
5215,2.068967,0.543
5220,2.074868,0.313
5225,2.063083,0.33
5230,2.059974,0.286
5235,2.065825,0.403
5240,2.061051,0.637
5245,2.085678,0.322
5250,2.209629,4.102
5255,2.26319,0.661
5260,2.170686,0.384
5265,2.122449,0.383
5270,2.100987,0.293
5275,2.0971,0.231
5280,2.080134,0.217
5285,2.070844,0.22
5290,2.092531,0.452
5295,2.114901,0.391
5300,2.091543,0.27
5305,2.076525,0.215
5310,2.073064,0.246
5315,2.069202,0.233
5320,2.064989,0.257
5325,2.062868,0.272
5330,2.06607,0.405
5335,2.058227,0.419
5340,2.068139,0.291
5345,2.063868,0.267
5350,2.053091,0.259
5355,2.060246,0.286
5360,2.060542,0.266
5365,2.058161,0.326
5370,2.066701,0.398
5375,2.064999,0.325
5380,2.067385,0.39
5385,2.064465,0.316
5390,2.054712,0.224
5395,2.064373,0.251
5400,2.052724,0.305
5405,2.04717,0.322
5410,2.062601,0.326
5415,2.064844,0.356
5420,2.053067,0.331
5425,2.056016,0.258
5430,2.054967,0.436
5435,2.063621,0.258
5440,2.052399,0.324
5445,2.050478,0.32
5450,2.054447,0.274
5455,2.039801,0.312
5460,2.051636,0.327
5465,2.056716,0.365
5470,2.057601,0.296
5475,2.057784,0.293
5480,2.064428,0.275
5485,2.045305,0.268
5490,2.048313,0.269
5495,2.048881,0.245
5500,2.043402,0.375
5505,2.053024,0.383
5510,2.055945,0.253
5515,2.061503,0.392
5520,2.058922,0.279
5525,2.043554,0.226
5530,2.043696,0.279
5535,2.040219,0.295
5540,2.044543,0.394
5545,2.051159,0.323
5550,2.0387,0.312
5555,2.054089,0.265
5560,2.033753,0.252
5565,2.043745,0.472
5570,2.043366,0.27
5575,2.040495,0.251
5580,2.039124,0.371
5585,2.05494,0.329
5590,2.047628,2.745
5595,2.054461,0.267
5600,2.045947,0.227
5605,2.03796,0.235
5610,2.034398,0.23
5615,2.034035,0.466
5620,2.106102,0.35
5625,2.077898,0.356
5630,2.057075,0.397
5635,2.051697,0.249
5640,2.03015,0.302
5645,2.037704,0.258
5650,2.028051,0.24
5655,2.024438,0.372
5660,2.028566,0.317
5665,2.042785,0.331
5670,2.027039,0.263
5675,2.01683,0.257
5680,2.039359,0.344
5685,2.040538,0.332
5690,2.036619,0.288
5695,2.03836,0.397
5700,2.030147,0.263
5705,2.037515,0.327
5710,2.029785,0.235
5715,2.031299,0.272
5720,2.04267,0.324
5725,2.026214,0.254
5730,2.02707,0.232
5735,2.040921,0.273
5740,2.035047,0.288
5745,2.034109,0.377
5750,2.036723,0.448
5755,2.027085,0.258
5760,2.022515,1.125
5765,2.029586,0.285
5770,2.026219,0.315
5775,2.024737,0.327
5780,2.038073,0.359
5785,2.014639,0.315
5790,2.016263,0.274
5795,2.02947,0.304
5800,2.031812,0.272
5805,2.027238,0.244
5810,2.019059,0.236
5815,2.019777,0.327
5820,2.021644,0.357
5825,2.026102,0.412
5830,2.080213,0.361
5835,2.061226,0.333
5840,2.057945,0.312
5845,2.043615,0.25
5850,2.025858,0.238
5855,2.025957,0.24
5860,2.017411,0.25
5865,2.017395,0.296
5870,2.017942,0.337
5875,2.028458,0.299
5880,2.033541,0.292
5885,2.028714,0.306
5890,2.019535,0.278
5895,2.01983,0.287
5900,2.012807,0.256
5905,2.010137,0.282
5910,2.018446,0.306
5915,2.015759,0.43
5920,2.015091,0.286
5925,2.016761,0.284
5930,2.016063,0.273
5935,2.022579,0.389
5940,2.012549,0.264
5945,2.013933,0.269
5950,2.010458,0.298
5955,2.01557,0.292
5960,2.023478,0.257
5965,2.007327,0.254
5970,2.016547,0.254
5975,2.009529,0.261
5980,2.011091,0.307
5985,2.00381,0.279
5990,2.004863,0.306
5995,2.017122,0.27
6000,2.010409,0.326
6005,2.013362,0.271
6010,2.01002,0.286
6015,2.016549,0.281
6020,2.007067,0.276
6025,2.00435,0.289
6030,2.004136,0.298
6035,2.007114,0.298
6040,2.004771,0.242
6045,2.003155,1.007
6050,2.017785,0.416
6055,2.011284,0.433
6060,2.016585,0.267
6065,2.022229,0.475
6070,2.092424,1.462
6075,2.30722,3.199
6080,2.652522,0.975
6085,2.225038,0.71
6090,2.127531,0.462
6095,2.084755,0.466
6100,2.050656,0.324
6105,2.035969,0.301
6110,2.026066,0.274
6115,2.012869,0.248
6120,2.005691,0.259
6125,2.000123,0.282
6130,1.994795,0.242
6135,1.997035,0.261
6140,1.996,0.296
6145,2.005834,0.422
6150,2.00257,0.3
6155,2.00417,0.287
6160,2.000173,0.252
6165,1.997847,0.379
6170,2.012419,0.309
6175,2.005832,0.33
6180,2.005231,0.345
6185,1.996704,0.279
6190,1.99771,0.304
6195,2.02994,0.392
6200,2.019125,0.518
6205,2.010857,0.327
6210,2.007314,0.273
6215,1.992326,0.227
6220,1.993653,0.237
6225,1.991773,0.247
6230,2.003453,0.285
6235,2.008358,0.314
6240,2.014112,0.314
6245,2.01568,0.354
6250,2.001513,0.329
6255,2.001395,0.253
6260,1.990881,0.231
6265,1.999172,0.234
6270,1.994783,0.346
6275,1.997067,0.275
6280,1.990766,0.27
6285,1.99714,0.268
6290,1.994947,0.258
6295,2.006816,0.275
6300,2.005563,0.329
6305,1.992685,0.348
6310,1.992443,0.326
6315,2.002575,0.293
6320,1.997118,0.287
6325,1.993274,0.285
6330,1.985548,0.324
6335,1.984201,0.343
6340,1.995863,0.276
6345,1.988246,0.251
6350,1.993858,0.31
6355,2.005711,0.264
6360,1.991494,0.337
6365,1.996843,0.339
6370,1.997254,0.313
6375,1.994457,0.354
6380,1.995615,0.332
6385,1.981561,0.232
6390,1.983064,0.216
6395,1.989792,0.284
6400,1.981008,0.307
6405,1.990403,0.277
6410,1.99305,0.363
6415,1.98956,0.301
6420,1.986961,0.251
6425,1.982549,0.285
6430,1.979351,0.323
6435,1.981092,0.256
6440,1.98665,0.293
6445,1.979273,0.239
6450,1.98812,0.346
6455,1.984074,0.336
6460,1.973581,0.226
6465,1.975064,0.303
6470,1.979899,0.353
6475,1.992602,0.343
6480,1.99086,0.456
6485,2.022495,0.406
6490,1.998098,0.352
6495,1.995746,0.367
6500,1.997898,0.297
6505,1.99622,0.259
6510,1.986197,0.277
6515,1.984455,0.257
6520,1.972123,0.258
6525,1.96517,0.258
6530,1.979629,0.288
6535,1.986201,0.324
6540,1.979787,0.272
6545,1.982286,0.286
6550,1.981135,0.3
6555,1.974635,0.249
6560,1.980322,0.27
6565,1.964711,0.311
6570,1.976524,0.25
6575,1.979589,0.289
6580,1.984801,0.261
6585,1.981324,0.329
6590,1.978383,0.294
6595,1.975386,0.346
6600,1.975104,0.287
6605,1.969739,0.422
6610,1.981918,0.323
6615,1.983615,0.36
6620,1.98522,0.279
6625,1.968486,0.265
6630,1.960937,0.237
6635,1.964626,0.24
6640,1.97406,0.307
6645,1.970783,0.295
6650,1.981501,0.337
6655,1.967619,0.254
6660,1.963118,0.266
6665,1.981679,0.299
6670,1.97188,0.285
6675,1.98659,0.318
6680,1.987963,0.387
6685,1.975309,0.369
6690,1.978693,0.276
6695,1.978326,0.249
6700,1.968153,0.329
6705,1.972702,0.299
6710,1.966635,0.246
6715,1.967884,0.371
6720,1.975319,0.296
6725,1.967607,0.294
6730,1.973616,0.297
6735,1.966431,0.357
6740,1.972197,0.373
6745,1.979444,0.324
6750,1.975019,0.251
6755,1.957494,0.224
6760,1.966539,0.235
6765,1.962696,0.319
6770,1.964446,0.278
6775,1.970454,0.317
6780,1.968855,0.266
6785,1.976345,0.25
6790,1.963477,0.266
6795,1.970307,0.366
6800,1.976184,0.307
6805,1.969444,0.354
6810,2.00371,0.335
6815,1.975767,0.307
6820,1.976966,0.287
6825,1.963741,0.333
6830,1.96639,0.234
6835,1.96493,0.284
6840,1.965768,0.391
6845,1.961823,0.264
6850,1.965429,0.286
6855,1.952324,0.286
6860,1.965603,0.35
6865,1.964588,0.343
6870,1.958548,0.404
6875,1.992991,0.714
6880,2.061945,0.673
6885,2.046242,0.356
6890,2.022583,0.88
6895,1.988058,0.293
6900,1.987014,0.267
6905,1.96845,0.265
6910,1.963981,0.294
6915,1.955283,0.227
6920,1.955595,0.285
6925,1.961699,0.272
6930,1.95803,0.274
6935,1.96009,0.353
6940,1.964761,0.257
6945,1.961758,0.292
6950,1.960373,0.251
6955,1.960405,0.256
6960,1.961883,0.299
6965,1.959826,0.344
6970,1.962025,0.302
6975,1.95144,0.296
6980,1.963968,0.279
6985,1.957851,0.277
6990,1.962666,0.332
6995,1.946166,0.269
7000,1.964172,0.313
7005,1.955915,0.369
7010,1.96698,0.52
7015,1.956483,0.392
7020,1.955173,0.249
7025,1.938368,0.294
7030,1.958786,0.349
7035,1.956245,0.278
7040,1.956517,0.253
7045,1.966889,0.269
7050,1.96713,1.722
7055,2.021458,0.791
7060,2.000409,0.851
7065,1.981856,0.294
7070,1.972116,0.368
7075,1.951648,0.28
7080,1.965797,0.276
7085,1.95349,0.246
7090,1.956575,0.304
7095,1.957212,0.33
7100,1.937768,0.296
7105,1.946758,0.281
7110,1.954089,0.282
7115,1.957968,0.296
7120,1.963988,0.373
7125,1.959393,0.32
7130,1.949685,0.516
7135,1.959909,0.313
7140,1.962138,0.468
7145,1.952526,0.331
7150,1.942482,0.369
7155,1.957531,0.368
7160,1.953857,0.341
7165,1.95605,0.266
7170,1.954935,0.263
7175,1.942524,0.347
7180,1.963023,0.347
7185,1.954936,0.302
7190,1.955564,0.275
7195,1.963893,0.268
7200,1.949125,0.286
7205,1.957486,0.271
7210,1.943587,0.323
7215,1.953739,0.338
7220,1.950887,0.334
7225,1.951699,0.256
7230,1.948825,0.326
7235,1.947391,0.292
7240,1.950968,0.29
7245,1.953718,0.319
7250,1.952456,0.357
7255,1.945647,0.366
7260,1.949172,0.275
7265,1.95472,0.401
7270,1.947479,0.298
7275,1.950143,0.294
7280,1.95154,0.307
7285,1.956112,0.305
7290,1.947583,0.288
7295,1.940903,0.278
7300,1.950148,0.305
7305,1.956286,0.309
7310,1.949133,0.385
7315,1.950666,0.321
7320,1.951825,0.287
7325,1.941113,0.252
7330,1.938597,0.297
7335,1.940272,0.282
7340,1.952851,0.329
7345,1.952294,0.318
7350,1.950497,0.715
7355,1.964218,0.465
7360,1.969578,0.33
7365,1.974974,0.348
7370,1.953575,0.266
7375,1.951051,0.265
7380,1.951167,0.315
7385,1.946213,0.257
7390,1.935675,0.255
7395,1.934209,0.28
7400,1.948561,0.316
7405,1.940635,0.315
7410,1.946006,0.288
7415,1.944046,0.256
7420,1.92955,0.237
7425,1.942018,0.313
7430,1.946475,0.371
7435,1.943189,0.269
7440,1.945672,0.285
7445,1.951005,0.259
7450,1.939179,0.239
7455,1.928411,0.256
7460,1.93469,0.419
7465,1.934949,0.517
7470,1.944192,0.334
7475,1.946651,0.281
7480,1.934799,0.254
7485,1.945036,0.27
7490,1.93355,0.32
7495,1.923218,0.282
7500,1.935752,0.379
7505,1.937918,0.278
7510,1.924399,0.255
7515,1.932766,0.564
7520,1.93273,0.332
7525,1.937231,0.263
7530,1.935975,0.312
7535,1.93947,0.271
7540,1.923546,0.405
7545,1.932749,2.346
7550,1.956495,0.36
7555,1.959188,1.086
7560,2.001951,4.959
7565,2.039654,1.406
7570,2.020557,0.312
7575,1.978231,0.29
7580,1.953614,0.282
7585,1.948947,0.296
7590,1.937738,0.252
7595,1.923353,0.29
7600,1.933071,0.315
7605,1.933769,0.347
7610,1.935763,0.453
7615,1.925017,0.348
7620,1.934024,0.26
7625,1.931561,0.262
7630,1.934854,0.28
7635,1.937474,0.374
7640,1.936278,0.297
7645,1.932269,0.337
7650,1.92977,0.311
7655,1.937107,0.288
7660,1.924029,0.273
7665,1.930692,0.291
7670,1.934801,0.296
7675,1.943368,0.368
7680,1.929754,0.272
7685,1.92511,0.368
7690,1.93805,0.34
7695,1.934705,0.29
7700,1.930523,0.264
7705,1.929448,0.342
7710,1.938447,0.35
7715,1.921744,0.331
7720,1.92638,0.305
7725,1.949213,0.436
7730,1.938829,0.301
7735,1.932094,0.642
7740,1.929754,0.255
7745,1.929088,0.299
7750,1.940231,0.301
7755,1.935888,0.31
7760,1.928514,0.364
7765,1.933865,0.306
7770,1.9333,0.29
7775,1.930307,0.342
7780,1.929874,0.282
7785,1.932786,0.289
7790,1.925456,0.298
7795,1.918365,0.338
7800,1.937065,0.275
7805,1.92451,0.315
7810,1.924063,0.294
7815,1.932554,0.271
7820,1.909117,0.264
7825,1.91646,0.333
7830,1.931873,0.403
7835,1.933407,0.286
7840,1.930119,0.313
7845,1.929709,0.41
7850,1.928324,0.411
7855,1.942508,0.301
7860,1.926022,0.294
7865,1.914948,0.282
7870,1.922243,0.237
7875,1.924197,0.309
7880,1.918378,0.271
7885,1.914077,0.304
7890,1.911525,0.359
7895,1.921094,0.338
7900,1.913325,0.35
7905,1.926989,0.301
7910,1.908843,0.257
7915,1.922613,0.389
7920,1.921785,0.362
7925,1.919874,0.287
7930,1.911946,0.389
7935,1.919847,0.296
7940,1.913418,0.287
7945,1.927272,0.278
7950,1.914888,0.37
7955,1.915926,0.277
7960,1.920634,0.268
7965,1.911626,0.311
7970,1.921741,0.341
7975,1.917922,0.336
7980,1.923193,0.267
7985,1.916907,0.394
7990,1.920505,0.306
7995,1.918509,0.328
8000,1.921781,0.297
8005,1.918601,0.382
8010,1.91789,0.372
8015,1.917328,0.29
8020,1.93138,0.292
8025,1.914283,0.337
8030,1.926643,0.388
8035,1.918951,0.294
8040,1.920426,0.275
8045,1.913603,0.302
8050,1.920227,0.334
8055,1.922268,0.751
8060,1.915558,0.333
8065,1.910013,0.276
8070,1.920039,0.507
8075,1.913036,0.269
8080,1.911875,0.323
8085,1.914222,0.298
8090,1.922508,0.314
8095,1.912849,0.324
8100,1.913699,0.282
8105,1.907729,0.31
8110,1.91782,0.309
8115,1.912947,0.3
8120,1.911895,0.28
8125,1.911255,0.329
8130,1.913469,0.364
8135,1.907877,0.31
8140,1.903249,0.274
8145,1.905997,0.306
8150,1.912826,0.264
8155,1.91206,0.314
8160,1.911491,0.323
8165,1.907539,0.384
8170,1.912011,0.361
8175,1.913044,0.368
8180,1.914476,0.463
8185,1.913378,0.542
8190,1.902483,0.334
8195,1.902522,0.366
8200,1.909035,0.303
8205,1.892197,0.318
8210,1.903678,0.314
8215,1.908236,0.301
8220,1.905808,0.325
8225,1.90604,0.34
8230,1.914317,0.29
8235,1.898855,0.506
8240,1.910236,0.272
8245,1.90871,0.242
8250,1.89792,0.291
8255,1.906172,0.365
8260,1.904783,0.304
8265,1.904275,0.287
8270,1.901624,0.306
8275,1.91202,0.343
8280,1.907466,0.344
8285,1.932303,0.339
8290,1.913684,0.284
8295,1.898881,0.346
8300,1.901106,0.314
8305,1.91041,0.26
8310,1.899665,0.299
8315,1.906669,0.299
8320,1.911404,0.303
8325,1.904595,0.305
8330,1.904152,0.267
8335,1.898222,0.281
8340,1.902583,0.363
8345,1.901163,0.374
8350,1.900005,0.309
8355,1.907271,0.281
8360,1.905705,0.319
8365,1.908943,0.325
8370,1.903948,0.348
8375,1.905053,0.299
8380,1.906345,0.552
8385,1.903117,0.359
8390,1.910979,0.319
8395,1.894488,0.339
8400,1.903901,0.274
8405,1.911217,0.331
8410,1.90396,0.269
8415,1.893156,0.278
8420,1.900306,0.331
8425,1.902229,0.309
8430,1.898045,0.303
8435,1.912191,0.312
8440,1.906064,0.302
8445,1.895366,0.435
8450,1.890263,0.374
8455,1.900802,0.314
8460,1.896244,0.319
8465,1.888884,0.343
8470,1.907788,0.326
8475,1.90051,0.517
8480,1.903173,0.27
8485,1.894825,0.276
8490,1.901732,0.337
8495,1.899759,0.33
8500,1.896277,0.406
8505,1.892614,0.33
8510,1.898714,0.322
8515,1.89469,0.324
8520,1.895811,0.457
8525,1.90467,0.391
8530,1.902679,0.305
8535,1.901249,0.336
8540,1.904905,0.34
8545,1.91095,0.279
8550,1.89567,0.29
8555,1.904494,0.364
8560,1.902711,0.317
8565,1.890743,0.299
8570,1.894743,0.283
8575,1.891451,0.451
8580,1.898866,0.32
8585,1.894544,0.304
8590,1.892474,0.538
8595,1.881293,0.28
8600,1.892537,0.303
8605,1.900535,0.304
8610,1.892508,0.344
8615,1.891247,0.325
8620,1.890921,0.303
8625,1.898301,0.328
8630,1.890073,0.297
8635,1.897375,0.256
8640,1.894148,0.331
8645,1.900031,0.311
8650,1.890305,0.302
8655,1.89287,0.27
8660,1.894008,0.318
8665,1.886699,0.315
8670,1.886841,0.311
8675,1.891743,0.346
8680,1.891241,0.294
8685,1.883583,0.355
8690,1.891631,0.328
8695,1.89789,0.385
8700,1.896945,0.332
8705,1.892437,0.374
8710,1.892542,0.321
8715,1.889971,0.298
8720,1.905787,0.34
8725,2.103751,0.925
8730,2.153695,0.603
8735,2.040935,0.381
8740,1.979872,0.285
8745,1.9418,0.339
8750,1.923606,0.315
8755,1.904426,0.271
8760,1.894998,0.261
8765,1.892758,0.335
8770,1.882627,0.303
8775,1.889583,0.291
8780,1.894577,0.295
8785,1.892304,0.289
8790,1.887041,0.364
8795,1.88475,0.284
8800,1.885096,0.359
8805,1.887424,0.393
8810,1.88829,0.363
8815,1.885192,0.324
8820,1.880511,0.273
8825,1.88584,0.298
8830,1.888321,0.313
8835,1.883272,0.37
8840,1.887604,0.743
8845,1.893975,0.332
8850,1.884887,0.346
8855,1.891382,0.299
8860,1.878207,0.279
8865,1.895917,0.409
8870,1.889091,0.301
8875,1.892398,0.355
8880,1.877039,0.309
8885,1.882068,0.295
8890,1.885074,0.292
8895,1.881326,0.306
8900,1.888335,0.378
8905,1.888858,0.317
8910,1.883614,0.253
8915,1.889034,0.278
8920,1.880764,0.422
8925,1.892001,0.341
8930,1.884197,0.328
8935,1.884894,0.263
8940,1.878828,0.312
8945,1.876395,0.319
8950,1.886241,0.31
8955,1.889688,0.346
8960,1.888877,0.292
8965,1.889643,0.322
8970,1.888515,0.279
8975,1.883899,0.351
8980,1.892865,0.361
8985,1.882827,0.331
8990,1.891408,0.289
8995,1.889091,0.292
9000,1.897477,0.399
9005,1.888171,0.303
9010,1.881703,0.343
9015,1.874606,0.299
9020,1.876172,0.399
9025,1.881832,0.364
9030,1.875852,0.299
9035,1.880577,0.295
9040,1.881341,0.386
9045,1.873367,0.324
9050,1.881763,0.298
9055,1.885834,0.289
9060,1.885168,0.36
9065,1.872658,0.296
9070,1.871547,0.289
9075,1.869711,0.349
9080,1.882275,0.334
9085,1.876896,0.322
9090,1.886386,0.376
9095,1.885689,0.399
9100,1.869011,0.384
9105,1.876182,0.383
9110,1.878253,0.272
9115,1.882703,0.313
9120,1.881934,0.318
9125,1.875531,0.291
9130,1.873001,0.282
9135,1.870679,0.417
9140,1.881153,0.39
9145,1.874735,0.372
9150,1.875648,0.318
9155,1.874248,0.266
9160,1.877678,0.365
9165,1.874005,0.326
9170,1.874429,0.45
9175,1.885942,0.314
9180,1.880387,0.287
9185,1.874427,0.483
9190,1.876447,0.289
9195,1.877368,0.378
9200,1.868764,0.366
9205,1.873785,0.379
9210,1.88068,0.29
9215,1.87311,0.331
9220,1.868266,0.382
9225,1.877937,0.34
9230,1.875119,0.295
9235,1.875359,0.287
9240,1.866618,0.358
9245,1.873776,0.3
9250,1.871728,0.338
9255,1.876686,0.321
9260,1.875437,0.353
9265,1.886564,0.344
9270,1.879368,0.279
9275,1.876123,0.283
9280,1.871358,0.268
9285,1.882065,0.311
9290,1.874755,0.345
9295,1.875874,0.399
9300,1.869462,0.26
9305,1.882779,0.311
9310,1.87828,0.342
9315,1.870538,0.416
9320,1.883928,0.444
9325,1.881552,0.406
9330,1.899104,0.377
9335,1.880984,0.31
9340,1.871199,0.284
9345,1.871834,0.264
9350,1.876727,0.293
9355,1.875823,0.315
9360,1.870325,0.961
9365,1.865253,0.32
9370,1.862439,0.62
9375,1.877063,0.285
9380,1.862743,0.306
9385,1.87063,0.327
9390,1.869989,0.295
9395,1.870225,0.359
9400,1.867076,0.324
9405,1.868915,0.532
9410,1.865004,0.313
9415,1.864261,0.389
9420,1.872053,0.345
9425,1.873644,0.287
9430,1.866247,0.327
9435,1.869611,0.322
9440,1.866735,0.288
9445,1.875627,0.351
9450,1.866183,0.293
9455,1.879624,0.314
9460,1.869424,0.838
9465,1.871662,0.361
9470,1.868571,0.277
9475,1.877585,0.309
9480,1.863957,0.361
9485,1.878922,0.469
9490,1.87482,0.33
9495,1.869198,0.441
9500,1.870907,0.349
9505,1.870024,0.295
9510,1.866734,0.318
9515,1.868156,0.267
9520,1.864673,0.429
9525,1.862068,0.395
9530,1.86349,0.282
9535,1.868065,0.33
9540,1.858782,0.322
9545,1.868247,0.323
9550,1.861675,0.293
9555,1.864276,0.288
9560,1.865087,0.307
9565,1.875319,0.354
9570,1.861441,0.335
9575,1.881435,1.434
9580,1.893523,0.531
9585,1.895455,0.414
9590,1.91645,0.441
9595,1.89054,0.334
9600,1.888782,0.274
9605,1.880399,0.32
9610,1.881236,0.451
9615,1.872345,0.363
9620,1.873948,0.353
9625,1.875466,0.28
9630,1.86995,0.316
9635,1.859137,0.321
9640,1.85242,0.574
9645,1.85281,0.286
9650,1.859117,0.479
9655,1.866592,0.375
9660,1.8662,0.31
9665,1.857836,0.303
9670,1.849189,0.297
9675,1.859537,0.426
9680,1.859197,0.64
9685,1.858506,0.288
9690,1.865288,0.293
9695,1.864617,0.323
9700,1.860428,0.325
9705,1.852921,0.314
9710,1.857841,0.394
9715,1.865579,0.316
9720,1.862114,0.333
9725,1.86178,0.31
9730,1.856319,0.338
9735,1.860328,0.367
9740,1.858275,0.272
9745,1.858873,0.355
9750,1.870301,0.334
9755,1.860951,0.333
9760,1.859778,0.347
9765,1.866621,0.322
9770,1.860241,0.277
9775,1.853317,0.338
9780,1.86407,0.297
9785,1.869543,0.332
9790,1.861089,0.333
9795,1.849529,0.279
9800,1.864239,0.381
9805,1.861843,0.328
9810,1.85526,0.346
9815,1.860741,0.316
9820,1.866155,0.346
9825,1.857015,0.312
9830,1.852522,0.324
9835,1.850475,0.309
9840,1.853737,0.342
9845,1.852513,0.363
9850,1.849455,0.316
9855,1.858196,0.303
9860,1.860363,0.3
9865,1.857737,0.336
9870,1.861958,0.314
9875,1.856522,0.302
9880,1.85107,0.337
9885,1.867924,0.404
9890,1.850495,0.305
9895,1.861324,0.464
9900,1.864146,0.296
9905,1.938233,0.389
9910,1.891864,0.433
9915,1.874496,0.286
9920,1.86228,0.295
9925,1.854539,0.312
9930,1.860726,0.394
9935,1.857157,0.362
9940,1.86307,0.341
9945,1.84663,0.29
9950,1.857698,0.438
9955,1.866282,0.375
9960,1.867738,0.322
9965,1.849057,0.365
9970,1.857601,0.326
9975,1.858353,0.328
9980,1.850873,0.297
9985,1.856478,0.304
9990,1.861433,0.359
9995,1.848439,0.289
10000,1.848425,0.328
10005,1.847536,0.302
10010,1.85629,0.36
10015,1.8482,0.357
10020,1.858295,0.297
10025,1.857425,0.374
10030,1.854894,0.328
10035,1.854962,0.355
10040,1.847927,0.346
10045,1.857042,0.264
10050,1.852063,0.28
10055,1.857692,0.382
10060,1.852915,0.372
10065,1.864237,0.402
10070,1.845267,0.388
10075,1.857027,0.321
10080,1.848937,0.331
10085,1.860763,0.352
10090,1.856937,0.672
10095,1.848573,0.353
10100,1.855735,0.32
10105,1.847172,0.279
10110,1.84854,0.296
10115,1.856155,0.35
10120,1.859832,0.319
10125,1.8479,0.29
10130,1.850743,0.358
10135,1.850994,0.34
10140,1.861099,0.378
10145,1.866885,0.406
10150,1.85643,0.361
10155,1.856353,0.367
10160,1.85056,0.306
10165,1.846289,0.297
10170,1.871581,0.403
10175,1.85177,0.352
10180,1.853324,0.36
10185,1.852949,0.39
10190,1.841795,0.373
10195,1.851476,0.316
10200,1.854281,0.349
10205,1.841273,0.317
10210,1.851926,0.292
10215,1.850186,0.347
10220,1.846345,0.332
10225,1.852262,0.294
10230,1.85033,0.275
10235,1.85171,0.31
10240,1.864957,0.43
10245,1.849513,0.309
10250,1.846388,0.274
10255,1.850765,0.346
10260,1.847099,0.444
10265,1.850683,0.34
10270,1.850545,0.347
10275,1.845731,0.3
10280,1.849973,0.321
10285,1.850874,0.356
10290,1.847114,0.41
10295,1.843179,0.372
10300,1.84095,0.355
10305,1.850243,0.388
10310,1.846258,0.357
10315,1.836832,0.286
10320,1.844855,0.283
10325,1.838531,0.368
10330,1.846089,0.301
10335,1.835534,0.285
10340,1.862952,0.341
10345,1.838536,0.302
10350,1.834193,0.287
10355,1.838595,0.31
10360,1.841556,0.363
10365,1.847578,0.319
10370,1.835338,0.329
10375,1.834998,0.339
10380,1.844175,0.339
10385,1.857085,0.293
10390,1.839154,0.33
10395,1.844436,0.313
10400,1.831774,0.356
10405,1.847711,0.376
10410,1.834141,0.325
10415,1.830603,0.334
10420,1.842024,0.332
10425,1.843817,0.329
10430,1.842555,0.295
10435,1.835793,0.355
10440,1.840967,0.285
10445,1.848704,0.298
10450,1.838808,0.32
10455,1.849234,0.349
10460,1.8426,0.325
10465,1.83491,0.436
10470,1.845676,0.287
10475,1.836742,0.365
10480,1.83354,0.307
10485,1.833929,0.383
10490,1.839073,0.373
10495,1.831803,0.323
10500,1.838874,0.36
10505,1.835229,0.335
10510,1.839534,0.292
10515,1.844139,0.313
10520,1.83746,0.323
10525,1.83233,0.41
10530,1.848175,0.309
10535,1.845927,0.305
10540,1.841085,0.283
10545,1.839036,0.348
10550,1.83947,0.326
10555,1.850727,0.515
10560,1.842078,0.408
10565,1.837206,0.3
10570,1.829847,0.341
10575,1.831032,0.29
10580,1.833489,0.396
10585,1.837217,0.315
10590,1.835997,0.324
10595,1.841084,0.297
10600,1.823597,0.441
10605,1.842068,0.395
10610,1.844567,0.305
10615,1.83802,0.282
10620,1.835625,0.292
10625,1.83011,0.316
10630,1.82689,0.315
10635,1.830471,0.391
10640,1.830607,0.349
10645,1.830231,0.31
10650,1.836836,0.325
10655,1.834727,0.325
10660,1.830636,0.476
10665,1.830566,0.372
10670,1.838384,0.317
10675,1.830918,0.33
10680,1.828926,0.353
10685,1.828947,0.344
10690,1.837176,0.308
10695,1.829887,0.343
10700,1.834067,0.331
10705,1.828831,0.359
10710,1.833741,0.348
10715,1.827045,0.32
10720,1.82608,0.347
10725,1.831644,0.343
10730,1.833442,0.347
10735,1.839373,0.331
10740,1.837239,0.311
10745,1.832744,0.403
10750,1.828262,0.45
10755,1.838098,0.292
10760,1.828924,0.307
10765,1.830917,0.321
10770,1.837538,0.353
10775,1.830033,0.307
10780,1.827209,0.39
10785,1.830026,0.332
10790,1.815502,0.345
10795,1.83275,0.304
10800,1.818674,0.343
10805,1.825622,0.324
10810,1.835102,0.396
10815,1.832348,0.31
10820,1.834773,0.309
10825,1.81482,0.346
10830,1.832819,0.34
10835,1.826214,0.283
10840,1.829132,0.409
10845,1.829759,0.369
10850,1.832196,0.346
10855,1.83501,0.391
10860,1.81474,0.322
10865,1.820892,0.333
10870,1.832552,0.319
10875,1.825991,0.297
10880,1.823651,0.369
10885,1.830066,0.339
10890,1.833239,0.714
10895,1.837877,0.379
10900,1.835754,0.371
10905,1.826968,0.333
10910,1.834356,0.341
10915,1.834671,0.309
10920,1.814487,0.291
10925,1.830914,0.347
10930,1.823003,0.37
10935,1.823225,0.35
10940,1.833931,0.354
10945,1.833582,0.306
10950,1.826258,0.297
10955,1.827054,0.388
10960,1.824812,0.327
10965,1.822918,0.287
10970,1.829271,0.453
10975,1.818477,0.313
10980,1.820926,0.315
10985,1.825149,0.291
10990,1.828887,0.435
10995,1.828985,0.362
11000,1.82049,0.34
11005,1.820893,0.408
11010,1.820444,0.309
11015,1.819293,0.388
11020,1.825476,0.366
11025,1.837977,0.311
11030,1.823293,0.275
11035,1.809531,0.286
11040,1.821418,0.314
11045,1.819744,0.315
11050,1.819048,0.28
11055,1.810736,0.322
11060,1.8252,0.425
11065,1.820731,0.375
11070,1.819496,0.377
11075,1.824894,0.33
11080,1.812424,0.291
11085,1.829101,0.377
11090,1.822806,0.332
11095,1.826566,0.302
11100,1.825666,0.288
11105,1.826599,0.382
11110,1.817348,0.35
11115,1.820658,0.308
11120,1.817699,0.296
11125,1.821831,0.327
11130,1.815912,0.348
11135,1.822883,0.398
11140,1.81937,0.354
11145,1.814746,0.299
11150,1.82317,0.299
11155,1.823259,0.348
11160,1.817752,0.347
11165,1.813494,0.328
11170,1.809949,0.376
11175,1.8111,0.338
11180,1.815195,0.305
11185,1.827497,0.327
11190,1.825965,0.392
11195,1.806784,0.302
11200,1.819611,0.312
11205,1.81452,0.313
11210,1.815574,0.373
11215,1.818002,0.366
11220,1.816176,0.299
11225,1.824054,0.322
11230,1.815184,0.301
11235,1.829347,0.285
11240,1.827813,0.346
11245,1.823306,0.295
11250,1.815296,0.339
11255,1.81099,0.38
11260,1.815326,0.3
11265,1.805186,0.309
11270,1.821021,0.276
11275,1.819357,0.384
11280,1.834156,1.494
11285,1.848476,0.515
11290,1.827044,0.307
11295,1.821503,0.289
11300,1.819018,0.302
11305,1.807268,0.314
11310,1.80979,0.335
11315,1.811331,0.291
11320,1.811284,0.286
11325,1.801709,0.331
11330,1.804153,0.333
11335,1.811445,0.31
11340,1.814157,0.33
11345,1.81487,0.329
11350,1.810134,0.356
11355,1.812729,0.308
11360,1.798361,0.301
11365,1.803803,0.372
11370,1.805062,0.453
11375,1.806629,1.147
11380,1.815397,0.359
11385,1.808385,0.371
11390,1.802298,0.316
11395,1.80749,0.443
11400,1.814999,0.317
11405,1.810693,0.335
11410,1.816163,0.296
11415,1.803033,0.352
11420,1.822503,0.36
11425,1.805237,0.374
11430,1.802083,0.313
11435,1.818585,0.35
11440,1.813823,0.317
11445,1.813883,0.31
11450,1.812495,0.313
11455,1.823382,0.369
11460,1.80672,0.31
11465,1.808342,0.342
11470,1.809997,0.3
11475,1.81227,0.294
11480,1.807184,0.365
11485,1.810806,0.317
11490,1.801218,0.304
11495,1.809637,0.277
11500,1.805345,0.722
11505,1.800204,0.405
11510,1.813285,0.31
11515,1.814215,0.298
11520,1.811418,0.321
11525,1.803599,0.399
11530,1.802111,0.319
11535,1.802969,0.447
11540,1.806549,0.426
11545,1.815378,0.444
11550,1.813751,0.369
11555,1.80288,0.291
11560,1.806222,0.272
11565,1.81557,1.053
11570,1.808652,0.33
11575,1.803207,0.306
11580,1.819283,0.345
11585,1.812626,0.383
11590,1.796146,0.275
11595,1.799205,0.3
11600,1.809399,0.292
11605,1.798197,0.323
11610,1.812432,0.324
11615,1.804542,0.409
11620,1.808929,0.423
11625,1.800437,0.277
11630,1.811834,0.313
11635,1.806846,0.34
11640,1.804588,0.289
11645,1.803024,0.304
11650,1.806789,0.327
11655,1.809151,0.337
11660,1.808089,0.323
11665,1.809134,0.386
11670,1.816166,0.363
11675,1.810012,0.292
11680,1.797895,0.37
11685,1.799204,0.315
11690,1.809378,0.328
11695,1.802066,0.307
11700,1.806831,0.287
11705,1.794055,0.348
11710,1.800352,0.379
11715,1.796494,0.286
11720,1.808449,0.355
11725,1.807006,0.481
11730,1.800541,0.336
11735,1.796452,0.291
11740,1.800017,0.368
11745,1.800025,0.404
11750,1.798556,0.322
11755,1.802117,0.312
11760,1.801347,0.535
11765,1.808762,0.333
11770,1.805208,0.326
11775,1.797482,0.33
11780,1.802403,0.414
11785,1.79756,0.314
11790,1.796428,0.316
11795,1.802811,0.361
11800,1.807165,0.374
11805,1.802042,0.321
11810,1.796556,0.379
11815,1.797398,0.602
11820,1.802606,0.467
11825,1.807553,0.346
11830,1.805579,0.331
11835,1.797228,0.304
11840,1.801752,0.28
11845,1.796626,0.286
11850,1.796041,0.328
11855,1.799316,0.401
11860,1.790685,0.341
11865,1.786538,0.309
11870,1.791332,0.347
11875,1.804108,0.392
11880,1.799611,0.358
11885,1.794984,0.363
11890,1.803623,0.532
11895,1.800675,0.578
11900,1.803017,0.419
11905,1.803095,0.298
11910,1.804696,0.292
11915,1.793808,0.289
11920,1.800386,0.308
11925,1.793568,0.318
11930,1.798183,0.448
11935,1.79399,0.402
11940,1.794594,0.351
11945,1.798146,0.34
11950,1.800862,0.356
11955,1.792264,0.319
11960,1.794814,0.388
11965,1.793746,0.355
11970,1.800929,0.296
11975,1.79568,0.282
11980,1.800934,0.391
11985,1.7925,0.394
11990,1.79223,0.374
11995,1.793848,0.321
12000,1.794383,0.283
12005,1.793814,0.423
12010,1.796824,0.351
12015,1.787596,0.307
12020,1.790299,0.309
12025,1.804249,0.344
12030,1.788693,0.459
12035,1.79854,0.317
12040,1.813647,0.405
12045,1.804932,0.402
12050,1.796348,0.428
12055,1.79794,0.324
12060,1.797571,0.376
12065,1.791137,0.314
12070,1.782207,0.311
12075,1.787175,0.354
12080,1.792609,0.36
12085,1.782553,0.292
12090,1.79844,0.301
12095,1.791154,0.331
12100,1.790994,0.34
12105,1.789416,0.319
12110,1.804246,0.334
12115,1.78826,0.373
12120,1.798323,0.354
12125,1.787676,0.321
12130,1.797923,0.373
12135,1.800956,0.336
12140,1.805478,0.3
12145,1.792724,0.295
12150,1.794426,0.3
12155,1.788935,0.404
12160,1.791622,0.308
12165,1.787199,0.3
12170,1.795386,0.332
12175,1.798221,0.292
12180,1.789805,0.341
12185,1.780511,0.285
12190,1.78452,0.359
12195,1.784971,0.366
12200,1.788259,0.373
12205,1.778741,0.487
12210,1.794454,0.321
12215,1.787256,0.279
12220,1.79169,0.303
12225,1.793475,0.341
12230,1.790399,0.317
12235,1.789091,0.356
12240,1.779804,0.291
12245,1.795726,0.363
12250,1.783389,0.351
12255,1.785793,0.351
12260,1.795354,0.338
12265,1.784844,0.327
12270,1.792728,0.404
12275,1.781084,0.319
12280,1.794691,0.364
12285,1.784588,0.368
12290,1.794796,0.363
12295,1.787682,0.326
12300,1.776095,0.298
12305,1.778952,0.352
12310,1.784973,0.412
12315,1.780894,0.312
12320,1.791537,0.38
12325,1.785527,0.306
12330,1.787774,0.304
12335,1.785016,0.35
12340,1.789038,0.366
12345,1.782419,0.297
12350,1.790774,0.362
12355,1.780375,0.288
12360,1.784047,0.345
12365,1.781965,0.315
12370,1.789382,0.364
12375,1.785076,0.369
12380,1.782917,0.377
12385,1.78403,0.348
12390,1.784512,0.358
12395,1.786459,0.362
12400,1.787541,0.45
12405,1.789912,0.289
12410,1.777101,0.367
12415,1.789784,0.307
12420,1.787782,0.372
12425,1.786581,0.331
12430,1.784473,0.348
12435,1.78278,0.315
12440,1.776289,0.341
12445,1.780534,0.317
12450,1.778265,0.322
12455,1.775986,0.326
12460,1.781779,0.333
12465,1.785275,0.317
12470,1.77792,0.319
12475,1.776007,0.334
12480,1.778894,0.428
12485,1.779519,0.357
12490,1.7839,0.411
12495,1.782457,0.38
12500,1.780438,0.293
12505,1.776357,0.348
12510,1.772906,0.338
12515,1.778667,0.497
12520,1.776511,0.336
12525,1.775307,0.375
12530,1.780678,0.331
12535,1.777841,0.372
12540,1.782935,0.295
12545,1.781853,0.295
12550,1.775421,0.324
12555,1.776574,0.322
12560,1.786818,0.415
12565,1.784816,0.348
12570,1.778008,0.332
12575,1.786673,0.383
12580,1.785218,0.361
12585,1.78093,0.328
12590,1.77243,0.345
12595,1.77288,0.338
12600,1.78255,0.342
12605,1.779428,0.366
12610,1.782108,0.334
12615,1.786996,0.363
12620,1.772569,0.317
12625,1.775539,0.329
12630,1.778531,0.335
12635,1.779469,0.405
12640,1.769879,0.377
12645,1.778835,0.3
12650,1.779361,0.318
12655,1.78018,0.398
12660,1.775902,0.316
12665,1.78035,0.304
12670,1.769663,0.34
12675,1.773401,0.314
12680,1.782441,0.42
12685,1.779336,0.39
12690,1.782205,0.425
12695,1.776522,0.352
12700,1.778838,0.295
12705,1.770955,0.329
12710,1.778834,0.313
12715,1.778836,0.389
12720,1.783688,0.346
12725,1.776927,0.354
12730,1.766665,0.365
12735,1.778259,0.327
12740,1.782727,0.342
12745,1.767221,0.327
12750,1.77539,0.341
12755,1.787335,0.348
12760,1.773228,0.303
12765,1.773821,0.324
12770,1.771756,0.352
12775,1.784286,0.341
12780,1.779158,0.393
12785,1.776423,0.285
12790,1.773878,0.314
12795,1.774968,0.328
12800,1.772728,0.458
12805,1.785703,0.332
12810,1.77386,0.329
12815,1.773733,0.33
12820,1.772193,0.366
12825,1.762735,0.331
12830,1.770518,0.348
12835,1.773912,0.478
12840,1.767048,0.35
12845,1.766304,0.317
12850,1.774881,0.312
12855,1.785163,0.338
12860,1.782484,0.38
12865,1.76787,0.308
12870,1.772591,0.355
12875,1.774279,0.308
12880,1.771951,0.323
12885,1.774674,0.365
12890,1.778797,0.454
12895,1.77098,0.336
12900,1.765346,0.352
12905,1.764523,0.348
12910,1.772959,0.358
12915,1.779213,0.362
12920,1.778616,0.346
12925,1.765942,0.321
12930,1.777052,0.295
12935,1.77084,0.764
12940,1.774395,0.375
12945,1.780231,0.379
12950,1.774235,0.368
12955,1.777415,0.417
12960,1.778943,0.371
12965,1.772169,0.39
12970,1.777102,0.343
12975,1.764362,0.305
12980,1.7758,0.318
12985,1.766974,0.354
12990,1.767085,0.321
12995,1.76833,0.309
13000,1.774451,0.318
13005,1.766355,0.355
13010,1.765286,0.4
13015,1.771853,0.367
13020,1.7762,0.413
13025,1.773985,0.318
13030,1.76457,0.351
13035,1.766222,0.319
13040,1.771529,0.442
13045,1.766719,0.378
13050,1.758657,0.381
13055,1.766728,0.513
13060,1.776555,0.396
13065,1.769691,0.341
13070,1.758879,0.353
13075,1.772707,0.35
13080,1.765992,0.391
13085,1.764872,0.346
13090,1.760605,0.314
13095,1.7665,0.322
13100,1.769667,0.317
13105,1.766497,0.344
13110,1.769673,0.284
13115,1.756817,0.401
13120,1.76433,0.876
13125,1.764944,0.328
13130,1.768636,0.342
13135,1.769024,0.38
13140,1.773847,0.338
13145,1.770198,0.363
13150,1.765005,0.346
13155,1.776074,0.34
13160,1.773233,0.345
13165,1.770785,0.373
13170,1.772731,0.377
13175,1.764729,0.332
13180,1.761332,0.349
13185,1.760896,0.381
13190,1.764998,0.38
13195,1.763718,0.302
13200,1.761308,0.292
13205,1.760527,0.36
13210,1.766356,0.323
13215,1.762022,0.357
13220,1.768075,0.396
13225,1.767669,0.483
13230,1.762689,0.336
13235,1.774199,0.343
13240,1.758447,0.362
13245,1.765273,0.343
13250,1.758289,0.328
13255,1.760635,0.502
13260,1.760378,0.33
13265,1.773734,0.323
13270,1.75609,0.391
13275,1.759386,0.37
13280,1.762834,0.352
13285,1.763636,0.384
13290,1.764528,0.354
13295,1.835113,0.559
13300,1.791512,0.947
13305,1.799846,0.329
13310,1.771421,0.344
13315,1.776855,0.332
13320,1.770675,0.315
13325,1.774056,0.358
13330,1.772598,0.33
13335,1.761782,0.356
13340,1.767458,0.418
13345,1.769509,0.375
13350,1.765557,0.334
13355,1.764365,0.4
13360,1.761602,0.304
13365,1.768014,0.356
13370,1.760643,0.375
13375,1.768351,0.34
13380,1.765802,0.326
13385,1.759622,0.329
13390,1.765488,0.302
13395,1.767978,0.339
13400,1.758595,0.344
13405,1.765172,0.368
13410,1.762996,0.311
13415,1.758996,0.37
13420,1.766059,0.368
13425,1.779498,0.499
13430,1.753046,0.461
13435,1.760349,0.296
13440,1.759773,0.337
13445,1.761442,0.321
13450,1.756087,0.33
13455,1.754071,0.35
13460,1.755625,0.307
13465,1.759447,0.36
13470,1.761241,0.315
13475,1.757989,0.377
13480,1.759933,0.298
13485,1.759732,0.401
13490,1.749762,0.378
13495,1.765549,0.391
13500,1.760562,0.35
13505,1.765918,0.347
13510,1.770652,0.338
13515,1.752193,0.328
13520,1.75604,0.354
13525,1.760652,0.333
13530,1.755034,0.365
13535,1.75587,0.337
13540,1.761098,0.333
13545,1.768242,0.314
13550,1.760222,0.334
13555,1.765007,0.402
13560,1.757021,0.353
13565,1.766067,0.332
13570,1.758205,0.327
13575,1.751847,0.318
13580,1.760202,0.419
13585,1.761276,0.309
13590,1.761291,0.299
13595,1.762877,0.341
13600,1.754595,0.374
13605,1.764738,0.308
13610,1.767573,0.35
13615,1.755251,0.415
13620,1.75375,0.376
13625,1.762836,0.396
13630,1.760819,0.348
13635,1.753619,0.361
13640,1.763456,0.373
13645,1.758349,0.362
13650,1.753599,0.35
13655,1.758184,0.323
13660,1.756963,0.34
13665,1.747837,0.359
13670,1.754547,0.326
13675,1.756593,0.334
13680,1.754364,0.343
13685,1.760903,0.377
13690,1.753837,0.376
13695,1.762906,0.328
13700,1.767036,0.341
13705,1.762883,0.391
13710,1.756556,0.41
13715,1.755645,0.321
13720,1.752035,0.359
13725,1.748184,0.438
13730,1.758437,0.334
13735,1.754929,0.34
13740,1.754553,0.409
13745,1.759133,0.358
13750,1.756744,0.356
13755,1.74932,0.357
13760,1.743956,0.364
13765,1.750386,0.412
13770,1.75429,0.453
13775,1.760445,0.386
13780,1.752785,0.315
13785,1.756018,0.335
13790,1.747864,0.302
13795,1.758971,0.362
13800,1.757094,0.318
13805,1.752322,0.329
13810,1.765533,0.338
13815,1.758233,0.367
13820,1.759573,0.329
13825,1.759602,0.388
13830,1.752001,0.472
13835,1.74847,0.445
13840,1.754105,0.348
13845,1.748718,0.318
13850,1.753274,0.362
13855,1.759022,0.377
13860,1.759415,0.375
13865,1.751408,0.479
13870,1.756626,0.348
13875,1.749317,0.345
13880,1.753237,0.346
13885,1.760553,0.372
13890,1.752288,0.429
13895,1.760953,0.448
13900,1.752696,0.473
13905,1.747621,0.385
13910,1.762156,0.396
13915,1.75633,0.32
13920,1.755403,0.301
13925,1.741424,0.311
13930,1.762869,0.406
13935,1.751139,0.36
13940,1.749515,0.373
13945,1.75811,0.376
13950,1.747653,0.363
13955,1.749629,0.323
13960,1.742918,0.331
13965,1.767713,0.462
13970,1.774927,0.335
13975,1.757723,0.299
13980,1.753295,0.418
13985,1.759279,0.383
13990,1.748175,0.377
13995,1.747098,0.344
14000,1.761247,0.35
14005,1.755208,0.325
14010,1.749567,0.401
14015,1.752797,0.341
14020,1.748689,0.321
14025,1.74838,0.455
14030,1.756003,0.433
14035,1.745016,0.379
14040,1.750341,0.315
14045,1.749998,0.374
14050,1.743748,0.319
14055,1.738424,0.364
14060,1.754291,0.353
14065,1.752531,0.406
14070,1.750639,0.343
14075,1.744939,0.441
14080,1.743747,0.345
14085,1.753161,0.335
14090,1.750361,0.325
14095,1.747421,0.528
14100,1.748272,0.411
14105,1.751366,0.359
14110,1.745829,0.344
14115,1.749074,0.304
14120,1.746542,0.329
14125,1.744446,0.426
14130,1.748925,0.393
14135,1.754235,0.357
14140,1.752676,0.379
14145,1.74471,0.306
14150,1.758961,0.32
14155,1.750455,0.338
14160,1.74883,0.355
14165,1.747723,0.372
14170,1.748337,0.331
14175,1.743785,0.321
14180,1.738566,0.367
14185,1.747419,0.358
14190,1.747405,0.371
14195,1.751228,0.417
14200,1.745835,0.328
14205,1.74859,0.317
14210,1.748401,0.322
14215,1.76245,0.32
14220,1.744261,0.355
14225,1.753377,0.359
14230,1.742345,0.395
14235,1.745645,0.354
14240,1.747366,0.376
14245,1.749305,0.384
14250,1.746547,0.393
14255,1.746115,0.34
14260,1.735999,0.347
14265,1.743114,0.32
14270,1.746597,0.358
14275,1.750239,0.391
14280,1.747088,0.371
14285,1.746682,0.342
14290,1.73883,0.348
14295,1.746215,0.327
14300,1.737937,0.428
14305,1.745877,0.359
14310,1.74812,0.357
14315,1.760261,0.379
14320,1.738236,0.356
14325,1.74593,0.361
14330,1.742394,0.349
14335,1.738858,0.358
14340,1.74815,0.341
14345,1.752083,0.367
14350,1.741438,0.322
14355,1.752581,0.372
14360,1.752403,0.368
14365,1.744474,0.318
14370,1.742428,0.31
14375,1.747672,0.358
14380,1.74807,0.4
14385,1.75092,0.39
14390,1.748343,0.324
14395,1.747904,0.341
14400,1.744236,0.32
14405,1.743653,0.373
14410,1.745457,0.324
14415,1.741747,0.383
14420,1.748149,0.383
14425,1.754585,0.417
14430,1.748192,0.377
14435,1.745549,0.4
14440,1.749158,0.334
14445,1.744801,0.335
14450,1.73881,0.353
14455,1.746734,0.318
14460,1.744949,0.395
14465,1.73888,0.394
14470,1.746225,0.349
14475,1.741572,0.31
14480,1.733259,0.34
14485,1.746615,0.369
14490,1.743128,3.826
14495,1.74864,0.576
14500,1.742688,0.369
14505,1.757485,0.405
14510,1.745696,0.341
14515,1.741377,0.409
14520,1.742179,0.33
14525,1.747695,0.358
14530,1.738176,0.341
14535,1.737438,0.331
14540,1.746716,0.343
14545,1.744146,0.351
14550,1.748621,0.397
14555,1.735835,0.366
14560,1.754118,0.445
14565,1.754668,0.356
14570,1.755131,0.335
14575,1.749821,0.326
14580,1.748173,0.434
14585,1.739853,0.629
14590,1.735294,0.425
14595,1.737145,0.376
14600,1.749851,0.364
14605,1.751707,0.324
14610,1.735907,0.353
14615,1.741965,0.376
14620,1.74171,0.364
14625,1.743823,0.352
14630,1.732182,0.319
14635,1.745988,0.321
14640,1.748588,0.406
14645,1.742305,0.351
14650,1.754228,0.321
14655,1.733864,0.343
14660,1.744074,0.368
14665,1.737225,0.381
14670,1.740237,0.52
14675,1.737515,0.426
14680,1.743674,0.342
14685,1.734794,0.386
14690,1.745267,0.378
14695,1.737248,0.351
14700,1.734686,0.374
14705,1.734769,0.354
14710,1.741681,0.476
14715,1.740935,0.414
14720,1.732304,0.352
14725,1.751351,0.336
14730,1.734905,0.351
14735,1.736596,0.329
14740,1.744373,0.368
14745,1.739954,0.461
14750,1.732387,0.412
14755,1.738667,0.585
14760,1.740544,0.375
14765,1.73746,0.389
14770,1.734332,0.398
14775,1.73596,0.393
14780,1.737796,0.415
14785,1.729826,0.439
14790,1.743887,0.349
14795,1.73789,0.392
14800,1.735274,0.336
14805,1.738824,0.443
14810,1.735427,0.325
14815,1.738334,0.363
14820,1.729997,0.344
14825,1.740688,0.352
14830,1.736164,0.318
14835,1.736024,0.37
14840,1.741691,0.349
14845,1.738479,0.375
14850,1.739925,0.386
14855,1.732942,0.355
14860,1.737846,0.309
14865,1.731133,0.371
14870,1.742876,0.531
14875,1.740687,0.352
14880,1.741219,0.312
14885,1.731516,0.323
14890,1.738307,0.39
14895,1.735624,0.316
14900,1.733637,0.339
14905,1.739989,0.405
14910,1.733382,0.403
14915,1.732028,0.359
14920,1.737499,0.32
14925,1.738235,0.395
14930,1.737355,0.344
14935,1.737077,0.405
14940,1.742047,0.338
14945,1.736134,0.422
14950,1.736951,0.427
14955,1.744892,0.374
14960,1.747464,0.379
14965,1.736637,0.456
14970,1.730692,0.359
14975,1.741335,0.455
14980,1.728219,0.36
14985,1.74189,0.438
14990,1.732022,0.456
14995,1.738329,0.318
15000,1.729977,0.329
15005,1.721937,0.362
15010,1.740148,0.391
15015,1.730569,0.387
15020,1.736274,0.332
15025,1.734436,0.359
15030,1.734602,0.378
15035,1.732582,0.309
15040,1.74255,0.378
15045,1.74149,0.358
15050,1.727516,0.393
15055,1.729036,0.339
15060,1.734227,0.405
15065,1.731347,0.342
15070,1.734097,0.35
15075,1.741535,0.395
15080,1.734181,0.332
15085,1.730637,0.309
15090,1.73715,0.409
15095,1.724343,0.391
15100,1.740824,0.338
15105,1.72909,0.339
15110,1.733229,0.369
15115,1.7323,0.324
15120,1.728243,0.394
15125,1.732663,0.344
15130,1.739333,0.393
15135,1.736341,0.336
15140,1.734684,0.399
15145,1.732279,0.386
15150,1.72882,0.334
15155,1.729262,1.435
15160,1.738473,0.382
15165,1.727583,0.423
15170,1.722828,0.393
15175,1.727695,0.359
15180,1.728196,0.386
15185,1.722549,0.449
15190,1.73413,0.413
15195,1.732139,0.434
15200,1.724704,0.363
15205,1.728629,0.313
15210,1.734981,0.372
15215,1.734016,0.354
15220,1.738988,0.347
15225,1.737444,0.327
15230,1.72565,0.428
15235,1.719174,0.392
15240,1.734373,0.313
15245,1.739213,3.234
15250,1.736541,0.365
15255,1.727658,0.403
15260,1.739629,0.609
15265,1.733482,0.383
15270,1.729905,0.365
15275,1.726129,0.357
15280,1.732263,0.332
15285,1.727388,0.39
15290,1.731996,0.346
15295,1.735529,0.453
15300,1.729705,0.332
15305,1.735387,0.35
15310,1.727843,0.379
15315,1.727518,0.405
15320,1.73025,0.331
15325,1.724792,0.407
15330,1.72792,0.338
15335,1.726901,0.338
15340,1.733711,0.35
15345,1.722176,0.36
15350,1.73416,0.326
15355,1.722952,0.341
15360,1.722089,0.305
15365,1.720694,0.332
15370,1.728655,0.404
15375,1.735101,0.364
15380,1.72022,0.359
15385,1.726608,0.339
15390,1.728436,0.368
15395,1.725168,0.341
15400,1.72574,0.359
15405,1.727599,0.393
15410,1.730039,0.447
15415,1.733088,0.424
15420,1.719865,0.332
15425,1.734013,0.39
15430,1.724978,0.398
15435,1.72786,0.35
15440,1.725619,0.366
15445,1.723777,0.349
15450,1.730971,0.34
15455,1.725803,0.356
15460,1.724907,0.392
15465,1.723988,0.442
15470,1.725012,0.358
15475,1.729202,0.342
15480,1.729213,0.315
15485,1.728479,0.342
15490,1.732619,0.362
15495,1.723081,0.405
15500,1.729036,0.326
15505,1.724764,0.339
15510,1.721207,0.341
15515,1.729515,0.319
15520,1.719371,0.391
15525,1.726131,1.784
15530,1.734516,0.373
15535,1.728231,0.355
15540,1.722746,0.334
15545,1.727293,0.321
15550,1.727015,0.373
15555,1.712307,0.386
15560,1.727141,0.368
15565,1.722869,0.372
15570,1.719114,0.374
15575,1.724174,0.342
15580,1.720266,0.355
15585,1.722572,0.359
15590,1.719943,0.422
15595,1.724929,0.345
15600,1.733858,0.4
15605,1.730123,0.385
15610,1.726676,0.31
15615,1.718752,0.467
15620,1.724388,0.321
15625,1.724376,0.344
15630,1.724304,0.423
15635,1.725072,0.346
15640,1.715737,0.433
15645,1.732816,0.345
15650,1.715433,0.406
15655,1.72053,0.335
15660,1.722844,0.343
15665,1.730943,0.388
15670,1.719957,0.347
15675,1.713926,0.308
15680,1.720933,0.398
15685,1.724416,0.352
15690,1.716664,0.477
15695,1.718023,0.34
15700,1.7299,0.334
15705,1.73063,0.671
15710,1.722602,0.359
15715,1.720074,0.347
15720,1.719057,0.322
15725,1.72676,0.347
15730,1.719377,0.32
15735,1.718769,0.38
15740,1.731656,0.349
15745,1.710715,0.361
15750,1.71395,0.321
15755,1.723204,0.394
15760,1.711222,0.364
15765,1.724654,0.334
15770,1.715752,0.383
15775,1.714174,0.343
15780,1.717075,0.395
15785,1.72578,0.348
15790,1.713986,0.392
15795,1.722798,0.372
15800,1.724183,0.356
15805,1.725289,0.374
15810,1.710653,0.382
15815,1.714869,0.348
15820,1.716444,0.338
15825,1.725359,0.362
15830,1.714945,0.37
15835,1.713821,0.319
15840,1.722841,0.367
15845,1.715806,0.303
15850,1.718118,0.342
15855,1.719835,0.387
15860,1.71088,0.36
15865,1.72219,0.423
15870,1.724631,0.33
15875,1.722663,0.345
15880,1.727025,0.381
15885,1.714908,0.344
15890,1.727986,0.364
15895,1.724879,0.353
15900,1.715543,0.352
15905,1.724337,0.346
15910,1.71812,0.363
15915,1.721278,0.563
15920,1.728237,0.379
15925,1.726781,0.406
15930,1.72984,0.379
15935,1.724622,0.426
15940,1.788811,0.538
15945,1.744441,0.442
15950,1.737488,0.363
15955,1.727641,0.329
15960,1.727041,0.34
15965,1.724306,0.403
15970,1.711672,0.331
15975,1.721309,0.614
15980,1.72345,0.361
15985,1.725858,0.375
15990,1.729561,0.359
15995,1.730564,0.409
16000,1.714793,0.378
16005,1.716631,0.352
16010,1.717654,0.312
16015,1.716862,0.351
16020,1.716789,0.337
16025,1.713386,0.361
16030,1.719778,0.333
16035,1.711026,0.355
16040,1.718432,0.377
16045,1.71593,0.378
16050,1.717002,0.458
16055,1.722965,0.349
16060,1.71593,0.4
16065,1.718902,0.351
16070,1.712269,0.326
16075,1.717809,0.311
16080,1.714117,0.331
16085,1.724204,0.39
16090,1.719615,0.427
16095,1.71616,0.31
16100,1.715551,0.328
16105,1.71489,0.378
16110,1.717571,0.378
16115,1.720119,0.344
16120,1.710333,0.328
16125,1.721594,0.327
16130,1.719123,0.468
16135,1.703596,0.352
16140,1.718219,0.321
16145,1.702503,0.345
16150,1.716061,0.367
16155,1.720014,0.374
16160,1.720647,0.356
16165,1.708682,0.452
16170,1.718964,0.335
16175,1.719768,0.348
16180,1.708264,0.364
16185,1.712008,0.38
16190,1.72031,0.372
16195,1.717916,0.351
16200,1.702293,0.37
16205,1.715433,0.408
16210,1.707843,0.359
16215,1.711996,0.333
16220,1.712507,0.359
16225,1.714828,0.345
16230,1.710326,0.391
16235,1.712882,0.364
16240,1.716365,0.344
16245,1.714242,0.337
16250,1.717289,0.374
16255,1.719831,0.394
16260,1.718797,0.331
16265,1.721843,0.354
16270,1.711426,0.407
16275,1.70893,0.342
16280,1.702164,0.373
16285,1.722059,0.398
16290,1.712458,0.384
16295,1.714683,0.421
16300,1.71683,0.473
16305,1.704928,0.397
16310,1.715002,0.319
16315,1.721991,0.334
16320,1.70546,0.373
16325,1.720388,0.368
16330,1.708395,0.362
16335,1.711397,0.376
16340,1.719346,0.453
16345,1.711835,0.454
16350,1.71046,0.36
16355,1.708158,0.362
16360,1.717718,0.358
16365,1.709692,0.35
16370,1.701551,0.366
16375,1.706561,0.38
16380,1.718072,0.354
16385,1.718575,0.328
16390,1.705436,0.378
16395,1.721815,0.329
16400,1.718617,0.393
16405,1.708886,0.331
16410,1.70812,0.351
16415,1.704733,0.358
16420,1.705312,0.364
16425,1.708685,0.434
16430,1.716411,0.39
16435,1.712492,0.334
16440,1.715819,0.416
16445,1.710135,0.333
16450,1.708672,0.386
16455,1.71223,0.368
16460,1.71064,0.353
16465,1.702231,0.323
16470,1.718476,0.398
16475,1.712681,0.527
16480,1.712936,0.4
16485,1.708109,0.36
16490,1.703561,0.319
16495,1.715926,0.353
16500,1.709464,0.378
16505,1.711281,0.336
16510,1.709312,0.344
16515,1.709076,0.406
16520,1.715905,0.376
16525,1.713079,0.338
16530,1.708272,0.391
16535,1.708744,0.41
16540,1.711051,0.413
16545,1.71375,0.41
16550,1.708541,0.327
16555,1.711657,0.366
16560,1.71234,0.429
16565,1.711842,0.343
16570,1.706446,0.369
16575,1.706943,0.372
16580,1.710602,0.356
16585,1.713865,0.414
16590,1.707786,0.531
16595,1.708118,0.352
16600,1.720096,0.364
16605,1.718321,0.355
16610,1.70713,0.373
16615,1.723579,0.346
16620,1.714384,0.383
16625,1.70063,0.366
16630,1.704981,0.356
16635,1.710568,0.332
16640,1.703485,0.403
16645,1.708154,0.355
16650,1.708512,0.438
16655,1.704851,0.372
16660,1.713188,0.326
16665,1.709719,0.343
16670,1.709707,0.325
16675,1.711043,0.328
16680,1.715351,0.408
16685,1.70577,0.353
16690,1.701119,0.316
16695,1.712391,0.45
16700,1.711198,0.383
16705,1.716071,0.373
16710,1.705142,0.354
16715,1.688415,0.35
16720,1.705131,0.358
16725,1.706468,0.33
16730,1.695483,0.335
16735,1.70926,0.35
16740,1.709092,0.395
16745,1.702247,0.337
16750,1.706618,0.416
16755,1.709312,0.385
16760,1.711813,0.359
16765,1.709487,0.38
16770,1.700023,0.359
16775,1.700406,0.361
16780,1.701655,0.366
16785,1.707404,0.377
16790,1.699526,0.362
16795,1.707694,0.331
16800,1.711651,0.329
16805,1.703499,0.349
16810,1.70338,0.367
16815,1.705936,0.349
16820,1.700662,0.352
16825,1.71014,0.423
16830,1.706352,0.348
16835,1.703314,0.396
16840,1.706983,0.339
16845,1.717041,0.522
16850,1.705068,0.356
16855,1.705869,0.407
16860,1.708623,0.384
16865,1.704892,0.341
16870,1.698595,0.389
16875,1.709701,0.36
16880,1.704692,0.327
16885,1.711155,0.362
16890,1.709645,0.375
16895,1.704073,0.362
16900,1.711708,0.371
16905,1.701577,0.339
16910,1.701909,0.421
16915,1.697247,0.373
16920,1.715501,0.385
16925,1.713866,0.344
16930,1.694119,0.315
16935,1.701464,0.377
16940,1.701563,0.34
16945,1.705175,0.364
16950,1.712916,0.336
16955,1.713589,0.379
16960,1.702452,0.334
16965,1.71141,0.343
16970,1.701842,0.45
16975,1.712937,0.352
16980,1.698513,0.388
16985,1.70543,0.338
16990,1.695217,0.34
16995,1.699611,0.352
17000,1.709655,0.391
17005,1.696564,0.351
17010,1.711976,0.451
17015,1.715999,0.362
17020,1.702961,0.47
17025,1.718442,0.383
17030,1.7082,0.332
17035,1.700027,0.343
17040,1.704184,0.349
17045,1.70398,0.371
17050,1.707208,0.337
17055,1.699362,0.36
17060,1.697994,0.443
17065,1.700639,0.36
17070,1.695141,0.373
17075,1.699196,0.339
17080,1.697672,0.307
17085,1.697039,0.363
17090,1.706868,0.343
17095,1.700815,0.456
17100,1.702073,0.37
17105,1.703477,0.344
17110,1.696339,0.343
17115,1.69524,0.324
17120,1.700381,0.406
17125,1.709786,0.389
17130,1.701389,0.343
17135,1.698863,0.313
17140,1.701256,0.65
17145,1.705808,0.417
17150,1.702308,0.414
17155,1.707144,0.41
17160,1.696846,0.347
17165,1.693946,0.435
17170,1.698314,0.406
17175,1.703007,0.374
17180,1.699572,0.316
17185,1.704587,0.314
17190,1.698321,0.357
17195,1.697564,0.434
17200,1.701424,0.356
17205,1.701444,0.341
17210,1.710594,0.393
17215,1.686021,0.435
17220,1.697002,0.342
17225,1.69784,0.386
17230,1.710757,0.36
17235,1.695701,0.364
17240,1.689358,0.364
17245,1.695497,0.376
17250,1.701025,0.34
17255,1.700501,0.433
17260,1.705091,0.39
17265,1.6992,0.357
17270,1.698616,0.397
17275,1.708972,0.42
17280,1.702676,0.404
17285,1.70264,0.335
17290,1.694594,0.335
17295,1.697497,0.424
17300,1.704404,0.395
17305,1.706071,0.378
17310,1.697293,0.481
17315,1.690114,0.461
17320,1.705544,0.381
17325,1.69269,0.346
17330,1.691867,0.342
17335,1.693252,0.371
17340,1.705441,0.344
17345,1.702549,0.389
17350,1.701898,0.418
17355,1.689124,0.347
17360,1.697059,0.345
17365,1.707963,0.469
17370,1.696113,0.444
17375,1.694107,0.356
17380,1.705272,0.342
17385,1.698384,0.338
17390,1.696737,0.374
17395,1.696814,0.337
17400,1.698271,0.36
17405,1.69625,0.359
17410,1.700554,0.41
17415,1.695207,0.361
17420,1.70216,0.388
17425,1.703234,0.405
17430,1.693379,0.394
17435,1.692997,0.37
17440,1.697461,0.355
17445,1.697893,0.345
17450,1.699186,0.339
17455,1.698389,0.373
17460,1.698993,0.343
17465,1.702879,0.35
17470,1.695459,0.384
17475,1.703373,0.416
17480,1.693194,0.384
17485,1.706606,0.34
17490,1.701229,0.314
17495,1.697425,0.362
17500,1.691486,0.384
17505,1.698611,0.348
17510,1.702294,0.369
17515,1.699592,0.363
17520,1.695461,0.371
17525,1.699542,0.371
17530,1.699444,0.393
17535,1.693774,0.37
17540,1.701093,0.387
17545,1.689769,0.386
17550,1.716778,0.558
17555,1.705348,0.356
17560,1.696835,0.319
17565,1.694892,0.341
17570,1.689801,0.349
17575,1.698639,0.396
17580,1.690613,0.359
17585,1.687811,0.345
17590,1.698763,0.357
17595,1.685676,0.355
17600,1.695261,0.337
17605,1.697645,0.343
17610,1.697983,0.452
17615,1.691685,0.437
17620,1.702505,0.359
17625,1.693286,0.335
17630,1.685453,0.42
17635,1.703568,0.356
17640,1.69931,0.407
17645,1.688404,0.478
17650,1.700843,0.351
17655,1.69434,0.336
17660,1.703267,0.398
17665,1.698909,0.332
17670,1.70047,0.374
17675,1.698781,0.369
17680,1.68374,0.418
17685,1.703339,0.407
17690,1.69239,0.366
17695,1.701209,0.375
17700,1.692557,0.388
17705,1.695762,0.358
17710,1.701093,0.405
17715,1.687768,0.41
17720,1.701827,0.364
17725,1.696675,0.398
17730,1.690174,0.369
17735,1.686993,0.349
17740,1.690477,0.429
17745,1.702307,0.385
17750,1.693669,0.362
17755,1.687563,0.373
17760,1.693306,0.421
17765,1.693799,0.538
17770,1.694234,0.324
17775,1.693446,0.347
17780,1.69046,0.379
17785,1.698872,0.378
17790,1.697346,0.338
17795,1.686544,0.352
17800,1.695745,0.39
17805,1.697999,0.353
17810,1.692899,0.353
17815,1.699815,0.445
17820,1.692966,0.343
17825,1.696929,0.415
17830,1.69519,0.356
17835,1.691597,0.338
17840,1.691665,0.335
17845,1.685528,0.375
17850,1.692579,0.393
17855,1.697401,0.361
17860,1.696829,0.356
17865,1.692643,0.421
17870,1.700156,0.437
17875,1.68956,0.337
17880,1.69641,0.347
17885,1.698985,0.433
17890,1.690749,0.36
17895,1.697871,0.38
17900,1.702605,0.389
17905,1.693202,0.385
17910,1.694524,0.365
17915,1.695712,0.471
17920,1.697519,0.348
17925,1.6855,0.371
17930,1.698499,0.368
17935,1.68631,0.431
17940,1.694443,0.377
17945,1.6967,0.395
17950,1.694683,0.327
17955,1.691573,0.356
17960,1.688193,0.37
17965,1.684447,0.355
17970,1.681056,0.335
17975,1.698554,0.393
17980,1.687239,0.373
17985,1.698738,0.327
17990,1.695378,0.37
17995,1.691999,0.366
18000,1.685614,0.405
18005,1.685643,1.128
18010,1.689393,0.404
18015,1.68204,0.36
18020,1.688684,0.465
18025,1.694125,0.344
18030,1.688461,0.354
18035,1.680541,0.354
18040,1.692654,0.324
18045,1.695764,0.44
18050,1.690595,0.389
18055,1.689846,0.36
18060,1.692474,0.337
18065,1.694713,0.36
18070,1.677518,0.348
18075,1.693904,0.354
18080,1.693737,0.359
18085,1.689272,0.356
18090,1.68102,0.357
18095,1.694524,0.403
18100,1.698935,0.362
18105,1.702513,0.376
18110,1.687606,0.407
18115,1.696527,0.398
18120,1.694764,0.399
18125,1.685542,0.361
18130,1.68889,0.337
18135,1.689624,0.386
18140,1.691977,0.437
18145,1.685571,0.401
18150,1.690889,0.409
18155,1.694601,0.35
18160,1.688394,0.435
18165,1.69202,0.407
18170,1.696793,0.397
18175,1.696019,0.379
18180,1.696445,0.441
18185,1.688793,0.421
18190,1.689529,0.558
18195,1.69885,0.409
18200,1.690117,0.359
18205,1.686961,0.347
18210,1.687179,0.36
18215,1.689318,0.374
18220,1.692523,0.469
18225,1.699119,0.374
18230,1.688239,0.369
18235,1.686048,0.388
18240,1.690669,0.344
18245,1.686557,0.329
18250,1.690227,0.338
18255,1.688892,0.374
18260,1.694822,0.366
18265,1.698022,0.362
18270,1.704385,0.376
18275,1.690817,0.372
18280,1.695781,0.362
18285,1.688103,0.357
18290,1.691057,0.422
18295,1.687845,0.433
18300,1.684234,0.395
18305,1.689394,0.337
18310,1.682096,0.324
18315,1.688995,0.354
18320,1.682928,0.344
18325,1.698183,0.381
18330,1.68687,0.404
18335,1.694284,0.341
18340,1.688498,0.413
18345,1.689267,0.417
18350,1.698293,0.384
18355,1.695089,0.351
18360,1.691528,0.516
18365,1.6831,0.355
18370,1.687315,0.345
18375,1.687386,0.417
18380,1.6875,0.342
18385,1.693208,0.362
18390,1.694467,0.35
18395,1.687447,0.387
18400,1.680811,0.373
18405,1.683597,0.346
18410,1.678403,0.326
18415,1.682842,0.389
18420,1.685478,0.388
18425,1.694595,0.391
18430,1.691917,0.47
18435,1.692384,0.38
18440,1.679111,0.372
18445,1.677309,0.383
18450,1.691355,0.368
18455,1.687993,0.34
18460,1.684402,0.407
18465,1.69064,0.353
18470,1.69201,0.382
18475,1.691209,0.381
18480,1.685429,0.344
18485,1.683936,0.415
18490,1.689798,0.332
18495,1.686339,0.404
18500,1.690095,0.356
18505,1.684987,0.406
18510,1.67534,0.357
18515,1.693248,0.379
18520,1.693146,0.376
18525,1.692758,0.569
18530,1.686115,0.368
18535,1.680907,0.379
18540,1.681533,0.343
18545,1.679738,0.418
18550,1.677213,0.417
18555,1.679879,0.426
18560,1.680319,0.409
18565,1.678949,0.402
18570,1.689638,0.362
18575,1.680254,0.384
18580,1.68414,0.424
18585,1.679943,0.398
18590,1.692779,0.389
18595,1.696856,0.391
18600,1.687306,0.379
18605,1.683068,0.373
18610,1.693017,0.355
18615,1.688499,0.358
18620,1.691694,0.344
18625,1.677188,0.369
18630,1.687776,0.347
18635,1.685344,0.407
18640,1.687342,0.356
18645,1.687763,0.377
18650,1.683342,0.424
18655,1.682014,0.374
18660,1.681601,0.454
18665,1.6811,0.605
18670,1.683913,0.393
18675,1.691887,0.332
18680,1.681091,0.373
18685,1.679147,5.824
18690,1.692333,0.418
18695,1.685363,0.361
18700,1.688202,0.394
18705,1.68671,0.427
18710,1.682898,0.325
18715,1.683166,0.351
18720,1.681424,0.425
18725,1.678377,0.436
18730,1.683986,0.356
18735,1.683761,0.309
18740,1.684785,0.325
18745,1.684606,0.376
18750,1.688688,0.353
18755,1.68178,0.359
18760,1.677632,0.432
18765,1.683693,0.347
18770,1.693369,0.367
18775,1.694243,0.345
18780,1.683908,0.398
18785,1.689924,0.348
18790,1.685555,0.361
18795,1.683496,0.388
18800,1.687012,0.412
18805,1.690166,0.374
18810,1.686479,0.416
18815,1.687333,0.423
18820,1.683811,0.338
18825,1.688592,0.338
18830,1.693372,0.39
18835,1.686449,0.363
18840,1.682734,0.478
18845,1.690095,0.355
18850,1.68388,0.418
18855,1.691417,0.403
18860,1.691092,0.439
18865,1.674809,0.347
18870,1.67795,0.354
18875,1.682121,0.421
18880,1.677707,0.348
18885,1.689283,0.385
18890,1.67714,0.35
18895,1.687577,0.471
18900,1.688988,0.425
18905,1.688717,0.347
18910,1.670316,0.325
18915,1.691067,0.423
18920,1.682941,0.487
18925,1.679702,0.328
18930,1.685772,0.37
18935,1.686438,0.362
18940,1.689497,0.373
18945,1.692838,0.396
18950,1.686333,0.36
18955,1.680148,0.38
18960,1.68266,0.365
18965,1.677075,0.371
18970,1.685283,0.376
18975,1.680077,0.46
18980,1.679838,0.348
18985,1.677314,0.401
18990,1.679228,0.365
18995,1.691249,0.338
19000,1.674716,0.369
19005,1.682409,0.391
19010,1.681517,0.372
19015,1.683736,0.369
19020,1.684536,0.336
19025,1.681086,0.393
19030,1.68398,0.382
19035,1.674703,0.458
19040,1.681323,0.455
19045,1.68685,0.351
19050,1.685028,0.333
19055,1.6842,0.385
19060,1.668714,0.329
19065,1.680989,0.338
19070,1.684861,0.381
19075,1.69147,0.385
19080,1.68397,0.359
19085,1.689658,0.346
19090,1.683016,0.404
19095,1.681556,0.427
19100,1.679484,0.388
19105,1.675489,0.355
19110,1.686826,0.493
19115,1.681326,0.476
19120,1.672767,0.407
19125,1.684447,0.408
19130,1.667899,0.365
19135,1.671272,0.342
19140,1.677059,0.367
19145,1.68731,0.381
19150,1.681628,0.376
19155,1.673763,0.375
19160,1.672111,0.352
19165,1.684927,0.383
19170,1.682605,0.369
19175,1.679684,0.378
19180,1.681747,0.364
19185,1.675873,0.381
19190,1.681091,0.363
19195,1.678117,0.345
19200,1.678336,0.354
19205,1.685145,0.606
19210,1.679067,0.392
19215,1.674419,0.346
19220,1.679012,0.455
19225,1.686698,0.354
19230,1.677659,0.376
19235,1.678558,0.386
19240,1.676022,0.394
19245,1.684881,0.401
19250,1.686392,0.382
19255,1.68005,0.39
19260,1.679355,0.387
19265,1.684956,0.464
19270,1.675179,0.389
19275,1.677525,0.419
19280,1.681507,0.326
19285,1.680578,0.364
19290,1.685175,0.389
19295,1.679335,0.352
19300,1.683446,0.402
19305,1.67787,0.423
19310,1.674085,0.412
19315,1.674825,0.362
19320,1.67674,0.391
19325,1.682467,0.336
19330,1.668817,0.372
19335,1.682283,0.331
19340,1.677444,0.352
19345,1.674961,0.376
19350,1.682611,0.463
19355,1.677383,0.402
19360,1.680976,0.407
19365,1.667506,0.351
19370,1.683302,0.348
19375,1.676222,0.487
19380,1.685979,0.359
19385,1.681175,0.356
19390,1.67991,0.346
19395,1.673174,0.36
19400,1.673742,0.428
19405,1.680878,0.413
19410,1.673204,0.331
19415,1.668085,0.367
19420,1.666349,0.453
19425,1.678633,0.358
19430,1.675528,0.39
19435,1.673817,0.392
19440,1.678269,0.403
19445,1.668854,0.391
19450,1.680091,0.342
19455,1.66888,0.405
19460,1.670385,0.349
19465,1.673974,0.413
19470,1.682652,0.374
19475,1.676706,0.409
19480,1.682953,0.423
19485,1.675949,1.367
19490,1.678718,0.478
19495,1.680327,0.368
19500,1.673503,0.433
19505,1.673399,0.351
19510,1.680265,0.371
19515,1.680167,0.389
19520,1.685447,0.432
19525,1.679051,0.342
19530,1.677374,0.36
19535,1.689044,0.444
19540,1.676871,0.318
19545,1.681268,0.354
19550,1.670678,0.373
19555,1.673734,0.363
19560,1.681964,0.376
19565,1.685778,0.364
19570,1.678778,0.403
19575,1.671821,0.375
19580,1.679189,0.351
19585,1.676282,0.369
19590,1.666303,0.333
19595,1.671737,0.366
19600,1.663311,0.33
19605,1.671394,0.356
19610,1.678624,0.466
19615,1.669957,0.41
19620,1.677366,0.372
19625,1.67323,0.376
19630,1.679549,0.345
19635,1.667238,0.376
19640,1.67822,0.389
19645,1.677435,0.368
19650,1.671005,0.391
19655,1.680415,0.389
19660,1.676511,0.332
19665,1.682396,0.359
19670,1.685624,0.421
19675,1.666801,0.405
19680,1.669527,0.354
19685,1.675439,0.38
19690,1.683018,0.355
19695,1.679357,0.396
19700,1.68253,0.487
19705,1.675925,0.359
19710,1.679321,0.397
19715,1.67291,0.344
19720,1.675259,0.555
19725,1.679015,0.429
19730,1.672361,0.503
19735,1.675288,0.396
19740,1.670573,0.427
19745,1.674532,0.362
19750,1.672029,0.401
19755,1.671765,0.435
19760,1.673723,0.437
19765,1.675247,0.363
19770,1.669389,0.363
19775,1.673473,0.395
19780,1.680449,0.493
19785,1.680291,0.411
19790,1.674125,0.384
19795,1.672573,0.384
19800,1.666413,0.376
19805,1.675757,0.357
19810,1.675854,0.388
19815,1.675099,0.372
19820,1.673629,0.355
19825,1.668713,0.488
19830,1.675504,0.43
19835,1.667234,0.48
19840,1.67685,0.389
19845,1.677663,0.378
19850,1.675403,0.357
19855,1.666559,0.349
19860,1.671497,0.411
19865,1.676987,0.449
19870,1.671743,0.374
19875,1.672362,0.438
19880,1.679125,0.391
19885,1.671857,0.381
19890,1.671642,0.378
19895,1.670426,0.429
19900,1.672324,0.349
19905,1.667499,0.35
19910,1.674252,0.436
19915,1.664746,0.351
19920,1.676732,0.371
19925,1.669202,0.392
19930,1.668014,0.38
19935,1.681306,0.36
19940,1.668035,0.483
19945,1.668789,0.459
19950,1.664796,0.36
19955,1.674931,0.354
19960,1.674692,0.369
19965,1.672643,0.35
19970,1.674397,0.399
19975,1.673101,0.367
19980,1.660867,0.476
19985,1.672563,0.418
19990,1.662806,0.358
19995,1.678856,0.369
20000,1.673943,0.41
20005,1.682118,0.374
20010,1.677616,0.402
20015,1.665294,0.392
20020,1.664438,0.431
20025,1.668326,0.353
20030,1.675163,1.08
20035,1.677699,0.376
20040,1.669285,1.765
20045,1.673515,0.346
20050,1.677552,0.537
20055,1.679444,0.436
20060,1.674217,0.349
20065,1.667314,0.344
20070,1.669801,0.357
20075,1.670703,0.371
20080,1.671147,0.346
20085,1.669186,0.366
20090,1.664961,0.352
20095,1.670265,0.367
20100,1.671134,0.392
20105,1.672497,0.501
20110,1.674625,0.357
20115,1.672904,0.324
20120,1.669794,0.482
20125,1.671611,0.398
20130,1.678191,0.424
20135,1.66865,0.501
20140,1.67534,0.356
20145,1.665976,0.367
20150,1.668194,0.398
20155,1.671494,0.358
20160,1.678923,0.377
20165,1.677548,0.364
20170,1.673515,0.489
20175,1.661113,0.382
20180,1.675303,0.384
20185,1.665379,0.377
20190,1.664399,0.409
20195,1.672355,0.362
20200,1.668984,0.436
20205,1.65875,0.445
20210,1.668683,0.445
20215,1.665981,0.328
20220,1.675801,0.368
20225,1.673938,0.418
20230,1.675386,0.333
20235,1.66911,0.582
20240,1.66226,0.42
20245,1.657366,0.387
20250,1.670636,0.463
20255,1.662852,0.386
20260,1.669302,0.374
20265,1.667445,0.385
20270,1.666652,0.437
20275,1.671365,0.404
20280,1.671103,0.474
20285,1.666384,0.352
20290,1.667322,0.409
20295,1.669717,0.33
20300,1.673337,0.364
20305,1.66895,0.395
20310,1.671503,0.429
20315,1.665314,0.372
20320,1.665697,0.357
20325,1.670261,0.397
20330,1.661011,0.35
20335,1.669694,0.399
20340,1.670906,0.404
20345,1.668481,0.391
20350,1.673947,0.477
20355,1.673529,0.444
20360,1.668133,0.383
20365,1.677119,0.374
20370,1.67436,0.433
20375,1.670173,0.478
20380,1.670831,0.405
20385,1.672276,0.36
20390,1.67576,0.347
20395,1.666325,0.431
20400,1.672552,0.435
20405,1.674024,0.423
20410,1.673302,0.372
20415,1.660766,0.389
20420,1.66924,0.408
20425,1.668305,0.354
20430,1.663007,0.335
20435,1.667059,0.397
20440,1.673458,0.398
20445,1.671657,0.456
20450,1.668502,0.366
20455,1.679678,0.447
20460,1.686954,0.399
20465,1.662464,0.392
20470,1.671845,0.388
20475,1.665022,0.424
20480,1.672242,0.351
20485,1.667697,0.41
20490,1.674795,0.407
20495,1.656675,0.367
20500,1.676752,0.407
20505,1.668959,0.34
20510,1.667378,0.412
20515,1.663046,0.353
20520,1.671838,0.496
20525,1.668571,0.342
20530,1.669568,0.377
20535,1.667019,0.355
20540,1.669933,0.384
20545,1.666015,0.375
20550,1.668454,0.383
20555,1.668724,0.362
20560,1.665968,0.43
20565,1.660839,0.385
20570,1.661803,0.371
20575,1.664272,0.392
20580,1.674183,0.414
20585,1.668673,0.365
20590,1.671382,0.479
20595,1.670307,0.454
20600,1.674052,0.406
20605,1.669318,0.365
20610,1.665395,0.368
20615,1.664108,0.413
20620,1.663632,0.47
20625,1.668626,0.408
20630,1.661119,0.364
20635,1.671002,0.519
20640,1.662696,0.555
20645,1.662697,0.416
20650,1.668882,0.364
20655,1.675212,0.382
20660,1.665073,0.386
20665,1.661915,0.424
20670,1.661141,0.381
20675,1.662028,0.419
20680,1.671131,0.386
20685,1.67121,0.433
20690,1.66645,0.353
20695,1.66357,0.35
20700,1.665874,0.349
20705,1.677349,0.356
20710,1.662865,0.437
20715,1.672375,0.393
20720,1.666911,0.396
20725,1.665408,0.486
20730,1.678757,0.376
20735,1.658751,0.351
20740,1.668879,0.346
20745,1.663806,0.39
20750,1.671316,0.415
20755,1.665328,0.382
20760,1.664367,0.361
20765,1.664229,0.39
20770,1.667012,0.381
20775,1.670846,0.372
20780,1.666586,0.37
20785,1.665524,0.368
20790,1.663458,0.349
20795,1.66148,0.427
20800,1.670594,0.356
20805,1.678539,0.375
20810,1.663802,0.407
20815,1.671012,0.362
20820,1.660953,0.443
20825,1.67117,0.392
20830,1.668052,0.489
20835,1.667212,0.354
20840,1.667179,0.463
20845,1.665939,0.403
20850,1.66952,0.381
20855,1.660725,0.345
20860,1.658623,0.39
20865,1.657167,0.342
20870,1.664512,0.473
20875,1.657776,0.367
20880,1.658312,0.432
20885,1.663649,0.407
20890,1.659055,0.553
20895,1.666525,0.46
20900,1.665655,0.766
20905,1.670171,0.366
20910,1.660719,0.411
20915,1.661445,0.339
20920,1.665175,0.39
20925,1.673332,0.375
20930,1.668021,0.366
20935,1.664156,0.41
20940,1.66641,0.384
20945,1.659322,0.354
20950,1.667284,0.322
20955,1.666804,0.375
20960,1.666455,0.416
20965,1.652983,0.381
20970,1.667934,0.369
20975,1.658896,0.479
20980,1.665804,0.469
20985,1.667973,0.369
20990,1.667256,0.413
20995,1.662627,0.35
21000,1.665332,0.362
21005,1.663288,0.423
21010,1.67235,0.448
21015,1.665866,0.357
21020,1.672364,0.374
21025,1.658335,0.41
21030,1.669794,0.341
21035,1.667308,0.481
21040,1.658155,0.347
21045,1.662302,0.38
21050,1.666179,0.404
21055,1.658315,0.387
21060,1.668553,0.419
21065,1.660029,0.364
21070,1.667164,0.391
21075,1.668379,0.424
21080,1.661274,0.38
21085,1.666892,0.353
21090,1.675804,0.373
21095,1.668967,0.372
21100,1.657263,0.392
21105,1.663585,0.392
21110,1.660734,0.356
21115,1.659542,0.399
21120,1.666792,0.45
21125,1.663675,0.376
21130,1.660251,0.377
21135,1.664675,0.475
21140,1.671774,0.387
21145,1.659791,0.376
21150,1.661129,0.396
21155,1.660902,0.372
21160,1.665187,0.406
21165,1.660455,0.432
21170,1.663265,0.343
21175,1.656767,0.407
21180,1.655288,0.413
21185,1.664273,0.403
21190,1.660335,0.392
21195,1.668585,0.374
21200,1.655635,0.395
21205,1.669598,0.346
21210,1.653233,0.402
21215,1.661334,0.371
21220,1.651431,0.383
21225,1.657288,0.37
21230,1.66151,0.423
21235,1.665397,0.674
21240,1.665351,0.586
21245,1.662981,0.407
21250,1.671078,0.559
21255,1.66567,0.332
21260,1.65448,0.33
21265,1.65296,0.364
21270,1.663904,0.443
21275,1.6608,0.357
21280,1.665623,0.428
21285,1.670489,0.622
21290,1.659836,0.401
21295,1.667306,0.358
21300,1.659908,0.332
21305,1.659246,0.407
21310,1.663969,0.403
21315,1.66201,0.383
21320,1.665387,0.385
21325,1.664848,0.463
21330,1.65689,0.378
21335,1.657198,0.451
21340,1.666856,0.375
21345,1.668756,0.38
21350,1.656736,0.376
21355,1.661825,0.337
21360,1.664614,0.378
21365,1.664113,0.446
21370,1.65855,0.359
21375,1.664042,0.371
21380,1.65541,0.464
21385,1.656848,0.368
21390,1.656042,0.469
21395,1.655851,0.332
21400,1.66074,0.388
21405,1.659485,0.384
21410,1.65288,0.37
21415,1.667687,0.808
21420,1.660465,0.369
21425,1.655062,0.446
21430,1.668039,0.454
21435,1.670655,0.387
21440,1.659493,0.385
21445,1.658217,0.432
21450,1.658308,0.459
21455,1.659838,0.4
21460,1.654412,0.396
21465,1.667407,0.66
21470,1.66049,0.414
21475,1.66137,0.397
21480,1.662621,0.379
21485,1.661781,0.424
21490,1.656924,0.369
21495,1.670342,0.349
21500,1.661239,0.401
21505,1.659097,0.4
21510,1.661411,0.429
21515,1.656963,0.386
21520,1.66793,0.391
21525,1.663932,0.399
21530,1.658672,0.418
21535,1.657221,0.414
21540,1.657809,0.39
21545,1.655339,0.383
21550,1.654499,0.431
21555,1.659718,0.386
21560,1.648876,0.389
21565,1.660795,0.396
21570,1.655196,0.361
21575,1.664388,0.444
21580,1.662259,0.364
21585,1.662724,0.405
21590,1.653916,0.403
21595,1.655192,0.391
21600,1.661867,0.428
21605,1.663387,0.452
21610,1.664636,0.367
21615,1.657442,0.391
21620,1.660038,0.393
21625,1.660601,0.422
21630,1.659764,0.39
21635,1.66081,0.501
21640,1.660702,0.438
21645,1.661962,0.372
21650,1.64791,0.37
21655,1.660571,0.442
21660,1.65612,0.437
21665,1.660291,0.727
21670,1.66847,0.393
21675,1.652737,0.398
21680,1.654626,0.522
21685,1.65481,0.495
21690,1.655904,0.475
21695,1.65403,0.386
21700,1.647027,0.353
21705,1.652113,0.512
21710,1.652628,0.351
21715,1.652796,0.38
21720,1.657008,0.415
21725,1.661018,0.421
21730,1.663512,0.403
21735,1.656122,0.593
21740,1.653419,0.403
21745,1.657028,0.427
21750,1.664018,0.413
21755,1.659606,0.398
21760,1.65988,0.457
21765,1.653238,0.412
21770,1.6607,0.36
21775,1.655267,0.411
21780,1.650106,0.388
21785,1.656916,0.44
21790,1.673444,0.442
21795,1.664739,0.425
21800,1.6488,0.338
21805,1.660139,0.374
21810,1.664271,0.357
21815,1.662138,0.415
21820,1.654407,0.388
21825,1.658328,0.354
21830,1.661949,0.364
21835,1.654496,0.43
21840,1.65938,0.392
21845,1.66323,0.42
21850,1.655313,0.421
21855,1.642169,0.408
21860,1.659783,0.434
21865,1.654663,0.525
21870,1.65967,0.359
21875,1.663424,0.382
21880,1.658009,0.362
21885,1.657186,0.404
21890,1.660127,0.471
21895,1.65841,0.423
21900,1.659573,0.4
21905,1.65525,0.4
21910,1.660591,0.384
21915,1.652094,0.433
21920,1.652195,0.379
21925,1.654731,0.415
21930,1.654832,0.372
21935,1.661048,0.377
21940,1.654034,0.387
21945,1.651226,0.392
21950,1.65919,0.406
21955,1.663875,0.44
21960,1.65766,0.469
21965,1.660632,0.434
21970,1.659319,0.421
21975,1.666151,0.404
21980,1.662899,0.439
21985,1.659248,0.392
21990,1.654808,0.409
21995,1.651863,0.37
22000,1.659108,0.395
22005,1.650347,0.432
22010,1.645248,0.451
22015,1.660233,0.465
22020,1.652942,0.384
22025,1.650346,0.366
22030,1.659297,0.393
22035,1.652866,0.435
22040,1.660501,0.355
22045,1.655323,0.384
22050,1.651683,0.392
22055,1.655298,0.391
22060,1.658759,0.437
22065,1.652307,0.44
22070,1.650825,0.423
22075,1.661126,0.41
22080,1.657988,0.404
22085,1.655542,0.41
22090,1.663496,0.379
22095,1.654264,0.441
22100,1.661767,0.452
22105,1.650643,0.385
22110,1.657831,0.383
22115,1.654257,3.57
22120,1.663912,0.595
22125,1.6495,0.438
22130,1.657781,0.417
22135,1.649611,0.421
22140,1.654246,0.465
22145,1.664426,0.401
22150,1.651529,0.457
22155,1.652228,0.364
22160,1.650922,0.367
22165,1.6591,0.444
22170,1.657043,0.475
22175,1.65061,0.402
22180,1.65761,0.374
22185,1.66199,0.352
22190,1.657506,0.461
22195,1.656881,0.486
22200,1.670108,0.394
22205,1.658093,0.437
22210,1.655735,0.371
22215,1.656656,0.38
22220,1.660595,0.571
22225,1.665413,0.421
22230,1.649981,0.383
22235,1.651044,0.367
22240,1.658528,0.445
22245,1.650088,0.471
22250,1.658386,0.455
22255,1.664075,0.441
22260,1.654885,0.473
22265,1.656869,0.397
22270,1.656654,0.503
22275,1.658027,0.428
22280,1.654287,0.392
22285,1.646947,0.43
22290,1.658943,0.428
22295,1.646718,0.492
22300,1.655688,0.449
22305,1.65821,0.369
22310,1.653196,0.41
22315,1.652798,0.404
22320,1.65039,0.389
22325,1.65594,0.383
22330,1.647827,0.482
22335,1.646382,0.424
22340,1.658705,0.396
22345,1.654049,0.522
22350,1.658356,0.435
22355,1.659081,0.463
22360,1.648304,0.355
22365,1.648811,0.502
22370,1.658624,0.533
22375,1.650706,0.437
22380,1.657304,0.438
22385,1.655029,0.398
22390,1.657968,0.4
22395,1.648826,0.371
22400,1.646514,0.703
22405,1.651631,0.396
22410,1.651795,0.423
22415,1.652614,0.373
22420,1.655602,0.444
22425,1.651981,0.349
22430,1.646213,0.421
22435,1.650185,0.395
22440,1.646274,0.402
22445,1.650993,0.358
22450,1.64834,0.383
22455,1.659146,0.39
22460,1.652628,0.442
22465,1.659567,0.577
22470,1.657055,0.619
22475,1.644262,0.488
22480,1.6501,0.397
22485,1.649525,0.454
22490,1.656773,0.416
22495,1.64987,0.447
22500,1.665249,0.518
22505,1.659416,0.465
22510,1.663104,0.423
22515,1.648186,0.37
22520,1.644456,0.432
22525,1.652448,0.473
22530,1.652207,0.364
22535,1.660121,0.396
22540,1.649459,0.415
22545,1.655086,0.412
22550,1.648496,0.523
22555,1.649956,0.529
22560,1.66108,0.423
22565,1.65458,0.423
22570,1.658258,0.51
22575,1.657865,0.394
22580,1.647851,0.423
22585,1.654662,0.531
22590,1.652456,0.418
22595,1.649761,0.463
22600,1.654162,0.484
22605,1.65884,0.441
22610,1.65613,0.402
22615,1.651682,0.408
22620,1.648656,0.505
22625,1.642828,0.543
22630,1.65154,0.401
22635,1.650104,0.422
22640,1.646889,0.379
22645,1.643119,0.519
22650,1.652375,0.443
22655,1.64499,0.38
22660,1.65409,0.387
22665,1.660427,0.379
22670,1.643675,0.471
22675,1.652402,0.5
22680,1.645323,0.443
22685,1.654926,0.414
22690,1.642477,0.413
22695,1.644334,0.458
22700,1.655834,0.433
22705,1.65022,0.531
22710,1.653121,0.41
22715,1.70052,0.836
22720,1.691649,0.557
22725,1.663054,0.39
22730,1.661782,0.516
22735,1.666909,0.369
22740,1.658856,0.363
22745,1.65618,0.574
22750,1.649582,0.436
22755,1.644411,0.421
22760,1.650687,0.529
22765,1.653163,0.571
22770,1.647186,0.469
22775,1.647607,0.411
22780,1.64735,0.448
22785,1.652689,0.418
22790,1.63938,0.376
22795,1.647222,0.593
22800,1.660844,0.416
22805,1.65133,0.501
22810,1.65224,0.487
22815,1.645209,0.501
22820,1.652106,0.429
22825,1.651161,0.601
22830,1.642965,0.501
22835,1.652997,0.442
22840,1.656651,0.442
22845,1.646191,0.433
22850,1.655289,0.513
22855,1.650594,0.489
22860,1.644794,0.404
22865,1.645904,0.477
22870,1.646254,0.47
22875,1.655408,0.406
22880,1.644256,0.395
22885,1.645059,0.362
22890,1.651058,0.42
22895,1.660846,0.417
22900,1.6429,0.477
22905,1.641931,0.383
22910,1.650278,0.449
22915,1.645117,0.452
22920,1.643677,0.441
22925,1.646572,0.574
22930,1.650764,0.431
22935,1.655371,0.435
22940,1.646857,0.422
22945,1.643274,0.418
22950,1.643645,0.381
22955,1.645331,0.394
22960,1.648054,0.524
22965,1.646353,0.518
22970,1.647276,0.499
22975,1.649806,0.479
22980,1.650408,0.519
22985,1.655622,0.424
22990,1.660403,0.441
22995,1.652734,0.439
23000,1.653899,0.38
23005,1.644076,0.431
23010,1.647732,0.53
23015,1.650134,0.403
23020,1.659633,0.422
23025,1.650415,0.409
23030,1.65251,0.47
23035,1.647593,0.378
23040,1.652749,0.599
23045,1.649481,0.463
23050,1.641086,0.512
23055,1.656675,0.431
23060,1.652621,0.627
23065,1.648232,0.386
23070,1.648942,0.381
23075,1.645586,0.453
23080,1.650681,0.394
23085,1.65448,0.453
23090,1.647015,0.5
23095,1.643394,0.502
23100,1.649287,0.411
23105,1.643409,0.419
23110,1.654094,0.397
23115,1.653048,0.412
23120,1.647728,0.415
23125,1.650072,0.446
23130,1.653447,0.419
23135,1.644254,0.436
23140,1.645987,0.431
23145,1.657984,0.542
23150,1.650537,0.399
23155,1.644699,0.409
23160,1.644788,0.441
23165,1.649631,0.463
23170,1.65425,0.454
23175,1.650548,0.464
23180,1.65115,0.457
23185,1.654877,0.428
23190,1.649379,0.459
23195,1.649443,0.386
23200,1.648754,0.478
23205,1.641221,0.476
23210,1.648297,0.402
23215,1.648037,0.401
23220,1.649369,0.361
23225,1.651158,0.376
23230,1.642287,0.482
23235,1.649576,0.46
23240,1.65706,0.494
23245,1.653306,0.42
23250,1.646882,0.429
23255,1.649065,0.503
23260,1.647608,0.459
23265,1.650144,0.389
23270,1.646552,0.44
23275,1.655249,0.385
23280,1.644291,0.454
23285,1.645051,0.432
23290,1.647815,0.471
23295,1.649413,0.446
23300,1.651564,0.397
23305,1.646257,0.422
23310,1.656493,0.437
23315,1.657891,0.434
23320,1.642978,0.434
23325,1.640644,0.412
23330,1.649643,0.564
23335,1.65229,0.402
23340,1.652839,0.592
23345,1.658544,0.489
23350,1.648162,0.406
23355,1.650793,0.415
23360,1.639998,0.39
23365,1.646703,0.409
23370,1.642611,0.398
23375,1.639616,0.435
23380,1.65104,0.404
23385,1.645631,0.363
23390,1.647714,0.453
23395,1.650492,0.466
23400,1.649549,0.392
23405,1.64389,0.408
23410,1.655614,0.467
23415,1.645702,0.481
23420,1.649969,0.428
23425,1.643594,0.447
23430,1.652897,0.435
23435,1.640239,0.53
23440,1.653716,0.385
23445,1.64664,0.48
23450,1.642762,0.517
23455,1.646879,0.498
23460,1.65503,0.445
23465,1.643739,0.486
23470,1.649088,0.471
23475,1.642797,0.453
23480,1.658345,0.63
23485,1.643465,0.436
23490,1.636406,0.506
23495,1.643943,0.413
23500,1.650483,0.457
23505,1.642027,0.566
23510,1.652823,0.412
23515,1.644781,0.385
23520,1.653442,0.419
23525,1.654543,0.625
23530,1.652081,0.409
23535,1.650496,0.479
23540,1.63515,0.532
23545,1.652438,0.358
23550,1.642859,0.432
23555,1.640789,0.514
23560,1.658156,0.409
23565,1.648872,0.545
23570,1.651664,0.422
23575,1.646605,0.434
23580,1.641618,0.477
23585,1.652228,0.504
23590,1.639765,0.366
23595,1.648613,0.548
23600,1.642065,0.573
23605,1.642979,0.477
23610,1.648285,0.405
23615,1.635958,0.495
23620,1.636088,0.387
23625,1.64311,0.428
23630,1.647416,0.39
23635,1.649178,0.403
23640,1.641977,0.462
23645,1.651523,0.517
23650,1.648396,0.447
23655,1.636722,0.388
23660,1.642159,0.402
23665,1.642974,0.42
23670,1.644411,0.5
23675,1.644683,0.508
23680,1.637657,0.373
23685,1.638132,0.402
23690,1.63571,0.384
23695,1.648158,0.437
23700,1.650399,0.423
23705,1.640152,0.403
23710,1.64562,0.594
23715,1.648444,0.531
23720,1.648446,0.366
23725,1.638705,0.413
23730,1.648769,0.439
23735,1.641427,0.485
23740,1.645437,0.386
23745,1.651218,0.392
23750,1.637874,0.506
23755,1.637911,0.428
23760,1.647714,0.461
23765,1.638206,0.479
23770,1.642827,0.397
23775,1.654992,0.409
23780,1.649561,0.455
23785,1.650847,0.484
23790,1.63893,0.495
23795,1.63755,0.435
23800,1.648876,0.372
23805,1.65009,0.391
23810,1.655415,0.404
23815,1.651984,0.417
23820,1.646072,0.405
23825,1.648946,0.411
23830,1.632495,0.442
23835,1.642424,0.426
23840,1.645682,0.431
23845,1.649813,0.521
23850,1.64653,0.537
23855,1.641164,0.426
23860,1.652331,0.453
23865,1.637178,0.464
23870,1.645301,0.408
23875,1.644123,0.401
23880,1.644311,0.411
23885,1.647606,0.387
23890,1.643796,0.633
23895,1.640282,0.447
23900,1.646164,0.496
23905,1.651036,0.466
23910,1.652034,0.444
23915,1.639843,0.387
23920,1.645722,0.38
23925,1.643217,0.514
23930,1.640359,0.459
23935,1.652435,0.427
23940,1.642872,0.462
23945,1.633324,0.423
23950,1.643747,0.419
23955,1.635315,0.407
23960,1.638984,0.388
23965,1.64343,0.468
23970,1.637697,0.524
23975,1.647562,0.462
23980,1.649197,0.464
23985,1.647291,0.431
23990,1.630793,0.424
23995,1.641036,0.419
24000,1.641089,0.466
24005,1.643353,0.417
24010,1.639064,0.469
24015,1.636495,0.421
24020,1.649555,0.394
24025,1.652831,0.417
24030,1.642573,0.524
24035,1.646917,0.425
24040,1.637741,0.427
24045,1.632714,0.374
24050,1.637201,0.454
24055,1.649722,0.42
24060,1.640028,0.456
24065,1.639562,0.459
24070,1.648077,0.437
24075,1.635234,0.445
24080,1.636863,0.449
24085,1.645749,0.582
24090,1.634552,0.457
24095,1.64563,0.422
24100,1.646111,0.372
24105,1.635939,0.451
24110,1.647853,0.488
24115,1.642249,0.428
24120,1.650652,0.393
24125,1.647395,0.433
24130,1.645142,0.412
24135,1.647647,0.499
24140,1.644074,0.436
24145,1.649723,0.411
24150,1.639595,0.443
24155,1.637149,0.529
24160,1.643203,0.409
24165,1.638406,0.468
24170,1.640902,0.417
24175,1.644531,0.481
24180,1.638848,0.478
24185,1.633245,0.417
24190,1.640981,0.487
24195,1.638795,0.464
24200,1.637459,0.498
24205,1.639307,0.447
24210,1.642811,0.379
24215,1.639786,0.407
24220,1.645703,0.409
24225,1.652801,0.49
24230,1.642582,0.433
24235,1.629878,0.462
24240,1.638188,0.483
24245,1.637055,0.422
24250,1.646475,0.388
24255,1.634695,0.538
24260,1.645838,0.486
24265,1.642964,0.44
24270,1.647284,0.461
24275,1.642567,0.392
24280,1.643161,0.608
24285,1.639512,0.443
24290,1.644504,0.531
24295,1.653353,0.503
24300,1.640372,0.547
24305,1.63223,0.47
24310,1.643865,0.465
24315,1.651317,0.47
24320,1.642273,0.489
24325,1.642862,0.53
24330,1.639437,0.383
24335,1.635438,0.452
24340,1.645866,0.472
24345,1.634985,0.46
24350,1.639881,0.522
24355,1.63804,0.418
24360,1.640306,0.429
24365,1.641343,0.521
24370,1.646869,0.467
24375,1.646472,0.436
24380,1.649715,0.481
24385,1.638566,0.394
24390,1.639345,0.423
24395,1.641862,0.439
24400,1.644457,0.415
24405,1.638102,0.425
24410,1.635865,0.47
24415,1.641917,0.454
24420,1.636871,0.425
24425,1.631295,0.421
24430,1.631277,0.573
24435,1.63322,0.513
24440,1.638275,0.409
24445,1.635949,0.404
24450,1.646594,0.392
24455,1.640464,0.475
24460,1.640882,0.414
24465,1.643238,0.468
24470,1.637015,0.478
24475,1.641975,0.439
24480,1.646901,0.938
24485,1.636736,0.649
24490,1.638743,0.389
24495,1.64259,0.776
24500,1.639678,0.493
24505,1.64187,0.471
24510,1.638731,0.404
24515,1.632619,0.429
24520,1.64805,0.392
24525,1.633566,0.689
24530,1.631453,0.465
24535,1.644093,0.465
24540,1.642829,0.409
24545,1.64299,0.447
24550,1.638583,0.39
24555,1.642858,0.473
24560,1.64108,0.397
24565,1.647774,0.515
24570,1.635935,0.424
24575,1.642436,0.437
24580,1.647426,0.406
24585,1.639397,0.442
24590,1.631441,0.45
24595,1.63603,0.452
24600,1.634374,0.437
24605,1.648467,0.395
24610,1.643157,0.463
24615,1.635489,0.617
24620,1.644667,0.389
24625,1.633559,0.437
24630,1.634497,0.493
24635,1.639028,0.434
24640,1.650317,0.389
24645,1.63683,0.496
24650,1.638606,0.47
24655,1.637626,0.563
24660,1.643188,0.557
24665,1.638399,0.381
24670,1.633753,0.547
24675,1.637587,0.454
24680,1.641706,0.426
24685,1.642625,0.401
24690,1.634441,0.601
24695,1.648907,0.567
24700,1.623334,0.465
24705,1.652519,0.468
24710,1.637219,0.384
24715,1.638346,0.488
24720,1.647527,0.46
24725,1.642329,0.378
24730,1.637378,0.451
24735,1.641673,0.523
24740,1.643043,0.447
24745,1.634015,0.392
24750,1.642599,0.484
24755,1.651382,0.469
24760,1.629991,0.485
24765,1.633436,0.458
24770,1.638092,0.539
24775,1.638993,0.438
24780,1.645906,0.614
24785,1.646566,0.533
24790,1.648321,0.455
24795,1.636185,0.579
24800,1.627826,0.572
24805,1.635117,0.45
24810,1.627278,0.422
24815,1.639093,0.482
24820,1.637972,0.401
24825,1.645985,0.478
24830,1.635725,0.546
24835,1.63563,0.584
24840,1.635747,0.544
24845,1.636457,0.449
24850,1.637909,0.402
24855,1.635125,0.403
24860,1.639742,0.576
24865,1.636154,0.47
24870,1.643974,0.455
24875,1.635418,0.639
24880,1.634172,0.45
24885,1.630956,0.379
24890,1.63423,0.619
24895,1.635845,0.407
24900,1.64755,0.448
24905,1.647313,0.439
24910,1.626907,0.477
24915,1.639482,0.623
24920,1.642294,0.478
24925,1.636476,0.42
24930,1.641292,0.452
24935,1.631744,0.453
24940,1.638962,0.46
24945,1.634886,0.483
24950,1.63806,0.711
24955,1.636806,0.478
24960,1.641353,0.499
24965,1.635687,0.42
24970,1.63533,0.446
24975,1.641539,0.52
24980,1.637079,0.524
24985,1.638433,0.53
24990,1.639057,0.498
24995,1.634614,0.373
25000,1.644167,0.441
25005,1.642278,0.468
25010,1.637973,0.409
25015,1.627047,0.42
25020,1.632954,0.404
25025,1.63624,0.461
25030,1.633953,0.437
25035,1.63825,0.387
25040,1.640361,0.496
25045,1.636893,0.463
25050,1.643298,0.593
25055,1.637174,0.424
25060,1.629851,0.534
25065,1.629234,0.41
25070,1.635781,0.39
25075,1.637046,0.502
25080,1.638462,0.531
25085,1.633632,0.482
25090,1.631256,0.501
25095,1.616216,0.421
25100,1.638815,0.485
25105,1.637789,0.414
25110,1.635017,0.404
25115,1.639535,0.499
25120,1.634226,0.674
25125,1.639627,0.385
25130,1.641349,0.445
25135,1.637757,0.832
25140,1.632654,0.463
25145,1.638708,0.56
25150,1.644272,0.458
25155,1.644617,0.396
25160,1.635701,0.515
25165,1.631284,0.415
25170,1.622236,0.44
25175,1.629443,0.556
25180,1.638563,0.435
25185,1.644476,0.449
25190,1.639172,0.443
25195,1.642327,0.435
25200,1.63853,0.455
25205,1.638207,0.614
25210,1.639702,0.457
25215,1.63059,0.429
25220,1.641134,0.56
25225,1.627663,0.595
25230,1.631559,0.451
25235,1.629441,0.454
25240,1.636636,0.488
25245,1.634678,0.513
25250,1.639318,0.485
25255,1.634614,0.383
25260,1.63376,0.455
25265,1.632756,0.482
25270,1.643914,0.399
25275,1.636144,0.472
25280,1.636683,0.465
25285,1.638919,0.393
25290,1.63501,0.529
25295,1.635852,0.554
25300,1.640044,0.459
25305,1.64173,0.449
25310,1.635069,0.449
25315,1.628894,0.496
25320,1.640483,0.426
25325,1.639631,0.423
25330,1.636705,0.543
25335,1.642908,0.451
25340,1.633086,0.392
25345,1.631977,0.523
25350,1.6419,0.443
25355,1.633281,0.498
25360,1.630658,0.396
25365,1.638245,0.389
25370,1.631302,0.523
25375,1.634651,0.39
25380,1.639527,0.486
25385,1.644434,0.556
25390,1.64734,0.401
25395,1.635266,0.378
25400,1.634583,0.386
25405,1.633624,0.424
25410,1.637221,0.418
25415,1.637686,0.402
25420,1.636485,0.471
25425,1.622908,0.515
25430,1.626764,0.392
25435,1.634974,0.368
25440,1.633691,0.42
25445,1.636353,0.408
25450,1.637745,0.461
25455,1.638938,0.483
25460,1.633659,0.457
25465,1.640079,0.432
25470,1.641953,0.408
25475,1.623186,0.475
25480,1.640199,0.418
25485,1.64036,0.399
25490,1.627313,0.486
25495,1.637092,0.415
25500,1.63218,0.447
25505,1.641865,0.453
25510,1.635525,0.535
25515,1.63949,0.427
25520,1.626272,0.556
25525,1.631918,0.473
25530,1.63109,0.431
25535,1.634469,0.449
25540,1.625959,0.414
25545,1.631793,0.658
25550,1.634279,0.377
25555,1.636058,0.44
25560,1.639374,0.413
25565,1.621047,0.498
25570,1.623988,0.495
25575,1.633724,0.451
25580,1.623448,0.402
25585,1.641903,0.522
25590,1.636659,0.436
25595,1.624477,0.441
25600,1.632353,0.475
25605,1.631126,0.453
25610,1.63703,0.413
25615,1.633458,0.509
25620,1.631562,0.612
25625,1.633459,0.472
25630,1.635001,0.435
25635,1.640923,0.481
25640,1.638828,0.402
25645,1.638519,0.424
25650,1.632606,0.462
25655,1.631703,0.472
25660,1.629022,0.49
25665,1.635139,0.557
25670,1.63639,0.606
25675,1.625718,0.5
25680,1.63415,0.496
25685,1.63443,0.518
25690,1.630834,0.455
25695,1.63046,0.457
25700,1.632975,0.44
25705,1.634419,0.495
25710,1.631027,0.527
25715,1.636615,0.474
25720,1.634843,0.545
25725,1.630839,0.482
25730,1.639326,0.415
25735,1.631082,0.418
25740,1.630373,0.382
25745,1.628629,0.443
25750,1.637002,0.686
25755,1.632642,0.483
25760,1.642353,0.606
25765,1.632045,0.581
25770,1.633708,0.43
25775,1.630548,0.405
25780,1.639592,0.41
25785,1.637706,0.519
25790,1.630437,0.449
25795,1.625654,0.671
25800,1.62659,0.406
25805,1.63488,0.437
25810,1.635235,0.417
25815,1.633133,0.468
25820,1.638999,0.385
25825,1.635275,0.385
25830,1.626617,0.535
25835,1.6291,0.481
25840,1.650955,0.44
25845,1.639854,0.398
25850,1.636995,0.43
25855,1.624259,0.436
25860,1.641805,0.438
25865,1.625237,0.421
25870,1.633303,0.802
25875,1.635723,0.508
25880,1.636012,0.433
25885,1.635587,0.387
25890,1.629797,0.397
25895,1.629729,0.401
25900,1.617266,0.417
25905,1.638571,0.495
25910,1.631985,0.43
25915,1.629819,0.499
25920,1.633367,0.454
25925,1.632459,0.405
25930,1.637843,0.45
25935,1.625783,0.503
25940,1.626562,0.451
25945,1.631762,0.446
25950,1.62946,0.588
25955,1.634144,0.64
25960,1.633776,0.508
25965,1.641247,0.387
25970,1.634443,0.427
25975,1.641763,0.466
25980,1.637357,0.469
25985,1.627033,0.539
25990,1.631555,0.539
25995,1.63601,0.505
26000,1.634847,0.526
26005,1.62686,0.474
26010,1.636255,0.536
26015,1.634162,0.523
26020,1.627968,0.448
26025,1.628154,0.442
26030,1.627261,0.44
26035,1.626525,0.422
26040,1.634814,0.551
26045,1.627717,0.486
26050,1.640277,0.445
26055,1.628172,0.422
26060,1.626643,0.472
26065,1.635755,0.404
26070,1.637391,0.483
26075,1.627136,0.477
26080,1.631368,0.424
26085,1.626221,0.392
26090,1.639924,0.642
26095,1.634612,0.449
26100,1.638422,0.418
26105,1.634869,0.555
26110,1.62746,0.653
26115,1.634375,0.508
26120,1.632027,0.508
26125,1.634426,0.441
26130,1.62994,0.568
26135,1.628738,0.564
26140,1.634521,0.422
26145,1.635333,0.36
26150,1.636462,0.408
26155,1.634232,0.421
26160,1.626872,0.46
26165,1.627902,0.506
26170,1.632765,0.531
26175,1.63061,0.484
26180,1.634786,0.397
26185,1.631483,0.426
26190,1.625441,0.477
26195,1.629443,0.388
26200,1.627159,0.455
26205,1.632373,0.492
26210,1.637504,0.412
26215,1.630083,0.508
26220,1.633403,0.409
26225,1.626453,0.578
26230,1.625039,0.522
26235,1.636795,0.609
26240,1.633667,0.411
26245,1.630637,0.487
26250,1.631077,0.418
26255,1.62249,0.555
26260,1.644797,0.391
26265,1.629602,0.518
26270,1.628141,0.456
26275,1.627328,0.389
26280,1.632868,0.416
26285,1.630516,0.516
26290,1.625628,0.444
26295,1.643007,0.616
26300,1.634886,0.423
26305,1.627076,0.425
26310,1.627095,0.384
26315,1.630882,0.388
26320,1.633536,0.677
26325,1.633077,0.523
26330,1.624917,0.576
26335,1.635523,0.499
26340,1.635663,0.439
26345,1.629969,0.562
26350,1.631328,0.486
26355,1.63384,0.487
26360,1.625722,0.468
26365,1.635595,0.458
26370,1.631023,0.48
26375,1.637099,0.481
26380,1.631672,0.389
26385,1.627051,0.435
26390,1.631915,0.496
26395,1.633937,0.428
26400,1.626414,0.449
26405,1.628223,0.452
26410,1.623161,0.474
26415,1.632572,0.48
26420,1.620228,0.433
26425,1.62471,0.381
26430,1.622992,0.447
26435,1.624239,0.432
26440,1.623648,0.402
26445,1.634551,0.388
26450,1.628771,0.417
26455,1.639154,0.389
26460,1.625348,0.478
26465,1.63009,0.475
26470,1.634335,0.4
26475,1.63506,0.457
26480,1.640915,0.457
26485,1.630264,0.545
26490,1.633604,0.429
26495,1.639238,0.426
26500,1.634843,0.453
26505,1.633093,0.513
26510,1.63113,0.45
26515,1.639744,0.457
26520,1.62722,0.508
26525,1.628874,0.487
26530,1.638333,0.549
26535,1.627994,0.469
26540,1.636143,0.531
26545,1.625529,0.448
26550,1.626119,0.636
26555,1.626471,0.487
26560,1.618434,0.551
26565,1.629477,0.393
26570,1.627656,0.419
26575,1.636942,0.425
26580,1.618527,0.462
26585,1.627207,0.44
26590,1.635698,0.823
26595,1.624068,0.474
26600,1.620769,0.394
26605,1.624353,0.404
26610,1.629879,0.426
26615,1.631566,0.467
26620,1.629937,0.478
26625,1.627876,0.425
26630,1.635203,0.419
26635,1.624637,0.544
26640,1.630063,0.457
26645,1.627977,0.482
26650,1.628441,0.494
26655,1.626723,0.413
26660,1.628049,0.365
26665,1.635157,0.417
26670,1.632728,0.471
26675,1.62389,0.4
26680,1.624471,0.427
26685,1.623393,0.513
26690,1.628261,0.489
26695,1.62849,0.667
26700,1.625256,0.394
26705,1.638803,0.497
26710,1.625717,0.539
26715,1.624306,0.484
26720,1.631496,0.413
26725,1.623376,0.404
26730,1.626997,0.508
26735,1.631921,0.403
26740,1.628204,0.423
26745,1.625439,0.436
26750,1.626282,0.405
26755,1.619734,0.412
26760,1.635397,0.399
26765,1.619549,0.48
26770,1.63593,0.451
26775,1.61691,0.383
26780,1.622246,0.372
26785,1.626834,0.6
26790,1.631227,0.457
26795,1.630886,0.409
26800,1.628853,0.459
26805,1.621192,0.453
26810,1.620313,0.438
26815,1.619584,0.417
26820,1.631811,0.587
26825,1.620732,0.423
26830,1.628889,0.536
26835,1.624118,0.426
26840,1.623569,0.553
26845,1.621989,0.505
26850,1.634219,0.504
26855,1.63503,0.433
26860,1.627603,0.45
26865,1.620327,0.388
26870,1.62335,0.526
26875,1.632179,0.481
26880,1.629817,0.442
26885,1.623053,0.524
26890,1.626867,0.417
26895,1.632179,0.479
26900,1.620095,0.477
26905,1.630385,0.49
26910,1.621642,0.613
26915,1.631753,0.432
26920,1.628278,0.438
26925,1.629557,0.521
26930,1.62539,0.394
26935,1.62516,0.507
26940,1.628617,0.739
26945,1.625687,0.366
26950,1.622328,0.458
26955,1.634138,0.432
26960,1.630806,0.415
26965,1.62581,0.506
26970,1.626147,0.431
26975,1.6368,0.403
26980,1.621437,0.433
26985,1.628485,0.482
26990,1.619151,0.527
26995,1.622857,0.431
27000,1.624787,0.511
27005,1.625928,0.448
27010,1.620127,0.425
27015,1.620729,0.389
27020,1.628862,0.459
27025,1.620415,0.473
27030,1.624002,0.429
27035,1.625576,0.404
27040,1.618983,0.509
27045,1.623849,0.453
27050,1.630728,0.437
27055,1.622378,0.745
27060,1.633774,0.69
27065,1.629413,0.461
27070,1.623069,0.463
27075,1.626199,0.429
27080,1.627672,0.497
27085,1.61965,0.376
27090,1.640582,0.402
27095,1.619201,0.458
27100,1.628128,0.464
27105,1.633151,0.501
27110,1.627149,0.419
27115,1.613176,0.461
27120,1.626349,0.482
27125,1.631347,0.446
27130,1.625428,0.437
27135,1.628199,0.666
27140,1.624987,0.405
27145,1.61805,0.403
27150,1.622673,0.509
27155,1.62959,0.506
27160,1.627128,0.442
27165,1.624299,0.525
27170,1.624843,0.534
27175,1.616254,0.453
27180,1.61427,0.444
27185,1.632025,0.54
27190,1.616204,0.455
27195,1.623555,0.562
27200,1.629244,0.474
27205,1.62638,0.446
27210,1.627118,0.449
27215,1.633288,0.376
27220,1.63166,0.571
27225,1.634676,0.682
27230,1.628285,0.445
27235,1.621719,0.56
27240,1.633794,0.452
27245,1.62217,0.518
27250,1.625961,0.478
27255,1.625027,0.425
27260,1.628936,0.513
27265,1.630573,0.498
27270,1.625454,0.457
27275,1.627514,0.43
27280,1.628024,0.443
27285,1.629214,0.426
27290,1.62877,0.415
27295,1.637391,0.426
27300,1.627386,0.5
27305,1.631354,0.48
27310,1.624211,0.537
27315,1.633687,0.461
27320,1.625167,0.438
27325,1.622754,0.443
27330,1.624962,0.426
27335,1.620496,0.443
27340,1.624267,0.535
27345,1.627817,0.513
27350,1.632015,0.595
27355,1.620059,0.419
27360,1.619928,0.46
27365,1.617739,0.505
27370,1.625046,0.452
27375,1.62359,0.526
27380,1.621162,0.435
27385,1.627089,0.477
27390,1.619749,0.481
27395,1.620579,0.632
27400,1.620377,0.439
27405,1.629613,0.465
27410,1.630635,0.415
27415,1.61884,0.443
27420,1.619131,0.426
27425,1.621145,0.512
27430,1.624773,0.404
27435,1.630691,0.517
27440,1.628446,0.445
27445,1.62508,0.5
27450,1.619824,0.422
27455,1.625146,0.489
27460,1.630476,0.56
27465,1.627506,0.496
27470,1.626045,0.606
27475,1.627199,0.424
27480,1.62569,0.626
27485,1.618679,0.478
27490,1.626267,0.422
27495,1.62667,0.422
27500,1.630091,0.449
27505,1.620993,0.431
27510,1.627685,0.459
27515,1.619652,0.549
27520,1.630796,0.393
27525,1.633957,0.441
27530,1.621081,0.422
27535,1.619028,0.486
27540,1.615889,0.465
27545,1.626683,0.571
27550,1.629208,0.419
27555,1.628987,0.472
27560,1.621229,0.5
27565,1.630873,0.522
27570,1.635542,0.718
27575,1.629311,0.419
27580,1.609878,0.535
27585,1.61406,0.599
27590,1.619343,0.564
27595,1.626624,0.527
27600,1.628396,0.466
27605,1.629947,0.476
27610,1.627631,0.46
27615,1.622284,0.437
27620,1.633608,0.441
27625,1.622703,0.511
27630,1.622809,0.6
27635,1.624133,0.472
27640,1.624795,0.443
27645,1.621742,0.495
27650,1.616399,0.619
27655,1.631003,0.421
27660,1.622326,0.577
27665,1.632699,0.46
27670,1.626239,0.46
27675,1.619527,0.445
27680,1.614036,0.429
27685,1.623833,0.468
27690,1.622793,0.52
27695,1.616391,0.693
27700,1.62394,0.432
27705,1.625327,0.447
27710,1.62402,0.421
27715,1.617152,0.44
27720,1.633047,0.645
27725,1.640989,0.514
27730,1.624521,0.504
27735,1.628523,0.47
27740,1.622087,0.465
27745,1.637769,0.548
27750,1.623388,0.422
27755,1.622522,0.504
27760,1.624346,0.454
27765,1.630606,0.393
27770,1.62645,0.458
27775,1.627764,0.441
27780,1.633232,0.525
27785,1.619693,0.539
27790,1.622999,0.467
27795,1.62384,0.55
27800,1.631752,0.505
27805,1.624083,0.401
27810,1.628817,0.472
27815,1.625849,0.572
27820,1.618575,0.471
27825,1.626234,0.441
27830,1.624303,0.467
27835,1.631128,0.426
27840,1.625979,0.459
27845,1.625217,0.469
27850,1.628219,0.41
27855,1.617204,0.513
27860,1.628643,0.393
27865,1.625863,0.444
27870,1.61514,0.515
27875,1.619164,0.396
27880,1.621866,0.435
27885,1.62328,0.509
27890,1.62127,0.447
27895,1.630643,0.47
27900,1.628855,0.456
27905,1.623593,0.471
27910,1.61605,0.447
27915,1.620383,0.409
27920,1.621489,0.43
27925,1.628888,0.936
27930,1.621186,0.391
27935,1.62159,0.509
27940,1.624883,1.216
27945,1.6164,0.37
27950,1.621505,0.442
27955,1.624591,0.439
27960,1.628538,0.445
27965,1.62441,0.485
27970,1.61615,0.543
27975,1.622421,0.474
27980,1.620657,0.403
27985,1.610814,0.418
27990,1.623261,0.456
27995,1.627259,0.409
28000,1.614577,0.572
28005,1.621914,0.482
28010,1.629676,0.453
28015,1.613912,0.429
28020,1.626756,0.595
28025,1.62625,0.555
28030,1.623721,0.555
28035,1.617972,0.479
28040,1.621987,0.593
28045,1.632066,0.533
28050,1.621656,0.662
28055,1.615963,0.41
28060,1.62437,0.449
28065,1.620603,0.408
28070,1.619963,0.501
28075,1.614879,0.549
28080,1.617712,0.482
28085,1.630084,0.551
28090,1.61995,0.459
28095,1.622349,0.499
28100,1.618592,0.558
28105,1.62167,0.493
28110,1.621073,0.392
28115,1.629763,0.605
28120,1.623122,0.786
28125,1.6234,0.619
28130,1.617519,0.498
28135,1.619975,0.379
28140,1.623819,0.429
28145,1.620601,0.566
28150,1.620842,0.448
28155,1.617005,0.368
28160,1.62216,0.529
28165,1.615331,0.435
28170,1.625434,0.464
28175,1.6192,0.453
28180,1.619763,0.449
28185,1.615743,0.469
28190,1.622429,0.483
28195,1.628914,0.417
28200,1.633508,0.467
28205,1.620859,0.48
28210,1.616496,0.47
28215,1.615973,0.529
28220,1.624688,0.445
28225,1.622463,0.471
28230,1.622164,0.458
28235,1.619567,0.509
28240,1.61994,0.461
28245,1.62205,0.461
28250,1.619141,0.387
28255,1.625491,0.456
28260,1.627723,0.619
28265,1.618852,0.547
28270,1.620327,0.437
28275,1.617461,0.546
28280,1.623502,0.376
28285,1.614921,0.525
28290,1.631721,0.518
28295,1.625862,0.635
28300,1.631078,0.538
28305,1.623346,0.47
28310,1.624142,0.446
28315,1.619621,0.489
28320,1.625835,0.432
28325,1.63719,0.457
28330,1.636632,0.392
28335,1.625916,0.444
28340,1.619144,0.522
28345,1.61957,0.628
28350,1.629195,0.479
28355,1.613442,0.482
28360,1.608734,0.577
28365,1.618746,0.394
28370,1.620579,0.556
28375,1.623004,0.417
28380,1.620902,0.41
28385,1.621158,0.448
28390,1.628824,0.513
28395,1.622729,0.46
28400,1.626159,0.546
28405,1.615912,0.456
28410,1.628065,0.499
28415,1.619075,0.575
28420,1.629819,0.436
28425,1.611325,0.399
28430,1.616414,0.483
28435,1.623112,0.505
28440,1.6155,0.52
28445,1.620893,0.465
28450,1.620311,0.481
28455,1.62143,0.467
28460,1.617582,0.671
28465,1.617971,0.481
28470,1.612315,0.546
28475,1.620412,0.395
28480,1.628347,0.374
28485,1.616017,0.41
28490,1.620574,0.476
28495,1.615736,0.396
28500,1.622044,0.464
28505,1.614397,0.54
28510,1.630031,0.512
28515,1.619572,0.546
28520,1.61693,0.497
28525,1.625378,0.41
28530,1.6128,0.398
28535,1.605662,0.549
28540,1.614266,0.515
28545,1.619227,0.439
28550,1.614209,0.584
28555,1.626807,0.541
28560,1.619137,0.457
28565,1.621605,0.439
28570,1.62728,0.422
28575,1.624533,0.561
28580,1.616007,0.503
28585,1.630071,0.417
28590,1.631903,0.375
28595,1.617397,0.521
28600,1.611782,0.451
28605,1.622021,0.496
28610,1.621768,0.439
28615,1.618705,0.436
28620,1.619603,0.431
28625,1.61985,0.513
28630,1.625369,0.41
28635,1.617825,0.526
28640,1.619119,0.526
28645,1.616979,0.374
28650,1.629883,0.446
28655,1.622594,0.427
28660,1.615632,0.465
28665,1.611689,0.548
28670,1.62635,0.547
28675,1.617832,0.462
28680,1.620928,0.444
28685,1.618641,0.445
28690,1.622564,0.462
28695,1.614648,0.508
28700,1.615827,0.464
28705,1.619722,0.579
28710,1.614636,0.433
28715,1.618236,0.449
28720,1.621332,0.474
28725,1.625076,0.446
28730,1.620817,0.462
28735,1.614545,0.453
28740,1.612892,0.484
28745,1.621924,0.391
28750,1.625346,0.458
28755,1.614254,0.482
28760,1.60989,0.514
28765,1.617573,0.495
28770,1.616374,0.722
28775,1.62013,0.527
28780,1.620964,0.656
28785,1.613545,0.416
28790,1.619002,0.413
28795,1.633031,0.565
28800,1.622545,0.402
28805,1.61485,0.489
28810,1.622861,0.469
28815,1.624661,0.511
28820,1.621932,0.402
28825,1.616077,0.518
28830,1.626091,0.402
28835,1.622196,0.443
28840,1.619158,0.512
28845,1.609924,0.452
28850,1.612522,0.442
28855,1.623808,0.555
28860,1.618516,0.535
28865,1.624144,0.489
28870,1.623012,0.578
28875,1.618064,0.516
28880,1.620811,0.458
28885,1.619718,0.467
28890,1.628988,0.49
28895,1.62307,0.664
28900,1.619479,0.466
28905,1.617803,0.428
28910,1.609683,0.447
28915,1.616573,0.431
28920,1.623569,0.463
28925,1.619898,0.455
28930,1.620371,0.504
28935,1.62473,0.462
28940,1.615329,0.389
28945,1.621877,0.399
28950,1.623406,0.618
28955,1.612963,0.453
28960,1.619205,0.513
28965,1.613838,0.475
28970,1.612055,0.538
28975,1.62489,0.51
28980,1.61694,0.513
28985,1.613945,0.449
28990,1.624584,0.856
28995,1.604173,0.806
29000,1.623058,0.63
29005,1.617639,0.482
29010,1.618516,0.433
29015,1.609456,0.465
29020,1.616502,0.507
29025,1.605313,0.403
29030,1.616238,0.397
29035,1.620393,0.502
29040,1.611831,0.456
29045,1.61872,0.455
29050,1.622407,0.397
29055,1.618437,0.487
29060,1.61986,0.418
29065,1.605325,0.481
29070,1.613604,0.395
29075,1.620343,0.455
29080,1.611279,0.422
29085,1.614276,0.553
29090,1.612459,0.464
29095,1.616171,0.439
29100,1.618028,0.517
29105,1.60504,0.504
29110,1.621751,0.482
29115,1.618331,0.451
29120,1.616494,0.658
29125,1.616634,0.984
29130,1.614701,0.611
29135,1.615028,0.419
29140,1.611455,0.541
29145,1.615146,0.519
29150,1.617122,0.432
29155,1.619795,0.411
29160,1.610273,0.442
29165,1.617761,0.408
29170,1.614883,0.497
29175,1.614106,0.535
29180,1.61721,0.423
29185,1.609169,0.507
29190,1.620786,0.466
29195,1.615868,0.59
29200,1.628043,0.425
29205,1.611868,0.488
29210,1.609907,0.434
29215,1.612062,0.513
29220,1.620096,0.463
29225,1.621084,0.385
29230,1.612977,0.537
29235,1.616982,0.66
29240,1.616988,0.503
29245,1.616722,0.465
29250,1.615458,0.425
29255,1.619407,0.544
29260,1.620786,0.515
29265,1.611795,0.461
29270,1.615873,0.489
29275,1.623078,0.468
29280,1.608563,0.444
29285,1.614,0.392
29290,1.614453,0.412
29295,1.623266,0.47
29300,1.609893,0.406
29305,1.615502,0.483
29310,1.612981,0.663
29315,1.612041,0.452
29320,1.618131,0.444
29325,1.60985,0.406
29330,1.615785,0.623
29335,1.621733,0.501
29340,1.61292,0.668
29345,1.615926,0.495
29350,1.614923,0.489
29355,1.610394,0.405
29360,1.60985,0.505
29365,1.621047,0.61
29370,1.619804,0.417
29375,1.607516,0.471
29380,1.618672,0.558
29385,1.611311,0.536
29390,1.621611,0.561
29395,1.620877,0.422
29400,1.619644,0.443
29405,1.610343,0.465
29410,1.618184,0.452
29415,1.611514,0.428
29420,1.612244,0.405
29425,1.614233,0.448
29430,1.604729,0.442
29435,1.617071,0.409
29440,1.605448,0.458
29445,1.620248,0.552
29450,1.614825,0.508
29455,1.613297,0.482
29460,1.617381,0.491
29465,1.598149,0.47
29470,1.617385,0.469
29475,1.61461,0.438
29480,1.616883,0.499
29485,1.62131,0.585
29490,1.614182,0.44
29495,1.606412,0.592
29500,1.612859,0.497
29505,1.620354,0.701
29510,1.609741,0.567
29515,1.617888,0.437
29520,1.616422,0.461
29525,1.6101,0.54
29530,1.61765,0.563
29535,1.609358,0.929
29540,1.610458,0.45
29545,1.610437,0.416
29550,1.621739,0.57
29555,1.605536,0.413
29560,1.605241,0.493
29565,1.614292,0.401
29570,1.620191,0.431
29575,1.608854,0.408
29580,1.609194,0.585
29585,1.609926,0.398
29590,1.620335,0.45
29595,1.610106,0.421
29600,1.613138,0.451
29605,1.622843,0.449
29610,1.625894,0.454
29615,1.624963,0.459
29620,1.617927,0.497
29625,1.606837,0.445
29630,1.615695,0.527
29635,1.611041,0.614
29640,1.609962,0.466
29645,1.613244,0.526
29650,1.615814,0.458
29655,1.616331,0.411
29660,1.604758,0.5
29665,1.614868,0.423
29670,1.612214,0.46
29675,1.610724,0.422
29680,1.618117,0.543
29685,1.611113,0.557
29690,1.60217,0.462
29695,1.622435,0.446
29700,1.611258,0.472
29705,1.615414,0.493
29710,1.612541,0.426
29715,1.608708,0.491
29720,1.612914,0.465
29725,1.614842,0.517
29730,1.615815,0.524
29735,1.604116,0.515
29740,1.606073,0.464
29745,1.602888,0.475
29750,1.609077,0.421
29755,1.62086,0.515
29760,1.609466,0.421
29765,1.604493,0.446
29770,1.613511,0.488
29775,1.609038,0.544
29780,1.614512,0.463
29785,1.615817,0.409
29790,1.622573,0.444
29795,1.615155,0.443
29800,1.611694,0.486
29805,1.615457,0.432
29810,1.606265,0.409
29815,1.610856,0.444
29820,1.621924,0.473
29825,1.615862,0.476
29830,1.610704,0.494
29835,1.617225,0.465
29840,1.604156,0.511
29845,1.613966,0.45
29850,1.617435,0.557
29855,1.601821,0.625
29860,1.609753,0.467
29865,1.60371,0.486
29870,1.621776,0.408
29875,1.608437,0.412
29880,1.607657,0.492
29885,1.610383,0.437
29890,1.611406,0.464
29895,1.606814,0.49
29900,1.607555,0.545
29905,1.617672,0.462
29910,1.61034,0.511
29915,1.616391,0.39
29920,1.613392,0.447
29925,1.612148,0.503
29930,1.614018,0.514
29935,1.615656,0.489
29940,1.610504,0.468
29945,1.617575,0.455
29950,1.613803,0.74
29955,1.621922,0.479
29960,1.612614,0.52
29965,1.610608,0.675
29970,1.612635,0.581
29975,1.618113,0.559
29980,1.614926,0.419
29985,1.607927,0.462
29990,1.605851,0.494
29995,1.61127,0.463
30000,1.606768,0.47
30005,1.615172,0.519
30010,1.615271,0.46
30015,1.617276,0.489
30020,1.618152,0.416
30025,1.611219,0.439
30030,1.611053,0.453
30035,1.620584,0.439
30040,1.614854,0.428
30045,1.615663,0.584
30050,1.605394,0.448
30055,1.606269,0.476
30060,1.614183,0.469
30065,1.599055,0.414
30070,1.609244,0.4
30075,1.617788,0.425
30080,1.615411,0.463
30085,1.608497,0.425
30090,1.610236,0.485
30095,1.605993,0.45
30100,1.605507,0.445
30105,1.605076,0.497
30110,1.613834,0.47
30115,1.613886,0.433
30120,1.60805,0.573
30125,1.615612,0.49
30130,1.60741,0.497
30135,1.607927,0.455
30140,1.617992,0.434
30145,1.611601,0.455
30150,1.618209,0.575
30155,1.607529,0.422
30160,1.616884,0.47
30165,1.610223,0.569
30170,1.606717,0.439
30175,1.616145,0.46
30180,1.608941,0.47
30185,1.60398,0.413
30190,1.614983,0.492
30195,1.613561,0.426
30200,1.609996,0.417
30205,1.609634,0.449
30210,1.615204,0.466
30215,1.604838,0.497
30220,1.619267,0.446
30225,1.614151,0.429
30230,1.612563,0.436
30235,1.616301,0.488
30240,1.618945,0.503
30245,1.613974,0.463
30250,1.619438,0.548
30255,1.611307,0.485
30260,1.612654,0.523
30265,1.60654,0.434
30270,1.611758,0.406
30275,1.613053,0.443
30280,1.612131,0.512
30285,1.610983,0.427
30290,1.601943,0.67
30295,1.608753,0.526
30300,1.616005,0.442
30305,1.607236,0.56
30310,1.601219,0.45
30315,1.615855,0.458
30320,1.611933,0.474
30325,1.61476,0.494
30330,1.603969,0.408
30335,1.615161,0.8
30340,1.6164,0.627
30345,1.603391,0.496
30350,1.605382,0.449
30355,1.604773,0.458
30360,1.604511,0.483
30365,1.61117,0.464
30370,1.616475,0.484
30375,1.611304,0.446
30380,1.606146,0.41
30385,1.614154,0.43
30390,1.608922,0.496
30395,1.61539,0.72
30400,1.615155,0.755
30405,1.612152,0.592
30410,1.617192,0.519
30415,1.608522,0.514
30420,1.602935,0.394
30425,1.613192,0.458
30430,1.600721,0.437
30435,1.616674,0.501
30440,1.610817,0.417
30445,1.616188,0.428
30450,1.607096,0.423
30455,1.607582,0.468
30460,1.61052,0.456
30465,1.608654,0.397
30470,1.613004,0.479
30475,1.617384,0.39
30480,1.603445,0.468
30485,1.614157,0.543
30490,1.61846,0.47
30495,1.607451,0.446
30500,1.600637,0.603
30505,1.597888,0.453
30510,1.616702,0.601
30515,1.598884,0.441
30520,1.61244,0.39
30525,1.612877,0.453
30530,1.617768,0.453
30535,1.602103,0.479
30540,1.617823,0.623
30545,1.606896,0.603
30550,1.611746,0.501
30555,1.605652,0.463
30560,1.618798,0.464
30565,1.601428,0.396
30570,1.618526,0.451
30575,1.602591,0.461
30580,1.600312,0.458
30585,1.609809,0.458
30590,1.609008,0.423
30595,1.611168,0.483
30600,1.60179,0.656
30605,1.61423,0.445
30610,1.614765,0.448
30615,1.608886,0.498
30620,1.611506,0.456
30625,1.599193,0.411
30630,1.603875,0.484
30635,1.607166,0.479
30640,1.606583,0.417
30645,1.612199,0.473
30650,1.610538,0.514
30655,1.609909,0.44
30660,1.596328,0.416
30665,1.603688,0.537
30670,1.608391,0.459
30675,1.607392,0.548
30680,1.612254,0.398
30685,1.600521,0.751
30690,1.611489,0.839
30695,1.600092,0.493
30700,1.604084,0.375
30705,1.605393,0.419
30710,1.610262,0.414
30715,1.617728,0.435
30720,1.604915,0.468
30725,1.604547,0.516
30730,1.611947,0.451
30735,1.600921,0.401
30740,1.603267,0.385
30745,1.61059,0.605
30750,1.61277,0.557
30755,1.607962,0.446
30760,1.614301,0.401
30765,1.607505,0.449
30770,1.6114,0.569
30775,1.613128,0.508
30780,1.614548,0.484
30785,1.611243,0.453
30790,1.601334,0.463
30795,1.609231,0.459
30800,1.606643,0.453
30805,1.611459,0.433
30810,1.606942,0.627
30815,1.61321,0.483
30820,1.600749,0.566
30825,1.604123,0.474
30830,1.60711,0.49
30835,1.61528,0.44
30840,1.612108,0.451
30845,1.606925,0.414
30850,1.610811,0.554
30855,1.602612,0.527
30860,1.60385,0.452
30865,1.612775,0.514
30870,1.611062,0.446
30875,1.618326,0.39
30880,1.610159,0.531
30885,1.611506,0.427
30890,1.606724,0.457
30895,1.606856,0.388
30900,1.603419,0.428
30905,1.606254,0.436
30910,1.610747,0.412
30915,1.604093,0.529
30920,1.613439,0.412
30925,1.606605,0.432
30930,1.606167,0.443
30935,1.613495,0.594
30940,1.608311,0.499
30945,1.603342,0.447
30950,1.610991,0.463
30955,1.611514,0.42
30960,1.602561,0.433
30965,1.602446,0.48
30970,1.599214,0.416
30975,1.609296,0.44
30980,1.619096,0.461
30985,1.599856,0.454
30990,1.601069,0.519
30995,1.602213,0.477
31000,1.610248,0.474
31005,1.610144,0.46
31010,1.603726,0.419
31015,1.607176,0.405
31020,1.600568,0.553
31025,1.613716,0.509
31030,1.603592,0.43
31035,1.607001,0.438
31040,1.609301,0.422
31045,1.606061,0.426
31050,1.605633,0.519
31055,1.604133,0.399
31060,1.601371,0.428
31065,1.603195,0.463
31070,1.609063,0.433
31075,1.599835,0.388
31080,1.609175,0.425
31085,1.604462,0.45
31090,1.609509,0.525
31095,1.605627,0.463
31100,1.609534,0.427
31105,1.601419,0.469
31110,1.609648,0.434
31115,1.600877,0.436
31120,1.610841,0.536
31125,1.605994,0.463
31130,1.606022,0.487
31135,1.606688,0.461
31140,1.602881,0.425
31145,1.599369,0.442
31150,1.603176,0.542
31155,1.610544,0.463
31160,1.60596,0.438
31165,1.603426,0.404
31170,1.603388,0.504
31175,1.611003,0.457
31180,1.600076,0.432
31185,1.612768,0.441
31190,1.617732,0.449
31195,1.607857,0.41
31200,1.604926,0.42
31205,1.608226,0.532
31210,1.610684,0.398
31215,1.601511,0.445
31220,1.611706,0.424
31225,1.60299,0.457
31230,1.605043,0.416
31235,1.606306,0.407
31240,1.608331,0.416
31245,1.611498,0.498
31250,1.606402,0.394
31255,1.606695,0.408
31260,1.603446,0.392
31265,1.607042,0.533
31270,1.60602,0.556
31275,1.600723,0.474
31280,1.60237,0.446
31285,1.614286,0.534
31290,1.600563,0.542
31295,1.611803,0.415
31300,1.608339,0.403
31305,1.606107,0.607
31310,1.604863,6.391
31315,1.605505,0.703
31320,1.612606,0.48
31325,1.607682,0.437
31330,1.601339,0.385
31335,1.595516,0.475
31340,1.603199,0.644
31345,1.615147,0.554
31350,1.60734,0.399
31355,1.608648,0.389
31360,1.603654,0.406
31365,1.603177,0.421
31370,1.612794,0.549
31375,1.605392,0.541
31380,1.615555,0.594
31385,1.608769,0.453
31390,1.611727,0.482
31395,1.607752,0.424
31400,1.612278,0.416
31405,1.601946,0.469
31410,1.61815,0.416
31415,1.60993,0.376
31420,1.610427,0.425
31425,1.607884,0.413
31430,1.609209,0.509
31435,1.609761,0.483
31440,1.600522,0.498
31445,1.61948,0.394
31450,1.606241,0.402
31455,1.611061,0.431
31460,1.611256,0.585
31465,1.604425,0.463
31470,1.60821,0.455
31475,1.60901,0.549
31480,1.611674,0.444
31485,1.605272,0.42
31490,1.603195,0.413
31495,1.601023,0.478
31500,1.611127,0.505
31505,1.607487,0.464
31510,1.603615,0.58
31515,1.599929,0.498
31520,1.603231,0.471
31525,1.608796,0.426
31530,1.61146,0.473
31535,1.600177,0.552
31540,1.601331,0.517
31545,1.601273,0.437
31550,1.604807,0.418
31555,1.599679,0.437
31560,1.610508,0.519
31565,1.607297,0.537
31570,1.597929,0.519
31575,1.603753,0.422
31580,1.617315,0.43
31585,1.597934,0.451
31590,1.608104,0.493
31595,1.608166,0.561
31600,1.604388,0.43
31605,1.606414,0.419
31610,1.606345,0.393
31615,1.606518,0.525
31620,1.611244,0.471
31625,1.607103,0.442
31630,1.60371,0.412
31635,1.611409,0.491
31640,1.606389,0.498
31645,1.608184,0.458
31650,1.608757,0.428
31655,1.617199,0.562
31660,1.606613,0.602
31665,1.607773,0.466
31670,1.595616,0.429
31675,1.59669,0.477
31680,1.594369,0.448
31685,1.607287,0.456
31690,1.607806,0.445
31695,1.599921,0.476
31700,1.600214,0.502
31705,1.605601,0.477
31710,1.597695,0.478
31715,1.60879,0.473
31720,1.600705,0.46
31725,1.603422,0.648
31730,1.600638,0.423
31735,1.604249,0.498
31740,1.604188,0.505
31745,1.605606,0.417
31750,1.603016,0.48
31755,1.608851,0.43
31760,1.603323,0.475
31765,1.605225,0.479
31770,1.602716,0.59
31775,1.607481,0.485
31780,1.607911,0.545
31785,1.601085,0.459
31790,1.603563,0.512
31795,1.60849,0.462
31800,1.604666,0.43
31805,1.603214,0.462
31810,1.602988,0.438
31815,1.606072,0.41
31820,1.603503,0.526
31825,1.616187,0.552
31830,1.612516,0.442
31835,1.604427,0.447
31840,1.607011,0.53
31845,1.609128,0.47
31850,1.604472,0.471
31855,1.605291,0.484
31860,1.603386,0.447
31865,1.612042,0.819
31870,1.611751,0.536
31875,1.599434,0.443
31880,1.59958,0.416
31885,1.601455,0.414
31890,1.606363,0.439
31895,1.605458,0.83
31900,1.594227,0.455
31905,1.603678,0.438
31910,1.610428,0.453
31915,1.605952,0.683
31920,1.600008,0.422
31925,1.608298,0.409
31930,1.604135,0.447
31935,1.600089,0.485
31940,1.606527,0.473
31945,1.601697,0.421
31950,1.599259,0.4
31955,1.603781,0.463
31960,1.608615,0.438
31965,1.607609,0.471
31970,1.608395,0.443
31975,1.598528,0.463
31980,1.600379,0.434
31985,1.600005,0.43
31990,1.601603,0.461
31995,1.611256,0.475
32000,1.600214,0.486
32005,1.602819,0.397
32010,1.61169,0.437
32015,1.611752,0.418
32020,1.607992,0.474
32025,1.599735,0.471
32030,1.60932,0.433
32035,1.606425,0.544
32040,1.601703,0.405
32045,1.601189,0.464
32050,1.598288,0.446
32055,1.609455,0.508
32060,1.603756,0.446
32065,1.607462,0.539
32070,1.609599,0.498
32075,1.607323,0.714
32080,1.601233,0.441
32085,1.599132,0.525
32090,1.602283,0.427
32095,1.60995,0.437
32100,1.605953,0.46
32105,1.618698,0.488
32110,1.612807,0.565
32115,1.617849,0.434
32120,1.608114,0.498
32125,1.605776,0.582
32130,1.607345,0.465
32135,1.594958,0.464
32140,1.600094,0.459
32145,1.593713,0.48
32150,1.610541,0.464
32155,1.600511,0.493
32160,1.596361,0.464
32165,1.60585,0.465
32170,1.610233,0.407
32175,1.606309,0.51
32180,1.613357,0.433
32185,1.608074,0.464
32190,1.607165,0.413
32195,1.607006,0.527
32200,1.602848,0.544
32205,1.608039,0.469
32210,1.596732,0.514
32215,1.606722,0.5
32220,1.59954,0.415
32225,1.60776,0.569
32230,1.60167,0.459
32235,1.600925,0.622
32240,1.6025,0.544
32245,1.607544,0.561
32250,1.604745,0.423
32255,1.599905,0.415
32260,1.605618,0.439
32265,1.603212,0.455
32270,1.603184,0.453
32275,1.61012,0.468
32280,1.609233,0.473
32285,1.60706,0.429
32290,1.606199,0.442
32295,1.60042,0.534
32300,1.605711,0.521
32305,1.605328,0.418
32310,1.596195,0.6
32315,1.602998,0.446
32320,1.617741,0.53
32325,1.600829,0.488
32330,1.602606,0.495
32335,1.602376,0.416
32340,1.599257,0.458
32345,1.607535,0.512
32350,1.595782,0.534
32355,1.613139,0.46
32360,1.613352,0.453
32365,1.597358,0.552
32370,1.599405,0.435
32375,1.613476,0.431
32380,1.603962,0.481
32385,1.606179,0.414
32390,1.603531,0.463
32395,1.608863,0.565
32400,1.606809,0.546
32405,1.610654,0.519
32410,1.604078,0.405
32415,1.603184,0.489
32420,1.611602,0.452
32425,1.604341,0.488
32430,1.599252,0.552
32435,1.601933,0.491
32440,1.597392,0.434
32445,1.607031,0.55
32450,1.624735,0.437
32455,1.60474,0.476
32460,1.604787,0.633
32465,1.609307,0.584
32470,1.596449,0.502
32475,1.599671,0.478
32480,1.599236,0.55
32485,1.602669,0.478
32490,1.602584,0.473
32495,1.606081,0.419
32500,1.60447,0.407
32505,1.607275,0.423
32510,1.608301,0.439
32515,1.605834,0.462
32520,1.603617,0.483
32525,1.607284,0.445
32530,1.603328,0.466
32535,1.606783,0.425
32540,1.603645,0.519
32545,1.603469,0.688
32550,1.601772,0.48
32555,1.603532,0.419
32560,1.601255,0.411
32565,1.600525,0.501
32570,1.606452,0.484
32575,1.609702,3.191
32580,1.613797,0.586
32585,1.598756,0.44
32590,1.605445,0.461
32595,1.60577,0.476
32600,1.610101,0.429
32605,1.601161,0.446
32610,1.600775,0.466
32615,1.605622,0.484
32620,1.597858,0.483
32625,1.599494,0.452
32630,1.600173,0.55
32635,1.610195,0.452
32640,1.610287,0.46
32645,1.604477,0.47
32650,1.604696,0.512
32655,1.598414,0.388
32660,1.609735,0.428
32665,1.61241,0.475
32670,1.600709,0.452
32675,1.610401,0.543
32680,1.604057,0.424
32685,1.601793,0.496
32690,1.60238,0.562
32695,1.60585,0.47
32700,1.60626,0.496
32705,1.591977,0.513
32710,1.59612,0.54
32715,1.611888,0.51
32720,1.598043,0.468
32725,1.602469,0.428
32730,1.60498,0.564
32735,1.597194,0.451
32740,1.597543,0.489
32745,1.610074,0.486
32750,1.599923,0.5
32755,1.604483,0.453
32760,1.608764,0.55
32765,1.598062,0.453
32770,1.601631,0.457
32775,1.599839,0.519
32780,1.599301,0.475
32785,1.60002,0.552
32790,1.600006,0.511
32795,1.600397,0.49
32800,1.606587,0.436
32805,1.605571,0.417
32810,1.607438,0.548
32815,1.613906,0.466
32820,1.603907,0.509
32825,1.612989,0.521
32830,1.604455,0.843
32835,1.596549,0.61
32840,1.605351,0.469
32845,1.614358,0.464
32850,1.603955,0.508
32855,1.591365,0.465
32860,1.599848,0.54
32865,1.607282,0.458
32870,1.595922,0.543
32875,1.612044,0.436
32880,1.603831,0.455
32885,1.606095,0.538
32890,1.599936,0.53
32895,1.602563,0.44
32900,1.597244,0.448
32905,1.598587,0.443
32910,1.603244,0.461
32915,1.595154,0.462
32920,1.596828,0.412
32925,1.604607,0.477
32930,1.601791,0.489
32935,1.609068,0.539
32940,1.603204,0.463
32945,1.608517,0.807
32950,1.601479,0.586
32955,1.605381,0.477
32960,1.604708,0.506
32965,1.599092,0.489
32970,1.607605,0.473
32975,1.602257,0.477
32980,1.603735,0.455
32985,1.602093,0.478
32990,1.595747,0.414
32995,1.604901,0.499
33000,1.609776,0.579
33005,1.603305,0.556
33010,1.610818,0.478
33015,1.603063,0.425
33020,1.607615,0.528
33025,1.603595,0.47
33030,1.608963,0.605
33035,1.603924,0.435
33040,1.60186,0.488
33045,1.600379,0.582
33050,1.606312,0.55
33055,1.604598,0.491
33060,1.594007,0.414
33065,1.603397,0.486
33070,1.601371,0.659
33075,1.604847,0.695
33080,1.610672,0.436
33085,1.602732,0.396
33090,1.605582,0.468
33095,1.603601,0.569
33100,1.605711,0.469
33105,1.598765,0.556
33110,1.608821,0.743
33115,1.599977,0.458
33120,1.596125,0.461
33125,1.606884,0.471
33130,1.598277,0.478
33135,1.595512,0.555
33140,1.605233,0.67
33145,1.602364,0.442
33150,1.610795,0.471
33155,1.603752,0.528
33160,1.611141,0.416
33165,1.609866,0.442
33170,1.609902,0.521
33175,1.606565,0.507
33180,1.606393,0.599
33185,1.602579,0.58
33190,1.599837,0.532
33195,1.604354,0.488
33200,1.612345,0.437
33205,1.60237,0.428
33210,1.594126,0.441
33215,1.590948,0.527
33220,1.604789,0.447
33225,1.603501,0.397
33230,1.598516,0.508
33235,1.609343,0.391
33240,1.599368,0.514
33245,1.60321,0.471
33250,1.600638,0.444
33255,1.600761,0.484
33260,1.600639,0.496
33265,1.603279,0.447
33270,1.606154,0.455
33275,1.60064,0.572
33280,1.598144,0.525
33285,1.602859,0.53
33290,1.598891,0.437
33295,1.598744,0.464
33300,1.605132,0.458
33305,1.603972,0.519
33310,1.60059,0.484
33315,1.600931,0.466
33320,1.605397,0.555
33325,1.597665,0.546
33330,1.610767,0.527
33335,1.599171,0.529
33340,1.596528,0.483
33345,1.605673,0.489
33350,1.592765,0.57
33355,1.601967,0.561
33360,1.602169,0.512
33365,1.599986,0.511
33370,1.610384,0.521
33375,1.599223,0.528
33380,1.604278,0.465
33385,1.609861,0.489
33390,1.595607,0.521
33395,1.612291,0.465
33400,1.603141,0.701
33405,1.600356,0.609
33410,1.60274,0.476
33415,1.609512,0.427
33420,1.601468,0.461
33425,1.600741,0.53
33430,1.601193,0.52
33435,1.602455,0.44
33440,1.593397,0.666
33445,1.600034,0.413
33450,1.595115,0.455
33455,1.610766,0.444
33460,1.600566,0.412
33465,1.595344,0.443
33470,1.598513,0.444
33475,1.592173,0.418
33480,1.598406,0.509
33485,1.61726,0.491
33490,1.607074,0.467
33495,1.605145,0.604
33500,1.595294,0.477
33505,1.601177,0.456
33510,1.595432,0.452
33515,1.595907,0.508
33520,1.605037,0.524
33525,1.598355,0.451
33530,1.606364,0.492
33535,1.594513,0.551
33540,1.606011,0.407
33545,1.605388,0.679
33550,1.600094,0.477
33555,1.599637,0.786
33560,1.609024,0.549
33565,1.603905,0.591
33570,1.599765,0.481
33575,1.595752,0.612
33580,1.607226,0.521
33585,1.596841,0.459
33590,1.600886,0.449
33595,1.599448,0.567
33600,1.595012,0.585
33605,1.601389,0.417
33610,1.597851,0.48
33615,1.605105,0.567
33620,1.603072,0.508
33625,1.604501,0.407
33630,1.596351,0.442
33635,1.606961,0.504
33640,1.606785,0.431
33645,1.605446,0.456
33650,1.5946,0.522
33655,1.601712,0.491
33660,1.607215,0.733
33665,1.602644,0.468
33670,1.598458,0.541
33675,1.589253,0.455
33680,1.596004,0.474
33685,1.592988,0.505
33690,1.604353,0.88
33695,1.601585,0.526
33700,1.600779,0.469
33705,1.60362,0.552
33710,1.599061,0.535
33715,1.598457,0.428
33720,1.597855,0.483
33725,1.602443,0.461
33730,1.604485,0.504
33735,1.595523,0.498
33740,1.603687,0.525
33745,1.600292,0.432
33750,1.602858,0.519
33755,1.608031,0.471
33760,1.600402,0.454
33765,1.60689,0.46
33770,1.61131,0.558
33775,1.601791,0.525
33780,1.596514,0.476
33785,1.599273,0.599
33790,1.602623,0.586
33795,1.59978,0.477
33800,1.601116,0.479
33805,1.585442,0.553
33810,1.610884,0.47
33815,1.604778,0.503
33820,1.605575,0.531
33825,1.603782,0.464
33830,1.604075,0.521
33835,1.602159,0.746
33840,1.603601,0.468
33845,1.59981,0.507
33850,1.587142,0.424
33855,1.604135,0.462
33860,1.587371,0.575
33865,1.611972,0.475
33870,1.59718,0.421
33875,1.59699,0.588
33880,1.596917,0.438
33885,1.5954,0.397
33890,1.613004,0.538
33895,1.594607,0.441
33900,1.603032,0.504
33905,1.599003,0.602
33910,1.598353,0.516
33915,1.606905,0.453
33920,1.601207,0.461
33925,1.596639,0.461
33930,1.600671,0.54
33935,1.600599,0.431
33940,1.592515,0.729
33945,1.600216,0.516
33950,1.604301,0.521
33955,1.60128,0.45
33960,1.603323,0.542
33965,1.597969,0.416
33970,1.597494,0.457
33975,1.603302,0.482
33980,1.604749,0.433
33985,1.596836,0.567
33990,1.600552,0.536
33995,1.597721,0.507
34000,1.597985,0.671
34005,1.596332,0.545
34010,1.602552,0.489
34015,1.592811,0.567
34020,1.608265,0.544
34025,1.605951,0.524
34030,1.600471,0.553
34035,1.60304,0.49
34040,1.590362,0.469
34045,1.594716,0.421
34050,1.599493,0.533
34055,1.599111,0.56
34060,1.595298,0.611
34065,1.598314,0.456
34070,1.602774,0.523
34075,1.588664,0.482
34080,1.605881,0.474
34085,1.604058,0.485
34090,1.603944,0.424
34095,1.595337,0.61
34100,1.59907,0.541
34105,1.598413,0.439
34110,1.604527,0.462
34115,1.598569,0.499
34120,1.602411,0.563
34125,1.598861,0.558
34130,1.596791,0.442
34135,1.5994,0.543
34140,1.597071,0.53
34145,1.608226,0.716
34150,1.60314,0.427
34155,1.600868,0.507
34160,1.607702,0.472
34165,1.601812,0.508
34170,1.605444,0.437
34175,1.602073,0.755
34180,1.596375,0.477
34185,1.606624,0.555
34190,1.594464,0.543
34195,1.596004,0.455
34200,1.601461,0.487
34205,1.594753,0.438
34210,1.607144,0.469
34215,1.600268,0.443
34220,1.602432,0.47
34225,1.603056,0.542
34230,1.608298,0.533
34235,1.593709,0.571
34240,1.593318,0.503
34245,1.5963,0.454
34250,1.59616,0.519
34255,1.594351,0.488
34260,1.59533,0.48
34265,1.600671,0.502
34270,1.598253,0.517
34275,1.602501,0.566
34280,1.601493,0.52
34285,1.597698,0.414
34290,1.596101,0.541
34295,1.599425,0.501
34300,1.593451,0.529
34305,1.601036,0.534
34310,1.597175,0.518
34315,1.598065,0.472
34320,1.610087,0.513
34325,1.598118,0.581
34330,1.597833,0.543
34335,1.610152,0.52
34340,1.598386,0.499
34345,1.603112,0.426
34350,1.597908,0.566
34355,1.609684,0.484
34360,1.605124,0.621
34365,1.606687,0.522
34370,1.596773,0.405
34375,1.594882,0.616
34380,1.596856,0.574
34385,1.599217,0.468
34390,1.602029,0.674
34395,1.603255,0.787
34400,1.603831,0.534
34405,1.602274,0.663
34410,1.594966,0.489
34415,1.59239,0.492
34420,1.597039,0.455
34425,1.594143,0.497
34430,1.599416,0.505
34435,1.605379,0.45
34440,1.5999,0.478
34445,1.60326,0.557
34450,1.598419,0.565
34455,1.620404,0.785
34460,1.613103,0.632
34465,1.605569,0.452
34470,1.608203,0.425
34475,1.614027,0.428
34480,1.602774,0.586
34485,1.610337,0.489
34490,1.606649,0.484
34495,1.6033,0.525
34500,1.610853,5.068
34505,1.603308,0.487
34510,1.599568,0.583
34515,1.607104,0.531
34520,1.609492,0.503
34525,1.598881,0.623
34530,1.607883,0.419
34535,1.598493,0.525
34540,1.599854,0.469
34545,1.602478,0.458
34550,1.606812,0.572
34555,1.604577,0.606
34560,1.598322,0.482
34565,1.609003,0.534
34570,1.600544,0.48
34575,1.605948,0.405
34580,1.602452,0.527
34585,1.601308,0.436
34590,1.601697,0.472
34595,1.60123,0.596
34600,1.600883,0.6
34605,1.60904,0.483
34610,1.608877,0.488
34615,1.596394,0.437
34620,1.603712,0.629
34625,1.601266,0.499
34630,1.602156,0.484
34635,1.600419,0.534
34640,1.590539,0.479
34645,1.604193,0.505
34650,1.600249,0.448
34655,1.608565,0.48
34660,1.599339,0.551
34665,1.614885,0.462
34670,1.598667,0.437
34675,1.601002,0.465
34680,1.603201,0.455
34685,1.605612,0.46
34690,1.599634,0.528
34695,1.605948,0.642
34700,1.599854,0.529
34705,1.604428,0.534
34710,1.607145,0.416
34715,1.600368,0.442
34720,1.603173,0.506
34725,1.600913,0.448
34730,1.599916,0.47
34735,1.602011,0.708
34740,1.610771,0.445
34745,1.594281,0.543
34750,1.605261,0.632
34755,1.604536,1.039
34760,1.601601,0.607
34765,1.602334,0.524
34770,1.592009,0.474
34775,1.603753,0.437
34780,1.602755,0.588
34785,1.592176,0.542
34790,1.599018,0.423
34795,1.59417,0.55
34800,1.591663,0.589
34805,1.600227,0.466
34810,1.612173,0.51
34815,1.606976,0.513
34820,1.60164,0.566
34825,1.605548,0.502
34830,1.601476,0.523
34835,1.596773,0.615
34840,1.595835,0.504
34845,1.607154,0.444
34850,1.601802,0.481
34855,1.599136,0.501
34860,1.597568,0.472
34865,1.601152,0.627
34870,1.603546,0.489
34875,1.596163,0.488
34880,1.608637,0.438
34885,1.606187,0.556
34890,1.596419,0.484
34895,1.602765,0.485
34900,1.588292,0.525
34905,1.585432,0.482
34910,1.59844,0.472
34915,1.597831,0.459
34920,1.59859,0.525
34925,1.600717,0.443
34930,1.598672,0.47
34935,1.608679,0.578
34940,1.593583,0.57
34945,1.594316,0.393
34950,1.590725,0.489
34955,1.593387,0.687
34960,1.605106,0.478
34965,1.603255,0.436
34970,1.595416,0.655
34975,1.598062,0.508
34980,1.601204,0.567
34985,1.601176,0.565
34990,1.60831,0.437
34995,1.604978,0.462
35000,1.597474,0.428
35005,1.60175,0.422
35010,1.602148,0.593
35015,1.598857,0.454
35020,1.604536,0.464
35025,1.594553,0.492
35030,1.601345,0.519
35035,1.601208,0.529
35040,1.59657,0.467
35045,1.604539,0.448
35050,1.597038,0.457
35055,1.603515,0.515
35060,1.598675,0.462
35065,1.607037,0.444
35070,1.600069,0.549
35075,1.598612,0.615
35080,1.599976,0.524
35085,1.606001,0.523
35090,1.601993,0.481
35095,1.597415,0.476
35100,1.596115,0.474
35105,1.59804,0.503
35110,1.606776,0.464
35115,1.601316,0.56
35120,1.60435,0.447
35125,1.607594,0.488
35130,1.601126,0.577
35135,1.595738,0.468
35140,1.606167,0.619
35145,1.603837,0.434
35150,1.599427,0.488
35155,1.600818,0.466
35160,1.597895,0.464
35165,1.599687,0.544
35170,1.591423,0.504
35175,1.598191,0.603
35180,1.599644,0.62
35185,1.60559,0.572
35190,1.604509,0.499
35195,1.601018,0.709
35200,1.597233,0.465
35205,1.591806,0.422
35210,1.602496,0.435
35215,1.593445,0.531
35220,1.593806,0.456
35225,1.598349,0.485
35230,1.598987,0.438
35235,1.596624,0.562
35240,1.603062,0.553
35245,1.607087,0.571
35250,1.596536,0.492
35255,1.597958,0.461
35260,1.60726,0.48
35265,1.602836,0.446
35270,1.596984,0.71
35275,1.596025,0.526
35280,1.591914,0.923
35285,1.60556,0.441
35290,1.594337,0.686
35295,1.601494,0.487
35300,1.605244,0.483
35305,1.598438,0.4
35310,1.603271,0.576
35315,1.598031,0.505
35320,1.601762,0.642
35325,1.605427,0.516
35330,1.600622,0.59
35335,1.602593,0.562
35340,1.595739,0.49
35345,1.595497,0.451
35350,1.601108,0.471
35355,1.594039,0.434
35360,1.591534,0.594
35365,1.59319,0.567
35370,1.599851,0.432
35375,1.609212,0.445
35380,1.596012,0.479
35385,1.595719,0.444
35390,1.602207,0.534
35395,1.590312,0.496
35400,1.597021,0.42
35405,1.591818,0.481
35410,1.585889,0.54
35415,1.599078,0.439
35420,1.595489,0.701
35425,1.614527,0.616
35430,1.599354,0.522
35435,1.592717,0.436
35440,1.60197,0.422
35445,1.59411,0.643
35450,1.59006,0.543
35455,1.596713,0.494
35460,1.596932,0.597
35465,1.603864,0.644
35470,1.594734,0.658
35475,1.602645,0.532
35480,1.593821,0.441
35485,1.595002,0.485
35490,1.598164,0.573
35495,1.600817,0.49
35500,1.603222,0.428
35505,1.603028,0.448
35510,1.607303,0.44
35515,1.590982,0.608
35520,1.60095,0.539
35525,1.611276,0.748
35530,1.600716,0.652
35535,1.595332,0.486
35540,1.598473,0.446
35545,1.603666,0.43
35550,1.59548,0.502
35555,1.603333,0.438
35560,1.599098,0.485
35565,1.601767,0.44
35570,1.590284,0.444
35575,1.608378,0.595
35580,1.595254,0.499
35585,1.601086,0.429
35590,1.609928,0.502
35595,1.601272,0.492
35600,1.600094,0.597
35605,1.586831,0.507
35610,1.594571,0.535
35615,1.589478,0.451
35620,1.595514,0.549
35625,1.593353,0.417
35630,1.593574,0.404
35635,1.596902,0.452
35640,1.597085,0.655
35645,1.597472,0.496
35650,1.595844,0.631
35655,1.596103,0.505
35660,1.588373,0.446
35665,1.601743,0.521
35670,1.588492,0.581
35675,1.593237,0.55
35680,1.599594,0.607
35685,1.591926,0.429
35690,1.600918,0.542
35695,1.595277,0.473
35700,1.597736,0.58
35705,1.606602,0.535
35710,1.592204,0.59
35715,1.605243,0.435
35720,1.602238,0.509
35725,1.601003,0.446
35730,1.600488,0.501
35735,1.595127,0.486
35740,1.593841,0.467
35745,1.607173,0.488
35750,1.595028,0.455
35755,1.588602,0.489
35760,1.591965,0.457
35765,1.5962,0.564
35770,1.595407,0.44
35775,1.605688,0.971
35780,1.609011,0.509
35785,1.600328,0.484
35790,1.59399,0.468
35795,1.593625,0.489
35800,1.594308,0.426
35805,1.599736,0.529
35810,1.592382,0.51
35815,1.600681,0.41
35820,1.601894,0.476
35825,1.593723,0.496
35830,1.595079,0.415
35835,1.595788,0.624
35840,1.602428,0.587
35845,1.593535,0.51
35850,1.599376,0.535
35855,1.598206,0.559
35860,1.59802,0.532
35865,1.592064,0.473
35870,1.592382,0.448
35875,1.60077,0.553
35880,1.599564,0.643
35885,1.601939,0.47
35890,1.596425,0.427
35895,1.586993,0.44
35900,1.601805,0.732
35905,1.598047,0.535
35910,1.589134,0.476
35915,1.607712,0.411
35920,1.590308,0.475
35925,1.596098,0.478
35930,1.598066,0.489
35935,1.590932,0.496
35940,1.599217,0.709
35945,1.597889,0.521
35950,1.593527,0.574
35955,1.597694,0.521
35960,1.600202,0.53
35965,1.596545,0.49
35970,1.599918,0.456
35975,1.596652,0.55
35980,1.603348,0.548
35985,1.594514,0.459
35990,1.597984,0.437
35995,1.595201,0.66
36000,1.595135,0.524
36005,1.606903,0.482
36010,1.596879,0.441
36015,1.599811,0.651
36020,1.597777,0.509
36025,1.596158,0.496
36030,1.596754,0.508
36035,1.601103,0.516
36040,1.595773,0.46
36045,1.598571,0.511
36050,1.593749,3.617
36055,1.602801,0.753
36060,1.61468,0.507
36065,1.602637,0.424
36070,1.601204,0.523
36075,1.600702,0.451
36080,1.603004,0.45
36085,1.594242,0.455
36090,1.586452,0.615
36095,1.595903,0.501
36100,1.592051,0.554
36105,1.587988,0.418
36110,1.593423,0.448
36115,1.59521,0.448
36120,1.600662,0.564
36125,1.59599,0.582
36130,1.602206,0.564
36135,1.588077,0.488
36140,1.601472,0.449
36145,1.591173,0.463
36150,1.594987,0.514
36155,1.593367,0.455
36160,1.593155,0.561
36165,1.59524,0.648
36170,1.602331,0.54
36175,1.595198,0.499
36180,1.601344,0.502
36185,1.591475,0.532
36190,1.59137,0.521
36195,1.587365,0.454
36200,1.595662,0.413
36205,1.600777,0.551
36210,1.595843,0.539
36215,1.594431,0.524
36220,1.602036,0.429
36225,1.588135,0.478
36230,1.600661,0.442
36235,1.599605,0.495
36240,1.6051,0.506
36245,1.59222,0.451
36250,1.604004,0.611
36255,1.594888,0.463
36260,1.593822,0.562
36265,1.602244,0.46
36270,1.594674,0.493
36275,1.600893,0.473
36280,1.595625,0.434
36285,1.591529,0.551
36290,1.597112,0.478
36295,1.592718,0.575
36300,1.596535,0.496
36305,1.589945,0.497
36310,1.588619,0.519
36315,1.594241,0.601
36320,1.593725,0.495
36325,1.598994,0.478
36330,1.591981,0.429
36335,1.594869,0.648
36340,1.588201,0.505
36345,1.594767,0.471
36350,1.592052,0.616
36355,1.588523,0.502
36360,1.586631,0.468
36365,1.587065,0.426
36370,1.600259,0.49
36375,1.598179,0.582
36380,1.587364,0.456
36385,1.598297,0.52
36390,1.601302,0.678
36395,1.593726,0.522
36400,1.597589,0.505
36405,1.604702,0.453
36410,1.599501,0.726
36415,1.595343,0.568
36420,1.588365,0.522
36425,1.595814,0.701
36430,1.593917,0.566
36435,1.594201,0.452
36440,1.59186,0.567
36445,1.592863,0.712
36450,1.598459,0.576
36455,1.590761,0.526
36460,1.589565,0.6
36465,1.598211,0.618
36470,1.593274,0.489
36475,1.594331,0.434
36480,1.59544,0.442
36485,1.588877,0.442
36490,1.603773,0.719
36495,1.599805,0.643
36500,1.583758,0.462
36505,1.595941,0.429
36510,1.603683,0.583
36515,1.600184,0.611
36520,1.596242,0.513
36525,1.583771,0.54
36530,1.589642,0.445
36535,1.602764,0.501
36540,1.587129,0.54
36545,1.593333,0.45
36550,1.592389,0.674
36555,1.592254,0.534
36560,1.602891,0.46
36565,1.590854,0.505
36570,1.593526,0.418
36575,1.599824,0.518
36580,1.586424,0.45
36585,1.591458,0.563
36590,1.600992,0.505
36595,1.600986,0.455
36600,1.585546,0.487
36605,1.5863,0.485
36610,1.5969,0.591
36615,1.610699,0.541
36620,1.600976,0.489
36625,1.589725,0.516
36630,1.59265,0.524
36635,1.59661,0.664
36640,1.591405,0.604
36645,1.584745,0.58
36650,1.595216,0.486
36655,1.597796,0.439
36660,1.590717,0.443
36665,1.600018,0.483
36670,1.586952,0.581
36675,1.595327,0.489
36680,1.591059,0.449
36685,1.5826,0.474
36690,1.597728,0.446
36695,1.593932,0.44
36700,1.600004,0.457
36705,1.583476,0.483
36710,1.592857,0.422
36715,1.590663,1.214
36720,1.594344,0.541
36725,1.594696,0.485
36730,1.59676,0.472
36735,1.589272,0.496
36740,1.589928,0.554
36745,1.596476,0.551
36750,1.59015,0.423
36755,1.599882,0.462
36760,1.593168,0.605
36765,1.593839,0.588
36770,1.591637,0.444
36775,1.599583,0.598
36780,1.602225,0.517
36785,1.599648,0.559
36790,1.591341,0.699
36795,1.586896,0.528
36800,1.603707,0.465
36805,1.595998,0.444
36810,1.589526,0.466
36815,1.587569,0.517
36820,1.595687,0.552
36825,1.590081,0.429
36830,1.592632,0.505
36835,1.59668,0.516
36840,1.592398,0.481
36845,1.59187,0.49
36850,1.594564,0.495
36855,1.595796,0.541
36860,1.597327,0.437
36865,1.588983,0.528
36870,1.590424,0.517
36875,1.598799,0.471
36880,1.587025,0.518
36885,1.596122,0.467
36890,1.594523,0.488
36895,1.592271,0.444
36900,1.590442,0.448
36905,1.589391,0.52
36910,1.592816,0.55
36915,1.593516,0.557
36920,1.590043,0.48
36925,1.590545,0.525
36930,1.60186,0.494
36935,1.597435,0.449
36940,1.58684,0.514
36945,1.598413,0.489
36950,1.593971,0.486
36955,1.599577,0.433
36960,1.595239,0.483
36965,1.595116,0.527
36970,1.596035,0.498
36975,1.591981,0.478
36980,1.590163,0.438
36985,1.591055,0.415
36990,1.589468,0.485
36995,1.592247,0.491
37000,1.59135,0.467
37005,1.594304,0.587
37010,1.594132,0.514
37015,1.595015,0.599
37020,1.594713,0.492
37025,1.587762,0.511
37030,1.590698,0.468
37035,1.593945,0.474
37040,1.591607,0.452
37045,1.586282,0.481
37050,1.603325,0.609
37055,1.584809,0.509
37060,1.586769,0.487
37065,1.589885,0.506
37070,1.592391,0.404
37075,1.586009,0.445
37080,1.588197,0.527
37085,1.597654,0.504
37090,1.590483,0.444
37095,1.588613,0.559
37100,1.587782,0.621
37105,1.589806,0.712
37110,1.590705,0.501
37115,1.580668,0.738
37120,1.59036,0.955
37125,1.606857,0.531
37130,1.586016,0.63
37135,1.598177,0.468
37140,1.587772,0.5
37145,1.595108,0.479
37150,1.597616,0.464
37155,1.588209,0.564
37160,1.598573,0.497
37165,1.592057,0.526
37170,1.593933,0.448
37175,1.591829,0.489
37180,1.594085,1.323
37185,1.590642,0.57
37190,1.592345,0.578
37195,1.585587,0.465
37200,1.598023,0.484
37205,1.590124,0.482
37210,1.598989,0.468
37215,1.595723,0.47
37220,1.591166,0.535
37225,1.596312,0.461
37230,1.588792,0.508
37235,1.597853,0.535
37240,1.593657,0.473
37245,1.59432,0.468
37250,1.601706,0.601
37255,1.600022,0.61
37260,1.58249,0.577
37265,1.591472,0.468
37270,1.595448,0.486
37275,1.5881,0.488
37280,1.596215,0.646
37285,1.592726,0.47
37290,1.590062,0.488
37295,1.598346,0.455
37300,1.580385,0.473
37305,1.594567,0.502
37310,1.588351,0.493
37315,1.590556,0.479
37320,1.591821,0.557
37325,1.590201,0.503
37330,1.589943,0.462
37335,1.588079,0.487
37340,1.588015,0.547
37345,1.593681,0.484
37350,1.594214,0.455
37355,1.59529,0.4
37360,1.592006,0.646
37365,1.588772,0.597
37370,1.598895,0.593
37375,1.579769,0.447
37380,1.579952,0.474
37385,1.591069,0.559
37390,1.592341,0.472
37395,1.591505,0.564
37400,1.59258,0.474
37405,1.585083,0.64
37410,1.592897,0.543
37415,1.589237,0.474
37420,1.588702,0.528
37425,1.575334,0.503
37430,1.594372,0.891
37435,1.587849,0.567
37440,1.586972,0.571
37445,1.59903,0.441
37450,1.594797,0.628
37455,1.588435,0.566
37460,1.591892,0.499
37465,1.586033,0.446
37470,1.593317,0.495
37475,1.59013,0.493
37480,1.588766,0.439
37485,1.589641,0.48
37490,1.58746,0.528
37495,1.592175,0.482
37500,1.59576,0.434
37505,1.600981,0.497
37510,1.592732,0.48
37515,1.591914,0.608
37520,1.588341,0.509
37525,1.596643,0.552
37530,1.59442,0.505
37535,1.5879,0.411
37540,1.586615,0.491
37545,1.590843,0.443
37550,1.590763,0.549
37555,1.597221,0.49
37560,1.585598,0.514
37565,1.592693,0.532
37570,1.591479,0.482
37575,1.585046,0.441
37580,1.589184,0.653
37585,1.585719,0.681
37590,1.582788,0.494
37595,1.589589,0.513
37600,1.588139,0.594
37605,1.597972,0.488
37610,1.594964,0.545
37615,1.592315,0.614
37620,1.592103,0.474
37625,1.586133,0.481
37630,1.593679,0.5
37635,1.584135,0.589
37640,1.589489,0.624
37645,1.600033,0.553
37650,1.587471,0.457
37655,1.598979,0.447
37660,1.587705,0.635
37665,1.596842,0.686
37670,1.596201,0.751
37675,1.600819,0.597
37680,1.590813,0.437
37685,1.592841,0.601
37690,1.601462,0.44
37695,1.598358,0.565
37700,1.595271,0.525
37705,1.587098,0.441
37710,1.585321,0.479
37715,1.582027,0.488
37720,1.585316,0.49
37725,1.588282,0.43
37730,1.59146,0.44
37735,1.593439,0.606
37740,1.594803,0.517
37745,1.586772,0.693
37750,1.595131,0.456
37755,1.592134,0.554
37760,1.599132,0.48
37765,1.590968,0.435
37770,1.597553,0.617
37775,1.595151,0.55
37780,1.590975,0.57
37785,1.590607,0.649
37790,1.588792,0.485
37795,1.59198,0.561
37800,1.596407,0.521
37805,1.59065,0.458
37810,1.581753,0.48
37815,1.593826,0.454
37820,1.584615,0.506
37825,1.586853,0.559
37830,1.585577,0.571
37835,1.588622,0.582
37840,1.58408,0.45
37845,1.595931,0.585
37850,1.59048,0.461
37855,1.585851,0.522
37860,1.587854,0.582
37865,1.585548,0.657
37870,1.596447,0.439
37875,1.58654,0.515
37880,1.58996,0.46
37885,1.591522,0.488
37890,1.586951,0.526
37895,1.600286,0.596
37900,1.590429,0.479
37905,1.594765,0.79
37910,1.5881,0.581
37915,1.595754,0.505
37920,1.581012,0.461
37925,1.594296,0.75
37930,1.593003,0.608
37935,1.601159,0.461
37940,1.60037,0.471
37945,1.590835,0.532
37950,1.590542,0.542
37955,1.592762,0.481
37960,1.587238,0.506
37965,1.589949,0.466
37970,1.587069,0.597
37975,1.580074,0.502
37980,1.589564,0.451
37985,1.589628,0.552
37990,1.584107,0.533
37995,1.588345,0.503
38000,1.589988,0.509
38005,1.59816,0.44
38010,1.583295,0.418
38015,1.589994,0.499
38020,1.58286,0.763
38025,1.59352,0.468
38030,1.600498,0.655
38035,1.589104,0.435
38040,1.590342,0.465
38045,1.583936,0.585
38050,1.590579,0.601
38055,1.575767,0.442
38060,1.586133,0.444
38065,1.589669,0.56
38070,1.5829,0.551
38075,1.591219,0.462
38080,1.59167,0.466
38085,1.587391,0.525
38090,1.593539,0.459
38095,1.590897,0.495
38100,1.58455,0.522
38105,1.591733,0.517
38110,1.582541,0.514
38115,1.598123,0.502
38120,1.584419,0.439
38125,1.591167,0.665
38130,1.593284,0.462
38135,1.595438,0.545
38140,1.580553,0.549
38145,1.587054,0.517
38150,1.593812,0.51
38155,1.582734,0.45
38160,1.588662,0.501
38165,1.59538,0.437
38170,1.590038,0.705
38175,1.587236,0.59
38180,1.589646,0.635
38185,1.588595,0.514
38190,1.584473,0.439
38195,1.582259,0.557
38200,1.592112,0.626
38205,1.590506,0.432
38210,1.598884,0.572
38215,1.592674,0.434
38220,1.594217,0.591
38225,1.585471,0.53
38230,1.586916,0.497
38235,1.593789,0.529
38240,1.589501,0.465
38245,1.591793,0.544
38250,1.577133,0.678
38255,1.59082,0.455
38260,1.588539,0.564
38265,1.594825,0.526
38270,1.588922,0.483
38275,1.587812,0.45
38280,1.594141,0.506
38285,1.585731,0.923
38290,1.585745,0.503
38295,1.589454,0.529
38300,1.588308,0.397
38305,1.593514,0.632
38310,1.595235,0.566
38315,1.597401,0.514
38320,1.585129,0.45
38325,1.590853,0.44
38330,1.585573,0.479
38335,1.590666,0.477
38340,1.588297,0.465
38345,1.592502,0.511
38350,1.591001,0.608
38355,1.594843,0.594
38360,1.592449,0.566
38365,1.585629,0.548
38370,1.592157,0.55
38375,1.589555,0.456
38380,1.595293,0.447
38385,1.588749,0.433
38390,1.592567,0.436
38395,1.600289,0.619
38400,1.588993,0.525
38405,1.586602,0.451
38410,1.59005,0.605
38415,1.58695,0.575
38420,1.592274,0.411
38425,1.591364,0.437
38430,1.592746,0.531
38435,1.591739,0.493
38440,1.588855,0.558
38445,1.594801,0.477
38450,1.582264,0.538
38455,1.59355,0.628
38460,1.583994,0.445
38465,1.594533,0.582
38470,1.592582,0.51
38475,1.584134,0.487
38480,1.590219,0.473
38485,1.5854,0.564
38490,1.59696,0.534
38495,1.585774,0.633
38500,1.577845,0.587
38505,1.593161,0.556
38510,1.586856,0.41
38515,1.583458,0.53
38520,1.582579,0.48
38525,1.588736,0.608
38530,1.586707,0.474
38535,1.594841,0.487
38540,1.593427,0.473
38545,1.586605,0.542
38550,1.58335,0.538
38555,1.58929,0.55
38560,1.584962,0.487
38565,1.588946,0.54
38570,1.590508,0.527
38575,1.595204,0.671
38580,1.583428,0.506
38585,1.586541,0.455
38590,1.580641,0.419
38595,1.590275,0.453
38600,1.593195,0.573
38605,1.590648,0.496
38610,1.593501,0.535
38615,1.58667,0.498
38620,1.594005,0.482
38625,1.588339,0.523
38630,1.58576,0.482
38635,1.590577,0.538
38640,1.584543,0.496
38645,1.588233,0.486
38650,1.585396,0.533
38655,1.580915,0.556
38660,1.59522,0.494
38665,1.583853,0.498
38670,1.597562,0.57
38675,1.593736,0.459
38680,1.587788,0.479
38685,1.588449,0.449
38690,1.57584,0.475
38695,1.583547,0.468
38700,1.578226,0.448
38705,1.589577,0.578
38710,1.584182,0.57
38715,1.590427,0.803
38720,1.59005,0.484
38725,1.589706,0.407
38730,1.590068,0.528
38735,1.587586,0.497
38740,1.594824,0.465
38745,1.586574,0.477
38750,1.578709,0.499
38755,1.5874,0.481
38760,1.583578,0.643
38765,1.589599,0.445
38770,1.58973,0.445
38775,1.583727,0.458
38780,1.601402,0.476
38785,1.582152,0.447
38790,1.580123,0.582
38795,1.588094,0.507
38800,1.585955,0.461
38805,1.580295,0.745
38810,1.581782,0.876
38815,1.588135,0.447
38820,1.584268,0.455
38825,1.592531,0.564
38830,1.585905,0.46
38835,1.579092,1.813
38840,1.589499,0.527
38845,1.589466,0.53
38850,1.584954,0.489
38855,1.584848,0.41
38860,1.589749,0.487
38865,1.585609,0.707
38870,1.590209,0.613
38875,1.592613,0.523
38880,1.585769,0.471
38885,1.582362,0.467
38890,1.59455,0.487
38895,1.589414,0.535
38900,1.579994,0.514
38905,1.580817,0.417
38910,1.582568,0.46
38915,1.578084,0.468
38920,1.584278,0.574
38925,1.592793,0.541
38930,1.588796,0.517
38935,1.584951,0.47
38940,1.58896,0.415
38945,1.582602,0.455
38950,1.587703,0.503
38955,1.591083,0.741
38960,1.589913,0.505
38965,1.577047,0.463
38970,1.581417,0.626
38975,1.59001,0.436
38980,1.587139,0.466
38985,1.586213,0.494
38990,1.586203,0.624
38995,1.585841,0.544
39000,1.593943,0.456
39005,1.587836,0.449
39010,1.576539,0.512
39015,1.586499,0.484
39020,1.598744,0.466
39025,1.585436,0.455
39030,1.590266,0.624
39035,1.592323,0.551
39040,1.575166,0.608
39045,1.576153,0.517
39050,1.580404,0.57
39055,1.58658,0.485
39060,1.583814,0.5
39065,1.582483,0.493
39070,1.57454,0.49
39075,1.588563,0.519
39080,1.593982,0.531
39085,1.588176,0.776
39090,1.579888,0.674
39095,1.593432,0.459
39100,1.590475,0.555
39105,1.589977,0.451
39110,1.578407,0.503
39115,1.596586,0.743
39120,1.593173,0.508
39125,1.589875,0.965
39130,1.58113,0.431
39135,1.596188,0.445
39140,1.587651,0.573
39145,1.582662,0.489
39150,1.591644,0.447
39155,1.591792,0.508
39160,1.585479,0.478
39165,1.584812,0.477
39170,1.583759,0.563
39175,1.596248,0.463
39180,1.587034,0.465
39185,1.591926,0.485
39190,1.588636,0.613
39195,1.582796,0.565
39200,1.589297,0.453
39205,1.590742,0.523
39210,1.589157,0.453
39215,1.584497,0.515
39220,1.587996,0.424
39225,1.587719,0.476
39230,1.587322,0.482
39235,1.589359,0.441
39240,1.589103,0.714
39245,1.588348,0.633
39250,1.587302,0.453
39255,1.57866,0.483
39260,1.594139,0.618
39265,1.591854,0.494
39270,1.583563,0.539
39275,1.579292,0.48
39280,1.582397,0.495
39285,1.582176,0.461
39290,1.59261,0.526
39295,1.588514,0.55
39300,1.58986,0.56
39305,1.586022,0.544
39310,1.576903,0.502
39315,1.58933,0.533
39320,1.587371,0.518
39325,1.583922,0.881
39330,1.593084,0.582
39335,1.593959,0.536
39340,1.586131,0.523
39345,1.589493,0.608
39350,1.587282,0.546
39355,1.584606,0.533
39360,1.585854,0.492
39365,1.582255,0.47
39370,1.583702,0.509
39375,1.588736,0.461
39380,1.588236,0.495
39385,1.586654,0.433
39390,1.59212,0.5
39395,1.583022,0.439
39400,1.587241,0.484
39405,1.592191,0.521
39410,1.581746,0.475
39415,1.587988,0.508
39420,1.582714,0.47
39425,1.583748,0.418
39430,1.590499,0.458
39435,1.590066,0.502
39440,1.585711,0.453
39445,1.595897,0.519
39450,1.575911,0.443
39455,1.587036,0.471
39460,1.585024,0.44
39465,1.58001,0.445
39470,1.592301,0.446
39475,1.587165,0.632
39480,1.582503,0.507
39485,1.58556,0.463
39490,1.591057,0.515
39495,1.584204,0.421
39500,1.590037,0.446
39505,1.591317,0.584
39510,1.582084,0.586
39515,1.583954,0.472
39520,1.582389,0.405
39525,1.583708,0.475
39530,1.5898,0.602
39535,1.582983,0.421
39540,1.577616,0.439
39545,1.583952,0.455
39550,1.583929,0.427
39555,1.590918,0.465
39560,1.579851,0.451
39565,1.587701,0.602
39570,1.589789,0.498
39575,1.578312,0.5
39580,1.583733,0.562
39585,1.586718,0.55
39590,1.583155,0.454
39595,1.592302,0.41
39600,1.579283,0.607
39605,1.593215,0.513
39610,1.582676,0.546
39615,1.594357,0.497
39620,1.59666,0.478
39625,1.581545,0.429
39630,1.587193,0.502
39635,1.58595,0.655
39640,1.586872,0.6
39645,1.58063,0.625
39650,1.576384,0.551
39655,1.582179,0.5
39660,1.58283,0.504
39665,1.583172,0.475
39670,1.58707,0.491
39675,1.594436,0.431
39680,1.598829,0.402
39685,1.59476,0.473
39690,1.587057,0.466
39695,1.583116,0.506
39700,1.589813,0.436
39705,1.5864,0.668
39710,1.589681,0.545
39715,1.585287,0.475
39720,1.577626,0.558
39725,1.591526,0.496
39730,1.589356,0.475
39735,1.588438,0.497
39740,1.591421,0.459
39745,1.580107,0.463
39750,1.583706,0.434
39755,1.576524,0.537
39760,1.593128,0.553
39765,1.593926,0.511
39770,1.576839,0.455
39775,1.584095,0.516
39780,1.588204,0.598
39785,1.580628,0.459
39790,1.588447,0.432
39795,1.582702,0.493
39800,1.589321,0.424
39805,1.592494,0.462
39810,1.579025,0.487
39815,1.590391,0.459
39820,1.577316,0.513
39825,1.57567,0.528
39830,1.589935,0.439
39835,1.592545,0.523
39840,1.580489,0.488
39845,1.589602,0.481
39850,1.589428,0.598
39855,1.588973,0.484
39860,1.583601,0.578
39865,1.589695,0.517
39870,1.579338,0.509
39875,1.587324,0.578
39880,1.586877,0.556
39885,1.594527,0.421
39890,1.580508,0.439
39895,1.579594,0.478
39900,1.580452,0.551
39905,1.587342,0.513
39910,1.586833,0.426
39915,1.581086,0.461
39920,1.581661,0.439
39925,1.595336,0.557
39930,1.581699,0.443
39935,1.584857,0.53
39940,1.596109,0.445
39945,1.591075,0.454
39950,1.581869,0.429
39955,1.582746,0.436
39960,1.592743,0.437
39965,1.580194,0.466
39970,1.588423,0.543
39975,1.589749,0.431
39980,1.593866,0.496
39985,1.58158,0.47
39990,1.577685,0.465
39995,1.591175,0.484
40000,1.586392,0.434
40005,1.591786,0.462
40010,1.580606,0.498
40015,1.58218,0.458
40020,1.587317,0.545
40025,1.580041,0.619
40030,1.583629,0.518
40035,1.584309,0.523
40040,1.590606,0.473
40045,1.579293,0.512
40050,1.584397,0.501
40055,1.585005,0.498
40060,1.578269,0.435
40065,1.58129,0.522
40070,1.584342,0.598
40075,1.581858,0.54
40080,1.58279,0.452
40085,1.587811,0.434
40090,1.591268,0.483
40095,1.578538,0.417
40100,1.589886,0.53
40105,1.592165,0.43
40110,1.583775,0.663
40115,1.586222,0.562
40120,1.585847,0.484
40125,1.587212,0.496
40130,1.592134,0.546
40135,1.584337,0.501
40140,1.596331,0.475
40145,1.586065,0.437
40150,1.582379,0.446
40155,1.587804,0.456
40160,1.577756,0.471
40165,1.583747,0.73
40170,1.591283,0.586
40175,1.582767,0.525
40180,1.578627,0.68
40185,1.585366,0.477
40190,1.577993,0.488
40195,1.58326,0.526
40200,1.585725,0.42
40205,1.587506,0.453
40210,1.57637,0.435
40215,1.579787,0.483
40220,1.581295,0.547
40225,1.576846,0.454
40230,1.583298,0.417
40235,1.586229,0.544
40240,1.587381,0.496
40245,1.584019,0.437
40250,1.575699,0.523
40255,1.584883,0.468
40260,1.587297,0.509
40265,1.594185,0.507
40270,1.578221,0.545
40275,1.587871,0.468
40280,1.5859,0.484
40285,1.590596,0.488
40290,1.586914,0.469
40295,1.584945,0.458
40300,1.590316,0.439
40305,1.585279,0.445
40310,1.58924,0.497
40315,1.584097,0.461
40320,1.59175,0.482
40325,1.583754,0.519
40330,1.579353,0.451
40335,1.584977,0.525
40340,1.586698,0.528
40345,1.588454,0.461
40350,1.572745,0.533
40355,1.585805,0.54
40360,1.579181,0.562
40365,1.585893,0.623
40370,1.590906,0.521
40375,1.582328,0.449
40380,1.577953,0.473
40385,1.57868,0.534
40390,1.584379,0.446
40395,1.585656,0.502
40400,1.586533,0.46
40405,1.580493,0.501
40410,1.586235,0.69
40415,1.588688,0.725
40420,1.589092,0.542
40425,1.589161,0.44
40430,1.592982,0.41
40435,1.590874,0.585
40440,1.584016,0.477
40445,1.580182,0.496
40450,1.590227,0.472
40455,1.575727,0.503
40460,1.579362,0.43
40465,1.587319,0.606
40470,1.584447,0.519
40475,1.585146,0.578
40480,1.588624,0.581
40485,1.581629,0.567
40490,1.586217,0.558
40495,1.584302,0.477
40500,1.581057,0.643
40505,1.572791,0.459
40510,1.580758,0.459
40515,1.581413,0.532
40520,1.590511,0.479
40525,1.581335,0.473
40530,1.574523,0.419
40535,1.577517,0.465
40540,1.588428,0.497
40545,1.580945,0.458
40550,1.585237,0.409
40555,1.584474,0.621
40560,1.593574,0.461
40565,1.580246,0.427
40570,1.587545,0.475
40575,1.583966,0.449
40580,1.591842,0.552
40585,1.587247,0.435
40590,1.58011,0.537
40595,1.584057,0.489
40600,1.584714,0.491
40605,1.577113,0.445
40610,1.586898,0.509
40615,1.583468,0.455
40620,1.590371,0.493
40625,1.599022,0.483
40630,1.57894,0.481
40635,1.582298,0.514
40640,1.582786,0.444
40645,1.585684,0.512
40650,1.581641,0.459
40655,1.577795,0.471
40660,1.583444,0.555
40665,1.57406,0.481
40670,1.578749,0.484
40675,1.592139,0.565
40680,1.585053,0.507
40685,1.588968,0.538
40690,1.579563,0.416
40695,1.580734,0.385
40700,1.581595,0.529
40705,1.58517,0.424
40710,1.579475,0.435
40715,1.580918,0.504
40720,1.5816,0.599
40725,1.594817,0.451
40730,1.582557,0.466
40735,1.591478,0.482
40740,1.590496,0.43
40745,1.582898,0.524
40750,1.581401,0.456
40755,1.591958,0.405
40760,1.57637,0.428
40765,1.582407,0.434
40770,1.580384,0.454
40775,1.58309,0.533
40780,1.582693,0.509
40785,1.586468,0.45
40790,1.580392,0.624
40795,1.580964,0.46
40800,1.586228,0.542
40805,1.576489,0.481
40810,1.587418,0.553
40815,1.588288,0.571
40820,1.582139,0.56
40825,1.588654,0.444
40830,1.578965,0.516
40835,1.579101,0.85
40840,1.573814,0.611
40845,1.591363,0.404
40850,1.589794,0.481
40855,1.578385,0.464
40860,1.577929,0.395
40865,1.580197,0.432
40870,1.577163,0.679
40875,1.572063,0.585
40880,1.58208,0.491
40885,1.578078,0.496
40890,1.577233,0.461
40895,1.575629,0.453
40900,1.586367,0.465
40905,1.57916,0.439
40910,1.577874,0.468
40915,1.582952,0.542
40920,1.590329,0.626
40925,1.582337,0.468
40930,1.578093,0.685
40935,1.586774,0.493
40940,1.583469,0.503
40945,1.576729,0.427
40950,1.57652,0.464
40955,1.581884,0.563
40960,1.585498,0.637
40965,1.588092,0.442
40970,1.581821,0.476
40975,1.587847,0.605
40980,1.586868,0.457
40985,1.583982,0.498
40990,1.585814,0.508
40995,1.581852,0.835
41000,1.58533,0.514
41005,1.591147,0.411
41010,1.58139,0.478
41015,1.584132,0.571
41020,1.57976,0.498
41025,1.577769,0.475
41030,1.588169,0.527
41035,1.590054,0.545
41040,1.575525,0.575
41045,1.580377,0.644
41050,1.577558,0.53
41055,1.58408,0.54
41060,1.578783,0.486
41065,1.581764,0.454
41070,1.580492,0.568
41075,1.591021,0.497
41080,1.58952,0.492
41085,1.578763,0.503
41090,1.583278,0.475
41095,1.581536,0.479
41100,1.583605,0.678
41105,1.584546,0.545
41110,1.58394,0.51
41115,1.579617,0.481
41120,1.57218,0.519
41125,1.583394,0.46
41130,1.577351,0.538
41135,1.584043,0.576
41140,1.591729,0.63
41145,1.588481,0.534
41150,1.576599,0.464
41155,1.58182,0.421
41160,1.577688,0.517
41165,1.580686,0.512
41170,1.577123,0.436
41175,1.579341,0.442
41180,1.577372,0.477
41185,1.584755,0.472
41190,1.584805,0.502
41195,1.582083,0.546
41200,1.5784,0.552
41205,1.582376,0.62
41210,1.566194,0.523
41215,1.582513,0.573
41220,1.583693,0.551
41225,1.577305,0.581
41230,1.582412,0.48
41235,1.589199,0.456
41240,1.579342,0.621
41245,1.580288,0.475
41250,1.583277,0.604
41255,1.577997,0.488
41260,1.588719,0.405
41265,1.588135,0.487
41270,1.57349,0.438
41275,1.582407,0.418
41280,1.57088,0.41
41285,1.582747,0.45
41290,1.584252,0.478
41295,1.581503,0.539
41300,1.582454,0.488
41305,1.587554,0.479
41310,1.577302,0.455
41315,1.584018,0.438
41320,1.57714,0.447
41325,1.590609,0.509
41330,1.581603,0.469
41335,1.586265,0.547
41340,1.584728,0.691
41345,1.583547,0.622
41350,1.581854,0.439
41355,1.589371,0.489
41360,1.578214,0.485
41365,1.57102,0.485
41370,1.578467,0.512
41375,1.584723,0.608
41380,1.574672,0.67
41385,1.588406,0.455
41390,1.577145,0.477
41395,1.580853,0.718
41400,1.580535,0.59
41405,1.580424,0.496
41410,1.5674,0.514
41415,1.584308,0.599
41420,1.588346,0.6
41425,1.575285,0.575
41430,1.592315,0.494
41435,1.582393,0.455
41440,1.578263,0.534
41445,1.584862,0.465
41450,1.583692,0.454
41455,1.58548,0.495
41460,1.58198,0.523
41465,1.581048,0.496
41470,1.582084,0.461
41475,1.588374,0.594
41480,1.580645,0.433
41485,1.572531,0.516
41490,1.582151,0.669
41495,1.588243,0.443
41500,1.580064,0.465
41505,1.582437,0.445
41510,1.572373,0.487
41515,1.591125,0.568
41520,1.569136,0.467
41525,1.577775,0.461
41530,1.576425,0.546
41535,1.585356,0.435
41540,1.57582,0.599
41545,1.580388,0.522
41550,1.576554,0.44
41555,1.578484,0.703
41560,1.586279,0.508
41565,1.583131,0.563
41570,1.579457,0.485
41575,1.584052,0.624
41580,1.581133,0.5
41585,1.581436,0.405
41590,1.582236,0.499
41595,1.58008,0.47
41600,1.580645,0.535
41605,1.587768,0.631
41610,1.578379,0.502
41615,1.574017,0.741
41620,1.577937,0.474
41625,1.578655,0.565
41630,1.581891,0.593
41635,1.579663,0.606
41640,1.575697,0.689
41645,1.581066,0.499
41650,1.577528,0.496
41655,1.569792,0.521
41660,1.584353,0.578
41665,1.577947,0.421
41670,1.581241,0.596
41675,1.57156,0.7
41680,1.583343,0.602
41685,1.584962,0.482
41690,1.586939,0.444
41695,1.575778,0.503
41700,1.576492,0.402
41705,1.57877,0.519
41710,1.578959,0.51
41715,1.574636,0.562
41720,1.579518,0.46
41725,1.58266,0.598
41730,1.586054,0.448
41735,1.588197,0.783
41740,1.590004,0.518
41745,1.584412,0.426
41750,1.582179,0.58
41755,1.580832,0.532
41760,1.577221,0.401
41765,1.581367,0.489
41770,1.584528,0.63
41775,1.574442,0.548
41780,1.587119,0.468
41785,1.586398,0.469
41790,1.572516,0.636
41795,1.583333,0.585
41800,1.582101,0.498
41805,1.577176,0.566
41810,1.584564,0.801
41815,1.584162,0.485
41820,1.585987,0.471
41825,1.583178,0.487
41830,1.570964,0.447
41835,1.578023,0.453
41840,1.579155,0.571
41845,1.57399,0.436
41850,1.580184,0.558
41855,1.576851,0.492
41860,1.576304,0.525
41865,1.578539,0.551
41870,1.573458,0.51
41875,1.576702,0.585
41880,1.571491,0.455
41885,1.577813,0.482
41890,1.573932,0.5
41895,1.579018,0.405
41900,1.576046,0.565
41905,1.579957,0.613
41910,1.579217,0.474
41915,1.581902,0.449
41920,1.571267,0.431
41925,1.580529,0.535
41930,1.585191,0.635
41935,1.574635,0.531
41940,1.579083,0.486
41945,1.577179,0.521
41950,1.581164,0.521
41955,1.575248,0.519
41960,1.575801,0.498
41965,1.579506,0.484
41970,1.588741,0.528
41975,1.573494,0.477
41980,1.576519,0.574
41985,1.577801,0.575
41990,1.586526,0.477
41995,1.581456,0.429
42000,1.568934,0.433
42005,1.58492,0.584
42010,1.583735,0.459
42015,1.584074,0.505
42020,1.575452,0.434
42025,1.579609,0.435
42030,1.579959,0.555
42035,1.584018,0.515
42040,1.585427,0.485
42045,1.57855,0.422
42050,1.58281,0.52
42055,1.570578,0.41
42060,1.590216,0.454
42065,1.585247,0.548
42070,1.574659,0.533
42075,1.583161,0.432
42080,1.581584,0.449
42085,1.598092,0.435
42090,1.579818,0.441
42095,1.57623,0.458
42100,1.575716,0.702
42105,1.57984,0.591
42110,1.57899,0.45
42115,1.583244,0.599
42120,1.577162,0.462
42125,1.579563,0.464
42130,1.578665,0.515
42135,1.587576,0.617
42140,1.5771,0.514
42145,1.586382,0.634
42150,1.573356,0.576
42155,1.583727,0.706
42160,1.582443,0.549
42165,1.579085,0.471
42170,1.587357,0.455
42175,1.586322,0.705
42180,1.577738,0.467
42185,1.578407,0.551
42190,1.58309,0.45
42195,1.570267,0.417
42200,1.575021,0.487
42205,1.571566,0.484
42210,1.576981,0.421
42215,1.585629,0.464
42220,1.576221,0.518
42225,1.580624,0.414
42230,1.575461,0.515
42235,1.573721,0.402
42240,1.586117,0.464
42245,1.584161,0.492
42250,1.581664,0.566
42255,1.582259,0.427
42260,1.583403,0.589
42265,1.577587,0.539
42270,1.574946,0.465
42275,1.587468,0.519
42280,1.576722,0.404
42285,1.576245,0.446
42290,1.580894,0.511
42295,1.591869,0.561
42300,1.583811,0.501
42305,1.579165,0.449
42310,1.580805,0.438
42315,1.585234,0.633
42320,1.586408,0.474
42325,1.572809,0.704
42330,1.575395,0.462
42335,1.585157,0.515
42340,1.573554,0.462
42345,1.575345,0.484
42350,1.580269,0.498
42355,1.581047,0.499
42360,1.583161,0.577
42365,1.589992,0.516
42370,1.587404,0.553
42375,1.579891,0.479
42380,1.580992,0.444
42385,1.583734,0.638
42390,1.591791,0.45
42395,1.581786,0.411
42400,1.580636,0.492
42405,1.572277,0.557
42410,1.582527,0.845
42415,1.589074,0.432
42420,1.580732,0.501
42425,1.586333,0.568
42430,1.575766,0.49
42435,1.578491,0.513
42440,1.568125,0.43
42445,1.575094,0.512
42450,1.58578,0.703
42455,1.582492,0.438
42460,1.576804,0.491
42465,1.579676,0.525
42470,1.590279,0.748
42475,1.578043,0.935
42480,1.58465,0.708
42485,1.581967,0.496
42490,1.570118,0.48
42495,1.584278,0.47
42500,1.581195,0.487
42505,1.583681,0.599
42510,1.578142,0.487
42515,1.578582,0.561
42520,1.584733,0.493
42525,1.577943,0.435
42530,1.579663,0.471
42535,1.577212,0.498
42540,1.583214,0.614
42545,1.574562,0.599
42550,1.57057,0.438
42555,1.577153,0.437
42560,1.569507,0.451
42565,1.568389,0.475
42570,1.583572,0.417
42575,1.577257,0.507
42580,1.57747,0.477
42585,1.578265,0.445
42590,1.574991,0.51
42595,1.578346,0.467
42600,1.576872,0.568
42605,1.587763,0.485
42610,1.587889,0.538
42615,1.577965,0.637
42620,1.578041,0.581
42625,1.587358,0.482
42630,1.574838,0.476
42635,1.578711,0.425
42640,1.576016,0.428
42645,1.584554,0.481
42650,1.583858,0.464
42655,1.578409,0.841
42660,1.579282,0.497
42665,1.577255,0.508
42670,1.573722,0.558
42675,1.578285,0.436
42680,1.585901,0.484
42685,1.573734,0.455
42690,1.581278,0.434
42695,1.582256,0.547
42700,1.576662,0.659
42705,1.5849,0.515
42710,1.570709,0.549
42715,1.574521,0.465
42720,1.572274,0.75
42725,1.575544,0.591
42730,1.582016,0.612
42735,1.571966,0.581
42740,1.577473,0.433
42745,1.580557,0.417
42750,1.579992,0.457
42755,1.582396,0.751
42760,1.580531,0.492
42765,1.580959,0.463
42770,1.577297,0.612
42775,1.581469,0.494
42780,1.566409,0.468
42785,1.57422,0.534
42790,1.56965,0.618
42795,1.573588,0.565
42800,1.57462,0.549
42805,1.580527,0.481
42810,1.567886,0.467
42815,1.575701,0.534
42820,1.576587,0.511
42825,1.571028,0.436
42830,1.57615,0.586
42835,1.581224,0.457
42840,1.576686,0.602
42845,1.569139,0.467
42850,1.579301,0.536
42855,1.583481,0.426
42860,1.576537,0.498
42865,1.579473,0.67
42870,1.583083,0.616
42875,1.582977,0.56
42880,1.577246,0.436
42885,1.575599,0.427
42890,1.583246,0.443
42895,1.58164,0.494
42900,1.582179,0.492
42905,1.573122,0.564
42910,1.577451,0.494
42915,1.581175,0.442
42920,1.582962,0.591
42925,1.574078,0.508
42930,1.586976,0.431
42935,1.577004,0.621
42940,1.581143,0.427
42945,1.577113,0.407
42950,1.574402,0.454
42955,1.578374,0.664
42960,1.584767,0.494
42965,1.580216,0.439
42970,1.574215,0.474
42975,1.580394,0.525
42980,1.578672,0.481
42985,1.574901,0.514
42990,1.577389,0.446
42995,1.572413,0.473
43000,1.571,0.419
43005,1.569423,0.426
43010,1.579245,0.487
43015,1.572557,0.5
43020,1.582114,0.539
43025,1.582917,0.466
43030,1.578358,0.561
43035,1.578345,0.503
43040,1.572976,0.585
43045,1.583585,0.467
43050,1.582627,0.546
43055,1.571559,0.521
43060,1.573477,0.486
43065,1.576514,0.456
43070,1.57834,0.704
43075,1.591725,0.456
43080,1.574772,0.445
43085,1.572174,0.531
43090,1.584551,0.452
43095,1.572052,0.491
43100,1.580261,0.575
43105,1.585451,0.724
43110,1.57675,0.619
43115,1.580209,0.504
43120,1.57078,0.46
43125,1.576639,0.491
43130,1.576151,0.455
43135,1.575082,0.396
43140,1.578961,0.473
43145,1.577737,0.509
43150,1.569075,0.481
43155,1.575973,0.487
43160,1.572868,0.426
43165,1.572593,0.48
43170,1.575967,0.471
43175,1.571509,0.453
43180,1.586716,0.595
43185,1.569381,0.501
43190,1.569262,0.478
43195,1.58054,0.47
43200,1.584303,0.632
43201,1.582524,0.614
43205,1.576967,0.486
43210,1.571782,0.497
43215,1.582211,0.548
43220,1.572237,0.403
43225,1.579921,0.414
43230,1.57791,0.579
43235,1.583256,0.584
43240,1.576784,0.466
43245,1.576597,0.477
43250,1.57717,0.509
43255,1.576687,0.491
43260,1.572674,0.509
43265,1.581791,0.463
43270,1.57692,0.435
43275,1.576791,1.207
43280,1.575587,0.483
43285,1.572618,0.524
43290,1.577016,0.547
43295,1.572559,0.496
43300,1.58243,0.563
43305,1.584887,0.563
43310,1.579745,0.509
43315,1.575188,0.492
43320,1.573337,0.458
43325,1.576732,0.525
43330,1.576693,0.537
43335,1.580835,0.483
43340,1.580746,0.587
43345,1.575633,0.459
43350,1.579933,0.449
43355,1.581991,0.508
43360,1.576282,0.477
43365,1.578816,0.517
43370,1.574428,0.44
43375,1.577573,0.484
43380,1.574848,0.467
43385,1.577935,0.439
43390,1.572504,0.509
43395,1.57338,0.492
43400,1.576992,0.534
43405,1.57623,0.852
43410,1.576285,0.433
43415,1.589221,0.459
43420,1.574107,0.489
43425,1.572328,0.526
43430,1.568434,0.52
43435,1.585522,0.49
43440,1.575676,0.445
43445,1.57587,0.496
43450,1.584081,0.502
43455,1.574175,0.475
43460,1.576613,0.422
43465,1.577807,0.553
43470,1.573113,0.445
43475,1.587603,0.586
43480,1.575015,0.429
43485,1.573636,0.494
43490,1.570737,0.533
43495,1.57705,0.535
43500,1.580698,0.533
43505,1.579776,0.484
43510,1.579535,0.465
43515,1.571978,0.681
43520,1.583248,0.638
43525,1.576946,0.494
43530,1.57197,0.431
43535,1.575138,0.478
43540,1.572102,0.45
43545,1.582586,0.588
43550,1.571095,0.47
43555,1.572517,0.501
43560,1.576068,0.481
43565,1.579359,0.499
43570,1.579768,0.639
43575,1.57595,0.454
43580,1.56371,0.499
43585,1.579022,0.458
43590,1.574407,0.451
43595,1.573393,0.554
43600,1.57325,0.433
43605,1.58211,0.483
43610,1.574087,0.44
43615,1.574442,0.499
43620,1.580466,0.506
43625,1.57402,0.545
43630,1.576297,0.522
43635,1.575539,0.622
43640,1.57507,0.524
43645,1.576183,0.486
43650,1.573578,0.486
43655,1.581306,0.438
43660,1.567243,0.524
43665,1.575735,0.479
43670,1.572778,0.459
43675,1.581106,0.465
43680,1.575732,0.436
43685,1.580455,0.423
43690,1.577751,0.47
43695,1.582115,0.472
43700,1.573232,0.461
43705,1.577195,0.498
43710,1.586055,0.64
43715,1.567024,0.424
43720,1.581528,0.486
43725,1.577274,0.449
43730,1.584641,0.588
43735,1.568573,0.45
43740,1.573443,0.486
43745,1.57678,0.445
43750,1.577441,0.51
43755,1.580129,0.492
43760,1.582743,0.466
43765,1.570916,0.551
43770,1.579302,0.453
43775,1.57309,0.524
43780,1.571876,0.529
43785,1.574286,0.494
43790,1.577543,0.401
43795,1.581546,0.493
43800,1.577283,0.56
43805,1.579879,0.544
43810,1.576354,0.516
43815,1.57575,0.533
43820,1.584309,0.595
43825,1.579051,0.523
43830,1.567473,0.458
43835,1.579356,0.477
43840,1.567715,0.489
43845,1.581133,0.679
43850,1.575857,0.588
43855,1.570149,0.508
43860,1.575818,0.489
43865,1.580365,0.811
43870,1.571274,0.501
43875,1.574535,0.502
43880,1.576088,0.568
43885,1.583334,0.643
43890,1.575436,0.502
43895,1.580994,0.438
43900,1.573933,0.543
43905,1.572904,0.51
43910,1.576638,0.487
43915,1.572191,0.452
43920,1.579299,0.503
43925,1.58128,0.458
43930,1.575919,0.69
43935,1.577385,0.749
43940,1.578253,0.864
43945,1.579704,0.596
43950,1.572624,0.491
43955,1.582456,0.587
43960,1.579502,0.547
43965,1.57546,0.474
43970,1.575983,0.596
43975,1.572865,0.507
43980,1.577412,0.473
43985,1.577351,0.481
43990,1.562915,0.722
43995,1.569158,0.964
44000,1.581262,0.468
44005,1.577869,0.543
44010,1.571687,0.478
44015,1.574146,0.556
44020,1.582652,0.489
44025,1.57141,0.504
44030,1.574931,0.61
44035,1.576468,0.456
44040,1.585955,0.427
44045,1.571301,0.47
44050,1.578826,0.487
44055,1.5695,0.441
44060,1.573295,0.489
44065,1.57609,0.448
44070,1.571255,0.623
44075,1.584271,0.503
44080,1.579554,0.801
44085,1.580956,0.459
44090,1.567565,0.52
44095,1.581661,0.628
44100,1.575334,0.598
44105,1.577849,0.504
44110,1.577092,0.527
44115,1.57967,0.507
44120,1.571719,0.504
44125,1.569909,0.59
44130,1.575431,0.447
44135,1.571153,0.547
44140,1.571944,0.497
44145,1.575882,0.522
44150,1.573684,0.496
44155,1.574013,0.442
44160,1.5705,0.418
44165,1.570539,0.472
44170,1.58033,0.488
44175,1.577994,0.515
44180,1.580377,0.498
44185,1.578544,0.473
44190,1.577296,0.544
44195,1.575545,0.449
44200,1.579284,0.485
44205,1.566481,0.439
44210,1.570773,0.471
44215,1.573404,0.56
44220,1.57565,0.556
44225,1.567763,0.503
44230,1.578511,0.508
44235,1.570064,0.511
44240,1.571496,0.799
44245,1.580986,0.682
44250,1.573585,0.466
44255,1.570224,0.6
44260,1.577214,0.438
44265,1.575742,0.428
44270,1.570174,0.412
44275,1.574591,0.506
44280,1.576217,0.432
44285,1.561061,0.447
44290,1.577767,0.491
44295,1.574781,0.421
44300,1.570639,0.403
44305,1.572128,0.527
44310,1.574326,0.473
44315,1.571453,0.464
44320,1.568325,0.614
44325,1.575385,0.577
44330,1.571997,0.469
44335,1.5741,0.482
44340,1.57901,0.456
44345,1.572822,0.527
44350,1.571715,0.584
44355,1.561988,0.524
44360,1.574749,0.455
44365,1.570645,0.6
44370,1.575137,0.51
44375,1.570822,0.492
44380,1.575833,0.593
44385,1.575433,0.443
44390,1.576468,0.415
44395,1.578826,0.482
44400,1.578868,0.578
44405,1.576521,0.558
44410,1.580594,0.598
44415,1.577781,0.512
44420,1.560215,0.432
44425,1.577776,0.503
44430,1.574494,0.499
44435,1.571544,0.454
44440,1.575908,0.528
44445,1.555102,0.474
44450,1.568577,0.639
44455,1.573247,0.554
44460,1.585262,0.531
44465,1.569135,0.431
44470,1.574273,0.6
44475,1.576858,0.584
44480,1.585771,0.551
44485,1.567098,0.417
44490,1.577367,0.483
44495,1.566779,0.879
44500,1.574003,0.566
44505,1.568904,0.42
44510,1.57597,0.449
44515,1.572698,0.435
44520,1.577661,0.519
44525,1.572909,0.441
44530,1.574001,0.499
44535,1.559483,0.552
44540,1.582033,0.597
44545,1.571203,0.449
44550,1.581178,0.58
44555,1.569443,0.464
44560,1.574712,0.531
44565,1.575017,0.498
44570,1.578101,0.457
44575,1.579462,0.501
44580,1.569951,0.462
44585,1.571029,0.479
44590,1.581979,0.569
44595,1.572738,0.614
44600,1.573962,0.563
44605,1.575089,0.469
44610,1.565971,0.516
44615,1.569669,0.524
44620,1.576974,0.439
44625,1.584766,0.717
44630,1.574148,0.508
44635,1.568272,0.426
44640,1.578921,0.47
44645,1.560491,0.67
44650,1.568883,0.481
44655,1.570538,0.482
44660,1.565999,0.452
44665,1.581104,0.466
44670,1.567716,0.53
44675,1.574885,0.646
44680,1.572447,0.506
44685,1.570617,0.482
44690,1.578181,0.493
44695,1.577454,0.476
44700,1.572047,0.533
44705,1.568056,0.496
44710,1.574876,0.556
44715,1.575163,0.486
44720,1.573851,0.456
44725,1.5674,0.486
44730,1.565353,0.55
44735,1.574333,0.469
44740,1.577295,0.568
44745,1.565041,0.48
44750,1.568364,0.564
44755,1.572157,0.488
44760,1.576286,0.518
44765,1.566853,0.546
44770,1.573829,0.465
44775,1.565749,0.569
44780,1.565553,0.43
44785,1.581328,0.537
44790,1.568401,0.491
44795,1.567952,0.528
44800,1.572317,0.48
44805,1.575091,0.453
44810,1.570765,0.531
44815,1.570481,0.478
44820,1.58293,0.433
44825,1.573119,0.519
44830,1.568954,0.472
44835,1.572993,0.494
44840,1.578869,0.49
44845,1.567868,0.549
44850,1.568439,0.46
44855,1.593301,0.701
44860,1.594293,0.452
44865,1.580255,0.61
44870,1.57195,0.514
44875,1.583315,0.524
44880,1.569475,0.44
44885,1.578806,0.604
44890,1.572592,0.535
44895,1.565921,0.52
44900,1.578545,0.429
44905,1.566848,0.497
44910,1.570431,0.543
44915,1.579038,0.475
44920,1.569999,0.496
44925,1.573127,0.465
44930,1.576181,0.517
44935,1.565662,0.482
44940,1.573459,0.68
44945,1.579565,0.569
44950,1.560421,0.482
44955,1.579291,0.542
44960,1.567452,0.48
44965,1.569307,0.397
44970,1.573385,0.464
44975,1.578438,0.555
44980,1.571603,0.509
44985,1.561144,0.456
44990,1.564869,0.503
44995,1.571361,0.495
45000,1.563163,0.545
45005,1.575404,0.425
45010,1.570089,0.454
45015,1.575326,0.476
45020,1.567891,0.501
45025,1.567792,0.517
45030,1.570239,0.48
45035,1.570712,0.498
45040,1.575225,0.437
45045,1.57842,0.418
45050,1.575352,0.484
45055,1.574398,0.49
45060,1.572533,0.619
45065,1.578755,0.489
45070,1.571,0.472
45075,1.576432,0.451
45080,1.56566,0.46
45085,1.566736,0.593
45090,1.578144,0.497
45095,1.570857,0.455
45100,1.568731,0.41
45105,1.56693,0.528
45110,1.568663,0.519
45115,1.579882,0.619
45120,1.57922,0.528
45125,1.572095,0.538
45130,1.577415,0.515
45135,1.569277,0.505
45140,1.570537,0.409
45145,1.576735,0.481
45150,1.563331,0.492
45155,1.572183,0.536
45160,1.56696,0.533
45165,1.563452,0.516
45170,1.575415,0.493
45175,1.565448,0.524
45180,1.578372,0.494
45185,1.574924,0.421
45190,1.572565,0.515
45195,1.573895,0.607
45200,1.571739,0.618
45205,1.582548,0.544
45210,1.569688,0.445
45215,1.563704,0.497
45220,1.559411,0.527
45225,1.567927,0.678
45230,1.572983,0.487
45235,1.570965,0.576
45240,1.568455,0.592
45245,1.567731,0.498
45250,1.567659,0.411
45255,1.564913,0.497
45260,1.57178,0.518
45265,1.576928,0.444
45270,1.563881,0.495
45275,1.572067,0.475
45280,1.571691,0.51
45285,1.577262,0.401
45290,1.574937,0.491
45295,1.574084,0.434
45300,1.5693,0.594
45305,1.571705,0.517
45310,1.561953,0.523
45315,1.585438,0.433
45320,1.568006,4.632
45325,1.575547,0.509
45330,1.581588,0.625
45335,1.568318,0.51
45340,1.576487,0.509
45345,1.578009,0.595
45350,1.584077,0.487
45355,1.574196,0.499
45360,1.570311,0.46
45365,1.564418,0.653
45370,1.573268,0.606
45375,1.575567,0.505
45380,1.581003,0.58
45385,1.573499,0.417
45390,1.563668,0.483
45395,1.573859,0.48
45400,1.569309,0.43
45405,1.572696,0.512
45410,1.570938,0.54
45415,1.569447,0.475
45420,1.588432,0.476
45425,1.577687,0.454
45430,1.578346,0.502
45435,1.562989,0.54
45440,1.570539,0.424
45445,1.563216,0.464
45450,1.566232,0.47
45455,1.575731,0.655
45460,1.571771,0.562
45465,1.571933,0.522
45470,1.57619,0.537
45475,1.573609,0.433
45480,1.576775,0.545
45485,1.568199,0.442
45490,1.579579,0.609
45495,1.569675,0.485
45500,1.566775,0.426
45505,1.5765,0.477
45510,1.577459,0.545
45515,1.566732,0.432
45520,1.57101,0.531
45525,1.579169,0.512
45530,1.572685,0.45
45535,1.572154,0.429
45540,1.56788,0.554
45545,1.573075,0.495
45550,1.574076,0.458
45555,1.585158,0.479
45560,1.571674,0.457
45565,1.57382,0.496
45570,1.573174,0.438
45575,1.569488,0.473
45580,1.57975,0.802
45585,1.577078,0.465
45590,1.574544,0.534
45595,1.567915,0.449
45600,1.569093,0.566
45605,1.576735,0.529
45610,1.572773,0.831
45615,1.573777,0.536
45620,1.565403,0.451
45625,1.562428,0.476
45630,1.571968,0.467
45635,1.576116,0.503
45640,1.581284,0.49
45645,1.57583,0.596
45650,1.569629,0.46
45655,1.569322,0.522
45660,1.568791,0.5
45665,1.560475,0.475
45670,1.568977,0.562
45675,1.568781,0.506
45680,1.583215,0.634
45685,1.5629,0.508
45690,1.563481,0.484
45695,1.567046,0.426
45700,1.576818,0.437
45705,1.56742,0.726
45710,1.574297,0.578
45715,1.572055,0.771
45720,1.571436,0.497
45725,1.572529,0.431
45730,1.563882,0.421
45735,1.570939,0.472
45740,1.572411,0.493
45745,1.572888,0.477
45750,1.571408,0.525
45755,1.580153,0.412
45760,1.582296,0.463
45765,1.573948,0.472
45770,1.57882,0.483
45775,1.577346,0.596
45780,1.572783,0.486
45785,1.563926,0.508
45790,1.575556,0.5
45795,1.559068,0.484
45800,1.571956,0.481
45805,1.582361,0.688
45810,1.572375,0.522
45815,1.579868,0.491
45820,1.57334,0.585
45825,1.581569,0.489
45830,1.57016,0.561
45835,1.563764,0.45
45840,1.567628,0.444
45845,1.56865,0.488
45850,1.570425,0.641
45855,1.564161,0.647
45860,1.572244,0.477
45865,1.570014,0.482
45870,1.561041,0.533
45875,1.576834,0.48
45880,1.568301,0.49
45885,1.566169,0.463
45890,1.568062,0.519
45895,1.566933,0.522
45900,1.5699,0.524
45905,1.565505,0.507
45910,1.571823,0.546
45915,1.564693,0.474
45920,1.576757,0.764
45925,1.569415,0.585
45930,1.56146,0.417
45935,1.570419,0.515
45940,1.578364,0.472
45945,1.573653,0.43
45950,1.571698,0.448
45955,1.580459,0.615
45960,1.569777,0.722
45965,1.574995,0.445
45970,1.559753,0.449
45975,1.571906,0.508
45980,1.56854,0.737
45985,1.570782,0.523
45990,1.57624,0.503
45995,1.568543,0.505
46000,1.568734,0.49
46005,1.566311,0.471
46010,1.575329,0.452
46015,1.57142,0.421
46020,1.570241,0.479
46025,1.57585,0.532
46030,1.576887,0.54
46035,1.571804,0.492
46040,1.571462,0.43
46045,1.567599,0.414
46050,1.559871,0.525
46055,1.562532,0.558
46060,1.568397,0.578
46065,1.570802,0.601
46070,1.575386,0.499
46075,1.572759,0.637
46080,1.573945,0.499
46085,1.572404,0.452
46090,1.575083,0.509
46095,1.570937,0.449
46100,1.576134,0.421
46105,1.563138,0.736
46110,1.569645,0.526
46115,1.562124,0.491
46120,1.568197,0.536
46125,1.576729,0.523
46130,1.564822,0.61
46135,1.567732,0.47
46140,1.568675,0.528
46145,1.574514,0.517
46150,1.566044,0.49
46155,1.567007,0.451
46160,1.577117,0.446
46165,1.568906,0.497
46170,1.573476,0.467
46175,1.578996,0.555
46180,1.568268,0.525
46185,1.565849,0.447
46190,1.564697,0.458
46195,1.569228,0.521
46200,1.564628,0.497
46205,1.562635,0.595
46210,1.574347,0.486
46215,1.567027,0.522
46220,1.569215,0.566
46225,1.563983,0.459
46230,1.568201,0.414
46235,1.565059,0.439
46240,1.568191,0.452
46245,1.570827,0.577
46250,1.577304,0.417
46255,1.568941,0.452
46260,1.57338,0.43
46265,1.570003,0.51
46270,1.568716,0.947
46275,1.571989,0.519
46280,1.572861,0.425
46285,1.574452,0.479
46290,1.570801,0.406
46295,1.571355,0.429
46300,1.570538,0.513
46305,1.567361,0.48
46310,1.577076,0.668
46315,1.571441,0.634
46320,1.57475,0.483
46325,1.557722,0.426
46330,1.571552,0.498
46335,1.577412,0.492
46340,1.564435,0.394
46345,1.565656,0.478
46350,1.564385,0.711
46355,1.579194,0.519
46360,1.570616,0.45
46365,1.574103,0.427
46370,1.567769,0.573
46375,1.571145,0.484
46380,1.571468,0.413
46385,1.576683,0.503
46390,1.570946,0.549
46395,1.583583,0.523
46400,1.573155,0.533
46405,1.56548,0.452
46410,1.563313,0.462
46415,1.570589,0.498
46420,1.565836,0.469
46425,1.567166,0.496
46430,1.569003,0.468
46435,1.56846,0.708
46440,1.569326,0.535
46445,1.579107,0.438
46450,1.571659,0.52
46455,1.570139,0.539
46460,1.574247,0.446
46465,1.571146,0.387
46470,1.571056,0.46
46475,1.570307,0.507
46480,1.571546,0.548
46485,1.57042,0.481
46490,1.578827,0.503
46495,1.57781,0.488
46500,1.572177,0.452
46505,1.561577,0.465
46510,1.568731,0.456
46515,1.562394,0.549
46520,1.570338,0.524
46525,1.575999,0.506
46530,1.575838,0.547
46535,1.575289,0.429
46540,1.577005,0.541
46545,1.569433,0.512
46550,1.571323,0.425
46555,1.561603,0.515
46560,1.571471,0.526
46565,1.571008,0.468
46570,1.565063,0.419
46575,1.573514,0.57
46580,1.573187,0.539
46585,1.571863,0.595
46590,1.574013,0.473
46595,1.568945,0.471
46600,1.567081,0.555
46605,1.571439,0.538
46610,1.572297,0.478
46615,1.562046,0.457
46620,1.572995,0.471
46625,1.575565,0.431
46630,1.558994,0.513
46635,1.573601,0.5
46640,1.568951,0.623
46645,1.564346,0.588
46650,1.567291,0.488
46655,1.562822,0.543
46660,1.558373,0.464
46665,1.565355,0.465
46670,1.56397,0.469
46675,1.57234,0.606
46680,1.577981,0.823
46685,1.576318,0.491
46690,1.576464,0.65
46695,1.571235,0.788
46700,1.574624,0.482
46705,1.576856,0.476
46710,1.567738,0.453
46715,1.558121,0.431
46720,1.562715,0.56
46725,1.571964,0.484
46730,1.574627,0.448
46735,1.572388,0.514
46740,1.566362,0.521
46745,1.567892,0.418
46750,1.572184,0.437
46755,1.574724,0.506
46760,1.570313,0.484
46765,1.570553,0.434
46770,1.567933,0.507
46775,1.572813,0.525
46780,1.565435,0.489
46785,1.56706,0.496
46790,1.572385,0.435
46795,1.569534,0.421
46800,1.56708,0.525
46805,1.563114,0.489
46810,1.57065,0.427
46815,1.567073,0.433
46820,1.564397,0.446
46825,1.577305,0.482
46830,1.562677,0.711
46835,1.573412,0.529
46840,1.573673,0.476
46845,1.564757,0.519
46850,1.576506,0.594
46855,1.567218,0.459
46860,1.559131,0.499
46865,1.572188,0.481
46870,1.56327,0.553
46875,1.571215,0.471
46880,1.570519,0.734
46885,1.566673,0.509
46890,1.564983,0.466
46895,1.576149,0.552
46900,1.565964,0.532
46905,1.573716,0.622
46910,1.56709,0.401
46915,1.569634,0.482
46920,1.559535,0.406
46925,1.574504,0.43
46930,1.571126,0.447
46935,1.576178,0.534
46940,1.562874,0.455
46945,1.566856,0.561
46950,1.561171,0.486
46955,1.566248,0.426
46960,1.568095,0.487
46965,1.556764,0.431
46970,1.565681,0.586
46975,1.577251,0.568
46980,1.566452,0.589
46985,1.567989,0.441
46990,1.562237,0.416
46995,1.570326,0.426
47000,1.567207,0.455
47005,1.569286,2.573
47010,1.573393,0.717
47015,1.569262,0.493
47020,1.575357,0.51
47025,1.569028,0.53
47030,1.560674,0.577
47035,1.569125,0.451
47040,1.565165,0.461
47045,1.560119,0.495
47050,1.563714,0.489
47055,1.572831,0.633
47060,1.566902,0.629
47065,1.568129,0.711
47070,1.560451,0.452
47075,1.567755,0.412
47080,1.565538,0.447
47085,1.563464,0.474
47090,1.570812,0.543
47095,1.56943,0.479
47100,1.572304,0.444
47105,1.571823,0.542
47110,1.567106,0.478
47115,1.570608,0.418
47120,1.577199,0.505
47125,1.563151,0.51
47130,1.566871,0.466
47135,1.575196,0.485
47140,1.579545,0.413
47145,1.572725,0.52
47150,1.570631,0.709
47155,1.566031,0.438
47160,1.572365,0.424
47165,1.572918,0.49
47170,1.568502,0.509
47175,1.568331,0.585
47180,1.57555,0.461
47185,1.557811,0.452
47190,1.565335,0.453
47195,1.559525,0.588
47200,1.563951,0.482
47205,1.563897,0.487
47210,1.564194,0.488
47215,1.566761,0.649
47220,1.574334,0.562
47225,1.572501,0.479
47230,1.568529,0.445
47235,1.568097,0.519
47240,1.578809,0.484
47245,1.570492,0.415
47250,1.564068,0.521
47255,1.574168,0.436
47260,1.563301,0.574
47265,1.573053,0.847
47270,1.570486,0.444
47275,1.568099,0.565
47280,1.563715,0.413
47285,1.567807,0.435
47290,1.571486,0.517
47295,1.571153,0.49
47300,1.564777,0.441
47305,1.566379,0.515
47310,1.56964,0.572
47315,1.565985,0.536
47320,1.561209,0.472
47325,1.566644,0.491
47330,1.558555,0.749
47335,1.561465,0.506
47340,1.568269,0.525
47345,1.568732,0.529
47350,1.567284,0.436
47355,1.565936,0.53
47360,1.563342,0.473
47365,1.580928,0.415
47370,1.569628,0.517
47375,1.560188,0.491
47376,1.565694,0.477
47380,1.561836,0.451
47385,1.56387,0.459
47390,1.576183,0.431
47395,1.562491,0.452
47400,1.565705,0.516
47405,1.5692,0.44
47410,1.570096,0.424
47415,1.567626,0.415
47420,1.566829,0.757
47425,1.570488,0.574
47430,1.565583,0.533
47435,1.572771,0.423
47440,1.569928,0.465
47445,1.567437,0.537
47450,1.566224,0.52
47455,1.571416,0.448
47460,1.56255,0.482
47465,1.568706,0.539
47470,1.568482,0.439
47475,1.567329,0.503
47480,1.575665,0.556
47485,1.564809,0.417
47490,1.567953,0.453
47495,1.565644,0.459
47500,1.575671,0.535
47505,1.574755,0.532
47510,1.572388,0.704
47515,1.570437,0.482
47520,1.566463,0.545
47525,1.563871,0.557
47530,1.55658,0.542
47535,1.574002,0.621
47540,1.570682,0.586
47545,1.569797,0.606
47550,1.569027,0.517
47555,1.56892,0.615
47560,1.557167,0.508
47565,1.563945,0.455
47570,1.572141,0.582
47575,1.568381,0.408
47580,1.565388,0.5
47585,1.569188,0.632
47590,1.55697,0.499
47595,1.566562,0.534
47600,1.566651,0.455
47605,1.578704,0.49
47610,1.569321,0.451
47615,1.555859,0.473
47620,1.56345,0.472
47625,1.561482,0.42
47630,1.567959,0.583
47635,1.570141,0.509
47640,1.578882,0.427
47645,1.570988,0.417
47650,1.56501,0.664
47655,1.552945,0.613
47660,1.5674,0.565
47665,1.571664,0.444
47670,1.567028,0.458
47675,1.561801,0.463
47680,1.568083,0.651
47685,1.561144,0.47
47690,1.563093,0.533
47695,1.567971,0.513
47700,1.577876,0.437
47705,1.570623,0.559
47710,1.568992,0.463
47715,1.574759,0.614
47720,1.564015,0.477
47725,1.564438,0.471
47730,1.567438,0.498
47735,1.55941,0.455
47740,1.568511,0.511
47745,1.569229,0.479
47750,1.567439,0.468
47755,1.56314,0.527
47760,1.567508,0.501
47765,1.574476,0.604
47770,1.564625,0.452
47775,1.569754,0.472
47780,1.558046,0.488
47785,1.563859,0.445
47790,1.567603,0.599
47795,1.566619,0.6
47800,1.566117,0.588
47805,1.567236,0.463
47810,1.565315,0.511
47815,1.573922,0.665
47820,1.575073,0.459
47825,1.573184,0.463
47830,1.570716,0.505
47835,1.567505,0.523
47840,1.566295,0.468
47845,1.573238,0.398
47850,1.567282,0.596
47855,1.566187,0.495
47860,1.576003,0.54
47865,1.566542,0.64
47870,1.567973,0.45
47875,1.564825,0.469
47880,1.572845,0.464
47885,1.575335,0.433
47890,1.577228,0.487
47895,1.568901,0.506
47900,1.56741,0.507
47905,1.572075,0.488
47910,1.56763,0.451
47915,1.568628,0.626
47920,1.571486,0.515
47925,1.558272,0.459
47930,1.55777,0.472
47935,1.577664,0.454
47940,1.563971,0.641
47945,1.567622,0.486
47950,1.55469,0.461
47955,1.569142,0.453
47960,1.575649,0.858
47965,1.559306,0.697
47970,1.568201,0.502
47975,1.572855,0.492
47980,1.563797,0.47
47985,1.569775,0.514
47990,1.568196,0.436
47995,1.566962,0.469
48000,1.558622,0.439
48001,1.545382,0.492
48005,1.56049,0.498
48010,1.556736,0.517
48015,1.572209,0.47
48020,1.567951,0.459
48025,1.569439,0.47
48030,1.567685,0.476
48035,1.569385,0.471
48040,1.561171,0.428
48045,1.570894,0.456
48050,1.571791,0.738
48055,1.571812,0.596
48060,1.564273,0.443
48065,1.57049,0.67
48070,1.571108,0.557
48075,1.567151,0.434
48080,1.574113,0.457
48085,1.563252,0.49
48090,1.56859,0.493
48095,1.570869,0.466
48100,1.563461,0.534
48105,1.557527,0.422
48110,1.566798,0.471
48115,1.570667,0.577
48120,1.56547,0.453
48125,1.570101,0.443
48130,1.567041,0.416
48135,1.569937,0.469
48140,1.565424,0.53
48145,1.557083,0.518
48150,1.572797,0.394
48155,1.562695,0.603
48160,1.564237,0.556
48165,1.573116,0.421
48170,1.568542,0.549
48175,1.564012,0.542
48180,1.567704,0.455
48185,1.569834,0.48
48190,1.571821,0.491
48195,1.566312,0.526
48200,1.562629,0.513
48205,1.567121,0.747
48210,1.564827,0.517
48215,1.576555,0.553
48220,1.565311,0.445
48225,1.563008,0.491
48230,1.560696,0.553
48235,1.574712,0.521
48240,1.570783,0.456
48245,1.561721,0.518
48250,1.56516,0.538
48255,1.562916,0.478
48260,1.57039,0.41
48265,1.562896,0.456
48270,1.56789,0.617
48275,1.572853,0.482
48280,1.563883,0.464
48285,1.569697,0.43
48290,1.569223,0.481
48295,1.558217,0.498
48300,1.566449,0.56
48305,1.560185,0.456
48310,1.570501,0.522
48315,1.55626,0.502
48320,1.557752,0.677
48325,1.565847,0.522
48330,1.573515,0.474
48335,1.570749,0.514
48340,1.561769,0.602
48345,1.563011,0.451
48350,1.570292,0.555
48355,1.563507,0.527
48360,1.56434,0.482
48365,1.568291,0.553
48370,1.562353,0.427
48375,1.576869,0.482
48380,1.577729,0.508
48385,1.576001,0.479
48390,1.575275,0.458
48395,1.556563,0.495
48400,1.564529,0.609
48405,1.557121,0.431
48410,1.575751,0.515
48415,1.562354,0.602
48420,1.560288,0.436
48425,1.563719,0.609
48430,1.573624,0.53
48435,1.558694,0.465
48440,1.565433,0.537
48445,1.564838,0.489
48450,1.56596,0.559
48455,1.566626,0.589
48460,1.578266,0.477
48465,1.565426,0.582
48470,1.56181,0.557
48475,1.561391,0.634
48480,1.569503,0.489
48485,1.559546,0.459
48490,1.559706,0.487
48495,1.558796,0.459
48500,1.571048,0.559
48501,1.566649,0.592
48505,1.568669,0.636
48510,1.556543,0.534
48515,1.557067,0.572
48520,1.567981,0.616
48525,1.562783,0.539
48530,1.565956,0.489
48535,1.578822,0.472
48540,1.566081,0.511
48545,1.566897,0.544
48550,1.563161,0.58
48555,1.570129,0.519
48560,1.561583,0.468
48565,1.561644,0.47
48570,1.567405,0.553
48575,1.570871,0.5
48580,1.570781,0.493
48585,1.566605,0.505
48590,1.55954,0.955
48595,1.567533,1.008
48600,1.564907,0.494
48605,1.573117,0.449
48610,1.569747,0.52
48615,1.556134,0.587
48620,1.564637,0.509
48625,1.55866,0.551
48630,1.565584,0.562
48635,1.565483,0.483
48640,1.56375,0.423
48645,1.567298,0.552
48650,1.570675,0.456
48655,1.564121,0.484
48660,1.566747,0.457
48665,1.564729,0.476
48670,1.569962,0.553
48675,1.562338,0.508
48680,1.564471,0.554
48685,1.569941,0.521
48690,1.562845,0.539
48695,1.554517,0.439
48700,1.562509,0.474
48705,1.563039,0.595
48710,1.562496,0.797
48715,1.569113,0.44
48720,1.567597,0.479
48725,1.561686,0.594
48730,1.572066,0.439
48735,1.559882,0.579
48740,1.568807,0.485
48745,1.571137,0.512
48750,1.560798,0.409
48755,1.572314,0.497
48760,1.56985,0.458
48765,1.555327,0.525
48770,1.561814,0.577
48775,1.562292,0.479
48780,1.565596,0.485
48785,1.571765,0.495
48790,1.560706,0.511
48795,1.564832,0.601
48800,1.562239,0.66
48805,1.573034,0.576
48810,1.564277,0.557
48815,1.561964,0.735
48820,1.567286,0.552
48825,1.564235,0.634
48830,1.569256,0.484
48835,1.5568,0.528
48840,1.569124,0.462
48845,1.571043,0.47
48850,1.565183,0.441
48855,1.56564,0.687
48860,1.569779,0.449
48865,1.566375,0.819
48870,1.570029,0.484
48875,1.573236,0.497
48880,1.559501,0.535
48885,1.561076,0.486
48890,1.563627,0.531
48895,1.578307,0.468
48900,1.569808,0.459
48905,1.563365,0.545
48910,1.568281,0.469
48915,1.562262,0.455
48920,1.5649,0.577
48925,1.558261,0.495
48930,1.567317,0.499
48935,1.56153,0.458
48940,1.568102,0.518
48945,1.558581,0.459
48950,1.563071,0.507
48955,1.557518,0.581
48960,1.571058,0.564
48965,1.562315,0.549
48970,1.570868,0.415
48975,1.561056,0.513
48980,1.57325,0.518
48985,1.559782,0.496
48990,1.565582,0.502
48995,1.560031,0.551
49000,1.568795,0.518
49005,1.56756,0.516
49010,1.565704,0.491
49015,1.568315,0.479
49020,1.565292,0.698
49025,1.567484,0.485
49030,1.560235,0.581
49035,1.566076,0.451
49040,1.566819,0.464
49045,1.56339,0.556
49050,1.562603,0.55
49055,1.561655,0.512
49060,1.568945,0.544
49065,1.554109,0.681
49070,1.564564,0.728
49075,1.565038,0.678
49080,1.560725,0.576
49085,1.566759,0.455
49090,1.558186,0.418
49095,1.572265,0.533
49100,1.567387,0.57
49105,1.556996,0.577
49110,1.563918,0.519
49115,1.568225,0.464
49120,1.567978,0.413
49125,1.560341,0.5
49130,1.550257,0.577
49135,1.569927,0.635
49140,1.568286,0.595
49145,1.560174,0.462
49150,1.557105,0.478
49155,1.567677,0.458
49160,1.56307,0.647
49165,1.571497,0.515
49170,1.566126,0.508
49175,1.567344,0.489
49180,1.561596,0.496
49185,1.570521,0.59
49190,1.573033,0.624
49195,1.567387,0.468
49200,1.568676,0.569
49205,1.562844,0.438
49210,1.563014,0.473
49215,1.569508,0.531
49220,1.566376,0.497
49225,1.566404,0.723
49230,1.566226,0.48
49235,1.565854,0.473
49240,1.562249,0.458
49245,1.557192,0.473
49250,1.563464,0.496
49255,1.559841,0.542
49260,1.566026,0.486
49265,1.565546,0.416
49270,1.56005,0.431
49275,1.552045,0.591
49280,1.553494,0.549
49285,1.568726,0.611
49290,1.561514,0.592
49295,1.566381,0.675
49300,1.56508,0.449
49305,1.565137,0.478
49310,1.569039,0.632
49315,1.562701,0.506
49320,1.559687,0.523
49325,1.560843,0.452
49330,1.560348,0.483
49335,1.567383,0.526
49340,1.562606,0.53
49345,1.555895,0.485
49350,1.564519,0.493
49355,1.569063,0.442
49360,1.55996,0.48
49365,1.56217,0.455
49370,1.565173,0.48
49375,1.572662,0.5
49380,1.555659,0.551
49385,1.560454,0.547
49390,1.567376,0.578
49395,1.562951,0.535
49400,1.559891,0.474
49405,1.560126,0.548
49410,1.563562,0.547
49415,1.566788,0.461
49420,1.562116,0.448
49425,1.559986,0.563
49430,1.569071,0.464
49435,1.556174,0.472
49440,1.562379,0.462
49445,1.56687,0.539
49450,1.568691,0.563
49455,1.559994,0.456
49460,1.557221,0.498
49465,1.569181,0.552
49470,1.560188,0.531
49475,1.559243,0.663
49480,1.554058,0.566
49485,1.558913,0.589
49490,1.567227,0.468
49495,1.56738,0.44
49500,1.560372,0.53
49505,1.567613,0.548
49510,1.564402,0.568
49515,1.568336,0.546
49520,1.55658,0.527
49525,1.566278,0.637
49530,1.569047,0.556
49535,1.567341,0.476
49540,1.563882,0.518
49545,1.564536,0.472
49550,1.570276,0.537
49555,1.568254,0.54
49560,1.565549,0.547
49565,1.561774,0.436
49570,1.566554,0.423
49575,1.56034,0.661
49580,1.564333,0.495
49585,1.565572,0.66
49590,1.562224,0.512
49595,1.564335,0.614
49600,1.564504,0.617
49605,1.567793,0.503
49610,1.563224,0.472
49615,1.555884,0.467
49620,1.56863,0.54
49625,1.552157,0.462
49630,1.564708,0.452
49635,1.557546,0.474
49640,1.56495,0.63
49645,1.568493,0.506
49650,1.549642,0.5
49655,1.568934,0.458
49660,1.569954,0.488
49665,1.555953,0.497
49670,1.563645,0.539
49675,1.56311,0.493
49680,1.571241,0.616
49685,1.565209,0.483
49690,1.55939,0.557
49695,1.565332,0.521
49700,1.56373,0.526
49705,1.551988,0.566
49710,1.557001,0.513
49715,1.567877,0.545
49720,1.568773,0.54
49725,1.568764,0.578
49730,1.560828,0.495
49735,1.560196,0.443
49740,1.572682,0.516
49745,1.564008,0.487
49750,1.561443,0.464
49755,1.562816,0.685
49760,1.566812,0.469
49765,1.562644,0.455
49770,1.568442,0.573
49775,1.561908,0.8
49780,1.570446,0.626
49785,1.566561,0.905
49790,1.563223,0.436
49795,1.570325,0.463
49800,1.564073,0.528
49805,1.566291,0.528
49810,1.566259,0.647
49815,1.559404,0.571
49820,1.570388,0.48
49825,1.563474,0.519
49830,1.56552,0.475
49835,1.561329,0.543
49840,1.563708,0.447
49845,1.566941,0.665
49850,1.564306,0.485
49855,1.559111,0.492
49860,1.563142,0.598
49865,1.561595,0.574
49870,1.567624,0.705
49875,1.563017,0.67
49880,1.557421,0.568
49885,1.56676,0.662
49890,1.562689,0.471
49895,1.561989,0.404
49900,1.561206,0.585
49905,1.565267,0.584
49910,1.56988,0.51
49915,1.561686,0.47
49920,1.563688,0.585
49925,1.570348,0.641
49930,1.571466,0.538
49935,1.569267,0.634
49940,1.567708,0.437
49945,1.566284,0.468
49950,1.562434,0.509
49955,1.570885,0.598
49960,1.56258,0.53
49965,1.56335,0.409
49970,1.570478,0.558
49975,1.560598,0.523
49980,1.574665,0.512
49985,1.564903,0.499
49990,1.559459,0.575
49995,1.558589,0.477
50000,1.564965,0.489
50005,1.566523,0.507
50010,1.561565,0.451
50015,1.568726,0.509
50020,1.558689,0.48
50025,1.564143,0.5
50030,1.564168,0.498
50035,1.564563,0.666
50040,1.556514,0.588
50045,1.5674,0.45
50050,1.570752,0.527
50055,1.56179,0.513
50060,1.556136,0.513
50065,1.564061,0.433
50070,1.56173,0.469
50075,1.571069,0.677
50080,1.560389,0.499
50085,1.55454,0.473
50090,1.560549,0.623
50095,1.568434,0.537
50100,1.568684,0.593
50105,1.565976,0.434
50110,1.56108,0.564
50115,1.563936,0.428
50120,1.568496,0.437
50125,1.568162,0.468
50130,1.562565,0.505
50135,1.566278,0.481
50140,1.570401,0.515
50145,1.559552,0.569
50150,1.564542,0.546
50155,1.558985,0.484
50160,1.554053,0.499
50165,1.563289,0.558
50170,1.563476,0.458
50175,1.555255,0.502
50180,1.568162,0.43
50185,1.566082,0.505
50190,1.562627,0.58
50195,1.562616,0.455
50200,1.571334,0.469
50205,1.555877,0.483
50210,1.56845,0.529
50215,1.566307,0.755
50220,1.56725,0.525
50225,1.567824,0.588
50230,1.563584,0.466
50235,1.55249,1.026
50240,1.555116,0.501
50245,1.560623,0.483
50250,1.560081,0.987
50255,1.551545,0.496
50260,1.563534,0.513
50265,1.561539,0.558
50270,1.562236,0.439
50275,1.558183,0.514
50280,1.554449,0.588
50285,1.559743,0.445
50290,1.559917,0.487
50295,1.565963,0.522
50300,1.56807,0.468
50305,1.55538,0.485
50310,1.56473,0.508
50315,1.565097,0.592
50320,1.562882,0.487
50325,1.565679,0.455
50330,1.568959,0.422
50335,1.562412,0.556
50340,1.56922,0.523
50345,1.561928,0.504
50350,1.567274,0.474
50355,1.561899,0.432
50360,1.565305,0.539
50365,1.564534,0.726
50370,1.56672,0.464
50375,1.568337,0.465
50380,1.561146,0.444
50385,1.566857,0.484
50390,1.560378,0.463
50395,1.5597,0.455
50400,1.561358,0.541
50405,1.560285,0.476
50410,1.561463,0.6
50415,1.568453,0.739
50420,1.563659,0.597
50425,1.568593,0.508
50430,1.552519,0.539
50435,1.569411,0.626
50440,1.560225,0.469
50445,1.556583,0.566
50450,1.557935,0.537
50455,1.560532,0.556
50460,1.564696,0.574
50465,1.563605,0.505
50470,1.552911,0.485
50475,1.558945,0.489
50480,1.553284,0.48
50485,1.565589,0.403
50490,1.56733,0.535
50495,1.557772,0.565
50500,1.569659,0.46
50505,1.56979,0.605
50510,1.566895,0.49
50515,1.569711,0.521
50520,1.562674,0.499
50525,1.565236,0.453
50530,1.566982,0.65
50535,1.566009,0.492
50540,1.565635,0.433
50545,1.562581,0.498
50550,1.563221,0.527
50555,1.560369,0.494
50560,1.569599,0.532
50565,1.568487,0.467
50570,1.561706,0.452
50575,1.567011,0.585
50580,1.572007,0.641
50585,1.559754,0.525
50590,1.561258,0.485
50595,1.564483,0.498
50600,1.560916,0.765
50605,1.564306,0.572
50610,1.559615,0.522
50615,1.562233,0.427
50620,1.556626,0.473
50625,1.556766,0.58
50630,1.562166,0.611
50635,1.558064,0.586
50640,1.557493,0.49
50645,1.565308,0.456
50650,1.551855,0.54
50655,1.556179,0.507
50660,1.565947,0.467
50665,1.558595,0.546
50670,1.557888,0.543
50675,1.572313,0.501
50680,1.561084,0.553
50685,1.559734,0.439
50690,1.557348,0.527
50695,1.566862,0.555
50700,1.562336,0.548
50705,1.566746,0.486
50710,1.563051,0.492
50715,1.559882,0.447
50720,1.558725,0.54
50725,1.561117,0.489
50730,1.557247,0.54
50735,1.563753,0.658
50740,1.560225,0.499
50745,1.566697,0.438
50750,1.572317,0.494
50755,1.568994,0.459
50760,1.561042,0.638
50765,1.564696,0.564
50770,1.56776,0.659
50775,1.570863,0.593
50780,1.557473,0.509
50785,1.564986,0.543
50790,1.556482,0.464
50795,1.554252,0.53
50800,1.56192,0.572
50805,1.562579,0.553
50810,1.55707,0.532
50815,1.555731,0.519
50820,1.561064,0.43
50825,1.559705,0.513
50830,1.556635,0.463
50835,1.56347,0.438
50840,1.555663,0.522
50845,1.560017,0.507
50850,1.559004,0.472
50855,1.567349,0.586
50860,1.570448,0.639
50865,1.559314,0.507
50870,1.5683,0.412
50875,1.564001,0.478
50880,1.563682,0.59
50885,1.55211,0.614
50890,1.55983,0.447
50895,1.568837,0.49
50900,1.56937,0.507
50905,1.563863,0.524
50910,1.565498,0.605
50915,1.569752,0.521
50920,1.561194,0.499
50925,1.561918,0.572
50930,1.568792,0.497
50935,1.560568,0.475
50940,1.557344,0.503
50945,1.571741,0.616
50950,1.558849,0.454
50955,1.562684,0.458
50960,1.56322,0.551
50965,1.554609,0.534
50970,1.56498,0.613
50975,1.560178,0.422
50980,1.563633,0.513
50985,1.558405,0.562
50990,1.55602,0.593
50995,1.560341,0.493
51000,1.558542,0.487
51005,1.559597,0.452
51010,1.564539,0.509
51015,1.559756,0.489
51020,1.568187,0.559
51025,1.560576,0.448
51030,1.567858,0.622
51035,1.564436,0.492
51040,1.566256,0.642
51045,1.557634,0.467
51050,1.551013,0.457
51055,1.56636,0.535
51060,1.560126,0.676
51065,1.553627,0.499
51070,1.56059,0.512
51075,1.557796,0.483
51080,1.555821,0.63
51085,1.565777,0.62
51090,1.558342,0.85
51095,1.555748,0.52
51100,1.567283,0.449
51105,1.561202,0.449
51110,1.563253,0.535
51115,1.553408,0.497
51120,1.555742,0.503
51125,1.567791,0.47
51130,1.559967,0.516
51135,1.56054,0.55
51140,1.559718,0.435
51145,1.561055,0.554
51150,1.569656,0.451
51155,1.560077,0.446
51160,1.563059,0.454
51165,1.565648,0.526
51170,1.563469,0.569
51175,1.554734,0.549
51180,1.567282,0.619
51185,1.561596,0.722
51190,1.571706,0.55
51195,1.558494,0.529
51200,1.558527,0.479
51205,1.563466,0.45
51210,1.565062,0.472
51215,1.571252,0.507
51220,1.563633,0.477
51225,1.558559,0.589
51230,1.552943,0.437
51235,1.558261,0.519
51240,1.55638,0.56
51245,1.554341,0.619
51250,1.566265,0.492
51255,1.56664,0.42
51260,1.56105,0.74
51265,1.562276,0.61
51270,1.567181,0.478
51275,1.565397,0.472
51280,1.561521,0.491
51285,1.557621,0.508
51290,1.566973,0.572
51295,1.553459,0.471
51300,1.56791,0.499
51305,1.562218,0.474
51310,1.555698,0.587
51315,1.562851,0.552
51320,1.566661,0.508
51325,1.560586,0.757
51330,1.569643,0.537
51335,1.557495,0.49
51340,1.560675,0.614
51345,1.559474,0.656
51350,1.566415,0.481
51355,1.561189,0.448
51360,1.563074,0.429
51365,1.556401,0.545
51370,1.570207,0.691
51375,1.551576,0.49
51380,1.555623,0.437
51385,1.554883,0.498
51390,1.557255,0.513
51395,1.564563,0.513
51400,1.552548,0.533
51405,1.557231,0.574
51410,1.564666,0.538
51415,1.559431,0.622
51420,1.558784,0.492
51425,1.565419,0.542
51430,1.559069,0.561
51435,1.561549,0.515
51440,1.563623,0.458
51445,1.55762,0.49
51450,1.557259,0.521
51455,1.562594,0.6
51460,1.55697,0.593
51465,1.563624,0.45
51470,1.566072,0.437
51475,1.561334,0.676
51480,1.56202,0.544
51485,1.558218,0.462
51490,1.565911,0.604
51495,1.562945,0.446
51500,1.570022,0.445
51505,1.560803,0.509
51510,1.56411,0.422
51515,1.558484,0.511
51520,1.559755,0.409
51525,1.565913,0.545
51530,1.565743,0.443
51535,1.565068,0.461
51540,1.56756,0.459
51545,1.572262,0.503
51550,1.557515,0.513
51555,1.548008,0.55
51560,1.561989,0.529
51565,1.566062,0.501
51570,1.561824,0.492
51575,1.568128,0.481
51580,1.557722,0.718
51585,1.564331,0.469
51590,1.565893,0.568
51595,1.556734,0.515
51600,1.56185,0.768
51605,1.559518,0.649
51610,1.558376,0.44
51615,1.559866,0.53
51620,1.56498,0.536
51625,1.559043,0.608
51630,1.569403,0.508
51635,1.553211,0.517
51640,1.557007,0.471
51645,1.566819,0.486
51650,1.563019,0.473
51655,1.552322,0.488
51660,1.565717,0.515
51665,1.567123,0.555
51670,1.551611,0.66
51675,1.564629,0.642
51680,1.554382,0.441
51685,1.553865,0.505
51690,1.552936,0.558
51695,1.565464,0.482
51700,1.562059,0.531
51705,1.566483,0.587
51710,1.556234,0.643
51715,1.580047,0.495
51720,1.556895,0.446
51725,1.563189,0.558
51730,1.557688,0.519
51735,1.557756,0.512
51740,1.562758,0.587
51745,1.562922,0.494
51750,1.550403,0.479
51755,1.555355,0.478
51760,1.559516,0.541
51765,1.571968,0.469
51770,1.560282,0.441
51775,1.568005,0.623
51780,1.556996,0.56
51785,1.569314,0.51
51790,1.56052,0.445
51795,1.55861,0.56
51800,1.558291,0.518
51805,1.558437,0.481
51810,1.55696,0.432
51815,1.563146,0.495
51820,1.561986,0.471
51825,1.56783,0.44
51830,1.55222,0.551
51835,1.562358,0.574
51840,1.564056,0.468
51845,1.561484,0.475
51850,1.565888,0.589
51855,1.55791,0.471
51860,1.557051,0.458
51865,1.560678,0.436
51870,1.565753,0.496
51875,1.558296,0.554
51880,1.56438,0.568
51885,1.553114,0.557
51890,1.557143,0.47
51895,1.5666,0.54
51900,1.571173,0.606
51905,1.564088,0.475
51910,1.564634,0.541
51915,1.552746,0.54
51920,1.562057,0.495
51925,1.555168,0.504
51930,1.557373,0.556
51935,1.563787,0.476
51940,1.561965,0.481
51945,1.569496,0.507
51950,1.563081,0.63
51955,1.565099,0.698
51960,1.554588,0.518
51965,1.550562,0.458
51970,1.557389,0.468
51975,1.554145,0.487
51980,1.560047,0.54
51985,1.566666,0.489
51990,1.556716,0.496
51995,1.564196,0.661
52000,1.563354,0.668
52005,1.554719,0.536
52010,1.556672,0.45
52015,1.560741,0.566
52020,1.562994,0.458
52025,1.556743,0.52
52030,1.559994,0.595
52035,1.553955,0.496
52040,1.564046,0.436
52045,1.550203,0.522
52050,1.561563,0.518
52055,1.551247,0.576
52060,1.561294,0.542
52065,1.569572,0.525
52070,1.558566,0.476
52075,1.565498,0.458
52080,1.556282,0.866
52085,1.553443,0.699
52090,1.556427,0.494
52095,1.562443,0.488
52100,1.566727,0.475
52105,1.553555,0.452
52110,1.559491,0.465
52115,1.570109,0.487
52120,1.562897,0.472
52125,1.565178,0.468
52130,1.547932,0.457
52135,1.558632,0.582
52140,1.562216,0.52
52145,1.555749,0.533
52150,1.564186,0.451
52155,1.561697,0.487
52160,1.555332,0.588
52165,1.55632,0.48
52170,1.555329,0.525
52175,1.557368,0.483
52180,1.561807,0.556
52185,1.564993,0.539
52190,1.556217,0.678
52195,1.557201,0.491
52200,1.550613,0.527
52205,1.560568,0.512
52210,1.5471,0.491
52215,1.549452,0.497
52220,1.565001,0.592
52225,1.558492,0.546
52230,1.548626,0.412
52235,1.559694,0.601
52240,1.566633,0.457
52245,1.561028,0.505
52250,1.556884,0.623
52255,1.567936,0.562
52260,1.557811,0.46
52265,1.549108,0.511
52270,1.562058,0.493
52275,1.565814,0.484
52280,1.553502,0.45
52285,1.564249,0.421
52290,1.561215,0.529
52295,1.558867,0.464
52300,1.553409,0.587
52305,1.557508,0.441
52310,1.558777,0.442
52315,1.56602,0.517
52320,1.55627,0.58
52325,1.555276,0.54
52330,1.556726,0.511
52335,1.558549,0.421
52340,1.559714,0.478
52345,1.562086,0.528
52350,1.558329,0.79
52355,1.559582,0.547
52360,1.559523,0.59
52365,1.553303,0.538
52370,1.564089,0.477
52375,1.563178,0.574
52380,1.556596,0.566
52385,1.556187,0.487
52390,1.563323,0.459
52395,1.56275,0.614
52400,1.553917,0.695
52405,1.559954,0.728
52410,1.558738,0.67
52415,1.553477,0.493
52420,1.564346,0.513
52425,1.559729,0.521
52430,1.566254,0.445
52435,1.558991,0.436
52440,1.566308,0.615
52445,1.562421,0.618
52450,1.564902,0.831
52455,1.559469,0.459
52460,1.566529,0.507
52465,1.546456,0.461
52470,1.556074,0.512
52475,1.570658,0.518
52480,1.559314,0.546
52485,1.556691,0.412
52490,1.557669,0.438
52495,1.562158,0.514
52500,1.561045,0.475
52505,1.557933,0.46
52510,1.559962,0.515
52515,1.552333,0.606
52520,1.561128,0.481
52525,1.557127,0.435
52530,1.560441,0.605
52535,1.546124,0.539
52540,1.556688,0.558
52545,1.564074,0.442
52550,1.569055,0.477
52555,1.561217,0.46
52560,1.559529,0.556
52565,1.556265,0.43
52570,1.551835,0.532
52575,1.548774,0.503
52580,1.555353,0.455
52585,1.558993,0.613
52590,1.56049,0.631
52595,1.561736,0.495
52600,1.555323,0.5
52605,1.555262,0.502
52610,1.555261,0.479
52615,1.555533,0.493
52620,1.561311,0.537
52625,1.5646,0.446
52630,1.55513,0.495
52635,1.560456,0.5
52640,1.561982,1.245
52645,1.573346,0.534
52650,1.561651,0.81
52655,1.553627,0.525
52660,1.559553,0.488
52665,1.558619,0.464
52670,1.563292,0.443
52675,1.551721,0.732
52680,1.559143,0.638
52685,1.561661,0.539
52690,1.555791,0.427
52695,1.558724,0.465
52700,1.554398,0.496
52705,1.554777,0.485
52710,1.566559,0.554
52715,1.561663,0.513
52720,1.560711,0.511
52725,1.553491,0.482
52730,1.556075,0.518
52735,1.556882,0.449
52740,1.569353,0.655
52745,1.55429,0.493
52750,1.555826,0.423
52755,1.562519,0.473
52760,1.560228,0.508
52765,1.553752,0.6
52770,1.559394,0.459
52775,1.557176,0.438
52780,1.55703,0.488
52785,1.55292,0.545
52790,1.548569,0.447
52795,1.549944,0.547
52800,1.560336,0.476
52805,1.567728,0.553
52810,1.55314,0.547
52815,1.557527,0.532
52820,1.562715,0.494
52825,1.560068,0.563
52830,1.55923,0.432
52835,1.556833,0.463
52840,1.559582,0.448
52845,1.562895,0.499
52850,1.558071,0.452
52855,1.557273,0.558
52860,1.561914,0.543
52865,1.564126,0.571
52870,1.554658,0.477
52875,1.569638,0.649
52880,1.558237,0.581
52885,1.557223,0.51
52890,1.554627,0.537
52895,1.560451,0.557
52900,1.552043,0.428
52905,1.55507,0.445
52910,1.561161,0.501
52915,1.567917,0.522
52920,1.562501,0.574
52925,1.560551,0.422
52930,1.558361,0.523
52935,1.553886,0.514
52940,1.563497,0.467
52945,1.56064,0.473
52950,1.550196,0.445
52955,1.564521,0.446
52960,1.563427,0.83
52965,1.555463,0.642
52970,1.557352,0.448
52975,1.562646,0.496
52980,1.553886,0.519
52985,1.560976,0.515
52990,1.559806,0.501
52995,1.552923,0.451
53000,1.562848,0.491
53005,1.562617,0.46
53010,1.558275,0.615
53015,1.557674,0.509
53020,1.559941,0.445
53025,1.559977,0.478
53030,1.558713,0.59
53035,1.561545,0.431
53040,1.548746,0.502
53045,1.556306,0.455
53050,1.555482,0.52
53055,1.560044,0.55
53060,1.562832,0.509
53065,1.557469,0.489
53070,1.560954,0.456
53075,1.554913,0.615
53080,1.562253,0.571
53085,1.554347,0.495
53090,1.563887,0.499
53095,1.562926,0.502
53100,1.558249,0.499
53105,1.54981,0.539
53110,1.555773,0.591
53115,1.559427,0.419
53120,1.567113,0.714
53125,1.552552,0.472
53130,1.555579,0.556
53135,1.551731,0.441
53140,1.558482,0.554
53145,1.554342,0.457
53150,1.557569,0.433
53155,1.556262,0.468
53160,1.552801,0.502
53165,1.555836,0.521
53170,1.555808,0.597
53175,1.562025,0.539
53180,1.546088,0.526
53185,1.560894,0.501
53190,1.557192,0.643
53195,1.555089,0.559
53200,1.549214,0.532
53205,1.563882,0.445
53210,1.554293,0.553
53215,1.552872,0.662
53220,1.561237,0.538
53225,1.55974,0.462
53230,1.550853,0.469
53235,1.549621,0.472
53240,1.550299,0.51
53245,1.557098,0.581
53250,1.563264,0.568
53255,1.560288,0.541
53260,1.551581,0.508
53265,1.560679,0.452
53270,1.566604,0.539
53275,1.562839,0.487
53280,1.555007,0.545
53285,1.553248,0.455
53290,1.558022,0.603
53295,1.543718,0.474
53300,1.564177,0.443
53305,1.559201,0.546
53310,1.55818,0.428
53315,1.558247,0.585
53320,1.564867,0.514
53325,1.553842,0.518
53330,1.563467,0.486
53335,1.556651,0.457
53340,1.548859,0.407
53345,1.555331,0.445
53350,1.554465,0.648
53355,1.558218,0.52
53360,1.558588,0.534
53365,1.560007,0.523
53370,1.550053,0.576
53375,1.561434,0.519
53380,1.55924,0.489
53385,1.557909,0.435
53390,1.56062,0.527
53395,1.559281,0.477
53400,1.556191,0.541
53405,1.548447,0.49
53410,1.555078,0.53
53415,1.553718,0.582
53420,1.546303,0.528
53425,1.550679,0.457
53430,1.557931,0.484
53435,1.55542,0.441
53440,1.554983,0.475
53445,1.558461,0.594
53450,1.55905,0.459
53455,1.556911,0.529
53460,1.560695,0.531
53465,1.550329,0.446
53470,1.555012,0.482
53475,1.553845,0.655
53480,1.558423,0.631
53485,1.562562,0.523
53490,1.561301,0.525
53495,1.557905,0.459
53500,1.558954,0.6
53505,1.561001,0.71
53510,1.543033,0.551
53515,1.549578,0.451
53520,1.555844,0.525
53525,1.553306,0.558
53530,1.558804,0.518
53535,1.561012,0.49
53540,1.558423,0.828
53545,1.557129,0.519
53550,1.549952,0.506
53555,1.55879,0.564
53560,1.563422,0.549
53565,1.555914,0.541
53570,1.556463,0.47
53575,1.554828,0.456
53580,1.557602,0.573
53585,1.559199,0.457
53590,1.55271,0.49
53595,1.549139,0.55
53600,1.556997,0.494
53605,1.557271,0.574
53610,1.555994,0.49
53615,1.554802,0.48
53620,1.559029,0.52
53625,1.549806,0.494
53630,1.552611,0.573
53635,1.554209,0.533
53640,1.556356,0.56
53645,1.55768,0.481
53650,1.560566,0.572
53655,1.554253,0.509
53660,1.559435,0.459
53665,1.559777,0.547
53670,1.555023,0.448
53675,1.555445,0.53
53680,1.552968,0.637
53685,1.559249,0.576
53690,1.557392,0.441
53695,1.564826,0.543
53700,1.563603,0.544
53705,1.561469,0.468
53710,1.558199,0.486
53715,1.55547,0.621
53720,1.552965,0.559
53725,1.561045,0.549
53730,1.553611,0.459
53735,1.55334,0.497
53740,1.552866,0.584
53745,1.555952,0.757
53750,1.555645,0.581
53755,1.554868,0.446
53760,1.56387,0.493
53765,1.565585,0.709
53770,1.556773,0.48
53775,1.555509,0.619
53780,1.559116,0.621
53785,1.559154,0.58
53790,1.553928,0.528
53795,1.555315,0.454
53800,1.557551,0.539
53805,1.550668,0.647
53810,1.558774,0.573
53815,1.562544,0.482
53820,1.547114,0.467
53825,1.558066,0.424
53830,1.555033,0.524
53835,1.554056,0.477
53840,1.563198,0.576
53845,1.559721,0.456
53850,1.558786,0.551
53855,1.550645,0.701
53860,1.547619,0.557
53865,1.553216,0.453
53870,1.553604,0.484
53875,1.55251,0.455
53880,1.551723,0.501
53885,1.554512,0.563
53890,1.553457,0.529
53895,1.546202,0.485
53900,1.55422,0.506
53905,1.560973,0.505
53910,1.563082,0.476
53915,1.548569,0.516
53920,1.563607,0.468
53925,1.565629,0.54
53930,1.564092,0.462
53935,1.558151,0.473
53940,1.554893,0.563
53945,1.55457,0.528
53950,1.556586,0.45
53955,1.561194,0.62
53960,1.557086,0.519
53965,1.561802,0.464
53970,1.561822,0.617
53975,1.551715,0.494
53980,1.552519,0.499
53985,1.551181,0.433
53990,1.546991,0.603
53995,1.560118,0.508
54000,1.555231,0.613
54005,1.564164,0.559
54010,1.560275,0.507
54015,1.546418,0.501
54020,1.558167,0.541
54025,1.551806,0.493
54030,1.552166,0.477
54035,1.558277,0.479
54040,1.558872,0.568
54045,1.550773,0.483
54050,1.562722,0.603
54055,1.557499,0.538
54060,1.548956,0.552
54065,1.556142,0.451
54070,1.55609,0.538
54075,1.549911,0.582
54080,1.554107,0.501
54085,1.563577,0.477
54090,1.556088,0.539
54095,1.547409,0.524
54100,1.554111,0.498
54105,1.557854,0.465
54110,1.555207,0.5
54115,1.552036,0.505
54120,1.550935,0.485
54125,1.5512,0.53
54130,1.556277,0.563
54135,1.55459,0.624
54140,1.555515,0.459
54145,1.557218,0.479
54150,1.553956,0.643
54155,1.557406,0.494
54160,1.556161,0.445
54165,1.560309,0.54
54170,1.558186,0.537
54175,1.560544,0.464
54180,1.550872,0.48
54185,1.557506,0.496
54190,1.560211,0.609
54195,1.553199,0.524
54200,1.560572,0.479
54205,1.564653,0.507
54210,1.556663,0.571
54215,1.55524,0.507
54220,1.562721,0.48
54225,1.553374,0.449
54230,1.546409,0.55
54235,1.561724,0.57
54240,1.560339,0.557
54245,1.561077,0.532
54250,1.567719,0.545
54255,1.55703,0.53
54260,1.564702,0.521
54265,1.55153,0.523
54270,1.554872,0.443
54275,1.558267,0.438
54280,1.554716,0.558
54285,1.563786,0.477
54290,1.563166,0.653
54295,1.558934,0.582
54300,1.550113,0.478
54305,1.565127,0.49
54310,1.558664,0.628
54315,1.551228,0.506
54320,1.564653,0.494
54325,1.54905,0.441
54330,1.558781,0.484
54335,1.54822,0.496
54340,1.555637,0.528
54345,1.559464,0.458
54350,1.554679,0.465
54355,1.557915,0.521
54360,1.565615,0.549
54365,1.553588,0.537
54370,1.563365,0.426
54375,1.550995,0.463
54380,1.555124,0.555
54385,1.562531,0.497
54390,1.550488,0.561
54395,1.558669,0.465
54400,1.548064,0.511
54405,1.56382,0.533
54410,1.549526,0.489
54415,1.563185,0.511
54420,1.544212,0.515
54425,1.567749,0.556
54430,1.553175,0.498
54435,1.559919,0.643
54440,1.557967,0.64
54445,1.556963,0.459
54450,1.555523,0.497
54455,1.555133,0.455
54460,1.564381,0.676
54465,1.553041,0.438
54470,1.563593,0.503
54475,1.555688,0.498
54480,1.551499,0.451
54485,1.550072,0.515
54490,1.559617,0.538
54495,1.552647,0.461
54500,1.556124,0.488
54505,1.553461,0.484
54510,1.56196,0.523
54515,1.558461,0.521
54520,1.539534,0.453
54525,1.555615,0.437
54530,1.552694,0.62
54535,1.551852,0.527
54540,1.560049,0.465
54545,1.556336,0.577
54550,1.564343,0.482
54555,1.552876,0.541
54560,1.556331,0.55
54565,1.546154,0.761
54570,1.554166,0.503
54575,1.55373,0.465
54580,1.551915,0.44
54585,1.550374,0.457
54590,1.559473,0.615
54595,1.557368,0.643
54600,1.556825,0.68
54605,1.55218,0.576
54610,1.558785,0.512
54615,1.559002,0.508
54620,1.558963,0.507
54625,1.55432,0.484
54630,1.554008,0.475
54635,1.563556,0.459
54640,1.561755,0.484
54645,1.566016,0.542
54650,1.559049,0.452
54655,1.550905,0.455
54660,1.558272,0.559
54665,1.556779,1.222
54670,1.559274,0.477
54675,1.558002,0.608
54680,1.559494,0.493
54685,1.558512,0.557
54690,1.557783,0.472
54695,1.552005,0.448
54700,1.54901,0.456
54705,1.550184,0.46
54710,1.554716,0.547
54715,1.549996,0.483
54720,1.558984,0.688
54725,1.55208,0.545
54730,1.556607,0.721
54735,1.547624,0.47
54740,1.555693,0.466
54745,1.559293,0.456
54750,1.564832,0.617
54755,1.553886,0.495
54760,1.560214,0.568
54765,1.555102,0.454
54770,1.555223,0.503
54775,1.554444,0.452
54780,1.547539,0.51
54785,1.550192,0.805
54790,1.554482,0.548
54795,1.5471,0.512
54800,1.561597,0.477
54805,1.551181,0.489
54810,1.556667,0.577
54815,1.561581,0.59
54820,1.556082,0.438
54825,1.55561,0.496
54830,1.558532,0.514
54835,1.554529,0.631
54840,1.563097,0.565
54845,1.562856,0.484
54850,1.556267,0.542
54855,1.552986,0.567
54860,1.562225,0.436
54865,1.558858,0.444
54870,1.569261,0.563
54875,1.555445,0.543
54880,1.548845,0.471
54885,1.560333,0.493
54890,1.556884,0.611
54895,1.559101,0.503
54900,1.555799,0.555
54905,1.554687,0.51
54910,1.555992,0.523
54915,1.558965,0.703
54920,1.546598,0.479
54925,1.558107,0.452
54930,1.55258,0.508
54935,1.548201,0.434
54940,1.552826,0.638
54945,1.5557,0.9
54950,1.558283,0.561
54955,1.558842,0.581
54960,1.559218,0.519
54965,1.553675,0.567
54970,1.552638,0.475
54975,1.550911,0.442
54980,1.553809,0.452
54985,1.555331,0.556
54990,1.553314,0.534
54995,1.54564,0.467
55000,1.555748,0.624
55005,1.55397,0.594
55010,1.550352,5.643
55015,1.563426,0.514
55020,1.55652,0.552
55025,1.556863,0.516
55030,1.552641,0.459
55035,1.5562,0.436
55040,1.5475,0.486
55045,1.552707,0.441
55050,1.557934,0.512
55055,1.559838,0.58
55060,1.558407,0.553
55065,1.55719,0.526
55070,1.548046,0.474
55075,1.548085,0.473
55080,1.549479,0.438
55085,1.557864,0.488
55090,1.555507,0.635
55095,1.555923,0.522
55100,1.544551,0.66
55105,1.548604,0.518
55110,1.547396,0.448
55115,1.558161,0.59
55120,1.556801,0.519
55125,1.55312,0.629
55130,1.551681,0.583
55135,1.558025,0.443
55140,1.551292,0.463
55145,1.549803,0.479
55150,1.559605,0.543
55155,1.558162,0.534
55160,1.560326,0.486
55165,1.559459,0.446
55170,1.547959,0.504
55175,1.560522,0.485
55180,1.558426,0.494
55185,1.557639,0.495
55190,1.558817,0.412
55195,1.543295,0.464
55200,1.562473,0.498
55205,1.555734,0.549
55210,1.556712,0.49
55215,1.540577,0.477
55220,1.555912,0.61
55225,1.553682,0.553
55230,1.550324,0.572
55235,1.55467,0.449
55240,1.560886,0.488
55245,1.558721,0.653
55250,1.548984,0.433
55255,1.566605,0.536
55260,1.545908,0.544
55265,1.552,0.51
55270,1.553615,0.808
55275,1.551945,0.473
55280,1.562033,0.409
55285,1.55048,0.478
55290,1.552941,0.481
55295,1.552295,0.538
55300,1.552468,0.532
55305,1.547884,0.465
55310,1.553864,0.533
55315,1.546089,0.512
55320,1.553372,0.507
55325,1.559566,0.594
55330,1.557144,0.561
55335,1.5535,0.492
55340,1.564536,0.519
55345,1.55706,0.582
55350,1.550108,0.427
55355,1.557273,0.565
55360,1.559079,0.523
55365,1.545847,0.552
55370,1.552392,0.515
55375,1.562349,0.494
55380,1.559669,0.506
55385,1.557146,0.478
55390,1.552712,0.613
55395,1.554285,0.477
55400,1.556237,0.501
55405,1.543138,0.455
55410,1.551716,0.483
55415,1.554057,0.484
55420,1.559273,0.453
55425,1.551048,0.541
55430,1.557996,0.536
55435,1.552694,0.474
55440,1.553219,0.469
55445,1.544772,0.491
55450,1.540502,0.484
55455,1.551555,0.515
55460,1.550563,0.453
55465,1.553592,0.458
55470,1.556707,0.421
55475,1.549507,0.561
55480,1.555067,0.5
55485,1.554162,0.436
55490,1.552499,0.448
55495,1.551479,0.639
55500,1.553457,0.56
55505,1.546396,0.436
55510,1.556252,0.534
55515,1.552085,0.434
55520,1.553706,0.536
55525,1.552656,0.446
55530,1.550599,0.519
55535,1.555587,0.487
55540,1.55099,0.494
55545,1.551708,0.459
55550,1.554528,0.719
55555,1.565359,0.503
55560,1.5566,0.524
55565,1.559946,0.406
55570,1.553193,0.438
55575,1.564846,0.505
55580,1.544709,0.476
55585,1.563193,0.469
55590,1.555189,0.465
55595,1.552039,0.514
55600,1.556754,0.446
55605,1.553459,0.474
55610,1.555389,0.464
55615,1.557818,0.434
55620,1.553009,0.468
55625,1.553979,0.457
55630,1.546172,0.432
55635,1.547586,0.469
55640,1.557593,0.46
55645,1.560942,0.491
55650,1.557941,0.439
55655,1.546929,0.597
55660,1.548381,0.431
55665,1.554362,0.445
55670,1.548919,0.566
55675,1.554545,0.589
55680,1.550111,0.463
55685,1.555657,0.496
55690,1.557796,0.517
55695,1.560479,0.446
55700,1.558921,0.429
55705,1.551268,0.516
55710,1.551551,0.478
55715,1.559837,0.503
55720,1.539748,0.441
55725,1.554207,0.527
55730,1.554118,0.542
55735,1.555424,0.408
55740,1.54684,0.416
55745,1.550775,0.435
55750,1.550372,0.542
55755,1.546745,0.533
55760,1.550311,0.448
55765,1.558869,0.516
55770,1.552175,0.43
55775,1.561042,0.531
55780,1.553831,0.512
55785,1.550878,0.431
55790,1.555659,0.447
55795,1.553668,0.458
55800,1.545673,0.556
55805,1.552209,0.453
55810,1.541937,0.473
55815,1.552225,0.469
55820,1.551318,0.541
55825,1.555428,0.453
55830,1.550347,0.485
55835,1.555589,0.453
55840,1.552801,0.465
55845,1.559485,0.442
55850,1.554261,0.473
55855,1.548188,0.479
55860,1.558207,0.594
55865,1.548144,0.499
55870,1.557035,0.497
55875,1.545586,0.525
55880,1.551826,0.487
55885,1.549563,0.475
55890,1.547264,0.573
55895,1.551112,0.447
55900,1.54879,0.454
55905,1.549033,0.501
55910,1.557642,0.485
55915,1.555616,0.468
55920,1.543076,0.486
55925,1.555083,0.433
55930,1.550562,0.579
55935,1.549286,0.477
55940,1.560221,0.481
55945,1.551868,0.419
55950,1.550625,0.477
55955,1.55602,0.458
55960,1.551568,0.481
55965,1.555887,0.43
55970,1.545657,0.434
55975,1.555302,0.55
55980,1.558508,0.582
55985,1.549517,0.427
55990,1.55105,0.465
55995,1.55335,0.473
56000,1.540083,0.463
56005,1.55142,0.488
56010,1.549365,0.458
56015,1.54737,0.477
56020,1.549968,0.48
56025,1.547474,0.435
56030,1.546938,0.426
56035,1.561915,0.551
56040,1.550471,0.524
56045,1.549926,0.432
56050,1.549225,0.531
56055,1.553896,0.458
56060,1.558743,0.443
56065,1.546406,0.463
56070,1.552817,0.479
56075,1.54919,0.483
56080,1.55698,0.495
56085,1.5574,0.425
56090,1.553008,0.476
56095,1.546318,0.492
56100,1.553413,0.473
56105,1.545034,0.478
56110,1.556047,0.529
56115,1.550051,0.447
56120,1.549451,0.582
56125,1.545277,0.503
56130,1.56049,0.43
56135,1.540822,0.513
56140,1.559336,0.437
56145,1.545693,0.452
56150,1.556712,0.497
56155,1.547169,0.565
56160,1.552716,0.417
56165,1.556854,0.454
56170,1.543301,0.476
56175,1.556506,0.395
56180,1.555304,0.441
56185,1.554449,0.55
56190,1.555002,0.501
56195,1.551975,0.53
56200,1.548147,0.418
56205,1.546119,0.437
56210,1.556735,0.471
56215,1.548107,0.526
56220,1.556902,0.429
56225,1.541636,0.514
56230,1.552512,0.445
56235,1.555885,0.485
56240,1.552825,0.446
56245,1.550014,0.448
56250,1.55084,0.56
56255,1.555713,0.566
56260,1.555541,0.464
56265,1.547219,0.472
56270,1.558456,0.517
56275,1.551168,0.564
56280,1.55727,0.45
56285,1.551049,0.44
56290,1.556925,0.642
56295,1.549752,0.486
56300,1.546235,0.491
56305,1.547884,0.451
56310,1.549828,0.494
56315,1.543637,0.507
56320,1.55566,0.525
56325,1.551705,0.546
56330,1.56023,0.418
56335,1.54777,0.443
56340,1.541929,0.44
56345,1.546712,0.585
56350,1.550203,0.511
56355,1.547924,0.489
56360,1.559838,0.414
56365,1.549599,0.53
56370,1.547358,0.497
56375,1.552682,0.517
56380,1.549698,0.595
56385,1.55207,0.447
56390,1.548544,0.431
56395,1.553829,0.463
56400,1.556183,0.423
56405,1.550647,0.665
56410,1.542741,0.525
56415,1.549103,0.627
56420,1.547476,0.561
56425,1.555875,0.466
56430,1.55406,0.449
56435,1.552528,0.449
56440,1.547644,0.497
56445,1.547849,0.407
56450,1.551659,0.518
56455,1.550699,0.472
56460,1.546269,0.544
56465,1.545177,0.455
56470,1.543936,0.456
56475,1.554375,0.458
56480,1.545046,0.448
56485,1.554081,0.44
56490,1.559165,0.444
56495,1.557591,0.46
56500,1.555574,0.56
56505,1.551991,0.512
56510,1.56158,0.543
56515,1.550236,0.555
56520,1.551965,0.419
56525,1.553883,0.509
56530,1.551135,0.58
56535,1.55921,0.476
56540,1.5603,0.55
56545,1.564499,0.472
56550,1.549023,0.464
56555,1.554212,0.471
56560,1.549461,0.438
56565,1.55631,0.488
56570,1.561396,0.513
56575,1.54989,0.451
56580,1.547047,0.512
56585,1.558557,0.479
56590,1.549657,0.561
56595,1.544238,0.543
56600,1.548065,0.473
56605,1.551731,0.468
56610,1.550765,0.426
56615,1.547724,0.593
56620,1.554625,0.622
56625,1.556839,0.511
56630,1.548938,0.434
56635,1.550092,0.435
56640,1.549769,0.45
56645,1.553419,0.563
56650,1.548816,0.486
56655,1.551177,0.464
56660,1.553476,0.465
56665,1.552354,0.468
56670,1.550713,0.456
56675,1.55462,0.514
56680,1.551895,0.712
56685,1.552073,0.431
56690,1.552235,0.446
56695,1.549769,0.466
56700,1.550838,0.554
56705,1.551027,0.565
56710,1.55099,0.414
56715,1.550712,0.428
56720,1.552313,0.467
56725,1.551949,0.464
56730,1.555418,0.414
56735,1.548726,0.425
56740,1.550895,0.451
56745,1.550493,0.464
56750,1.561525,0.469
56755,1.554859,0.468
56760,1.558358,0.452
56765,1.550709,0.464
56770,1.543701,0.457
56775,1.557027,0.464
56780,1.55749,0.543
56785,1.550204,0.451
56790,1.548038,0.608
56795,1.551155,0.422
56800,1.544973,0.478
56805,1.553086,0.464
56810,1.544813,0.445
56815,1.558158,0.515
56820,1.553059,0.573
56825,1.545333,0.532
56830,1.551455,0.527
56835,1.541288,0.531
56840,1.551431,0.541
56845,1.551959,0.4
56850,1.548014,0.44
56855,1.552767,0.502
56860,1.549151,0.426
56865,1.554483,0.521
56870,1.556374,0.474
56875,1.549243,0.462
56880,1.554902,0.419
56885,1.552371,0.546
56890,1.54314,0.43
56895,1.550914,0.458
56900,1.544137,0.524
56905,1.556399,0.596
56910,1.552582,0.459
56915,1.552092,0.4
56920,1.552288,0.577
56925,1.544659,0.565
56930,1.55177,0.644
56935,1.558496,0.516
56940,1.547922,0.436
56945,1.551968,0.489
56950,1.553792,0.443
56955,1.550439,0.487
56960,1.552421,0.517
56965,1.554076,0.481
56970,1.546307,0.67
56975,1.558307,0.49
56980,1.549116,0.431
56985,1.55082,0.491
56990,1.545683,0.438
56995,1.549563,0.41
57000,1.540714,0.491
57005,1.55034,0.439
57010,1.550218,0.518
57015,1.544771,0.478
57020,1.550278,0.413
57025,1.554105,0.504
57030,1.53982,0.428
57035,1.552646,0.497
57040,1.546395,0.476
57045,1.554722,0.468
57050,1.553465,0.405
57055,1.55315,0.466
57060,1.544624,0.522
57065,1.548845,0.477
57070,1.55413,0.426
57075,1.55322,0.455
57080,1.55081,0.483
57085,1.551041,0.45
57090,1.553121,0.442
57095,1.553093,0.501
57100,1.540015,0.485
57105,1.556292,0.433
57110,1.5568,0.43
57115,1.547941,0.729
57120,1.55234,0.422
57125,1.552121,0.512
57130,1.555133,0.468
57135,1.54322,0.434
57140,1.554757,0.539
57145,1.549251,0.551
57150,1.542682,0.464
57155,1.547024,0.469
57160,1.545181,0.517
57165,1.544566,0.487
57170,1.55329,0.481
57175,1.557096,0.441
57180,1.549886,0.474
57185,1.548525,0.508
57190,1.550028,0.544
57195,1.554729,0.446
57200,1.55934,0.433
57205,1.55137,0.503
57210,1.556429,0.48
57215,1.552643,0.574
57220,1.550162,0.443
57225,1.557057,0.447
57230,1.55254,0.496
57235,1.545238,0.417
57240,1.554384,0.449
57245,1.555954,0.504
57250,1.550615,0.442
57255,1.552676,0.495
57260,1.549441,0.488
57265,1.545937,0.422
57270,1.552223,0.58
57275,1.542856,0.402
57280,1.551515,0.469
57285,1.551949,0.627
57290,1.558435,0.419
57295,1.553122,0.491
57300,1.553666,0.453
57305,1.552124,0.464
57310,1.553398,0.463
57315,1.549204,0.474
57320,1.545854,0.424
57325,1.547574,0.476
57330,1.548268,0.475
57335,1.550194,0.477
57340,1.549622,0.454
57345,1.548997,0.405
57350,1.553623,0.544
57355,1.552912,0.582
57360,1.555065,0.58
57365,1.549917,0.454
57370,1.542394,0.425
57375,1.548605,0.502
57380,1.559595,0.568
57385,1.549806,0.667
57390,1.552583,0.463
57395,1.54847,0.429
57400,1.547325,0.464
57405,1.554024,0.511
57410,1.552957,0.402
57415,1.545735,0.426
57420,1.552994,0.57
57425,1.544261,0.442
57430,1.543215,0.444
57435,1.555862,0.459
57440,1.55252,0.43
57445,1.537887,0.454
57450,1.549217,0.605
57455,1.552631,0.452
57460,1.55601,0.439
57465,1.544385,0.5
57470,1.556798,0.446
57475,1.553598,0.484
57480,1.544233,0.47
57485,1.551542,0.508
57490,1.546181,0.447
57495,1.549582,0.453
57500,1.545821,0.547
57505,1.548339,0.455
57510,1.55375,0.504
57515,1.545702,0.42
57520,1.556736,0.46
57525,1.559856,0.455
57530,1.562074,0.572
57535,1.547312,0.45
57540,1.552472,0.466
57545,1.553802,0.419
57550,1.552172,0.495
57555,1.558162,0.554
57560,1.559608,0.425
57565,1.559598,0.462
57570,1.554019,0.477
57575,1.551351,0.477
57580,1.551394,0.516
57585,1.555527,0.508
57590,1.553637,0.476
57595,1.549414,0.539
57600,1.549819,0.457
57605,1.552428,0.39
57610,1.550817,0.444
57615,1.553605,0.489
57620,1.55108,0.493
57625,1.542062,0.446
57630,1.548297,0.565
57635,1.555827,0.408
57640,1.550434,0.445
57645,1.548441,0.438
57650,1.55073,0.467
57655,1.547699,0.522
57660,1.552383,0.562
57665,1.541347,0.556
57670,1.552626,0.459
57675,1.550319,0.635
57680,1.547441,0.545
57685,1.55652,0.488
57690,1.54586,0.489
57695,1.542399,0.41
57700,1.547672,0.441
57705,1.549406,0.519
57710,1.551771,0.482
57715,1.546941,0.46
57720,1.553246,0.562
57725,1.543563,0.443
57730,1.544338,0.437
57735,1.541564,0.499
57740,1.549184,0.435
57745,1.547493,0.453
57750,1.546895,0.479
57755,1.545933,0.483
57760,1.55915,0.506
57765,1.553555,0.456
57770,1.549109,0.489
57775,1.552411,0.55
57780,1.559383,0.507
57785,1.547578,0.421
57790,1.549724,0.435
57795,1.549539,0.444
57800,1.550832,0.476
57805,1.543247,0.432
57810,1.545485,0.413
57815,1.548988,0.553
57820,1.548389,0.465
57825,1.546559,0.532
57830,1.558415,0.477
57835,1.553431,0.489
57840,1.555649,0.705
57845,1.545937,0.46
57850,1.546349,0.482
57855,1.544831,0.424
57860,1.549287,0.507
57865,1.550203,0.481
57870,1.549906,0.478
57875,1.549416,0.45
57880,1.547763,0.525
57885,1.546977,0.483
57890,1.549964,0.46
57895,1.550412,0.42
57900,1.560802,0.618
57905,1.552496,0.56
57910,1.554352,0.486
57915,1.546157,0.418
57920,1.549463,0.396
57925,1.547212,0.413
57930,1.556183,0.49
57935,1.548126,0.532
57940,1.535797,0.439
57941,1.553881,0.438
57945,1.55112,0.424
57950,1.550448,0.422
57955,1.54585,0.43
57960,1.548955,0.463
57965,1.554256,0.439
57970,1.547133,0.455
57975,1.540104,0.385
57980,1.549005,0.553
57985,1.547271,0.452
57990,1.550254,0.495
57995,1.556696,0.444
58000,1.550018,0.421
58005,1.545008,0.442
58010,1.550471,0.633
58015,1.562056,0.536
58020,1.549796,0.414
58025,1.554089,0.452
58030,1.552652,0.405
58035,1.547744,0.525
58040,1.554586,0.452
58045,1.551001,0.487
58050,1.55091,0.468
58055,1.552156,0.394
58060,1.54491,0.504
58065,1.552694,0.456
58070,1.552731,0.557
58075,1.543947,0.495
58080,1.557003,0.515
58085,1.554844,0.45
58090,1.542441,0.399
58095,1.555608,0.416
58100,1.555104,0.566
58105,1.55683,0.471
58110,1.54722,0.423
58115,1.561819,0.483
58120,1.545761,0.426
58125,1.549148,0.428
58130,1.546441,0.435
58135,1.546403,0.504
58140,1.549332,0.417
58145,1.540523,0.409
58150,1.546831,0.499
58155,1.546161,0.481
58160,1.560075,0.405
58165,1.557362,0.486
58170,1.554482,0.499
58175,1.549011,0.525
58180,1.551233,0.425
58185,1.548264,0.392
58190,1.549505,0.502
58195,1.553906,0.469
58200,1.546943,0.433
58205,1.544839,0.447
58210,1.555458,0.447
58215,1.552425,0.487
58220,1.547431,0.452
58225,1.546874,0.512
58230,1.539286,0.464
58235,1.557291,0.436
58240,1.538983,0.441
58245,1.549495,0.494
58250,1.546462,0.485
58255,1.534197,0.432
58260,1.550051,0.445
58265,1.544183,0.439
58270,1.551222,0.486
58275,1.557038,0.507
58280,1.553699,0.42
58285,1.556,0.418
58290,1.546576,0.398
58295,1.542416,0.518
58300,1.551156,0.454
58305,1.553261,0.432
58310,1.557226,0.48
58315,1.541718,0.409
58320,1.548989,0.434
58325,1.55198,0.45
58330,1.547854,0.481
58335,1.543867,0.53
58340,1.558559,0.453
58345,1.550067,0.474
58350,1.559441,0.459
58355,1.558689,0.453
58360,1.548087,0.531
58365,1.554787,1.942
58370,1.547974,0.61
58375,1.545539,0.455
58380,1.543108,0.47
58385,1.556677,0.377
58390,1.556739,0.464
58395,1.557575,0.483
58400,1.554525,0.434
58405,1.54776,0.487
58410,1.544452,0.448
58415,1.549307,0.495
58420,1.564443,0.516
58425,1.543778,0.444
58430,1.552068,0.435
58435,1.554618,0.435
58440,1.548388,0.517
58445,1.550765,0.461
58450,1.544867,0.395
58455,1.556393,0.486
58460,1.54898,0.422
58465,1.547107,0.65
58470,1.553966,0.524
58475,1.551133,0.438
58480,1.554222,0.504
58485,1.540418,0.532
58490,1.540741,0.405
58495,1.547137,0.506
58500,1.543338,0.47
58505,1.554092,0.387
58510,1.550335,0.498
58515,1.551483,0.642
58520,1.550361,0.497
58525,1.552763,0.461
58530,1.554077,0.451
58535,1.538996,0.61
58540,1.550397,0.431
58545,1.553073,0.439
58550,1.549747,0.438
58555,1.551503,0.446
58560,1.554408,0.477
58565,1.549308,0.483
58570,1.549124,0.521
58575,1.545883,0.477
58580,1.550325,0.459
58585,1.548577,0.456
58590,1.557024,0.441
58595,1.542423,0.406
58600,1.550153,0.424
58605,1.547464,0.416
58610,1.554143,0.418
58615,1.547266,0.45
58620,1.544548,0.676
58625,1.541587,0.452
58630,1.548781,0.56
58635,1.536977,0.47
58640,1.564724,0.451
58645,1.545944,0.413
58650,1.539107,0.434
58655,1.55449,0.486
58660,1.543786,0.412
58665,1.552772,0.479
58670,1.546973,0.436
58675,1.546977,0.451
58680,1.543321,0.423
58685,1.552914,0.455
58690,1.548811,0.495
58695,1.547499,0.406
58700,1.547392,0.406
58705,1.54058,0.401
58710,1.547338,0.545
58715,1.551705,0.504
58720,1.549428,0.448
58725,1.54858,0.431
58730,1.54591,0.537
58735,1.549677,0.414
58740,1.547483,0.481
58745,1.54554,0.473
58750,1.549237,0.435
58755,1.555424,0.442
58760,1.542098,0.437
58765,1.551463,0.467
58770,1.549366,0.613
58775,1.549595,0.468
58780,1.551921,0.581
58785,1.559683,0.465
58790,1.552909,0.452
58795,1.543331,0.447
58800,1.543277,0.481
58805,1.557101,0.517
58810,1.539289,0.465
58815,1.550495,0.479
58820,1.543515,0.409
58825,1.54345,0.489
58830,1.546139,0.432
58835,1.553461,0.408
58840,1.560952,0.49
58845,1.544889,0.41
58850,1.555719,0.421
58855,1.547535,0.433
58860,1.55131,0.436
58865,1.555673,0.431
58870,1.546051,0.468
58875,1.545459,0.405
58880,1.544737,0.493
58885,1.547639,0.415
58890,1.54313,0.435
58895,1.555643,0.41
58900,1.546794,0.463
58905,1.548024,0.516
58910,1.551761,0.469
58915,1.553023,0.513
58920,1.546012,0.5
58925,1.55897,0.48
58930,1.552569,0.515
58935,1.553619,0.482
58940,1.550662,0.421
58945,1.552765,0.522
58950,1.544199,0.54
58955,1.551695,0.662
58960,1.550996,0.42
58965,1.542507,0.389
58970,1.542981,0.547
58975,1.54902,0.436
58980,1.551705,0.401
58985,1.554702,0.444
58990,1.540574,0.417
58995,1.552878,0.445
59000,1.554016,0.406
59005,1.549136,0.424
59010,1.549569,0.579
59015,1.55286,0.535
59020,1.547538,0.461
59025,1.550339,0.455
59030,1.545892,0.503
59035,1.552773,0.418
59040,1.546649,0.418
59045,1.545868,0.46
59050,1.557682,0.418
59055,1.553198,0.455
59060,1.550825,0.431
59065,1.542988,0.515
59070,1.552891,0.424
59075,1.545733,0.558
59080,1.558147,0.458
59085,1.548495,0.45
59090,1.546253,0.399
59095,1.550565,0.403
59100,1.546592,0.493
59105,1.55009,0.658
59110,1.547617,0.408
59115,1.550429,0.45
59120,1.545138,0.399
59125,1.543384,0.488
59130,1.539194,0.407
59135,1.554976,0.441
59140,1.54906,0.521
59145,1.554558,0.438
59150,1.555197,0.486
59155,1.546377,0.465
59160,1.548372,0.497
59165,1.546473,0.471
59170,1.543569,0.564
59175,1.54118,0.492
59180,1.543919,0.4
59185,1.553588,0.423
59190,1.547601,0.443
59195,1.559099,0.49
59200,1.553496,0.515
59205,1.548006,0.459
59210,1.546804,0.419
59215,1.543446,0.462
59220,1.548341,0.474
59225,1.552563,0.546
59230,1.5521,0.408
59235,1.549605,0.395
59240,1.542722,0.441
59245,1.555165,0.474
59250,1.547146,0.425
59255,1.556807,0.422
59260,1.545329,0.479
59265,1.546317,0.452
59270,1.551683,0.465
59275,1.537648,0.413
59280,1.544983,0.446
59285,1.556959,0.579
59290,1.549426,0.557
59295,1.546545,0.515
59300,1.555331,0.531
59305,1.550778,0.602
59310,1.554656,0.435
59315,1.545056,0.416
59320,1.545702,0.525
59325,1.552847,0.474
59330,1.54037,0.419
59335,1.547822,0.475
59340,1.542301,0.43
59345,1.543142,0.405
59350,1.54085,0.511
59355,1.541798,0.581
59360,1.552681,0.412
59365,1.551068,0.637
59370,1.546509,0.464
59375,1.539971,0.391
59380,1.545696,0.476
59385,1.558766,0.442
59390,1.53775,0.419
59395,1.551003,0.425
59400,1.5481,0.463
59405,1.552024,0.46
59410,1.554861,0.564
59415,1.541508,0.448
59420,1.544229,0.454
59425,1.548086,0.485
59430,1.551305,0.415
59435,1.542164,0.461
59440,1.541214,0.429
59445,1.548918,0.421
59450,1.540738,0.472
59455,1.55043,0.515
59460,1.540009,0.446
59465,1.543933,0.474
59470,1.548908,0.384
59475,1.554284,0.436
59480,1.546987,0.429
59485,1.551904,0.492
59490,1.554212,0.442
59495,1.548667,0.556
59500,1.544223,0.438
59501,1.533112,0.437
59505,1.545304,0.563
59510,1.541814,0.499
59515,1.552814,0.489
59520,1.543257,0.463
59525,1.540001,0.423
59530,1.545851,0.406
59535,1.547059,0.458
59540,1.551283,0.525
59545,1.555543,0.571
59550,1.550963,0.444
59555,1.544573,0.432
59560,1.544336,0.426
59565,1.545784,0.455
59570,1.546547,0.551
59575,1.540424,0.439
59580,1.541836,0.532
59585,1.54668,0.458
59590,1.553783,0.533
59595,1.549105,0.487
59600,1.549685,0.418
59605,1.549159,0.493
59610,1.545604,0.506
59615,1.549413,0.46
59620,1.546047,0.437
59625,1.549474,0.508
59630,1.551875,0.453
59635,1.548934,0.422
59640,1.553247,0.448
59645,1.539561,0.39
59650,1.557353,0.579
59655,1.539018,0.525
59660,1.548249,0.433
59665,1.545558,0.435
59670,1.550655,0.408
59675,1.55157,0.417
59680,1.541294,0.431
59685,1.546866,0.515
59690,1.549041,0.441
59695,1.538195,0.395
59700,1.54953,0.457
59705,1.545353,0.439
59710,1.549179,0.386
59715,1.548885,0.451
59720,1.549201,0.471
59725,1.548058,0.529
59730,1.538705,0.728
59735,1.544036,0.486
59740,1.545689,0.464
59745,1.545146,0.394
59750,1.543131,0.476
59755,1.54688,0.459
59760,1.550072,0.438
59765,1.547153,0.454
59770,1.541537,0.411
59775,1.541757,0.446
59780,1.539658,0.417
59785,1.539669,0.475
59790,1.545903,0.469
59795,1.548113,0.473
59800,1.547328,0.511
59805,1.55108,0.444
59810,1.544822,0.463
59815,1.548133,0.411
59820,1.546985,0.408
59825,1.544143,0.424
59830,1.543209,0.481
59835,1.546286,0.42
59840,1.546971,0.415
59845,1.550804,0.498
59850,1.540228,0.45
59855,1.54832,0.436
59860,1.546197,0.603
59865,1.544028,0.471
59870,1.539405,0.471
59875,1.54692,0.443
59880,1.547034,0.625
59885,1.543902,0.487
59890,1.540504,0.526
59895,1.548057,0.487
59900,1.559302,0.434
59905,1.547247,0.468
59910,1.539741,0.47
59915,1.546992,0.404
59920,1.550593,0.445
59925,1.552211,0.57
59930,1.554549,0.514
59935,1.548322,0.449
59940,1.549281,0.452
59945,1.542708,0.433
59950,1.546581,0.604
59955,1.543981,0.558
59960,1.550045,0.479
59965,1.552288,0.462
59970,1.548041,0.453
59975,1.549097,0.553
59980,1.552845,0.46
59985,1.545959,0.464
59990,1.539184,0.474
59995,1.541367,0.411
60000,1.549272,0.489
60005,1.542296,0.433
60010,1.544341,0.451
60015,1.547891,0.429
60020,1.542542,0.425
60025,1.551773,0.453
60030,1.552458,0.513
60035,1.546814,0.377
60040,1.55094,0.651
60045,1.551745,0.528
60050,1.541779,0.423
60055,1.54304,0.487
60060,1.549656,0.404
60065,1.551423,0.44
60070,1.557196,0.444
60075,1.549187,0.411
60080,1.550681,0.41
60085,1.549036,0.457
60090,1.552194,0.516
60095,1.552905,0.458
60100,1.554101,0.403
60105,1.539397,0.509
60110,1.553379,0.553
60115,1.548163,0.456
60120,1.554876,0.453
60125,1.541763,0.41
60130,1.537585,0.431
60135,1.549198,0.683
60140,1.542295,0.518
60145,1.551412,0.394
60150,1.544572,0.454
60155,1.555283,0.495
60160,1.546454,0.417
60165,1.549468,0.432
60170,1.5443,0.436
60175,1.549179,0.455
60180,1.539728,0.449
60185,1.54231,0.454
60190,1.557316,0.419
60195,1.5452,0.515
60200,1.550934,0.457
60205,1.542063,0.477
60210,1.543922,0.442
60215,1.547627,0.462
60220,1.548547,0.478
60225,1.549887,0.401
60230,1.549827,0.635
60235,1.545018,0.463
60240,1.547696,0.478
60245,1.551857,0.57
60250,1.547103,0.545
60255,1.555797,0.511
60260,1.550369,0.546
60265,1.55255,0.53
60270,1.544747,0.414
60275,1.547855,0.403
60280,1.541271,0.45
60285,1.543973,0.448
60290,1.548928,0.48
60295,1.549274,0.464
60300,1.54867,0.473
60305,1.541537,0.544
60310,1.553731,0.48
60315,1.552037,0.462
60320,1.544831,0.477
60325,1.538972,0.423
60330,1.548065,0.48
60335,1.541381,0.456
60340,1.538169,0.507
60345,1.552645,0.415
60350,1.549246,0.482
60355,1.54434,0.479
60360,1.539652,0.481
60365,1.545802,0.446
60370,1.546592,0.432
60375,1.542441,0.426
60380,1.541272,0.531
60385,1.548723,0.491
60390,1.551179,0.468
60395,1.545766,0.407
60400,1.549826,0.508
60405,1.541317,0.477
60410,1.545457,0.476
60415,1.551545,0.398
60420,1.543117,0.431
60425,1.545155,0.432
60430,1.559745,0.438
60435,1.559275,0.445
60440,1.547161,0.459
60445,1.552662,0.452
60450,1.548305,0.444
60455,1.542845,0.5
60460,1.543926,0.446
60465,1.551635,0.441
60470,1.551856,0.437
60475,1.547587,0.428
60480,1.542385,0.429
60485,1.549232,0.601
60490,1.547259,0.481
60495,1.541287,0.422
60500,1.550228,0.426
60505,1.555112,0.405
60510,1.549046,0.41
60515,1.548958,0.56
60520,1.542986,0.465
60525,1.550296,0.519
60530,1.551676,0.447
60535,1.543917,0.404
60540,1.545691,0.436
60545,1.537385,0.528
60550,1.542733,0.49
60555,1.54512,0.493
60560,1.549165,0.447
60565,1.542949,0.443
60570,1.556177,0.48
60575,1.547642,0.456
60580,1.557922,0.43
60585,1.553246,0.419
60590,1.548386,0.542
60595,1.555426,0.456
60600,1.548957,0.441
60605,1.548104,0.469
60610,1.546653,0.442
60615,1.553877,0.44
60620,1.538053,0.461
60625,1.551998,0.442
60630,1.542815,0.524
60635,1.545564,0.466
60640,1.547099,0.497
60645,1.549647,0.411
60650,1.543986,0.466
60655,1.54632,0.462
60660,1.546886,0.477
60665,1.54612,0.422
60670,1.54548,0.461
60675,1.54841,0.507
60680,1.547945,0.453
60685,1.554093,0.466
60690,1.545968,0.566
60695,1.55082,0.401
60700,1.545192,0.481
60705,1.551352,0.421
60710,1.546862,0.397
60715,1.551271,0.405
60720,1.550164,0.461
60725,1.544872,0.471
60730,1.551731,0.496
60735,1.538002,0.4
60740,1.549965,0.439
60745,1.537878,0.441
60750,1.547801,0.525
60755,1.54951,0.467
60760,1.548748,0.499
60765,1.550797,0.447
60770,1.541212,0.512
60775,1.545326,0.546
60780,1.550183,0.426
60785,1.539319,0.578
60790,1.552415,0.566
60795,1.541273,0.406
60800,1.54562,0.425
60805,1.554768,0.422
60810,1.541498,0.462
60815,1.541572,0.487
60820,1.550286,0.461
60825,1.551223,0.412
60830,1.543964,0.43
60835,1.551669,0.444
60840,1.548584,0.479
60845,1.55425,0.452
60850,1.549582,0.451
60855,1.544382,0.48
60860,1.564816,0.464
60865,1.547376,0.475
60870,1.550892,0.457
60875,1.543695,0.458
60880,1.54446,0.551
60885,1.550059,0.445
60890,1.540633,0.516
60895,1.549158,0.515
60900,1.538522,0.559
60905,1.549576,0.457
60910,1.555075,0.412
60915,1.538679,0.458
60920,1.549053,0.423
60925,1.552221,0.437
60930,1.541883,0.516
60935,1.548799,0.612
60940,1.548933,0.452
60945,1.552977,0.451
60950,1.54555,0.425
60955,1.548972,0.437
60960,1.546453,0.469
60965,1.551903,0.476
60970,1.551689,0.44
60975,1.541749,0.471
60980,1.554256,0.455
60985,1.544943,0.444
60990,1.550186,0.422
60995,1.541178,0.429
61000,1.539689,0.598
61005,1.543167,0.593
61010,1.536679,0.422
61015,1.557807,0.44
61020,1.551619,0.431
61025,1.552063,0.429
61030,1.544284,0.503
61035,1.547998,0.478
61040,1.550932,0.455
61045,1.552403,0.403
61050,1.541223,0.572
61055,1.554442,0.432
61060,1.542789,0.404
61065,1.546989,0.436
61070,1.545328,0.538
61075,1.551987,0.421
61080,1.547531,0.448
61085,1.544866,0.533
61090,1.551068,0.498
61095,1.554064,0.529
61100,1.545575,1.414
61105,1.549436,0.397
61110,1.548134,0.443
61115,1.5479,0.447
61120,1.552358,0.429
61125,1.551318,0.464
61130,1.543011,0.446
61135,1.548507,0.466
61140,1.555968,0.446
61145,1.545471,0.435
61150,1.549403,0.394
61155,1.542138,0.47
61160,1.549719,0.49
61165,1.545772,0.439
61170,1.548294,0.444
61175,1.543914,0.455
61180,1.547473,0.423
61185,1.546507,0.475
61190,1.548496,0.422
61195,1.539337,0.455
61200,1.54986,0.427
61205,1.54496,0.447
61210,1.536549,0.417
61215,1.547552,0.517
61220,1.549597,0.434
61225,1.547898,0.44
61230,1.548582,0.429
61235,1.549746,0.472
61240,1.555488,0.466
61245,1.548395,0.4
61250,1.552651,0.419
61255,1.543915,0.437
61260,1.54443,0.423
61265,1.540442,0.402
61270,1.537605,0.432
61275,1.54522,0.422
61280,1.547128,0.403
61285,1.544003,0.445
61290,1.548588,0.492
61295,1.546064,0.439
61300,1.546537,0.465
61305,1.551979,0.447
61310,1.538851,0.461
61315,1.544991,0.449
61320,1.555083,0.423
61325,1.55484,0.453
61330,1.543332,0.405
61335,1.54409,0.432
61340,1.548105,0.519
61345,1.544347,0.476
61350,1.542994,0.429
61355,1.54951,0.418
61360,1.537414,0.426
61365,1.546376,0.487
61370,1.556047,0.443
61375,1.544403,0.42
61380,1.547075,0.415
61385,1.547507,0.484
61390,1.544936,0.405
61395,1.555688,0.52
61400,1.544748,0.458
61405,1.541441,0.474
61410,1.545161,0.378
61415,1.546579,0.461
61420,1.532238,0.447
61425,1.541464,0.445
61430,1.545952,0.428
61435,1.538973,0.406
61440,1.553267,0.427
61445,1.547906,0.496
61450,1.548038,0.434
61455,1.549951,0.524
61460,1.545072,0.456
61465,1.538793,0.395
61470,1.546249,0.631
61475,1.548809,0.469
61480,1.547532,0.412
61485,1.541132,0.433
61490,1.537567,0.449
61495,1.544767,0.545
61500,1.534081,0.541
61505,1.545726,0.376
61510,1.545497,0.442
61515,1.547222,0.508
61520,1.546853,0.421
61525,1.548818,0.526
61530,1.544439,0.42
61535,1.544126,0.375
61540,1.546534,0.455
61545,1.542754,0.449
61550,1.546839,0.401
61555,1.552745,0.571
61560,1.545231,0.425
61565,1.540751,0.426
61570,1.552157,0.416
61575,1.545595,0.498
61580,1.531749,0.412
61585,1.53985,0.423
61590,1.54552,0.437
61595,1.54516,0.428
61600,1.541329,0.443
61605,1.542796,0.389
61610,1.543856,0.446
61615,1.540376,0.407
61620,1.553038,0.674
61625,1.542954,0.512
61630,1.543547,0.443
61635,1.544987,0.402
61640,1.546514,0.516
61645,1.542423,0.396
61650,1.546934,0.398
61655,1.538732,0.479
61660,1.546932,0.401
61665,1.552476,0.475
61670,1.542665,0.52
61675,1.545784,0.425
61680,1.545518,0.49
61685,1.532747,0.409
61690,1.552887,0.454
61695,1.548805,0.456
61700,1.541505,0.425
61705,1.545525,0.472
61710,1.540213,0.625
61715,1.549193,0.471
61720,1.547215,0.425
61725,1.554711,0.422
61730,1.551537,0.413
61735,1.543394,0.412
61740,1.551247,0.499
61745,1.547053,0.487
61750,1.548147,0.451
61755,1.552226,0.467
61760,1.545553,0.424
61765,1.534696,0.429
61770,1.539569,0.445
61775,1.551363,0.477
61780,1.547597,0.47
61785,1.545509,0.457
61790,1.547397,0.414
61795,1.53591,0.426
61800,1.551176,0.425
61805,1.552908,0.458
61810,1.536934,0.408
61815,1.544632,0.563
61820,1.547071,0.438
61825,1.536679,0.409
61830,1.544292,0.427
61835,1.541977,0.434
61840,1.545,0.43
61845,1.545842,0.556
61850,1.545123,0.451
61855,1.545746,0.499
61860,1.551995,0.436
61865,1.544354,0.506
61870,1.548354,0.427
61875,1.538762,0.373
61880,1.544147,0.443
61885,1.540454,0.385
61890,1.540529,0.488
61895,1.544293,0.426
61900,1.544346,0.559
61905,1.551159,0.502
61910,1.54677,0.454
61915,1.547981,0.42
61920,1.53298,0.407
61925,1.547954,0.411
61930,1.53719,0.377
61935,1.549427,0.445
61940,1.546149,0.489
61945,1.548034,0.464
61950,1.547946,0.424
61955,1.548827,0.425
61960,1.54203,0.489
61965,1.547342,0.404
61970,1.545758,0.49
61975,1.549701,0.365
61980,1.542974,0.479
61985,1.542117,0.441
61990,1.54209,0.423
61995,1.536789,0.556
62000,1.534883,0.416
62005,1.546203,0.463
62010,1.538148,0.404
62015,1.544158,0.411
62020,1.538951,0.46
62025,1.548765,0.444
62030,1.543182,0.435
62035,1.54076,0.406
62040,1.543618,0.442
62045,1.543961,0.463
62050,1.54764,0.453
62055,1.548847,0.419
62060,1.546073,0.398
62065,1.544741,0.466
62070,1.54384,0.467
62075,1.549731,0.435
62080,1.542399,0.433
62085,1.549067,0.408
62090,1.543175,0.435
62095,1.538759,0.501
62100,1.542846,0.478
62105,1.544287,0.439
62110,1.545926,0.402
62115,1.551021,0.394
62120,1.548229,0.455
62125,1.549976,0.492
62130,1.536058,0.482
62135,1.549769,0.457
62140,1.537777,0.431
62145,1.553466,0.436
62150,1.541641,0.42
62155,1.553952,0.565
62160,1.541578,0.417
62165,1.53937,0.42
62170,1.543843,0.437
62175,1.539553,0.531
62180,1.538328,0.493
62185,1.541969,0.416
62190,1.546875,0.398
62195,1.549098,0.393
62200,1.535992,0.434
62205,1.546774,0.518
62210,1.541217,0.493
62215,1.541074,0.4
62220,1.542603,0.42
62225,1.551257,0.49
62230,1.536831,0.429
62235,1.546426,0.38
62240,1.546505,0.406
62245,1.555148,0.457
62250,1.556483,0.421
62255,1.552266,0.452
62260,1.547792,0.494
62265,1.54751,0.458
62270,1.544095,0.536
62275,1.544752,0.477
62280,1.549743,0.415
62285,1.539335,0.405
62290,1.543266,0.549
62295,1.551615,0.45
62300,1.54389,0.471
62305,1.542332,0.399
62310,1.549383,0.405
62315,1.549437,0.442
62320,1.544774,0.482
62325,1.547971,0.405
62330,1.545929,0.481
62335,1.555785,0.481
62340,1.552356,0.578
62345,1.547227,0.442
62350,1.545866,0.506
62355,1.546278,0.43
62360,1.548049,0.432
62365,1.538088,0.389
62370,1.542264,0.386
62375,1.548342,0.456
62380,1.551105,0.5
62385,1.545061,0.455
62390,1.549365,0.407
62395,1.548929,0.465
62400,1.543444,0.472
62405,1.543066,0.414
62410,1.549393,0.418
62415,1.54728,0.429
62420,1.544664,0.498
62425,1.539966,0.409
62430,1.546645,0.484
62435,1.548237,0.461
62440,1.542364,0.405
62445,1.535666,0.446
62450,1.554925,0.443
62455,1.550696,0.445
62460,1.551374,0.462
62465,1.549409,0.43
62470,1.550966,0.413
62475,1.536171,0.431
62480,1.54228,0.392
62485,1.546375,0.454
62490,1.540585,0.412
62495,1.550583,0.374
62500,1.544303,0.487
62505,1.539383,0.5
62510,1.545099,0.401
62515,1.53844,0.396
62520,1.539407,0.424
62525,1.545337,0.385
62530,1.547484,0.471
62535,1.536254,0.458
62540,1.539497,0.42
62545,1.554242,0.408
62550,1.556066,0.401
62555,1.546069,0.502
62560,1.547485,0.634
62565,1.553025,0.432
62570,1.552431,0.458
62575,1.550137,0.411
62580,1.549822,0.405
62585,1.548581,0.395
62590,1.543925,0.461
62595,1.54695,0.42
62600,1.545541,0.39
62605,1.547817,0.429
62610,1.544039,0.64
62615,1.549889,0.423
62620,1.548176,0.42
62625,1.541357,0.439
62630,1.543096,0.391
62635,1.537261,0.408
62640,1.545011,0.531
62645,1.550192,0.42
62650,1.545515,0.446
62655,1.548455,0.43
62660,1.551544,0.436
62665,1.542946,0.432
62670,1.540542,0.419
62675,1.548151,0.406
62680,1.54942,0.415
62685,1.546133,0.421
62690,1.54386,0.584
62695,1.546996,0.413
62700,1.548415,0.45
62705,1.545257,0.427
62710,1.538672,0.443
62715,1.549387,0.466
62720,1.549286,0.458
62725,1.540976,0.428
62730,1.553284,0.424
62735,1.545739,0.487
62740,1.552684,0.448
62745,1.551396,0.465
62750,1.548236,0.424
62755,1.54968,0.419
62760,1.543186,0.512
62765,1.543345,0.466
62770,1.549203,0.422
62775,1.543515,0.427
62780,1.554749,0.468
62785,1.537634,0.428
62790,1.545139,0.456
62795,1.541849,0.425
62800,1.544755,0.515
62805,1.546515,0.493
62810,1.550687,0.444
62815,1.560784,0.511
62820,1.548018,0.441
62825,1.540272,0.407
62830,1.554519,0.439
62835,1.54549,0.463
62840,1.542425,0.464
62845,1.542148,0.469
62850,1.546661,0.403
62855,1.539826,0.503
62860,1.544645,0.385
62865,1.546142,0.457
62870,1.549021,0.407
62875,1.539017,0.427
62880,1.547827,0.392
62885,1.552499,0.433
62890,1.549646,0.416
62895,1.554727,0.433
62900,1.552424,0.412
62905,1.541196,0.41
62910,1.551419,0.409
62915,1.552663,0.478
62920,1.533176,0.444
62925,1.537045,0.422
62930,1.552933,0.433
62935,1.552824,0.406
62940,1.542119,0.421
62945,1.540298,0.43
62950,1.546163,0.433
62955,1.549111,0.438
62960,1.555812,0.412
62965,1.543606,0.571
62970,1.554016,0.457
62975,1.54741,0.422
62980,1.539548,0.445
62985,1.538939,0.389
62990,1.552835,0.394
62995,1.544839,0.549
63000,1.543286,0.427
63005,1.543897,0.481
63010,1.541066,0.473
63015,1.544057,0.448
63020,1.546841,0.436
63025,1.539635,0.455
63030,1.543371,0.391
63035,1.549295,0.569
63040,1.537513,0.546
63045,1.539388,0.413
63050,1.542423,0.474
63055,1.551256,0.479
63060,1.537207,0.56
63065,1.543341,0.499
63070,1.546173,0.471
63075,1.546525,0.489
63080,1.541636,0.444
63085,1.546806,0.446
63090,1.548126,0.411
63095,1.545542,0.449
63100,1.540282,0.481
63105,1.545356,0.476
63110,1.539636,0.543
63115,1.551264,0.427
63120,1.542973,0.477
63125,1.540075,0.407
63130,1.538494,0.46
63135,1.547021,0.447
63140,1.543382,0.369
63145,1.549336,0.401
63150,1.545343,0.48
63155,1.542076,0.668
63160,1.54493,0.436
63165,1.549804,0.5
63170,1.54744,0.405
63175,1.543202,0.525
63180,1.541549,0.451
63185,1.550831,0.486
63190,1.552391,0.439
63195,1.540567,0.476
63200,1.547075,0.456
63205,1.538702,0.438
63210,1.538224,0.45
63215,1.542074,0.399
63220,1.547192,0.493
63225,1.544967,0.456
63230,1.543923,0.404
63235,1.543272,0.407
63240,1.545946,0.429
63245,1.530606,0.508
63250,1.545303,0.435
63255,1.54802,0.438
63260,1.556585,0.559
63265,1.552485,0.411
63270,1.544524,0.472
63275,1.538969,0.482
63280,1.545612,0.426
63285,1.552326,0.47
63290,1.550905,0.491
63295,1.542487,0.594
63300,1.553833,0.839
63305,1.556781,0.429
63310,1.548873,0.445
63315,1.552015,0.383
63320,1.551605,0.405
63325,1.537683,0.377
63330,1.54355,0.388
63335,1.548805,0.672
63340,1.544895,0.402
63345,1.55233,0.445
63350,1.548712,0.394
63355,1.548743,0.527
63360,1.544814,0.403
63365,1.540866,0.445
63370,1.544589,0.433
63375,1.551986,0.416
63380,1.539966,0.41
63385,1.553047,0.465
63390,1.550462,0.44
63395,1.539529,0.448
63400,1.543547,0.393
63405,1.551309,0.433
63410,1.549831,0.501
63415,1.541772,0.438
63420,1.556868,0.445
63425,1.546669,0.421
63430,1.544319,0.521
63435,1.555198,0.437
63440,1.545921,0.55
63445,1.546721,0.509
63450,1.542283,0.464
63455,1.550714,0.545
63460,1.548443,0.561
63465,1.546301,0.455
63470,1.550407,0.398
63475,1.549826,0.399
63480,1.541047,0.441
63485,1.545709,0.488
63490,1.543407,0.429
63495,1.547376,0.422
63500,1.543996,0.576
63505,1.545843,0.435
63510,1.551983,0.506
63515,1.550386,0.467
63520,1.539865,0.416
63525,1.543108,0.443
63530,1.546353,0.496
63535,1.543716,0.395
63540,1.545333,0.422
63545,1.546697,0.419
63550,1.55207,0.442
63555,1.546927,0.463
63560,1.536197,0.644
63565,1.551663,0.595
63570,1.54824,0.436
63575,1.543892,0.481
63580,1.545321,0.399
63585,1.538048,0.591
63590,1.540628,0.47
63595,1.54821,0.428
63600,1.539422,0.439
63605,1.549139,0.476
63610,1.546309,0.441
63615,1.542238,0.51
63620,1.538315,0.43
63625,1.542846,0.415
63630,1.542757,0.476
63635,1.542865,0.428
63640,1.538025,0.49
63645,1.547046,0.421
63650,1.537378,0.46
63655,1.539258,0.581
63660,1.546373,0.525
63665,1.548014,0.435
63670,1.539526,0.448
63675,1.555632,0.503
63680,1.540065,0.469
63685,1.539306,0.528
63690,1.5446,0.483
63695,1.548243,0.464
63700,1.54049,0.418
63705,1.547984,0.447
63710,1.548216,0.4
63715,1.552563,0.503
63720,1.553592,0.637
63725,1.551535,0.631
63730,1.545356,0.478
63735,1.544052,0.441
63740,1.544314,0.444
63745,1.545949,0.423
63750,1.547584,0.426
63755,1.553392,0.483
63760,1.541981,0.522
63765,1.547456,0.423
63770,1.550194,0.463
63775,1.536538,0.472
63780,1.544156,0.426
63785,1.539015,0.404
63790,1.545542,0.474
63795,1.549115,0.453
63800,1.549154,0.45
63805,1.54941,0.47
63810,1.554079,0.493
63815,1.541358,0.526
63820,1.55224,0.393
63825,1.544795,0.433
63830,1.553164,0.403
63835,1.544345,0.541
63840,1.538788,0.413
63845,1.549162,0.444
63850,1.541173,0.562
63855,1.541588,0.421
63860,1.544161,0.414
63865,1.543174,0.441
63870,1.54753,0.711
63875,1.548172,0.448
63880,1.541866,0.487
63885,1.543524,0.587
63890,1.547526,0.428
63895,1.549113,0.555
63900,1.541263,0.457
63905,1.53348,0.432
63910,1.549913,0.44
63915,1.543053,0.401
63920,1.541483,0.435
63925,1.545458,0.553
63930,1.544212,0.43
63935,1.5472,0.393
63940,1.542383,0.483
63945,1.537177,0.457
63950,1.549169,0.487
63955,1.542822,0.392
63960,1.542797,0.464
63965,1.541884,0.389
63970,1.540427,0.462
63975,1.542621,0.464
63980,1.554078,0.488
63985,1.541768,0.493
63990,1.535587,0.463
63995,1.535024,0.503
64000,1.536653,0.437
64005,1.545458,0.411
64010,1.541241,0.511
64015,1.549975,0.426
64020,1.540056,0.393
64025,1.540779,0.418
64030,1.549655,0.468
64035,1.545813,0.461
64040,1.549422,0.418
64045,1.547048,0.457
64050,1.540834,0.432
64055,1.542787,0.44
64060,1.546805,0.42
64065,1.551245,0.513
64070,1.540707,0.482
64075,1.54838,0.463
64080,1.548302,0.514
64085,1.544845,0.466
64090,1.54147,0.425
64095,1.540777,0.488
64100,1.539315,0.422
64105,1.552663,0.468
64110,1.54414,0.395
64115,1.551986,0.512
64120,1.546773,0.47
64125,1.549976,0.421
64130,1.549037,0.404
64135,1.546955,0.398
64140,1.543269,0.504
64145,1.541916,0.445
64150,1.540009,0.466
64155,1.546578,0.491
64160,1.542576,0.507
64165,1.546798,0.595
64170,1.543838,0.487
64175,1.54952,0.447
64180,1.54328,0.42
64185,1.547987,0.477
64190,1.546224,0.423
64195,1.543359,0.492
64200,1.549255,0.452
64205,1.546543,0.488
64210,1.544326,0.426
64215,1.545664,0.382
64220,1.548176,0.426
64225,1.549623,0.568
64230,1.549471,0.485
64235,1.549115,0.446
64240,1.542609,0.47
64245,1.54484,0.409
64250,1.548366,0.409
64251,1.546106,0.422
64255,1.546536,0.439
64260,1.542782,0.402
64265,1.54713,0.409
64270,1.537773,0.471
64275,1.542931,0.454
64280,1.542694,0.431
64285,1.541754,0.421
64290,1.540782,0.456
64295,1.55015,0.473
64300,1.53805,0.406
64305,1.535365,0.484
64310,1.543591,0.451
64315,1.535687,0.413
64320,1.547461,0.448
64325,1.544392,0.368
64330,1.538986,0.506
64335,1.538409,0.435
64340,1.536582,0.424
64345,1.53556,0.4
64350,1.544074,0.539
64355,1.544333,0.448
64360,1.547445,0.379
64365,1.541063,0.528
64370,1.54319,0.486
64375,1.550129,0.455
64380,1.541707,0.422
64385,1.539326,0.437
64390,1.542027,0.469
64395,1.535109,0.39
64400,1.542387,0.604
64405,1.540041,0.444
64410,1.543516,0.417
64415,1.546351,0.416
64420,1.542784,0.4
64425,1.551587,0.452
64430,1.541467,0.478
64435,1.544264,0.534
64440,1.538324,0.435
64445,1.551919,0.476
64450,1.537314,0.38
64455,1.551658,0.436
64460,1.544101,0.418
64465,1.541138,0.532
64470,1.545161,0.465
64475,1.547572,0.528
64480,1.543958,0.456
64485,1.545776,0.394
64490,1.550079,0.439
64495,1.536252,0.523
64500,1.539867,0.449
64505,1.545281,0.425
64510,1.543466,0.408
64515,1.537163,0.426
64520,1.542061,0.402
64525,1.547091,0.503
64530,1.54833,0.492
64535,1.539938,0.417
64540,1.547244,0.435
64545,1.546536,0.447
64550,1.550014,0.445
64555,1.544923,0.465
64560,1.547982,0.445
64565,1.54168,0.436
64570,1.540605,0.438
64575,1.543294,0.459
64580,1.546485,0.483
64585,1.542345,0.421
64590,1.540412,0.411
64595,1.541045,0.5
64600,1.543654,0.482
64605,1.543796,0.393
64610,1.553226,0.533
64615,1.545236,0.383
64620,1.540853,0.481
64625,1.545481,0.521
64630,1.541932,0.459
64635,1.538555,0.485
64640,1.547875,0.439
64645,1.541456,0.471
64650,1.539136,0.426
64655,1.546566,0.427
64660,1.543226,0.43
64665,1.538353,0.441
64670,1.551539,0.463
64675,1.535888,0.391
64680,1.546829,0.401
64685,1.541128,0.427
64690,1.537522,0.454
64695,1.542131,0.56
64700,1.544664,0.506
64705,1.542034,0.423
64710,1.533351,0.464
64715,1.542093,0.386
64720,1.542663,0.507
64725,1.5457,0.447
64730,1.539886,0.431
64735,1.551025,0.4
64740,1.540427,0.567
64745,1.550839,2.236
64750,1.54802,0.462
64755,1.549614,0.388
64760,1.542707,0.398
64765,1.549245,0.434
64770,1.539835,0.509
64775,1.541625,0.399
64780,1.540419,0.401
64785,1.548171,0.386
64790,1.538348,0.401
64795,1.551962,0.471
64800,1.541118,0.443
64805,1.549741,0.562
64810,1.544392,0.426
64815,1.540494,0.4
64820,1.531782,0.441
64825,1.550236,0.476
64830,1.5387,0.389
64835,1.541563,0.394
64840,1.545061,0.439
64845,1.540157,0.522
64850,1.541483,0.48
64855,1.550624,0.444
64860,1.550406,0.461
64865,1.541319,0.465
64870,1.54254,0.401
64875,1.540507,0.366
64880,1.545754,0.435
64885,1.539221,0.429
64890,1.543033,0.425
64895,1.54467,0.442
64900,1.540409,0.408
64905,1.540889,0.433
64910,1.547714,0.432
64915,1.547647,0.41
64920,1.545854,0.479
64925,1.54599,0.405
64930,1.546994,0.432
64935,1.541506,0.505
64940,1.535837,0.46
64945,1.556489,0.442
64950,1.546597,0.436
64955,1.539808,0.492
64960,1.54428,0.411
64965,1.533719,0.429
64970,1.539558,0.461
64975,1.540328,0.422
64980,1.540199,0.43
64985,1.546822,0.426
64990,1.543019,0.404
64995,1.544565,0.485
65000,1.548087,0.791
65005,1.549607,0.544
65010,1.544575,0.399
65015,1.541811,0.392
65020,1.536417,0.417
65025,1.547649,0.391
65030,1.547371,0.426
65035,1.546848,0.448
65040,1.534519,0.461
65045,1.538896,0.491
65050,1.536543,0.426
65055,1.551157,0.432
65060,1.540253,0.422
65065,1.536982,0.459
65070,1.548097,0.46
65075,1.546009,0.429
65080,1.536068,0.531
65085,1.548676,0.403
65090,1.550017,0.388
65095,1.545626,0.455
65100,1.550212,0.418
65105,1.537708,0.48
65110,1.541484,0.438
65115,1.545956,0.412
65120,1.542277,0.397
65125,1.546889,0.439
65130,1.548174,0.392
65135,1.534904,0.454
65140,1.534668,0.392
65145,1.544917,0.399
65150,1.548199,0.4
65155,1.547677,0.611
65160,1.540874,0.457
65165,1.539286,0.422
65170,1.539113,0.527
65175,1.544383,0.422
65180,1.540809,0.433
65185,1.541012,0.446
65190,1.544736,0.475
65195,1.542417,0.609
65200,1.542245,0.388
65205,1.54001,0.407
65210,1.538534,0.465
65215,1.543082,0.399
65220,1.550389,0.388
65225,1.553234,0.441
65230,1.539488,0.447
65235,1.545259,0.46
65240,1.541488,0.469
65245,1.545282,0.366
65250,1.541635,0.392
65255,1.545372,0.441
65260,1.550468,0.418
65265,1.536802,0.401
65270,1.548925,0.449
65275,1.542906,0.45
65280,1.539462,0.408
65285,1.544867,0.458
65290,1.544572,0.456
65295,1.544252,0.39
65300,1.538579,0.498
65305,1.545544,0.424
65310,1.543986,0.408
65315,1.540123,0.415
65320,1.554176,0.402
65325,1.555887,0.409
65330,1.549668,0.488
65335,1.549584,0.494
65340,1.540686,0.503
65345,1.540805,0.433
65350,1.543954,0.401
65355,1.545557,0.44
65360,1.545795,0.567
65365,1.552699,0.542
65370,1.537701,0.458
65375,1.546453,0.396
65380,1.544025,0.433
65385,1.545175,0.416
65390,1.545026,0.371
65395,1.543693,0.418
65400,1.543742,0.667
65405,1.540877,0.479
65410,1.542394,0.49
65415,1.545297,0.492
65420,1.539545,0.412
65425,1.541281,0.433
65430,1.539609,0.581
65435,1.539049,0.475
65440,1.549409,0.388
65445,1.556113,0.408
65450,1.543926,0.425
65455,1.540675,0.521
65460,1.54056,0.41
65465,1.54396,0.455
65470,1.538031,0.408
65475,1.532677,0.407
65480,1.546343,0.478
65485,1.542915,0.418
65490,1.537483,0.431
65495,1.543025,0.454
65500,1.5427,0.456
65505,1.544602,0.435
65510,1.542481,0.473
65515,1.549728,0.385
65520,1.554251,0.506
65525,1.548435,0.493
65530,1.553604,0.444
65535,1.543382,0.414
65540,1.544786,0.457
65545,1.550096,0.468
65550,1.545058,0.373
65555,1.545412,0.448
65560,1.543974,0.429
65565,1.550585,0.391
65570,1.544224,0.469
65575,1.545798,0.433
65580,1.541189,0.426
65585,1.546935,0.408
65590,1.546466,0.365
65595,1.542026,0.444
65600,1.544107,0.527
65605,1.534079,0.442
65610,1.545844,0.507
65615,1.544061,0.465
65620,1.539366,0.394
65625,1.542812,0.458
65630,1.549767,0.488
65635,1.550711,0.4
65640,1.545043,0.432
65645,1.543445,0.457
65650,1.553645,0.412
65655,1.5415,0.466
65660,1.54095,0.397
65665,1.540991,0.425
65670,1.541323,0.423
65675,1.547953,0.411
65680,1.540842,0.378
65685,1.540356,0.48
65690,1.548311,0.48
65695,1.546644,0.413
65700,1.543944,0.464
65705,1.54999,0.449
65710,1.545855,0.441
65715,1.54596,0.426
65720,1.543789,0.424
65725,1.54124,0.451
65730,1.544716,0.421
65735,1.54778,0.412
65740,1.539751,0.389
65745,1.542221,0.479
65750,1.540172,0.443
65755,1.540975,0.408
65760,1.550015,0.457
65765,1.546955,0.449
65770,1.550517,0.415
65775,1.537612,0.427
65780,1.535915,0.43
65785,1.53802,0.483
65790,1.545173,0.538
65795,1.546651,0.466
65800,1.542937,0.429
65805,1.541411,0.478
65810,1.544342,0.423
65815,1.538141,2.984
65820,1.550841,0.572
65825,1.546551,0.391
65830,1.538672,0.442
65835,1.534983,0.375
65840,1.544413,0.448
65845,1.549748,0.424
65850,1.55138,0.546
65855,1.543934,0.412
65860,1.544835,0.414
65865,1.546122,0.381
65870,1.552713,0.46
65875,1.55467,0.456
65880,1.542094,0.46
65885,1.543167,0.436
65890,1.54501,0.472
65895,1.549685,0.466
65900,1.543092,0.423
65905,1.540067,0.395
65910,1.540349,0.421
65915,1.548347,0.433
65920,1.550666,0.42
65925,1.544,0.448
65930,1.544123,0.404
65935,1.532993,0.414
65940,1.544091,0.391
65945,1.539084,0.567
65950,1.538214,0.466
65955,1.539614,0.523
65960,1.54857,0.44
65965,1.54687,0.408
65970,1.549981,0.365
65975,1.552511,0.379
65980,1.54556,0.478
65985,1.537439,0.507
65990,1.536557,0.406
65995,1.540097,0.468
66000,1.538636,0.439
66005,1.553111,0.442
66010,1.536018,0.393
66015,1.549174,0.431
66020,1.541231,0.572
66025,1.56432,0.48
66030,1.542139,0.394
66035,1.538656,0.446
66040,1.538864,0.393
66045,1.548328,0.546
66050,1.545932,0.452
66055,1.542575,0.453
66060,1.549849,0.415
66065,1.537104,0.472
66070,1.53943,0.413
66075,1.546537,0.561
66080,1.538808,0.389
66085,1.534899,0.408
66090,1.546212,0.429
66095,1.539549,0.722
66100,1.549817,0.548
66105,1.543388,0.404
66110,1.536092,0.398
66115,1.549235,0.415
66120,1.546401,0.407
66125,1.546482,0.412
66130,1.542079,0.455
66135,1.540275,0.413
66140,1.549489,0.535
66145,1.548322,0.467
66150,1.544755,0.422
66155,1.551431,0.431
66160,1.531993,0.416
66165,1.547589,0.454
66170,1.546256,0.425
66175,1.543845,0.422
66180,1.544974,0.525
66185,1.54717,0.425
66190,1.540778,0.42
66195,1.541732,0.479
66200,1.543408,0.403
66205,1.548075,0.436
66210,1.550267,0.527
66215,1.548854,0.416
66220,1.552502,0.472
66225,1.53937,0.418
66230,1.539715,0.362
66235,1.539211,0.435
66240,1.550539,0.458
66245,1.541753,0.491
66250,1.546102,0.413
66255,1.546032,0.452
66260,1.536377,0.412
66265,1.541225,0.391
66270,1.536546,0.401
66275,1.545143,0.482
66280,1.555558,0.537
66285,1.542291,0.468
66290,1.541145,0.508
66295,1.54161,0.42
66300,1.543413,0.39
66305,1.54504,0.431
66310,1.546691,0.441
66315,1.538096,0.431
66320,1.543955,0.429
66325,1.541668,0.462
66330,1.550419,0.427
66335,1.535891,0.452
66340,1.548833,0.397
66345,1.547508,0.407
66350,1.544124,0.382
66355,1.539496,0.386
66360,1.540016,0.555
66365,1.544449,0.467
66370,1.546884,0.479
66375,1.543297,0.416
66380,1.543207,0.408
66385,1.550338,0.394
66390,1.542044,0.447
66395,1.542257,0.424
66400,1.554201,0.414
66405,1.547891,0.399
66410,1.546947,0.397
66415,1.545295,0.413
66420,1.546119,0.4
66425,1.546014,0.393
66430,1.547983,0.549
66435,1.542507,0.447
66440,1.537219,0.422
66445,1.541578,0.404
66450,1.555714,0.436
66455,1.543067,0.414
66460,1.545614,0.401
66465,1.544858,0.438
66470,1.539181,0.509
66475,1.54344,0.376
66480,1.551518,0.411
66485,1.552361,0.478
66490,1.545179,0.488
66495,1.539932,0.439
66500,1.552743,0.425
66505,1.541353,0.389
66510,1.545369,0.471
66515,1.550108,0.431
66520,1.547541,0.422
66525,1.552288,0.408
66530,1.543941,0.418
66535,1.553699,0.388
66540,1.546222,0.424
66545,1.539452,0.471
66550,1.541308,0.409
66555,1.549616,0.418
66560,1.531978,0.409
66565,1.542077,0.468
66570,1.544153,0.453
66575,1.546271,0.474
66580,1.550288,0.425
66585,1.546606,0.499
66590,1.545167,0.508
66595,1.555225,0.455
66600,1.54441,0.406
66605,1.541711,0.519
66610,1.546167,0.44
66615,1.536448,0.44
66620,1.541029,0.392
66625,1.53929,0.443
66626,1.547524,0.456
66630,1.546688,0.401
66635,1.536979,0.707
66640,1.543386,0.538
66645,1.544692,0.445
66650,1.544286,0.4
66655,1.539225,0.477
66660,1.533111,0.404
66665,1.544453,0.385
66670,1.546,0.475
66675,1.546165,0.413
66680,1.546949,0.402
66685,1.547205,0.445
66690,1.536804,0.487
66695,1.545711,0.487
66700,1.547894,0.45
66705,1.555942,0.422
66710,1.548916,0.414
66715,1.556503,0.394
66720,1.546115,0.42
66725,1.547821,0.489
66730,1.547267,0.445
66735,1.546862,0.496
66740,1.548869,0.42
66745,1.544663,0.397
66750,1.550899,0.495
66755,1.551027,0.452
66760,1.547007,0.454
66765,1.554223,0.485
66770,1.542194,0.491
66775,1.548284,0.404
66780,1.540476,0.41
66785,1.541213,0.494
66790,1.539944,0.439
66795,1.542419,0.423
66800,1.542739,0.502
66805,1.544656,0.422
66810,1.544114,0.447
66815,1.548613,0.47
66820,1.549488,0.456
66825,1.546197,0.391
66830,1.543033,0.457
66835,1.550502,0.551
66840,1.542606,0.429
66845,1.548707,0.509
66850,1.552148,0.474
66855,1.542427,0.457
66860,1.550654,0.438
66865,1.553868,0.514
66870,1.545142,0.412
66875,1.549152,0.406
66880,1.541692,0.415
66885,1.552408,0.441
66890,1.553077,0.481
66895,1.546251,0.492
66900,1.547316,0.401
66905,1.547531,0.501
66910,1.552757,0.449
66915,1.54595,0.482
66920,1.543793,0.449
66925,1.544342,0.5
66930,1.554119,0.482
66935,1.55386,0.435
66940,1.55365,0.42
66945,1.542179,0.543
66950,1.541768,0.376
66955,1.542936,0.421
66960,1.546151,0.482
66965,1.549761,0.431
66970,1.558024,0.419
66975,1.550264,0.394
66980,1.545716,0.482
66985,1.546768,0.44
66990,1.549402,0.409
66995,1.553254,0.477
67000,1.548434,0.494
67005,1.54293,0.454
67010,1.544181,0.675
67015,1.554219,0.481
67020,1.549446,0.477
67025,1.546939,0.44
67030,1.54136,0.42
67035,1.547907,0.459
67040,1.553253,0.454
67045,1.552058,0.423
67050,1.548442,0.682
67055,1.552199,0.504
67060,1.545949,0.402
67065,1.543395,0.496
67070,1.550443,0.393
67075,1.558655,0.564
67080,1.543757,0.451
67085,1.541991,0.416
67090,1.545367,0.404
67095,1.557772,0.464
67100,1.546743,0.455
67105,1.544285,0.427
67110,1.547509,0.405
67115,1.546901,0.413
67120,1.54492,0.42
67125,1.555921,0.441
67130,1.550743,0.412
67135,1.551597,0.419
67140,1.55052,0.384
67145,1.554692,0.376
67150,1.550697,0.436
67155,1.544998,0.485
67160,1.557814,0.441
67165,1.543127,0.427
67170,1.550103,0.438
67175,1.544211,0.431
67180,1.553087,0.507
67185,1.550198,0.421
67190,1.546518,0.517
67195,1.554419,0.4
67200,1.557231,0.493
67205,1.543714,0.413
67210,1.54729,0.465
67215,1.54467,0.433
67220,1.548447,0.476
67225,1.548879,0.435
67230,1.559288,0.465
67235,1.545551,0.409
67240,1.550371,0.474
67245,1.551175,0.507
67250,1.546513,0.429
67255,1.555277,0.434
67260,1.540802,0.479
67265,1.545548,0.569
67270,1.551358,0.424
67275,1.551897,0.458
67280,1.555944,0.467
67285,1.557167,0.43
67290,1.552867,0.415
67295,1.544602,0.463
67300,1.555177,0.398
67305,1.554593,0.493
67310,1.541978,0.59
67315,1.552498,0.487
67320,1.554847,0.437
67325,1.54996,0.44
67330,1.549695,0.478
67335,1.55569,0.402
67340,1.552055,0.522
67345,1.549911,0.505
67350,1.542658,0.455
67355,1.557696,0.445
67360,1.54821,0.409
67365,1.553177,0.457
67370,1.54682,0.503
67375,1.537032,0.415
67380,1.547543,0.389
67385,1.559656,0.537
67390,1.550846,0.491
67395,1.552168,0.455
67400,1.553143,0.529
67405,1.560229,0.421
67410,1.551712,0.474
67415,1.545875,0.388
67420,1.559051,0.466
67425,1.544456,0.41
67430,1.544062,0.432
67435,1.550127,0.473
67440,1.551506,0.444
67445,1.553098,0.537
67450,1.554593,0.416
67455,1.543,0.453
67460,1.555634,0.391
67465,1.561615,0.397
67470,1.552946,0.428
67475,1.559201,0.422
67480,1.549326,0.477
67485,1.552974,0.453
67490,1.541245,0.43
67495,1.552303,0.456
67500,1.555161,0.416
67505,1.551859,0.496
67510,1.552742,0.432
67515,1.552264,0.425
67520,1.553819,0.434
67525,1.552422,0.542
67530,1.544621,0.559
67535,1.561408,0.443
67540,1.567605,0.447
67545,1.551685,0.471
67550,1.558242,0.385
67555,1.554632,0.425
67560,1.544675,0.441
67565,1.557311,0.552
67570,1.547547,0.496
67575,1.551011,0.452
67580,1.543182,0.475
67585,1.542568,0.392
67590,1.554761,0.433
67595,1.557444,0.48
67600,1.551762,0.428
67605,1.54705,0.512
67610,1.556213,0.485
67615,1.55381,0.45
67620,1.552881,0.43
67625,1.556082,0.578
67630,1.564737,0.437
67635,1.556221,0.502
67640,1.554766,0.5
67645,1.551868,0.406
67650,1.56023,0.476
67655,1.55053,0.396
67660,1.560432,0.49
67665,1.556777,0.414
67670,1.552928,0.426
67675,1.554,0.487
67680,1.549807,0.49
67685,1.547697,0.515
67690,1.554498,0.505
67695,1.547477,0.37
67700,1.551291,0.404
67705,1.558521,0.456
67710,1.5458,0.371
67715,1.549787,0.419
67720,1.558538,0.474
67725,1.561219,0.396
67730,1.546022,0.568
67735,1.555084,0.428
67740,1.556069,0.468
67745,1.549266,0.435
67750,1.551857,0.465
67755,1.5488,0.584
67760,1.557265,0.461
67765,1.558626,0.417
67770,1.557553,0.501
67775,1.564262,0.459
67780,1.564998,0.451
67785,1.550295,0.513
67790,1.552952,0.474
67795,1.563184,0.404
67800,1.560342,0.419
67805,1.551611,0.459
67810,1.556358,0.419
67815,1.560855,0.476
67820,1.553256,0.479
67825,1.553197,0.419
67830,1.55823,0.506
67835,1.554691,0.548
67840,1.551062,0.418
67845,1.558945,0.392
67850,1.555676,0.445
67855,1.556739,0.473
67860,1.549168,0.459
67865,1.556844,0.442
67870,1.5558,0.525
67875,1.565682,0.488
67880,1.558638,0.464
67885,1.55126,0.408
67890,1.548523,0.445
67895,1.557622,0.921
67900,1.554742,0.412
67905,1.560215,0.398
67910,1.553239,0.419
67915,1.558831,0.551
67920,1.553825,0.509
67925,1.557146,0.458
67930,1.549091,0.434
67935,1.563147,0.452
67940,1.564258,0.473
67945,1.562499,0.645
67950,1.557699,0.408
67955,1.560782,0.505
67960,1.558804,0.497
67965,1.558781,0.447
67970,1.556479,0.435
67975,1.551752,0.517
67980,1.556011,0.487
67985,1.552889,0.43
67990,1.560663,0.406
67995,1.55815,0.439
68000,1.559138,0.486
68005,1.558141,0.423
68010,1.553275,0.504
68015,1.551149,0.436
68020,1.559288,0.468
68025,1.55714,0.476
68030,1.564238,0.409
68035,1.558657,0.399
68040,1.558274,0.391
68045,1.565109,0.498
68050,1.55192,0.454
68055,1.558825,0.594
68060,1.561887,0.399
68065,1.558891,0.484
68070,1.552473,0.457
68075,1.563696,0.471
68080,1.565714,0.526
68085,1.560927,0.426
68090,1.554358,0.441
68095,1.551829,0.451
68100,1.564736,0.472
68105,1.558515,0.407
68110,1.564499,0.42
68115,1.558899,0.395
68120,1.563857,0.471
68125,1.555119,0.482
68130,1.554818,0.397
68135,1.554944,0.455
68140,1.55462,0.444
68145,1.561481,0.401
68150,1.561682,0.485
68155,1.569335,0.449
68160,1.557646,0.43
68165,1.55903,0.432
68170,1.561826,0.41
68175,1.555669,0.485
68180,1.5627,0.493
68185,1.55766,0.39
68190,1.566858,0.472
68195,1.553917,0.387
68200,1.563891,0.433
68205,1.565692,0.424
68210,1.548936,0.406
68215,1.553615,0.45
68220,1.557265,0.525
68225,1.561479,0.433
68230,1.556419,0.42
68235,1.560817,0.408
68240,1.552915,0.582
68245,1.54988,0.466
68250,1.563064,0.437
68255,1.557485,0.402
68260,1.557327,0.452
68265,1.556217,0.433
68270,1.55786,0.531
68275,1.551191,0.428
68280,1.561047,0.519
68285,1.563835,0.599
68290,1.543976,0.503
68295,1.566113,0.422
68300,1.561024,0.429
68305,1.560771,0.466
68310,1.557302,0.42
68315,1.553804,0.494
68320,1.560791,0.488
68325,1.555909,0.516
68330,1.555474,0.523
68335,1.555702,0.458
68340,1.561709,0.407
68345,1.558869,0.435
68350,1.560476,0.508
68355,1.556819,0.459
68360,1.564359,0.536
68365,1.548879,0.546
68370,1.558437,0.471
68375,1.558636,0.457
68380,1.551112,0.455
68385,1.554261,0.411
68390,1.561118,0.466
68395,1.55998,0.569
68400,1.558709,0.551
68405,1.553781,0.462
68410,1.558418,0.403
68415,1.560899,0.416
68420,1.556307,0.474
68425,1.557795,0.495
68430,1.553122,0.418
68435,1.563349,0.424
68440,1.553436,0.518
68445,1.544917,0.499
68450,1.557055,0.466
68455,1.546017,0.424
68460,1.556067,0.436
68465,1.563685,0.439
68470,1.552202,0.479
68475,1.557279,0.418
68480,1.558268,0.468
68485,1.553444,0.464
68490,1.570334,0.43
68495,1.547573,0.487
68500,1.55908,0.435
68505,1.563702,0.515
68510,1.558876,0.486
68515,1.562794,0.44
68520,1.566189,0.462
68525,1.562262,0.426
68530,1.562315,0.407
68535,1.563446,0.407
68540,1.558698,0.652
68545,1.557943,0.455
68550,1.551593,0.47
68555,1.557682,0.43
68560,1.551927,0.448
68565,1.549618,0.451
68570,1.567316,0.484
68575,1.553034,0.429
68580,1.566232,0.417
68585,1.557123,0.537
68590,1.560637,0.49
68595,1.562675,0.537
68600,1.556036,0.454
68605,1.56542,0.411
68610,1.555735,0.435
68615,1.556919,0.403
68620,1.559165,0.457
68625,1.558027,0.414
68630,1.555665,0.454
68635,1.565368,0.501
68640,1.557899,0.461
68645,1.555805,0.472
68650,1.556841,0.424
68655,1.563081,0.439
68660,1.550023,0.587
68665,1.554373,0.453
68670,1.560655,0.702
68675,1.567265,0.487
68680,1.559569,0.437
68685,1.554864,0.438
68690,1.560957,0.4
68695,1.554179,0.476
68700,1.557064,0.507
68705,1.562421,0.511
68710,1.553756,0.487
68715,1.559405,0.408
68720,1.560953,0.387
68725,1.560869,0.417
68730,1.567914,0.441
68735,1.551092,0.431
68740,1.562689,0.521
68745,1.559694,0.421
68750,1.554367,0.393
68755,1.554968,0.419
68760,1.557846,0.457
68765,1.55395,0.452
68770,1.561927,0.59
68775,1.561143,0.557
68780,1.557052,0.492
68785,1.556844,0.424
68790,1.555623,0.453
68795,1.558929,0.478
68800,1.557405,0.395
68805,1.552168,0.422
68810,1.559973,0.441
68815,1.549797,0.469
68820,1.558427,0.468
68825,1.551852,0.375
68830,1.560364,0.406
68835,1.553539,0.445
68840,1.564257,0.503
68845,1.543553,0.554
68850,1.560175,0.417
68855,1.559542,0.469
68860,1.555954,0.439
68865,1.555891,0.473
68870,1.551126,0.468
68875,1.558859,0.413
68880,1.565433,0.621
68885,1.559196,0.527
68890,1.55854,0.44
68895,1.548216,0.449
68900,1.558165,0.448
68905,1.55367,0.554
68910,1.559556,0.433
68915,1.559961,0.454
68920,1.557595,0.494
68925,1.547923,0.487
68930,1.55839,0.415
68935,1.5569,0.426
68940,1.554116,0.444
68945,1.548085,0.479
68950,1.547501,0.666
68955,1.561408,0.525
68960,1.560574,0.449
68965,1.56174,0.404
68970,1.552258,0.433
68975,1.556786,0.505
68980,1.552502,0.427
68985,1.554412,0.474
68990,1.555998,0.386
68995,1.565384,0.472
69000,1.560165,0.462
69005,1.55977,0.437
69010,1.558672,0.567
69015,1.553269,0.459
69020,1.546326,0.393
69025,1.566338,0.454
69030,1.556339,0.541
69035,1.554371,0.733
69040,1.553814,0.516
69045,1.558994,0.827
69050,1.553783,0.437
69055,1.552451,0.437
69060,1.556202,0.408
69065,1.559879,0.475
69070,1.554259,0.615
69075,1.553658,0.468
69080,1.550156,0.405
69085,1.551108,0.427
69090,1.549753,0.439
69095,1.557493,0.477
69100,1.552552,0.426
69105,1.550095,0.391
69110,1.552548,0.446
69115,1.557435,0.426
69120,1.561725,0.399
69125,1.553651,0.498
69130,1.547694,0.497
69135,1.564548,0.404
69140,1.559216,0.439
69145,1.549969,0.499
69150,1.551514,0.466
69155,1.55379,0.473
69160,1.551489,0.426
69165,1.558405,0.474
69170,1.561946,0.535
69175,1.551334,0.676
69180,1.559617,0.479
69185,1.548609,0.44
69190,1.565011,0.443
69195,1.561493,0.409
69200,1.552593,0.456
69205,1.555968,0.527
69210,1.554731,0.482
69215,1.562545,0.454
69220,1.551726,0.425
69225,1.55238,0.451
69230,1.553232,0.409
69235,1.557736,0.493
69240,1.555163,0.536
69245,1.558307,0.439
69250,1.551164,0.397
69255,1.557836,0.414
69260,1.549824,0.584
69265,1.553144,0.396
69270,1.552531,0.412
69275,1.55727,0.563
69280,1.553499,0.48
69285,1.549845,0.445
69290,1.55141,0.455
69295,1.555053,0.576
69300,1.565768,0.422
69305,1.562171,0.483
69310,1.551429,0.438
69315,1.555894,0.466
69320,1.554598,0.417
69325,1.559334,0.393
69330,1.563878,0.425
69335,1.556675,0.406
69340,1.545315,0.586
69345,1.554094,0.488
69350,1.557303,0.423
69355,1.548483,0.393
69360,1.558172,0.389
69365,1.552162,0.51
69370,1.555101,0.434
69375,1.556491,0.441
69380,1.552809,0.456
69385,1.555203,0.531
69390,1.54593,0.463
69395,1.55335,0.412
69400,1.555375,0.466
69405,1.555883,0.506
69410,1.556097,0.509
69415,1.553296,0.518
69420,1.555791,0.502
69425,1.554836,0.436
69430,1.550492,0.422
69435,1.552694,0.458
69440,1.548227,0.409
69445,1.550944,0.487
69450,1.550862,0.449
69455,1.554962,0.427
69460,1.557508,0.431
69465,1.551637,0.464
69470,1.556532,0.455
69475,1.562726,0.45
69480,1.553918,0.484
69485,1.558528,0.43
69490,1.554054,0.406
69495,1.54601,0.735
69500,1.553173,0.56
69505,1.550512,0.48
69510,1.551374,0.449
69515,1.541627,0.41
69520,1.548227,0.443
69525,1.559885,0.426
69530,1.548156,0.454
69535,1.552707,0.44
69540,1.549409,0.453
69545,1.544853,0.455
69550,1.557486,0.499
69555,1.55952,0.506
69560,1.561814,2.805
69565,1.551913,0.429
69570,1.548341,0.414
69575,1.550643,0.448
69580,1.557383,0.394
69585,1.559526,0.48
69590,1.549278,0.447
69595,1.546044,0.394
69600,1.547718,0.441
69605,1.554135,0.484
69610,1.557506,0.47
69615,1.557417,0.543
69620,1.549426,0.414
69625,1.555211,0.437
69630,1.548094,0.469
69635,1.558131,0.488
69640,1.555673,0.409
69645,1.553191,0.435
69650,1.550472,0.449
69655,1.556434,0.509
69660,1.557864,0.48
69665,1.556799,0.471
69670,1.555493,0.439
69675,1.556619,0.419
69680,1.553366,0.45
69685,1.55591,0.548
69690,1.555375,0.48
69695,1.561926,0.456
69700,1.551493,0.43
69705,1.557554,0.496
69710,1.556067,0.428
69715,1.558604,0.404
69720,1.550772,0.421
69725,1.548188,0.513
69730,1.563065,0.504
69735,1.5531,0.531
69740,1.552019,0.398
69745,1.556218,0.518
69750,1.560711,0.411
69755,1.557984,0.405
69760,1.551779,0.523
69765,1.559207,0.442
69770,1.559223,0.422
69775,1.555471,0.414
69780,1.551889,0.394
69785,1.553546,0.399
69790,1.553934,0.447
69795,1.556473,0.494
69800,1.549004,0.448
69805,1.550761,0.428
69810,1.551828,0.45
69815,1.548195,0.536
69820,1.560183,0.467
69825,1.560812,0.448
69830,1.546813,0.549
69835,1.555905,0.502
69840,1.558521,0.431
69845,1.546983,0.466
69850,1.552561,0.413
69855,1.551317,0.435
69860,1.552462,0.41
69865,1.549349,0.444
69870,1.555063,0.427
69875,1.556058,0.517
69880,1.561431,0.497
69885,1.547524,0.5
69890,1.559496,0.385
69895,1.553019,0.5
69900,1.556587,0.424
69905,1.538565,0.419
69910,1.572842,0.529
69915,1.556245,0.523
69920,1.554986,0.597
69925,1.557188,0.449
69930,1.560603,0.432
69935,1.56161,0.396
69940,1.551845,0.454
69945,1.553444,0.466
69950,1.564643,0.398
69955,1.552695,0.517
69960,1.554827,0.463
69965,1.554727,0.481
69970,1.558801,0.403
69975,1.553528,0.463
69980,1.553899,0.472
69985,1.566837,0.46
69990,1.558264,0.401
69995,1.549839,0.465
70000,1.56354,0.429
70005,1.567103,0.473
70010,1.558987,0.523
70015,1.555307,0.547
70020,1.556016,0.455
70025,1.554044,0.398
70030,1.556495,0.426
70035,1.56797,0.445
70040,1.553206,0.424
70045,1.562794,0.448
70050,1.553232,0.47
70055,1.555265,0.45
70060,1.557651,0.493
70065,1.553978,0.395
70070,1.561371,0.419
70075,1.552944,0.429
70080,1.561275,0.476
70085,1.553807,0.473
70090,1.553901,0.527
70095,1.552103,0.499
70100,1.556062,0.449
70105,1.552864,0.732
70110,1.562719,0.472
70115,1.5588,0.487
70120,1.559236,0.448
70125,1.560138,0.408
70130,1.556202,0.423
70135,1.557052,0.441
70140,1.547992,0.449
70145,1.55044,0.461
70150,1.558198,0.413
70155,1.562232,0.472
70160,1.567197,0.518
70165,1.557138,0.496
70170,1.565973,0.456
70175,1.554074,0.426
70180,1.55487,0.443
70185,1.562846,0.68
70190,1.557174,0.469
70195,1.560072,0.448
70200,1.553782,0.396
70205,1.553063,0.432
70210,1.556092,0.567
70215,1.555558,0.573
70220,1.559273,0.416
70225,1.561993,0.371
70230,1.562476,0.447
70235,1.550825,0.376
70240,1.558997,0.426
70245,1.555529,0.456
70250,1.557838,0.449
70255,1.559474,0.461
70260,1.557363,0.41
70265,1.55854,0.394
70270,1.555662,0.542
70275,1.561341,0.412
70280,1.556852,0.398
70285,1.567493,0.422
70290,1.565268,0.511
70295,1.557944,0.529
70300,1.558413,0.44
70305,1.554302,0.544
70310,1.559528,0.403
70315,1.569337,0.553
70320,1.566866,0.428
70325,1.562562,0.417
70330,1.558651,0.413
70335,1.556848,0.484
70340,1.557584,0.488
70345,1.563032,0.431
70350,1.5586,0.413
70355,1.56305,0.478
70360,1.563173,0.452
70365,1.557262,0.484
70370,1.563076,0.416
70375,1.549507,0.47
70380,1.558098,0.462
70385,1.557471,0.423
70390,1.559932,0.501
70395,1.568399,0.397
70400,1.564982,0.469
70405,1.567876,0.411
70410,1.557289,0.397
70415,1.565505,0.466
70420,1.557523,0.569
70425,1.559074,0.56
70430,1.55854,0.553
70435,1.556199,0.42
70440,1.557225,0.468
70445,1.555797,0.391
70450,1.561156,0.437
70455,1.558465,0.464
70460,1.555482,0.462
70465,1.560808,0.464
70470,1.564576,0.409
70475,1.554682,0.509
70480,1.568942,0.503
70485,1.562033,0.7
70490,1.555608,0.488
70495,1.564489,0.448
70500,1.555051,0.411
70505,1.56019,0.525
70510,1.562874,0.435
70515,1.56671,0.407
70520,1.544807,0.381
70525,1.555801,0.413
70530,1.556545,0.445
70535,1.554946,0.557
70540,1.558079,0.457
70545,1.545174,0.418
70550,1.559553,0.497
70555,1.556241,0.426
70560,1.554519,0.548
70565,1.552354,0.428
70570,1.566083,0.527
70575,1.559423,0.482
70580,1.562232,0.413
70585,1.560932,0.395
70590,1.560302,0.434
70595,1.558106,0.459
70600,1.56086,0.458
70605,1.55421,0.399
70610,1.565159,0.423
70615,1.557075,0.455
70620,1.56036,0.424
70625,1.562619,0.497
70630,1.560273,0.448
70635,1.548346,0.487
70640,1.55946,0.513
70645,1.563554,0.491
70650,1.558607,0.452
70655,1.561428,0.408
70660,1.563935,0.398
70665,1.563603,0.447
70670,1.561341,0.878
70675,1.553697,0.464
70680,1.560071,0.421
70685,1.558611,0.459
70690,1.558561,0.466
70695,1.561476,0.406
70700,1.557752,0.431
70705,1.561235,0.418
70710,1.56474,0.409
70715,1.5543,0.451
70720,1.55523,0.416
70725,1.56605,0.425
70730,1.55916,0.436
70735,1.548329,0.456
70740,1.567006,0.425
70745,1.563795,0.486
70750,1.5597,0.447
70755,1.560279,0.538
70760,1.556369,0.421
70765,1.555691,0.413
70770,1.556642,0.429
70775,1.557447,0.495
70780,1.554604,0.523
70785,1.555778,0.43
70790,1.554262,0.389
70795,1.551133,0.459
70800,1.565393,0.428
70805,1.557402,0.379
70810,1.562707,0.404
70815,1.557653,0.418
70820,1.559359,0.443
70825,1.562318,0.476
70830,1.557507,0.401
70835,1.556593,0.429
70840,1.558282,0.434
70845,1.553251,0.413
70850,1.563882,0.461
70855,1.56372,0.448
70860,1.555441,0.424
70865,1.559731,0.461
70870,1.559297,0.43
70875,1.555577,0.45
70880,1.568174,0.458
70885,1.557112,0.508
70890,1.565626,0.49
70895,1.556956,0.477
70900,1.562169,0.465
70905,1.55642,0.412
70910,1.561092,0.464
70915,1.555248,0.421
70920,1.564482,0.489
70925,1.562794,0.424
70930,1.557213,0.457
70935,1.566035,0.488
70940,1.562105,0.428
70945,1.567468,0.426
70950,1.555484,0.449
70955,1.568752,0.496
70960,1.557772,0.41
70965,1.55326,0.389
70970,1.563487,0.512
70975,1.558752,0.486
70980,1.558816,0.419
70985,1.564005,0.414
70990,1.564168,0.544
70995,1.565048,0.462
71000,1.560999,0.411
71005,1.561417,0.379
71010,1.558046,0.53
71015,1.558181,0.474
71020,1.56566,0.391
71025,1.562873,0.46
71030,1.560032,0.456
71035,1.564987,0.4
71040,1.555818,0.423
71045,1.555719,0.505
71050,1.560555,0.581
71055,1.556414,0.452
71060,1.550415,0.429
71065,1.555055,0.405
71070,1.554234,0.422
71075,1.560186,0.441
71080,1.562264,0.438
71085,1.555672,0.444
71090,1.565871,0.409
71095,1.564303,0.43
71100,1.563261,0.461
71105,1.561541,0.439
71110,1.556407,0.458
71115,1.557007,0.369
71120,1.572289,0.42
71125,1.566681,0.479
71130,1.551898,0.445
71135,1.55827,0.449
71140,1.555314,0.502
71145,1.5647,0.4
71150,1.561952,0.526
71155,1.557492,0.424
71160,1.562577,0.515
71165,1.563212,0.58
71170,1.561323,0.42
71175,1.563533,0.552
71180,1.557703,0.418
71185,1.567648,0.523
71190,1.556354,0.479
71195,1.561634,0.481
71200,1.568575,0.39
71205,1.557378,0.412
71210,1.560901,0.394
71215,1.565647,0.44
71220,1.557637,0.45
71225,1.564784,0.475
71230,1.555112,0.43
71235,1.561948,0.482
71240,1.553236,0.475
71245,1.558998,0.496
71250,1.566215,0.457
71255,1.562265,0.518
71260,1.574344,0.504
71265,1.558358,0.5
71270,1.564211,0.474
71275,1.558944,0.425
71280,1.556247,0.546
71285,1.563969,0.425
71290,1.55945,0.448
71295,1.558621,0.41
71300,1.568315,0.422
71305,1.56156,0.506
71310,1.565976,0.515
71315,1.555194,0.499
71320,1.56534,0.385
71325,1.570446,0.405
71330,1.565087,0.41
71335,1.579502,0.479
71340,1.570873,0.442
71345,1.568628,0.403
71350,1.561412,0.428
71355,1.56746,0.427
71360,1.566222,0.484
71365,1.561877,0.451
71370,1.55645,0.43
71375,1.557739,0.433
71380,1.567503,0.538
71385,1.566111,0.43
71390,1.56178,0.464
71395,1.562132,0.423
71400,1.564936,0.443
71405,1.558538,0.549
71410,1.573196,0.473
71415,1.562904,0.502
71420,1.564704,0.441
71425,1.572402,0.527
71430,1.566145,0.408
71435,1.568269,0.468
71440,1.562401,0.456
71445,1.56033,0.458
71450,1.557897,0.609
71455,1.551302,0.441
71460,1.565708,0.443
71465,1.556366,0.406
71470,1.566847,0.411
71475,1.561824,0.469
71480,1.562305,0.442
71485,1.562404,0.466
71490,1.563161,0.446
71495,1.561294,0.464
71500,1.557354,0.514
71505,1.560615,0.414
71510,1.565284,0.386
71515,1.55682,0.384
71520,1.565015,0.43
71525,1.563116,0.633
71530,1.561253,0.436
71535,1.562868,0.4
71540,1.562861,0.458
71545,1.555755,0.454
71550,1.564817,0.4
71555,1.550229,0.405
71560,1.569272,0.506
71565,1.56833,0.462
71570,1.563934,0.442
71575,1.565572,0.462
71580,1.561748,0.403
71585,1.570583,0.431
71590,1.561322,0.449
71595,1.568415,0.598
71600,1.557431,0.453
71605,1.559724,0.566
71610,1.561235,0.366
71615,1.566623,0.397
71620,1.5566,0.488
71625,1.568911,0.519
71630,1.561665,0.408
71635,1.564515,0.407
71640,1.561951,0.388
71645,1.566126,0.431
71650,1.571848,0.442
71655,1.569644,0.415
71660,1.562355,0.462
71665,1.568055,0.454
71670,1.564286,0.451
71675,1.56773,0.398
71680,1.563342,0.543
71685,1.560712,0.424
71690,1.555687,0.41
71695,1.568285,0.418
71700,1.560663,0.463
71705,1.561915,0.445
71710,1.559612,0.455
71715,1.567692,0.409
71720,1.556758,0.403
71725,1.56073,0.402
71730,1.562171,0.525
71735,1.568259,0.561
71740,1.566955,0.441
71745,1.563976,0.398
71750,1.556335,0.422
71755,1.564905,0.403
71760,1.568625,0.42
71765,1.560625,0.535
71770,1.560559,0.419
71775,1.559181,0.419
71780,1.559592,0.5
71785,1.57151,0.526
71790,1.567388,0.409
71795,1.570236,0.39
71800,1.564744,0.446
71805,1.551327,0.554
71810,1.558341,0.428
71815,1.566428,0.435
71820,1.567462,0.494
71825,1.558703,0.421
71830,1.557591,0.468
71835,1.561398,3.672
71840,1.573171,0.497
71845,1.555618,0.484
71850,1.572893,0.403
71855,1.559416,0.401
71860,1.561676,0.394
71865,1.557941,0.409
71870,1.554725,0.446
71875,1.563719,0.41
71880,1.563651,0.401
71885,1.56933,0.448
71890,1.567506,0.447
71895,1.5747,0.425
71900,1.56374,0.372
71905,1.565054,0.448
71910,1.561869,0.467
71915,1.570562,0.46
71920,1.563914,0.458
71925,1.564932,0.484
71930,1.563719,0.424
71935,1.56714,0.585
71940,1.559409,0.412
71945,1.562031,0.393
71950,1.566294,0.454
71955,1.56488,0.385
71960,1.55857,0.442
71965,1.56361,0.436
71970,1.568553,0.398
71975,1.57027,0.527
71980,1.560315,0.418
71985,1.564983,0.41
71990,1.557701,0.442
71995,1.5578,0.419
72000,1.567448,0.493
72005,1.576327,0.509
72010,1.565563,0.429
72015,1.559501,0.465
72020,1.568252,0.445
72025,1.553756,0.408
72030,1.575142,0.473
72035,1.568925,0.471
72040,1.571116,0.431
72045,1.566157,0.451
72050,1.569086,0.544
72055,1.563278,0.546
72060,1.557921,0.396
72065,1.561006,0.507
72070,1.56674,0.414
72075,1.561797,0.439
72080,1.573495,0.454
72085,1.563809,0.474
72090,1.567501,0.421
72095,1.573621,0.482
72100,1.564284,0.404
72105,1.565395,0.499
72110,1.565531,0.385
72115,1.57796,0.381
72120,1.574496,0.485
72125,1.573133,0.418
72130,1.567307,0.656
72135,1.568143,0.456
72140,1.564715,0.401
72145,1.57168,0.466
72150,1.57085,0.403
72155,1.563702,0.599
72160,1.559364,0.437
72165,1.56945,0.498
72170,1.570059,0.555
72175,1.571686,0.44
72180,1.565835,0.393
72185,1.569124,0.39
72190,1.568027,0.457
72195,1.569063,0.435
72200,1.580256,0.596
72205,1.563067,0.496
72210,1.566023,0.547
72215,1.572885,0.428
72220,1.568614,0.39
72225,1.568688,0.409
72230,1.568208,0.408
72235,1.568999,0.405
72240,1.582215,0.419
72245,1.558707,0.464
72250,1.559669,0.379
72255,1.567617,0.474
72260,1.566467,0.41
72265,1.562174,0.443
72270,1.572982,0.438
72275,1.559875,0.418
72280,1.554216,0.429
72285,1.574398,0.461
72290,1.56469,0.444
72295,1.566327,0.471
72300,1.572313,0.414
72305,1.574107,0.393
72310,1.560246,0.453
72315,1.56682,0.484
72320,1.560114,0.515
72325,1.568368,0.472
72330,1.567653,0.519
72335,1.570152,0.429
72340,1.579743,0.473
72345,1.570154,0.516
72350,1.574283,0.409
72355,1.568148,0.505
72360,1.567831,0.432
72365,1.572973,0.527
72370,1.566245,0.439
72375,1.561677,0.408
72380,1.565838,0.42
72385,1.576782,0.455
72390,1.563074,0.585
72395,1.573515,0.516
72400,1.575232,0.409
72405,1.56846,0.456
72410,1.567101,0.414
72415,1.568395,0.44
72420,1.57828,0.42
72425,1.576706,0.431
72430,1.566007,0.425
72435,1.570683,0.531
72440,1.56743,0.385
72445,1.559946,0.436
72450,1.575236,0.752
72455,1.564076,0.412
72460,1.566493,0.468
72465,1.567331,0.408
72470,1.574355,0.463
72475,1.573209,0.432
72480,1.568158,0.531
72485,1.569221,0.434
72490,1.56791,0.449
72495,1.564422,0.533
72500,1.571331,0.441
72505,1.574335,0.473
72510,1.572405,0.397
72515,1.563244,0.38
72520,1.568542,0.506
72525,1.562893,0.455
72530,1.572149,0.402
72535,1.575745,0.418
72540,1.574675,0.444
72545,1.573279,0.361
72550,1.555039,0.387
72555,1.568062,0.433
72560,1.571969,0.421
72565,1.571153,0.49
72570,1.57066,0.481
72575,1.568371,0.502
72580,1.572773,0.477
72585,1.571086,0.437
72590,1.575495,0.454
72595,1.575255,0.444
72600,1.577224,0.496
72605,1.571637,0.402
72610,1.574427,0.444
72615,1.565687,0.407
72620,1.572068,0.429
72625,1.568958,0.448
72630,1.566693,0.441
72635,1.570723,0.459
72640,1.567891,0.589
72645,1.574338,0.488
72650,1.575361,0.473
72655,1.563554,0.448
72660,1.566514,0.441
72665,1.571198,0.44
72670,1.562337,0.44
72675,1.569677,0.446
72680,1.572536,0.499
72685,1.566153,0.489
72690,1.563477,0.432
72695,1.571022,0.428
72700,1.565588,0.495
72705,1.56819,0.479
72710,1.582044,0.398
72715,1.563752,0.422
72720,1.57053,0.454
72725,1.569057,0.42
72730,1.58364,0.461
72735,1.577078,0.459
72740,1.572816,0.494
72745,1.573203,0.569
72750,1.568394,0.435
72755,1.57149,0.457
72760,1.581285,0.536
72765,1.568448,0.436
72770,1.563,0.432
72775,1.570397,0.486
72780,1.574821,0.502
72785,1.575782,0.42
72790,1.570625,0.393
72795,1.579357,0.415
72800,1.57492,0.426
72805,1.578657,0.471
72810,1.565648,0.531
72815,1.577899,0.537
72820,1.578855,0.523
72825,1.571954,0.421
72830,1.571635,0.472
72835,1.56999,0.392
72840,1.570763,0.48
72845,1.569119,0.404
72850,1.57927,0.455
72855,1.574249,0.39
72860,1.57291,0.464
72865,1.571189,0.448
72870,1.566393,0.507
72875,1.569773,0.466
72880,1.567799,0.439
72885,1.572324,0.444
72890,1.569379,0.481
72895,1.572814,0.487
72900,1.578355,0.409
72905,1.574905,0.408
72910,1.569576,0.471
72915,1.57678,0.422
72920,1.569677,0.501
72925,1.577474,0.409
72930,1.57207,0.458
72935,1.572407,0.443
72940,1.576772,0.5
72945,1.573185,0.46
72950,1.574114,0.428
72955,1.577786,0.426
72960,1.569404,0.422
72965,1.573594,0.404
72970,1.576587,0.402
72975,1.570695,0.405
72980,1.571545,0.429
72985,1.573983,0.444
72990,1.570788,0.619
72995,1.579771,0.476
73000,1.57065,0.551
73005,1.572778,0.444
73010,1.577416,0.464
73015,1.574837,0.483
73020,1.579293,0.475
73025,1.580462,0.594
73030,1.571095,0.395
73035,1.576956,0.403
73040,1.574086,0.391
73045,1.572667,0.531
73050,1.586594,0.447
73055,1.57717,0.461
73060,1.579429,0.446
73065,1.585761,0.568
73070,1.579172,0.493
73075,1.579081,0.398
73080,1.580623,0.431
73085,1.572813,0.438
73090,1.583479,0.54
73095,1.580309,0.42
73100,1.580902,0.413
73105,1.581977,0.421
73110,1.582052,0.436
73115,1.565221,0.436
73120,1.574779,0.501
73125,1.576011,0.475
73130,1.581471,0.408
73135,1.58333,0.473
73140,1.579168,0.469
73145,1.586833,0.484
73150,1.574887,0.426
73155,1.567286,0.424
73160,1.574802,0.395
73165,1.582735,0.397
73170,1.569167,0.511
73175,1.574801,0.447
73180,1.576564,0.435
73185,1.580035,0.442
73190,1.575117,0.458
73195,1.57196,0.441
73200,1.575622,0.471
73205,1.579352,0.452
73210,1.581103,0.436
73215,1.574337,0.418
73220,1.572779,0.381
73225,1.576485,0.443
73230,1.56816,0.465
73235,1.581922,0.618
73240,1.576937,0.461
73245,1.581345,0.517
73250,1.570768,0.445
73255,1.577688,0.417
73260,1.581516,0.46
73265,1.573056,0.39
73270,1.570046,0.448
73275,1.577361,0.507
73280,1.57643,0.469
73285,1.574582,0.44
73290,1.571859,0.451
73295,1.583438,0.423
73300,1.579352,0.448
73305,1.573791,0.393
73310,1.567902,0.431
73315,1.570332,0.512
73320,1.573607,0.472
73325,1.569184,0.459
73330,1.569198,0.447
73335,1.570218,0.434
73340,1.575233,0.606
73345,1.576998,0.428
73350,1.571444,0.413
73355,1.570174,0.407
73360,1.574454,0.415
73365,1.571482,0.585
73370,1.575768,0.388
73375,1.578185,0.467
73380,1.568821,0.4
73385,1.580396,0.457
73390,1.571637,0.461
73395,1.568474,0.451
73400,1.569309,0.478
73405,1.572284,0.495
73410,1.569996,0.439
73415,1.581628,0.484
73420,1.572961,0.54
73425,1.57512,0.385
73430,1.576511,0.42
73435,1.572311,0.403
73440,1.572712,0.476
73445,1.572572,0.421
73450,1.580944,0.407
73455,1.574066,0.429
73460,1.573691,0.434
73465,1.5763,0.452
73470,1.577231,0.421
73475,1.574108,0.47
73480,1.562838,0.401
73485,1.56775,0.441
73490,1.56895,0.494
73495,1.583415,0.421
73500,1.582847,0.42
73505,1.567967,0.479
73510,1.573487,0.431
73515,1.57446,0.504
73520,1.574354,0.439
73525,1.57019,0.459
73530,1.576715,0.402
73535,1.575518,0.383
73540,1.572129,0.45
73545,1.573662,0.555
73550,1.579005,0.418
73555,1.57088,0.38
73560,1.572066,0.43
73565,1.574798,0.442
73570,1.583122,0.526
73575,1.576926,0.409
73580,1.574131,0.375
73585,1.583097,0.397
73590,1.571888,0.416
73595,1.574359,0.416
73600,1.575397,0.375
73605,1.590049,0.461
73610,1.582714,0.49
73615,1.574276,0.405
73620,1.579855,0.459
73625,1.574664,0.452
73630,1.57315,0.413
73635,1.584846,0.368
73640,1.577166,0.481
73645,1.576123,0.478
73650,1.57955,0.485
73655,1.567349,0.468
73660,1.577186,0.387
73665,1.575962,0.414
73670,1.570947,0.434
73675,1.583043,0.436
73680,1.578152,0.55
73685,1.572268,0.564
73690,1.582763,0.452
73695,1.581815,0.403
73700,1.571526,0.43
73705,1.580777,0.496
73710,1.573586,0.454
73715,1.575015,0.448
73720,1.581018,0.44
73725,1.575346,0.417
73730,1.573657,0.432
73735,1.576711,0.437
73740,1.581018,0.494
73745,1.588145,0.397
73750,1.57781,0.519
73755,1.582939,0.476
73760,1.578452,0.443
73765,1.578512,0.519
73770,1.581161,0.404
73775,1.57133,0.408
73780,1.572757,0.436
73785,1.580778,0.505
73790,1.582061,0.438
73795,1.582408,0.452
73800,1.584244,0.471
73805,1.570129,0.417
73810,1.576503,0.515
73815,1.571921,0.41
73820,1.577427,0.441
73825,1.577462,0.386
73830,1.580503,0.416
73835,1.58889,0.817
73840,1.580757,0.455
73845,1.58831,0.516
73850,1.578408,0.428
73855,1.577411,0.389
73860,1.573263,0.382
73865,1.575179,0.508
73870,1.579183,0.431
73875,1.573833,0.384
73880,1.571387,0.383
73885,1.582315,0.48
73890,1.580186,0.482
73895,1.586442,0.444
73900,1.573938,0.466
73905,1.57956,0.502
73910,1.575096,0.37
73915,1.575411,0.425
73920,1.576449,0.455
73925,1.571656,0.544
73930,1.568411,0.453
73935,1.581582,0.483
73940,1.575284,0.412
73945,1.578164,0.423
73950,1.582346,0.473
73955,1.573757,0.405
73960,1.581624,0.526
73965,1.578045,0.382
73970,1.568911,0.429
73975,1.579536,0.423
73980,1.570116,0.473
73985,1.579568,0.425
73990,1.585638,0.385
73995,1.581597,0.446
74000,1.576355,0.53
74005,1.582467,0.457
74010,1.575575,0.431
74015,1.589773,0.404
74020,1.59266,0.422
74025,1.582868,0.427
74030,1.580882,0.494
74035,1.591757,0.467
74040,1.578821,0.426
74045,1.581958,0.51
74050,1.575881,0.413
74055,1.577919,0.421
74060,1.583257,0.384
74065,1.583122,0.454
74070,1.576643,0.46
74075,1.575057,0.421
74080,1.570421,0.407
74085,1.576777,0.429
74090,1.582134,0.398
74095,1.577101,0.481
74100,1.574448,0.409
74105,1.578396,0.398
74110,1.583965,0.505
74115,1.586906,0.488
74120,1.577578,0.394
74125,1.578999,0.447
74130,1.576414,0.382
74135,1.576475,0.458
74140,1.575587,0.419
74145,1.59077,0.462
74150,1.578973,0.465
74155,1.571885,3.431
74160,1.577427,0.577
74165,1.578559,0.439
74170,1.573952,0.397
74175,1.574538,0.417
74180,1.566674,0.385
74185,1.573024,0.402
74190,1.576195,0.468
74195,1.573576,0.492
74200,1.580937,0.387
74205,1.581121,0.445
74210,1.57399,0.472
74215,1.578882,0.42
74220,1.581905,0.391
74225,1.579115,0.387
74230,1.579811,0.457
74235,1.572546,0.507
74240,1.58196,0.411
74245,1.587956,0.426
74250,1.572542,0.395
74255,1.582009,0.448
74260,1.571194,0.416
74265,1.583859,0.417
74270,1.581024,0.424
74275,1.579197,0.474
74280,1.579278,0.446
74285,1.575365,0.384
74290,1.580494,0.488
74295,1.5741,0.385
74300,1.579591,0.484
74305,1.580083,0.487
74310,1.570887,0.398
74315,1.57828,0.384
74320,1.580569,0.439
74325,1.576083,0.413
74330,1.585758,0.395
74335,1.579188,0.405
74340,1.579857,0.537
74345,1.578409,0.379
74350,1.581696,0.483
74355,1.582216,0.461
74360,1.579654,0.44
74365,1.57254,0.422
74370,1.581586,0.399
74375,1.582345,0.527
74380,1.585126,0.375
74385,1.582668,0.392
74390,1.571216,0.436
74395,1.575493,0.402
74400,1.57706,0.469
74405,1.568491,0.427
74410,1.57744,0.478
74415,1.576763,0.398
74420,1.578266,0.383
74425,1.581233,0.399
74430,1.583094,0.416
74435,1.578646,0.391
74440,1.586351,0.425
74445,1.584714,0.441
74450,1.582551,0.408
74455,1.578826,0.403
74460,1.580979,0.788
74465,1.559634,0.486
74470,1.583078,0.411
74475,1.575468,0.383
74480,1.571551,0.408
74485,1.581182,0.431
74490,1.591255,0.46
74495,1.587858,0.393
74500,1.580417,0.432
74505,1.577445,0.403
74510,1.582084,0.445
74515,1.571143,0.421
74520,1.58114,0.455
74525,1.575537,0.405
74530,1.581361,0.418
74535,1.586287,0.436
74540,1.569184,0.392
74545,1.57715,0.481
74550,1.584165,0.421
74555,1.580891,0.46
74560,1.590712,0.471
74565,1.587582,0.455
74570,1.58853,0.393
74575,1.583482,0.427
74580,1.58697,0.441
74585,1.588565,0.417
74590,1.584189,0.444
74595,1.584359,0.424
74600,1.586954,0.471
74605,1.581861,0.412
74610,1.584381,0.422
74615,1.583974,0.464
74620,1.572028,0.424
74625,1.58202,0.403
74630,1.57737,0.45
74635,1.583707,0.415
74640,1.582496,0.428
74645,1.579099,0.5
74650,1.588242,0.438
74655,1.581229,0.397
74660,1.583387,0.419
74665,1.592947,0.418
74670,1.581657,0.42
74675,1.578363,0.455
74680,1.587176,0.476
74685,1.575778,0.41
74690,1.57193,0.451
74695,1.589985,0.499
74700,1.572974,0.384
74705,1.581565,0.458
74710,1.572585,0.386
74715,1.579524,0.439
74720,1.573786,0.397
74725,1.588072,0.481
74730,1.577663,0.427
74735,1.576315,0.382
74740,1.573615,0.409
74745,1.585713,0.448
74750,1.583788,0.473
74755,1.583857,0.406
74760,1.584914,0.568
74765,1.581925,0.516
74770,1.581534,0.369
74775,1.579517,0.389
74780,1.579152,0.374
74785,1.581011,0.483
74790,1.572566,0.522
74795,1.582756,0.441
74800,1.574136,0.412
74805,1.585536,0.449
74810,1.587854,0.431
74815,1.582652,0.464
74820,1.586907,0.42
74825,1.581947,0.479
74830,1.583125,0.466
74835,1.587167,0.434
74840,1.57732,0.387
74845,1.592733,0.383
74850,1.59294,0.454
74855,1.585611,0.445
74860,1.58834,0.437
74865,1.59167,0.441
74870,1.584186,0.444
74875,1.583745,0.441
74880,1.581654,0.389
74885,1.597173,0.415
74890,1.579583,0.406
74895,1.586023,0.392
74900,1.590142,0.435
74905,1.580115,0.433
74910,1.58259,0.437
74915,1.588916,0.437
74920,1.590241,0.408
74925,1.587538,0.41
74930,1.580613,0.423
74935,1.593609,0.435
74940,1.578103,0.491
74945,1.586113,0.496
74950,1.580627,0.411
74955,1.588957,1.119
74960,1.587727,0.447
74965,1.589486,0.381
74970,1.585232,0.449
74975,1.580927,0.466
74980,1.593928,0.486
74985,1.593181,0.438
74990,1.588787,0.404
74995,1.596208,0.435
75000,1.589692,0.418
75005,1.593253,0.488
75010,1.583323,0.407
75015,1.594861,0.442
75020,1.597384,0.424
75025,1.595515,0.622
75030,1.591968,0.45
75035,1.583173,0.413
75040,1.583562,0.392
75045,1.591469,0.405
75050,1.59303,0.493
75055,1.592325,0.542
75060,1.584024,0.427
75065,1.592516,0.408
75070,1.577991,0.402
75075,1.587935,0.394
75080,1.586654,0.52
75085,1.588152,0.449
75090,1.585769,0.383
75095,1.584266,0.41
75100,1.589369,0.398
75105,1.57908,0.475
75110,1.584701,0.442
75115,1.573898,0.415
75120,1.5801,0.397
75125,1.584139,0.576
