iter,run,tensor,layer,wmax,wrms
64000,cont4b,self_attention.linear_qkv,0,0.349609,0.0366695
64000,cont4b,self_attention.linear_qkv,1,0.546875,0.0371863
64000,cont4b,self_attention.linear_qkv,2,0.734375,0.0401232
64000,cont4b,self_attention.linear_qkv,3,0.753906,0.0412037
64000,cont4b,self_attention.linear_qkv,4,0.597656,0.0402499
64000,cont4b,self_attention.linear_qkv,5,0.796875,0.0404003
64000,cont4b,self_attention.linear_qkv,6,0.503906,0.0416373
64000,cont4b,self_attention.linear_qkv,7,0.519531,0.0408894
64000,cont4b,self_attention.linear_qkv,8,0.582031,0.0407074
64000,cont4b,self_attention.linear_qkv,9,0.578125,0.0395339
64000,cont4b,self_attention.linear_qkv,10,0.453125,0.039054
64000,cont4b,self_attention.linear_qkv,11,0.496094,0.0392302
64000,cont4b,self_attention.linear_qkv,12,0.535156,0.038412
64000,cont4b,self_attention.linear_qkv,13,0.498047,0.0379605
64000,cont4b,self_attention.linear_qkv,14,0.570312,0.0367949
64000,cont4b,self_attention.linear_qkv,15,0.492188,0.0377283
64000,cont4b,self_attention.linear_qkv,16,0.519531,0.0380411
64000,cont4b,self_attention.linear_qkv,17,0.439453,0.0389359
64000,cont4b,self_attention.linear_qkv,18,0.390625,0.0391036
64000,cont4b,self_attention.linear_qkv,19,0.554688,0.0400602
64000,cont4b,self_attention.linear_qkv,20,0.40625,0.0384455
64000,cont4b,self_attention.linear_qkv,21,0.40625,0.0377094
64000,cont4b,self_attention.linear_qkv,22,0.494141,0.0408986
64000,cont4b,self_attention.linear_qkv,23,0.542969,0.0393722
64000,cont4b,self_attention.linear_qkv,24,0.511719,0.038203
64000,cont4b,self_attention.linear_qkv,25,0.441406,0.0363687
64000,cont4b,self_attention.linear_qkv,26,0.443359,0.0359016
64000,cont4b,self_attention.linear_qkv,27,0.433594,0.0391544
64000,cont4b,self_attention.linear_qkv,28,0.554688,0.0352678
64000,cont4b,self_attention.linear_qkv,29,0.535156,0.0360858
64000,cont4b,self_attention.linear_qkv,30,0.423828,0.0368849
64000,cont4b,self_attention.linear_qkv,31,0.492188,0.033005
64000,cont4b,self_attention.linear_qkv,32,0.478516,0.0343025
64000,cont4b,self_attention.linear_qkv,33,0.5,0.0329686
64000,cont4b,self_attention.linear_qkv,34,0.408203,0.0355788
64000,cont4b,self_attention.linear_qkv,35,0.453125,0.033987
64000,cont4b,self_attention.linear_qkv,36,0.392578,0.0312047
64000,cont4b,self_attention.linear_qkv,37,0.291016,0.0277224
64000,cont4b,self_attention.linear_qkv,38,0.324219,0.0313932
64000,cont4b,self_attention.linear_qkv,39,0.320312,0.0287868
64000,cont4b,self_attention.linear_qkv,40,0.320312,0.0288806
64000,cont4b,self_attention.linear_qkv,41,0.302734,0.028431
64000,cont4b,self_attention.linear_qkv,42,0.253906,0.0271763
64000,cont4b,self_attention.linear_qkv,43,0.249023,0.0278132
64000,cont4b,self_attention.linear_qkv,44,0.271484,0.0281458
64000,cont4b,self_attention.linear_qkv,45,0.292969,0.0299571
64000,cont4b,self_attention.linear_qkv,46,0.324219,0.0315916
64000,cont4b,self_attention.linear_qkv,47,0.3125,0.0293092
64000,cont4b,self_attention.linear_qkv,48,0.427734,0.0336298
64000,cont4b,self_attention.linear_qkv,49,0.339844,0.0332778
64000,cont4b,self_attention.linear_qkv,50,0.455078,0.0314022
64000,cont4b,self_attention.linear_qkv,51,0.322266,0.0321662
64000,cont4b,self_attention.linear_qkv,52,0.367188,0.0323818
64000,cont4b,self_attention.linear_qkv,53,0.326172,0.0337064
64000,cont4b,self_attention.linear_qkv,54,0.296875,0.0327476
64000,cont4b,self_attention.linear_qkv,55,0.324219,0.0339221
64000,cont4b,self_attention.linear_qkv,56,0.53125,0.0334428
64000,cont4b,self_attention.linear_qkv,57,0.330078,0.033258
64000,cont4b,self_attention.linear_qkv,58,0.267578,0.032859
64000,cont4b,self_attention.linear_qkv,59,0.294922,0.0316071
64000,cont4b,self_attention.linear_qkv,60,0.353516,0.030624
64000,cont4b,self_attention.linear_qkv,61,0.291016,0.0285411
64000,cont4b,self_attention.linear_qkv,62,0.470703,0.0246978
64000,cont4b,self_attention.linear_qkv,63,0.240234,0.0209338
64000,cont4b,self_attention.linear_proj,0,2.125,0.0323532
64000,cont4b,self_attention.linear_proj,1,3.07812,0.038129
64000,cont4b,self_attention.linear_proj,2,3.28125,0.0392384
64000,cont4b,self_attention.linear_proj,3,3.57812,0.0389033
64000,cont4b,self_attention.linear_proj,4,3.78125,0.0382136
64000,cont4b,self_attention.linear_proj,5,3.1875,0.0384068
64000,cont4b,self_attention.linear_proj,6,1.78906,0.0391625
64000,cont4b,self_attention.linear_proj,7,2.42188,0.0398289
64000,cont4b,self_attention.linear_proj,8,1.6875,0.0402888
64000,cont4b,self_attention.linear_proj,9,4.125,0.0397308
64000,cont4b,self_attention.linear_proj,10,1.96875,0.0394385
64000,cont4b,self_attention.linear_proj,11,2.92188,0.039324
64000,cont4b,self_attention.linear_proj,12,1.59375,0.0374692
64000,cont4b,self_attention.linear_proj,13,1.64062,0.0384363
64000,cont4b,self_attention.linear_proj,14,2.39062,0.0372379
64000,cont4b,self_attention.linear_proj,15,1.46875,0.0370202
64000,cont4b,self_attention.linear_proj,16,2.17188,0.0378925
64000,cont4b,self_attention.linear_proj,17,2.10938,0.0388919
64000,cont4b,self_attention.linear_proj,18,2.17188,0.0386942
64000,cont4b,self_attention.linear_proj,19,1.09375,0.0401259
64000,cont4b,self_attention.linear_proj,20,1.46875,0.0388584
64000,cont4b,self_attention.linear_proj,21,1.625,0.0376255
64000,cont4b,self_attention.linear_proj,22,1.375,0.0408496
64000,cont4b,self_attention.linear_proj,23,1.55469,0.0404702
64000,cont4b,self_attention.linear_proj,24,0.636719,0.0403329
64000,cont4b,self_attention.linear_proj,25,0.679688,0.0392581
64000,cont4b,self_attention.linear_proj,26,0.871094,0.0383905
64000,cont4b,self_attention.linear_proj,27,0.554688,0.0425342
64000,cont4b,self_attention.linear_proj,28,0.589844,0.0394413
64000,cont4b,self_attention.linear_proj,29,0.675781,0.0396189
64000,cont4b,self_attention.linear_proj,30,0.667969,0.0412299
64000,cont4b,self_attention.linear_proj,31,0.652344,0.0365109
64000,cont4b,self_attention.linear_proj,32,0.542969,0.0380711
64000,cont4b,self_attention.linear_proj,33,0.582031,0.0372931
64000,cont4b,self_attention.linear_proj,34,0.542969,0.0406637
64000,cont4b,self_attention.linear_proj,35,0.800781,0.0385085
64000,cont4b,self_attention.linear_proj,36,0.558594,0.0363499
64000,cont4b,self_attention.linear_proj,37,0.871094,0.0333468
64000,cont4b,self_attention.linear_proj,38,0.789062,0.0357122
64000,cont4b,self_attention.linear_proj,39,0.976562,0.0343392
64000,cont4b,self_attention.linear_proj,40,0.683594,0.0353116
64000,cont4b,self_attention.linear_proj,41,0.443359,0.0347677
64000,cont4b,self_attention.linear_proj,42,0.492188,0.0342694
64000,cont4b,self_attention.linear_proj,43,0.679688,0.0345235
64000,cont4b,self_attention.linear_proj,44,0.402344,0.0353089
64000,cont4b,self_attention.linear_proj,45,0.490234,0.0357951
64000,cont4b,self_attention.linear_proj,46,0.384766,0.0362411
64000,cont4b,self_attention.linear_proj,47,0.644531,0.0340732
64000,cont4b,self_attention.linear_proj,48,0.515625,0.0371522
64000,cont4b,self_attention.linear_proj,49,0.636719,0.0353748
64000,cont4b,self_attention.linear_proj,50,0.957031,0.0350799
64000,cont4b,self_attention.linear_proj,51,0.378906,0.0374103
64000,cont4b,self_attention.linear_proj,52,0.96875,0.0364094
64000,cont4b,self_attention.linear_proj,53,0.519531,0.0378133
64000,cont4b,self_attention.linear_proj,54,0.90625,0.036782
64000,cont4b,self_attention.linear_proj,55,0.847656,0.0369451
64000,cont4b,self_attention.linear_proj,56,1,0.0374182
64000,cont4b,self_attention.linear_proj,57,0.789062,0.0352922
64000,cont4b,self_attention.linear_proj,58,0.628906,0.0354906
64000,cont4b,self_attention.linear_proj,59,0.503906,0.0338027
64000,cont4b,self_attention.linear_proj,60,0.574219,0.0309152
64000,cont4b,self_attention.linear_proj,61,0.578125,0.028155
64000,cont4b,self_attention.linear_proj,62,0.671875,0.0235389
64000,cont4b,self_attention.linear_proj,63,0.640625,0.0184181
64000,cont4b,mlp.linear_fc2,0,2.46875,0.0389369
64000,cont4b,mlp.linear_fc2,1,3.84375,0.0389856
64000,cont4b,mlp.linear_fc2,2,2.57812,0.0413194
64000,cont4b,mlp.linear_fc2,3,1.78906,0.0409372
64000,cont4b,mlp.linear_fc2,4,2.46875,0.0406826
64000,cont4b,mlp.linear_fc2,5,4.5,0.0404919
64000,cont4b,mlp.linear_fc2,6,2.125,0.0409848
64000,cont4b,mlp.linear_fc2,7,2.65625,0.0415755
64000,cont4b,mlp.linear_fc2,8,2.75,0.0420697
64000,cont4b,mlp.linear_fc2,9,3.40625,0.0421034
64000,cont4b,mlp.linear_fc2,10,3.40625,0.0421876
64000,cont4b,mlp.linear_fc2,11,2.76562,0.0422412
64000,cont4b,mlp.linear_fc2,12,2.46875,0.0421765
64000,cont4b,mlp.linear_fc2,13,2.60938,0.0420294
64000,cont4b,mlp.linear_fc2,14,1.69531,0.0417957
64000,cont4b,mlp.linear_fc2,15,2.1875,0.0414547
64000,cont4b,mlp.linear_fc2,16,1.91406,0.0411397
64000,cont4b,mlp.linear_fc2,17,2.09375,0.0412241
64000,cont4b,mlp.linear_fc2,18,1.54688,0.0412162
64000,cont4b,mlp.linear_fc2,19,1.72656,0.0413069
64000,cont4b,mlp.linear_fc2,20,1.75,0.0413394
64000,cont4b,mlp.linear_fc2,21,2.03125,0.0412612
64000,cont4b,mlp.linear_fc2,22,1.39062,0.0413133
64000,cont4b,mlp.linear_fc2,23,2.28125,0.0414174
64000,cont4b,mlp.linear_fc2,24,1.19531,0.0417754
64000,cont4b,mlp.linear_fc2,25,1.86719,0.041947
64000,cont4b,mlp.linear_fc2,26,1.75,0.0419198
64000,cont4b,mlp.linear_fc2,27,1.74219,0.0421052
64000,cont4b,mlp.linear_fc2,28,1.98438,0.0421207
64000,cont4b,mlp.linear_fc2,29,1.58594,0.0421346
64000,cont4b,mlp.linear_fc2,30,1.84375,0.0421388
64000,cont4b,mlp.linear_fc2,31,2.28125,0.0422181
64000,cont4b,mlp.linear_fc2,32,1.71875,0.0423594
64000,cont4b,mlp.linear_fc2,33,1.92969,0.0424272
64000,cont4b,mlp.linear_fc2,34,1.32031,0.0425072
64000,cont4b,mlp.linear_fc2,35,1.86719,0.0425823
64000,cont4b,mlp.linear_fc2,36,2.25,0.042643
64000,cont4b,mlp.linear_fc2,37,1.72656,0.0427159
64000,cont4b,mlp.linear_fc2,38,2.48438,0.0427726
64000,cont4b,mlp.linear_fc2,39,1.1875,0.0427985
64000,cont4b,mlp.linear_fc2,40,1.57812,0.0428148
64000,cont4b,mlp.linear_fc2,41,0.875,0.0428196
64000,cont4b,mlp.linear_fc2,42,2.125,0.0428285
64000,cont4b,mlp.linear_fc2,43,1.78906,0.0428404
64000,cont4b,mlp.linear_fc2,44,2.03125,0.0428542
64000,cont4b,mlp.linear_fc2,45,1.25,0.0428783
64000,cont4b,mlp.linear_fc2,46,1.25781,0.0429152
64000,cont4b,mlp.linear_fc2,47,1.875,0.0429535
64000,cont4b,mlp.linear_fc2,48,0.957031,0.0430389
64000,cont4b,mlp.linear_fc2,49,0.976562,0.043105
64000,cont4b,mlp.linear_fc2,50,0.960938,0.0432057
64000,cont4b,mlp.linear_fc2,51,1.23438,0.0433257
64000,cont4b,mlp.linear_fc2,52,1.17188,0.0434656
64000,cont4b,mlp.linear_fc2,53,1.46875,0.043613
64000,cont4b,mlp.linear_fc2,54,1.42188,0.0437777
64000,cont4b,mlp.linear_fc2,55,1.13281,0.0439875
64000,cont4b,mlp.linear_fc2,56,1.27344,0.0441336
64000,cont4b,mlp.linear_fc2,57,1.25781,0.0440215
64000,cont4b,mlp.linear_fc2,58,1.99219,0.0435764
64000,cont4b,mlp.linear_fc2,59,1.46094,0.0428427
64000,cont4b,mlp.linear_fc2,60,1.35938,0.0418121
64000,cont4b,mlp.linear_fc2,61,2.53125,0.0394386
64000,cont4b,mlp.linear_fc2,62,2.17188,0.0357125
64000,cont4b,mlp.linear_fc2,63,1.67969,0.0267725
64000,cont4b,mlp.linear_fc1,0,0.820312,0.0359075
64000,cont4b,mlp.linear_fc1,1,1.02344,0.0422784
64000,cont4b,mlp.linear_fc1,2,1.05469,0.0434994
64000,cont4b,mlp.linear_fc1,3,1.23438,0.0428586
64000,cont4b,mlp.linear_fc1,4,1.15625,0.0421853
64000,cont4b,mlp.linear_fc1,5,0.992188,0.0415275
64000,cont4b,mlp.linear_fc1,6,1.07812,0.0410992
64000,cont4b,mlp.linear_fc1,7,0.765625,0.041476
64000,cont4b,mlp.linear_fc1,8,0.679688,0.0417709
64000,cont4b,mlp.linear_fc1,9,0.832031,0.0419978
64000,cont4b,mlp.linear_fc1,10,0.582031,0.0420326
64000,cont4b,mlp.linear_fc1,11,0.667969,0.0420311
64000,cont4b,mlp.linear_fc1,12,0.589844,0.0420241
64000,cont4b,mlp.linear_fc1,13,0.664062,0.0420474
64000,cont4b,mlp.linear_fc1,14,0.554688,0.041968
64000,cont4b,mlp.linear_fc1,15,0.664062,0.0416339
64000,cont4b,mlp.linear_fc1,16,0.589844,0.0412404
64000,cont4b,mlp.linear_fc1,17,0.496094,0.0408515
64000,cont4b,mlp.linear_fc1,18,0.683594,0.0408516
64000,cont4b,mlp.linear_fc1,19,0.769531,0.040793
64000,cont4b,mlp.linear_fc1,20,0.644531,0.0407212
64000,cont4b,mlp.linear_fc1,21,0.644531,0.0405701
64000,cont4b,mlp.linear_fc1,22,0.523438,0.0405524
64000,cont4b,mlp.linear_fc1,23,0.515625,0.0404003
64000,cont4b,mlp.linear_fc1,24,0.949219,0.0405479
64000,cont4b,mlp.linear_fc1,25,0.460938,0.0407167
64000,cont4b,mlp.linear_fc1,26,0.535156,0.0407295
64000,cont4b,mlp.linear_fc1,27,0.589844,0.040859
64000,cont4b,mlp.linear_fc1,28,0.542969,0.0408785
64000,cont4b,mlp.linear_fc1,29,0.582031,0.0408962
64000,cont4b,mlp.linear_fc1,30,0.523438,0.0408773
64000,cont4b,mlp.linear_fc1,31,0.427734,0.0409163
64000,cont4b,mlp.linear_fc1,32,0.59375,0.0409999
64000,cont4b,mlp.linear_fc1,33,0.519531,0.0410881
64000,cont4b,mlp.linear_fc1,34,0.40625,0.0411538
64000,cont4b,mlp.linear_fc1,35,0.458984,0.0412324
64000,cont4b,mlp.linear_fc1,36,0.574219,0.0413151
64000,cont4b,mlp.linear_fc1,37,0.5625,0.0413817
64000,cont4b,mlp.linear_fc1,38,0.472656,0.0414041
64000,cont4b,mlp.linear_fc1,39,0.554688,0.0414492
64000,cont4b,mlp.linear_fc1,40,0.5625,0.0414705
64000,cont4b,mlp.linear_fc1,41,0.664062,0.0414785
64000,cont4b,mlp.linear_fc1,42,0.527344,0.0414846
64000,cont4b,mlp.linear_fc1,43,0.648438,0.0414901
64000,cont4b,mlp.linear_fc1,44,0.574219,0.0414886
64000,cont4b,mlp.linear_fc1,45,0.558594,0.0414787
64000,cont4b,mlp.linear_fc1,46,0.625,0.0414738
64000,cont4b,mlp.linear_fc1,47,0.746094,0.0414683
64000,cont4b,mlp.linear_fc1,48,0.847656,0.0414708
64000,cont4b,mlp.linear_fc1,49,0.542969,0.0414653
64000,cont4b,mlp.linear_fc1,50,0.757812,0.0414937
64000,cont4b,mlp.linear_fc1,51,0.466797,0.0415305
64000,cont4b,mlp.linear_fc1,52,0.816406,0.0415963
64000,cont4b,mlp.linear_fc1,53,0.734375,0.0416772
64000,cont4b,mlp.linear_fc1,54,0.878906,0.0417884
64000,cont4b,mlp.linear_fc1,55,0.621094,0.0419505
64000,cont4b,mlp.linear_fc1,56,0.796875,0.0420666
64000,cont4b,mlp.linear_fc1,57,0.675781,0.0420447
64000,cont4b,mlp.linear_fc1,58,0.777344,0.0418624
64000,cont4b,mlp.linear_fc1,59,0.683594,0.0414233
64000,cont4b,mlp.linear_fc1,60,0.652344,0.0406999
64000,cont4b,mlp.linear_fc1,61,0.585938,0.0392651
64000,cont4b,mlp.linear_fc1,62,0.464844,0.0368617
64000,cont4b,mlp.linear_fc1,63,0.867188,0.0360891
68000,cont4b,mlp.linear_fc2,0,2.625,0.0395386
68000,cont4b,mlp.linear_fc2,1,4.125,0.0398257
68000,cont4b,mlp.linear_fc2,2,2.6875,0.0418569
68000,cont4b,mlp.linear_fc2,3,1.85938,0.0414363
68000,cont4b,mlp.linear_fc2,4,2.60938,0.0411945
68000,cont4b,mlp.linear_fc2,5,4.78125,0.0410519
68000,cont4b,mlp.linear_fc2,6,2.25,0.0415381
68000,cont4b,mlp.linear_fc2,7,2.75,0.0421275
68000,cont4b,mlp.linear_fc2,8,2.82812,0.0426111
68000,cont4b,mlp.linear_fc2,9,3.5625,0.0426456
68000,cont4b,mlp.linear_fc2,10,3.59375,0.0427303
68000,cont4b,mlp.linear_fc2,11,2.85938,0.0427863
68000,cont4b,mlp.linear_fc2,12,2.57812,0.0427192
68000,cont4b,mlp.linear_fc2,13,2.78125,0.0425713
68000,cont4b,mlp.linear_fc2,14,1.78906,0.04234
68000,cont4b,mlp.linear_fc2,15,2.3125,0.0420017
68000,cont4b,mlp.linear_fc2,16,2.03125,0.0417
68000,cont4b,mlp.linear_fc2,17,2.125,0.0417927
68000,cont4b,mlp.linear_fc2,18,1.61719,0.0417918
68000,cont4b,mlp.linear_fc2,19,1.78906,0.0418806
68000,cont4b,mlp.linear_fc2,20,1.90625,0.0419241
68000,cont4b,mlp.linear_fc2,21,2.09375,0.0418573
68000,cont4b,mlp.linear_fc2,22,1.41406,0.0418966
68000,cont4b,mlp.linear_fc2,23,2.42188,0.0420036
68000,cont4b,mlp.linear_fc2,24,1.25,0.0423658
68000,cont4b,mlp.linear_fc2,25,1.97656,0.0425348
68000,cont4b,mlp.linear_fc2,26,1.80469,0.0425002
68000,cont4b,mlp.linear_fc2,27,1.83594,0.0426729
68000,cont4b,mlp.linear_fc2,28,2.07812,0.0426725
68000,cont4b,mlp.linear_fc2,29,1.64844,0.0426688
68000,cont4b,mlp.linear_fc2,30,1.92188,0.0426583
68000,cont4b,mlp.linear_fc2,31,2.42188,0.042724
68000,cont4b,mlp.linear_fc2,32,1.80469,0.0428548
68000,cont4b,mlp.linear_fc2,33,1.98438,0.0429124
68000,cont4b,mlp.linear_fc2,34,1.35938,0.0429884
68000,cont4b,mlp.linear_fc2,35,1.95312,0.0430589
68000,cont4b,mlp.linear_fc2,36,2.35938,0.0431132
68000,cont4b,mlp.linear_fc2,37,1.82812,0.0431788
68000,cont4b,mlp.linear_fc2,38,2.65625,0.0432311
68000,cont4b,mlp.linear_fc2,39,1.22656,0.0432513
68000,cont4b,mlp.linear_fc2,40,1.66406,0.043263
68000,cont4b,mlp.linear_fc2,41,0.910156,0.0432645
68000,cont4b,mlp.linear_fc2,42,2.23438,0.0432683
68000,cont4b,mlp.linear_fc2,43,1.80469,0.0432776
68000,cont4b,mlp.linear_fc2,44,2.17188,0.0432905
68000,cont4b,mlp.linear_fc2,45,1.32031,0.0433116
68000,cont4b,mlp.linear_fc2,46,1.28906,0.04335
68000,cont4b,mlp.linear_fc2,47,1.97656,0.0433884
68000,cont4b,mlp.linear_fc2,48,0.992188,0.0434794
68000,cont4b,mlp.linear_fc2,49,1.01562,0.0435516
68000,cont4b,mlp.linear_fc2,50,1.00781,0.0436613
68000,cont4b,mlp.linear_fc2,51,1.26562,0.0437913
68000,cont4b,mlp.linear_fc2,52,1.21875,0.043945
68000,cont4b,mlp.linear_fc2,53,1.57031,0.0441108
68000,cont4b,mlp.linear_fc2,54,1.46094,0.0443002
68000,cont4b,mlp.linear_fc2,55,1.15625,0.0445319
68000,cont4b,mlp.linear_fc2,56,1.27344,0.0447064
68000,cont4b,mlp.linear_fc2,57,1.32812,0.0446491
68000,cont4b,mlp.linear_fc2,58,2.0625,0.0442302
68000,cont4b,mlp.linear_fc2,59,1.45312,0.0435095
68000,cont4b,mlp.linear_fc2,60,1.50781,0.0425044
68000,cont4b,mlp.linear_fc2,61,2.59375,0.0401679
68000,cont4b,mlp.linear_fc2,62,2.20312,0.0363893
68000,cont4b,mlp.linear_fc2,63,1.84375,0.0276178
68000,cont4b,mlp.linear_fc1,0,0.871094,0.0363055
68000,cont4b,mlp.linear_fc1,1,1.04688,0.0427655
68000,cont4b,mlp.linear_fc1,2,1.09375,0.0440317
68000,cont4b,mlp.linear_fc1,3,1.28906,0.043406
68000,cont4b,mlp.linear_fc1,4,1.22656,0.0427473
68000,cont4b,mlp.linear_fc1,5,1.04688,0.0420839
68000,cont4b,mlp.linear_fc1,6,1.10156,0.0416559
68000,cont4b,mlp.linear_fc1,7,0.839844,0.0420272
68000,cont4b,mlp.linear_fc1,8,0.714844,0.0423093
68000,cont4b,mlp.linear_fc1,9,0.882812,0.0425414
68000,cont4b,mlp.linear_fc1,10,0.636719,0.0425732
68000,cont4b,mlp.linear_fc1,11,0.699219,0.0425717
68000,cont4b,mlp.linear_fc1,12,0.636719,0.0425615
68000,cont4b,mlp.linear_fc1,13,0.683594,0.0425896
68000,cont4b,mlp.linear_fc1,14,0.574219,0.0425099
68000,cont4b,mlp.linear_fc1,15,0.738281,0.042174
68000,cont4b,mlp.linear_fc1,16,0.609375,0.0417748
68000,cont4b,mlp.linear_fc1,17,0.550781,0.0413861
68000,cont4b,mlp.linear_fc1,18,0.746094,0.0413858
68000,cont4b,mlp.linear_fc1,19,0.832031,0.0413277
68000,cont4b,mlp.linear_fc1,20,0.675781,0.0412579
68000,cont4b,mlp.linear_fc1,21,0.6875,0.0411075
68000,cont4b,mlp.linear_fc1,22,0.558594,0.0410771
68000,cont4b,mlp.linear_fc1,23,0.539062,0.0409234
68000,cont4b,mlp.linear_fc1,24,1.00781,0.0410645
68000,cont4b,mlp.linear_fc1,25,0.492188,0.0412274
68000,cont4b,mlp.linear_fc1,26,0.546875,0.0412367
68000,cont4b,mlp.linear_fc1,27,0.601562,0.0413574
68000,cont4b,mlp.linear_fc1,28,0.582031,0.0413663
68000,cont4b,mlp.linear_fc1,29,0.621094,0.0413712
68000,cont4b,mlp.linear_fc1,30,0.539062,0.0413378
68000,cont4b,mlp.linear_fc1,31,0.429688,0.0413636
68000,cont4b,mlp.linear_fc1,32,0.632812,0.0414355
68000,cont4b,mlp.linear_fc1,33,0.5625,0.0415152
68000,cont4b,mlp.linear_fc1,34,0.394531,0.0415754
68000,cont4b,mlp.linear_fc1,35,0.484375,0.0416489
68000,cont4b,mlp.linear_fc1,36,0.609375,0.0417269
68000,cont4b,mlp.linear_fc1,37,0.59375,0.0417887
68000,cont4b,mlp.linear_fc1,38,0.498047,0.0418056
68000,cont4b,mlp.linear_fc1,39,0.566406,0.0418462
68000,cont4b,mlp.linear_fc1,40,0.5625,0.0418628
68000,cont4b,mlp.linear_fc1,41,0.695312,0.0418664
68000,cont4b,mlp.linear_fc1,42,0.574219,0.0418663
68000,cont4b,mlp.linear_fc1,43,0.6875,0.0418674
68000,cont4b,mlp.linear_fc1,44,0.585938,0.0418619
68000,cont4b,mlp.linear_fc1,45,0.566406,0.0418458
68000,cont4b,mlp.linear_fc1,46,0.636719,0.0418371
68000,cont4b,mlp.linear_fc1,47,0.746094,0.041827
68000,cont4b,mlp.linear_fc1,48,0.878906,0.0418278
68000,cont4b,mlp.linear_fc1,49,0.550781,0.0418196
68000,cont4b,mlp.linear_fc1,50,0.785156,0.0418485
68000,cont4b,mlp.linear_fc1,51,0.480469,0.0418852
68000,cont4b,mlp.linear_fc1,52,0.882812,0.0419565
68000,cont4b,mlp.linear_fc1,53,0.785156,0.0420474
68000,cont4b,mlp.linear_fc1,54,0.90625,0.0421719
68000,cont4b,mlp.linear_fc1,55,0.632812,0.042353
68000,cont4b,mlp.linear_fc1,56,0.804688,0.0424931
68000,cont4b,mlp.linear_fc1,57,0.683594,0.0424892
68000,cont4b,mlp.linear_fc1,58,0.753906,0.0423029
68000,cont4b,mlp.linear_fc1,59,0.75,0.0418536
68000,cont4b,mlp.linear_fc1,60,0.691406,0.0411206
68000,cont4b,mlp.linear_fc1,61,0.605469,0.0396488
68000,cont4b,mlp.linear_fc1,62,0.486328,0.0371709
68000,cont4b,mlp.linear_fc1,63,0.800781,0.0356681
68000,cont4b,self_attention.linear_qkv,0,0.345703,0.0370629
68000,cont4b,self_attention.linear_qkv,1,0.570312,0.037682
68000,cont4b,self_attention.linear_qkv,2,0.777344,0.0406031
68000,cont4b,self_attention.linear_qkv,3,0.789062,0.0416863
68000,cont4b,self_attention.linear_qkv,4,0.628906,0.0407554
68000,cont4b,self_attention.linear_qkv,5,0.835938,0.0409254
68000,cont4b,self_attention.linear_qkv,6,0.542969,0.0421477
68000,cont4b,self_attention.linear_qkv,7,0.542969,0.0414
68000,cont4b,self_attention.linear_qkv,8,0.609375,0.0412198
68000,cont4b,self_attention.linear_qkv,9,0.605469,0.0400866
68000,cont4b,self_attention.linear_qkv,10,0.480469,0.0396001
68000,cont4b,self_attention.linear_qkv,11,0.511719,0.0397553
68000,cont4b,self_attention.linear_qkv,12,0.546875,0.0389389
68000,cont4b,self_attention.linear_qkv,13,0.535156,0.0385326
68000,cont4b,self_attention.linear_qkv,14,0.585938,0.0373986
68000,cont4b,self_attention.linear_qkv,15,0.507812,0.0383108
68000,cont4b,self_attention.linear_qkv,16,0.542969,0.0386415
68000,cont4b,self_attention.linear_qkv,17,0.457031,0.0394913
68000,cont4b,self_attention.linear_qkv,18,0.412109,0.0396634
68000,cont4b,self_attention.linear_qkv,19,0.550781,0.0405696
68000,cont4b,self_attention.linear_qkv,20,0.414062,0.0390523
68000,cont4b,self_attention.linear_qkv,21,0.419922,0.0383036
68000,cont4b,self_attention.linear_qkv,22,0.503906,0.0413641
68000,cont4b,self_attention.linear_qkv,23,0.554688,0.0398687
68000,cont4b,self_attention.linear_qkv,24,0.515625,0.0387362
68000,cont4b,self_attention.linear_qkv,25,0.445312,0.0369127
68000,cont4b,self_attention.linear_qkv,26,0.449219,0.0364577
68000,cont4b,self_attention.linear_qkv,27,0.455078,0.0395688
68000,cont4b,self_attention.linear_qkv,28,0.554688,0.0356889
68000,cont4b,self_attention.linear_qkv,29,0.542969,0.0365197
68000,cont4b,self_attention.linear_qkv,30,0.433594,0.0372335
68000,cont4b,self_attention.linear_qkv,31,0.511719,0.0335217
68000,cont4b,self_attention.linear_qkv,32,0.478516,0.0347934
68000,cont4b,self_attention.linear_qkv,33,0.523438,0.0333972
68000,cont4b,self_attention.linear_qkv,34,0.427734,0.0359401
68000,cont4b,self_attention.linear_qkv,35,0.460938,0.0344228
68000,cont4b,self_attention.linear_qkv,36,0.419922,0.0316836
68000,cont4b,self_attention.linear_qkv,37,0.314453,0.0282649
68000,cont4b,self_attention.linear_qkv,38,0.314453,0.0319628
68000,cont4b,self_attention.linear_qkv,39,0.333984,0.0293479
68000,cont4b,self_attention.linear_qkv,40,0.314453,0.0293516
68000,cont4b,self_attention.linear_qkv,41,0.306641,0.0289119
68000,cont4b,self_attention.linear_qkv,42,0.25,0.0276411
68000,cont4b,self_attention.linear_qkv,43,0.251953,0.0283088
68000,cont4b,self_attention.linear_qkv,44,0.279297,0.0285741
68000,cont4b,self_attention.linear_qkv,45,0.296875,0.0303872
68000,cont4b,self_attention.linear_qkv,46,0.347656,0.0320293
68000,cont4b,self_attention.linear_qkv,47,0.328125,0.0297538
68000,cont4b,self_attention.linear_qkv,48,0.435547,0.0340557
68000,cont4b,self_attention.linear_qkv,49,0.353516,0.0336691
68000,cont4b,self_attention.linear_qkv,50,0.482422,0.0318815
68000,cont4b,self_attention.linear_qkv,51,0.330078,0.0326294
68000,cont4b,self_attention.linear_qkv,52,0.359375,0.0329107
68000,cont4b,self_attention.linear_qkv,53,0.326172,0.0340869
68000,cont4b,self_attention.linear_qkv,54,0.306641,0.0331592
68000,cont4b,self_attention.linear_qkv,55,0.326172,0.0343338
68000,cont4b,self_attention.linear_qkv,56,0.550781,0.0339052
68000,cont4b,self_attention.linear_qkv,57,0.333984,0.0336341
68000,cont4b,self_attention.linear_qkv,58,0.267578,0.0331793
68000,cont4b,self_attention.linear_qkv,59,0.298828,0.0318644
68000,cont4b,self_attention.linear_qkv,60,0.341797,0.0308205
68000,cont4b,self_attention.linear_qkv,61,0.285156,0.0285669
68000,cont4b,self_attention.linear_qkv,62,0.486328,0.0246886
68000,cont4b,self_attention.linear_qkv,63,0.251953,0.0209132
68000,cont4b,self_attention.linear_proj,0,2.28125,0.0333837
68000,cont4b,self_attention.linear_proj,1,3.23438,0.0388718
68000,cont4b,self_attention.linear_proj,2,3.45312,0.0398858
68000,cont4b,self_attention.linear_proj,3,3.76562,0.0395444
68000,cont4b,self_attention.linear_proj,4,4,0.0388545
68000,cont4b,self_attention.linear_proj,5,3.35938,0.039025
68000,cont4b,self_attention.linear_proj,6,1.92188,0.0397617
68000,cont4b,self_attention.linear_proj,7,2.59375,0.0403707
68000,cont4b,self_attention.linear_proj,8,1.85938,0.0408681
68000,cont4b,self_attention.linear_proj,9,4.3125,0.0403244
68000,cont4b,self_attention.linear_proj,10,2.10938,0.0400217
68000,cont4b,self_attention.linear_proj,11,3.0625,0.0399049
68000,cont4b,self_attention.linear_proj,12,1.79688,0.0380751
68000,cont4b,self_attention.linear_proj,13,1.79688,0.0390192
68000,cont4b,self_attention.linear_proj,14,2.51562,0.0378674
68000,cont4b,self_attention.linear_proj,15,1.61719,0.037614
68000,cont4b,self_attention.linear_proj,16,2.26562,0.0384766
68000,cont4b,self_attention.linear_proj,17,2.26562,0.0394408
68000,cont4b,self_attention.linear_proj,18,2.32812,0.0392316
68000,cont4b,self_attention.linear_proj,19,1.16406,0.0406168
68000,cont4b,self_attention.linear_proj,20,1.57031,0.0394253
68000,cont4b,self_attention.linear_proj,21,1.69531,0.038195
68000,cont4b,self_attention.linear_proj,22,1.48438,0.0412511
68000,cont4b,self_attention.linear_proj,23,1.64844,0.0409032
68000,cont4b,self_attention.linear_proj,24,0.683594,0.0407498
68000,cont4b,self_attention.linear_proj,25,0.714844,0.0397637
68000,cont4b,self_attention.linear_proj,26,1,0.0388868
68000,cont4b,self_attention.linear_proj,27,0.597656,0.0428468
68000,cont4b,self_attention.linear_proj,28,0.628906,0.0398177
68000,cont4b,self_attention.linear_proj,29,0.726562,0.0399875
68000,cont4b,self_attention.linear_proj,30,0.695312,0.0414877
68000,cont4b,self_attention.linear_proj,31,0.675781,0.037007
68000,cont4b,self_attention.linear_proj,32,0.566406,0.0385261
68000,cont4b,self_attention.linear_proj,33,0.597656,0.0377307
68000,cont4b,self_attention.linear_proj,34,0.574219,0.0410303
68000,cont4b,self_attention.linear_proj,35,0.851562,0.0389216
68000,cont4b,self_attention.linear_proj,36,0.59375,0.0368352
68000,cont4b,self_attention.linear_proj,37,0.957031,0.0339506
68000,cont4b,self_attention.linear_proj,38,0.8125,0.036242
68000,cont4b,self_attention.linear_proj,39,1.04688,0.0349311
68000,cont4b,self_attention.linear_proj,40,0.738281,0.0358548
68000,cont4b,self_attention.linear_proj,41,0.445312,0.035336
68000,cont4b,self_attention.linear_proj,42,0.535156,0.0348512
68000,cont4b,self_attention.linear_proj,43,0.738281,0.0350834
68000,cont4b,self_attention.linear_proj,44,0.443359,0.0358638
68000,cont4b,self_attention.linear_proj,45,0.503906,0.0362839
68000,cont4b,self_attention.linear_proj,46,0.410156,0.0367138
68000,cont4b,self_attention.linear_proj,47,0.683594,0.0345635
68000,cont4b,self_attention.linear_proj,48,0.539062,0.0375614
68000,cont4b,self_attention.linear_proj,49,0.613281,0.0357621
68000,cont4b,self_attention.linear_proj,50,1,0.0355746
68000,cont4b,self_attention.linear_proj,51,0.392578,0.0378809
68000,cont4b,self_attention.linear_proj,52,1.02344,0.036909
68000,cont4b,self_attention.linear_proj,53,0.542969,0.0382293
68000,cont4b,self_attention.linear_proj,54,0.925781,0.0372209
68000,cont4b,self_attention.linear_proj,55,0.835938,0.0373473
68000,cont4b,self_attention.linear_proj,56,0.933594,0.0378103
68000,cont4b,self_attention.linear_proj,57,0.773438,0.035636
68000,cont4b,self_attention.linear_proj,58,0.59375,0.0358781
68000,cont4b,self_attention.linear_proj,59,0.523438,0.0342019
68000,cont4b,self_attention.linear_proj,60,0.558594,0.0312559
68000,cont4b,self_attention.linear_proj,61,0.570312,0.028373
68000,cont4b,self_attention.linear_proj,62,0.679688,0.0237011
68000,cont4b,self_attention.linear_proj,63,0.695312,0.0185671
60000,cont4bf16,mlp.linear_fc2,0,2.375,0.0383551
60000,cont4bf16,mlp.linear_fc2,1,3.57812,0.0380812
60000,cont4bf16,mlp.linear_fc2,2,2.42188,0.0407627
60000,cont4bf16,mlp.linear_fc2,3,1.65625,0.040439
60000,cont4bf16,mlp.linear_fc2,4,2.28125,0.0401701
60000,cont4bf16,mlp.linear_fc2,5,4.1875,0.0399156
60000,cont4bf16,mlp.linear_fc2,6,1.97656,0.040408
60000,cont4bf16,mlp.linear_fc2,7,2.54688,0.0409977
60000,cont4bf16,mlp.linear_fc2,8,2.67188,0.0415024
60000,cont4bf16,mlp.linear_fc2,9,3.23438,0.0415374
60000,cont4bf16,mlp.linear_fc2,10,3.1875,0.0416187
60000,cont4bf16,mlp.linear_fc2,11,2.67188,0.0416705
60000,cont4bf16,mlp.linear_fc2,12,2.32812,0.0416088
60000,cont4bf16,mlp.linear_fc2,13,2.40625,0.0414635
60000,cont4bf16,mlp.linear_fc2,14,1.58594,0.0412276
60000,cont4bf16,mlp.linear_fc2,15,2.0625,0.0408846
60000,cont4bf16,mlp.linear_fc2,16,1.78906,0.0405578
60000,cont4bf16,mlp.linear_fc2,17,2.0625,0.0406313
60000,cont4bf16,mlp.linear_fc2,18,1.46875,0.0406123
60000,cont4bf16,mlp.linear_fc2,19,1.67969,0.040705
60000,cont4bf16,mlp.linear_fc2,20,1.625,0.0407296
60000,cont4bf16,mlp.linear_fc2,21,1.99219,0.0406441
60000,cont4bf16,mlp.linear_fc2,22,1.36719,0.0407026
60000,cont4bf16,mlp.linear_fc2,23,2.15625,0.0408052
60000,cont4bf16,mlp.linear_fc2,24,1.20312,0.041159
60000,cont4bf16,mlp.linear_fc2,25,1.78906,0.0413322
60000,cont4bf16,mlp.linear_fc2,26,1.70312,0.0413123
60000,cont4bf16,mlp.linear_fc2,27,1.67969,0.0415091
60000,cont4bf16,mlp.linear_fc2,28,1.92969,0.0415416
60000,cont4bf16,mlp.linear_fc2,29,1.53125,0.0415732
60000,cont4bf16,mlp.linear_fc2,30,1.79688,0.0415917
60000,cont4bf16,mlp.linear_fc2,31,2.1875,0.0416798
60000,cont4bf16,mlp.linear_fc2,32,1.64062,0.0418307
60000,cont4bf16,mlp.linear_fc2,33,1.85156,0.0419071
60000,cont4bf16,mlp.linear_fc2,34,1.28125,0.041986
60000,cont4bf16,mlp.linear_fc2,35,1.79688,0.0420652
60000,cont4bf16,mlp.linear_fc2,36,2.14062,0.0421279
60000,cont4bf16,mlp.linear_fc2,37,1.63281,0.0422053
60000,cont4bf16,mlp.linear_fc2,38,2.34375,0.042265
60000,cont4bf16,mlp.linear_fc2,39,1.15625,0.0422956
60000,cont4bf16,mlp.linear_fc2,40,1.49219,0.0423166
60000,cont4bf16,mlp.linear_fc2,41,0.832031,0.0423256
60000,cont4bf16,mlp.linear_fc2,42,2.01562,0.042339
60000,cont4bf16,mlp.linear_fc2,43,1.78906,0.0423523
60000,cont4bf16,mlp.linear_fc2,44,1.92969,0.042367
60000,cont4bf16,mlp.linear_fc2,45,1.17188,0.0423954
60000,cont4bf16,mlp.linear_fc2,46,1.22656,0.042432
60000,cont4bf16,mlp.linear_fc2,47,1.82031,0.042467
60000,cont4bf16,mlp.linear_fc2,48,0.914062,0.042549
60000,cont4bf16,mlp.linear_fc2,49,0.898438,0.0426093
60000,cont4bf16,mlp.linear_fc2,50,0.898438,0.0426998
60000,cont4bf16,mlp.linear_fc2,51,1.17188,0.042809
60000,cont4bf16,mlp.linear_fc2,52,1.10156,0.0429319
60000,cont4bf16,mlp.linear_fc2,53,1.33594,0.0430618
60000,cont4bf16,mlp.linear_fc2,54,1.36719,0.0431994
60000,cont4bf16,mlp.linear_fc2,55,1.10156,0.0433874
60000,cont4bf16,mlp.linear_fc2,56,1.25781,0.0434987
60000,cont4bf16,mlp.linear_fc2,57,1.26562,0.0433529
60000,cont4bf16,mlp.linear_fc2,58,1.92188,0.0428896
60000,cont4bf16,mlp.linear_fc2,59,1.45312,0.0421512
60000,cont4bf16,mlp.linear_fc2,60,1.32031,0.041112
60000,cont4bf16,mlp.linear_fc2,61,2.46875,0.0387175
60000,cont4bf16,mlp.linear_fc2,62,2.09375,0.0350412
60000,cont4bf16,mlp.linear_fc2,63,1.625,0.0258291
60000,cont4bf16,mlp.linear_fc1,0,0.777344,0.0356198
60000,cont4bf16,mlp.linear_fc1,1,0.980469,0.0418241
60000,cont4bf16,mlp.linear_fc1,2,1,0.0429381
60000,cont4bf16,mlp.linear_fc1,3,1.17188,0.0423064
60000,cont4bf16,mlp.linear_fc1,4,1.09375,0.0416242
60000,cont4bf16,mlp.linear_fc1,5,0.945312,0.0409717
60000,cont4bf16,mlp.linear_fc1,6,1.04688,0.0405343
60000,cont4bf16,mlp.linear_fc1,7,0.695312,0.0409143
60000,cont4bf16,mlp.linear_fc1,8,0.644531,0.0412236
60000,cont4bf16,mlp.linear_fc1,9,0.792969,0.0414457
60000,cont4bf16,mlp.linear_fc1,10,0.546875,0.0414796
60000,cont4bf16,mlp.linear_fc1,11,0.636719,0.0414802
60000,cont4bf16,mlp.linear_fc1,12,0.53125,0.0414771
60000,cont4bf16,mlp.linear_fc1,13,0.640625,0.0414964
60000,cont4bf16,mlp.linear_fc1,14,0.523438,0.0414163
60000,cont4bf16,mlp.linear_fc1,15,0.59375,0.0410873
60000,cont4bf16,mlp.linear_fc1,16,0.574219,0.0407012
60000,cont4bf16,mlp.linear_fc1,17,0.447266,0.0403112
60000,cont4bf16,mlp.linear_fc1,18,0.652344,0.0403082
60000,cont4bf16,mlp.linear_fc1,19,0.714844,0.040252
60000,cont4bf16,mlp.linear_fc1,20,0.605469,0.040183
60000,cont4bf16,mlp.linear_fc1,21,0.597656,0.040036
60000,cont4bf16,mlp.linear_fc1,22,0.492188,0.0400227
60000,cont4bf16,mlp.linear_fc1,23,0.519531,0.0398778
60000,cont4bf16,mlp.linear_fc1,24,0.882812,0.0400329
60000,cont4bf16,mlp.linear_fc1,25,0.447266,0.0402064
60000,cont4bf16,mlp.linear_fc1,26,0.527344,0.040224
60000,cont4bf16,mlp.linear_fc1,27,0.582031,0.0403619
60000,cont4bf16,mlp.linear_fc1,28,0.503906,0.0403936
60000,cont4bf16,mlp.linear_fc1,29,0.558594,0.0404255
60000,cont4bf16,mlp.linear_fc1,30,0.515625,0.0404218
60000,cont4bf16,mlp.linear_fc1,31,0.421875,0.0404686
60000,cont4bf16,mlp.linear_fc1,32,0.546875,0.0405624
60000,cont4bf16,mlp.linear_fc1,33,0.474609,0.0406559
60000,cont4bf16,mlp.linear_fc1,34,0.402344,0.0407201
60000,cont4bf16,mlp.linear_fc1,35,0.431641,0.040802
60000,cont4bf16,mlp.linear_fc1,36,0.558594,0.0408835
60000,cont4bf16,mlp.linear_fc1,37,0.535156,0.0409527
60000,cont4bf16,mlp.linear_fc1,38,0.457031,0.0409786
60000,cont4bf16,mlp.linear_fc1,39,0.554688,0.0410271
60000,cont4bf16,mlp.linear_fc1,40,0.558594,0.041053
60000,cont4bf16,mlp.linear_fc1,41,0.652344,0.0410667
60000,cont4bf16,mlp.linear_fc1,42,0.498047,0.0410777
60000,cont4bf16,mlp.linear_fc1,43,0.617188,0.0410873
60000,cont4bf16,mlp.linear_fc1,44,0.542969,0.0410888
60000,cont4bf16,mlp.linear_fc1,45,0.539062,0.0410865
60000,cont4bf16,mlp.linear_fc1,46,0.609375,0.0410869
60000,cont4bf16,mlp.linear_fc1,47,0.738281,0.0410835
60000,cont4bf16,mlp.linear_fc1,48,0.804688,0.0410906
60000,cont4bf16,mlp.linear_fc1,49,0.535156,0.0410892
60000,cont4bf16,mlp.linear_fc1,50,0.738281,0.0411164
60000,cont4bf16,mlp.linear_fc1,51,0.455078,0.0411529
60000,cont4bf16,mlp.linear_fc1,52,0.769531,0.041211
60000,cont4bf16,mlp.linear_fc1,53,0.6875,0.0412859
60000,cont4bf16,mlp.linear_fc1,54,0.835938,0.0413827
60000,cont4bf16,mlp.linear_fc1,55,0.621094,0.0415261
60000,cont4bf16,mlp.linear_fc1,56,0.800781,0.0416281
60000,cont4bf16,mlp.linear_fc1,57,0.652344,0.0416013
60000,cont4bf16,mlp.linear_fc1,58,0.75,0.0414194
60000,cont4bf16,mlp.linear_fc1,59,0.640625,0.0409917
60000,cont4bf16,mlp.linear_fc1,60,0.625,0.0402922
60000,cont4bf16,mlp.linear_fc1,61,0.535156,0.0389096
60000,cont4bf16,mlp.linear_fc1,62,0.472656,0.0365897
60000,cont4bf16,mlp.linear_fc1,63,0.9375,0.0365961
60000,cont4bf16,self_attention.linear_qkv,0,0.349609,0.0363254
60000,cont4bf16,self_attention.linear_qkv,1,0.527344,0.0367995
60000,cont4bf16,self_attention.linear_qkv,2,0.691406,0.0396928
60000,cont4bf16,self_attention.linear_qkv,3,0.738281,0.0407696
60000,cont4bf16,self_attention.linear_qkv,4,0.570312,0.0397922
60000,cont4bf16,self_attention.linear_qkv,5,0.761719,0.0399252
60000,cont4bf16,self_attention.linear_qkv,6,0.482422,0.0411677
60000,cont4bf16,self_attention.linear_qkv,7,0.498047,0.0404226
60000,cont4bf16,self_attention.linear_qkv,8,0.558594,0.0402265
60000,cont4bf16,self_attention.linear_qkv,9,0.550781,0.0390188
60000,cont4bf16,self_attention.linear_qkv,10,0.441406,0.0385515
60000,cont4bf16,self_attention.linear_qkv,11,0.494141,0.0387478
60000,cont4bf16,self_attention.linear_qkv,12,0.519531,0.0379497
60000,cont4bf16,self_attention.linear_qkv,13,0.490234,0.0374389
60000,cont4bf16,self_attention.linear_qkv,14,0.558594,0.0362359
60000,cont4bf16,self_attention.linear_qkv,15,0.474609,0.0371934
60000,cont4bf16,self_attention.linear_qkv,16,0.492188,0.0374861
60000,cont4bf16,self_attention.linear_qkv,17,0.433594,0.0384519
60000,cont4bf16,self_attention.linear_qkv,18,0.384766,0.0385721
60000,cont4bf16,self_attention.linear_qkv,19,0.542969,0.0396164
60000,cont4bf16,self_attention.linear_qkv,20,0.386719,0.0378892
60000,cont4bf16,self_attention.linear_qkv,21,0.392578,0.0371706
60000,cont4bf16,self_attention.linear_qkv,22,0.490234,0.0404883
60000,cont4bf16,self_attention.linear_qkv,23,0.519531,0.0389502
60000,cont4bf16,self_attention.linear_qkv,24,0.503906,0.0377444
60000,cont4bf16,self_attention.linear_qkv,25,0.417969,0.0358789
60000,cont4bf16,self_attention.linear_qkv,26,0.445312,0.0353966
60000,cont4bf16,self_attention.linear_qkv,27,0.423828,0.038787
60000,cont4bf16,self_attention.linear_qkv,28,0.546875,0.0349097
60000,cont4bf16,self_attention.linear_qkv,29,0.527344,0.0357104
60000,cont4bf16,self_attention.linear_qkv,30,0.425781,0.0366016
60000,cont4bf16,self_attention.linear_qkv,31,0.46875,0.032551
60000,cont4bf16,self_attention.linear_qkv,32,0.46875,0.0338593
60000,cont4bf16,self_attention.linear_qkv,33,0.478516,0.0325769
60000,cont4bf16,self_attention.linear_qkv,34,0.390625,0.0352746
60000,cont4bf16,self_attention.linear_qkv,35,0.431641,0.0336012
60000,cont4bf16,self_attention.linear_qkv,36,0.365234,0.0307703
60000,cont4bf16,self_attention.linear_qkv,37,0.275391,0.0272268
60000,cont4bf16,self_attention.linear_qkv,38,0.322266,0.0308603
60000,cont4bf16,self_attention.linear_qkv,39,0.308594,0.0282654
60000,cont4bf16,self_attention.linear_qkv,40,0.320312,0.0284473
60000,cont4bf16,self_attention.linear_qkv,41,0.277344,0.0279838
60000,cont4bf16,self_attention.linear_qkv,42,0.25,0.0267485
60000,cont4bf16,self_attention.linear_qkv,43,0.243164,0.0273591
60000,cont4bf16,self_attention.linear_qkv,44,0.261719,0.027751
60000,cont4bf16,self_attention.linear_qkv,45,0.285156,0.0295719
60000,cont4bf16,self_attention.linear_qkv,46,0.3125,0.0311935
60000,cont4bf16,self_attention.linear_qkv,47,0.298828,0.0289134
60000,cont4bf16,self_attention.linear_qkv,48,0.410156,0.0332546
60000,cont4bf16,self_attention.linear_qkv,49,0.332031,0.0329209
60000,cont4bf16,self_attention.linear_qkv,50,0.427734,0.0309733
60000,cont4bf16,self_attention.linear_qkv,51,0.316406,0.0317268
60000,cont4bf16,self_attention.linear_qkv,52,0.367188,0.031894
60000,cont4bf16,self_attention.linear_qkv,53,0.34375,0.0333577
60000,cont4bf16,self_attention.linear_qkv,54,0.291016,0.0323667
60000,cont4bf16,self_attention.linear_qkv,55,0.324219,0.0335739
60000,cont4bf16,self_attention.linear_qkv,56,0.492188,0.0330852
60000,cont4bf16,self_attention.linear_qkv,57,0.316406,0.0329763
60000,cont4bf16,self_attention.linear_qkv,58,0.275391,0.0326159
60000,cont4bf16,self_attention.linear_qkv,59,0.306641,0.031388
60000,cont4bf16,self_attention.linear_qkv,60,0.371094,0.0304964
60000,cont4bf16,self_attention.linear_qkv,61,0.283203,0.0286172
60000,cont4bf16,self_attention.linear_qkv,62,0.474609,0.0247804
60000,cont4bf16,self_attention.linear_qkv,63,0.233398,0.0209876
60000,cont4bf16,self_attention.linear_proj,0,1.95312,0.031414
60000,cont4bf16,self_attention.linear_proj,1,2.89062,0.0374481
60000,cont4bf16,self_attention.linear_proj,2,3.07812,0.0386418
60000,cont4bf16,self_attention.linear_proj,3,3.39062,0.0383496
60000,cont4bf16,self_attention.linear_proj,4,3.57812,0.037656
60000,cont4bf16,self_attention.linear_proj,5,3,0.0378771
60000,cont4bf16,self_attention.linear_proj,6,1.65625,0.0386521
60000,cont4bf16,self_attention.linear_proj,7,2.23438,0.03937
60000,cont4bf16,self_attention.linear_proj,8,1.51562,0.0397705
60000,cont4bf16,self_attention.linear_proj,9,3.875,0.0392034
60000,cont4bf16,self_attention.linear_proj,10,1.82812,0.0389344
60000,cont4bf16,self_attention.linear_proj,11,2.73438,0.0388211
60000,cont4bf16,self_attention.linear_proj,12,1.39844,0.0369664
60000,cont4bf16,self_attention.linear_proj,13,1.47656,0.0379353
60000,cont4bf16,self_attention.linear_proj,14,2.28125,0.0366845
60000,cont4bf16,self_attention.linear_proj,15,1.32812,0.0365158
60000,cont4bf16,self_attention.linear_proj,16,2.0625,0.0373885
60000,cont4bf16,self_attention.linear_proj,17,1.9375,0.0384435
60000,cont4bf16,self_attention.linear_proj,18,1.97656,0.0382134
60000,cont4bf16,self_attention.linear_proj,19,1.03906,0.0397331
60000,cont4bf16,self_attention.linear_proj,20,1.36719,0.0383578
60000,cont4bf16,self_attention.linear_proj,21,1.54688,0.0371361
60000,cont4bf16,self_attention.linear_proj,22,1.26562,0.0405378
60000,cont4bf16,self_attention.linear_proj,23,1.47656,0.0401417
60000,cont4bf16,self_attention.linear_proj,24,0.59375,0.0400026
60000,cont4bf16,self_attention.linear_proj,25,0.65625,0.0388112
60000,cont4bf16,self_attention.linear_proj,26,0.761719,0.037949
60000,cont4bf16,self_attention.linear_proj,27,0.507812,0.0422741
60000,cont4bf16,self_attention.linear_proj,28,0.574219,0.0391271
60000,cont4bf16,self_attention.linear_proj,29,0.644531,0.0393082
60000,cont4bf16,self_attention.linear_proj,30,0.640625,0.0410476
60000,cont4bf16,self_attention.linear_proj,31,0.644531,0.0360667
60000,cont4bf16,self_attention.linear_proj,32,0.535156,0.0376645
60000,cont4bf16,self_attention.linear_proj,33,0.574219,0.0368933
60000,cont4bf16,self_attention.linear_proj,34,0.523438,0.0403517
60000,cont4bf16,self_attention.linear_proj,35,0.75,0.0381329
60000,cont4bf16,self_attention.linear_proj,36,0.542969,0.0358907
60000,cont4bf16,self_attention.linear_proj,37,0.777344,0.0327392
60000,cont4bf16,self_attention.linear_proj,38,0.753906,0.0351848
60000,cont4bf16,self_attention.linear_proj,39,0.914062,0.0337363
60000,cont4bf16,self_attention.linear_proj,40,0.664062,0.0347702
60000,cont4bf16,self_attention.linear_proj,41,0.416016,0.0341963
60000,cont4bf16,self_attention.linear_proj,42,0.447266,0.0336737
60000,cont4bf16,self_attention.linear_proj,43,0.605469,0.0339508
60000,cont4bf16,self_attention.linear_proj,44,0.373047,0.0347419
60000,cont4bf16,self_attention.linear_proj,45,0.457031,0.0353233
60000,cont4bf16,self_attention.linear_proj,46,0.384766,0.0357959
60000,cont4bf16,self_attention.linear_proj,47,0.597656,0.0335976
60000,cont4bf16,self_attention.linear_proj,48,0.464844,0.0368015
60000,cont4bf16,self_attention.linear_proj,49,0.5625,0.035046
60000,cont4bf16,self_attention.linear_proj,50,0.910156,0.0346162
60000,cont4bf16,self_attention.linear_proj,51,0.357422,0.0369554
60000,cont4bf16,self_attention.linear_proj,52,0.902344,0.0359211
60000,cont4bf16,self_attention.linear_proj,53,0.494141,0.0374472
60000,cont4bf16,self_attention.linear_proj,54,0.871094,0.0363824
60000,cont4bf16,self_attention.linear_proj,55,0.851562,0.0365973
60000,cont4bf16,self_attention.linear_proj,56,0.980469,0.0370689
60000,cont4bf16,self_attention.linear_proj,57,0.753906,0.0350027
60000,cont4bf16,self_attention.linear_proj,58,0.625,0.0351519
60000,cont4bf16,self_attention.linear_proj,59,0.527344,0.0334385
60000,cont4bf16,self_attention.linear_proj,60,0.574219,0.0306148
60000,cont4bf16,self_attention.linear_proj,61,0.5,0.0280315
60000,cont4bf16,self_attention.linear_proj,62,0.660156,0.0234464
60000,cont4bf16,self_attention.linear_proj,63,0.617188,0.0183873
64000,cont4bf16,self_attention.linear_qkv,0,0.341797,0.0366742
64000,cont4bf16,self_attention.linear_qkv,1,0.542969,0.0371915
64000,cont4bf16,self_attention.linear_qkv,2,0.738281,0.0401275
64000,cont4bf16,self_attention.linear_qkv,3,0.761719,0.0412045
64000,cont4bf16,self_attention.linear_qkv,4,0.59375,0.0402503
64000,cont4bf16,self_attention.linear_qkv,5,0.792969,0.0403973
64000,cont4bf16,self_attention.linear_qkv,6,0.503906,0.0416376
64000,cont4bf16,self_attention.linear_qkv,7,0.519531,0.0408904
64000,cont4bf16,self_attention.linear_qkv,8,0.582031,0.0407081
64000,cont4bf16,self_attention.linear_qkv,9,0.578125,0.0395346
64000,cont4bf16,self_attention.linear_qkv,10,0.453125,0.0390547
64000,cont4bf16,self_attention.linear_qkv,11,0.503906,0.0392314
64000,cont4bf16,self_attention.linear_qkv,12,0.535156,0.0384148
64000,cont4bf16,self_attention.linear_qkv,13,0.498047,0.0379623
64000,cont4bf16,self_attention.linear_qkv,14,0.570312,0.0367979
64000,cont4bf16,self_attention.linear_qkv,15,0.492188,0.0377296
64000,cont4bf16,self_attention.linear_qkv,16,0.519531,0.038043
64000,cont4bf16,self_attention.linear_qkv,17,0.4375,0.0389373
64000,cont4bf16,self_attention.linear_qkv,18,0.390625,0.0391035
64000,cont4bf16,self_attention.linear_qkv,19,0.554688,0.0400605
64000,cont4bf16,self_attention.linear_qkv,20,0.40625,0.0384454
64000,cont4bf16,self_attention.linear_qkv,21,0.402344,0.0377108
64000,cont4bf16,self_attention.linear_qkv,22,0.494141,0.0408979
64000,cont4bf16,self_attention.linear_qkv,23,0.539062,0.039372
64000,cont4bf16,self_attention.linear_qkv,24,0.511719,0.0382044
64000,cont4bf16,self_attention.linear_qkv,25,0.445312,0.0363694
64000,cont4bf16,self_attention.linear_qkv,26,0.445312,0.0359021
64000,cont4bf16,self_attention.linear_qkv,27,0.429688,0.0391532
64000,cont4bf16,self_attention.linear_qkv,28,0.550781,0.0352683
64000,cont4bf16,self_attention.linear_qkv,29,0.535156,0.0360869
64000,cont4bf16,self_attention.linear_qkv,30,0.425781,0.0368863
64000,cont4bf16,self_attention.linear_qkv,31,0.492188,0.0330068
64000,cont4bf16,self_attention.linear_qkv,32,0.476562,0.0343038
64000,cont4bf16,self_attention.linear_qkv,33,0.503906,0.0329705
64000,cont4bf16,self_attention.linear_qkv,34,0.408203,0.0355803
64000,cont4bf16,self_attention.linear_qkv,35,0.453125,0.0339899
64000,cont4bf16,self_attention.linear_qkv,36,0.394531,0.0312065
64000,cont4bf16,self_attention.linear_qkv,37,0.291016,0.0277246
64000,cont4bf16,self_attention.linear_qkv,38,0.324219,0.0313952
64000,cont4bf16,self_attention.linear_qkv,39,0.320312,0.0287895
64000,cont4bf16,self_attention.linear_qkv,40,0.316406,0.0288823
64000,cont4bf16,self_attention.linear_qkv,41,0.306641,0.028433
64000,cont4bf16,self_attention.linear_qkv,42,0.255859,0.0271776
64000,cont4bf16,self_attention.linear_qkv,43,0.249023,0.0278152
64000,cont4bf16,self_attention.linear_qkv,44,0.267578,0.0281473
64000,cont4bf16,self_attention.linear_qkv,45,0.291016,0.0299586
64000,cont4bf16,self_attention.linear_qkv,46,0.324219,0.0315939
64000,cont4bf16,self_attention.linear_qkv,47,0.310547,0.0293109
64000,cont4bf16,self_attention.linear_qkv,48,0.427734,0.0336315
64000,cont4bf16,self_attention.linear_qkv,49,0.339844,0.03328
64000,cont4bf16,self_attention.linear_qkv,50,0.458984,0.0314052
64000,cont4bf16,self_attention.linear_qkv,51,0.320312,0.032169
64000,cont4bf16,self_attention.linear_qkv,52,0.371094,0.0323837
64000,cont4bf16,self_attention.linear_qkv,53,0.324219,0.0337084
64000,cont4bf16,self_attention.linear_qkv,54,0.296875,0.0327491
64000,cont4bf16,self_attention.linear_qkv,55,0.322266,0.0339239
64000,cont4bf16,self_attention.linear_qkv,56,0.527344,0.033445
64000,cont4bf16,self_attention.linear_qkv,57,0.332031,0.0332593
64000,cont4bf16,self_attention.linear_qkv,58,0.269531,0.0328617
64000,cont4bf16,self_attention.linear_qkv,59,0.291016,0.0316095
64000,cont4bf16,self_attention.linear_qkv,60,0.353516,0.0306265
64000,cont4bf16,self_attention.linear_qkv,61,0.291016,0.0285466
64000,cont4bf16,self_attention.linear_qkv,62,0.472656,0.0247029
64000,cont4bf16,self_attention.linear_qkv,63,0.238281,0.0209378
64000,cont4bf16,self_attention.linear_proj,0,2.10938,0.0323561
64000,cont4bf16,self_attention.linear_proj,1,3.0625,0.0381267
64000,cont4bf16,self_attention.linear_proj,2,3.26562,0.0392391
64000,cont4bf16,self_attention.linear_proj,3,3.5625,0.0389001
64000,cont4bf16,self_attention.linear_proj,4,3.78125,0.0382129
64000,cont4bf16,self_attention.linear_proj,5,3.20312,0.0384059
64000,cont4bf16,self_attention.linear_proj,6,1.78906,0.0391644
64000,cont4bf16,self_attention.linear_proj,7,2.40625,0.0398283
64000,cont4bf16,self_attention.linear_proj,8,1.6875,0.0402891
64000,cont4bf16,self_attention.linear_proj,9,4.09375,0.0397339
64000,cont4bf16,self_attention.linear_proj,10,1.96875,0.0394411
64000,cont4bf16,self_attention.linear_proj,11,2.92188,0.0393278
64000,cont4bf16,self_attention.linear_proj,12,1.59375,0.0374733
64000,cont4bf16,self_attention.linear_proj,13,1.64062,0.0384396
64000,cont4bf16,self_attention.linear_proj,14,2.39062,0.0372427
64000,cont4bf16,self_attention.linear_proj,15,1.46094,0.0370246
64000,cont4bf16,self_attention.linear_proj,16,2.17188,0.0378965
64000,cont4bf16,self_attention.linear_proj,17,2.10938,0.0388944
64000,cont4bf16,self_attention.linear_proj,18,2.17188,0.0386956
64000,cont4bf16,self_attention.linear_proj,19,1.09375,0.0401281
64000,cont4bf16,self_attention.linear_proj,20,1.46875,0.0388599
64000,cont4bf16,self_attention.linear_proj,21,1.625,0.0376267
64000,cont4bf16,self_attention.linear_proj,22,1.375,0.0408503
64000,cont4bf16,self_attention.linear_proj,23,1.55469,0.040471
64000,cont4bf16,self_attention.linear_proj,24,0.636719,0.0403343
64000,cont4bf16,self_attention.linear_proj,25,0.679688,0.0392585
64000,cont4bf16,self_attention.linear_proj,26,0.871094,0.0383898
64000,cont4bf16,self_attention.linear_proj,27,0.554688,0.0425343
64000,cont4bf16,self_attention.linear_proj,28,0.59375,0.0394393
64000,cont4bf16,self_attention.linear_proj,29,0.671875,0.0396171
64000,cont4bf16,self_attention.linear_proj,30,0.667969,0.0412293
64000,cont4bf16,self_attention.linear_proj,31,0.65625,0.0365082
64000,cont4bf16,self_attention.linear_proj,32,0.546875,0.0380685
64000,cont4bf16,self_attention.linear_proj,33,0.582031,0.0372888
64000,cont4bf16,self_attention.linear_proj,34,0.546875,0.0406625
64000,cont4bf16,self_attention.linear_proj,35,0.796875,0.0385063
64000,cont4bf16,self_attention.linear_proj,36,0.558594,0.0363449
64000,cont4bf16,self_attention.linear_proj,37,0.871094,0.0333435
64000,cont4bf16,self_attention.linear_proj,38,0.789062,0.035709
64000,cont4bf16,self_attention.linear_proj,39,0.980469,0.0343366
64000,cont4bf16,self_attention.linear_proj,40,0.683594,0.0353085
64000,cont4bf16,self_attention.linear_proj,41,0.443359,0.0347647
64000,cont4bf16,self_attention.linear_proj,42,0.492188,0.0342664
64000,cont4bf16,self_attention.linear_proj,43,0.683594,0.0345215
64000,cont4bf16,self_attention.linear_proj,44,0.402344,0.0353061
64000,cont4bf16,self_attention.linear_proj,45,0.492188,0.0357925
64000,cont4bf16,self_attention.linear_proj,46,0.384766,0.036239
64000,cont4bf16,self_attention.linear_proj,47,0.644531,0.0340731
64000,cont4bf16,self_attention.linear_proj,48,0.515625,0.037151
64000,cont4bf16,self_attention.linear_proj,49,0.632812,0.0353749
64000,cont4bf16,self_attention.linear_proj,50,0.957031,0.0350796
64000,cont4bf16,self_attention.linear_proj,51,0.380859,0.037409
64000,cont4bf16,self_attention.linear_proj,52,0.96875,0.0364073
64000,cont4bf16,self_attention.linear_proj,53,0.523438,0.0378109
64000,cont4bf16,self_attention.linear_proj,54,0.910156,0.0367813
64000,cont4bf16,self_attention.linear_proj,55,0.847656,0.0369465
64000,cont4bf16,self_attention.linear_proj,56,1,0.0374165
64000,cont4bf16,self_attention.linear_proj,57,0.789062,0.0352918
64000,cont4bf16,self_attention.linear_proj,58,0.628906,0.0354894
64000,cont4bf16,self_attention.linear_proj,59,0.503906,0.0338036
64000,cont4bf16,self_attention.linear_proj,60,0.574219,0.0309142
64000,cont4bf16,self_attention.linear_proj,61,0.578125,0.0281558
64000,cont4bf16,self_attention.linear_proj,62,0.667969,0.0235412
64000,cont4bf16,self_attention.linear_proj,63,0.640625,0.0184188
64000,cont4bf16,mlp.linear_fc2,0,2.48438,0.0389404
64000,cont4bf16,mlp.linear_fc2,1,3.85938,0.0389858
64000,cont4bf16,mlp.linear_fc2,2,2.59375,0.0413192
64000,cont4bf16,mlp.linear_fc2,3,1.79688,0.0409396
64000,cont4bf16,mlp.linear_fc2,4,2.46875,0.0406846
64000,cont4bf16,mlp.linear_fc2,5,4.53125,0.0404933
64000,cont4bf16,mlp.linear_fc2,6,2.125,0.0409853
64000,cont4bf16,mlp.linear_fc2,7,2.65625,0.041576
64000,cont4bf16,mlp.linear_fc2,8,2.75,0.0420704
64000,cont4bf16,mlp.linear_fc2,9,3.40625,0.0421046
64000,cont4bf16,mlp.linear_fc2,10,3.39062,0.0421886
64000,cont4bf16,mlp.linear_fc2,11,2.76562,0.0422423
64000,cont4bf16,mlp.linear_fc2,12,2.46875,0.0421777
64000,cont4bf16,mlp.linear_fc2,13,2.60938,0.0420305
64000,cont4bf16,mlp.linear_fc2,14,1.69531,0.0417971
64000,cont4bf16,mlp.linear_fc2,15,2.1875,0.0414561
64000,cont4bf16,mlp.linear_fc2,16,1.91406,0.0411417
64000,cont4bf16,mlp.linear_fc2,17,2.09375,0.0412253
64000,cont4bf16,mlp.linear_fc2,18,1.53906,0.0412175
64000,cont4bf16,mlp.linear_fc2,19,1.72656,0.041308
64000,cont4bf16,mlp.linear_fc2,20,1.75781,0.0413403
64000,cont4bf16,mlp.linear_fc2,21,2.03125,0.0412618
64000,cont4bf16,mlp.linear_fc2,22,1.39062,0.0413138
64000,cont4bf16,mlp.linear_fc2,23,2.28125,0.0414178
64000,cont4bf16,mlp.linear_fc2,24,1.19531,0.0417755
64000,cont4bf16,mlp.linear_fc2,25,1.86719,0.041947
64000,cont4bf16,mlp.linear_fc2,26,1.75,0.0419196
64000,cont4bf16,mlp.linear_fc2,27,1.75,0.0421049
64000,cont4bf16,mlp.linear_fc2,28,1.98438,0.0421206
64000,cont4bf16,mlp.linear_fc2,29,1.58594,0.0421347
64000,cont4bf16,mlp.linear_fc2,30,1.84375,0.0421385
64000,cont4bf16,mlp.linear_fc2,31,2.28125,0.0422179
64000,cont4bf16,mlp.linear_fc2,32,1.71094,0.0423592
64000,cont4bf16,mlp.linear_fc2,33,1.92188,0.0424272
64000,cont4bf16,mlp.linear_fc2,34,1.32031,0.0425067
64000,cont4bf16,mlp.linear_fc2,35,1.86719,0.0425816
64000,cont4bf16,mlp.linear_fc2,36,2.25,0.0426426
64000,cont4bf16,mlp.linear_fc2,37,1.73438,0.0427156
64000,cont4bf16,mlp.linear_fc2,38,2.48438,0.0427726
64000,cont4bf16,mlp.linear_fc2,39,1.1875,0.0427984
64000,cont4bf16,mlp.linear_fc2,40,1.57812,0.0428145
64000,cont4bf16,mlp.linear_fc2,41,0.871094,0.0428191
64000,cont4bf16,mlp.linear_fc2,42,2.125,0.0428281
64000,cont4bf16,mlp.linear_fc2,43,1.78906,0.0428401
64000,cont4bf16,mlp.linear_fc2,44,2.03125,0.0428538
64000,cont4bf16,mlp.linear_fc2,45,1.25,0.0428778
64000,cont4bf16,mlp.linear_fc2,46,1.25,0.0429146
64000,cont4bf16,mlp.linear_fc2,47,1.86719,0.0429533
64000,cont4bf16,mlp.linear_fc2,48,0.960938,0.0430388
64000,cont4bf16,mlp.linear_fc2,49,0.96875,0.0431047
64000,cont4bf16,mlp.linear_fc2,50,0.960938,0.0432054
64000,cont4bf16,mlp.linear_fc2,51,1.23438,0.0433252
64000,cont4bf16,mlp.linear_fc2,52,1.16406,0.0434651
64000,cont4bf16,mlp.linear_fc2,53,1.46875,0.0436132
64000,cont4bf16,mlp.linear_fc2,54,1.42969,0.0437776
64000,cont4bf16,mlp.linear_fc2,55,1.13281,0.0439873
64000,cont4bf16,mlp.linear_fc2,56,1.27344,0.0441337
64000,cont4bf16,mlp.linear_fc2,57,1.25781,0.0440221
64000,cont4bf16,mlp.linear_fc2,58,1.99219,0.043577
64000,cont4bf16,mlp.linear_fc2,59,1.46094,0.0428431
64000,cont4bf16,mlp.linear_fc2,60,1.35938,0.0418126
64000,cont4bf16,mlp.linear_fc2,61,2.53125,0.0394397
64000,cont4bf16,mlp.linear_fc2,62,2.17188,0.0357123
64000,cont4bf16,mlp.linear_fc2,63,1.67188,0.0267735
64000,cont4bf16,mlp.linear_fc1,0,0.824219,0.0359157
64000,cont4bf16,mlp.linear_fc1,1,1.01562,0.0422771
64000,cont4bf16,mlp.linear_fc1,2,1.05469,0.0434989
64000,cont4bf16,mlp.linear_fc1,3,1.24219,0.0428596
64000,cont4bf16,mlp.linear_fc1,4,1.16406,0.0421863
64000,cont4bf16,mlp.linear_fc1,5,1,0.0415284
64000,cont4bf16,mlp.linear_fc1,6,1.07812,0.0411
64000,cont4bf16,mlp.linear_fc1,7,0.765625,0.0414768
64000,cont4bf16,mlp.linear_fc1,8,0.679688,0.0417717
64000,cont4bf16,mlp.linear_fc1,9,0.835938,0.0419992
64000,cont4bf16,mlp.linear_fc1,10,0.582031,0.0420337
64000,cont4bf16,mlp.linear_fc1,11,0.664062,0.0420325
64000,cont4bf16,mlp.linear_fc1,12,0.589844,0.0420252
64000,cont4bf16,mlp.linear_fc1,13,0.667969,0.0420484
64000,cont4bf16,mlp.linear_fc1,14,0.554688,0.0419694
64000,cont4bf16,mlp.linear_fc1,15,0.65625,0.0416353
64000,cont4bf16,mlp.linear_fc1,16,0.589844,0.0412425
64000,cont4bf16,mlp.linear_fc1,17,0.490234,0.040853
64000,cont4bf16,mlp.linear_fc1,18,0.679688,0.0408531
64000,cont4bf16,mlp.linear_fc1,19,0.777344,0.0407943
64000,cont4bf16,mlp.linear_fc1,20,0.640625,0.0407221
64000,cont4bf16,mlp.linear_fc1,21,0.648438,0.0405713
64000,cont4bf16,mlp.linear_fc1,22,0.523438,0.0405534
64000,cont4bf16,mlp.linear_fc1,23,0.519531,0.0404013
64000,cont4bf16,mlp.linear_fc1,24,0.949219,0.0405485
64000,cont4bf16,mlp.linear_fc1,25,0.458984,0.0407171
64000,cont4bf16,mlp.linear_fc1,26,0.539062,0.0407299
64000,cont4bf16,mlp.linear_fc1,27,0.589844,0.0408592
64000,cont4bf16,mlp.linear_fc1,28,0.542969,0.0408788
64000,cont4bf16,mlp.linear_fc1,29,0.582031,0.0408968
64000,cont4bf16,mlp.linear_fc1,30,0.527344,0.0408775
64000,cont4bf16,mlp.linear_fc1,31,0.429688,0.0409162
64000,cont4bf16,mlp.linear_fc1,32,0.589844,0.0410001
64000,cont4bf16,mlp.linear_fc1,33,0.515625,0.0410883
64000,cont4bf16,mlp.linear_fc1,34,0.404297,0.0411535
64000,cont4bf16,mlp.linear_fc1,35,0.457031,0.0412321
64000,cont4bf16,mlp.linear_fc1,36,0.574219,0.0413148
64000,cont4bf16,mlp.linear_fc1,37,0.5625,0.0413814
64000,cont4bf16,mlp.linear_fc1,38,0.472656,0.041404
64000,cont4bf16,mlp.linear_fc1,39,0.550781,0.0414491
64000,cont4bf16,mlp.linear_fc1,40,0.566406,0.0414703
64000,cont4bf16,mlp.linear_fc1,41,0.664062,0.0414781
64000,cont4bf16,mlp.linear_fc1,42,0.535156,0.0414842
64000,cont4bf16,mlp.linear_fc1,43,0.648438,0.0414899
64000,cont4bf16,mlp.linear_fc1,44,0.570312,0.0414883
64000,cont4bf16,mlp.linear_fc1,45,0.558594,0.0414782
64000,cont4bf16,mlp.linear_fc1,46,0.625,0.0414735
64000,cont4bf16,mlp.linear_fc1,47,0.742188,0.0414683
64000,cont4bf16,mlp.linear_fc1,48,0.84375,0.0414707
64000,cont4bf16,mlp.linear_fc1,49,0.546875,0.0414651
64000,cont4bf16,mlp.linear_fc1,50,0.753906,0.0414934
64000,cont4bf16,mlp.linear_fc1,51,0.466797,0.0415297
64000,cont4bf16,mlp.linear_fc1,52,0.816406,0.0415957
64000,cont4bf16,mlp.linear_fc1,53,0.730469,0.0416773
64000,cont4bf16,mlp.linear_fc1,54,0.875,0.0417881
64000,cont4bf16,mlp.linear_fc1,55,0.617188,0.0419503
64000,cont4bf16,mlp.linear_fc1,56,0.796875,0.0420664
64000,cont4bf16,mlp.linear_fc1,57,0.675781,0.0420449
64000,cont4bf16,mlp.linear_fc1,58,0.78125,0.0418626
64000,cont4bf16,mlp.linear_fc1,59,0.679688,0.0414234
64000,cont4bf16,mlp.linear_fc1,60,0.652344,0.0407004
64000,cont4bf16,mlp.linear_fc1,61,0.585938,0.0392664
64000,cont4bf16,mlp.linear_fc1,62,0.464844,0.0368623
64000,cont4bf16,mlp.linear_fc1,63,0.867188,0.0360905
8000,flagship,self_attention.linear_qkv,0,0.128906,0.0214975
8000,flagship,self_attention.linear_qkv,1,0.120117,0.0204476
8000,flagship,self_attention.linear_qkv,2,0.129883,0.0205612
8000,flagship,self_attention.linear_qkv,3,0.121094,0.0205995
8000,flagship,self_attention.linear_qkv,4,0.125977,0.0204568
8000,flagship,self_attention.linear_qkv,5,0.135742,0.0205927
8000,flagship,self_attention.linear_qkv,6,0.145508,0.0206863
8000,flagship,self_attention.linear_qkv,7,0.146484,0.0205114
8000,flagship,self_attention.linear_qkv,8,0.126953,0.0204326
8000,flagship,self_attention.linear_qkv,9,0.120605,0.0201128
8000,flagship,self_attention.linear_qkv,10,0.115234,0.0202294
8000,flagship,self_attention.linear_qkv,11,0.12793,0.0201166
8000,flagship,self_attention.linear_qkv,12,0.112305,0.0200869
8000,flagship,self_attention.linear_qkv,13,0.118652,0.0199998
8000,flagship,self_attention.linear_qkv,14,0.116211,0.0197851
8000,flagship,self_attention.linear_qkv,15,0.122559,0.0199896
8000,flagship,self_attention.linear_qkv,16,0.117188,0.019809
8000,flagship,self_attention.linear_qkv,17,0.125,0.0203079
8000,flagship,self_attention.linear_qkv,18,0.121582,0.0199172
8000,flagship,self_attention.linear_qkv,19,0.125977,0.0202089
8000,flagship,self_attention.linear_qkv,20,0.113281,0.0198881
8000,flagship,self_attention.linear_qkv,21,0.128906,0.0200364
8000,flagship,self_attention.linear_qkv,22,0.124023,0.0202339
8000,flagship,self_attention.linear_qkv,23,0.126953,0.0202995
8000,flagship,self_attention.linear_qkv,24,0.123535,0.0201463
8000,flagship,self_attention.linear_qkv,25,0.137695,0.0199881
8000,flagship,self_attention.linear_qkv,26,0.12793,0.0199283
8000,flagship,self_attention.linear_qkv,27,0.131836,0.0201989
8000,flagship,self_attention.linear_qkv,28,0.114258,0.0199557
8000,flagship,self_attention.linear_qkv,29,0.121582,0.020035
8000,flagship,self_attention.linear_qkv,30,0.121094,0.0201121
8000,flagship,self_attention.linear_qkv,31,0.11377,0.0197717
8000,flagship,self_attention.linear_qkv,32,0.115723,0.0198488
8000,flagship,self_attention.linear_qkv,33,0.119141,0.0198014
8000,flagship,self_attention.linear_qkv,34,0.117188,0.0199183
8000,flagship,self_attention.linear_qkv,35,0.119141,0.0198187
8000,flagship,self_attention.linear_qkv,36,0.124512,0.0197332
8000,flagship,self_attention.linear_qkv,37,0.124512,0.0196076
8000,flagship,self_attention.linear_qkv,38,0.11377,0.0197508
8000,flagship,self_attention.linear_qkv,39,0.118164,0.0196018
8000,flagship,self_attention.linear_qkv,40,0.114258,0.0196307
8000,flagship,self_attention.linear_qkv,41,0.120117,0.0195997
8000,flagship,self_attention.linear_qkv,42,0.121582,0.0195799
8000,flagship,self_attention.linear_qkv,43,0.114258,0.0195896
8000,flagship,self_attention.linear_qkv,44,0.115723,0.0196068
8000,flagship,self_attention.linear_qkv,45,0.118164,0.0197746
8000,flagship,self_attention.linear_qkv,46,0.117676,0.0198148
8000,flagship,self_attention.linear_qkv,47,0.114258,0.0196592
8000,flagship,self_attention.linear_qkv,48,0.12793,0.0200253
8000,flagship,self_attention.linear_qkv,49,0.123535,0.0199821
8000,flagship,self_attention.linear_qkv,50,0.111816,0.0197184
8000,flagship,self_attention.linear_qkv,51,0.117188,0.0197752
8000,flagship,self_attention.linear_qkv,52,0.122559,0.0196872
8000,flagship,self_attention.linear_qkv,53,0.121582,0.0199942
8000,flagship,self_attention.linear_qkv,54,0.125,0.0198144
8000,flagship,self_attention.linear_qkv,55,0.139648,0.0200225
8000,flagship,self_attention.linear_qkv,56,0.120605,0.0198736
8000,flagship,self_attention.linear_qkv,57,0.124512,0.0199989
8000,flagship,self_attention.linear_qkv,58,0.124023,0.0199412
8000,flagship,self_attention.linear_qkv,59,0.131836,0.01989
8000,flagship,self_attention.linear_qkv,60,0.123047,0.0197155
8000,flagship,self_attention.linear_qkv,61,0.116699,0.0198559
8000,flagship,self_attention.linear_qkv,62,0.112793,0.019583
8000,flagship,self_attention.linear_qkv,63,0.112305,0.019477
8000,flagship,self_attention.linear_proj,0,0.103516,0.00802505
8000,flagship,self_attention.linear_proj,1,0.0766602,0.00786751
8000,flagship,self_attention.linear_proj,2,0.0524902,0.00842265
8000,flagship,self_attention.linear_proj,3,0.0751953,0.00876597
8000,flagship,self_attention.linear_proj,4,0.0598145,0.0086859
8000,flagship,self_attention.linear_proj,5,0.0668945,0.00937547
8000,flagship,self_attention.linear_proj,6,0.0620117,0.00994342
8000,flagship,self_attention.linear_proj,7,0.0805664,0.0105246
8000,flagship,self_attention.linear_proj,8,0.0683594,0.0097166
8000,flagship,self_attention.linear_proj,9,0.0598145,0.00897067
8000,flagship,self_attention.linear_proj,10,0.0664062,0.00915307
8000,flagship,self_attention.linear_proj,11,0.0610352,0.00902892
8000,flagship,self_attention.linear_proj,12,0.0581055,0.00889757
8000,flagship,self_attention.linear_proj,13,0.0578613,0.00886332
8000,flagship,self_attention.linear_proj,14,0.0524902,0.00866052
8000,flagship,self_attention.linear_proj,15,0.0810547,0.00894851
8000,flagship,self_attention.linear_proj,16,0.0527344,0.00878155
8000,flagship,self_attention.linear_proj,17,0.0825195,0.00980231
8000,flagship,self_attention.linear_proj,18,0.0554199,0.00903895
8000,flagship,self_attention.linear_proj,19,0.0683594,0.00973271
8000,flagship,self_attention.linear_proj,20,0.0625,0.0090619
8000,flagship,self_attention.linear_proj,21,0.0654297,0.00924976
8000,flagship,self_attention.linear_proj,22,0.0722656,0.0104922
8000,flagship,self_attention.linear_proj,23,0.0805664,0.0101814
8000,flagship,self_attention.linear_proj,24,0.0756836,0.0100864
8000,flagship,self_attention.linear_proj,25,0.0649414,0.00975976
8000,flagship,self_attention.linear_proj,26,0.0615234,0.00945159
8000,flagship,self_attention.linear_proj,27,0.0708008,0.0107582
8000,flagship,self_attention.linear_proj,28,0.0668945,0.00965881
8000,flagship,self_attention.linear_proj,29,0.0639648,0.00999353
8000,flagship,self_attention.linear_proj,30,0.0732422,0.0101346
8000,flagship,self_attention.linear_proj,31,0.0668945,0.0091463
8000,flagship,self_attention.linear_proj,32,0.0576172,0.00933602
8000,flagship,self_attention.linear_proj,33,0.0561523,0.00926399
8000,flagship,self_attention.linear_proj,34,0.0593262,0.00965679
8000,flagship,self_attention.linear_proj,35,0.0559082,0.00930372
8000,flagship,self_attention.linear_proj,36,0.0517578,0.00906633
8000,flagship,self_attention.linear_proj,37,0.0495605,0.00880149
8000,flagship,self_attention.linear_proj,38,0.0644531,0.00902402
8000,flagship,self_attention.linear_proj,39,0.0532227,0.00878272
8000,flagship,self_attention.linear_proj,40,0.0515137,0.00890588
8000,flagship,self_attention.linear_proj,41,0.0515137,0.00878942
8000,flagship,self_attention.linear_proj,42,0.048584,0.00875786
8000,flagship,self_attention.linear_proj,43,0.048584,0.00877697
8000,flagship,self_attention.linear_proj,44,0.0473633,0.00881813
8000,flagship,self_attention.linear_proj,45,0.059082,0.00915683
8000,flagship,self_attention.linear_proj,46,0.0639648,0.00926245
8000,flagship,self_attention.linear_proj,47,0.0588379,0.00891646
8000,flagship,self_attention.linear_proj,48,0.0654297,0.00974251
8000,flagship,self_attention.linear_proj,49,0.0644531,0.00975902
8000,flagship,self_attention.linear_proj,50,0.0595703,0.00889246
8000,flagship,self_attention.linear_proj,51,0.0583496,0.00923273
8000,flagship,self_attention.linear_proj,52,0.0644531,0.00891051
8000,flagship,self_attention.linear_proj,53,0.0649414,0.00971679
8000,flagship,self_attention.linear_proj,54,0.0593262,0.00936118
8000,flagship,self_attention.linear_proj,55,0.0834961,0.00955743
8000,flagship,self_attention.linear_proj,56,0.0756836,0.00918532
8000,flagship,self_attention.linear_proj,57,0.0732422,0.00946144
8000,flagship,self_attention.linear_proj,58,0.100098,0.00898982
8000,flagship,self_attention.linear_proj,59,0.0991211,0.00872048
8000,flagship,self_attention.linear_proj,60,0.0800781,0.00806609
8000,flagship,self_attention.linear_proj,61,0.0942383,0.0079094
8000,flagship,self_attention.linear_proj,62,0.0825195,0.00699203
8000,flagship,self_attention.linear_proj,63,0.0839844,0.00585076
8000,flagship,mlp.linear_fc2,0,0.0957031,0.0093301
8000,flagship,mlp.linear_fc2,1,0.097168,0.00977527
8000,flagship,mlp.linear_fc2,2,0.0576172,0.00960549
8000,flagship,mlp.linear_fc2,3,0.059082,0.00951732
8000,flagship,mlp.linear_fc2,4,0.0644531,0.00946263
8000,flagship,mlp.linear_fc2,5,0.0622559,0.00940484
8000,flagship,mlp.linear_fc2,6,0.0578613,0.00948562
8000,flagship,mlp.linear_fc2,7,0.0578613,0.00979396
8000,flagship,mlp.linear_fc2,8,0.0703125,0.00998461
8000,flagship,mlp.linear_fc2,9,0.0605469,0.0100891
8000,flagship,mlp.linear_fc2,10,0.0629883,0.0101694
8000,flagship,mlp.linear_fc2,11,0.0625,0.0102342
8000,flagship,mlp.linear_fc2,12,0.0600586,0.0102776
8000,flagship,mlp.linear_fc2,13,0.0698242,0.0103097
8000,flagship,mlp.linear_fc2,14,0.0622559,0.0103264
8000,flagship,mlp.linear_fc2,15,0.0620117,0.0103307
8000,flagship,mlp.linear_fc2,16,0.0625,0.0103005
8000,flagship,mlp.linear_fc2,17,0.0622559,0.0103222
8000,flagship,mlp.linear_fc2,18,0.0612793,0.010327
8000,flagship,mlp.linear_fc2,19,0.0603027,0.0103718
8000,flagship,mlp.linear_fc2,20,0.0622559,0.0103769
8000,flagship,mlp.linear_fc2,21,0.0625,0.0103699
8000,flagship,mlp.linear_fc2,22,0.0610352,0.0104095
8000,flagship,mlp.linear_fc2,23,0.0610352,0.010432
8000,flagship,mlp.linear_fc2,24,0.0603027,0.0104931
8000,flagship,mlp.linear_fc2,25,0.0615234,0.0105305
8000,flagship,mlp.linear_fc2,26,0.065918,0.01055
8000,flagship,mlp.linear_fc2,27,0.0649414,0.0106061
8000,flagship,mlp.linear_fc2,28,0.0625,0.0106369
8000,flagship,mlp.linear_fc2,29,0.0625,0.0106674
8000,flagship,mlp.linear_fc2,30,0.0625,0.0106971
8000,flagship,mlp.linear_fc2,31,0.0644531,0.0107261
8000,flagship,mlp.linear_fc2,32,0.0634766,0.0107552
8000,flagship,mlp.linear_fc2,33,0.0629883,0.0107801
8000,flagship,mlp.linear_fc2,34,0.0603027,0.0108087
8000,flagship,mlp.linear_fc2,35,0.0620117,0.0108319
8000,flagship,mlp.linear_fc2,36,0.0717773,0.010857
8000,flagship,mlp.linear_fc2,37,0.0654297,0.0108808
8000,flagship,mlp.linear_fc2,38,0.0673828,0.0109052
8000,flagship,mlp.linear_fc2,39,0.0617676,0.010925
8000,flagship,mlp.linear_fc2,40,0.0617676,0.010942
8000,flagship,mlp.linear_fc2,41,0.0629883,0.01096
8000,flagship,mlp.linear_fc2,42,0.0629883,0.0109823
8000,flagship,mlp.linear_fc2,43,0.0617676,0.0109896
8000,flagship,mlp.linear_fc2,44,0.0649414,0.0110054
8000,flagship,mlp.linear_fc2,45,0.0683594,0.0110239
8000,flagship,mlp.linear_fc2,46,0.0664062,0.011019
8000,flagship,mlp.linear_fc2,47,0.0649414,0.011033
8000,flagship,mlp.linear_fc2,48,0.0722656,0.0110426
8000,flagship,mlp.linear_fc2,49,0.0654297,0.0110485
8000,flagship,mlp.linear_fc2,50,0.0844727,0.0110268
8000,flagship,mlp.linear_fc2,51,0.0805664,0.011014
8000,flagship,mlp.linear_fc2,52,0.0878906,0.0109899
8000,flagship,mlp.linear_fc2,53,0.0908203,0.0109606
8000,flagship,mlp.linear_fc2,54,0.106934,0.0109025
8000,flagship,mlp.linear_fc2,55,0.116211,0.0108407
8000,flagship,mlp.linear_fc2,56,0.117676,0.0107399
8000,flagship,mlp.linear_fc2,57,0.164062,0.0106013
8000,flagship,mlp.linear_fc2,58,0.132812,0.0103948
8000,flagship,mlp.linear_fc2,59,0.178711,0.0100789
8000,flagship,mlp.linear_fc2,60,0.19043,0.00977201
8000,flagship,mlp.linear_fc2,61,0.174805,0.00924648
8000,flagship,mlp.linear_fc2,62,0.158203,0.00865273
8000,flagship,mlp.linear_fc2,63,0.174805,0.00784724
8000,flagship,mlp.linear_fc1,0,0.118164,0.0206846
8000,flagship,mlp.linear_fc1,1,0.125977,0.0208051
8000,flagship,mlp.linear_fc1,2,0.125977,0.0207129
8000,flagship,mlp.linear_fc1,3,0.120605,0.0205114
8000,flagship,mlp.linear_fc1,4,0.124023,0.0203902
8000,flagship,mlp.linear_fc1,5,0.120605,0.0202571
8000,flagship,mlp.linear_fc1,6,0.119629,0.0202889
8000,flagship,mlp.linear_fc1,7,0.123047,0.0204946
8000,flagship,mlp.linear_fc1,8,0.123535,0.020646
8000,flagship,mlp.linear_fc1,9,0.125,0.0207445
8000,flagship,mlp.linear_fc1,10,0.12207,0.0208269
8000,flagship,mlp.linear_fc1,11,0.124023,0.0208967
8000,flagship,mlp.linear_fc1,12,0.120605,0.0209513
8000,flagship,mlp.linear_fc1,13,0.125,0.0209952
8000,flagship,mlp.linear_fc1,14,0.123535,0.0210248
8000,flagship,mlp.linear_fc1,15,0.122559,0.0210473
8000,flagship,mlp.linear_fc1,16,0.137695,0.0210484
8000,flagship,mlp.linear_fc1,17,0.129883,0.0210713
8000,flagship,mlp.linear_fc1,18,0.125977,0.0210903
8000,flagship,mlp.linear_fc1,19,0.123047,0.0211319
8000,flagship,mlp.linear_fc1,20,0.121094,0.021144
8000,flagship,mlp.linear_fc1,21,0.15332,0.0211475
8000,flagship,mlp.linear_fc1,22,0.118652,0.0211775
8000,flagship,mlp.linear_fc1,23,0.124512,0.0211979
8000,flagship,mlp.linear_fc1,24,0.129883,0.0212517
8000,flagship,mlp.linear_fc1,25,0.132812,0.0212867
8000,flagship,mlp.linear_fc1,26,0.128906,0.0213086
8000,flagship,mlp.linear_fc1,27,0.125977,0.0213552
8000,flagship,mlp.linear_fc1,28,0.123047,0.0213861
8000,flagship,mlp.linear_fc1,29,0.129883,0.021419
8000,flagship,mlp.linear_fc1,30,0.137695,0.021452
8000,flagship,mlp.linear_fc1,31,0.134766,0.0214845
8000,flagship,mlp.linear_fc1,32,0.123535,0.0215154
8000,flagship,mlp.linear_fc1,33,0.126953,0.0215471
8000,flagship,mlp.linear_fc1,34,0.12793,0.0215777
8000,flagship,mlp.linear_fc1,35,0.132812,0.0216086
8000,flagship,mlp.linear_fc1,36,0.124023,0.0216371
8000,flagship,mlp.linear_fc1,37,0.12793,0.0216674
8000,flagship,mlp.linear_fc1,38,0.124023,0.0216947
8000,flagship,mlp.linear_fc1,39,0.130859,0.0217182
8000,flagship,mlp.linear_fc1,40,0.124512,0.0217436
8000,flagship,mlp.linear_fc1,41,0.126953,0.0217733
8000,flagship,mlp.linear_fc1,42,0.132812,0.0217932
8000,flagship,mlp.linear_fc1,43,0.131836,0.0218148
8000,flagship,mlp.linear_fc1,44,0.12793,0.0218338
8000,flagship,mlp.linear_fc1,45,0.139648,0.0218508
8000,flagship,mlp.linear_fc1,46,0.136719,0.0218696
8000,flagship,mlp.linear_fc1,47,0.129883,0.0218825
8000,flagship,mlp.linear_fc1,48,0.124023,0.0218952
8000,flagship,mlp.linear_fc1,49,0.128906,0.0219099
8000,flagship,mlp.linear_fc1,50,0.130859,0.0219146
8000,flagship,mlp.linear_fc1,51,0.129883,0.0219185
8000,flagship,mlp.linear_fc1,52,0.128906,0.0219197
8000,flagship,mlp.linear_fc1,53,0.137695,0.0219162
8000,flagship,mlp.linear_fc1,54,0.134766,0.0219056
8000,flagship,mlp.linear_fc1,55,0.152344,0.0218918
8000,flagship,mlp.linear_fc1,56,0.136719,0.021873
8000,flagship,mlp.linear_fc1,57,0.126953,0.021833
8000,flagship,mlp.linear_fc1,58,0.132812,0.0217828
8000,flagship,mlp.linear_fc1,59,0.158203,0.0217167
8000,flagship,mlp.linear_fc1,60,0.165039,0.0216265
8000,flagship,mlp.linear_fc1,61,0.130859,0.0214815
8000,flagship,mlp.linear_fc1,62,0.126953,0.0212121
8000,flagship,mlp.linear_fc1,63,0.129883,0.0206927
34454,flagship,self_attention.linear_proj,0,1.09375,0.0235918
34454,flagship,self_attention.linear_proj,1,1.80469,0.03051
34454,flagship,self_attention.linear_proj,2,1.98438,0.0318821
34454,flagship,self_attention.linear_proj,3,2.1875,0.0315925
34454,flagship,self_attention.linear_proj,4,2.51562,0.0310326
34454,flagship,self_attention.linear_proj,5,2.03125,0.0314054
34454,flagship,self_attention.linear_proj,6,0.914062,0.0322465
34454,flagship,self_attention.linear_proj,7,1.10938,0.0332115
34454,flagship,self_attention.linear_proj,8,0.585938,0.0331501
34454,flagship,self_attention.linear_proj,9,2.17188,0.0324733
34454,flagship,self_attention.linear_proj,10,0.925781,0.0324116
34454,flagship,self_attention.linear_proj,11,1.5625,0.0322484
34454,flagship,self_attention.linear_proj,12,0.773438,0.0305596
34454,flagship,self_attention.linear_proj,13,0.738281,0.0312357
34454,flagship,self_attention.linear_proj,14,1.61719,0.0298769
34454,flagship,self_attention.linear_proj,15,0.652344,0.0301934
34454,flagship,self_attention.linear_proj,16,1.49219,0.0306666
34454,flagship,self_attention.linear_proj,17,0.902344,0.0321821
34454,flagship,self_attention.linear_proj,18,0.984375,0.0317222
34454,flagship,self_attention.linear_proj,19,0.625,0.0335075
34454,flagship,self_attention.linear_proj,20,0.675781,0.0315605
34454,flagship,self_attention.linear_proj,21,0.996094,0.030364
34454,flagship,self_attention.linear_proj,22,0.6875,0.034704
34454,flagship,self_attention.linear_proj,23,0.910156,0.0340254
34454,flagship,self_attention.linear_proj,24,0.423828,0.0336405
34454,flagship,self_attention.linear_proj,25,0.419922,0.0319252
34454,flagship,self_attention.linear_proj,26,0.5,0.0314478
34454,flagship,self_attention.linear_proj,27,0.416016,0.0359749
34454,flagship,self_attention.linear_proj,28,0.480469,0.0329673
34454,flagship,self_attention.linear_proj,29,0.519531,0.0332185
34454,flagship,self_attention.linear_proj,30,0.498047,0.0347725
34454,flagship,self_attention.linear_proj,31,0.484375,0.0293791
34454,flagship,self_attention.linear_proj,32,0.472656,0.0306759
34454,flagship,self_attention.linear_proj,33,0.431641,0.0303579
34454,flagship,self_attention.linear_proj,34,0.429688,0.0334011
34454,flagship,self_attention.linear_proj,35,0.507812,0.0311842
34454,flagship,self_attention.linear_proj,36,0.412109,0.0292099
34454,flagship,self_attention.linear_proj,37,0.5,0.0262789
34454,flagship,self_attention.linear_proj,38,0.492188,0.0283897
34454,flagship,self_attention.linear_proj,39,0.421875,0.0269328
34454,flagship,self_attention.linear_proj,40,0.439453,0.0280636
34454,flagship,self_attention.linear_proj,41,0.330078,0.0274406
34454,flagship,self_attention.linear_proj,42,0.310547,0.027066
34454,flagship,self_attention.linear_proj,43,0.382812,0.0273567
34454,flagship,self_attention.linear_proj,44,0.24707,0.0280419
34454,flagship,self_attention.linear_proj,45,0.289062,0.0290135
34454,flagship,self_attention.linear_proj,46,0.365234,0.0293345
34454,flagship,self_attention.linear_proj,47,0.341797,0.0276196
34454,flagship,self_attention.linear_proj,48,0.34375,0.0306372
34454,flagship,self_attention.linear_proj,49,0.388672,0.0292625
34454,flagship,self_attention.linear_proj,50,0.460938,0.0281047
34454,flagship,self_attention.linear_proj,51,0.333984,0.029977
34454,flagship,self_attention.linear_proj,52,0.455078,0.028955
34454,flagship,self_attention.linear_proj,53,0.324219,0.0309264
34454,flagship,self_attention.linear_proj,54,0.539062,0.029844
34454,flagship,self_attention.linear_proj,55,0.71875,0.030152
34454,flagship,self_attention.linear_proj,56,0.65625,0.0303755
34454,flagship,self_attention.linear_proj,57,0.458984,0.0291882
34454,flagship,self_attention.linear_proj,58,0.683594,0.0291029
34454,flagship,self_attention.linear_proj,59,0.472656,0.0277446
34454,flagship,self_attention.linear_proj,60,0.605469,0.0256389
34454,flagship,self_attention.linear_proj,61,0.511719,0.0243384
34454,flagship,self_attention.linear_proj,62,0.582031,0.0208365
34454,flagship,self_attention.linear_proj,63,0.570312,0.0162971
34454,flagship,mlp.linear_fc2,0,1.78125,0.0326054
34454,flagship,mlp.linear_fc2,1,2.23438,0.0338057
34454,flagship,mlp.linear_fc2,2,1.49219,0.03463
34454,flagship,mlp.linear_fc2,3,1.15625,0.034285
34454,flagship,mlp.linear_fc2,4,1.47656,0.0339413
34454,flagship,mlp.linear_fc2,5,2.23438,0.0337815
34454,flagship,mlp.linear_fc2,6,1.26562,0.0340305
34454,flagship,mlp.linear_fc2,7,1.72656,0.0344977
34454,flagship,mlp.linear_fc2,8,2.03125,0.0349299
34454,flagship,mlp.linear_fc2,9,2.10938,0.0349857
34454,flagship,mlp.linear_fc2,10,1.86719,0.0350729
34454,flagship,mlp.linear_fc2,11,1.82031,0.0351422
34454,flagship,mlp.linear_fc2,12,1.67969,0.0351312
34454,flagship,mlp.linear_fc2,13,1.49219,0.0350478
34454,flagship,mlp.linear_fc2,14,1.25781,0.03487
34454,flagship,mlp.linear_fc2,15,1.42969,0.0346018
34454,flagship,mlp.linear_fc2,16,1.19531,0.0342684
34454,flagship,mlp.linear_fc2,17,1.26562,0.0342625
34454,flagship,mlp.linear_fc2,18,1.07031,0.0342208
34454,flagship,mlp.linear_fc2,19,1.0625,0.0343323
34454,flagship,mlp.linear_fc2,20,0.964844,0.0343253
34454,flagship,mlp.linear_fc2,21,1.30469,0.0341922
34454,flagship,mlp.linear_fc2,22,1.07812,0.0342706
34454,flagship,mlp.linear_fc2,23,1.42188,0.0343299
34454,flagship,mlp.linear_fc2,24,1.13281,0.0345788
34454,flagship,mlp.linear_fc2,25,1.39844,0.0347193
34454,flagship,mlp.linear_fc2,26,1.28125,0.0347131
34454,flagship,mlp.linear_fc2,27,1.23438,0.0349231
34454,flagship,mlp.linear_fc2,28,1.45312,0.0350123
34454,flagship,mlp.linear_fc2,29,1.29688,0.0351093
34454,flagship,mlp.linear_fc2,30,1.32812,0.0351766
34454,flagship,mlp.linear_fc2,31,1.49219,0.0353134
34454,flagship,mlp.linear_fc2,32,1.28906,0.035474
34454,flagship,mlp.linear_fc2,33,1.28125,0.0355885
34454,flagship,mlp.linear_fc2,34,0.898438,0.0356976
34454,flagship,mlp.linear_fc2,35,1.14844,0.0358172
34454,flagship,mlp.linear_fc2,36,1.29688,0.0359215
34454,flagship,mlp.linear_fc2,37,1.02344,0.0360181
34454,flagship,mlp.linear_fc2,38,1.19531,0.0361048
34454,flagship,mlp.linear_fc2,39,0.726562,0.0361653
34454,flagship,mlp.linear_fc2,40,0.859375,0.0362142
34454,flagship,mlp.linear_fc2,41,0.617188,0.0362465
34454,flagship,mlp.linear_fc2,42,1.08594,0.0362886
34454,flagship,mlp.linear_fc2,43,1.25781,0.0363125
34454,flagship,mlp.linear_fc2,44,1.16406,0.0363392
34454,flagship,mlp.linear_fc2,45,0.613281,0.0363709
34454,flagship,mlp.linear_fc2,46,0.84375,0.0363978
34454,flagship,mlp.linear_fc2,47,1.17969,0.0364219
34454,flagship,mlp.linear_fc2,48,0.546875,0.0364638
34454,flagship,mlp.linear_fc2,49,0.519531,0.0364872
34454,flagship,mlp.linear_fc2,50,0.578125,0.0365027
34454,flagship,mlp.linear_fc2,51,0.640625,0.0365339
34454,flagship,mlp.linear_fc2,52,0.539062,0.0365512
34454,flagship,mlp.linear_fc2,53,0.601562,0.0365548
34454,flagship,mlp.linear_fc2,54,0.695312,0.0365302
34454,flagship,mlp.linear_fc2,55,0.816406,0.0365136
34454,flagship,mlp.linear_fc2,56,0.925781,0.0364297
34454,flagship,mlp.linear_fc2,57,0.765625,0.0361221
34454,flagship,mlp.linear_fc2,58,1.20312,0.0355625
34454,flagship,mlp.linear_fc2,59,1.20312,0.0347005
34454,flagship,mlp.linear_fc2,60,1.21094,0.0336077
34454,flagship,mlp.linear_fc2,61,1.45312,0.0315657
34454,flagship,mlp.linear_fc2,62,1.46875,0.0290347
34454,flagship,mlp.linear_fc2,63,1.22656,0.025223
34454,flagship,mlp.linear_fc1,0,0.433594,0.032657
34454,flagship,mlp.linear_fc1,1,0.632812,0.0370305
34454,flagship,mlp.linear_fc1,2,0.578125,0.0377319
34454,flagship,mlp.linear_fc1,3,0.632812,0.0369494
34454,flagship,mlp.linear_fc1,4,0.566406,0.0362136
34454,flagship,mlp.linear_fc1,5,0.539062,0.0355928
34454,flagship,mlp.linear_fc1,6,0.777344,0.0352374
34454,flagship,mlp.linear_fc1,7,0.369141,0.0355413
34454,flagship,mlp.linear_fc1,8,0.324219,0.0358847
34454,flagship,mlp.linear_fc1,9,0.449219,0.0360592
34454,flagship,mlp.linear_fc1,10,0.322266,0.0360977
34454,flagship,mlp.linear_fc1,11,0.347656,0.0361281
34454,flagship,mlp.linear_fc1,12,0.28125,0.036167
34454,flagship,mlp.linear_fc1,13,0.322266,0.0361731
34454,flagship,mlp.linear_fc1,14,0.322266,0.0361161
34454,flagship,mlp.linear_fc1,15,0.390625,0.035881
34454,flagship,mlp.linear_fc1,16,0.355469,0.0356
34454,flagship,mlp.linear_fc1,17,0.322266,0.0352406
34454,flagship,mlp.linear_fc1,18,0.433594,0.0352408
34454,flagship,mlp.linear_fc1,19,0.4375,0.0352071
34454,flagship,mlp.linear_fc1,20,0.34375,0.0351677
34454,flagship,mlp.linear_fc1,21,0.408203,0.0350333
34454,flagship,mlp.linear_fc1,22,0.341797,0.0350298
34454,flagship,mlp.linear_fc1,23,0.341797,0.0349127
34454,flagship,mlp.linear_fc1,24,0.503906,0.0350196
34454,flagship,mlp.linear_fc1,25,0.267578,0.0351452
34454,flagship,mlp.linear_fc1,26,0.322266,0.0351576
34454,flagship,mlp.linear_fc1,27,0.410156,0.0352972
34454,flagship,mlp.linear_fc1,28,0.333984,0.0353625
34454,flagship,mlp.linear_fc1,29,0.306641,0.0354389
34454,flagship,mlp.linear_fc1,30,0.292969,0.0354928
34454,flagship,mlp.linear_fc1,31,0.357422,0.0355921
34454,flagship,mlp.linear_fc1,32,0.333984,0.0357098
34454,flagship,mlp.linear_fc1,33,0.365234,0.0358297
34454,flagship,mlp.linear_fc1,34,0.326172,0.0359255
34454,flagship,mlp.linear_fc1,35,0.332031,0.036032
34454,flagship,mlp.linear_fc1,36,0.429688,0.036135
34454,flagship,mlp.linear_fc1,37,0.349609,0.0362181
34454,flagship,mlp.linear_fc1,38,0.335938,0.0362723
34454,flagship,mlp.linear_fc1,39,0.439453,0.0363375
34454,flagship,mlp.linear_fc1,40,0.40625,0.0363833
34454,flagship,mlp.linear_fc1,41,0.492188,0.0364161
34454,flagship,mlp.linear_fc1,42,0.339844,0.0364542
34454,flagship,mlp.linear_fc1,43,0.490234,0.0364804
34454,flagship,mlp.linear_fc1,44,0.353516,0.0365015
34454,flagship,mlp.linear_fc1,45,0.359375,0.0365209
34454,flagship,mlp.linear_fc1,46,0.466797,0.0365348
34454,flagship,mlp.linear_fc1,47,0.609375,0.0365496
34454,flagship,mlp.linear_fc1,48,0.425781,0.0365616
34454,flagship,mlp.linear_fc1,49,0.369141,0.0365639
34454,flagship,mlp.linear_fc1,50,0.494141,0.0365694
34454,flagship,mlp.linear_fc1,51,0.359375,0.0365834
34454,flagship,mlp.linear_fc1,52,0.425781,0.0365924
34454,flagship,mlp.linear_fc1,53,0.447266,0.036592
34454,flagship,mlp.linear_fc1,54,0.511719,0.0365844
34454,flagship,mlp.linear_fc1,55,0.546875,0.0365987
34454,flagship,mlp.linear_fc1,56,0.535156,0.0365622
34454,flagship,mlp.linear_fc1,57,0.566406,0.0364252
34454,flagship,mlp.linear_fc1,58,0.925781,0.036194
34454,flagship,mlp.linear_fc1,59,0.710938,0.0357753
34454,flagship,mlp.linear_fc1,60,0.558594,0.0351778
34454,flagship,mlp.linear_fc1,61,0.527344,0.0340884
34454,flagship,mlp.linear_fc1,62,0.320312,0.0325118
34454,flagship,mlp.linear_fc1,63,0.550781,0.0318219
34454,flagship,self_attention.linear_qkv,0,0.275391,0.0332167
34454,flagship,self_attention.linear_qkv,1,0.337891,0.0328722
34454,flagship,self_attention.linear_qkv,2,0.357422,0.0350616
34454,flagship,self_attention.linear_qkv,3,0.365234,0.035741
34454,flagship,self_attention.linear_qkv,4,0.380859,0.0347214
34454,flagship,self_attention.linear_qkv,5,0.375,0.0347514
34454,flagship,self_attention.linear_qkv,6,0.396484,0.0357675
34454,flagship,self_attention.linear_qkv,7,0.339844,0.0351198
34454,flagship,self_attention.linear_qkv,8,0.375,0.0347939
34454,flagship,self_attention.linear_qkv,9,0.355469,0.0333715
34454,flagship,self_attention.linear_qkv,10,0.351562,0.0331178
34454,flagship,self_attention.linear_qkv,11,0.349609,0.0331796
34454,flagship,self_attention.linear_qkv,12,0.351562,0.0326471
34454,flagship,self_attention.linear_qkv,13,0.353516,0.031823
34454,flagship,self_attention.linear_qkv,14,0.402344,0.0304504
34454,flagship,self_attention.linear_qkv,15,0.376953,0.0315738
34454,flagship,self_attention.linear_qkv,16,0.367188,0.0315658
34454,flagship,self_attention.linear_qkv,17,0.316406,0.0330604
34454,flagship,self_attention.linear_qkv,18,0.298828,0.032653
34454,flagship,self_attention.linear_qkv,19,0.371094,0.0341489
34454,flagship,self_attention.linear_qkv,20,0.304688,0.0318762
34454,flagship,self_attention.linear_qkv,21,0.277344,0.0314701
34454,flagship,self_attention.linear_qkv,22,0.314453,0.0349856
34454,flagship,self_attention.linear_qkv,23,0.384766,0.03363
34454,flagship,self_attention.linear_qkv,24,0.382812,0.0323866
34454,flagship,self_attention.linear_qkv,25,0.275391,0.0305384
34454,flagship,self_attention.linear_qkv,26,0.308594,0.0301641
34454,flagship,self_attention.linear_qkv,27,0.277344,0.0337243
34454,flagship,self_attention.linear_qkv,28,0.347656,0.0303888
34454,flagship,self_attention.linear_qkv,29,0.314453,0.0310387
34454,flagship,self_attention.linear_qkv,30,0.291016,0.03197
34454,flagship,self_attention.linear_qkv,31,0.275391,0.027747
34454,flagship,self_attention.linear_qkv,32,0.263672,0.0287515
34454,flagship,self_attention.linear_qkv,33,0.300781,0.0279721
34454,flagship,self_attention.linear_qkv,34,0.277344,0.0303357
34454,flagship,self_attention.linear_qkv,35,0.261719,0.0286016
34454,flagship,self_attention.linear_qkv,36,0.25,0.0263347
34454,flagship,self_attention.linear_qkv,37,0.212891,0.0234075
34454,flagship,self_attention.linear_qkv,38,0.259766,0.0260688
34454,flagship,self_attention.linear_qkv,39,0.196289,0.0239977
34454,flagship,self_attention.linear_qkv,40,0.257812,0.0244933
34454,flagship,self_attention.linear_qkv,41,0.195312,0.0240931
34454,flagship,self_attention.linear_qkv,42,0.182617,0.0232616
34454,flagship,self_attention.linear_qkv,43,0.195312,0.023679
34454,flagship,self_attention.linear_qkv,44,0.204102,0.0241686
34454,flagship,self_attention.linear_qkv,45,0.225586,0.0258203
34454,flagship,self_attention.linear_qkv,46,0.246094,0.0269607
34454,flagship,self_attention.linear_qkv,47,0.211914,0.0253234
34454,flagship,self_attention.linear_qkv,48,0.246094,0.0288362
34454,flagship,self_attention.linear_qkv,49,0.246094,0.028705
34454,flagship,self_attention.linear_qkv,50,0.228516,0.0266448
34454,flagship,self_attention.linear_qkv,51,0.236328,0.026953
34454,flagship,self_attention.linear_qkv,52,0.25,0.0269926
34454,flagship,self_attention.linear_qkv,53,0.275391,0.0290088
34454,flagship,self_attention.linear_qkv,54,0.236328,0.0279625
34454,flagship,self_attention.linear_qkv,55,0.316406,0.0293451
34454,flagship,self_attention.linear_qkv,56,0.302734,0.0287146
34454,flagship,self_attention.linear_qkv,57,0.243164,0.0291793
34454,flagship,self_attention.linear_qkv,58,0.249023,0.0288649
34454,flagship,self_attention.linear_qkv,59,0.269531,0.027936
34454,flagship,self_attention.linear_qkv,60,0.217773,0.0271589
34454,flagship,self_attention.linear_qkv,61,0.219727,0.0262856
34454,flagship,self_attention.linear_qkv,62,0.300781,0.0233237
34454,flagship,self_attention.linear_qkv,63,0.226562,0.0203679
60000,flagship,mlp.linear_fc2,0,2.375,0.0383551
60000,flagship,mlp.linear_fc2,1,3.57812,0.0380812
60000,flagship,mlp.linear_fc2,2,2.42188,0.0407627
60000,flagship,mlp.linear_fc2,3,1.65625,0.040439
60000,flagship,mlp.linear_fc2,4,2.28125,0.0401701
60000,flagship,mlp.linear_fc2,5,4.1875,0.0399156
60000,flagship,mlp.linear_fc2,6,1.97656,0.040408
60000,flagship,mlp.linear_fc2,7,2.54688,0.0409977
60000,flagship,mlp.linear_fc2,8,2.67188,0.0415024
60000,flagship,mlp.linear_fc2,9,3.23438,0.0415374
60000,flagship,mlp.linear_fc2,10,3.1875,0.0416187
60000,flagship,mlp.linear_fc2,11,2.67188,0.0416705
60000,flagship,mlp.linear_fc2,12,2.32812,0.0416088
60000,flagship,mlp.linear_fc2,13,2.40625,0.0414635
60000,flagship,mlp.linear_fc2,14,1.58594,0.0412276
60000,flagship,mlp.linear_fc2,15,2.0625,0.0408846
60000,flagship,mlp.linear_fc2,16,1.78906,0.0405578
60000,flagship,mlp.linear_fc2,17,2.0625,0.0406313
60000,flagship,mlp.linear_fc2,18,1.46875,0.0406123
60000,flagship,mlp.linear_fc2,19,1.67969,0.040705
60000,flagship,mlp.linear_fc2,20,1.625,0.0407296
60000,flagship,mlp.linear_fc2,21,1.99219,0.0406441
60000,flagship,mlp.linear_fc2,22,1.36719,0.0407026
60000,flagship,mlp.linear_fc2,23,2.15625,0.0408052
60000,flagship,mlp.linear_fc2,24,1.20312,0.041159
60000,flagship,mlp.linear_fc2,25,1.78906,0.0413322
60000,flagship,mlp.linear_fc2,26,1.70312,0.0413123
60000,flagship,mlp.linear_fc2,27,1.67969,0.0415091
60000,flagship,mlp.linear_fc2,28,1.92969,0.0415416
60000,flagship,mlp.linear_fc2,29,1.53125,0.0415732
60000,flagship,mlp.linear_fc2,30,1.79688,0.0415917
60000,flagship,mlp.linear_fc2,31,2.1875,0.0416798
60000,flagship,mlp.linear_fc2,32,1.64062,0.0418307
60000,flagship,mlp.linear_fc2,33,1.85156,0.0419071
60000,flagship,mlp.linear_fc2,34,1.28125,0.041986
60000,flagship,mlp.linear_fc2,35,1.79688,0.0420652
60000,flagship,mlp.linear_fc2,36,2.14062,0.0421279
60000,flagship,mlp.linear_fc2,37,1.63281,0.0422053
60000,flagship,mlp.linear_fc2,38,2.34375,0.042265
60000,flagship,mlp.linear_fc2,39,1.15625,0.0422956
60000,flagship,mlp.linear_fc2,40,1.49219,0.0423166
60000,flagship,mlp.linear_fc2,41,0.832031,0.0423256
60000,flagship,mlp.linear_fc2,42,2.01562,0.042339
60000,flagship,mlp.linear_fc2,43,1.78906,0.0423523
60000,flagship,mlp.linear_fc2,44,1.92969,0.042367
60000,flagship,mlp.linear_fc2,45,1.17188,0.0423954
60000,flagship,mlp.linear_fc2,46,1.22656,0.042432
60000,flagship,mlp.linear_fc2,47,1.82031,0.042467
60000,flagship,mlp.linear_fc2,48,0.914062,0.042549
60000,flagship,mlp.linear_fc2,49,0.898438,0.0426093
60000,flagship,mlp.linear_fc2,50,0.898438,0.0426998
60000,flagship,mlp.linear_fc2,51,1.17188,0.042809
60000,flagship,mlp.linear_fc2,52,1.10156,0.0429319
60000,flagship,mlp.linear_fc2,53,1.33594,0.0430618
60000,flagship,mlp.linear_fc2,54,1.36719,0.0431994
60000,flagship,mlp.linear_fc2,55,1.10156,0.0433874
60000,flagship,mlp.linear_fc2,56,1.25781,0.0434987
60000,flagship,mlp.linear_fc2,57,1.26562,0.0433529
60000,flagship,mlp.linear_fc2,58,1.92188,0.0428896
60000,flagship,mlp.linear_fc2,59,1.45312,0.0421512
60000,flagship,mlp.linear_fc2,60,1.32031,0.041112
60000,flagship,mlp.linear_fc2,61,2.46875,0.0387175
60000,flagship,mlp.linear_fc2,62,2.09375,0.0350412
60000,flagship,mlp.linear_fc2,63,1.625,0.0258291
60000,flagship,mlp.linear_fc1,0,0.777344,0.0356198
60000,flagship,mlp.linear_fc1,1,0.980469,0.0418241
60000,flagship,mlp.linear_fc1,2,1,0.0429381
60000,flagship,mlp.linear_fc1,3,1.17188,0.0423064
60000,flagship,mlp.linear_fc1,4,1.09375,0.0416242
60000,flagship,mlp.linear_fc1,5,0.945312,0.0409717
60000,flagship,mlp.linear_fc1,6,1.04688,0.0405343
60000,flagship,mlp.linear_fc1,7,0.695312,0.0409143
60000,flagship,mlp.linear_fc1,8,0.644531,0.0412236
60000,flagship,mlp.linear_fc1,9,0.792969,0.0414457
60000,flagship,mlp.linear_fc1,10,0.546875,0.0414796
60000,flagship,mlp.linear_fc1,11,0.636719,0.0414802
60000,flagship,mlp.linear_fc1,12,0.53125,0.0414771
60000,flagship,mlp.linear_fc1,13,0.640625,0.0414964
60000,flagship,mlp.linear_fc1,14,0.523438,0.0414163
60000,flagship,mlp.linear_fc1,15,0.59375,0.0410873
60000,flagship,mlp.linear_fc1,16,0.574219,0.0407012
60000,flagship,mlp.linear_fc1,17,0.447266,0.0403112
60000,flagship,mlp.linear_fc1,18,0.652344,0.0403082
60000,flagship,mlp.linear_fc1,19,0.714844,0.040252
60000,flagship,mlp.linear_fc1,20,0.605469,0.040183
60000,flagship,mlp.linear_fc1,21,0.597656,0.040036
60000,flagship,mlp.linear_fc1,22,0.492188,0.0400227
60000,flagship,mlp.linear_fc1,23,0.519531,0.0398778
60000,flagship,mlp.linear_fc1,24,0.882812,0.0400329
60000,flagship,mlp.linear_fc1,25,0.447266,0.0402064
60000,flagship,mlp.linear_fc1,26,0.527344,0.040224
60000,flagship,mlp.linear_fc1,27,0.582031,0.0403619
60000,flagship,mlp.linear_fc1,28,0.503906,0.0403936
60000,flagship,mlp.linear_fc1,29,0.558594,0.0404255
60000,flagship,mlp.linear_fc1,30,0.515625,0.0404218
60000,flagship,mlp.linear_fc1,31,0.421875,0.0404686
60000,flagship,mlp.linear_fc1,32,0.546875,0.0405624
60000,flagship,mlp.linear_fc1,33,0.474609,0.0406559
60000,flagship,mlp.linear_fc1,34,0.402344,0.0407201
60000,flagship,mlp.linear_fc1,35,0.431641,0.040802
60000,flagship,mlp.linear_fc1,36,0.558594,0.0408835
60000,flagship,mlp.linear_fc1,37,0.535156,0.0409527
60000,flagship,mlp.linear_fc1,38,0.457031,0.0409786
60000,flagship,mlp.linear_fc1,39,0.554688,0.0410271
60000,flagship,mlp.linear_fc1,40,0.558594,0.041053
60000,flagship,mlp.linear_fc1,41,0.652344,0.0410667
60000,flagship,mlp.linear_fc1,42,0.498047,0.0410777
60000,flagship,mlp.linear_fc1,43,0.617188,0.0410873
60000,flagship,mlp.linear_fc1,44,0.542969,0.0410888
60000,flagship,mlp.linear_fc1,45,0.539062,0.0410865
60000,flagship,mlp.linear_fc1,46,0.609375,0.0410869
60000,flagship,mlp.linear_fc1,47,0.738281,0.0410835
60000,flagship,mlp.linear_fc1,48,0.804688,0.0410906
60000,flagship,mlp.linear_fc1,49,0.535156,0.0410892
60000,flagship,mlp.linear_fc1,50,0.738281,0.0411164
60000,flagship,mlp.linear_fc1,51,0.455078,0.0411529
60000,flagship,mlp.linear_fc1,52,0.769531,0.041211
60000,flagship,mlp.linear_fc1,53,0.6875,0.0412859
60000,flagship,mlp.linear_fc1,54,0.835938,0.0413827
60000,flagship,mlp.linear_fc1,55,0.621094,0.0415261
60000,flagship,mlp.linear_fc1,56,0.800781,0.0416281
60000,flagship,mlp.linear_fc1,57,0.652344,0.0416013
60000,flagship,mlp.linear_fc1,58,0.75,0.0414194
60000,flagship,mlp.linear_fc1,59,0.640625,0.0409917
60000,flagship,mlp.linear_fc1,60,0.625,0.0402922
60000,flagship,mlp.linear_fc1,61,0.535156,0.0389096
60000,flagship,mlp.linear_fc1,62,0.472656,0.0365897
60000,flagship,mlp.linear_fc1,63,0.9375,0.0365961
60000,flagship,self_attention.linear_qkv,0,0.349609,0.0363254
60000,flagship,self_attention.linear_qkv,1,0.527344,0.0367995
60000,flagship,self_attention.linear_qkv,2,0.691406,0.0396928
60000,flagship,self_attention.linear_qkv,3,0.738281,0.0407696
60000,flagship,self_attention.linear_qkv,4,0.570312,0.0397922
60000,flagship,self_attention.linear_qkv,5,0.761719,0.0399252
60000,flagship,self_attention.linear_qkv,6,0.482422,0.0411677
60000,flagship,self_attention.linear_qkv,7,0.498047,0.0404226
60000,flagship,self_attention.linear_qkv,8,0.558594,0.0402265
60000,flagship,self_attention.linear_qkv,9,0.550781,0.0390188
60000,flagship,self_attention.linear_qkv,10,0.441406,0.0385515
60000,flagship,self_attention.linear_qkv,11,0.494141,0.0387478
60000,flagship,self_attention.linear_qkv,12,0.519531,0.0379497
60000,flagship,self_attention.linear_qkv,13,0.490234,0.0374389
60000,flagship,self_attention.linear_qkv,14,0.558594,0.0362359
60000,flagship,self_attention.linear_qkv,15,0.474609,0.0371934
60000,flagship,self_attention.linear_qkv,16,0.492188,0.0374861
60000,flagship,self_attention.linear_qkv,17,0.433594,0.0384519
60000,flagship,self_attention.linear_qkv,18,0.384766,0.0385721
60000,flagship,self_attention.linear_qkv,19,0.542969,0.0396164
60000,flagship,self_attention.linear_qkv,20,0.386719,0.0378892
60000,flagship,self_attention.linear_qkv,21,0.392578,0.0371706
60000,flagship,self_attention.linear_qkv,22,0.490234,0.0404883
60000,flagship,self_attention.linear_qkv,23,0.519531,0.0389502
60000,flagship,self_attention.linear_qkv,24,0.503906,0.0377444
60000,flagship,self_attention.linear_qkv,25,0.417969,0.0358789
60000,flagship,self_attention.linear_qkv,26,0.445312,0.0353966
60000,flagship,self_attention.linear_qkv,27,0.423828,0.038787
60000,flagship,self_attention.linear_qkv,28,0.546875,0.0349097
60000,flagship,self_attention.linear_qkv,29,0.527344,0.0357104
60000,flagship,self_attention.linear_qkv,30,0.425781,0.0366016
60000,flagship,self_attention.linear_qkv,31,0.46875,0.032551
60000,flagship,self_attention.linear_qkv,32,0.46875,0.0338593
60000,flagship,self_attention.linear_qkv,33,0.478516,0.0325769
60000,flagship,self_attention.linear_qkv,34,0.390625,0.0352746
60000,flagship,self_attention.linear_qkv,35,0.431641,0.0336012
60000,flagship,self_attention.linear_qkv,36,0.365234,0.0307703
60000,flagship,self_attention.linear_qkv,37,0.275391,0.0272268
60000,flagship,self_attention.linear_qkv,38,0.322266,0.0308603
60000,flagship,self_attention.linear_qkv,39,0.308594,0.0282654
60000,flagship,self_attention.linear_qkv,40,0.320312,0.0284473
60000,flagship,self_attention.linear_qkv,41,0.277344,0.0279838
60000,flagship,self_attention.linear_qkv,42,0.25,0.0267485
60000,flagship,self_attention.linear_qkv,43,0.243164,0.0273591
60000,flagship,self_attention.linear_qkv,44,0.261719,0.027751
60000,flagship,self_attention.linear_qkv,45,0.285156,0.0295719
60000,flagship,self_attention.linear_qkv,46,0.3125,0.0311935
60000,flagship,self_attention.linear_qkv,47,0.298828,0.0289134
60000,flagship,self_attention.linear_qkv,48,0.410156,0.0332546
60000,flagship,self_attention.linear_qkv,49,0.332031,0.0329209
60000,flagship,self_attention.linear_qkv,50,0.427734,0.0309733
60000,flagship,self_attention.linear_qkv,51,0.316406,0.0317268
60000,flagship,self_attention.linear_qkv,52,0.367188,0.031894
60000,flagship,self_attention.linear_qkv,53,0.34375,0.0333577
60000,flagship,self_attention.linear_qkv,54,0.291016,0.0323667
60000,flagship,self_attention.linear_qkv,55,0.324219,0.0335739
60000,flagship,self_attention.linear_qkv,56,0.492188,0.0330852
60000,flagship,self_attention.linear_qkv,57,0.316406,0.0329763
60000,flagship,self_attention.linear_qkv,58,0.275391,0.0326159
60000,flagship,self_attention.linear_qkv,59,0.306641,0.031388
60000,flagship,self_attention.linear_qkv,60,0.371094,0.0304964
60000,flagship,self_attention.linear_qkv,61,0.283203,0.0286172
60000,flagship,self_attention.linear_qkv,62,0.474609,0.0247804
60000,flagship,self_attention.linear_qkv,63,0.233398,0.0209876
60000,flagship,self_attention.linear_proj,0,1.95312,0.031414
60000,flagship,self_attention.linear_proj,1,2.89062,0.0374481
60000,flagship,self_attention.linear_proj,2,3.07812,0.0386418
60000,flagship,self_attention.linear_proj,3,3.39062,0.0383496
60000,flagship,self_attention.linear_proj,4,3.57812,0.037656
60000,flagship,self_attention.linear_proj,5,3,0.0378771
60000,flagship,self_attention.linear_proj,6,1.65625,0.0386521
60000,flagship,self_attention.linear_proj,7,2.23438,0.03937
60000,flagship,self_attention.linear_proj,8,1.51562,0.0397705
60000,flagship,self_attention.linear_proj,9,3.875,0.0392034
60000,flagship,self_attention.linear_proj,10,1.82812,0.0389344
60000,flagship,self_attention.linear_proj,11,2.73438,0.0388211
60000,flagship,self_attention.linear_proj,12,1.39844,0.0369664
60000,flagship,self_attention.linear_proj,13,1.47656,0.0379353
60000,flagship,self_attention.linear_proj,14,2.28125,0.0366845
60000,flagship,self_attention.linear_proj,15,1.32812,0.0365158
60000,flagship,self_attention.linear_proj,16,2.0625,0.0373885
60000,flagship,self_attention.linear_proj,17,1.9375,0.0384435
60000,flagship,self_attention.linear_proj,18,1.97656,0.0382134
60000,flagship,self_attention.linear_proj,19,1.03906,0.0397331
60000,flagship,self_attention.linear_proj,20,1.36719,0.0383578
60000,flagship,self_attention.linear_proj,21,1.54688,0.0371361
60000,flagship,self_attention.linear_proj,22,1.26562,0.0405378
60000,flagship,self_attention.linear_proj,23,1.47656,0.0401417
60000,flagship,self_attention.linear_proj,24,0.59375,0.0400026
60000,flagship,self_attention.linear_proj,25,0.65625,0.0388112
60000,flagship,self_attention.linear_proj,26,0.761719,0.037949
60000,flagship,self_attention.linear_proj,27,0.507812,0.0422741
60000,flagship,self_attention.linear_proj,28,0.574219,0.0391271
60000,flagship,self_attention.linear_proj,29,0.644531,0.0393082
60000,flagship,self_attention.linear_proj,30,0.640625,0.0410476
60000,flagship,self_attention.linear_proj,31,0.644531,0.0360667
60000,flagship,self_attention.linear_proj,32,0.535156,0.0376645
60000,flagship,self_attention.linear_proj,33,0.574219,0.0368933
60000,flagship,self_attention.linear_proj,34,0.523438,0.0403517
60000,flagship,self_attention.linear_proj,35,0.75,0.0381329
60000,flagship,self_attention.linear_proj,36,0.542969,0.0358907
60000,flagship,self_attention.linear_proj,37,0.777344,0.0327392
60000,flagship,self_attention.linear_proj,38,0.753906,0.0351848
60000,flagship,self_attention.linear_proj,39,0.914062,0.0337363
60000,flagship,self_attention.linear_proj,40,0.664062,0.0347702
60000,flagship,self_attention.linear_proj,41,0.416016,0.0341963
60000,flagship,self_attention.linear_proj,42,0.447266,0.0336737
60000,flagship,self_attention.linear_proj,43,0.605469,0.0339508
60000,flagship,self_attention.linear_proj,44,0.373047,0.0347419
60000,flagship,self_attention.linear_proj,45,0.457031,0.0353233
60000,flagship,self_attention.linear_proj,46,0.384766,0.0357959
60000,flagship,self_attention.linear_proj,47,0.597656,0.0335976
60000,flagship,self_attention.linear_proj,48,0.464844,0.0368015
60000,flagship,self_attention.linear_proj,49,0.5625,0.035046
60000,flagship,self_attention.linear_proj,50,0.910156,0.0346162
60000,flagship,self_attention.linear_proj,51,0.357422,0.0369554
60000,flagship,self_attention.linear_proj,52,0.902344,0.0359211
60000,flagship,self_attention.linear_proj,53,0.494141,0.0374472
60000,flagship,self_attention.linear_proj,54,0.871094,0.0363824
60000,flagship,self_attention.linear_proj,55,0.851562,0.0365973
60000,flagship,self_attention.linear_proj,56,0.980469,0.0370689
60000,flagship,self_attention.linear_proj,57,0.753906,0.0350027
60000,flagship,self_attention.linear_proj,58,0.625,0.0351519
60000,flagship,self_attention.linear_proj,59,0.527344,0.0334385
60000,flagship,self_attention.linear_proj,60,0.574219,0.0306148
60000,flagship,self_attention.linear_proj,61,0.5,0.0280315
60000,flagship,self_attention.linear_proj,62,0.660156,0.0234464
60000,flagship,self_attention.linear_proj,63,0.617188,0.0183873
64000,flagship,mlp.linear_fc1,0,0.816406,0.0359264
64000,flagship,mlp.linear_fc1,1,1.01562,0.0423137
64000,flagship,mlp.linear_fc1,2,1.04688,0.0434212
64000,flagship,mlp.linear_fc1,3,1.21875,0.0428222
64000,flagship,mlp.linear_fc1,4,1.13281,0.0421612
64000,flagship,mlp.linear_fc1,5,0.980469,0.0415069
64000,flagship,mlp.linear_fc1,6,1.07031,0.0410705
64000,flagship,mlp.linear_fc1,7,0.773438,0.041447
64000,flagship,mlp.linear_fc1,8,0.679688,0.0417491
64000,flagship,mlp.linear_fc1,9,0.832031,0.0419742
64000,flagship,mlp.linear_fc1,10,0.574219,0.0420085
64000,flagship,mlp.linear_fc1,11,0.660156,0.0420071
64000,flagship,mlp.linear_fc1,12,0.589844,0.0419996
64000,flagship,mlp.linear_fc1,13,0.660156,0.0420221
64000,flagship,mlp.linear_fc1,14,0.542969,0.04194
64000,flagship,mlp.linear_fc1,15,0.660156,0.0416056
64000,flagship,mlp.linear_fc1,16,0.589844,0.0412092
64000,flagship,mlp.linear_fc1,17,0.482422,0.040819
64000,flagship,mlp.linear_fc1,18,0.671875,0.0408171
64000,flagship,mlp.linear_fc1,19,0.765625,0.040761
64000,flagship,mlp.linear_fc1,20,0.640625,0.0406913
64000,flagship,mlp.linear_fc1,21,0.644531,0.0405438
64000,flagship,mlp.linear_fc1,22,0.523438,0.0405288
64000,flagship,mlp.linear_fc1,23,0.519531,0.0403828
64000,flagship,mlp.linear_fc1,24,0.960938,0.0405413
64000,flagship,mlp.linear_fc1,25,0.464844,0.0407166
64000,flagship,mlp.linear_fc1,26,0.542969,0.0407354
64000,flagship,mlp.linear_fc1,27,0.585938,0.0408727
64000,flagship,mlp.linear_fc1,28,0.550781,0.0408967
64000,flagship,mlp.linear_fc1,29,0.582031,0.0409207
64000,flagship,mlp.linear_fc1,30,0.542969,0.0409031
64000,flagship,mlp.linear_fc1,31,0.431641,0.0409417
64000,flagship,mlp.linear_fc1,32,0.597656,0.0410266
64000,flagship,mlp.linear_fc1,33,0.511719,0.041115
64000,flagship,mlp.linear_fc1,34,0.400391,0.041176
64000,flagship,mlp.linear_fc1,35,0.460938,0.0412492
64000,flagship,mlp.linear_fc1,36,0.578125,0.0413289
64000,flagship,mlp.linear_fc1,37,0.558594,0.0413937
64000,flagship,mlp.linear_fc1,38,0.478516,0.0414138
64000,flagship,mlp.linear_fc1,39,0.554688,0.0414603
64000,flagship,mlp.linear_fc1,40,0.554688,0.0414825
64000,flagship,mlp.linear_fc1,41,0.667969,0.041491
64000,flagship,mlp.linear_fc1,42,0.523438,0.0414982
64000,flagship,mlp.linear_fc1,43,0.65625,0.041504
64000,flagship,mlp.linear_fc1,44,0.566406,0.0415034
64000,flagship,mlp.linear_fc1,45,0.554688,0.0414952
64000,flagship,mlp.linear_fc1,46,0.621094,0.0414914
64000,flagship,mlp.linear_fc1,47,0.742188,0.0414847
64000,flagship,mlp.linear_fc1,48,0.828125,0.0414897
64000,flagship,mlp.linear_fc1,49,0.546875,0.0414854
64000,flagship,mlp.linear_fc1,50,0.761719,0.0415132
64000,flagship,mlp.linear_fc1,51,0.46875,0.0415524
64000,flagship,mlp.linear_fc1,52,0.808594,0.0416192
64000,flagship,mlp.linear_fc1,53,0.722656,0.0417033
64000,flagship,mlp.linear_fc1,54,0.902344,0.041816
64000,flagship,mlp.linear_fc1,55,0.605469,0.0419777
64000,flagship,mlp.linear_fc1,56,0.835938,0.0420979
64000,flagship,mlp.linear_fc1,57,0.683594,0.0420788
64000,flagship,mlp.linear_fc1,58,0.773438,0.0419
64000,flagship,mlp.linear_fc1,59,0.691406,0.0414659
64000,flagship,mlp.linear_fc1,60,0.652344,0.0407524
64000,flagship,mlp.linear_fc1,61,0.601562,0.0393319
64000,flagship,mlp.linear_fc1,62,0.46875,0.0369649
64000,flagship,mlp.linear_fc1,63,0.933594,0.0363948
64000,flagship,self_attention.linear_qkv,0,0.357422,0.0366734
64000,flagship,self_attention.linear_qkv,1,0.546875,0.0372996
64000,flagship,self_attention.linear_qkv,2,0.734375,0.0402026
64000,flagship,self_attention.linear_qkv,3,0.769531,0.0412996
64000,flagship,self_attention.linear_qkv,4,0.597656,0.0403393
64000,flagship,self_attention.linear_qkv,5,0.785156,0.0404862
64000,flagship,self_attention.linear_qkv,6,0.503906,0.0417279
64000,flagship,self_attention.linear_qkv,7,0.519531,0.0409752
64000,flagship,self_attention.linear_qkv,8,0.59375,0.0407863
64000,flagship,self_attention.linear_qkv,9,0.585938,0.0396159
64000,flagship,self_attention.linear_qkv,10,0.457031,0.0391354
64000,flagship,self_attention.linear_qkv,11,0.496094,0.0393241
64000,flagship,self_attention.linear_qkv,12,0.542969,0.0385116
64000,flagship,self_attention.linear_qkv,13,0.511719,0.0380481
64000,flagship,self_attention.linear_qkv,14,0.574219,0.0368797
64000,flagship,self_attention.linear_qkv,15,0.490234,0.037816
64000,flagship,self_attention.linear_qkv,16,0.527344,0.0381267
64000,flagship,self_attention.linear_qkv,17,0.443359,0.0390364
64000,flagship,self_attention.linear_qkv,18,0.392578,0.0391962
64000,flagship,self_attention.linear_qkv,19,0.550781,0.0401761
64000,flagship,self_attention.linear_qkv,20,0.388672,0.0385443
64000,flagship,self_attention.linear_qkv,21,0.408203,0.0378108
64000,flagship,self_attention.linear_qkv,22,0.503906,0.0410373
64000,flagship,self_attention.linear_qkv,23,0.535156,0.0395065
64000,flagship,self_attention.linear_qkv,24,0.519531,0.0383318
64000,flagship,self_attention.linear_qkv,25,0.458984,0.0364926
64000,flagship,self_attention.linear_qkv,26,0.455078,0.0360267
64000,flagship,self_attention.linear_qkv,27,0.433594,0.0393122
64000,flagship,self_attention.linear_qkv,28,0.558594,0.0354092
64000,flagship,self_attention.linear_qkv,29,0.535156,0.0362253
64000,flagship,self_attention.linear_qkv,30,0.431641,0.037068
64000,flagship,self_attention.linear_qkv,31,0.5,0.0331383
64000,flagship,self_attention.linear_qkv,32,0.490234,0.0344572
64000,flagship,self_attention.linear_qkv,33,0.519531,0.0331155
64000,flagship,self_attention.linear_qkv,34,0.416016,0.0358007
64000,flagship,self_attention.linear_qkv,35,0.449219,0.034173
64000,flagship,self_attention.linear_qkv,36,0.398438,0.0313386
64000,flagship,self_attention.linear_qkv,37,0.294922,0.0278042
64000,flagship,self_attention.linear_qkv,38,0.335938,0.0314958
64000,flagship,self_attention.linear_qkv,39,0.318359,0.0288753
64000,flagship,self_attention.linear_qkv,40,0.316406,0.0289895
64000,flagship,self_attention.linear_qkv,41,0.294922,0.0285271
64000,flagship,self_attention.linear_qkv,42,0.261719,0.0272616
64000,flagship,self_attention.linear_qkv,43,0.24707,0.0278987
64000,flagship,self_attention.linear_qkv,44,0.271484,0.0282509
64000,flagship,self_attention.linear_qkv,45,0.298828,0.0300727
64000,flagship,self_attention.linear_qkv,46,0.322266,0.0317238
64000,flagship,self_attention.linear_qkv,47,0.310547,0.0294076
64000,flagship,self_attention.linear_qkv,48,0.431641,0.0337815
64000,flagship,self_attention.linear_qkv,49,0.339844,0.0334119
64000,flagship,self_attention.linear_qkv,50,0.451172,0.0315575
64000,flagship,self_attention.linear_qkv,51,0.333984,0.0323201
64000,flagship,self_attention.linear_qkv,52,0.375,0.0325086
64000,flagship,self_attention.linear_qkv,53,0.332031,0.0338633
64000,flagship,self_attention.linear_qkv,54,0.302734,0.032892
64000,flagship,self_attention.linear_qkv,55,0.324219,0.0340631
64000,flagship,self_attention.linear_qkv,56,0.535156,0.0335982
64000,flagship,self_attention.linear_qkv,57,0.330078,0.0333714
64000,flagship,self_attention.linear_qkv,58,0.273438,0.0329739
64000,flagship,self_attention.linear_qkv,59,0.298828,0.031706
64000,flagship,self_attention.linear_qkv,60,0.369141,0.0307092
64000,flagship,self_attention.linear_qkv,61,0.287109,0.0286241
64000,flagship,self_attention.linear_qkv,62,0.472656,0.0248084
64000,flagship,self_attention.linear_qkv,63,0.240234,0.0209962
64000,flagship,self_attention.linear_proj,0,2.0625,0.0324825
64000,flagship,self_attention.linear_proj,1,2.96875,0.0382378
64000,flagship,self_attention.linear_proj,2,3.14062,0.0393706
64000,flagship,self_attention.linear_proj,3,3.5,0.0391047
64000,flagship,self_attention.linear_proj,4,3.67188,0.038397
64000,flagship,self_attention.linear_proj,5,3.10938,0.0385916
64000,flagship,self_attention.linear_proj,6,1.75,0.0393398
64000,flagship,self_attention.linear_proj,7,2.39062,0.0400145
64000,flagship,self_attention.linear_proj,8,1.66406,0.0404495
64000,flagship,self_attention.linear_proj,9,4.03125,0.0398888
64000,flagship,self_attention.linear_proj,10,1.92969,0.039597
64000,flagship,self_attention.linear_proj,11,2.84375,0.039489
64000,flagship,self_attention.linear_proj,12,1.55469,0.037646
64000,flagship,self_attention.linear_proj,13,1.58594,0.0386162
64000,flagship,self_attention.linear_proj,14,2.34375,0.0373979
64000,flagship,self_attention.linear_proj,15,1.44531,0.0371864
64000,flagship,self_attention.linear_proj,16,2.125,0.0380674
64000,flagship,self_attention.linear_proj,17,2.0625,0.039075
64000,flagship,self_attention.linear_proj,18,2.07812,0.0388602
64000,flagship,self_attention.linear_proj,19,1.09375,0.0403229
64000,flagship,self_attention.linear_proj,20,1.46094,0.0390319
64000,flagship,self_attention.linear_proj,21,1.60938,0.0378119
64000,flagship,self_attention.linear_proj,22,1.35156,0.0410669
64000,flagship,self_attention.linear_proj,23,1.54688,0.0407194
64000,flagship,self_attention.linear_proj,24,0.640625,0.0405872
64000,flagship,self_attention.linear_proj,25,0.695312,0.0395
64000,flagship,self_attention.linear_proj,26,0.824219,0.0386203
64000,flagship,self_attention.linear_proj,27,0.535156,0.0428371
64000,flagship,self_attention.linear_proj,28,0.585938,0.0396974
64000,flagship,self_attention.linear_proj,29,0.6875,0.0398802
64000,flagship,self_attention.linear_proj,30,0.644531,0.0415854
64000,flagship,self_attention.linear_proj,31,0.660156,0.0367539
64000,flagship,self_attention.linear_proj,32,0.550781,0.0383507
64000,flagship,self_attention.linear_proj,33,0.589844,0.0375357
64000,flagship,self_attention.linear_proj,34,0.539062,0.0410055
64000,flagship,self_attention.linear_proj,35,0.773438,0.0387992
64000,flagship,self_attention.linear_proj,36,0.546875,0.0365598
64000,flagship,self_attention.linear_proj,37,0.851562,0.0334485
64000,flagship,self_attention.linear_proj,38,0.777344,0.0358782
64000,flagship,self_attention.linear_proj,39,0.980469,0.0344498
64000,flagship,self_attention.linear_proj,40,0.675781,0.0354511
64000,flagship,self_attention.linear_proj,41,0.429688,0.0348829
64000,flagship,self_attention.linear_proj,42,0.474609,0.0343564
64000,flagship,self_attention.linear_proj,43,0.640625,0.0346205
64000,flagship,self_attention.linear_proj,44,0.388672,0.0354246
64000,flagship,self_attention.linear_proj,45,0.486328,0.0359497
64000,flagship,self_attention.linear_proj,46,0.369141,0.0364304
64000,flagship,self_attention.linear_proj,47,0.644531,0.0341977
64000,flagship,self_attention.linear_proj,48,0.507812,0.0373977
64000,flagship,self_attention.linear_proj,49,0.621094,0.0356091
64000,flagship,self_attention.linear_proj,50,0.953125,0.0352853
64000,flagship,self_attention.linear_proj,51,0.369141,0.0376643
64000,flagship,self_attention.linear_proj,52,0.949219,0.0366243
64000,flagship,self_attention.linear_proj,53,0.507812,0.0380868
64000,flagship,self_attention.linear_proj,54,0.902344,0.0370217
64000,flagship,self_attention.linear_proj,55,0.832031,0.0372211
64000,flagship,self_attention.linear_proj,56,0.984375,0.0376951
64000,flagship,self_attention.linear_proj,57,0.777344,0.0355607
64000,flagship,self_attention.linear_proj,58,0.617188,0.0357408
64000,flagship,self_attention.linear_proj,59,0.503906,0.0340108
64000,flagship,self_attention.linear_proj,60,0.566406,0.0311028
64000,flagship,self_attention.linear_proj,61,0.566406,0.0283003
64000,flagship,self_attention.linear_proj,62,0.667969,0.0236462
64000,flagship,self_attention.linear_proj,63,0.644531,0.0185614
64000,flagship,mlp.linear_fc2,0,2.42188,0.0389614
64000,flagship,mlp.linear_fc2,1,3.79688,0.038037
64000,flagship,mlp.linear_fc2,2,2.5625,0.0413883
64000,flagship,mlp.linear_fc2,3,1.75781,0.0410625
64000,flagship,mlp.linear_fc2,4,2.42188,0.0407954
64000,flagship,mlp.linear_fc2,5,4.5,0.0405631
64000,flagship,mlp.linear_fc2,6,2.0625,0.0410336
64000,flagship,mlp.linear_fc2,7,2.64062,0.041629
64000,flagship,mlp.linear_fc2,8,2.71875,0.0421381
64000,flagship,mlp.linear_fc2,9,3.35938,0.0421659
64000,flagship,mlp.linear_fc2,10,3.35938,0.0422443
64000,flagship,mlp.linear_fc2,11,2.75,0.0422924
64000,flagship,mlp.linear_fc2,12,2.40625,0.0422246
64000,flagship,mlp.linear_fc2,13,2.5625,0.0420738
64000,flagship,mlp.linear_fc2,14,1.66406,0.0418332
64000,flagship,mlp.linear_fc2,15,2.15625,0.0414863
64000,flagship,mlp.linear_fc2,16,1.875,0.0411638
64000,flagship,mlp.linear_fc2,17,2.15625,0.0412449
64000,flagship,mlp.linear_fc2,18,1.50781,0.0412297
64000,flagship,mlp.linear_fc2,19,1.75,0.0413189
64000,flagship,mlp.linear_fc2,20,1.77344,0.041349
64000,flagship,mlp.linear_fc2,21,2.0625,0.041271
64000,flagship,mlp.linear_fc2,22,1.40625,0.0413239
64000,flagship,mlp.linear_fc2,23,2.23438,0.04143
64000,flagship,mlp.linear_fc2,24,1.21094,0.0417925
64000,flagship,mlp.linear_fc2,25,1.82031,0.0419639
64000,flagship,mlp.linear_fc2,26,1.73438,0.0419408
64000,flagship,mlp.linear_fc2,27,1.73438,0.0421319
64000,flagship,mlp.linear_fc2,28,1.97656,0.042151
64000,flagship,mlp.linear_fc2,29,1.5625,0.0421701
64000,flagship,mlp.linear_fc2,30,1.84375,0.0421752
64000,flagship,mlp.linear_fc2,31,2.26562,0.0422533
64000,flagship,mlp.linear_fc2,32,1.71094,0.0423966
64000,flagship,mlp.linear_fc2,33,1.95312,0.0424653
64000,flagship,mlp.linear_fc2,34,1.29688,0.0425419
64000,flagship,mlp.linear_fc2,35,1.85938,0.0426106
64000,flagship,mlp.linear_fc2,36,2.23438,0.0426688
64000,flagship,mlp.linear_fc2,37,1.73438,0.0427392
64000,flagship,mlp.linear_fc2,38,2.46875,0.0427925
64000,flagship,mlp.linear_fc2,39,1.19531,0.0428178
64000,flagship,mlp.linear_fc2,40,1.5625,0.0428331
64000,flagship,mlp.linear_fc2,41,0.847656,0.0428363
64000,flagship,mlp.linear_fc2,42,2.14062,0.0428453
64000,flagship,mlp.linear_fc2,43,1.82031,0.0428554
64000,flagship,mlp.linear_fc2,44,2.01562,0.0428684
64000,flagship,mlp.linear_fc2,45,1.24219,0.0428925
64000,flagship,mlp.linear_fc2,46,1.26562,0.0429283
64000,flagship,mlp.linear_fc2,47,1.86719,0.0429646
64000,flagship,mlp.linear_fc2,48,0.957031,0.0430506
64000,flagship,mlp.linear_fc2,49,0.917969,0.0431141
64000,flagship,mlp.linear_fc2,50,0.945312,0.0432136
64000,flagship,mlp.linear_fc2,51,1.22656,0.0433322
64000,flagship,mlp.linear_fc2,52,1.16406,0.0434731
64000,flagship,mlp.linear_fc2,53,1.42188,0.0436176
64000,flagship,mlp.linear_fc2,54,1.41406,0.0437746
64000,flagship,mlp.linear_fc2,55,1.125,0.0439843
64000,flagship,mlp.linear_fc2,56,1.27344,0.0441276
64000,flagship,mlp.linear_fc2,57,1.24219,0.0440034
64000,flagship,mlp.linear_fc2,58,2,0.0435583
64000,flagship,mlp.linear_fc2,59,1.4375,0.0428308
64000,flagship,mlp.linear_fc2,60,1.34375,0.0418092
64000,flagship,mlp.linear_fc2,61,2.51562,0.0394138
64000,flagship,mlp.linear_fc2,62,2.17188,0.0356584
64000,flagship,mlp.linear_fc2,63,1.73438,0.0263722
68000,flagship,self_attention.linear_qkv,0,0.353516,0.0370974
68000,flagship,self_attention.linear_qkv,1,0.566406,0.037866
68000,flagship,self_attention.linear_qkv,2,0.78125,0.0407723
68000,flagship,self_attention.linear_qkv,3,0.8125,0.0418684
68000,flagship,self_attention.linear_qkv,4,0.628906,0.0409271
68000,flagship,self_attention.linear_qkv,5,0.828125,0.0410976
68000,flagship,self_attention.linear_qkv,6,0.53125,0.0423304
68000,flagship,self_attention.linear_qkv,7,0.554688,0.0415892
68000,flagship,self_attention.linear_qkv,8,0.625,0.0413925
68000,flagship,self_attention.linear_qkv,9,0.625,0.0402629
68000,flagship,self_attention.linear_qkv,10,0.484375,0.0397781
68000,flagship,self_attention.linear_qkv,11,0.515625,0.0399552
68000,flagship,self_attention.linear_qkv,12,0.5625,0.0391493
68000,flagship,self_attention.linear_qkv,13,0.554688,0.0387349
68000,flagship,self_attention.linear_qkv,14,0.59375,0.0375889
68000,flagship,self_attention.linear_qkv,15,0.511719,0.038507
68000,flagship,self_attention.linear_qkv,16,0.554688,0.0388478
68000,flagship,self_attention.linear_qkv,17,0.466797,0.0397134
68000,flagship,self_attention.linear_qkv,18,0.410156,0.0398657
68000,flagship,self_attention.linear_qkv,19,0.550781,0.04081
68000,flagship,self_attention.linear_qkv,20,0.402344,0.0392687
68000,flagship,self_attention.linear_qkv,21,0.427734,0.0385337
68000,flagship,self_attention.linear_qkv,22,0.515625,0.0416507
68000,flagship,self_attention.linear_qkv,23,0.558594,0.0401523
68000,flagship,self_attention.linear_qkv,24,0.535156,0.0390194
68000,flagship,self_attention.linear_qkv,25,0.466797,0.0371912
68000,flagship,self_attention.linear_qkv,26,0.466797,0.0367403
68000,flagship,self_attention.linear_qkv,27,0.457031,0.0399083
68000,flagship,self_attention.linear_qkv,28,0.570312,0.0360175
68000,flagship,self_attention.linear_qkv,29,0.550781,0.0368386
68000,flagship,self_attention.linear_qkv,30,0.447266,0.0376239
68000,flagship,self_attention.linear_qkv,31,0.523438,0.0338327
68000,flagship,self_attention.linear_qkv,32,0.503906,0.0351358
68000,flagship,self_attention.linear_qkv,33,0.550781,0.0337258
68000,flagship,self_attention.linear_qkv,34,0.429688,0.0364021
68000,flagship,self_attention.linear_qkv,35,0.46875,0.0348209
68000,flagship,self_attention.linear_qkv,36,0.429688,0.0319953
68000,flagship,self_attention.linear_qkv,37,0.326172,0.0284779
68000,flagship,self_attention.linear_qkv,38,0.332031,0.0322018
68000,flagship,self_attention.linear_qkv,39,0.330078,0.0295748
68000,flagship,self_attention.linear_qkv,40,0.324219,0.0296131
68000,flagship,self_attention.linear_qkv,41,0.300781,0.0291521
68000,flagship,self_attention.linear_qkv,42,0.255859,0.027854
68000,flagship,self_attention.linear_qkv,43,0.261719,0.0285271
68000,flagship,self_attention.linear_qkv,44,0.285156,0.0288267
68000,flagship,self_attention.linear_qkv,45,0.304688,0.0306586
68000,flagship,self_attention.linear_qkv,46,0.349609,0.0323243
68000,flagship,self_attention.linear_qkv,47,0.335938,0.0299803
68000,flagship,self_attention.linear_qkv,48,0.447266,0.0343831
68000,flagship,self_attention.linear_qkv,49,0.34375,0.033965
68000,flagship,self_attention.linear_qkv,50,0.470703,0.032221
68000,flagship,self_attention.linear_qkv,51,0.335938,0.0329728
68000,flagship,self_attention.linear_qkv,52,0.373047,0.0332089
68000,flagship,self_attention.linear_qkv,53,0.337891,0.0344309
68000,flagship,self_attention.linear_qkv,54,0.306641,0.0334875
68000,flagship,self_attention.linear_qkv,55,0.337891,0.0346502
68000,flagship,self_attention.linear_qkv,56,0.535156,0.0342592
68000,flagship,self_attention.linear_qkv,57,0.332031,0.0339424
68000,flagship,self_attention.linear_qkv,58,0.267578,0.0335173
68000,flagship,self_attention.linear_qkv,59,0.294922,0.0320958
68000,flagship,self_attention.linear_qkv,60,0.365234,0.031011
68000,flagship,self_attention.linear_qkv,61,0.285156,0.0287557
68000,flagship,self_attention.linear_qkv,62,0.478516,0.0249055
68000,flagship,self_attention.linear_qkv,63,0.257812,0.021043
68000,flagship,self_attention.linear_proj,0,2.21875,0.0335341
68000,flagship,self_attention.linear_proj,1,3.10938,0.039031
68000,flagship,self_attention.linear_proj,2,3.25,0.040113
68000,flagship,self_attention.linear_proj,3,3.64062,0.0398156
68000,flagship,self_attention.linear_proj,4,3.84375,0.039117
68000,flagship,self_attention.linear_proj,5,3.23438,0.0393023
68000,flagship,self_attention.linear_proj,6,1.85938,0.0400471
68000,flagship,self_attention.linear_proj,7,2.51562,0.0406778
68000,flagship,self_attention.linear_proj,8,1.80469,0.0411344
68000,flagship,self_attention.linear_proj,9,4.1875,0.0405945
68000,flagship,self_attention.linear_proj,10,2.04688,0.0402912
68000,flagship,self_attention.linear_proj,11,2.95312,0.0401833
68000,flagship,self_attention.linear_proj,12,1.70312,0.038375
68000,flagship,self_attention.linear_proj,13,1.6875,0.0393341
68000,flagship,self_attention.linear_proj,14,2.42188,0.0381486
68000,flagship,self_attention.linear_proj,15,1.55469,0.037915
68000,flagship,self_attention.linear_proj,16,2.1875,0.0387935
68000,flagship,self_attention.linear_proj,17,2.20312,0.0397601
68000,flagship,self_attention.linear_proj,18,2.15625,0.0395345
68000,flagship,self_attention.linear_proj,19,1.14844,0.0409658
68000,flagship,self_attention.linear_proj,20,1.54688,0.0397387
68000,flagship,self_attention.linear_proj,21,1.66406,0.0385309
68000,flagship,self_attention.linear_proj,22,1.42188,0.0416489
68000,flagship,self_attention.linear_proj,23,1.63281,0.0413506
68000,flagship,self_attention.linear_proj,24,0.695312,0.0412063
68000,flagship,self_attention.linear_proj,25,0.726562,0.0402136
68000,flagship,self_attention.linear_proj,26,0.921875,0.0393203
68000,flagship,self_attention.linear_proj,27,0.5625,0.0434154
68000,flagship,self_attention.linear_proj,28,0.597656,0.0403161
68000,flagship,self_attention.linear_proj,29,0.714844,0.0404943
68000,flagship,self_attention.linear_proj,30,0.667969,0.0421593
68000,flagship,self_attention.linear_proj,31,0.6875,0.0374743
68000,flagship,self_attention.linear_proj,32,0.558594,0.0390511
68000,flagship,self_attention.linear_proj,33,0.597656,0.0382
68000,flagship,self_attention.linear_proj,34,0.558594,0.0416769
68000,flagship,self_attention.linear_proj,35,0.796875,0.0394753
68000,flagship,self_attention.linear_proj,36,0.574219,0.037263
68000,flagship,self_attention.linear_proj,37,0.910156,0.0341839
68000,flagship,self_attention.linear_proj,38,0.792969,0.0365726
68000,flagship,self_attention.linear_proj,39,1.03906,0.0351732
68000,flagship,self_attention.linear_proj,40,0.714844,0.0361466
68000,flagship,self_attention.linear_proj,41,0.429688,0.0355865
68000,flagship,self_attention.linear_proj,42,0.490234,0.0350509
68000,flagship,self_attention.linear_proj,43,0.648438,0.035305
68000,flagship,self_attention.linear_proj,44,0.419922,0.0361204
68000,flagship,self_attention.linear_proj,45,0.498047,0.036608
68000,flagship,self_attention.linear_proj,46,0.392578,0.0370838
68000,flagship,self_attention.linear_proj,47,0.6875,0.0348219
68000,flagship,self_attention.linear_proj,48,0.523438,0.0380332
68000,flagship,self_attention.linear_proj,49,0.597656,0.0362138
68000,flagship,self_attention.linear_proj,50,0.988281,0.0359675
68000,flagship,self_attention.linear_proj,51,0.376953,0.0383724
68000,flagship,self_attention.linear_proj,52,0.988281,0.0373353
68000,flagship,self_attention.linear_proj,53,0.507812,0.0387621
68000,flagship,self_attention.linear_proj,54,0.933594,0.0376946
68000,flagship,self_attention.linear_proj,55,0.820312,0.0378651
68000,flagship,self_attention.linear_proj,56,0.933594,0.038343
68000,flagship,self_attention.linear_proj,57,0.769531,0.0361315
68000,flagship,self_attention.linear_proj,58,0.609375,0.0363587
68000,flagship,self_attention.linear_proj,59,0.527344,0.0346107
68000,flagship,self_attention.linear_proj,60,0.542969,0.0316208
68000,flagship,self_attention.linear_proj,61,0.554688,0.0286469
68000,flagship,self_attention.linear_proj,62,0.683594,0.0239125
68000,flagship,self_attention.linear_proj,63,0.726562,0.0187719
68000,flagship,mlp.linear_fc2,0,2.48438,0.0396109
68000,flagship,mlp.linear_fc2,1,4.09375,0.0388793
68000,flagship,mlp.linear_fc2,2,2.6875,0.0420175
68000,flagship,mlp.linear_fc2,3,1.875,0.0416574
68000,flagship,mlp.linear_fc2,4,2.5625,0.0414106
68000,flagship,mlp.linear_fc2,5,4.8125,0.0412092
68000,flagship,mlp.linear_fc2,6,2.17188,0.0416757
68000,flagship,mlp.linear_fc2,7,2.6875,0.0422774
68000,flagship,mlp.linear_fc2,8,2.76562,0.042782
68000,flagship,mlp.linear_fc2,9,3.53125,0.0428104
68000,flagship,mlp.linear_fc2,10,3.54688,0.0428909
68000,flagship,mlp.linear_fc2,11,2.84375,0.0429403
68000,flagship,mlp.linear_fc2,12,2.51562,0.0428725
68000,flagship,mlp.linear_fc2,13,2.73438,0.0427188
68000,flagship,mlp.linear_fc2,14,1.75,0.0424822
68000,flagship,mlp.linear_fc2,15,2.26562,0.0421377
68000,flagship,mlp.linear_fc2,16,1.98438,0.0418263
68000,flagship,mlp.linear_fc2,17,2.25,0.0419144
68000,flagship,mlp.linear_fc2,18,1.55469,0.0419015
68000,flagship,mlp.linear_fc2,19,1.82812,0.0419865
68000,flagship,mlp.linear_fc2,20,1.92188,0.0420222
68000,flagship,mlp.linear_fc2,21,2.15625,0.0419501
68000,flagship,mlp.linear_fc2,22,1.42969,0.0419952
68000,flagship,mlp.linear_fc2,23,2.3125,0.0421016
68000,flagship,mlp.linear_fc2,24,1.27344,0.0424623
68000,flagship,mlp.linear_fc2,25,1.875,0.0426282
68000,flagship,mlp.linear_fc2,26,1.78125,0.0425983
68000,flagship,mlp.linear_fc2,27,1.83594,0.0427768
68000,flagship,mlp.linear_fc2,28,2.04688,0.0427806
68000,flagship,mlp.linear_fc2,29,1.61719,0.0427822
68000,flagship,mlp.linear_fc2,30,1.91406,0.04277
68000,flagship,mlp.linear_fc2,31,2.39062,0.0428317
68000,flagship,mlp.linear_fc2,32,1.79688,0.0429656
68000,flagship,mlp.linear_fc2,33,2.03125,0.0430216
68000,flagship,mlp.linear_fc2,34,1.32031,0.0430918
68000,flagship,mlp.linear_fc2,35,1.94531,0.0431527
68000,flagship,mlp.linear_fc2,36,2.35938,0.0432041
68000,flagship,mlp.linear_fc2,37,1.84375,0.0432623
68000,flagship,mlp.linear_fc2,38,2.60938,0.0433081
68000,flagship,mlp.linear_fc2,39,1.23438,0.0433266
68000,flagship,mlp.linear_fc2,40,1.63281,0.0433343
68000,flagship,mlp.linear_fc2,41,0.863281,0.0433319
68000,flagship,mlp.linear_fc2,42,2.25,0.0433357
68000,flagship,mlp.linear_fc2,43,1.875,0.043342
68000,flagship,mlp.linear_fc2,44,2.125,0.0433511
68000,flagship,mlp.linear_fc2,45,1.30469,0.0433706
68000,flagship,mlp.linear_fc2,46,1.3125,0.0434049
68000,flagship,mlp.linear_fc2,47,1.95312,0.0434412
68000,flagship,mlp.linear_fc2,48,0.980469,0.0435298
68000,flagship,mlp.linear_fc2,49,0.941406,0.0435936
68000,flagship,mlp.linear_fc2,50,0.984375,0.0437041
68000,flagship,mlp.linear_fc2,51,1.27344,0.0438271
68000,flagship,mlp.linear_fc2,52,1.1875,0.0439785
68000,flagship,mlp.linear_fc2,53,1.50781,0.0441409
68000,flagship,mlp.linear_fc2,54,1.42969,0.044316
68000,flagship,mlp.linear_fc2,55,1.14844,0.0445422
68000,flagship,mlp.linear_fc2,56,1.27344,0.044712
68000,flagship,mlp.linear_fc2,57,1.24219,0.0446348
68000,flagship,mlp.linear_fc2,58,2.0625,0.0442168
68000,flagship,mlp.linear_fc2,59,1.40625,0.0434923
68000,flagship,mlp.linear_fc2,60,1.42969,0.0424802
68000,flagship,mlp.linear_fc2,61,2.54688,0.0400789
68000,flagship,mlp.linear_fc2,62,2.20312,0.0362533
68000,flagship,mlp.linear_fc2,63,2.0625,0.0266557
68000,flagship,mlp.linear_fc1,0,0.855469,0.0363477
68000,flagship,mlp.linear_fc1,1,1.04688,0.0428014
68000,flagship,mlp.linear_fc1,2,1.10156,0.043994
68000,flagship,mlp.linear_fc1,3,1.28125,0.0433977
68000,flagship,mlp.linear_fc1,4,1.17188,0.0427589
68000,flagship,mlp.linear_fc1,5,1.01562,0.0421054
68000,flagship,mlp.linear_fc1,6,1.09375,0.0416717
68000,flagship,mlp.linear_fc1,7,0.847656,0.0420411
68000,flagship,mlp.linear_fc1,8,0.71875,0.0423291
68000,flagship,mlp.linear_fc1,9,0.886719,0.0425554
68000,flagship,mlp.linear_fc1,10,0.625,0.042588
68000,flagship,mlp.linear_fc1,11,0.699219,0.0425875
68000,flagship,mlp.linear_fc1,12,0.648438,0.0425777
68000,flagship,mlp.linear_fc1,13,0.691406,0.0426006
68000,flagship,mlp.linear_fc1,14,0.558594,0.04252
68000,flagship,mlp.linear_fc1,15,0.730469,0.0421856
68000,flagship,mlp.linear_fc1,16,0.613281,0.0417867
68000,flagship,mlp.linear_fc1,17,0.546875,0.0413991
68000,flagship,mlp.linear_fc1,18,0.742188,0.0413953
68000,flagship,mlp.linear_fc1,19,0.824219,0.0413414
68000,flagship,mlp.linear_fc1,20,0.675781,0.0412719
68000,flagship,mlp.linear_fc1,21,0.683594,0.0411242
68000,flagship,mlp.linear_fc1,22,0.550781,0.0411054
68000,flagship,mlp.linear_fc1,23,0.53125,0.04096
68000,flagship,mlp.linear_fc1,24,1,0.0411135
68000,flagship,mlp.linear_fc1,25,0.488281,0.0412877
68000,flagship,mlp.linear_fc1,26,0.574219,0.041305
68000,flagship,mlp.linear_fc1,27,0.589844,0.0414352
68000,flagship,mlp.linear_fc1,28,0.589844,0.0414515
68000,flagship,mlp.linear_fc1,29,0.609375,0.0414638
68000,flagship,mlp.linear_fc1,30,0.574219,0.0414318
68000,flagship,mlp.linear_fc1,31,0.445312,0.0414542
68000,flagship,mlp.linear_fc1,32,0.632812,0.0415284
68000,flagship,mlp.linear_fc1,33,0.546875,0.0416051
68000,flagship,mlp.linear_fc1,34,0.414062,0.0416572
68000,flagship,mlp.linear_fc1,35,0.486328,0.0417206
68000,flagship,mlp.linear_fc1,36,0.613281,0.0417932
68000,flagship,mlp.linear_fc1,37,0.578125,0.0418504
68000,flagship,mlp.linear_fc1,38,0.519531,0.041864
68000,flagship,mlp.linear_fc1,39,0.550781,0.0419062
68000,flagship,mlp.linear_fc1,40,0.558594,0.0419223
68000,flagship,mlp.linear_fc1,41,0.691406,0.0419259
68000,flagship,mlp.linear_fc1,42,0.578125,0.0419283
68000,flagship,mlp.linear_fc1,43,0.6875,0.0419306
68000,flagship,mlp.linear_fc1,44,0.578125,0.0419259
68000,flagship,mlp.linear_fc1,45,0.566406,0.041913
68000,flagship,mlp.linear_fc1,46,0.632812,0.0419063
68000,flagship,mlp.linear_fc1,47,0.746094,0.0418971
68000,flagship,mlp.linear_fc1,48,0.867188,0.0418998
68000,flagship,mlp.linear_fc1,49,0.558594,0.0418941
68000,flagship,mlp.linear_fc1,50,0.785156,0.0419266
68000,flagship,mlp.linear_fc1,51,0.484375,0.0419646
68000,flagship,mlp.linear_fc1,52,0.855469,0.0420341
68000,flagship,mlp.linear_fc1,53,0.78125,0.0421345
68000,flagship,mlp.linear_fc1,54,0.964844,0.0422631
68000,flagship,mlp.linear_fc1,55,0.605469,0.0424408
68000,flagship,mlp.linear_fc1,56,0.871094,0.0425923
68000,flagship,mlp.linear_fc1,57,0.699219,0.0425944
68000,flagship,mlp.linear_fc1,58,0.769531,0.042407
68000,flagship,mlp.linear_fc1,59,0.773438,0.0419553
68000,flagship,mlp.linear_fc1,60,0.6875,0.0412219
68000,flagship,mlp.linear_fc1,61,0.617188,0.0397576
68000,flagship,mlp.linear_fc1,62,0.488281,0.0373416
68000,flagship,mlp.linear_fc1,63,0.949219,0.0363011
75126,flagship,self_attention.linear_proj,0,2.625,0.0358794
75126,flagship,self_attention.linear_proj,1,3.40625,0.0407401
75126,flagship,self_attention.linear_proj,2,3.53125,0.0416726
75126,flagship,self_attention.linear_proj,3,3.9375,0.0413784
75126,flagship,self_attention.linear_proj,4,4.1875,0.0407045
75126,flagship,self_attention.linear_proj,5,3.53125,0.0408699
75126,flagship,self_attention.linear_proj,6,2.03125,0.0416192
75126,flagship,self_attention.linear_proj,7,2.75,0.0421435
75126,flagship,self_attention.linear_proj,8,2.07812,0.0425764
75126,flagship,self_attention.linear_proj,9,4.4375,0.0420884
75126,flagship,self_attention.linear_proj,10,2.26562,0.0417839
75126,flagship,self_attention.linear_proj,11,3.21875,0.0416518
75126,flagship,self_attention.linear_proj,12,1.97656,0.0399534
75126,flagship,self_attention.linear_proj,13,1.90625,0.0408703
75126,flagship,self_attention.linear_proj,14,2.60938,0.0397619
75126,flagship,self_attention.linear_proj,15,1.72656,0.0395066
75126,flagship,self_attention.linear_proj,16,2.34375,0.0403646
75126,flagship,self_attention.linear_proj,17,2.39062,0.0412816
75126,flagship,self_attention.linear_proj,18,2.42188,0.0409845
75126,flagship,self_attention.linear_proj,19,1.21875,0.0423822
75126,flagship,self_attention.linear_proj,20,1.66406,0.0412527
75126,flagship,self_attention.linear_proj,21,1.79688,0.0400603
75126,flagship,self_attention.linear_proj,22,1.50781,0.0429597
75126,flagship,self_attention.linear_proj,23,1.79688,0.0427231
75126,flagship,self_attention.linear_proj,24,0.777344,0.0425394
75126,flagship,self_attention.linear_proj,25,0.769531,0.0416932
75126,flagship,self_attention.linear_proj,26,1.09375,0.0407981
75126,flagship,self_attention.linear_proj,27,0.617188,0.0446411
75126,flagship,self_attention.linear_proj,28,0.652344,0.0416415
75126,flagship,self_attention.linear_proj,29,0.742188,0.0418319
75126,flagship,self_attention.linear_proj,30,0.730469,0.0433709
75126,flagship,self_attention.linear_proj,31,0.703125,0.0390313
75126,flagship,self_attention.linear_proj,32,0.605469,0.040498
75126,flagship,self_attention.linear_proj,33,0.632812,0.039629
75126,flagship,self_attention.linear_proj,34,0.613281,0.0429829
75126,flagship,self_attention.linear_proj,35,0.894531,0.0408544
75126,flagship,self_attention.linear_proj,36,0.625,0.0387739
75126,flagship,self_attention.linear_proj,37,0.988281,0.03588
75126,flagship,self_attention.linear_proj,38,0.816406,0.0380915
75126,flagship,self_attention.linear_proj,39,1.125,0.0367828
75126,flagship,self_attention.linear_proj,40,0.738281,0.0376834
75126,flagship,self_attention.linear_proj,41,0.451172,0.0371339
75126,flagship,self_attention.linear_proj,42,0.535156,0.0366094
75126,flagship,self_attention.linear_proj,43,0.699219,0.0368214
75126,flagship,self_attention.linear_proj,44,0.458984,0.037636
75126,flagship,self_attention.linear_proj,45,0.527344,0.0380435
75126,flagship,self_attention.linear_proj,46,0.4375,0.0384992
75126,flagship,self_attention.linear_proj,47,0.742188,0.0362337
75126,flagship,self_attention.linear_proj,48,0.527344,0.0394317
75126,flagship,self_attention.linear_proj,49,0.546875,0.037546
75126,flagship,self_attention.linear_proj,50,1.05469,0.0374218
75126,flagship,self_attention.linear_proj,51,0.402344,0.0398481
75126,flagship,self_attention.linear_proj,52,1.11719,0.0387737
75126,flagship,self_attention.linear_proj,53,0.539062,0.0401597
75126,flagship,self_attention.linear_proj,54,0.992188,0.039106
75126,flagship,self_attention.linear_proj,55,0.84375,0.0392173
75126,flagship,self_attention.linear_proj,56,0.875,0.0397163
75126,flagship,self_attention.linear_proj,57,0.742188,0.0373632
75126,flagship,self_attention.linear_proj,58,0.628906,0.0375973
75126,flagship,self_attention.linear_proj,59,0.5625,0.0358849
75126,flagship,self_attention.linear_proj,60,0.597656,0.0327998
75126,flagship,self_attention.linear_proj,61,0.585938,0.0297706
75126,flagship,self_attention.linear_proj,62,0.761719,0.024503
75126,flagship,self_attention.linear_proj,63,0.824219,0.0192857
75126,flagship,mlp.linear_fc2,0,2.78125,0.0411496
75126,flagship,mlp.linear_fc2,1,4.84375,0.0406336
75126,flagship,mlp.linear_fc2,2,2.95312,0.0433325
75126,flagship,mlp.linear_fc2,3,2.04688,0.042895
75126,flagship,mlp.linear_fc2,4,2.85938,0.0426894
75126,flagship,mlp.linear_fc2,5,5.4375,0.0425534
75126,flagship,mlp.linear_fc2,6,2.40625,0.0430051
75126,flagship,mlp.linear_fc2,7,2.8125,0.0436064
75126,flagship,mlp.linear_fc2,8,2.9375,0.0440752
75126,flagship,mlp.linear_fc2,9,3.98438,0.0441023
75126,flagship,mlp.linear_fc2,10,4,0.0441923
75126,flagship,mlp.linear_fc2,11,3.0625,0.0442452
75126,flagship,mlp.linear_fc2,12,2.78125,0.0441851
75126,flagship,mlp.linear_fc2,13,3.04688,0.0440494
75126,flagship,mlp.linear_fc2,14,1.92969,0.0438301
75126,flagship,mlp.linear_fc2,15,2.51562,0.043512
75126,flagship,mlp.linear_fc2,16,2.1875,0.0432426
75126,flagship,mlp.linear_fc2,17,2.45312,0.0433297
75126,flagship,mlp.linear_fc2,18,1.6875,0.0433218
75126,flagship,mlp.linear_fc2,19,1.9375,0.0433964
75126,flagship,mlp.linear_fc2,20,2.14062,0.04344
75126,flagship,mlp.linear_fc2,21,2.34375,0.0433822
75126,flagship,mlp.linear_fc2,22,1.53125,0.0434094
75126,flagship,mlp.linear_fc2,23,2.51562,0.0435172
75126,flagship,mlp.linear_fc2,24,1.39062,0.0438496
75126,flagship,mlp.linear_fc2,25,2.0625,0.0439994
75126,flagship,mlp.linear_fc2,26,1.86719,0.0439505
75126,flagship,mlp.linear_fc2,27,1.99219,0.044102
75126,flagship,mlp.linear_fc2,28,2.25,0.0440758
75126,flagship,mlp.linear_fc2,29,1.70312,0.0440413
75126,flagship,mlp.linear_fc2,30,2.125,0.0439951
75126,flagship,mlp.linear_fc2,31,2.70312,0.0440228
75126,flagship,mlp.linear_fc2,32,1.95312,0.0441321
75126,flagship,mlp.linear_fc2,33,2.17188,0.044167
75126,flagship,mlp.linear_fc2,34,1.375,0.0442223
75126,flagship,mlp.linear_fc2,35,2.0625,0.0442778
75126,flagship,mlp.linear_fc2,36,2.5625,0.0443169
75126,flagship,mlp.linear_fc2,37,2.125,0.0443506
75126,flagship,mlp.linear_fc2,38,2.98438,0.0443781
75126,flagship,mlp.linear_fc2,39,1.29688,0.0443818
75126,flagship,mlp.linear_fc2,40,1.71875,0.0443782
75126,flagship,mlp.linear_fc2,41,0.914062,0.044363
75126,flagship,mlp.linear_fc2,42,2.46875,0.0443539
75126,flagship,mlp.linear_fc2,43,2.01562,0.044349
75126,flagship,mlp.linear_fc2,44,2.34375,0.0443507
75126,flagship,mlp.linear_fc2,45,1.38281,0.0443572
75126,flagship,mlp.linear_fc2,46,1.33594,0.0443891
75126,flagship,mlp.linear_fc2,47,2.14062,0.044416
75126,flagship,mlp.linear_fc2,48,1.03906,0.0444994
75126,flagship,mlp.linear_fc2,49,0.941406,0.044558
75126,flagship,mlp.linear_fc2,50,1.00781,0.0446702
75126,flagship,mlp.linear_fc2,51,1.32031,0.0448008
75126,flagship,mlp.linear_fc2,52,1.25781,0.0449715
75126,flagship,mlp.linear_fc2,53,1.59375,0.0451544
75126,flagship,mlp.linear_fc2,54,1.4375,0.0453663
75126,flagship,mlp.linear_fc2,55,1.17188,0.0456413
75126,flagship,mlp.linear_fc2,56,1.28906,0.0458744
75126,flagship,mlp.linear_fc2,57,1.375,0.0458747
75126,flagship,mlp.linear_fc2,58,2.14062,0.0455365
75126,flagship,mlp.linear_fc2,59,1.33594,0.0448697
75126,flagship,mlp.linear_fc2,60,1.65625,0.0438493
75126,flagship,mlp.linear_fc2,61,2.57812,0.0415855
75126,flagship,mlp.linear_fc2,62,2.25,0.0376313
75126,flagship,mlp.linear_fc2,63,2.76562,0.0280914
75126,flagship,mlp.linear_fc1,0,0.96875,0.0377875
75126,flagship,mlp.linear_fc1,1,1.10938,0.0440133
75126,flagship,mlp.linear_fc1,2,1.16406,0.0451697
75126,flagship,mlp.linear_fc1,3,1.36719,0.0446008
75126,flagship,mlp.linear_fc1,4,1.34375,0.0440237
75126,flagship,mlp.linear_fc1,5,1.10938,0.0434044
75126,flagship,mlp.linear_fc1,6,1.16406,0.0430003
75126,flagship,mlp.linear_fc1,7,1.03125,0.0433439
75126,flagship,mlp.linear_fc1,8,0.808594,0.0436018
75126,flagship,mlp.linear_fc1,9,1,0.0438114
75126,flagship,mlp.linear_fc1,10,0.726562,0.0438373
75126,flagship,mlp.linear_fc1,11,0.769531,0.0438367
75126,flagship,mlp.linear_fc1,12,0.738281,0.0438252
75126,flagship,mlp.linear_fc1,13,0.753906,0.0438505
75126,flagship,mlp.linear_fc1,14,0.617188,0.04377
75126,flagship,mlp.linear_fc1,15,0.839844,0.0434575
75126,flagship,mlp.linear_fc1,16,0.675781,0.043082
75126,flagship,mlp.linear_fc1,17,0.617188,0.0427088
75126,flagship,mlp.linear_fc1,18,0.886719,0.0427019
75126,flagship,mlp.linear_fc1,19,0.953125,0.042656
75126,flagship,mlp.linear_fc1,20,0.777344,0.0425958
75126,flagship,mlp.linear_fc1,21,0.785156,0.0424568
75126,flagship,mlp.linear_fc1,22,0.589844,0.0424313
75126,flagship,mlp.linear_fc1,23,0.570312,0.0423022
75126,flagship,mlp.linear_fc1,24,1.10156,0.0424328
75126,flagship,mlp.linear_fc1,25,0.554688,0.0425993
75126,flagship,mlp.linear_fc1,26,0.609375,0.0426068
75126,flagship,mlp.linear_fc1,27,0.605469,0.042725
75126,flagship,mlp.linear_fc1,28,0.675781,0.0427236
75126,flagship,mlp.linear_fc1,29,0.636719,0.0427143
75126,flagship,mlp.linear_fc1,30,0.621094,0.0426617
75126,flagship,mlp.linear_fc1,31,0.494141,0.0426514
75126,flagship,mlp.linear_fc1,32,0.710938,0.0426978
75126,flagship,mlp.linear_fc1,33,0.609375,0.042747
75126,flagship,mlp.linear_fc1,34,0.431641,0.0427731
75126,flagship,mlp.linear_fc1,35,0.550781,0.042817
75126,flagship,mlp.linear_fc1,36,0.695312,0.0428693
75126,flagship,mlp.linear_fc1,37,0.660156,0.0429044
75126,flagship,mlp.linear_fc1,38,0.578125,0.0429006
75126,flagship,mlp.linear_fc1,39,0.539062,0.0429282
75126,flagship,mlp.linear_fc1,40,0.554688,0.0429331
75126,flagship,mlp.linear_fc1,41,0.722656,0.0429232
75126,flagship,mlp.linear_fc1,42,0.679688,0.0429134
75126,flagship,mlp.linear_fc1,43,0.714844,0.0429058
75126,flagship,mlp.linear_fc1,44,0.566406,0.0428938
75126,flagship,mlp.linear_fc1,45,0.578125,0.0428681
75126,flagship,mlp.linear_fc1,46,0.644531,0.0428582
75126,flagship,mlp.linear_fc1,47,0.78125,0.0428403
75126,flagship,mlp.linear_fc1,48,0.9375,0.0428385
75126,flagship,mlp.linear_fc1,49,0.585938,0.0428278
75126,flagship,mlp.linear_fc1,50,0.84375,0.0428583
75126,flagship,mlp.linear_fc1,51,0.507812,0.0428989
75126,flagship,mlp.linear_fc1,52,0.941406,0.0429772
75126,flagship,mlp.linear_fc1,53,0.902344,0.0430868
75126,flagship,mlp.linear_fc1,54,1.11719,0.0432396
75126,flagship,mlp.linear_fc1,55,0.664062,0.0434269
75126,flagship,mlp.linear_fc1,56,0.929688,0.0436153
75126,flagship,mlp.linear_fc1,57,0.75,0.0436623
75126,flagship,mlp.linear_fc1,58,0.8125,0.0435174
75126,flagship,mlp.linear_fc1,59,0.882812,0.0431104
75126,flagship,mlp.linear_fc1,60,0.714844,0.0423953
75126,flagship,mlp.linear_fc1,61,0.691406,0.040936
75126,flagship,mlp.linear_fc1,62,0.503906,0.0383884
75126,flagship,mlp.linear_fc1,63,0.863281,0.0363071
75126,flagship,self_attention.linear_qkv,0,0.373047,0.0383528
75126,flagship,self_attention.linear_qkv,1,0.617188,0.0392882
75126,flagship,self_attention.linear_qkv,2,0.886719,0.0420744
75126,flagship,self_attention.linear_qkv,3,0.863281,0.0431079
75126,flagship,self_attention.linear_qkv,4,0.695312,0.0422207
75126,flagship,self_attention.linear_qkv,5,0.898438,0.0424351
75126,flagship,self_attention.linear_qkv,6,0.597656,0.0436246
75126,flagship,self_attention.linear_qkv,7,0.613281,0.0429484
75126,flagship,self_attention.linear_qkv,8,0.679688,0.0427131
75126,flagship,self_attention.linear_qkv,9,0.691406,0.0416602
75126,flagship,self_attention.linear_qkv,10,0.546875,0.0412101
75126,flagship,self_attention.linear_qkv,11,0.527344,0.0413232
75126,flagship,self_attention.linear_qkv,12,0.605469,0.0405557
75126,flagship,self_attention.linear_qkv,13,0.640625,0.0402522
75126,flagship,self_attention.linear_qkv,14,0.644531,0.0391555
75126,flagship,self_attention.linear_qkv,15,0.566406,0.0400203
75126,flagship,self_attention.linear_qkv,16,0.625,0.0404589
75126,flagship,self_attention.linear_qkv,17,0.527344,0.041266
75126,flagship,self_attention.linear_qkv,18,0.4375,0.0412949
75126,flagship,self_attention.linear_qkv,19,0.511719,0.042229
75126,flagship,self_attention.linear_qkv,20,0.458984,0.0408495
75126,flagship,self_attention.linear_qkv,21,0.472656,0.0401456
75126,flagship,self_attention.linear_qkv,22,0.546875,0.0430035
75126,flagship,self_attention.linear_qkv,23,0.621094,0.0416238
75126,flagship,self_attention.linear_qkv,24,0.582031,0.040587
75126,flagship,self_attention.linear_qkv,25,0.482422,0.0387815
75126,flagship,self_attention.linear_qkv,26,0.488281,0.0383483
75126,flagship,self_attention.linear_qkv,27,0.507812,0.0412861
75126,flagship,self_attention.linear_qkv,28,0.59375,0.0374806
75126,flagship,self_attention.linear_qkv,29,0.546875,0.0383677
75126,flagship,self_attention.linear_qkv,30,0.482422,0.0390048
75126,flagship,self_attention.linear_qkv,31,0.558594,0.0355342
75126,flagship,self_attention.linear_qkv,32,0.511719,0.036741
75126,flagship,self_attention.linear_qkv,33,0.597656,0.0352029
75126,flagship,self_attention.linear_qkv,34,0.486328,0.0377715
75126,flagship,self_attention.linear_qkv,35,0.503906,0.0363215
75126,flagship,self_attention.linear_qkv,36,0.492188,0.0335994
75126,flagship,self_attention.linear_qkv,37,0.353516,0.0302275
75126,flagship,self_attention.linear_qkv,38,0.34375,0.0339039
75126,flagship,self_attention.linear_qkv,39,0.369141,0.0313015
75126,flagship,self_attention.linear_qkv,40,0.351562,0.0311773
75126,flagship,self_attention.linear_qkv,41,0.316406,0.0307014
75126,flagship,self_attention.linear_qkv,42,0.273438,0.0293851
75126,flagship,self_attention.linear_qkv,43,0.267578,0.0301157
75126,flagship,self_attention.linear_qkv,44,0.318359,0.0302785
75126,flagship,self_attention.linear_qkv,45,0.326172,0.0320806
75126,flagship,self_attention.linear_qkv,46,0.378906,0.0337467
75126,flagship,self_attention.linear_qkv,47,0.357422,0.0314081
75126,flagship,self_attention.linear_qkv,48,0.494141,0.0358199
75126,flagship,self_attention.linear_qkv,49,0.371094,0.0352851
75126,flagship,self_attention.linear_qkv,50,0.464844,0.0337785
75126,flagship,self_attention.linear_qkv,51,0.351562,0.0344896
75126,flagship,self_attention.linear_qkv,52,0.365234,0.0347981
75126,flagship,self_attention.linear_qkv,53,0.349609,0.0357339
75126,flagship,self_attention.linear_qkv,54,0.328125,0.0348355
75126,flagship,self_attention.linear_qkv,55,0.376953,0.0359626
75126,flagship,self_attention.linear_qkv,56,0.574219,0.0355723
75126,flagship,self_attention.linear_qkv,57,0.347656,0.0351345
75126,flagship,self_attention.linear_qkv,58,0.285156,0.0349622
75126,flagship,self_attention.linear_qkv,59,0.306641,0.0334175
75126,flagship,self_attention.linear_qkv,60,0.357422,0.0322286
75126,flagship,self_attention.linear_qkv,61,0.296875,0.0293335
75126,flagship,self_attention.linear_qkv,62,0.511719,0.0253081
75126,flagship,self_attention.linear_qkv,63,0.257812,0.0212985
