iter,z
5,1.822637E+02
10,1.822633E+02
15,1.827339E+02
20,2.186493E+02
25,2.097750E+02
30,2.052753E+02
35,1.981353E+02
40,1.980388E+02
45,1.993432E+02
50,2.002834E+02
55,1.997330E+02
60,2.018348E+02
65,2.026007E+02
70,2.030858E+02
75,2.038632E+02
80,2.029216E+02
85,2.033119E+02
90,2.037448E+02
95,2.031245E+02
100,2.022989E+02
105,2.029514E+02
110,2.028808E+02
115,2.025045E+02
120,2.018656E+02
125,2.018834E+02
130,2.024017E+02
135,2.003297E+02
140,1.999929E+02
145,1.999208E+02
150,1.996132E+02
155,1.997455E+02
160,1.989879E+02
165,1.982052E+02
170,1.977060E+02
175,1.970197E+02
180,1.952054E+02
185,1.953381E+02
190,1.956203E+02
195,1.945421E+02
200,1.942775E+02
205,1.950230E+02
210,1.928583E+02
215,1.923784E+02
220,1.929593E+02
225,1.913216E+02
230,1.924557E+02
235,1.925478E+02
240,1.916930E+02
245,1.925099E+02
250,1.911091E+02
255,1.925754E+02
260,1.909873E+02
265,1.909316E+02
270,1.924180E+02
275,1.911168E+02
280,1.908371E+02
285,1.908963E+02
290,1.911553E+02
295,1.917185E+02
300,1.913608E+02
305,1.908990E+02
310,1.914641E+02
315,1.911736E+02
320,1.916989E+02
325,1.918731E+02
330,1.921284E+02
335,1.907248E+02
340,1.916079E+02
345,1.916161E+02
350,1.928522E+02
355,1.924223E+02
360,1.934052E+02
365,1.931509E+02
370,1.923409E+02
375,1.937360E+02
380,1.944923E+02
385,1.943126E+02
390,1.939428E+02
395,1.948285E+02
400,1.952761E+02
405,1.952840E+02
410,1.958868E+02
415,1.950245E+02
420,1.930742E+02
425,1.940081E+02
430,1.954957E+02
435,1.961361E+02
440,1.954067E+02
445,1.968959E+02
450,1.970399E+02
455,1.965258E+02
460,1.977690E+02
465,1.971483E+02
470,1.970312E+02
475,1.972957E+02
480,1.974388E+02
485,1.975506E+02
490,1.981089E+02
495,1.975516E+02
500,1.983450E+02
505,1.982082E+02
510,1.991888E+02
515,1.997795E+02
520,1.994907E+02
525,1.986647E+02
530,1.994941E+02
535,2.004087E+02
540,1.994792E+02
545,2.003567E+02
550,2.002438E+02
555,1.999427E+02
560,2.003283E+02
565,2.002327E+02
570,2.003701E+02
575,2.003091E+02
580,2.010424E+02
585,2.012618E+02
590,2.008049E+02
595,2.012669E+02
600,2.019518E+02
605,2.014212E+02
610,2.023917E+02
615,2.025862E+02
620,2.023185E+02
625,2.032185E+02
630,2.031538E+02
635,2.025465E+02
640,2.029598E+02
645,2.032160E+02
650,2.033409E+02
655,2.047132E+02
660,2.039630E+02
665,2.035788E+02
670,2.040760E+02
675,2.040552E+02
680,2.037753E+02
685,2.043669E+02
690,2.051921E+02
695,2.044813E+02
700,2.041432E+02
705,2.049922E+02
710,2.049061E+02
715,2.055859E+02
720,2.052907E+02
725,2.053083E+02
730,2.054943E+02
735,2.055886E+02
740,2.059431E+02
745,2.053877E+02
750,2.061354E+02
755,2.064223E+02
760,2.053335E+02
765,2.067475E+02
770,2.069078E+02
775,2.070068E+02
780,2.077879E+02
785,2.070752E+02
790,2.077918E+02
795,2.071987E+02
800,2.081087E+02
805,2.075405E+02
810,2.082795E+02
815,2.082463E+02
820,2.080219E+02
825,2.091192E+02
830,2.089610E+02
835,2.098210E+02
840,2.100050E+02
845,2.096665E+02
850,2.096024E+02
855,2.092232E+02
860,2.092401E+02
865,2.103829E+02
870,2.099855E+02
875,2.107542E+02
880,2.109344E+02
885,2.107158E+02
890,2.105708E+02
895,2.110697E+02
900,2.109865E+02
905,2.108797E+02
910,2.111049E+02
915,2.106330E+02
920,2.114698E+02
925,2.116631E+02
930,2.107221E+02
935,2.123808E+02
940,2.116634E+02
945,2.120755E+02
950,2.120181E+02
955,2.118042E+02
960,2.114954E+02
965,2.117009E+02
970,2.120637E+02
975,2.118131E+02
980,2.124980E+02
985,2.127992E+02
990,2.122689E+02
995,2.120837E+02
1000,2.119329E+02
1005,2.125794E+02
1010,2.118936E+02
1015,2.128133E+02
1020,2.129923E+02
1025,2.128603E+02
1030,2.128790E+02
1035,2.128304E+02
1040,2.130994E+02
1045,2.127955E+02
1050,2.125627E+02
1055,2.134963E+02
1060,2.128593E+02
1065,2.127459E+02
1070,2.129906E+02
1075,2.128458E+02
1080,2.134134E+02
1085,2.128993E+02
1090,2.128239E+02
1095,2.135562E+02
1100,2.129874E+02
1105,2.129054E+02
1110,2.125517E+02
1115,2.131339E+02
1120,2.129444E+02
1125,2.136989E+02
1130,2.131287E+02
1135,2.134427E+02
1140,2.126352E+02
1145,2.127279E+02
1150,2.135435E+02
1155,2.126387E+02
1160,2.133374E+02
1165,2.134736E+02
1170,2.129967E+02
1175,2.127986E+02
1180,2.129247E+02
1185,2.128748E+02
1190,2.130749E+02
1195,2.126257E+02
1200,2.133661E+02
1205,2.123210E+02
1210,2.130625E+02
1215,2.133603E+02
1220,2.126605E+02
1225,2.127404E+02
1230,2.127420E+02
1235,2.132172E+02
1240,2.123237E+02
1245,2.125899E+02
1250,2.126531E+02
1255,2.125493E+02
1260,2.126232E+02
1265,2.126649E+02
1270,2.124566E+02
1275,2.123271E+02
1280,2.122933E+02
1285,2.126351E+02
1290,2.125605E+02
1295,2.124012E+02
1300,2.120165E+02
1305,2.119334E+02
1310,2.124263E+02
1315,2.116619E+02
1320,2.124277E+02
1325,2.117847E+02
1330,2.122040E+02
1335,2.120454E+02
1340,2.111865E+02
1345,2.118851E+02
1350,2.104214E+02
1355,2.107192E+02
1360,2.111869E+02
1365,2.117508E+02
1370,2.120393E+02
1375,2.112088E+02
1380,2.117951E+02
1385,2.109352E+02
1390,2.115982E+02
1395,2.112267E+02
1400,2.109796E+02
1405,2.110747E+02
1410,2.107636E+02
1415,2.108887E+02
1420,2.109031E+02
1425,2.109088E+02
1430,2.109396E+02
1435,2.101982E+02
1440,2.103052E+02
1445,2.096451E+02
1450,2.090332E+02
1455,2.108734E+02
1460,2.110949E+02
1465,2.104625E+02
1470,2.109342E+02
1475,2.097969E+02
1480,2.092268E+02
1485,2.094463E+02
1490,2.091526E+02
1495,2.096873E+02
1500,2.097544E+02
1505,2.101950E+02
1510,2.097896E+02
1515,2.094680E+02
1520,2.094936E+02
1525,2.096196E+02
1530,2.092218E+02
1535,2.087756E+02
1540,2.085015E+02
1545,2.091503E+02
1550,2.088576E+02
1555,2.095903E+02
1560,2.083285E+02
1565,2.080780E+02
1570,2.079835E+02
1575,2.084358E+02
1580,2.085229E+02
1585,2.089932E+02
1590,2.080312E+02
1595,2.080001E+02
1600,2.075320E+02
1605,2.076718E+02
1610,2.078986E+02
1615,2.087213E+02
1620,2.070323E+02
1625,2.054490E+02
1630,2.051456E+02
1635,2.058811E+02
1640,2.053381E+02
1645,2.058891E+02
1650,2.062744E+02
1655,2.068680E+02
1660,2.071659E+02
1665,2.076115E+02
1670,2.075468E+02
1675,2.063221E+02
1680,2.068344E+02
1685,2.064105E+02
1690,2.065200E+02
1695,2.059299E+02
1700,2.056144E+02
1705,2.060103E+02
1710,2.057635E+02
1715,2.057716E+02
1720,2.056565E+02
1725,2.054028E+02
1730,2.045670E+02
1735,2.049052E+02
1740,2.053596E+02
1745,2.054078E+02
1750,2.044458E+02
1755,2.048223E+02
1760,2.049434E+02
1765,2.043618E+02
1770,2.048300E+02
1775,2.042232E+02
1780,2.079604E+02
1785,2.019607E+02
1790,2.124484E+02
1795,2.072083E+02
1800,2.049573E+02
1805,2.032835E+02
1810,2.052998E+02
1815,2.049110E+02
1820,2.049363E+02
1825,2.046548E+02
1830,2.046557E+02
1835,2.031159E+02
1840,2.036619E+02
1845,2.022198E+02
1850,2.021928E+02
1855,2.026187E+02
1860,2.022109E+02
1865,2.023585E+02
1870,2.018632E+02
1875,2.019448E+02
1880,2.013993E+02
1885,2.004592E+02
1890,1.977478E+02
1895,2.050696E+02
1900,2.020763E+02
1905,1.994757E+02
1910,2.004631E+02
1915,2.000938E+02
1920,2.011061E+02
1925,2.009738E+02
1930,2.010686E+02
1935,2.010705E+02
1940,2.009100E+02
1945,2.006226E+02
1950,1.994547E+02
1955,2.002845E+02
1960,2.000705E+02
1965,1.999836E+02
1970,1.990827E+02
1975,1.993632E+02
1980,1.991158E+02
1985,1.962388E+02
1990,1.966256E+02
1995,1.967611E+02
2000,1.973005E+02
2005,1.989633E+02
2010,1.987498E+02
2015,1.991019E+02
2020,1.993296E+02
2025,1.990361E+02
2030,1.984496E+02
2035,1.979536E+02
2040,1.985822E+02
2045,1.979599E+02
2050,1.974430E+02
2055,1.981303E+02
2060,1.974939E+02
2065,1.978332E+02
2070,1.974339E+02
2075,1.952881E+02
2080,1.960800E+02
2085,1.964168E+02
2090,1.965503E+02
2095,1.968725E+02
2100,1.965464E+02
2105,1.966908E+02
2110,1.963247E+02
2115,1.963371E+02
2120,1.945941E+02
2125,1.933221E+02
2130,1.949084E+02
2135,1.944380E+02
2140,1.955260E+02
2145,1.956325E+02
2150,1.961414E+02
2155,1.958542E+02
2160,1.958608E+02
2165,1.953276E+02
2170,1.952774E+02
2175,1.946869E+02
2180,1.952810E+02
2185,1.943862E+02
2190,1.947451E+02
2195,1.942762E+02
2200,1.938462E+02
2205,1.946024E+02
2210,1.940232E+02
2215,1.942182E+02
2220,1.941209E+02
2225,1.939884E+02
2230,1.932243E+02
2235,1.935056E+02
2240,1.930034E+02
2245,1.931735E+02
2250,1.930937E+02
2255,1.935980E+02
2260,1.928970E+02
2265,1.929213E+02
2270,1.926822E+02
2275,1.930591E+02
2280,1.922039E+02
2285,1.923954E+02
2290,1.919901E+02
2295,1.921449E+02
2300,1.918960E+02
2305,1.917756E+02
2310,1.914196E+02
2315,1.912532E+02
2320,1.911594E+02
2325,1.917772E+02
2330,1.917879E+02
2335,1.912557E+02
2340,1.915281E+02
2345,1.908895E+02
2350,1.909654E+02
2355,1.907090E+02
2360,1.907249E+02
2365,1.905025E+02
2370,1.904150E+02
2375,1.901917E+02
2380,1.908122E+02
2385,1.897365E+02
2390,1.901441E+02
2395,1.897663E+02
2400,1.898610E+02
2405,1.886599E+02
2410,1.887529E+02
2415,1.889491E+02
2420,1.894242E+02
2425,1.890923E+02
2430,1.891677E+02
2435,1.893664E+02
2440,1.897330E+02
2445,1.864746E+02
2450,1.874394E+02
2455,1.962141E+02
2460,1.881924E+02
2465,1.858027E+02
2470,1.873011E+02
2475,1.869521E+02
2480,1.877523E+02
2485,1.880103E+02
2490,1.875185E+02
2495,1.877312E+02
2500,1.880456E+02
2505,1.879432E+02
2510,1.868975E+02
2515,1.856771E+02
2520,1.865636E+02
2525,1.864957E+02
2530,1.864755E+02
2535,1.866733E+02
2540,1.863076E+02
2545,1.852051E+02
2550,1.853389E+02
2555,1.854198E+02
2560,1.857488E+02
2565,1.845897E+02
2570,1.846893E+02
2575,1.845188E+02
2580,1.841952E+02
2585,1.848264E+02
2590,1.841728E+02
2595,1.841684E+02
2600,1.837401E+02
2605,1.837363E+02
2610,1.837578E+02
2615,1.829947E+02
2620,1.827562E+02
2625,1.828776E+02
2630,1.830133E+02
2635,1.834040E+02
2640,1.827661E+02
2645,1.820832E+02
2650,1.821959E+02
2655,1.824817E+02
2660,1.822715E+02
2665,1.820602E+02
2670,1.834389E+02
2675,1.821568E+02
2680,1.823805E+02
2685,1.817687E+02
2690,1.814058E+02
2695,1.814524E+02
2700,1.815374E+02
2705,1.810124E+02
2710,1.804957E+02
2715,1.808990E+02
2720,1.808058E+02
2725,1.810401E+02
2730,1.804520E+02
2735,1.798810E+02
2740,1.798765E+02
2745,1.802046E+02
2750,1.792694E+02
2755,1.802904E+02
2760,1.786352E+02
2765,1.792365E+02
2770,1.793862E+02
2775,1.792806E+02
2780,1.794620E+02
2785,1.786099E+02
2790,1.786010E+02
2795,1.783398E+02
2800,1.782604E+02
2805,1.784314E+02
2810,1.780596E+02
2815,1.780979E+02
2820,1.781756E+02
2825,1.780636E+02
2830,1.778722E+02
2835,1.775065E+02
2840,1.767837E+02
2845,1.768002E+02
2850,1.771266E+02
2855,1.775375E+02
2860,1.768762E+02
2865,1.773416E+02
2870,1.768773E+02
2875,1.771090E+02
2880,1.764460E+02
2885,1.759410E+02
2890,1.758543E+02
2895,1.754609E+02
2900,1.758122E+02
2905,1.747636E+02
2910,1.760056E+02
2915,1.749347E+02
2920,1.747734E+02
2925,1.748111E+02
2930,1.749845E+02
2935,1.746447E+02
2940,1.743915E+02
2945,1.744655E+02
2950,1.746299E+02
2955,1.734931E+02
2960,1.738882E+02
2965,1.733156E+02
2970,1.738433E+02
2975,1.735694E+02
2980,1.728203E+02
2985,1.728546E+02
2990,1.729582E+02
2995,1.729230E+02
3000,1.729320E+02
3005,1.730510E+02
3010,1.745993E+02
3015,1.575299E+02
3020,1.716733E+02
3025,1.726137E+02
3030,1.723822E+02
3035,1.704256E+02
3040,1.709496E+02
3045,1.713645E+02
3050,1.710555E+02
3055,1.716425E+02
3060,1.712640E+02
3065,1.709770E+02
3070,1.697330E+02
3075,1.713106E+02
3080,1.689289E+02
3085,1.695258E+02
3090,1.702880E+02
3095,1.701815E+02
3100,1.698112E+02
3105,1.707451E+02
3110,1.696927E+02
3115,1.695296E+02
3120,1.695579E+02
3125,1.690900E+02
3130,1.688248E+02
3135,1.686314E+02
3140,1.684700E+02
3145,1.688902E+02
3150,1.685681E+02
3155,1.705698E+02
3160,1.761456E+02
3165,1.730487E+02
3170,1.691409E+02
3175,1.713352E+02
3180,1.694943E+02
3185,1.703731E+02
3190,1.698604E+02
3195,1.693421E+02
3200,1.688947E+02
3205,1.685375E+02
3210,1.679054E+02
3215,1.673490E+02
3220,1.667727E+02
3225,1.664867E+02
3230,1.664641E+02
3235,1.666936E+02
3240,1.658863E+02
3245,1.653316E+02
3250,1.655332E+02
3255,1.655394E+02
3260,1.651948E+02
3265,1.643417E+02
3270,1.643090E+02
3275,1.645723E+02
3280,1.645371E+02
3285,1.647018E+02
3290,1.646023E+02
3295,1.640266E+02
3300,1.635387E+02
3305,1.642908E+02
3310,1.635917E+02
3315,1.638120E+02
3320,1.634704E+02
3325,1.629878E+02
3330,1.634805E+02
3335,1.630430E+02
3340,1.630557E+02
3345,1.625650E+02
3350,1.622677E+02
3355,1.626365E+02
3360,1.622436E+02
3365,1.623819E+02
3370,1.619913E+02
3375,1.619595E+02
3380,1.624791E+02
3385,1.614029E+02
3390,1.614884E+02
3395,1.611443E+02
3400,1.612637E+02
3405,1.611682E+02
3410,1.608768E+02
3415,1.611060E+02
3420,1.596921E+02
3425,1.603419E+02
3430,1.602282E+02
3435,1.599229E+02
3440,1.612485E+02
3445,1.569347E+02
3450,1.586597E+02
3455,1.581663E+02
3460,1.590021E+02
3465,1.596985E+02
3470,1.595596E+02
3475,1.594047E+02
3480,1.593357E+02
3485,1.594090E+02
3490,1.590029E+02
3495,1.587613E+02
3500,1.584908E+02
3505,1.575928E+02
3510,1.580170E+02
3515,1.594721E+02
3520,1.548523E+02
3525,1.586996E+02
3530,1.552744E+02
3535,1.588535E+02
3540,1.564191E+02
3545,1.569276E+02
3550,1.571995E+02
3555,1.568243E+02
3560,1.564461E+02
3565,1.565742E+02
3570,1.566425E+02
3575,1.564930E+02
3580,1.562482E+02
3585,1.560688E+02
3590,1.556511E+02
3595,1.548995E+02
3600,1.545953E+02
3605,1.550242E+02
3610,1.534083E+02
3615,1.540608E+02
3620,1.548017E+02
3625,1.548907E+02
3630,1.544036E+02
3635,1.536725E+02
3640,1.540517E+02
3645,1.535341E+02
3650,1.529873E+02
3655,1.527994E+02
3660,1.558021E+02
3665,1.537848E+02
3670,1.534638E+02
3675,1.534781E+02
3680,1.548978E+02
3685,1.544810E+02
3690,1.499574E+02
3695,1.538318E+02
3700,1.525051E+02
3705,1.520665E+02
3710,1.522179E+02
3715,1.523505E+02
3720,1.520281E+02
3725,1.518029E+02
3730,1.520061E+02
3735,1.510958E+02
3740,1.508488E+02
3745,1.506219E+02
3750,1.502222E+02
3755,1.498195E+02
3760,1.499557E+02
3765,1.504466E+02
3770,1.490029E+02
3775,1.498948E+02
3780,1.499425E+02
3785,1.492907E+02
3790,1.495445E+02
3795,1.493537E+02
3800,1.495001E+02
3805,1.488295E+02
3810,1.478479E+02
3815,1.477101E+02
3820,1.481543E+02
3825,1.481818E+02
3830,1.479963E+02
3835,1.480373E+02
3840,1.480058E+02
3845,1.470737E+02
3850,1.469580E+02
3855,1.477583E+02
3860,1.471102E+02
3865,1.468388E+02
3870,1.466545E+02
3875,1.470117E+02
3880,1.459220E+02
3885,1.466789E+02
3890,1.462521E+02
3895,1.464800E+02
3900,1.461859E+02
3905,1.458663E+02
3910,1.459292E+02
3915,1.463069E+02
3920,1.454310E+02
3925,1.444603E+02
3930,1.445903E+02
3935,1.456640E+02
3940,1.456520E+02
3945,1.462295E+02
3950,1.451286E+02
3955,1.458075E+02
3960,1.438645E+02
3965,1.491085E+02
3970,1.461500E+02
3975,1.452334E+02
3980,1.442269E+02
3985,1.444483E+02
3990,1.441497E+02
3995,1.435279E+02
4000,1.441058E+02
4005,1.432828E+02
4010,1.436863E+02
4015,1.431886E+02
4020,1.431431E+02
4025,1.424063E+02
4030,1.430376E+02
4035,1.424945E+02
4040,1.428870E+02
4045,1.424980E+02
4050,1.423391E+02
4055,1.420638E+02
4060,1.419518E+02
4065,1.414612E+02
4070,1.415291E+02
4075,1.414761E+02
4080,1.414985E+02
4085,1.408532E+02
4090,1.407002E+02
4095,1.408538E+02
4100,1.411858E+02
4105,1.396917E+02
4110,1.408374E+02
4115,1.328293E+02
4120,1.439083E+02
4125,1.540254E+02
4130,1.412591E+02
4135,1.400703E+02
4140,1.392875E+02
4145,1.397410E+02
4150,1.402431E+02
4155,1.398816E+02
4160,1.394439E+02
4165,1.393544E+02
4170,1.395455E+02
4175,1.391486E+02
4180,1.389037E+02
4185,1.387526E+02
4190,1.388123E+02
4195,1.386130E+02
4200,1.374839E+02
4205,1.380108E+02
4210,1.372766E+02
4215,1.375823E+02
4220,1.371090E+02
4225,1.375976E+02
4230,1.374658E+02
4235,1.363693E+02
4240,1.365105E+02
4245,1.358886E+02
4250,1.361673E+02
4255,1.357789E+02
4260,1.362353E+02
4265,1.361057E+02
4270,1.355641E+02
4275,1.349008E+02
4280,1.344147E+02
4285,1.377771E+02
4290,1.357584E+02
4295,1.351102E+02
4300,1.346739E+02
4305,1.349358E+02
4310,1.350040E+02
4315,1.342494E+02
4320,1.349318E+02
4325,1.346875E+02
4330,1.343955E+02
4335,1.340289E+02
4340,1.346917E+02
4345,1.339691E+02
4350,1.333181E+02
4355,1.347707E+02
4360,1.351218E+02
4365,1.337879E+02
4370,1.333195E+02
4375,1.336738E+02
4380,1.332158E+02
4385,1.328883E+02
4390,1.322415E+02
4395,1.328059E+02
4400,1.326931E+02
4405,1.325966E+02
4410,1.323605E+02
4415,1.316911E+02
4420,1.329074E+02
4425,1.347589E+02
4430,1.338934E+02
4435,1.328018E+02
4440,1.316030E+02
4445,1.315719E+02
4450,1.317822E+02
4455,1.319683E+02
4460,1.316678E+02
4465,1.313320E+02
4470,1.306668E+02
4475,1.300137E+02
4480,1.306007E+02
4485,1.300458E+02
4490,1.300330E+02
4495,1.298630E+02
4500,1.288418E+02
4505,1.284975E+02
4510,1.288756E+02
4515,1.290231E+02
4520,1.291673E+02
4525,1.290115E+02
4530,1.282309E+02
4535,1.287341E+02
4540,1.287148E+02
4545,1.282319E+02
4550,1.286032E+02
4555,1.284224E+02
4560,1.293224E+02
4565,1.287358E+02
4570,1.323475E+02
4575,1.301727E+02
4580,1.288531E+02
4585,1.294521E+02
4590,1.289474E+02
4595,1.281389E+02
4600,1.283353E+02
4605,1.282196E+02
4610,1.279272E+02
4615,1.275865E+02
4620,1.271568E+02
4625,1.270789E+02
4630,1.274063E+02
4635,1.272706E+02
4640,1.268866E+02
4645,1.270978E+02
4650,1.262631E+02
4655,1.262565E+02
4660,1.249792E+02
4665,1.289175E+02
4670,1.430906E+02
4675,1.377368E+02
4680,1.385600E+02
4685,1.358929E+02
4690,1.303365E+02
4695,1.294172E+02
4700,1.279384E+02
4705,1.270625E+02
4710,1.264722E+02
4715,1.258177E+02
4720,1.249744E+02
4725,1.245651E+02
4730,1.245667E+02
4735,1.239578E+02
4740,1.235823E+02
4745,1.233329E+02
4750,1.238975E+02
4755,1.235737E+02
4760,1.237779E+02
4765,1.235088E+02
4770,1.235544E+02
4775,1.230777E+02
4780,1.223052E+02
4785,1.229980E+02
4790,1.225219E+02
4795,1.228741E+02
4800,1.224969E+02
4805,1.217501E+02
4810,1.220541E+02
4815,1.219088E+02
4820,1.217124E+02
4825,1.217437E+02
4830,1.217382E+02
4835,1.212733E+02
4840,1.209422E+02
4845,1.214143E+02
4850,1.205818E+02
4855,1.208683E+02
4860,1.206518E+02
4865,1.209288E+02
4870,1.215198E+02
4875,1.207245E+02
4880,1.193134E+02
4885,1.203706E+02
4890,1.197602E+02
4895,1.192658E+02
4900,1.191786E+02
4905,1.188827E+02
4910,1.186730E+02
4915,1.186961E+02
4920,1.182968E+02
4925,1.187681E+02
4930,1.182233E+02
4935,1.189684E+02
4940,1.182348E+02
4945,1.186087E+02
4950,1.187245E+02
4955,1.187348E+02
4960,1.185341E+02
4965,1.182157E+02
4970,1.179410E+02
4975,1.172454E+02
4980,1.174184E+02
4985,1.175732E+02
4990,1.175432E+02
4995,1.171205E+02
5000,1.172101E+02
5005,1.171703E+02
5010,1.167805E+02
5015,1.162717E+02
5020,1.172319E+02
5025,1.161867E+02
5030,1.167237E+02
5035,1.157985E+02
5040,1.229996E+02
5045,1.216178E+02
5050,1.160990E+02
5055,1.150335E+02
5060,1.140342E+02
5065,1.150583E+02
5070,1.149292E+02
5075,1.148024E+02
5080,1.154112E+02
5085,1.152540E+02
5090,1.150555E+02
5095,1.148260E+02
5100,1.144289E+02
5105,1.142120E+02
5110,1.144092E+02
5115,1.138245E+02
5120,1.138835E+02
5125,1.141491E+02
5130,1.134730E+02
5135,1.134253E+02
5140,1.142870E+02
5145,1.137052E+02
5150,1.137347E+02
5155,1.132704E+02
5160,1.137664E+02
5165,1.139307E+02
5170,1.126243E+02
5175,1.150259E+02
5180,1.143028E+02
5185,1.121369E+02
5190,1.123684E+02
5195,1.115719E+02
5200,1.129139E+02
5205,1.133585E+02
5210,1.127054E+02
5215,1.125946E+02
5220,1.121882E+02
5225,1.120976E+02
5230,1.119131E+02
5235,1.120629E+02
5240,1.116813E+02
5245,1.120594E+02
5250,1.109379E+02
5255,1.160629E+02
5260,1.193495E+02
5265,1.133443E+02
5270,1.135035E+02
5275,1.124523E+02
5280,1.122691E+02
5285,1.120623E+02
5290,1.125261E+02
5295,1.136044E+02
5300,1.123222E+02
5305,1.116326E+02
5310,1.118393E+02
5315,1.115953E+02
5320,1.108814E+02
5325,1.109012E+02
5330,1.113444E+02
5335,1.110032E+02
5340,1.108608E+02
5345,1.104951E+02
5350,1.101786E+02
5355,1.096858E+02
5360,1.100566E+02
5365,1.095753E+02
5370,1.100038E+02
5375,1.105892E+02
5380,1.091807E+02
5385,1.091625E+02
5390,1.094483E+02
5395,1.095494E+02
5400,1.088622E+02
5405,1.085246E+02
5410,1.096247E+02
5415,1.087351E+02
5420,1.083773E+02
5425,1.086189E+02
5430,1.088610E+02
5435,1.092939E+02
5440,1.083680E+02
5445,1.088754E+02
5450,1.082726E+02
5455,1.080844E+02
5460,1.085025E+02
5465,1.084383E+02
5470,1.091942E+02
5475,1.084815E+02
5480,1.087431E+02
5485,1.074692E+02
5490,1.078945E+02
5495,1.082818E+02
5500,1.077631E+02
5505,1.072020E+02
5510,1.068992E+02
5515,1.084431E+02
5520,1.073599E+02
5525,1.071301E+02
5530,1.073379E+02
5535,1.066874E+02
5540,1.070409E+02
5545,1.069412E+02
5550,1.064409E+02
5555,1.066836E+02
5560,1.066138E+02
5565,1.063842E+02
5570,1.068860E+02
5575,1.060952E+02
5580,1.061411E+02
5585,1.069964E+02
5590,1.058313E+02
5595,1.055502E+02
5600,1.056268E+02
5605,1.053269E+02
5610,1.052888E+02
5615,1.045914E+02
5620,1.076861E+02
5625,1.089691E+02
5630,1.067282E+02
5635,1.058542E+02
5640,1.054603E+02
5645,1.051879E+02
5650,1.051586E+02
5655,1.052013E+02
5660,1.047712E+02
5665,1.048363E+02
5670,1.044546E+02
5675,1.040467E+02
5680,1.045596E+02
5685,1.045494E+02
5690,1.034518E+02
5695,1.038173E+02
5700,1.041898E+02
5705,1.042916E+02
5710,1.036255E+02
5715,1.036881E+02
5720,1.044444E+02
5725,1.036101E+02
5730,1.033907E+02
5735,1.040199E+02
5740,1.037665E+02
5745,1.037890E+02
5750,1.039667E+02
5755,1.034034E+02
5760,1.032945E+02
5765,1.035305E+02
5770,1.024073E+02
5775,1.027732E+02
5780,1.027343E+02
5785,1.031107E+02
5790,1.026470E+02
5795,1.029714E+02
5800,1.026410E+02
5805,1.026410E+02
5810,1.025605E+02
5815,1.024247E+02
5820,1.024763E+02
5825,1.034098E+02
5830,1.043644E+02
5835,1.038130E+02
5840,1.047303E+02
5845,1.031080E+02
5850,1.026767E+02
5855,1.026334E+02
5860,1.024403E+02
5865,1.017804E+02
5870,1.022370E+02
5875,1.020955E+02
5880,1.023054E+02
5885,1.017013E+02
5890,1.015915E+02
5895,1.015504E+02
5900,1.013542E+02
5905,1.016178E+02
5910,1.014045E+02
5915,1.013339E+02
5920,1.011431E+02
5925,1.012512E+02
5930,1.015035E+02
5935,1.019247E+02
5940,1.016476E+02
5945,1.009024E+02
5950,1.014254E+02
5955,1.007639E+02
5960,1.013184E+02
5965,1.006652E+02
5970,1.005173E+02
5975,1.006566E+02
5980,1.009921E+02
5985,1.005455E+02
5990,1.011335E+02
5995,1.002150E+02
6000,1.006025E+02
6005,1.009430E+02
6010,1.003000E+02
6015,9.980204E+01
6020,1.004407E+02
6025,9.996482E+01
6030,9.994470E+01
6035,1.000615E+02
6040,1.000150E+02
6045,9.983828E+01
6050,1.004634E+02
6055,9.958618E+01
6060,1.009217E+02
6065,9.978581E+01
6070,1.180090E+02
6075,1.235441E+02
6080,1.303109E+02
6085,1.222102E+02
6090,1.103883E+02
6095,1.079169E+02
6100,1.048451E+02
6105,1.038015E+02
6110,1.031484E+02
6115,1.016509E+02
6120,1.010167E+02
6125,1.003372E+02
6130,1.004004E+02
6135,9.981815E+01
6140,9.974158E+01
6145,9.915452E+01
6150,9.951761E+01
6155,9.917743E+01
6160,9.852742E+01
6165,9.823862E+01
6170,9.805229E+01
6175,9.836822E+01
6180,9.845370E+01
6185,9.857444E+01
6190,9.766567E+01
6195,1.004604E+02
6200,9.993243E+01
6205,9.791873E+01
6210,9.913353E+01
6215,9.815977E+01
6220,9.793328E+01
6225,9.792770E+01
6230,9.773303E+01
6235,9.786596E+01
6240,9.795340E+01
6245,9.768991E+01
6250,9.660191E+01
6255,9.707171E+01
6260,9.708606E+01
6265,9.748916E+01
6270,9.737535E+01
6275,9.680529E+01
6280,9.674592E+01
6285,9.701583E+01
6290,9.703911E+01
6295,9.715787E+01
6300,9.705123E+01
6305,9.658319E+01
6310,9.714028E+01
6315,9.710457E+01
6320,9.634264E+01
6325,9.648945E+01
6330,9.653561E+01
6335,9.629425E+01
6340,9.620336E+01
6345,9.647144E+01
6350,9.661837E+01
6355,9.672149E+01
6360,9.622035E+01
6365,9.619913E+01
6370,9.709205E+01
6375,9.702919E+01
6380,9.646815E+01
6385,9.635455E+01
6390,9.539464E+01
6395,9.621420E+01
6400,9.566510E+01
6405,9.550392E+01
6410,9.606863E+01
6415,9.585168E+01
6420,9.525610E+01
6425,9.535735E+01
6430,9.526835E+01
6435,9.491842E+01
6440,9.584260E+01
6445,9.505267E+01
6450,9.565373E+01
6455,9.541167E+01
6460,9.558840E+01
6465,9.557639E+01
6470,9.515485E+01
6475,9.564885E+01
6480,9.456980E+01
6485,9.776592E+01
6490,9.669286E+01
6495,9.590108E+01
6500,9.538961E+01
6505,9.575739E+01
6510,9.556185E+01
6515,9.529937E+01
6520,9.498476E+01
6525,9.445085E+01
6530,9.478805E+01
6535,9.495156E+01
6540,9.471863E+01
6545,9.504126E+01
6550,9.450245E+01
6555,9.485663E+01
6560,9.444319E+01
6565,9.463839E+01
6570,9.422971E+01
6575,9.425283E+01
6580,9.454209E+01
6585,9.480387E+01
6590,9.450311E+01
6595,9.458893E+01
6600,9.416943E+01
6605,9.443152E+01
6610,9.414959E+01
6615,9.458084E+01
6620,9.379453E+01
6625,9.345540E+01
6630,9.351186E+01
6635,9.392650E+01
6640,9.392069E+01
6645,9.330225E+01
6650,9.401680E+01
6655,9.300796E+01
6660,9.309275E+01
6665,9.397397E+01
6670,9.427958E+01
6675,9.531100E+01
6680,9.318237E+01
6685,9.302103E+01
6690,9.354673E+01
6695,9.361346E+01
6700,9.356722E+01
6705,9.320904E+01
6710,9.287087E+01
6715,9.277887E+01
6720,9.330850E+01
6725,9.318956E+01
6730,9.359103E+01
6735,9.309716E+01
6740,9.347754E+01
6745,9.359658E+01
6750,9.415438E+01
6755,9.346227E+01
6760,9.380139E+01
6765,9.295509E+01
6770,9.347424E+01
6775,9.315881E+01
6780,9.337764E+01
6785,9.338802E+01
6790,9.333777E+01
6795,9.300011E+01
6800,9.314567E+01
6805,9.369548E+01
6810,9.438660E+01
6815,9.318792E+01
6820,9.338047E+01
6825,9.318776E+01
6830,9.363630E+01
6835,9.375501E+01
6840,9.321616E+01
6845,9.282620E+01
6850,9.268987E+01
6855,9.256907E+01
6860,9.278446E+01
6865,9.283467E+01
6870,9.279022E+01
6875,9.219218E+01
6880,9.404106E+01
6885,9.171551E+01
6890,9.324330E+01
6895,9.217925E+01
6900,9.262136E+01
6905,9.253679E+01
6910,9.229576E+01
6915,9.239032E+01
6920,9.207094E+01
6925,9.157395E+01
6930,9.180090E+01
6935,9.156485E+01
6940,9.192039E+01
6945,9.242031E+01
6950,9.267574E+01
6955,9.288300E+01
6960,9.211555E+01
6965,9.305558E+01
6970,9.221559E+01
6975,9.219105E+01
6980,9.171580E+01
6985,9.224119E+01
6990,9.175038E+01
6995,9.137593E+01
7000,9.217997E+01
7005,9.183227E+01
7010,9.219091E+01
7015,9.205330E+01
7020,9.195541E+01
7025,9.144724E+01
7030,9.193696E+01
7035,9.138546E+01
7040,9.198147E+01
7045,9.209694E+01
7050,9.240353E+01
7055,1.041069E+02
7060,9.605473E+01
7065,9.410237E+01
7070,9.302786E+01
7075,9.231675E+01
7080,9.167003E+01
7085,9.150540E+01
7090,9.184963E+01
7095,9.146176E+01
7100,9.121362E+01
7105,9.108774E+01
7110,9.168866E+01
7115,9.165517E+01
7120,9.166042E+01
7125,9.173700E+01
7130,9.132239E+01
7135,9.181862E+01
7140,9.164924E+01
7145,9.160536E+01
7150,9.149217E+01
7155,9.185758E+01
7160,9.120717E+01
7165,9.132407E+01
7170,9.161371E+01
7175,9.107527E+01
7180,9.133656E+01
7185,9.148894E+01
7190,9.146122E+01
7195,9.133979E+01
7200,9.091758E+01
7205,9.098002E+01
7210,9.111538E+01
7215,9.059687E+01
7220,9.032747E+01
7225,9.109404E+01
7230,9.088586E+01
7235,9.099633E+01
7240,9.061780E+01
7245,9.016825E+01
7250,9.102156E+01
7255,9.002874E+01
7260,9.035667E+01
7265,9.119855E+01
7270,9.016216E+01
7275,9.094178E+01
7280,8.994938E+01
7285,9.176636E+01
7290,9.058681E+01
7295,9.055152E+01
7300,9.050944E+01
7305,9.103879E+01
7310,9.275908E+01
7315,9.100656E+01
7320,9.050371E+01
7325,9.053873E+01
7330,9.051245E+01
7335,9.042825E+01
7340,9.054282E+01
7345,9.036509E+01
7350,9.010179E+01
7355,9.067072E+01
7360,8.983409E+01
7365,9.076385E+01
7370,8.974924E+01
7375,9.045063E+01
7380,9.035344E+01
7385,9.016830E+01
7390,8.978052E+01
7395,8.947988E+01
7400,8.986689E+01
7405,8.928511E+01
7410,8.962236E+01
7415,8.952005E+01
7420,8.923674E+01
7425,8.928539E+01
7430,8.946228E+01
7435,8.920495E+01
7440,9.065723E+01
7445,8.949500E+01
7450,8.949833E+01
7455,8.955906E+01
7460,8.974295E+01
7465,9.004047E+01
7470,9.004210E+01
7475,8.909223E+01
7480,8.962398E+01
7485,8.992826E+01
7490,8.903284E+01
7495,8.865607E+01
7500,8.941068E+01
7505,8.867083E+01
7510,8.900544E+01
7515,8.927665E+01
7520,8.909930E+01
7525,8.933757E+01
7530,8.893668E+01
7535,8.916978E+01
7540,8.872065E+01
7545,8.888689E+01
7550,8.953870E+01
7555,8.819032E+01
7560,9.098101E+01
7565,8.998065E+01
7570,9.063456E+01
7575,8.952166E+01
7580,8.981494E+01
7585,9.025945E+01
7590,8.857256E+01
7595,8.847841E+01
7600,8.849978E+01
7605,8.868480E+01
7610,8.845475E+01
7615,8.828894E+01
7620,8.809390E+01
7625,8.813990E+01
7630,8.853474E+01
7635,8.833402E+01
7640,8.902612E+01
7645,8.849028E+01
7650,8.820493E+01
7655,8.821560E+01
7660,8.783857E+01
7665,8.871653E+01
7670,8.835883E+01
7675,8.839880E+01
7680,8.803944E+01
7685,8.814170E+01
7690,8.809735E+01
7695,8.843978E+01
7700,8.852328E+01
7705,8.825049E+01
7710,8.844700E+01
7715,8.802420E+01
7720,8.882855E+01
7725,9.011929E+01
7730,8.908467E+01
7735,8.950469E+01
7740,8.923032E+01
7745,8.888417E+01
7750,8.892925E+01
7755,8.888149E+01
7760,8.872042E+01
7765,8.878505E+01
7770,8.919390E+01
7775,8.779088E+01
7780,8.862582E+01
7785,8.890481E+01
7790,8.865119E+01
7795,8.805153E+01
7800,8.849501E+01
7805,8.822888E+01
7810,8.793054E+01
7815,8.857567E+01
7820,8.770770E+01
7825,8.800679E+01
7830,8.790012E+01
7835,8.865040E+01
7840,8.797853E+01
7845,8.945248E+01
7850,8.833829E+01
7855,8.881273E+01
7860,8.841525E+01
7865,8.806472E+01
7870,8.820214E+01
7875,8.823371E+01
7880,8.763193E+01
7885,8.807342E+01
7890,8.795128E+01
7895,8.814719E+01
7900,8.781705E+01
7905,8.820759E+01
7910,8.794399E+01
7915,8.808727E+01
7920,8.951714E+01
7925,8.852076E+01
7930,8.790248E+01
7935,8.811075E+01
7940,8.829475E+01
7945,8.813270E+01
7950,8.806962E+01
7955,8.814180E+01
7960,8.803367E+01
7965,8.782358E+01
7970,8.853132E+01
7975,8.817855E+01
7980,8.791359E+01
7985,8.775987E+01
7990,8.811172E+01
7995,8.777271E+01
8000,8.778291E+01
8005,8.810942E+01
8010,8.718781E+01
8015,8.735257E+01
8020,8.755159E+01
8025,8.658878E+01
8030,8.751998E+01
8035,8.715153E+01
8040,8.752506E+01
8045,8.711942E+01
8050,8.688674E+01
8055,8.739919E+01
8060,8.737255E+01
8065,8.695314E+01
8070,8.720261E+01
8075,8.739271E+01
8080,8.709385E+01
8085,8.674722E+01
8090,8.712953E+01
8095,8.692875E+01
8100,8.680980E+01
8105,8.729503E+01
8110,8.696420E+01
8115,8.724503E+01
8120,8.702596E+01
8125,8.676822E+01
8130,8.660486E+01
8135,8.687392E+01
8140,8.653680E+01
8145,8.719222E+01
8150,8.669476E+01
8155,8.676774E+01
8160,8.692084E+01
8165,8.710206E+01
8170,8.668787E+01
8175,8.699680E+01
8180,8.721168E+01
8185,8.757258E+01
8190,8.687871E+01
8195,8.696221E+01
8200,8.694242E+01
8205,8.637075E+01
8210,8.718685E+01
8215,8.628738E+01
8220,8.745529E+01
8225,8.636666E+01
8230,8.685784E+01
8235,8.677386E+01
8240,8.714158E+01
8245,8.714363E+01
8250,8.695354E+01
8255,8.754454E+01
8260,8.713999E+01
8265,8.716887E+01
8270,8.719451E+01
8275,8.726196E+01
8280,8.631743E+01
8285,8.750037E+01
8290,8.742609E+01
8295,8.769253E+01
8300,8.687181E+01
8305,8.753844E+01
8310,8.724318E+01
8315,8.689266E+01
8320,8.727864E+01
8325,8.675161E+01
8330,8.723652E+01
8335,8.665615E+01
8340,8.694808E+01
8345,8.734067E+01
8350,8.709764E+01
8355,8.684214E+01
8360,8.694043E+01
8365,8.696905E+01
8370,8.715223E+01
8375,8.717842E+01
8380,8.681923E+01
8385,8.672182E+01
8390,8.784193E+01
8395,8.721720E+01
8400,8.689026E+01
8405,8.740015E+01
8410,8.648307E+01
8415,8.665846E+01
8420,8.702880E+01
8425,8.651248E+01
8430,8.657473E+01
8435,8.697748E+01
8440,8.614122E+01
8445,8.642422E+01
8450,8.649012E+01
8455,8.623687E+01
8460,8.639079E+01
8465,8.585946E+01
8470,8.635616E+01
8475,8.605677E+01
8480,8.648926E+01
8485,8.662426E+01
8490,8.647521E+01
8495,8.618521E+01
8500,8.577596E+01
8505,8.639175E+01
8510,8.685956E+01
8515,8.624117E+01
8520,8.694780E+01
8525,8.655909E+01
8530,8.658180E+01
8535,8.625073E+01
8540,8.707697E+01
8545,8.628645E+01
8550,8.618307E+01
8555,8.646427E+01
8560,8.674249E+01
8565,8.620356E+01
8570,8.677259E+01
8575,8.603230E+01
8580,8.679957E+01
8585,8.745410E+01
8590,8.579487E+01
8595,8.646199E+01
8600,8.603235E+01
8605,8.673246E+01
8610,8.615425E+01
8615,8.649940E+01
8620,8.610775E+01
8625,8.624693E+01
8630,8.624606E+01
8635,8.587766E+01
8640,8.595071E+01
8645,8.566456E+01
8650,8.542930E+01
8655,8.601255E+01
8660,8.641716E+01
8665,8.598262E+01
8670,8.583225E+01
8675,8.575381E+01
8680,8.587353E+01
8685,8.580316E+01
8690,8.646494E+01
8695,8.607405E+01
8700,8.631941E+01
8705,8.635907E+01
8710,8.625526E+01
8715,8.631265E+01
8720,8.673049E+01
8725,8.932251E+01
8730,9.278710E+01
8735,9.387987E+01
8740,8.976213E+01
8745,9.002073E+01
8750,8.940451E+01
8755,8.801973E+01
8760,8.700822E+01
8765,8.669219E+01
8770,8.644653E+01
8775,8.591060E+01
8780,8.628165E+01
8785,8.559675E+01
8790,8.552523E+01
8795,8.590323E+01
8800,8.556056E+01
8805,8.586051E+01
8810,8.557361E+01
8815,8.523459E+01
8820,8.571639E+01
8825,8.504683E+01
8830,8.546873E+01
8835,8.552593E+01
8840,8.513495E+01
8845,8.597717E+01
8850,8.503728E+01
8855,8.594241E+01
8860,8.497552E+01
8865,8.539219E+01
8870,8.533477E+01
8875,8.515188E+01
8880,8.523828E+01
8885,8.543966E+01
8890,8.491248E+01
8895,8.493185E+01
8900,8.491577E+01
8905,8.491686E+01
8910,8.487402E+01
8915,8.493650E+01
8920,8.484424E+01
8925,8.395452E+01
8930,8.480981E+01
8935,8.514559E+01
8940,8.449067E+01
8945,8.435294E+01
8950,8.466850E+01
8955,8.523112E+01
8960,8.508085E+01
8965,8.522319E+01
8970,8.503583E+01
8975,8.528747E+01
8980,8.553333E+01
8985,8.486064E+01
8990,8.497399E+01
8995,8.595550E+01
9000,8.540432E+01
9005,8.485898E+01
9010,8.505217E+01
9015,8.468596E+01
9020,8.498121E+01
9025,8.507982E+01
9030,8.514933E+01
9035,8.543706E+01
9040,8.522588E+01
9045,8.498971E+01
9050,8.502877E+01
9055,8.522452E+01
9060,8.484698E+01
9065,8.455560E+01
9070,8.478481E+01
9075,8.436624E+01
9080,8.478774E+01
9085,8.444548E+01
9090,8.495995E+01
9095,8.469380E+01
9100,8.426365E+01
9105,8.427299E+01
9110,8.471030E+01
9115,8.467812E+01
9120,8.462590E+01
9125,8.486234E+01
9130,8.414293E+01
9135,8.432266E+01
9140,8.573467E+01
9145,8.487894E+01
9150,8.393516E+01
9155,8.444662E+01
9160,8.433611E+01
9165,8.439733E+01
9170,8.445802E+01
9175,8.476763E+01
9180,8.502615E+01
9185,8.531067E+01
9190,8.487252E+01
9195,8.474912E+01
9200,8.481174E+01
9205,8.573853E+01
9210,8.523551E+01
9215,8.474209E+01
9220,8.465239E+01
9225,8.512380E+01
9230,8.480787E+01
9235,8.449633E+01
9240,8.478692E+01
9245,8.501714E+01
9250,8.446211E+01
9255,8.473625E+01
9260,8.442539E+01
9265,8.484348E+01
9270,8.484878E+01
9275,8.505618E+01
9280,8.466489E+01
9285,8.460963E+01
9290,8.457540E+01
9295,8.455384E+01
9300,8.506301E+01
9305,8.579661E+01
9310,8.441296E+01
9315,8.472861E+01
9320,8.448123E+01
9325,8.436663E+01
9330,8.436697E+01
9335,8.425979E+01
9340,8.498047E+01
9345,8.390727E+01
9350,8.443696E+01
9355,8.431885E+01
9360,8.426319E+01
9365,8.443829E+01
9370,8.413862E+01
9375,8.416350E+01
9380,8.410955E+01
9385,8.438289E+01
9390,8.434556E+01
9395,8.454930E+01
9400,8.428367E+01
9405,8.395518E+01
9410,8.447822E+01
9415,8.394336E+01
9420,8.428860E+01
9425,8.469192E+01
9430,8.439073E+01
9435,8.448976E+01
9440,8.385041E+01
9445,8.445242E+01
9450,8.407457E+01
9455,8.486347E+01
9460,8.443844E+01
9465,8.389149E+01
9470,8.421893E+01
9475,8.443516E+01
9480,8.467388E+01
9485,8.445322E+01
9490,8.481660E+01
9495,8.451914E+01
9500,8.453494E+01
9505,8.434148E+01
9510,8.429308E+01
9515,8.424791E+01
9520,8.414741E+01
9525,8.356931E+01
9530,8.355107E+01
9535,8.365562E+01
9540,8.379111E+01
9545,8.362322E+01
9550,8.405710E+01
9555,8.405763E+01
9560,8.390775E+01
9565,8.409073E+01
9570,8.354113E+01
9575,8.400829E+01
9580,8.517650E+01
9585,8.433724E+01
9590,8.443978E+01
9595,8.433337E+01
9600,8.431115E+01
9605,8.382333E+01
9610,8.440043E+01
9615,8.388533E+01
9620,8.429598E+01
9625,8.436345E+01
9630,8.396454E+01
9635,8.393923E+01
9640,8.429504E+01
9645,8.403392E+01
9650,8.330378E+01
9655,8.447220E+01
9660,8.380716E+01
9665,8.381918E+01
9670,8.365025E+01
9675,8.389678E+01
9680,8.420621E+01
9685,8.403743E+01
9690,8.425317E+01
9695,8.389050E+01
9700,8.370687E+01
9705,8.398167E+01
9710,8.397014E+01
9715,8.416597E+01
9720,8.425951E+01
9725,8.425131E+01
9730,8.369996E+01
9735,8.388281E+01
9740,8.395037E+01
9745,8.336633E+01
9750,8.409231E+01
9755,8.400237E+01
9760,8.361343E+01
9765,8.408955E+01
9770,8.393445E+01
9775,8.364560E+01
9780,8.370197E+01
9785,8.303988E+01
9790,8.381105E+01
9795,8.342181E+01
9800,8.371627E+01
9805,8.496568E+01
9810,8.527987E+01
9815,8.632194E+01
9820,8.515509E+01
9825,8.578572E+01
9830,8.608362E+01
9835,8.459472E+01
9840,8.422495E+01
9845,8.441041E+01
9850,8.404656E+01
9855,8.357526E+01
9860,8.336282E+01
9865,8.359384E+01
9870,8.332180E+01
9875,8.383970E+01
9880,8.325294E+01
9885,8.369561E+01
9890,8.291801E+01
9895,8.304128E+01
9900,8.411737E+01
9905,9.203381E+01
9910,8.938076E+01
9915,8.628467E+01
9920,8.549611E+01
9925,8.497582E+01
9930,8.460487E+01
9935,8.403740E+01
9940,8.404500E+01
9945,8.335054E+01
9950,8.331633E+01
9955,8.358621E+01
9960,8.296533E+01
9965,8.305196E+01
9970,8.314626E+01
9975,8.331219E+01
9980,8.233268E+01
9985,8.255409E+01
9990,8.289834E+01
9995,8.212306E+01
10000,8.230184E+01
10005,8.236970E+01
10010,8.255095E+01
10015,8.200585E+01
10020,8.241500E+01
10025,8.325887E+01
10030,8.290639E+01
10035,8.270181E+01
10040,8.231595E+01
10045,8.293479E+01
10050,8.345913E+01
10055,8.253066E+01
10060,8.254971E+01
10065,8.284753E+01
10070,8.276232E+01
10075,8.262803E+01
10080,8.260280E+01
10085,8.274001E+01
10090,8.277632E+01
10095,8.213094E+01
10100,8.251309E+01
10105,8.232458E+01
10110,8.266619E+01
10115,8.238984E+01
10120,8.266171E+01
10125,8.279871E+01
10130,8.220204E+01
10135,8.231119E+01
10140,8.247050E+01
10145,8.304974E+01
10150,8.267996E+01
10155,8.282783E+01
10160,8.195133E+01
10165,8.306812E+01
10170,8.281448E+01
10175,8.206189E+01
10180,8.232491E+01
10185,8.218864E+01
10190,8.215088E+01
10195,8.185051E+01
10200,8.257128E+01
10205,8.237711E+01
10210,8.194108E+01
10215,8.184623E+01
10220,8.212189E+01
10225,8.200566E+01
10230,8.244604E+01
10235,8.200383E+01
10240,8.213405E+01
10245,8.212113E+01
10250,8.165962E+01
10255,8.179170E+01
10260,8.160409E+01
10265,8.146118E+01
10270,8.134761E+01
10275,8.195098E+01
10280,8.143115E+01
10285,8.139343E+01
10290,8.131930E+01
10295,8.179106E+01
10300,8.140663E+01
10305,8.216135E+01
10310,8.138259E+01
10315,8.153875E+01
10320,8.178000E+01
10325,8.110700E+01
10330,8.193473E+01
10335,8.140627E+01
10340,8.211356E+01
10345,8.115217E+01
10350,8.143478E+01
10355,8.164193E+01
10360,8.148164E+01
10365,8.188299E+01
10370,8.163285E+01
10375,8.166613E+01
10380,8.193220E+01
10385,8.209012E+01
10390,8.168806E+01
10395,8.128254E+01
10400,8.118636E+01
10405,8.209644E+01
10410,8.129424E+01
10415,8.129478E+01
10420,8.131407E+01
10425,8.114224E+01
10430,8.162153E+01
10435,8.163303E+01
10440,8.126973E+01
10445,8.189320E+01
10450,8.137147E+01
10455,8.197184E+01
10460,8.164402E+01
10465,8.090833E+01
10470,8.169980E+01
10475,8.138451E+01
10480,8.111692E+01
10485,8.140278E+01
10490,8.104085E+01
10495,8.156066E+01
10500,8.148495E+01
10505,8.093932E+01
10510,8.202308E+01
10515,8.171113E+01
10520,8.203505E+01
10525,8.069326E+01
10530,8.176030E+01
10535,8.157175E+01
10540,8.113769E+01
10545,8.094957E+01
10550,8.064589E+01
10555,8.192756E+01
10560,8.148973E+01
10565,8.167152E+01
10570,8.176520E+01
10575,8.092467E+01
10580,8.058987E+01
10585,8.067340E+01
10590,8.085773E+01
10595,8.150197E+01
10600,8.039469E+01
10605,8.150159E+01
10610,8.144368E+01
10615,8.136428E+01
10620,8.107484E+01
10625,8.127385E+01
10630,8.068628E+01
10635,8.079725E+01
10640,8.090396E+01
10645,8.065316E+01
10650,8.173790E+01
10655,8.132069E+01
10660,8.095505E+01
10665,8.107194E+01
10670,8.125894E+01
10675,8.084377E+01
10680,8.100325E+01
10685,8.071340E+01
10690,8.114024E+01
10695,8.075306E+01
10700,8.075458E+01
10705,8.058504E+01
10710,8.062424E+01
10715,8.030643E+01
10720,8.105138E+01
10725,8.067975E+01
10730,8.073152E+01
10735,8.097134E+01
10740,8.067445E+01
10745,8.033881E+01
10750,8.030967E+01
10755,8.099858E+01
10760,8.046116E+01
10765,8.062125E+01
10770,8.087287E+01
10775,8.063819E+01
10780,8.128550E+01
10785,8.082397E+01
10790,8.028695E+01
10795,8.069703E+01
10800,8.026321E+01
10805,8.023091E+01
10810,8.027252E+01
10815,8.061014E+01
10820,8.101160E+01
10825,8.020699E+01
10830,8.052955E+01
10835,8.043408E+01
10840,8.051877E+01
10845,8.056934E+01
10850,8.076708E+01
10855,8.037877E+01
10860,8.036560E+01
10865,8.013866E+01
10870,8.086741E+01
10875,8.048575E+01
10880,8.070564E+01
10885,8.045464E+01
10890,8.022263E+01
10895,8.092968E+01
10900,8.024979E+01
10905,8.047946E+01
10910,8.074966E+01
10915,8.054900E+01
10920,8.037977E+01
10925,8.021711E+01
10930,7.997446E+01
10935,8.002882E+01
10940,8.095650E+01
10945,8.090247E+01
10950,8.006654E+01
10955,8.047963E+01
10960,8.047133E+01
10965,8.069733E+01
10970,8.079340E+01
10975,8.067036E+01
10980,8.071850E+01
10985,8.078646E+01
10990,8.107335E+01
10995,8.079002E+01
11000,8.029246E+01
11005,8.056806E+01
11010,8.072390E+01
11015,8.005873E+01
11020,8.036062E+01
11025,8.119102E+01
11030,8.035217E+01
11035,8.016417E+01
11040,7.999888E+01
11045,8.052026E+01
11050,8.008362E+01
11055,8.023033E+01
11060,8.049331E+01
11065,8.037711E+01
11070,8.040026E+01
11075,8.024628E+01
11080,8.074690E+01
11085,8.045594E+01
11090,8.049326E+01
11095,8.078574E+01
11100,8.055409E+01
11105,8.055009E+01
11110,8.042043E+01
11115,8.054673E+01
11120,8.065309E+01
11125,8.047292E+01
11130,8.018220E+01
11135,8.029705E+01
11140,8.008740E+01
11145,8.005139E+01
11150,8.071129E+01
11155,8.057435E+01
11160,8.032094E+01
11165,7.964814E+01
11170,8.048167E+01
11175,7.956586E+01
11180,7.980222E+01
11185,7.988514E+01
11190,8.035734E+01
11195,8.011149E+01
11200,8.081261E+01
11205,8.032003E+01
11210,8.005206E+01
11215,8.017711E+01
11220,7.962275E+01
11225,7.997197E+01
11230,7.981074E+01
11235,8.015132E+01
11240,8.022451E+01
11245,7.963065E+01
11250,7.953109E+01
11255,8.000309E+01
11260,7.945690E+01
11265,7.964270E+01
11270,8.002418E+01
11275,7.983558E+01
11280,8.012596E+01
11285,8.141565E+01
11290,8.129747E+01
11295,8.122712E+01
11300,8.108870E+01
11305,8.025387E+01
11310,8.000217E+01
11315,7.999020E+01
11320,7.971322E+01
11325,7.951077E+01
11330,7.958014E+01
11335,7.978907E+01
11340,7.980066E+01
11345,7.930747E+01
11350,7.957323E+01
11355,7.955591E+01
11360,7.906246E+01
11365,7.938011E+01
11370,7.955527E+01
11375,7.894652E+01
11380,7.953771E+01
11385,7.971091E+01
11390,7.911263E+01
11395,7.961000E+01
11400,7.941436E+01
11405,7.938416E+01
11410,7.962425E+01
11415,7.935756E+01
11420,7.958705E+01
11425,7.867898E+01
11430,7.919070E+01
11435,7.981093E+01
11440,7.955399E+01
11445,7.942229E+01
11450,7.898164E+01
11455,7.920173E+01
11460,7.892059E+01
11465,7.943628E+01
11470,7.893077E+01
11475,7.925493E+01
11480,7.922328E+01
11485,7.925366E+01
11490,7.902885E+01
11495,7.890979E+01
11500,7.870039E+01
11505,7.885057E+01
11510,7.904250E+01
11515,7.864372E+01
11520,7.898687E+01
11525,7.841924E+01
11530,7.821283E+01
11535,7.845251E+01
11540,7.829141E+01
11545,7.882604E+01
11550,7.854352E+01
11555,7.906343E+01
11560,7.869208E+01
11565,7.878011E+01
11570,7.830259E+01
11575,7.850303E+01
11580,7.903187E+01
11585,7.863207E+01
11590,7.814218E+01
11595,7.843752E+01
11600,7.887717E+01
11605,7.836200E+01
11610,7.873837E+01
11615,7.821753E+01
11620,7.854362E+01
11625,7.808098E+01
11630,7.896808E+01
11635,7.854167E+01
11640,7.873072E+01
11645,7.884974E+01
11650,7.865283E+01
11655,7.809456E+01
11660,7.846399E+01
11665,7.839969E+01
11670,7.920800E+01
11675,7.863617E+01
11680,7.835441E+01
11685,7.854000E+01
11690,7.827844E+01
11695,7.883330E+01
11700,7.863812E+01
11705,7.805101E+01
11710,7.885480E+01
11715,7.800023E+01
11720,7.917309E+01
11725,7.825216E+01
11730,7.804578E+01
11735,7.816076E+01
11740,7.825803E+01
11745,7.811797E+01
11750,7.822155E+01
11755,7.867649E+01
11760,7.861023E+01
11765,7.864634E+01
11770,7.850685E+01
11775,7.859753E+01
11780,7.858458E+01
11785,7.821293E+01
11790,7.864042E+01
11795,7.868643E+01
11800,7.843803E+01
11805,7.855056E+01
11810,7.864949E+01
11815,7.830421E+01
11820,7.851526E+01
11825,7.848467E+01
11830,7.909213E+01
11835,7.846199E+01
11840,7.859230E+01
11845,7.826631E+01
11850,7.844472E+01
11855,7.837243E+01
11860,7.796317E+01
11865,7.765344E+01
11870,7.829589E+01
11875,7.835502E+01
11880,7.819232E+01
11885,7.783991E+01
11890,7.884338E+01
11895,7.996157E+01
11900,7.781113E+01
11905,7.805138E+01
11910,7.826031E+01
11915,7.789407E+01
11920,7.846693E+01
11925,7.829666E+01
11930,7.842534E+01
11935,7.859408E+01
11940,7.924578E+01
11945,7.803400E+01
11950,7.814741E+01
11955,7.827740E+01
11960,7.821068E+01
11965,7.843646E+01
11970,7.810231E+01
11975,7.827478E+01
11980,7.789952E+01
11985,7.750011E+01
11990,7.792056E+01
11995,7.769023E+01
12000,7.818604E+01
12005,7.774662E+01
12010,7.732154E+01
12015,7.786740E+01
12020,7.801733E+01
12025,7.834707E+01
12030,7.773917E+01
12035,7.766530E+01
12040,7.827804E+01
12045,7.833855E+01
12050,7.771794E+01
12055,7.806041E+01
12060,7.769274E+01
12065,7.784404E+01
12070,7.781759E+01
12075,7.779814E+01
12080,7.764915E+01
12085,7.769029E+01
12090,7.819656E+01
12095,7.776404E+01
12100,7.764878E+01
12105,7.775432E+01
12110,7.798125E+01
12115,7.770681E+01
12120,7.827848E+01
12125,7.734701E+01
12130,7.763367E+01
12135,7.813965E+01
12140,7.802660E+01
12145,7.815043E+01
12150,7.792045E+01
12155,7.776237E+01
12160,7.711344E+01
12165,7.817814E+01
12170,7.808635E+01
12175,7.769114E+01
12180,7.769548E+01
12185,7.748409E+01
12190,7.729779E+01
12195,7.726694E+01
12200,7.749312E+01
12205,7.719761E+01
12210,7.769550E+01
12215,7.765314E+01
12220,7.740908E+01
12225,7.791008E+01
12230,7.749567E+01
12235,7.741441E+01
12240,7.762594E+01
12245,7.807792E+01
12250,7.749643E+01
12255,7.750545E+01
12260,7.755950E+01
12265,7.812692E+01
12270,7.757057E+01
12275,7.737528E+01
12280,7.752766E+01
12285,7.692363E+01
12290,7.829454E+01
12295,7.794460E+01
12300,7.708754E+01
12305,7.734128E+01
12310,7.742745E+01
12315,7.683644E+01
12320,7.777582E+01
12325,7.704048E+01
12330,7.706857E+01
12335,7.769012E+01
12340,7.667116E+01
12345,7.750161E+01
12350,7.817383E+01
12355,7.707151E+01
12360,7.733648E+01
12365,7.697661E+01
12370,7.783953E+01
12375,7.753714E+01
12380,7.763313E+01
12385,7.739853E+01
12390,7.725204E+01
12395,7.710266E+01
12400,7.758071E+01
12405,7.721395E+01
12410,7.724498E+01
12415,7.701553E+01
12420,7.707655E+01
12425,7.739130E+01
12430,7.707900E+01
12435,7.714346E+01
12440,7.710585E+01
12445,7.733475E+01
12450,7.709896E+01
12455,7.708448E+01
12460,7.691896E+01
12465,7.727127E+01
12470,7.730833E+01
12475,7.683314E+01
12480,7.680257E+01
12485,7.772987E+01
12490,7.670115E+01
12495,7.701284E+01
12500,7.710252E+01
12505,7.703355E+01
12510,7.711488E+01
12515,7.695526E+01
12520,7.688655E+01
12525,7.690326E+01
12530,7.723732E+01
12535,7.638458E+01
12540,7.651289E+01
12545,7.700126E+01
12550,7.663504E+01
12555,7.666099E+01
12560,7.686399E+01
12565,7.651677E+01
12570,7.660619E+01
12575,7.698596E+01
12580,7.700720E+01
12585,7.680870E+01
12590,7.632236E+01
12595,7.635352E+01
12600,7.664037E+01
12605,7.658108E+01
12610,7.697467E+01
12615,7.642936E+01
12620,7.639265E+01
12625,7.634096E+01
12630,7.652546E+01
12635,7.592067E+01
12640,7.621376E+01
12645,7.669955E+01
12650,7.626770E+01
12655,7.631523E+01
12660,7.607468E+01
12665,7.627175E+01
12670,7.626681E+01
12675,7.627323E+01
12680,7.658928E+01
12685,7.617729E+01
12690,7.587135E+01
12695,7.621877E+01
12700,7.661219E+01
12705,7.625148E+01
12710,7.682522E+01
12715,7.695790E+01
12720,7.690764E+01
12725,7.724808E+01
12730,7.618189E+01
12735,7.670745E+01
12740,7.692823E+01
12745,7.627084E+01
12750,7.673730E+01
12755,7.689464E+01
12760,7.662745E+01
12765,7.654181E+01
12770,7.629683E+01
12775,7.708569E+01
12780,7.674586E+01
12785,7.654138E+01
12790,7.676825E+01
12795,7.675524E+01
12800,7.641785E+01
12805,7.644249E+01
12810,7.664534E+01
12815,7.665032E+01
12820,7.624533E+01
12825,7.617518E+01
12830,7.596061E+01
12835,7.605145E+01
12840,7.598933E+01
12845,7.583016E+01
12850,7.663312E+01
12855,7.675228E+01
12860,7.661525E+01
12865,7.617544E+01
12870,7.674568E+01
12875,7.619401E+01
12880,7.678057E+01
12885,7.582415E+01
12890,7.639412E+01
12895,7.649324E+01
12900,7.592671E+01
12905,7.594413E+01
12910,7.597025E+01
12915,7.684935E+01
12920,7.650554E+01
12925,7.617079E+01
12930,7.605715E+01
12935,7.655453E+01
12940,7.590348E+01
12945,7.642767E+01
12950,7.664283E+01
12955,7.648564E+01
12960,7.677961E+01
12965,7.584927E+01
12970,7.654604E+01
12975,7.584589E+01
12980,7.612373E+01
12985,7.682762E+01
12990,7.672233E+01
12995,7.594978E+01
13000,7.656934E+01
13005,7.626180E+01
13010,7.607112E+01
13015,7.642081E+01
13020,7.611125E+01
13025,7.660631E+01
13030,7.603526E+01
13035,7.633810E+01
13040,7.598945E+01
13045,7.577035E+01
13050,7.581614E+01
13055,7.657222E+01
13060,7.639394E+01
13065,7.618783E+01
13070,7.629200E+01
13075,7.655140E+01
13080,7.604609E+01
13085,7.625293E+01
13090,7.617396E+01
13095,7.584423E+01
13100,7.619555E+01
13105,7.636902E+01
13110,7.553540E+01
13115,7.629236E+01
13120,7.572010E+01
13125,7.629035E+01
13130,7.617105E+01
13135,7.574080E+01
13140,7.640629E+01
13145,7.622695E+01
13150,7.622500E+01
13155,7.641864E+01
13160,7.616807E+01
13165,7.623999E+01
13170,7.636326E+01
13175,7.609498E+01
13180,7.640359E+01
13185,7.617838E+01
13190,7.564810E+01
13195,7.567360E+01
13200,7.593739E+01
13205,7.578674E+01
13210,7.593684E+01
13215,7.602807E+01
13220,7.582542E+01
13225,7.605507E+01
13230,7.555156E+01
13235,7.629282E+01
13240,7.597605E+01
13245,7.629858E+01
13250,7.599073E+01
13255,7.607881E+01
13260,7.509678E+01
13265,7.665123E+01
13270,7.605027E+01
13275,7.616595E+01
13280,7.583180E+01
13285,7.555881E+01
13290,7.609331E+01
13295,7.637109E+01
13300,7.849315E+01
13305,7.807446E+01
13310,7.700425E+01
13315,7.677631E+01
13320,7.648645E+01
13325,7.631913E+01
13330,7.638602E+01
13335,7.604310E+01
13340,7.638996E+01
13345,7.585708E+01
13350,7.586356E+01
13355,7.589194E+01
13360,7.580106E+01
13365,7.602262E+01
13370,7.629430E+01
13375,7.587427E+01
13380,7.620644E+01
13385,7.572460E+01
13390,7.613235E+01
13395,7.607359E+01
13400,7.556143E+01
13405,7.621246E+01
13410,7.607252E+01
13415,7.560543E+01
13420,7.606742E+01
13425,7.622339E+01
13430,7.548789E+01
13435,7.565368E+01
13440,7.581940E+01
13445,7.611893E+01
13450,7.535182E+01
13455,7.579252E+01
13460,7.566165E+01
13465,7.576521E+01
13470,7.600446E+01
13475,7.599701E+01
13480,7.601730E+01
13485,7.591005E+01
13490,7.512972E+01
13495,7.610375E+01
13500,7.598177E+01
13505,7.586674E+01
13510,7.637401E+01
13515,7.544144E+01
13520,7.591534E+01
13525,7.584044E+01
13530,7.562882E+01
13535,7.513044E+01
13540,7.593514E+01
13545,7.572098E+01
13550,7.581379E+01
13555,7.576190E+01
13560,7.537686E+01
13565,7.643077E+01
13570,7.581120E+01
13575,7.578649E+01
13580,7.561320E+01
13585,7.541163E+01
13590,7.621514E+01
13595,7.618669E+01
13600,7.578375E+01
13605,7.594208E+01
13610,7.632302E+01
13615,7.560127E+01
13620,7.558616E+01
13625,7.622310E+01
13630,7.611513E+01
13635,7.593479E+01
13640,7.630801E+01
13645,7.556443E+01
13650,7.603237E+01
13655,7.632145E+01
13660,7.591042E+01
13665,7.648635E+01
13670,7.631730E+01
13675,7.581769E+01
13680,7.609144E+01
13685,7.619160E+01
13690,7.587422E+01
13695,7.599380E+01
13700,7.595474E+01
13705,7.656339E+01
13710,7.599535E+01
13715,7.605228E+01
13720,7.539230E+01
13725,7.559687E+01
13730,7.574507E+01
13735,7.591276E+01
13740,7.535279E+01
13745,7.591719E+01
13750,7.611425E+01
13755,7.564142E+01
13760,7.532966E+01
13765,7.588322E+01
13770,7.565375E+01
13775,7.590995E+01
13780,7.525131E+01
13785,7.579350E+01
13790,7.587910E+01
13795,7.608418E+01
13800,7.605229E+01
13805,7.609693E+01
13810,7.641321E+01
13815,7.592374E+01
13820,7.607420E+01
13825,7.556628E+01
13830,7.545754E+01
13835,7.539532E+01
13840,7.575542E+01
13845,7.571720E+01
13850,7.565085E+01
13855,7.606730E+01
13860,7.601121E+01
13865,7.554755E+01
13870,7.556005E+01
13875,7.545297E+01
13880,7.577499E+01
13885,7.541319E+01
13890,7.556848E+01
13895,7.556980E+01
13900,7.562167E+01
13905,7.528404E+01
13910,7.584035E+01
13915,7.586661E+01
13920,7.599739E+01
13925,7.535754E+01
13930,7.559254E+01
13935,7.527927E+01
13940,7.583712E+01
13945,7.542633E+01
13950,7.542393E+01
13955,7.530626E+01
13960,7.511364E+01
13965,7.733568E+01
13970,7.722452E+01
13975,7.580881E+01
13980,7.536633E+01
13985,7.629164E+01
13990,7.500081E+01
13995,7.534219E+01
14000,7.561813E+01
14005,7.525151E+01
14010,7.534644E+01
14015,7.525487E+01
14020,7.525610E+01
14025,7.509818E+01
14030,7.484427E+01
14035,7.479819E+01
14040,7.549913E+01
14045,7.547886E+01
14050,7.469468E+01
14055,7.456075E+01
14060,7.536549E+01
14065,7.550535E+01
14070,7.569880E+01
14075,7.493083E+01
14080,7.482389E+01
14085,7.555612E+01
14090,7.499250E+01
14095,7.571053E+01
14100,7.490746E+01
14105,7.562658E+01
14110,7.577648E+01
14115,7.538120E+01
14120,7.533685E+01
14125,7.567127E+01
14130,7.542157E+01
14135,7.551477E+01
14140,7.567081E+01
14145,7.481636E+01
14150,7.550340E+01
14155,7.515369E+01
14160,7.512521E+01
14165,7.523240E+01
14170,7.515411E+01
14175,7.502743E+01
14180,7.493861E+01
14185,7.526274E+01
14190,7.524863E+01
14195,7.521055E+01
14200,7.504114E+01
14205,7.516251E+01
14210,7.525559E+01
14215,7.533875E+01
14220,7.520878E+01
14225,7.496432E+01
14230,7.514199E+01
14235,7.519886E+01
14240,7.527781E+01
14245,7.508248E+01
14250,7.533136E+01
14255,7.555899E+01
14260,7.490424E+01
14265,7.525115E+01
14270,7.525051E+01
14275,7.514127E+01
14280,7.526661E+01
14285,7.525398E+01
14290,7.481910E+01
14295,7.517039E+01
14300,7.499797E+01
14305,7.478459E+01
14310,7.525767E+01
14315,7.544890E+01
14320,7.487616E+01
14325,7.495580E+01
14330,7.524039E+01
14335,7.441193E+01
14340,7.514348E+01
14345,7.497278E+01
14350,7.533387E+01
14355,7.518765E+01
14360,7.546109E+01
14365,7.518829E+01
14370,7.493347E+01
14375,7.524388E+01
14380,7.481302E+01
14385,7.541716E+01
14390,7.479561E+01
14395,7.523558E+01
14400,7.502866E+01
14405,7.512471E+01
14410,7.492827E+01
14415,7.517424E+01
14420,7.463141E+01
14425,7.555984E+01
14430,7.514915E+01
14435,7.486863E+01
14440,7.524611E+01
14445,7.447005E+01
14450,7.483292E+01
14455,7.507838E+01
14460,7.520123E+01
14465,7.523787E+01
14470,7.492270E+01
14475,7.491053E+01
14480,7.482374E+01
14485,7.517625E+01
14490,7.494620E+01
14495,7.456826E+01
14500,7.469640E+01
14505,7.594215E+01
14510,7.519772E+01
14515,7.460470E+01
14520,7.517676E+01
14525,7.521516E+01
14530,7.459468E+01
14535,7.486188E+01
14540,7.482854E+01
14545,7.518868E+01
14550,7.492229E+01
14555,7.448724E+01
14560,7.517218E+01
14565,7.628154E+01
14570,7.585338E+01
14575,7.602968E+01
14580,7.570234E+01
14585,7.529514E+01
14590,7.486755E+01
14595,7.483652E+01
14600,7.596825E+01
14605,7.557042E+01
14610,7.535068E+01
14615,7.529536E+01
14620,7.516588E+01
14625,7.548124E+01
14630,7.537223E+01
14635,7.542826E+01
14640,7.532856E+01
14645,7.535921E+01
14650,7.566354E+01
14655,7.518716E+01
14660,7.554263E+01
14665,7.528249E+01
14670,7.538644E+01
14675,7.507444E+01
14680,7.550892E+01
14685,7.464504E+01
14690,7.523287E+01
14695,7.513627E+01
14700,7.503680E+01
14705,7.463447E+01
14710,7.540354E+01
14715,7.398663E+01
14720,7.512141E+01
14725,7.547181E+01
14730,7.488818E+01
14735,7.507183E+01
14740,7.506208E+01
14745,7.483624E+01
14750,7.468516E+01
14755,7.488293E+01
14760,7.525161E+01
14765,7.508955E+01
14770,7.450035E+01
14775,7.506323E+01
14780,7.508689E+01
14785,7.472463E+01
14790,7.493154E+01
14795,7.455502E+01
14800,7.483180E+01
14805,7.502546E+01
14810,7.496007E+01
14815,7.511425E+01
14820,7.457331E+01
14825,7.494301E+01
14830,7.443257E+01
14835,7.495078E+01
14840,7.480386E+01
14845,7.473121E+01
14850,7.486898E+01
14855,7.418871E+01
14860,7.487716E+01
14865,7.490005E+01
14870,7.442767E+01
14875,7.425878E+01
14880,7.531697E+01
14885,7.495302E+01
14890,7.431193E+01
14895,7.503651E+01
14900,7.434030E+01
14905,7.520219E+01
14910,7.423447E+01
14915,7.492837E+01
14920,7.522306E+01
14925,7.489951E+01
14930,7.513916E+01
14935,7.483440E+01
14940,7.508998E+01
14945,7.479315E+01
14950,7.474158E+01
14955,7.493276E+01
14960,7.560413E+01
14965,7.468381E+01
14970,7.487944E+01
14975,7.497657E+01
14980,7.428199E+01
14985,7.532814E+01
14990,7.477400E+01
14995,7.486370E+01
15000,7.462751E+01
15005,7.416111E+01
15010,7.495968E+01
15015,7.436614E+01
15020,7.460531E+01
15025,7.501609E+01
15030,7.450950E+01
15035,7.427222E+01
15040,7.518754E+01
15045,7.481957E+01
15050,7.444547E+01
15055,7.433947E+01
15060,7.464785E+01
15065,7.420034E+01
15070,7.441054E+01
15075,7.495568E+01
15080,7.424734E+01
15085,7.427172E+01
15090,7.453717E+01
15095,7.429708E+01
15100,7.487423E+01
15105,7.489283E+01
15110,7.426764E+01
15115,7.429675E+01
15120,7.455649E+01
15125,7.456591E+01
15130,7.468468E+01
15135,7.468713E+01
15140,7.421680E+01
15145,7.396172E+01
15150,7.384571E+01
15155,7.449207E+01
15160,7.426400E+01
15165,7.393762E+01
15170,7.466776E+01
15175,7.444503E+01
15180,7.474315E+01
15185,7.408651E+01
15190,7.457625E+01
15195,7.463402E+01
15200,7.485321E+01
15205,7.477590E+01
15210,7.490458E+01
15215,7.414764E+01
15220,7.505881E+01
15225,7.468466E+01
15230,7.454299E+01
15235,7.368007E+01
15240,7.472551E+01
15245,7.501429E+01
15250,7.384348E+01
15255,7.437334E+01
15260,7.463814E+01
15265,7.432261E+01
15270,7.432535E+01
15275,7.378330E+01
15280,7.444848E+01
15285,7.433867E+01
15290,7.459667E+01
15295,7.419752E+01
15300,7.420087E+01
15305,7.430656E+01
15310,7.424041E+01
15315,7.357481E+01
15320,7.437561E+01
15325,7.413244E+01
15330,7.374352E+01
15335,7.397586E+01
15340,7.413290E+01
15345,7.394882E+01
15350,7.426016E+01
15355,7.395249E+01
15360,7.392489E+01
15365,7.395414E+01
15370,7.402933E+01
15375,7.376553E+01
15380,7.429042E+01
15385,7.383226E+01
15390,7.381106E+01
15395,7.422056E+01
15400,7.422346E+01
15405,7.448934E+01
15410,7.424639E+01
15415,7.483687E+01
15420,7.405348E+01
15425,7.452778E+01
15430,7.394258E+01
15435,7.404953E+01
15440,7.393632E+01
15445,7.421229E+01
15450,7.440993E+01
15455,7.454263E+01
15460,7.420803E+01
15465,7.408854E+01
15470,7.395982E+01
15475,7.452507E+01
15480,7.399100E+01
15485,7.415262E+01
15490,7.376758E+01
15495,7.373317E+01
15500,7.437632E+01
15505,7.378910E+01
15510,7.362233E+01
15515,7.382704E+01
15520,7.362932E+01
15525,7.379700E+01
15530,7.370396E+01
15535,7.421500E+01
15540,7.394775E+01
15545,7.385402E+01
15550,7.391737E+01
15555,7.296791E+01
15560,7.389653E+01
15565,7.367460E+01
15570,7.379376E+01
15575,7.380150E+01
15580,7.331716E+01
15585,7.347802E+01
15590,7.336588E+01
15595,7.349268E+01
15600,7.382263E+01
15605,7.348643E+01
15610,7.371544E+01
15615,7.344828E+01
15620,7.382483E+01
15625,7.347036E+01
15630,7.364091E+01
15635,7.384519E+01
15640,7.318091E+01
15645,7.377692E+01
15650,7.350538E+01
15655,7.354071E+01
15660,7.367433E+01
15665,7.366221E+01
15670,7.354220E+01
15675,7.324719E+01
15680,7.375153E+01
15685,7.384755E+01
15690,7.325745E+01
15695,7.369944E+01
15700,7.341429E+01
15705,7.369263E+01
15710,7.327488E+01
15715,7.368135E+01
15720,7.322911E+01
15725,7.354495E+01
15730,7.341647E+01
15735,7.327125E+01
15740,7.377361E+01
15745,7.281578E+01
15750,7.290560E+01
15755,7.365336E+01
15760,7.318173E+01
15765,7.311241E+01
15770,7.308490E+01
15775,7.319548E+01
15780,7.344087E+01
15785,7.349284E+01
15790,7.301315E+01
15795,7.344703E+01
15800,7.315282E+01
15805,7.346577E+01
15810,7.281931E+01
15815,7.351974E+01
15820,7.364408E+01
15825,7.346525E+01
15830,7.336410E+01
15835,7.316746E+01
15840,7.371492E+01
15845,7.290583E+01
15850,7.348823E+01
15855,7.333043E+01
15860,7.286071E+01
15865,7.327550E+01
15870,7.355016E+01
15875,7.345849E+01
15880,7.328782E+01
15885,7.321798E+01
15890,7.355295E+01
15895,7.343463E+01
15900,7.341241E+01
15905,7.362479E+01
15910,7.321041E+01
15915,7.346065E+01
15920,7.273488E+01
15925,7.414046E+01
15930,7.306688E+01
15935,7.314531E+01
15940,7.604063E+01
15945,7.442250E+01
15950,7.403329E+01
15955,7.491570E+01
15960,7.335980E+01
15965,7.364598E+01
15970,7.318705E+01
15975,7.340336E+01
15980,7.346755E+01
15985,7.305278E+01
15990,7.307501E+01
15995,7.325944E+01
16000,7.290754E+01
16005,7.288277E+01
16010,7.362642E+01
16015,7.337534E+01
16020,7.309765E+01
16025,7.324144E+01
16030,7.344037E+01
16035,7.337394E+01
16040,7.284274E+01
16045,7.316667E+01
16050,7.279119E+01
16055,7.308757E+01
16060,7.294237E+01
16065,7.343136E+01
16070,7.266417E+01
16075,7.331458E+01
16080,7.317766E+01
16085,7.316100E+01
16090,7.282054E+01
16095,7.304229E+01
16100,7.281075E+01
16105,7.312792E+01
16110,7.320043E+01
16115,7.329979E+01
16120,7.300106E+01
16125,7.343776E+01
16130,7.323223E+01
16135,7.272146E+01
16140,7.331570E+01
16145,7.245311E+01
16150,7.296772E+01
16155,7.267925E+01
16160,7.305946E+01
16165,7.256285E+01
16170,7.213849E+01
16175,7.324536E+01
16180,7.278790E+01
16185,7.263407E+01
16190,7.336403E+01
16195,7.305723E+01
16200,7.244602E+01
16205,7.333198E+01
16210,7.230372E+01
16215,7.235844E+01
16220,7.334724E+01
16225,7.337391E+01
16230,7.298765E+01
16235,7.274026E+01
16240,7.317994E+01
16245,7.251014E+01
16250,7.283743E+01
16255,7.330251E+01
16260,7.308912E+01
16265,7.296068E+01
16270,7.235204E+01
16275,7.269349E+01
16280,7.266304E+01
16285,7.311141E+01
16290,7.259619E+01
16295,7.279543E+01
16300,7.316975E+01
16305,7.266044E+01
16310,7.277665E+01
16315,7.280974E+01
16320,7.333092E+01
16325,7.354427E+01
16330,7.281196E+01
16335,7.332859E+01
16340,7.308873E+01
16345,7.267985E+01
16350,7.283419E+01
16355,7.312831E+01
16360,7.294961E+01
16365,7.298786E+01
16370,7.280527E+01
16375,7.265951E+01
16380,7.329475E+01
16385,7.348423E+01
16390,7.292269E+01
16395,7.344864E+01
16400,7.342985E+01
16405,7.309619E+01
16410,7.324333E+01
16415,7.269511E+01
16420,7.318901E+01
16425,7.286511E+01
16430,7.283008E+01
16435,7.329841E+01
16440,7.321101E+01
16445,7.298984E+01
16450,7.282053E+01
16455,7.310592E+01
16460,7.324149E+01
16465,7.283489E+01
16470,7.315695E+01
16475,7.295469E+01
16480,7.398359E+01
16485,7.276802E+01
16490,7.267717E+01
16495,7.318710E+01
16500,7.264828E+01
16505,7.294337E+01
16510,7.321150E+01
16515,7.271115E+01
16520,7.291924E+01
16525,7.317007E+01
16530,7.336652E+01
16535,7.324398E+01
16540,7.297428E+01
16545,7.317567E+01
16550,7.225340E+01
16555,7.302764E+01
16560,7.305180E+01
16565,7.322131E+01
16570,7.240205E+01
16575,7.305846E+01
16580,7.280893E+01
16585,7.281466E+01
16590,7.312971E+01
16595,7.288953E+01
16600,7.412386E+01
16605,7.297935E+01
16610,7.287921E+01
16615,7.333881E+01
16620,7.303829E+01
16625,7.278092E+01
16630,7.281957E+01
16635,7.338148E+01
16640,7.306207E+01
16645,7.319114E+01
16650,7.331986E+01
16655,7.247369E+01
16660,7.370246E+01
16665,7.293743E+01
16670,7.327811E+01
16675,7.308495E+01
16680,7.378007E+01
16685,7.304598E+01
16690,7.314289E+01
16695,7.319803E+01
16700,7.309127E+01
16705,7.352925E+01
16710,7.306419E+01
16715,7.246953E+01
16720,7.263657E+01
16725,7.309408E+01
16730,7.328418E+01
16735,7.346572E+01
16740,7.338063E+01
16745,7.337943E+01
16750,7.319026E+01
16755,7.295067E+01
16760,7.333945E+01
16765,7.361852E+01
16770,7.300093E+01
16775,7.304016E+01
16780,7.311259E+01
16785,7.334502E+01
16790,7.317249E+01
16795,7.345919E+01
16800,7.294559E+01
16805,7.269908E+01
16810,7.306974E+01
16815,7.296947E+01
16820,7.316160E+01
16825,7.371090E+01
16830,7.312326E+01
16835,7.308190E+01
16840,7.331147E+01
16845,7.328240E+01
16850,7.309692E+01
16855,7.365723E+01
16860,7.318245E+01
16865,7.353436E+01
16870,7.319602E+01
16875,7.309360E+01
16880,7.340254E+01
16885,7.289252E+01
16890,7.313443E+01
16895,7.301418E+01
16900,7.342294E+01
16905,7.309305E+01
16910,7.285432E+01
16915,7.302200E+01
16920,7.305205E+01
16925,7.397648E+01
16930,7.313090E+01
16935,7.292048E+01
16940,7.316095E+01
16945,7.315359E+01
16950,7.357019E+01
16955,7.294427E+01
16960,7.304693E+01
16965,7.315018E+01
16970,7.305670E+01
16975,7.312028E+01
16980,7.347535E+01
16985,7.298085E+01
16990,7.258662E+01
16995,7.325286E+01
17000,7.329141E+01
17005,7.307174E+01
17010,7.308456E+01
17015,7.583890E+01
17020,7.304791E+01
17025,7.365089E+01
17030,7.311674E+01
17035,7.335241E+01
17040,7.297754E+01
17045,7.311521E+01
17050,7.287880E+01
17055,7.303270E+01
17060,7.270835E+01
17065,7.245891E+01
17070,7.291507E+01
17075,7.295286E+01
17080,7.284850E+01
17085,7.291950E+01
17090,7.340322E+01
17095,7.252112E+01
17100,7.322520E+01
17105,7.264135E+01
17110,7.292631E+01
17115,7.293569E+01
17120,7.281612E+01
17125,7.321827E+01
17130,7.302411E+01
17135,7.285585E+01
17140,7.274134E+01
17145,7.247061E+01
17150,7.357750E+01
17155,7.334572E+01
17160,7.287953E+01
17165,7.304797E+01
17170,7.311002E+01
17175,7.330439E+01
17180,7.308151E+01
17185,7.323560E+01
17190,7.310086E+01
17195,7.290223E+01
17200,7.286589E+01
17205,7.324904E+01
17210,7.366576E+01
17215,7.284706E+01
17220,7.287266E+01
17225,7.308773E+01
17230,7.342346E+01
17235,7.322474E+01
17240,7.270829E+01
17245,7.317816E+01
17250,7.353334E+01
17255,7.342701E+01
17260,7.340626E+01
17265,7.292382E+01
17270,7.323049E+01
17275,7.357802E+01
17280,7.282723E+01
17285,7.355320E+01
17290,7.296368E+01
17295,7.286777E+01
17300,7.315267E+01
17305,7.321414E+01
17310,7.301461E+01
17315,7.295827E+01
17320,7.298884E+01
17325,7.245226E+01
17330,7.272944E+01
17335,7.258502E+01
17340,7.349701E+01
17345,7.313306E+01
17350,7.304590E+01
17355,7.253264E+01
17360,7.318353E+01
17365,7.325739E+01
17370,7.266544E+01
17375,7.299886E+01
17380,7.270262E+01
17385,7.344931E+01
17390,7.320292E+01
17395,7.244545E+01
17400,7.296829E+01
17405,7.252228E+01
17410,7.271161E+01
17415,7.292964E+01
17420,7.268333E+01
17425,7.261709E+01
17430,7.278904E+01
17435,7.213284E+01
17440,7.278520E+01
17445,7.299864E+01
17450,7.247226E+01
17455,7.280935E+01
17460,7.282720E+01
17465,7.302455E+01
17470,7.258818E+01
17475,7.279859E+01
17480,7.328152E+01
17485,7.323310E+01
17490,7.335154E+01
17495,7.299690E+01
17500,7.308061E+01
17505,7.288569E+01
17510,7.324991E+01
17515,7.342829E+01
17520,7.339750E+01
17525,7.322275E+01
17530,7.313632E+01
17535,7.312313E+01
17540,7.311938E+01
17545,7.363500E+01
17550,7.430941E+01
17555,7.335344E+01
17560,7.325844E+01
17565,7.372965E+01
17570,7.317912E+01
17575,7.320222E+01
17580,7.292849E+01
17585,7.280989E+01
17590,7.321475E+01
17595,7.259072E+01
17600,7.318098E+01
17605,7.302427E+01
17610,7.271499E+01
17615,7.284242E+01
17620,7.267461E+01
17625,7.296545E+01
17630,7.252941E+01
17635,7.233967E+01
17640,7.283007E+01
17645,7.328301E+01
17650,7.314671E+01
17655,7.271588E+01
17660,7.344562E+01
17665,7.287988E+01
17670,7.282380E+01
17675,7.318968E+01
17680,7.264572E+01
17685,7.277032E+01
17690,7.269097E+01
17695,7.327783E+01
17700,7.213823E+01
17705,7.242017E+01
17710,7.291969E+01
17715,7.245734E+01
17720,7.293928E+01
17725,7.286414E+01
17730,7.254147E+01
17735,7.250333E+01
17740,7.250620E+01
17745,7.303094E+01
17750,7.293195E+01
17755,7.278886E+01
17760,7.249263E+01
17765,7.292106E+01
17770,7.302829E+01
17775,7.323018E+01
17780,7.268290E+01
17785,7.280978E+01
17790,7.315916E+01
17795,7.272830E+01
17800,7.299556E+01
17805,7.283115E+01
17810,7.311315E+01
17815,7.300558E+01
17820,7.292366E+01
17825,7.299368E+01
17830,7.281499E+01
17835,7.278094E+01
17840,7.298975E+01
17845,7.270198E+01
17850,7.307878E+01
17855,7.292518E+01
17860,7.331565E+01
17865,7.285873E+01
17870,7.242817E+01
17875,7.285366E+01
17880,7.296181E+01
17885,7.292687E+01
17890,7.262011E+01
17895,7.289197E+01
17900,7.303719E+01
17905,7.290151E+01
17910,7.316321E+01
17915,7.295330E+01
17920,7.312565E+01
17925,7.253798E+01
17930,7.332885E+01
17935,7.297198E+01
17940,7.337986E+01
17945,7.304103E+01
17950,7.277704E+01
17955,7.287320E+01
17960,7.311744E+01
17965,7.277444E+01
17970,7.253794E+01
17975,7.338555E+01
17980,7.283894E+01
17985,7.251625E+01
17990,7.324414E+01
17995,7.296124E+01
18000,7.266116E+01
18005,7.227254E+01
18010,7.336286E+01
18015,7.243096E+01
18020,7.258481E+01
18025,7.315396E+01
18030,7.315449E+01
18035,7.253010E+01
18040,7.294709E+01
18045,7.326577E+01
18050,7.251547E+01
18055,7.266368E+01
18060,7.300193E+01
18065,7.280804E+01
18070,7.280961E+01
18075,7.299019E+01
18080,7.337657E+01
18085,7.231835E+01
18090,7.285430E+01
18095,7.285802E+01
18100,7.263203E+01
18105,7.322837E+01
18110,7.260835E+01
18115,7.297115E+01
18120,7.318348E+01
18125,7.254741E+01
18130,7.321316E+01
18135,7.273532E+01
18140,7.320999E+01
18145,7.277238E+01
18150,7.334679E+01
18155,7.315959E+01
18160,7.285175E+01
18165,7.291625E+01
18170,7.290698E+01
18175,7.290504E+01
18180,7.303452E+01
18185,7.247575E+01
18190,7.289305E+01
18195,7.277216E+01
18200,7.246775E+01
18205,7.215626E+01
18210,7.259069E+01
18215,7.247989E+01
18220,7.269166E+01
18225,7.279852E+01
18230,7.275749E+01
18235,7.246924E+01
18240,7.270874E+01
18245,7.225110E+01
18250,7.298229E+01
18255,7.287949E+01
18260,7.325299E+01
18265,7.296958E+01
18270,7.321857E+01
18275,7.273551E+01
18280,7.313242E+01
18285,7.272011E+01
18290,7.271741E+01
18295,7.202235E+01
18300,7.287284E+01
18305,7.262926E+01
18310,7.259968E+01
18315,7.246696E+01
18320,7.303366E+01
18325,7.272003E+01
18330,7.301976E+01
18335,7.300796E+01
18340,7.292196E+01
18345,7.267153E+01
18350,7.310794E+01
18355,7.308244E+01
18360,7.329037E+01
18365,7.264495E+01
18370,7.318323E+01
18375,7.288137E+01
18380,7.243549E+01
18385,7.283217E+01
18390,7.355998E+01
18395,7.285400E+01
18400,7.286707E+01
18405,7.258511E+01
18410,7.283323E+01
18415,7.236359E+01
18420,7.288973E+01
18425,7.289598E+01
18430,7.288091E+01
18435,7.261194E+01
18440,7.269382E+01
18445,7.210714E+01
18450,7.292114E+01
18455,7.262358E+01
18460,7.251072E+01
18465,7.299828E+01
18470,7.260499E+01
18475,7.230870E+01
18480,7.252804E+01
18485,7.285800E+01
18490,7.247512E+01
18495,7.281226E+01
18500,7.275031E+01
18505,7.242968E+01
18510,7.230220E+01
18515,7.320924E+01
18520,7.240027E+01
18525,7.236620E+01
18530,7.290817E+01
18535,7.275316E+01
18540,7.277881E+01
18545,7.280898E+01
18550,7.204167E+01
18555,7.256246E+01
18560,7.310977E+01
18565,7.272400E+01
18570,7.228776E+01
18575,7.230878E+01
18580,7.232780E+01
18585,7.245825E+01
18590,7.275150E+01
18595,7.315809E+01
18600,7.253782E+01
18605,7.243752E+01
18610,7.276813E+01
18615,7.318920E+01
18620,7.322114E+01
18625,7.228062E+01
18630,7.317809E+01
18635,7.277926E+01
18640,7.293778E+01
18645,7.279373E+01
18650,7.249236E+01
18655,7.297048E+01
18660,7.273190E+01
18665,7.234861E+01
18670,7.243437E+01
18675,7.290975E+01
18680,7.247947E+01
18685,7.210696E+01
18690,7.165573E+01
18695,7.218316E+01
18700,7.345552E+01
18705,7.300300E+01
18710,7.214189E+01
18715,7.242775E+01
18720,7.225185E+01
18725,7.180615E+01
18730,7.226061E+01
18735,7.269253E+01
18740,7.192866E+01
18745,7.258664E+01
18750,7.231838E+01
18755,7.252435E+01
18760,7.233354E+01
18765,7.217562E+01
18770,7.264375E+01
18775,7.305452E+01
18780,7.252084E+01
18785,7.255142E+01
18790,7.237914E+01
18795,7.291871E+01
18800,7.259713E+01
18805,7.233089E+01
18810,7.292336E+01
18815,7.255073E+01
18820,7.235483E+01
18825,7.272466E+01
18830,7.299250E+01
18835,7.235851E+01
18840,7.243865E+01
18845,7.301972E+01
18850,7.248201E+01
18855,7.273523E+01
18860,7.242190E+01
18865,7.214836E+01
18870,7.278834E+01
18875,7.240000E+01
18880,7.214420E+01
18885,7.274924E+01
18890,7.244060E+01
18895,7.252833E+01
18900,7.191799E+01
18905,7.212857E+01
18910,7.208220E+01
18915,7.257363E+01
18920,7.222274E+01
18925,7.230602E+01
18930,7.244324E+01
18935,7.229233E+01
18940,7.245192E+01
18945,7.203657E+01
18950,7.279830E+01
18955,7.230886E+01
18960,7.242154E+01
18965,7.194796E+01
18970,7.233191E+01
18975,7.183859E+01
18980,7.203716E+01
18985,7.197607E+01
18990,7.207488E+01
18995,7.226448E+01
19000,7.182054E+01
19005,7.205964E+01
19010,7.238139E+01
19015,7.200491E+01
19020,7.237438E+01
19025,7.199329E+01
19030,7.236141E+01
19035,7.226055E+01
19040,7.244736E+01
19045,7.231100E+01
19050,7.221829E+01
19055,7.213353E+01
19060,7.183307E+01
19065,7.190337E+01
19070,7.181320E+01
19075,7.270237E+01
19080,7.204556E+01
19085,7.263434E+01
19090,7.198184E+01
19095,7.200350E+01
19100,7.170679E+01
19105,7.220108E+01
19110,7.217556E+01
19115,7.209532E+01
19120,7.178376E+01
19125,7.244789E+01
19130,7.177417E+01
19135,7.194894E+01
19140,7.202205E+01
19145,7.238158E+01
19150,7.194060E+01
19155,7.192611E+01
19160,7.203598E+01
19165,7.213026E+01
19170,7.246648E+01
19175,7.217612E+01
19180,7.245077E+01
19185,7.199684E+01
19190,7.197059E+01
19195,7.197222E+01
19200,7.193474E+01
19205,7.160878E+01
19210,7.117714E+01
19215,7.138896E+01
19220,7.143329E+01
19225,7.151501E+01
19230,7.139032E+01
19235,7.193792E+01
19240,7.158080E+01
19245,7.165460E+01
19250,7.210577E+01
19255,7.247061E+01
19260,7.209620E+01
19265,7.169981E+01
19270,7.135591E+01
19275,7.155168E+01
19280,7.176338E+01
19285,7.180089E+01
19290,7.213585E+01
19295,7.170689E+01
19300,7.148736E+01
19305,7.214194E+01
19310,7.156351E+01
19315,7.137740E+01
19320,7.184965E+01
19325,7.198370E+01
19330,7.177744E+01
19335,7.147180E+01
19340,7.140424E+01
19345,7.164438E+01
19350,7.147492E+01
19355,7.132009E+01
19360,7.147072E+01
19365,7.109316E+01
19370,7.152805E+01
19375,7.143505E+01
19380,7.089045E+01
19385,7.131316E+01
19390,7.162271E+01
19395,7.170622E+01
19400,7.150954E+01
19405,7.135894E+01
19410,7.156341E+01
19415,7.132275E+01
19420,7.108656E+01
19425,7.148091E+01
19430,7.166503E+01
19435,7.196939E+01
19440,7.193334E+01
19445,7.136415E+01
19450,7.168774E+01
19455,7.125356E+01
19460,7.127452E+01
19465,7.152416E+01
19470,7.130286E+01
19475,7.105776E+01
19480,7.191448E+01
19485,7.141509E+01
19490,7.118527E+01
19495,7.158967E+01
19500,7.122632E+01
19505,7.111797E+01
19510,7.130112E+01
19515,7.101917E+01
19520,7.118091E+01
19525,7.098100E+01
19530,7.102546E+01
19535,7.183153E+01
19540,7.114597E+01
19545,7.106298E+01
19550,7.090396E+01
19555,7.096987E+01
19560,7.169971E+01
19565,7.147382E+01
19570,7.135811E+01
19575,7.091949E+01
19580,7.159772E+01
19585,7.143857E+01
19590,7.117573E+01
19595,7.119189E+01
19600,7.109654E+01
19605,7.105623E+01
19610,7.137637E+01
19615,7.058465E+01
19620,7.184622E+01
19625,7.115038E+01
19630,7.157445E+01
19635,7.105725E+01
19640,7.082632E+01
19645,7.142521E+01
19650,7.108192E+01
19655,7.171278E+01
19660,7.150368E+01
19665,7.156442E+01
19670,7.175468E+01
19675,7.123743E+01
19680,7.135607E+01
19685,7.119167E+01
19690,7.184871E+01
19695,7.102141E+01
19700,7.195818E+01
19705,7.161111E+01
19710,7.193612E+01
19715,7.143395E+01
19720,7.154631E+01
19725,7.148307E+01
19730,7.088466E+01
19735,7.142800E+01
19740,7.027211E+01
19745,7.132623E+01
19750,7.063518E+01
19755,7.059852E+01
19760,7.094711E+01
19765,7.158387E+01
19770,7.112479E+01
19775,7.124553E+01
19780,7.127774E+01
19785,7.143790E+01
19790,7.140577E+01
19795,7.118925E+01
19800,7.101873E+01
19805,7.106941E+01
19810,7.120715E+01
19815,7.175170E+01
19820,7.101373E+01
19825,7.098134E+01
19830,7.143883E+01
19835,7.140610E+01
19840,7.118615E+01
19845,7.114716E+01
19850,7.193342E+01
19855,7.137494E+01
19860,7.142722E+01
19865,7.120931E+01
19870,7.124229E+01
19875,7.115879E+01
19880,7.163700E+01
19885,7.124184E+01
19890,7.157264E+01
19895,7.137524E+01
19900,7.122532E+01
19905,7.149448E+01
19910,7.180311E+01
19915,7.124954E+01
19920,7.151142E+01
19925,7.129077E+01
19930,7.104363E+01
19935,7.166223E+01
19940,7.115432E+01
19945,7.109041E+01
19950,7.106260E+01
19955,7.112237E+01
19960,7.145283E+01
19965,7.158414E+01
19970,7.195531E+01
19975,7.131281E+01
19980,7.073467E+01
19985,7.111559E+01
19990,7.101912E+01
19995,7.167062E+01
20000,7.130565E+01
20005,7.147086E+01
20010,7.100819E+01
20015,7.068660E+01
20020,7.070554E+01
20025,7.119735E+01
20030,7.143672E+01
20035,7.082759E+01
20040,7.137083E+01
20045,7.172047E+01
20050,7.124250E+01
20055,7.143133E+01
20060,7.112135E+01
20065,7.138546E+01
20070,7.079456E+01
20075,7.071431E+01
20080,7.108898E+01
20085,7.085894E+01
20090,7.084383E+01
20095,7.059135E+01
20100,7.097922E+01
20105,7.064590E+01
20110,7.083705E+01
20115,7.146663E+01
20120,7.070034E+01
20125,7.074482E+01
20130,7.092354E+01
20135,7.071403E+01
20140,7.107537E+01
20145,7.134481E+01
20150,7.079112E+01
20155,7.113743E+01
20160,7.088981E+01
20165,7.093749E+01
20170,7.062499E+01
20175,7.012809E+01
20180,7.092698E+01
20185,7.126317E+01
20190,7.062072E+01
20195,7.054209E+01
20200,7.059100E+01
20205,7.015653E+01
20210,7.039938E+01
20215,7.025972E+01
20220,7.060128E+01
20225,7.059937E+01
20230,7.075470E+01
20235,7.109597E+01
20240,7.067217E+01
20245,7.002440E+01
20250,7.055515E+01
20255,7.038071E+01
20260,7.001285E+01
20265,7.060794E+01
20270,7.045591E+01
20275,7.063864E+01
20280,7.121084E+01
20285,7.076832E+01
20290,7.080905E+01
20295,7.036319E+01
20300,7.117900E+01
20305,7.099274E+01
20310,7.109366E+01
20315,7.132740E+01
20320,7.075181E+01
20325,7.096736E+01
20330,7.073455E+01
20335,7.064687E+01
20340,7.059351E+01
20345,7.078959E+01
20350,7.114911E+01
20355,7.109982E+01
20360,7.110528E+01
20365,7.147183E+01
20370,7.081066E+01
20375,7.067866E+01
20380,6.993976E+01
20385,7.086506E+01
20390,7.142650E+01
20395,7.090419E+01
20400,7.080281E+01
20405,7.075491E+01
20410,7.081401E+01
20415,7.044208E+01
20420,7.078736E+01
20425,7.082938E+01
20430,7.130571E+01
20435,7.098768E+01
20440,7.117709E+01
20445,7.119763E+01
20450,7.130432E+01
20455,7.110098E+01
20460,7.138228E+01
20465,7.060904E+01
20470,7.138366E+01
20475,7.152454E+01
20480,7.088572E+01
20485,7.126335E+01
20490,7.136006E+01
20495,7.124746E+01
20500,7.160234E+01
20505,7.146289E+01
20510,7.138477E+01
20515,7.119821E+01
20520,7.150616E+01
20525,7.123555E+01
20530,7.167620E+01
20535,7.086493E+01
20540,7.121552E+01
20545,7.105573E+01
20550,7.099666E+01
20555,7.095322E+01
20560,7.104290E+01
20565,7.047944E+01
20570,7.079221E+01
20575,7.061502E+01
20580,7.097679E+01
20585,7.080799E+01
20590,7.128505E+01
20595,7.101501E+01
20600,7.096440E+01
20605,7.080997E+01
20610,7.066634E+01
20615,7.068425E+01
20620,7.092026E+01
20625,7.102894E+01
20630,7.076042E+01
20635,7.103890E+01
20640,7.010465E+01
20645,7.057926E+01
20650,7.067654E+01
20655,7.069321E+01
20660,7.063555E+01
20665,7.035926E+01
20670,7.090807E+01
20675,7.026799E+01
20680,7.041764E+01
20685,7.090006E+01
20690,7.060573E+01
20695,7.043662E+01
20700,7.027997E+01
20705,7.070526E+01
20710,7.062737E+01
20715,7.071797E+01
20720,7.062504E+01
20725,7.069163E+01
20730,7.090909E+01
20735,6.997566E+01
20740,7.067242E+01
20745,7.029105E+01
20750,7.005375E+01
20755,7.055566E+01
20760,7.022091E+01
20765,7.052214E+01
20770,7.014858E+01
20775,7.005270E+01
20780,7.006088E+01
20785,6.999033E+01
20790,6.954578E+01
20795,6.965239E+01
20800,7.022800E+01
20805,7.052904E+01
20810,7.022131E+01
20815,7.007137E+01
20820,6.975632E+01
20825,7.015671E+01
20830,7.008468E+01
20835,7.025793E+01
20840,7.013801E+01
20845,7.002867E+01
20850,7.012003E+01
20855,7.011111E+01
20860,6.989683E+01
20865,7.041864E+01
20870,6.994993E+01
20875,6.989644E+01
20880,6.998634E+01
20885,6.985739E+01
20890,7.001234E+01
20895,7.050591E+01
20900,7.028693E+01
20905,7.037128E+01
20910,6.984095E+01
20915,6.994961E+01
20920,7.021978E+01
20925,7.100465E+01
20930,7.072831E+01
20935,7.018910E+01
20940,6.992006E+01
20945,7.020490E+01
20950,6.955501E+01
20955,7.007223E+01
20960,7.025355E+01
20965,6.950702E+01
20970,7.033467E+01
20975,6.993825E+01
20980,7.025140E+01
20985,7.008791E+01
20990,7.044805E+01
20995,6.998810E+01
21000,7.006251E+01
21005,7.018576E+01
21010,7.035820E+01
21015,7.029388E+01
21020,7.046836E+01
21025,6.976047E+01
21030,7.066735E+01
21035,7.002901E+01
21040,6.981254E+01
21045,7.007216E+01
21050,7.046913E+01
21055,7.062024E+01
21060,7.041246E+01
21065,6.990199E+01
21070,7.007515E+01
21075,7.019845E+01
21080,7.008381E+01
21085,7.032925E+01
21090,7.048144E+01
21095,7.017291E+01
21100,7.013870E+01
21105,7.028191E+01
21110,6.987987E+01
21115,6.951813E+01
21120,6.994266E+01
21125,6.993085E+01
21130,7.019672E+01
21135,7.038534E+01
21140,6.997813E+01
21145,7.043018E+01
21150,7.077389E+01
21155,6.990189E+01
21160,7.011539E+01
21165,7.041088E+01
21170,6.998226E+01
21175,6.978696E+01
21180,7.027272E+01
21185,7.013211E+01
21190,6.978817E+01
21195,7.001479E+01
21200,7.016089E+01
21205,7.047186E+01
21210,6.986099E+01
21215,6.962499E+01
21220,6.954214E+01
21225,6.958905E+01
21230,7.010929E+01
21235,7.014821E+01
21240,6.954260E+01
21245,7.043905E+01
21250,7.046868E+01
21255,6.994786E+01
21260,7.010855E+01
21265,6.998275E+01
21270,7.036411E+01
21275,7.029280E+01
21280,7.048873E+01
21285,7.051552E+01
21290,6.998037E+01
21295,7.040238E+01
21300,7.003323E+01
21305,7.000247E+01
21310,7.009452E+01
21315,7.021039E+01
21320,7.080921E+01
21325,7.036328E+01
21330,6.956154E+01
21335,6.971988E+01
21340,6.977056E+01
21345,7.012140E+01
21350,6.942011E+01
21355,6.969397E+01
21360,7.036515E+01
21365,7.000566E+01
21370,6.962532E+01
21375,6.989841E+01
21380,6.944453E+01
21385,6.957976E+01
21390,6.993003E+01
21395,6.998862E+01
21400,6.967443E+01
21405,6.970873E+01
21410,6.952655E+01
21415,7.019833E+01
21420,7.010100E+01
21425,6.920900E+01
21430,7.001253E+01
21435,7.004369E+01
21440,6.981796E+01
21445,6.984586E+01
21450,6.965607E+01
21455,6.965477E+01
21460,6.963890E+01
21465,7.017986E+01
21470,6.928734E+01
21475,6.986427E+01
21480,7.003185E+01
21485,7.016771E+01
21490,6.943022E+01
21495,7.019531E+01
21500,6.998173E+01
21505,6.948895E+01
21510,6.936687E+01
21515,7.004086E+01
21520,7.006017E+01
21525,6.934966E+01
21530,6.949229E+01
21535,6.955902E+01
21540,6.915501E+01
21545,6.892494E+01
21550,6.916458E+01
21555,6.914285E+01
21560,6.907822E+01
21565,6.937814E+01
21570,6.908857E+01
21575,6.897291E+01
21580,6.955656E+01
21585,6.897645E+01
21590,6.884521E+01
21595,6.912518E+01
21600,6.936729E+01
21605,6.939877E+01
21610,6.920660E+01
21615,6.919554E+01
21620,6.885467E+01
21625,6.953900E+01
21630,6.944680E+01
21635,6.951170E+01
21640,6.958068E+01
21645,6.954744E+01
21650,6.922874E+01
21655,6.942491E+01
21660,6.962327E+01
21665,6.939918E+01
21670,7.002486E+01
21675,6.969835E+01
21680,6.917924E+01
21685,6.886542E+01
21690,6.882914E+01
21695,6.933939E+01
21700,6.923821E+01
21705,6.899493E+01
21710,6.946567E+01
21715,6.907195E+01
21720,6.915048E+01
21725,6.939589E+01
21730,6.920615E+01
21735,6.920738E+01
21740,6.901722E+01
21745,6.908716E+01
21750,6.943452E+01
21755,6.935776E+01
21760,6.919595E+01
21765,6.840982E+01
21770,6.942331E+01
21775,6.920803E+01
21780,6.898384E+01
21785,6.906843E+01
21790,6.939150E+01
21795,6.906614E+01
21800,6.899414E+01
21805,6.931617E+01
21810,6.910920E+01
21815,6.935779E+01
21820,6.947257E+01
21825,6.901614E+01
21830,6.911658E+01
21835,6.899451E+01
21840,6.902504E+01
21845,6.934152E+01
21850,6.868588E+01
21855,6.895865E+01
21860,6.966595E+01
21865,6.918376E+01
21870,6.887788E+01
21875,6.946010E+01
21880,6.918370E+01
21885,6.940715E+01
21890,6.897723E+01
21895,6.867659E+01
21900,6.891195E+01
21905,6.858091E+01
21910,6.890686E+01
21915,6.852063E+01
21920,6.857247E+01
21925,6.861970E+01
21930,6.843364E+01
21935,6.909922E+01
21940,6.862778E+01
21945,6.861681E+01
21950,6.913062E+01
21955,6.870525E+01
21960,6.846098E+01
21965,6.875800E+01
21970,6.900721E+01
21975,6.907885E+01
21980,6.884056E+01
21985,6.909406E+01
21990,6.901838E+01
21995,6.798120E+01
22000,6.871589E+01
22005,6.815430E+01
22010,6.838978E+01
22015,6.860657E+01
22020,6.891472E+01
22025,6.851167E+01
22030,6.869080E+01
22035,6.833535E+01
22040,6.888599E+01
22045,6.859734E+01
22050,6.853690E+01
22055,6.867094E+01
22060,6.899186E+01
22065,6.860969E+01
22070,6.848405E+01
22075,6.888033E+01
22080,6.873912E+01
22085,6.856517E+01
22090,6.888638E+01
22095,6.871293E+01
22100,6.892860E+01
22105,6.868151E+01
22110,6.892205E+01
22115,6.948265E+01
22120,6.840611E+01
22125,6.877114E+01
22130,6.897939E+01
22135,6.893897E+01
22140,6.934633E+01
22145,6.961417E+01
22150,6.923340E+01
22155,6.853724E+01
22160,6.859367E+01
22165,6.853909E+01
22170,6.836016E+01
22175,6.849954E+01
22180,6.834127E+01
22185,6.924587E+01
22190,6.840762E+01
22195,6.883282E+01
22200,6.875123E+01
22205,6.922829E+01
22210,6.889035E+01
22215,6.853549E+01
22220,6.911911E+01
22225,6.849177E+01
22230,6.843671E+01
22235,6.898468E+01
22240,6.898531E+01
22245,6.871918E+01
22250,6.893397E+01
22255,6.938918E+01
22260,6.896761E+01
22265,6.876772E+01
22270,6.905835E+01
22275,6.889137E+01
22280,6.908099E+01
22285,6.906145E+01
22290,6.909576E+01
22295,6.873859E+01
22300,6.863519E+01
22305,6.874934E+01
22310,6.888013E+01
22315,6.896447E+01
22320,6.861567E+01
22325,6.865570E+01
22330,6.861398E+01
22335,6.839355E+01
22340,6.871456E+01
22345,6.915074E+01
22350,6.917627E+01
22355,6.860029E+01
22360,6.853784E+01
22365,6.885366E+01
22370,6.857295E+01
22375,6.869728E+01
22380,6.893561E+01
22385,6.865798E+01
22390,6.905035E+01
22395,6.879250E+01
22400,6.864957E+01
22405,6.857269E+01
22410,6.851671E+01
22415,6.884177E+01
22420,6.885761E+01
22425,6.848000E+01
22430,6.825240E+01
22435,6.870613E+01
22440,6.807046E+01
22445,6.843118E+01
22450,6.845301E+01
22455,6.941138E+01
22460,6.866466E+01
22465,6.897882E+01
22470,6.888479E+01
22475,6.816167E+01
22480,6.870648E+01
22485,6.897495E+01
22490,6.914833E+01
22495,6.792087E+01
22500,6.836281E+01
22505,6.887272E+01
22510,6.904641E+01
22515,6.879940E+01
22520,6.855162E+01
22525,6.875112E+01
22530,6.846260E+01
22535,6.915366E+01
22540,6.818822E+01
22545,6.866914E+01
22550,6.873249E+01
22555,6.786288E+01
22560,6.870197E+01
22565,6.841232E+01
22570,6.905824E+01
22575,6.846305E+01
22580,6.843807E+01
22585,6.880508E+01
22590,6.814628E+01
22595,6.845757E+01
22600,6.842316E+01
22605,6.839948E+01
22610,6.815286E+01
22615,6.842892E+01
22620,6.824708E+01
22625,6.804643E+01
22630,6.836558E+01
22635,6.757931E+01
22640,6.813838E+01
22645,6.808402E+01
22650,6.863800E+01
22655,6.817080E+01
22660,6.842926E+01
22665,6.836873E+01
22670,6.787853E+01
22675,6.864575E+01
22680,6.884297E+01
22685,6.831828E+01
22690,6.847264E+01
22695,6.855065E+01
22700,6.876113E+01
22705,6.867374E+01
22710,6.805026E+01
22715,6.893447E+01
22720,7.293683E+01
22725,7.031061E+01
22730,6.993931E+01
22735,6.934926E+01
22740,6.935945E+01
22745,6.895770E+01
22750,6.872795E+01
22755,6.857797E+01
22760,6.846375E+01
22765,6.915460E+01
22770,6.820978E+01
22775,6.844064E+01
22780,6.873671E+01
22785,6.855483E+01
22790,6.848817E+01
22795,6.856320E+01
22800,6.859584E+01
22805,6.838822E+01
22810,6.877174E+01
22815,6.784589E+01
22820,6.878410E+01
22825,6.813201E+01
22830,6.828339E+01
22835,6.801716E+01
22840,6.861230E+01
22845,6.817222E+01
22850,6.841914E+01
22855,6.839760E+01
22860,6.734894E+01
22865,6.837811E+01
22870,6.801680E+01
22875,6.789686E+01
22880,6.755679E+01
22885,6.827182E+01
22890,6.775327E+01
22895,6.799937E+01
22900,6.800626E+01
22905,6.753354E+01
22910,6.768694E+01
22915,6.769815E+01
22920,6.750180E+01
22925,6.770053E+01
22930,6.686708E+01
22935,6.782056E+01
22940,6.796504E+01
22945,6.842120E+01
22950,6.781801E+01
22955,6.845208E+01
22960,6.782308E+01
22965,6.825353E+01
22970,6.816298E+01
22975,6.797970E+01
22980,6.827071E+01
22985,6.818888E+01
22990,6.813102E+01
22995,6.843267E+01
23000,6.860323E+01
23005,6.860151E+01
23010,6.797527E+01
23015,6.808187E+01
23020,6.838997E+01
23025,6.794819E+01
23030,6.798413E+01
23035,6.810121E+01
23040,6.829670E+01
23045,6.813052E+01
23050,6.744791E+01
23055,6.807241E+01
23060,6.840842E+01
23065,6.750803E+01
23070,6.797019E+01
23075,6.810162E+01
23080,6.785964E+01
23085,6.751608E+01
23090,6.810739E+01
23095,6.778672E+01
23100,6.770704E+01
23105,6.749490E+01
23110,6.803727E+01
23115,6.791816E+01
23120,6.741062E+01
23125,6.780081E+01
23130,6.796533E+01
23135,6.760076E+01
23140,6.740532E+01
23145,6.778016E+01
23150,6.812047E+01
23155,6.762927E+01
23160,6.754606E+01
23165,6.808116E+01
23170,6.798884E+01
23175,6.801315E+01
23180,6.814501E+01
23185,6.838210E+01
23190,6.841210E+01
23195,6.761470E+01
23200,6.805538E+01
23205,6.748831E+01
23210,6.768644E+01
23215,6.780965E+01
23220,6.798936E+01
23225,6.806633E+01
23230,6.795540E+01
23235,6.764644E+01
23240,6.797040E+01
23245,6.776698E+01
23250,6.807053E+01
23255,6.788224E+01
23260,6.775048E+01
23265,6.804523E+01
23270,6.798466E+01
23275,6.812764E+01
23280,6.780778E+01
23285,6.769485E+01
23290,6.768098E+01
23295,6.763253E+01
23300,6.771627E+01
23305,6.774355E+01
23310,6.798493E+01
23315,6.791180E+01
23320,6.733866E+01
23325,6.778812E+01
23330,6.724374E+01
23335,6.760950E+01
23340,6.727615E+01
23345,6.755816E+01
23350,6.785980E+01
23355,6.768823E+01
23360,6.752269E+01
23365,6.803950E+01
23370,6.770229E+01
23375,6.755811E+01
23380,6.778088E+01
23385,6.790268E+01
23390,6.777631E+01
23395,6.729713E+01
23400,6.716234E+01
23405,6.745228E+01
23410,6.729258E+01
23415,6.730236E+01
23420,6.722050E+01
23425,6.758884E+01
23430,6.770845E+01
23435,6.746484E+01
23440,6.796033E+01
23445,6.769153E+01
23450,6.774581E+01
23455,6.677164E+01
23460,6.760332E+01
23465,6.756290E+01
23470,6.784650E+01
23475,6.732985E+01
23480,6.780421E+01
23485,6.723176E+01
23490,6.722195E+01
23495,6.700325E+01
23500,6.766215E+01
23505,6.738093E+01
23510,6.812727E+01
23515,6.726427E+01
23520,6.726085E+01
23525,6.835981E+01
23530,6.739689E+01
23535,6.725132E+01
23540,6.734379E+01
23545,6.730325E+01
23550,6.702162E+01
23555,6.752801E+01
23560,6.769182E+01
23565,6.814357E+01
23570,6.740172E+01
23575,6.747211E+01
23580,6.754668E+01
23585,6.739109E+01
23590,6.728425E+01
23595,6.770922E+01
23600,6.731768E+01
23605,6.713588E+01
23610,6.758398E+01
23615,6.718436E+01
23620,6.690527E+01
23625,6.706744E+01
23630,6.719163E+01
23635,6.744551E+01
23640,6.729736E+01
23645,6.731387E+01
23650,6.706619E+01
23655,6.689899E+01
23660,6.715647E+01
23665,6.716847E+01
23670,6.731371E+01
23675,6.689726E+01
23680,6.639596E+01
23685,6.717006E+01
23690,6.697475E+01
23695,6.705110E+01
23700,6.711160E+01
23705,6.668794E+01
23710,6.636551E+01
23715,6.795997E+01
23720,6.713968E+01
23725,6.712525E+01
23730,6.735275E+01
23735,6.668322E+01
23740,6.752366E+01
23745,6.777275E+01
23750,6.722335E+01
23755,6.725309E+01
23760,6.779525E+01
23765,6.729379E+01
23770,6.741830E+01
23775,6.746188E+01
23780,6.730811E+01
23785,6.726624E+01
23790,6.737516E+01
23795,6.658412E+01
23800,6.723057E+01
23805,6.749390E+01
23810,6.811954E+01
23815,6.761894E+01
23820,6.729963E+01
23825,6.747971E+01
23830,6.686074E+01
23835,6.738458E+01
23840,6.721790E+01
23845,6.766369E+01
23850,6.723954E+01
23855,6.720302E+01
23860,6.772969E+01
23865,6.719769E+01
23870,6.755731E+01
23875,6.712480E+01
23880,6.657360E+01
23885,6.765360E+01
23890,6.717391E+01
23895,6.710436E+01
23900,6.732770E+01
23905,6.758022E+01
23910,6.745462E+01
23915,6.698320E+01
23920,6.709430E+01
23925,6.737781E+01
23930,6.661849E+01
23935,6.720807E+01
23940,6.691077E+01
23945,6.643802E+01
23950,6.705056E+01
23955,6.642441E+01
23960,6.698481E+01
23965,6.701002E+01
23970,6.682884E+01
23975,6.729717E+01
23980,6.765161E+01
23985,6.653685E+01
23990,6.602303E+01
23995,6.682719E+01
24000,6.619610E+01
24005,6.673909E+01
24010,6.624501E+01
24015,6.691487E+01
24020,6.731780E+01
24025,6.688417E+01
24030,6.708117E+01
24035,6.673903E+01
24040,6.727531E+01
24045,6.687635E+01
24050,6.687380E+01
24055,6.707908E+01
24060,6.674561E+01
24065,6.645480E+01
24070,6.705951E+01
24075,6.698279E+01
24080,6.698047E+01
24085,6.697013E+01
24090,6.657981E+01
24095,6.681796E+01
24100,6.702740E+01
24105,6.699369E+01
24110,6.697322E+01
24115,6.681233E+01
24120,6.647833E+01
24125,6.725775E+01
24130,6.723211E+01
24135,6.688915E+01
24140,6.711785E+01
24145,6.723377E+01
24150,6.690536E+01
24155,6.672760E+01
24160,6.714150E+01
24165,6.690080E+01
24170,6.689344E+01
24175,6.706038E+01
24180,6.661390E+01
24185,6.685652E+01
24190,6.716548E+01
24195,6.700045E+01
24200,6.714883E+01
24205,6.677579E+01
24210,6.638226E+01
24215,6.695281E+01
24220,6.698447E+01
24225,6.718403E+01
24230,6.673229E+01
24235,6.604567E+01
24240,6.698065E+01
24245,6.731769E+01
24250,6.713805E+01
24255,6.686882E+01
24260,6.736094E+01
24265,6.713604E+01
24270,6.733803E+01
24275,6.722031E+01
24280,6.780891E+01
24285,6.698885E+01
24290,6.696250E+01
24295,6.722918E+01
24300,6.706568E+01
24305,6.640922E+01
24310,6.691530E+01
24315,6.736883E+01
24320,6.691927E+01
24325,6.695233E+01
24330,6.709904E+01
24335,6.708566E+01
24340,6.713556E+01
24345,6.698838E+01
24350,6.716680E+01
24355,6.709176E+01
24360,6.711346E+01
24365,6.717647E+01
24370,6.730863E+01
24375,6.720383E+01
24380,6.723956E+01
24385,6.706127E+01
24390,6.699837E+01
24395,6.721094E+01
24400,6.719246E+01
24405,6.656895E+01
24410,6.736773E+01
24415,6.740123E+01
24420,6.723835E+01
24425,6.666214E+01
24430,6.707941E+01
24435,6.685368E+01
24440,6.691609E+01
24445,6.664346E+01
24450,6.734934E+01
24455,6.700107E+01
24460,6.749939E+01
24465,6.701312E+01
24470,6.731489E+01
24475,6.680374E+01
24480,6.698418E+01
24485,6.676257E+01
24490,6.786984E+01
24495,6.704650E+01
24500,6.702075E+01
24505,6.698138E+01
24510,6.700149E+01
24515,6.697725E+01
24520,6.710609E+01
24525,6.683247E+01
24530,6.707881E+01
24535,6.744692E+01
24540,6.735984E+01
24545,6.675500E+01
24550,6.793264E+01
24555,6.733691E+01
24560,6.741942E+01
24565,6.808400E+01
24570,6.740328E+01
24575,6.716079E+01
24580,6.745868E+01
24585,6.715762E+01
24590,6.728580E+01
24595,6.724396E+01
24600,6.688923E+01
24605,6.761685E+01
24610,6.719757E+01
24615,6.702371E+01
24620,6.751427E+01
24625,6.747962E+01
24630,6.721662E+01
24635,6.788517E+01
24640,6.774871E+01
24645,6.731605E+01
24650,6.802197E+01
24655,6.739541E+01
24660,6.783972E+01
24665,6.808093E+01
24670,6.770243E+01
24675,6.769805E+01
24680,6.779944E+01
24685,6.741729E+01
24690,6.736570E+01
24695,6.738405E+01
24700,6.696512E+01
24705,6.793267E+01
24710,6.750975E+01
24715,6.739459E+01
24720,6.708972E+01
24725,6.710285E+01
24730,6.693054E+01
24735,6.718613E+01
24740,6.734376E+01
24745,6.688375E+01
24750,6.728455E+01
24755,6.746377E+01
24760,6.689789E+01
24765,6.697556E+01
24770,6.745670E+01
24775,6.686721E+01
24780,6.723792E+01
24785,6.727441E+01
24790,6.724064E+01
24795,6.691394E+01
24800,6.673976E+01
24805,6.721723E+01
24810,6.658583E+01
24815,6.694075E+01
24820,6.657525E+01
24825,6.728259E+01
24830,6.741130E+01
24835,6.731746E+01
24840,6.706548E+01
24845,6.675284E+01
24850,6.757078E+01
24855,6.698369E+01
24860,6.712778E+01
24865,6.705893E+01
24870,6.703207E+01
24875,6.744596E+01
24880,6.743625E+01
24885,6.695842E+01
24890,6.758474E+01
24895,6.720728E+01
24900,6.799643E+01
24905,6.695930E+01
24910,6.663694E+01
24915,6.746232E+01
24920,6.713052E+01
24925,6.749048E+01
24930,6.769954E+01
24935,6.710482E+01
24940,6.757773E+01
24945,6.735696E+01
24950,6.783689E+01
24955,6.756984E+01
24960,6.753169E+01
24965,6.740562E+01
24970,6.727513E+01
24975,6.758577E+01
24980,6.765668E+01
24985,6.764089E+01
24990,6.735376E+01
24995,6.724070E+01
25000,6.808794E+01
25005,6.762999E+01
25010,6.779991E+01
25015,6.726667E+01
25020,6.738306E+01
25025,6.774521E+01
25030,6.715416E+01
25035,6.755809E+01
25040,6.795465E+01
25045,6.732121E+01
25050,6.720447E+01
25055,6.749794E+01
25060,6.729200E+01
25065,6.749984E+01
25070,6.745924E+01
25075,6.742512E+01
25080,6.761111E+01
25085,6.699957E+01
25090,6.712444E+01
25095,6.623804E+01
25100,6.696918E+01
25105,6.729801E+01
25110,6.698074E+01
25115,6.764656E+01
25120,6.692120E+01
25125,6.750001E+01
25130,6.755887E+01
25135,6.725800E+01
25140,6.673813E+01
25145,6.672359E+01
25150,6.710723E+01
25155,6.700510E+01
25160,6.753594E+01
25165,6.654760E+01
25170,6.649410E+01
25175,6.636371E+01
25180,6.761479E+01
25185,6.741096E+01
25190,6.732446E+01
25195,6.728452E+01
25200,6.712767E+01
25205,6.704457E+01
25210,6.744095E+01
25215,6.707466E+01
25220,6.749918E+01
25225,6.724175E+01
25230,6.690039E+01
25235,6.729105E+01
25240,6.745898E+01
25245,6.726327E+01
25250,6.671259E+01
25255,6.749373E+01
25260,6.743453E+01
25265,6.707942E+01
25270,6.762263E+01
25275,6.768730E+01
25280,6.742731E+01
25285,6.754219E+01
25290,6.714176E+01
25295,6.689550E+01
25300,6.717581E+01
25305,6.704210E+01
25310,6.685639E+01
25315,6.689210E+01
25320,6.734445E+01
25325,6.681916E+01
25330,6.702292E+01
25335,6.688947E+01
25340,6.714619E+01
25345,6.685848E+01
25350,6.709940E+01
25355,6.623912E+01
25360,6.633917E+01
25365,6.643036E+01
25370,6.647296E+01
25375,6.658666E+01
25380,6.681785E+01
25385,6.777940E+01
25390,6.654696E+01
25395,6.725969E+01
25400,6.713333E+01
25405,6.676881E+01
25410,6.718512E+01
25415,6.671746E+01
25420,6.729825E+01
25425,6.605657E+01
25430,6.630190E+01
25435,6.665879E+01
25440,6.660197E+01
25445,6.657761E+01
25450,6.680552E+01
25455,6.696879E+01
25460,6.668092E+01
25465,6.724211E+01
25470,6.723182E+01
25475,6.660380E+01
25480,6.676490E+01
25485,6.663409E+01
25490,6.617358E+01
25495,6.662402E+01
25500,6.632020E+01
25505,6.668064E+01
25510,6.692345E+01
25515,6.713441E+01
25520,6.650832E+01
25525,6.634996E+01
25530,6.695824E+01
25535,6.700079E+01
25540,6.700115E+01
25545,6.682704E+01
25550,6.636328E+01
25555,6.661569E+01
25560,6.697742E+01
25565,6.606675E+01
25570,6.674249E+01
25575,6.686287E+01
25580,6.696448E+01
25585,6.700234E+01
25590,6.619958E+01
25595,6.620471E+01
25600,6.661324E+01
25605,6.661383E+01
25610,6.685048E+01
25615,6.666596E+01
25620,6.679902E+01
25625,6.631319E+01
25630,6.700122E+01
25635,6.695835E+01
25640,6.689485E+01
25645,6.693344E+01
25650,6.654901E+01
25655,6.681828E+01
25660,6.697020E+01
25665,6.716227E+01
25670,6.698754E+01
25675,6.683968E+01
25680,6.704773E+01
25685,6.654708E+01
25690,6.635408E+01
25695,6.686611E+01
25700,6.700370E+01
25705,6.644385E+01
25710,6.716798E+01
25715,6.688540E+01
25720,6.667653E+01
25725,6.665874E+01
25730,6.702797E+01
25735,6.663358E+01
25740,6.738219E+01
25745,6.692844E+01
25750,6.663933E+01
25755,6.633798E+01
25760,6.653516E+01
25765,6.709161E+01
25770,6.698073E+01
25775,6.645400E+01
25780,6.735162E+01
25785,6.696060E+01
25790,6.668531E+01
25795,6.611848E+01
25800,6.640142E+01
25805,6.670651E+01
25810,6.663289E+01
25815,6.627047E+01
25820,6.643757E+01
25825,6.639513E+01
25830,6.592338E+01
25835,6.602757E+01
25840,6.696565E+01
25845,6.659037E+01
25850,6.615549E+01
25855,6.623204E+01
25860,6.669143E+01
25865,6.598506E+01
25870,6.605499E+01
25875,6.639526E+01
25880,6.625842E+01
25885,6.629180E+01
25890,6.628380E+01
25895,6.598228E+01
25900,6.645560E+01
25905,6.594458E+01
25910,6.620570E+01
25915,6.652581E+01
25920,6.587566E+01
25925,6.642768E+01
25930,6.665803E+01
25935,6.589949E+01
25940,6.636979E+01
25945,6.644692E+01
25950,6.672880E+01
25955,6.683358E+01
25960,6.693522E+01
25965,6.727865E+01
25970,6.686987E+01
25975,6.682328E+01
25980,6.646927E+01
25985,6.645871E+01
25990,6.643066E+01
25995,6.659860E+01
26000,6.645595E+01
26005,6.656251E+01
26010,6.652693E+01
26015,6.621862E+01
26020,6.602440E+01
26025,6.630460E+01
26030,6.628793E+01
26035,6.595332E+01
26040,6.636187E+01
26045,6.686472E+01
26050,6.613599E+01
26055,6.643549E+01
26060,6.605588E+01
26065,6.682488E+01
26070,6.662862E+01
26075,6.669256E+01
26080,6.635950E+01
26085,6.639565E+01
26090,6.676866E+01
26095,6.581610E+01
26100,6.692170E+01
26105,6.638055E+01
26110,6.601343E+01
26115,6.688688E+01
26120,6.615493E+01
26125,6.627200E+01
26130,6.599870E+01
26135,6.656440E+01
26140,6.678912E+01
26145,6.615823E+01
26150,6.655894E+01
26155,6.692286E+01
26160,6.628330E+01
26165,6.658649E+01
26170,6.704044E+01
26175,6.657269E+01
26180,6.661935E+01
26185,6.654611E+01
26190,6.647443E+01
26195,6.653448E+01
26200,6.650840E+01
26205,6.691451E+01
26210,6.697916E+01
26215,6.642975E+01
26220,6.693669E+01
26225,6.620070E+01
26230,6.663380E+01
26235,6.652061E+01
26240,6.720671E+01
26245,6.663813E+01
26250,6.638487E+01
26255,6.602662E+01
26260,6.676581E+01
26265,6.661057E+01
26270,6.635129E+01
26275,6.618804E+01
26280,6.713079E+01
26285,6.663320E+01
26290,6.649750E+01
26295,6.687552E+01
26300,6.633743E+01
26305,6.625538E+01
26310,6.662025E+01
26315,6.615317E+01
26320,6.665013E+01
26325,6.645585E+01
26330,6.618118E+01
26335,6.676819E+01
26340,6.637106E+01
26345,6.636755E+01
26350,6.624130E+01
26355,6.573955E+01
26360,6.607590E+01
26365,6.695956E+01
26370,6.666487E+01
26375,6.649690E+01
26380,6.681316E+01
26385,6.663035E+01
26390,6.663314E+01
26395,6.637161E+01
26400,6.611862E+01
26405,6.662973E+01
26410,6.619916E+01
26415,6.644974E+01
26420,6.580075E+01
26425,6.656791E+01
26430,6.678923E+01
26435,6.654908E+01
26440,6.714446E+01
26445,6.739904E+01
26450,6.664091E+01
26455,6.718900E+01
26460,6.628771E+01
26465,6.694065E+01
26470,6.647430E+01
26475,6.658670E+01
26480,6.658937E+01
26485,6.671829E+01
26490,6.670002E+01
26495,6.705742E+01
26500,6.602805E+01
26505,6.668662E+01
26510,6.696450E+01
26515,6.644816E+01
26520,6.667555E+01
26525,6.602036E+01
26530,6.684200E+01
26535,6.629158E+01
26540,6.671693E+01
26545,6.630434E+01
26550,6.632406E+01
26555,6.648083E+01
26560,6.621779E+01
26565,6.613329E+01
26570,6.689689E+01
26575,6.712070E+01
26580,6.660026E+01
26585,6.680299E+01
26590,6.710453E+01
26595,6.681919E+01
26600,6.640146E+01
26605,6.699080E+01
26610,6.714651E+01
26615,6.675124E+01
26620,6.686454E+01
26625,6.701532E+01
26630,6.697400E+01
26635,6.625325E+01
26640,6.682278E+01
26645,6.635338E+01
26650,6.725703E+01
26655,6.698951E+01
26660,6.646973E+01
26665,6.657983E+01
26670,6.666110E+01
26675,6.663619E+01
26680,6.655400E+01
26685,6.662618E+01
26690,6.616356E+01
26695,6.674739E+01
26700,6.713358E+01
26705,6.686107E+01
26710,6.681512E+01
26715,6.638605E+01
26720,6.666379E+01
26725,6.682067E+01
26730,6.673839E+01
26735,6.659774E+01
26740,6.678582E+01
26745,6.695579E+01
26750,6.714271E+01
26755,6.675486E+01
26760,6.704638E+01
26765,6.678328E+01
26770,6.685638E+01
26775,6.684971E+01
26780,6.647905E+01
26785,6.689107E+01
26790,6.659304E+01
26795,6.649979E+01
26800,6.689548E+01
26805,6.647458E+01
26810,6.677637E+01
26815,6.668613E+01
26820,6.699055E+01
26825,6.655159E+01
26830,6.650827E+01
26835,6.617587E+01
26840,6.671456E+01
26845,6.651987E+01
26850,6.686818E+01
26855,6.639746E+01
26860,6.662750E+01
26865,6.629594E+01
26870,6.641478E+01
26875,6.640521E+01
26880,6.654581E+01
26885,6.657714E+01
26890,6.679796E+01
26895,6.706964E+01
26900,6.640465E+01
26905,6.677209E+01
26910,6.638510E+01
26915,6.667521E+01
26920,6.640806E+01
26925,6.670183E+01
26930,6.638842E+01
26935,6.632183E+01
26940,6.625933E+01
26945,6.631572E+01
26950,6.654470E+01
26955,6.699006E+01
26960,6.653295E+01
26965,6.620109E+01
26970,6.600831E+01
26975,6.686671E+01
26980,6.617766E+01
26985,6.664155E+01
26990,6.642830E+01
26995,6.647448E+01
27000,6.635618E+01
27005,6.624675E+01
27010,6.632642E+01
27015,6.635099E+01
27020,6.620701E+01
27025,6.600596E+01
27030,6.625344E+01
27035,6.646484E+01
27040,6.626725E+01
27045,6.669658E+01
27050,6.625546E+01
27055,6.608556E+01
27060,6.622728E+01
27065,6.592179E+01
27070,6.629105E+01
27075,6.639327E+01
27080,6.665875E+01
27085,6.631646E+01
27090,6.667719E+01
27095,6.651248E+01
27100,6.645389E+01
27105,6.685052E+01
27110,6.664165E+01
27115,6.639861E+01
27120,6.631636E+01
27125,6.719167E+01
27130,6.657603E+01
27135,6.676703E+01
27140,6.643234E+01
27145,6.615638E+01
27150,6.602800E+01
27155,6.668509E+01
27160,6.661775E+01
27165,6.658495E+01
27170,6.649741E+01
27175,6.621615E+01
27180,6.607904E+01
27185,6.664501E+01
27190,6.612792E+01
27195,6.638093E+01
27200,6.634611E+01
27205,6.662634E+01
27210,6.641305E+01
27215,6.647299E+01
27220,6.627674E+01
27225,6.605592E+01
27230,6.734614E+01
27235,6.595107E+01
27240,6.614465E+01
27245,6.623504E+01
27250,6.591407E+01
27255,6.598684E+01
27260,6.697930E+01
27265,6.621383E+01
27270,6.611069E+01
27275,6.630128E+01
27280,6.651094E+01
27285,6.669916E+01
27290,6.657255E+01
27295,6.763525E+01
27300,6.689504E+01
27305,6.700771E+01
27310,6.658659E+01
27315,6.693401E+01
27320,6.665889E+01
27325,6.607904E+01
27330,6.660038E+01
27335,6.606247E+01
27340,6.644628E+01
27345,6.630655E+01
27350,6.722454E+01
27355,6.664193E+01
27360,6.646835E+01
27365,6.614724E+01
27370,6.706604E+01
27375,6.660491E+01
27380,6.681882E+01
27385,6.681537E+01
27390,6.620986E+01
27395,6.637469E+01
27400,6.670557E+01
27405,6.623591E+01
27410,6.654194E+01
27415,6.637448E+01
27420,6.599483E+01
27425,6.691012E+01
27430,6.605323E+01
27435,6.582270E+01
27440,6.619343E+01
27445,6.634978E+01
27450,6.574799E+01
27455,6.593356E+01
27460,6.658190E+01
27465,6.611669E+01
27470,6.592792E+01
27475,6.615004E+01
27480,6.630469E+01
27485,6.605584E+01
27490,6.652943E+01
27495,6.633752E+01
27500,6.627994E+01
27505,6.607136E+01
27510,6.603727E+01
27515,6.585702E+01
27520,6.636498E+01
27525,6.657606E+01
27530,6.642617E+01
27535,6.652570E+01
27540,6.603448E+01
27545,6.692878E+01
27550,6.611423E+01
27555,6.711633E+01
27560,6.643257E+01
27565,6.629385E+01
27570,6.655648E+01
27575,6.706795E+01
27580,6.630034E+01
27585,6.663022E+01
27590,6.649528E+01
27595,6.629721E+01
27600,6.690527E+01
27605,6.712262E+01
27610,6.705709E+01
27615,6.673981E+01
27620,6.666521E+01
27625,6.652916E+01
27630,6.534236E+01
27635,6.664293E+01
27640,6.703358E+01
27645,6.681937E+01
27650,6.638980E+01
27655,6.664353E+01
27660,6.610602E+01
27665,6.673119E+01
27670,6.620429E+01
27675,6.655714E+01
27680,6.678663E+01
27685,6.646255E+01
27690,6.666722E+01
27695,6.611899E+01
27700,6.644392E+01
27705,6.671646E+01
27710,6.625503E+01
27715,6.655146E+01
27720,6.660240E+01
27725,6.677529E+01
27730,6.617830E+01
27735,6.652010E+01
27740,6.615249E+01
27745,6.746519E+01
27750,6.647264E+01
27755,6.681298E+01
27760,6.615917E+01
27765,6.628229E+01
27770,6.661405E+01
27775,6.622833E+01
27780,6.650955E+01
27785,6.633860E+01
27790,6.640948E+01
27795,6.673181E+01
27800,6.691014E+01
27805,6.622170E+01
27810,6.633729E+01
27815,6.614644E+01
27820,6.534424E+01
27825,6.595400E+01
27830,6.589342E+01
27835,6.600038E+01
27840,6.627630E+01
27845,6.635984E+01
27850,6.602943E+01
27855,6.618809E+01
27860,6.676042E+01
27865,6.735434E+01
27870,6.647988E+01
27875,6.649606E+01
27880,6.632313E+01
27885,6.645922E+01
27890,6.698249E+01
27895,6.653646E+01
27900,6.655056E+01
27905,6.655789E+01
27910,6.599236E+01
27915,6.612421E+01
27920,6.651534E+01
27925,6.652623E+01
27930,6.654550E+01
27935,6.631680E+01
27940,6.656710E+01
27945,6.605751E+01
27950,6.680632E+01
27955,6.657275E+01
27960,6.702435E+01
27965,6.716400E+01
27970,6.649667E+01
27975,6.702500E+01
27980,6.657513E+01
27985,6.662123E+01
27990,6.668386E+01
27995,6.718896E+01
28000,6.651110E+01
28005,6.668868E+01
28010,6.716924E+01
28015,6.663163E+01
28020,6.736029E+01
28025,6.695349E+01
28030,6.612482E+01
28035,6.563174E+01
28040,6.618416E+01
28045,6.666453E+01
28050,6.635220E+01
28055,6.644845E+01
28060,6.660081E+01
28065,6.659136E+01
28070,6.622287E+01
28075,6.652159E+01
28080,6.651840E+01
28085,6.678245E+01
28090,6.617595E+01
28095,6.699597E+01
28100,6.654174E+01
28105,6.632955E+01
28110,6.717521E+01
28115,6.686156E+01
28120,6.634859E+01
28125,6.722593E+01
28130,6.679755E+01
28135,6.677754E+01
28140,6.652489E+01
28145,6.663489E+01
28150,6.653002E+01
28155,6.653621E+01
28160,6.657274E+01
28165,6.595458E+01
28170,6.619576E+01
28175,6.584463E+01
28180,6.643101E+01
28185,6.583016E+01
28190,6.611943E+01
28195,6.709643E+01
28200,6.753064E+01
28205,6.709006E+01
28210,6.682353E+01
28215,6.643480E+01
28220,6.651105E+01
28225,6.675005E+01
28230,6.613707E+01
28235,6.666271E+01
28240,6.639765E+01
28245,6.632596E+01
28250,6.630638E+01
28255,6.621773E+01
28260,6.660780E+01
28265,6.602770E+01
28270,6.625681E+01
28275,6.604573E+01
28280,6.647361E+01
28285,6.602005E+01
28290,6.616364E+01
28295,6.624903E+01
28300,6.645522E+01
28305,6.592502E+01
28310,6.553548E+01
28315,6.608259E+01
28320,6.657422E+01
28325,6.852325E+01
28330,6.654612E+01
28335,6.622203E+01
28340,6.566007E+01
28345,6.574567E+01
28350,6.596087E+01
28355,6.530903E+01
28360,6.542906E+01
28365,6.543974E+01
28370,6.536576E+01
28375,6.583293E+01
28380,6.595983E+01
28385,6.613466E+01
28390,6.649584E+01
28395,6.634105E+01
28400,6.565562E+01
28405,6.563046E+01
28410,6.628663E+01
28415,6.577419E+01
28420,6.583771E+01
28425,6.530783E+01
28430,6.615314E+01
28435,6.570095E+01
28440,6.574876E+01
28445,6.626323E+01
28450,6.651237E+01
28455,6.626738E+01
28460,6.623058E+01
28465,6.602051E+01
28470,6.596288E+01
28475,6.597997E+01
28480,6.658785E+01
28485,6.542208E+01
28490,6.616304E+01
28495,6.539282E+01
28500,6.628238E+01
28505,6.556345E+01
28510,6.629542E+01
28515,6.583821E+01
28520,6.591911E+01
28525,6.587559E+01
28530,6.616696E+01
28535,6.540563E+01
28540,6.500306E+01
28545,6.628520E+01
28550,6.598989E+01
28555,6.609636E+01
28560,6.611624E+01
28565,6.583890E+01
28570,6.617230E+01
28575,6.633088E+01
28580,6.589354E+01
28585,6.593427E+01
28590,6.605765E+01
28595,6.615544E+01
28600,6.548474E+01
28605,6.581786E+01
28610,6.579634E+01
28615,6.616611E+01
28620,6.617292E+01
28625,6.609967E+01
28630,6.602057E+01
28635,6.607883E+01
28640,6.552050E+01
28645,6.610168E+01
28650,6.630639E+01
28655,6.656229E+01
28660,6.590382E+01
28665,6.597225E+01
28670,6.599540E+01
28675,6.552649E+01
28680,6.567023E+01
28685,6.579724E+01
28690,6.524038E+01
28695,6.536542E+01
28700,6.542531E+01
28705,6.514780E+01
28710,6.549810E+01
28715,6.595284E+01
28720,6.524719E+01
28725,6.602720E+01
28730,6.568714E+01
28735,6.563308E+01
28740,6.575789E+01
28745,6.578714E+01
28750,6.573784E+01
28755,6.562244E+01
28760,6.491839E+01
28765,6.561824E+01
28770,6.603655E+01
28775,6.558389E+01
28780,6.583250E+01
28785,6.532577E+01
28790,6.582848E+01
28795,6.531204E+01
28800,6.600157E+01
28805,6.615179E+01
28810,6.529363E+01
28815,6.587877E+01
28820,6.560585E+01
28825,6.522967E+01
28830,6.570324E+01
28835,6.582933E+01
28840,6.560068E+01
28845,6.513428E+01
28850,6.520088E+01
28855,6.588859E+01
28860,6.556786E+01
28865,6.576803E+01
28870,6.513540E+01
28875,6.588611E+01
28880,6.583143E+01
28885,6.585554E+01
28890,6.563254E+01
28895,6.555201E+01
28900,6.565513E+01
28905,6.550186E+01
28910,6.579591E+01
28915,6.521239E+01
28920,6.575081E+01
28925,6.527422E+01
28930,6.584138E+01
28935,6.571743E+01
28940,6.600959E+01
28945,6.563964E+01
28950,6.577532E+01
28955,6.557172E+01
28960,6.527467E+01
28965,6.621214E+01
28970,6.519044E+01
28975,6.605522E+01
28980,6.553394E+01
28985,6.530783E+01
28990,6.590630E+01
28995,6.511754E+01
29000,6.578528E+01
29005,6.524685E+01
29010,6.570500E+01
29015,6.556601E+01
29020,6.563580E+01
29025,6.544612E+01
29030,6.569017E+01
29035,6.604575E+01
29040,6.518371E+01
29045,6.594845E+01
29050,6.636939E+01
29055,6.597272E+01
29060,6.595656E+01
29065,6.572830E+01
29070,6.572613E+01
29075,6.641989E+01
29080,6.617078E+01
29085,6.516178E+01
29090,6.547104E+01
29095,6.592231E+01
29100,6.525879E+01
29105,6.570587E+01
29110,6.544084E+01
29115,6.538433E+01
29120,6.531246E+01
29125,6.498133E+01
29130,6.506420E+01
29135,6.541883E+01
29140,6.484768E+01
29145,6.523781E+01
29150,6.564768E+01
29155,6.526445E+01
29160,6.492583E+01
29165,6.553292E+01
29170,6.550087E+01
29175,6.525607E+01
29180,6.563090E+01
29185,6.538165E+01
29190,6.603360E+01
29195,6.473159E+01
29200,6.622903E+01
29205,6.542527E+01
29210,6.536183E+01
29215,6.537802E+01
29220,6.539505E+01
29225,6.566821E+01
29230,6.584545E+01
29235,6.570017E+01
29240,6.559263E+01
29245,6.611499E+01
29250,6.628426E+01
29255,6.585902E+01
29260,6.587689E+01
29265,6.543282E+01
29270,6.564283E+01
29275,6.577767E+01
29280,6.597192E+01
29285,6.627411E+01
29290,6.599105E+01
29295,6.623087E+01
29300,6.552441E+01
29305,6.571700E+01
29310,6.552621E+01
29315,6.544586E+01
29320,6.589899E+01
29325,6.573501E+01
29330,6.560124E+01
29335,6.566746E+01
29340,6.582595E+01
29345,6.625161E+01
29350,6.575839E+01
29355,6.590647E+01
29360,6.561702E+01
29365,6.573806E+01
29370,6.544672E+01
29375,6.531531E+01
29380,6.581363E+01
29385,6.577922E+01
29390,6.540425E+01
29395,6.585096E+01
29400,6.537574E+01
29405,6.533644E+01
29410,6.618126E+01
29415,6.553321E+01
29420,6.584152E+01
29425,6.598257E+01
29430,6.544147E+01
29435,6.556091E+01
29440,6.576575E+01
29445,6.570986E+01
29450,6.583949E+01
29455,6.607754E+01
29460,6.612778E+01
29465,6.543454E+01
29470,6.636277E+01
29475,6.608138E+01
29480,6.582893E+01
29485,6.620242E+01
29490,6.631314E+01
29495,6.571263E+01
29500,6.603033E+01
29505,6.655978E+01
29510,6.552509E+01
29515,6.599269E+01
29520,6.597736E+01
29525,6.574747E+01
29530,6.593547E+01
29535,6.578224E+01
29540,6.659514E+01
29545,6.599268E+01
29550,6.633049E+01
29555,6.557325E+01
29560,6.576671E+01
29565,6.626987E+01
29570,6.655047E+01
29575,6.622234E+01
29580,6.562174E+01
29585,6.608521E+01
29590,6.659262E+01
29595,6.636534E+01
29600,6.660142E+01
29605,6.658701E+01
29610,6.619152E+01
29615,6.636003E+01
29620,6.606029E+01
29625,6.579087E+01
29630,6.655433E+01
29635,6.581467E+01
29640,6.576259E+01
29645,6.604292E+01
29650,6.568729E+01
29655,6.562531E+01
29660,6.519315E+01
29665,6.538726E+01
29670,6.543346E+01
29675,6.621491E+01
29680,6.587190E+01
29685,6.569553E+01
29690,6.548943E+01
29695,6.598958E+01
29700,6.559774E+01
29705,6.561462E+01
29710,6.567567E+01
29715,6.623298E+01
29720,6.574869E+01
29725,6.546697E+01
29730,6.581982E+01
29735,6.581733E+01
29740,6.576636E+01
29745,6.572495E+01
29750,6.543628E+01
29755,6.550770E+01
29760,6.549481E+01
29765,6.580016E+01
29770,6.617908E+01
29775,6.597606E+01
29780,6.624469E+01
29785,6.593684E+01
29790,6.620609E+01
29795,6.587512E+01
29800,6.570083E+01
29805,6.640811E+01
29810,6.642185E+01
29815,6.607087E+01
29820,6.615884E+01
29825,6.622514E+01
29830,6.565022E+01
29835,6.585269E+01
29840,6.578066E+01
29845,6.583804E+01
29850,6.591816E+01
29855,6.551995E+01
29860,6.602074E+01
29865,6.613650E+01
29870,6.618674E+01
29875,6.638266E+01
29880,6.600443E+01
29885,6.624081E+01
29890,6.604126E+01
29895,6.591687E+01
29900,6.611700E+01
29905,6.609949E+01
29910,6.638293E+01
29915,6.636285E+01
29920,6.642875E+01
29925,6.598803E+01
29930,6.642678E+01
29935,6.643709E+01
29940,6.690825E+01
29945,6.638348E+01
29950,6.644074E+01
29955,6.675288E+01
29960,6.638103E+01
29965,6.586895E+01
29970,6.579757E+01
29975,6.617894E+01
29980,6.635589E+01
29985,6.636697E+01
29990,6.598147E+01
29995,6.608742E+01
30000,6.577794E+01
30005,6.626215E+01
30010,6.605023E+01
30015,6.643488E+01
30020,6.639949E+01
30025,6.610746E+01
30030,6.601647E+01
30035,6.688272E+01
30040,6.682443E+01
30045,6.648600E+01
30050,6.564210E+01
30055,6.635966E+01
30060,6.606789E+01
30065,6.636656E+01
30070,6.651188E+01
30075,6.680757E+01
30080,6.623120E+01
30085,6.605464E+01
30090,6.652519E+01
30095,6.589226E+01
30100,6.612620E+01
30105,6.616755E+01
30110,6.627960E+01
30115,6.687552E+01
30120,6.649724E+01
30125,6.655713E+01
30130,6.659105E+01
30135,6.624645E+01
30140,6.639423E+01
30145,6.634812E+01
30150,6.613056E+01
30155,6.595055E+01
30160,6.630257E+01
30165,6.635825E+01
30170,6.583010E+01
30175,6.640311E+01
30180,6.642726E+01
30185,6.629845E+01
30190,6.648696E+01
30195,6.642886E+01
30200,6.632582E+01
30205,6.623044E+01
30210,6.624784E+01
30215,6.639238E+01
30220,6.614822E+01
30225,6.654960E+01
30230,6.656805E+01
30235,6.638130E+01
30240,6.663182E+01
30245,6.671211E+01
30250,6.670753E+01
30255,6.570309E+01
30260,6.685018E+01
30265,6.605930E+01
30270,6.615212E+01
30275,6.643545E+01
30280,6.691257E+01
30285,6.617760E+01
30290,6.582872E+01
30295,6.678804E+01
30300,6.637095E+01
30305,6.655859E+01
30310,6.585853E+01
30315,6.613948E+01
30320,6.637838E+01
30325,6.629462E+01
30330,6.570426E+01
30335,6.652009E+01
30340,6.685677E+01
30345,6.601031E+01
30350,6.640723E+01
30355,6.655389E+01
30360,6.645831E+01
30365,6.656993E+01
30370,6.696895E+01
30375,6.636780E+01
30380,6.631348E+01
30385,6.638425E+01
30390,6.658615E+01
30395,6.660103E+01
30400,6.674805E+01
30405,6.733342E+01
30410,6.645795E+01
30415,6.669564E+01
30420,6.627631E+01
30425,6.633760E+01
30430,6.619136E+01
30435,6.626638E+01
30440,6.642656E+01
30445,6.657186E+01
30450,6.652782E+01
30455,6.614789E+01
30460,6.650967E+01
30465,6.620510E+01
30470,6.617251E+01
30475,6.678275E+01
30480,6.615985E+01
30485,6.675723E+01
30490,6.658334E+01
30495,6.645725E+01
30500,6.591240E+01
30505,6.647426E+01
30510,6.621785E+01
30515,6.620226E+01
30520,6.669893E+01
30525,6.620441E+01
30530,6.668241E+01
30535,6.631584E+01
30540,6.624943E+01
30545,6.634951E+01
30550,6.605817E+01
30555,6.677995E+01
30560,6.671864E+01
30565,6.656550E+01
30570,6.695287E+01
30575,6.641663E+01
30580,6.631467E+01
30585,6.650803E+01
30590,6.623766E+01
30595,6.654639E+01
30600,6.607748E+01
30605,6.698054E+01
30610,6.685763E+01
30615,6.693833E+01
30620,6.677166E+01
30625,6.622192E+01
30630,6.646447E+01
30635,6.666979E+01
30640,6.667554E+01
30645,6.674052E+01
30650,6.694004E+01
30655,6.675074E+01
30660,6.644509E+01
30665,6.640499E+01
30670,6.661183E+01
30675,6.645794E+01
30680,6.666111E+01
30685,6.616171E+01
30690,6.681116E+01
30695,6.595122E+01
30700,6.672405E+01
30705,6.631180E+01
30710,6.706709E+01
30715,6.692366E+01
30720,6.630132E+01
30725,6.626494E+01
30730,6.684299E+01
30735,6.621359E+01
30740,6.638557E+01
30745,6.689221E+01
30750,6.724277E+01
30755,6.671899E+01
30760,6.706255E+01
30765,6.678635E+01
30770,6.695580E+01
30775,6.695435E+01
30780,6.712506E+01
30785,6.686021E+01
30790,6.666972E+01
30795,6.682017E+01
30800,6.688944E+01
30805,6.701100E+01
30810,6.670354E+01
30815,6.711567E+01
30820,6.658853E+01
30825,6.628872E+01
30830,6.699128E+01
30835,6.685914E+01
30840,6.720876E+01
30845,6.682676E+01
30850,6.686319E+01
30855,6.657509E+01
30860,6.634696E+01
30865,6.706719E+01
30870,6.676060E+01
30875,6.741658E+01
30880,6.682779E+01
30885,6.673179E+01
30890,6.673420E+01
30895,6.674828E+01
30900,6.635642E+01
30905,6.638195E+01
30910,6.684266E+01
30915,6.707946E+01
30920,6.707778E+01
30925,6.712621E+01
30930,6.686565E+01
30935,6.733420E+01
30940,6.678884E+01
30945,6.676445E+01
30950,6.707252E+01
30955,6.731036E+01
30960,6.696950E+01
30965,6.674003E+01
30970,6.663604E+01
30975,6.707024E+01
30980,6.786344E+01
30985,6.703344E+01
30990,6.756924E+01
30995,6.739188E+01
31000,6.732487E+01
31005,6.716691E+01
31010,6.714441E+01
31015,6.759799E+01
31020,6.716317E+01
31025,6.730632E+01
31030,6.698961E+01
31035,6.771478E+01
31040,6.734100E+01
31045,6.699496E+01
31050,6.769191E+01
31055,6.700452E+01
31060,6.736604E+01
31065,6.730119E+01
31070,6.760336E+01
31075,6.735910E+01
31080,6.750239E+01
31085,6.729668E+01
31090,6.700443E+01
31095,6.733062E+01
31100,6.718486E+01
31105,6.748052E+01
31110,6.738466E+01
31115,6.719122E+01
31120,6.750568E+01
31125,6.794214E+01
31130,6.775875E+01
31135,6.722568E+01
31140,6.754664E+01
31145,6.681502E+01
31150,6.713682E+01
31155,6.761543E+01
31160,6.785311E+01
31165,6.790025E+01
31170,6.758517E+01
31175,6.806861E+01
31180,6.707260E+01
31185,6.772023E+01
31190,6.784471E+01
31195,6.776929E+01
31200,6.736992E+01
31205,6.727980E+01
31210,6.764177E+01
31215,6.721894E+01
31220,6.789802E+01
31225,6.722014E+01
31230,6.738650E+01
31235,6.699203E+01
31240,6.805847E+01
31245,6.770143E+01
31250,6.761534E+01
31255,6.803646E+01
31260,6.810898E+01
31265,6.744046E+01
31270,6.699835E+01
31275,6.697772E+01
31280,6.745667E+01
31285,6.732194E+01
31290,6.717710E+01
31295,6.768137E+01
31300,6.768308E+01
31305,6.719116E+01
31310,6.722278E+01
31315,6.691104E+01
31320,6.734943E+01
31325,6.772619E+01
31330,6.747125E+01
31335,6.693306E+01
31340,6.728981E+01
31345,6.734672E+01
31350,6.747472E+01
31355,6.753520E+01
31360,6.763379E+01
31365,6.751246E+01
31370,6.756316E+01
31375,6.710538E+01
31380,6.829188E+01
31385,6.799670E+01
31390,6.837521E+01
31395,6.770961E+01
31400,6.788524E+01
31405,6.746351E+01
31410,6.759236E+01
31415,6.727458E+01
31420,6.705134E+01
31425,6.689642E+01
31430,6.740971E+01
31435,6.781519E+01
31440,6.741573E+01
31445,6.778190E+01
31450,6.721484E+01
31455,6.741973E+01
31460,6.741667E+01
31465,6.741832E+01
31470,6.748527E+01
31475,6.745007E+01
31480,6.789247E+01
31485,6.743433E+01
31490,6.715025E+01
31495,6.689340E+01
31500,6.768443E+01
31505,6.717410E+01
31510,6.757131E+01
31515,6.760574E+01
31520,6.723589E+01
31525,6.743594E+01
31530,6.778289E+01
31535,6.758287E+01
31540,6.721066E+01
31545,6.753804E+01
31550,6.778145E+01
31555,6.731945E+01
31560,6.775052E+01
31565,6.768749E+01
31570,6.749057E+01
31575,6.762282E+01
31580,6.763441E+01
31585,6.758748E+01
31590,6.772479E+01
31595,6.752985E+01
31600,6.789340E+01
31605,6.792975E+01
31610,6.798787E+01
31615,6.784115E+01
31620,6.838314E+01
31625,6.801675E+01
31630,6.761530E+01
31635,6.795511E+01
31640,6.778914E+01
31645,6.799377E+01
31650,6.804366E+01
31655,6.799267E+01
31660,6.738311E+01
31665,6.753170E+01
31670,6.762762E+01
31675,6.762368E+01
31680,6.748065E+01
31685,6.783843E+01
31690,6.787892E+01
31695,6.741653E+01
31700,6.734792E+01
31705,6.722920E+01
31710,6.710610E+01
31715,6.738834E+01
31720,6.732818E+01
31725,6.722003E+01
31730,6.735952E+01
31735,6.763898E+01
31740,6.735021E+01
31745,6.749370E+01
31750,6.736899E+01
31755,6.779897E+01
31760,6.773062E+01
31765,6.748212E+01
31770,6.754896E+01
31775,6.753153E+01
31780,6.776328E+01
31785,6.794910E+01
31790,6.795956E+01
31795,6.793457E+01
31800,6.799714E+01
31805,6.761718E+01
31810,6.795880E+01
31815,6.794873E+01
31820,6.798791E+01
31825,6.732645E+01
31830,6.770438E+01
31835,6.721667E+01
31840,6.753228E+01
31845,6.765658E+01
31850,6.761857E+01
31855,6.753225E+01
31860,6.775088E+01
31865,6.797040E+01
31870,6.794164E+01
31875,6.689180E+01
31880,6.741831E+01
31885,6.764135E+01
31890,6.742006E+01
31895,6.761080E+01
31900,6.721359E+01
31905,6.741060E+01
31910,6.793375E+01
31915,6.821493E+01
31920,6.765355E+01
31925,6.763584E+01
31930,6.772429E+01
31935,6.739106E+01
31940,6.803572E+01
31945,6.764630E+01
31950,6.758163E+01
31955,6.749637E+01
31960,6.708942E+01
31965,6.804080E+01
31970,6.759622E+01
31975,6.749099E+01
31980,6.737928E+01
31985,6.762180E+01
31990,6.750253E+01
31995,6.813184E+01
32000,6.771146E+01
32005,6.783902E+01
32010,6.802313E+01
32015,6.789675E+01
32020,6.800471E+01
32025,6.740260E+01
32030,6.842209E+01
32035,6.775151E+01
32040,6.744623E+01
32045,6.767164E+01
32050,6.810842E+01
32055,6.751014E+01
32060,6.793230E+01
32065,6.801228E+01
32070,6.801086E+01
32075,6.805687E+01
32080,6.771600E+01
32085,6.760104E+01
32090,6.839561E+01
32095,6.797477E+01
32100,6.787441E+01
32105,6.838062E+01
32110,6.822708E+01
32115,6.844625E+01
32120,6.856547E+01
32125,6.818091E+01
32130,6.748833E+01
32135,6.775623E+01
32140,6.769687E+01
32145,6.767896E+01
32150,6.750843E+01
32155,6.748750E+01
32160,6.727029E+01
32165,6.828696E+01
32170,6.785072E+01
32175,6.768773E+01
32180,6.768981E+01
32185,6.770463E+01
32190,6.781805E+01
32195,6.784556E+01
32200,6.814360E+01
32205,6.781002E+01
32210,6.789972E+01
32215,6.798064E+01
32220,6.814418E+01
32225,6.803395E+01
32230,6.777430E+01
32235,6.803492E+01
32240,6.809969E+01
32245,6.786200E+01
32250,6.775731E+01
32255,6.770748E+01
32260,6.761595E+01
32265,6.775250E+01
32270,6.687338E+01
32275,6.734802E+01
32280,6.729400E+01
32285,6.775394E+01
32290,6.734409E+01
32295,6.782421E+01
32300,6.676350E+01
32305,6.728730E+01
32310,6.693513E+01
32315,6.720085E+01
32320,6.776381E+01
32325,6.752864E+01
32330,6.743226E+01
32335,6.793336E+01
32340,6.699021E+01
32345,6.761136E+01
32350,6.734819E+01
32355,6.825890E+01
32360,6.850088E+01
32365,6.764826E+01
32370,6.779736E+01
32375,6.832551E+01
32380,6.829544E+01
32385,6.798577E+01
32390,6.774890E+01
32395,6.831187E+01
32400,6.772867E+01
32405,6.791735E+01
32410,6.813837E+01
32415,6.786284E+01
32420,6.798908E+01
32425,6.811411E+01
32430,6.798640E+01
32435,6.754326E+01
32440,6.754213E+01
32445,6.824529E+01
32450,6.822164E+01
32455,6.758969E+01
32460,6.785872E+01
32465,6.784659E+01
32470,6.747785E+01
32475,6.787841E+01
32480,6.754988E+01
32485,6.777227E+01
32490,6.840067E+01
32495,6.801849E+01
32500,6.796641E+01
32505,6.806700E+01
32510,6.766461E+01
32515,6.803080E+01
32520,6.760580E+01
32525,6.765448E+01
32530,6.798007E+01
32535,6.798500E+01
32540,6.784649E+01
32545,6.767753E+01
32550,6.758337E+01
32555,6.775864E+01
32560,6.791735E+01
32565,6.782661E+01
32570,6.789455E+01
32575,6.830896E+01
32580,6.805407E+01
32585,6.780159E+01
32590,6.818057E+01
32595,6.784947E+01
32600,6.821004E+01
32605,6.782466E+01
32610,6.807152E+01
32615,6.785667E+01
32620,6.734341E+01
32625,6.759838E+01
32630,6.752919E+01
32635,6.778501E+01
32640,6.832896E+01
32645,6.783470E+01
32650,6.809476E+01
32655,6.785982E+01
32660,6.821200E+01
32665,6.837003E+01
32670,6.827747E+01
32675,6.768872E+01
32680,6.831741E+01
32685,6.819825E+01
32690,6.754812E+01
32695,6.814907E+01
32700,6.823446E+01
32705,6.754148E+01
32710,6.799705E+01
32715,6.824961E+01
32720,6.773374E+01
32725,6.785226E+01
32730,6.809943E+01
32735,6.780890E+01
32740,6.809902E+01
32745,6.775500E+01
32750,6.787474E+01
32755,6.762770E+01
32760,6.810588E+01
32765,6.750662E+01
32770,6.731584E+01
32775,6.761143E+01
32780,6.746792E+01
32785,6.743192E+01
32790,6.763030E+01
32795,6.756211E+01
32800,6.769959E+01
32805,6.777881E+01
32810,6.796422E+01
32815,6.819519E+01
32820,6.780551E+01
32825,6.801261E+01
32830,6.741084E+01
32835,6.719032E+01
32840,6.789760E+01
32845,6.831274E+01
32850,6.732229E+01
32855,6.749157E+01
32860,6.781271E+01
32865,6.759594E+01
32870,6.784197E+01
32875,6.819200E+01
32880,6.790699E+01
32885,6.785569E+01
32890,6.760344E+01
32895,6.791799E+01
32900,6.761105E+01
32905,6.820358E+01
32910,6.777213E+01
32915,6.717307E+01
32920,6.734005E+01
32925,6.753712E+01
32930,6.721414E+01
32935,6.750746E+01
32940,6.701208E+01
32945,6.737745E+01
32950,6.744499E+01
32955,6.713473E+01
32960,6.702430E+01
32965,6.704596E+01
32970,6.709452E+01
32975,6.667356E+01
32980,6.718696E+01
32985,6.727926E+01
32990,6.683659E+01
32995,6.729799E+01
33000,6.756829E+01
33005,6.698207E+01
33010,6.779402E+01
33015,6.727195E+01
33020,6.786715E+01
33025,6.721494E+01
33030,6.741726E+01
33035,6.764650E+01
33040,6.748784E+01
33045,6.721744E+01
33050,6.699297E+01
33055,6.739758E+01
33060,6.710983E+01
33065,6.738242E+01
33070,6.694371E+01
33075,6.714683E+01
33080,6.729209E+01
33085,6.711716E+01
33090,6.700120E+01
33095,6.731178E+01
33100,6.743720E+01
33105,6.750955E+01
33110,6.743989E+01
33115,6.719389E+01
33120,6.719722E+01
33125,6.720771E+01
33130,6.696311E+01
33135,6.681646E+01
33140,6.787050E+01
33145,6.697048E+01
33150,6.756549E+01
33155,6.757886E+01
33160,6.742228E+01
33165,6.776766E+01
33170,6.710573E+01
33175,6.815991E+01
33180,6.721645E+01
33185,6.699109E+01
33190,6.726875E+01
33195,6.739100E+01
33200,6.779386E+01
33205,6.742342E+01
33210,6.659440E+01
33215,6.695314E+01
33220,6.751289E+01
33225,6.762915E+01
33230,6.744963E+01
33235,6.778596E+01
33240,6.738977E+01
33245,6.735271E+01
33250,6.734058E+01
33255,6.744016E+01
33260,6.740732E+01
33265,6.676511E+01
33270,6.755659E+01
33275,6.660906E+01
33280,6.748271E+01
33285,6.725586E+01
33290,6.719727E+01
33295,6.710016E+01
33300,6.694247E+01
33305,6.729378E+01
33310,6.707787E+01
33315,6.699198E+01
33320,6.675862E+01
33325,6.636664E+01
33330,6.672260E+01
33335,6.693400E+01
33340,6.685301E+01
33345,6.654376E+01
33350,6.655847E+01
33355,6.657836E+01
33360,6.679847E+01
33365,6.680652E+01
33370,6.708221E+01
33375,6.682172E+01
33380,6.650211E+01
33385,6.671624E+01
33390,6.672689E+01
33395,6.689052E+01
33400,6.681066E+01
33405,6.711440E+01
33410,6.696722E+01
33415,6.723844E+01
33420,6.732175E+01
33425,6.691613E+01
33430,6.719683E+01
33435,6.694290E+01
33440,6.718475E+01
33445,6.716969E+01
33450,6.711153E+01
33455,6.724454E+01
33460,6.790156E+01
33465,6.716874E+01
33470,6.739635E+01
33475,6.718197E+01
33480,6.756807E+01
33485,6.780270E+01
33490,6.728610E+01
33495,6.733496E+01
33500,6.726622E+01
33505,6.749379E+01
33510,6.726224E+01
33515,6.720825E+01
33520,6.702435E+01
33525,6.762719E+01
33530,6.761550E+01
33535,6.769007E+01
33540,6.778157E+01
33545,6.725566E+01
33550,6.716553E+01
33555,6.746035E+01
33560,6.741549E+01
33565,6.772135E+01
33570,6.681284E+01
33575,6.654842E+01
33580,6.683740E+01
33585,6.694059E+01
33590,6.693759E+01
33595,6.682201E+01
33600,6.634393E+01
33605,6.695575E+01
33610,6.684490E+01
33615,6.756696E+01
33620,6.683781E+01
33625,6.751224E+01
33630,6.736862E+01
33635,6.713668E+01
33640,6.745074E+01
33645,6.705294E+01
33650,6.677159E+01
33655,6.709200E+01
33660,6.713892E+01
33665,6.736891E+01
33670,6.727901E+01
33675,6.680562E+01
33680,6.689768E+01
33685,6.753642E+01
33690,6.694900E+01
33695,6.712495E+01
33700,6.708615E+01
33705,6.739286E+01
33710,6.695087E+01
33715,6.712621E+01
33720,6.708536E+01
33725,6.709464E+01
33730,6.742051E+01
33735,6.660934E+01
33740,6.713723E+01
33745,6.717367E+01
33750,6.715663E+01
33755,6.692957E+01
33760,6.673814E+01
33765,6.708076E+01
33770,6.681367E+01
33775,6.689684E+01
33780,6.683457E+01
33785,6.707673E+01
33790,6.704617E+01
33795,6.655564E+01
33800,6.724357E+01
33805,6.673093E+01
33810,6.770231E+01
33815,6.717748E+01
33820,6.738476E+01
33825,6.703492E+01
33830,6.687103E+01
33835,6.691904E+01
33840,6.707073E+01
33845,6.703802E+01
33850,6.662880E+01
33855,6.777635E+01
33860,6.659387E+01
33865,6.739124E+01
33870,6.689757E+01
33875,6.729679E+01
33880,6.670256E+01
33885,6.688003E+01
33890,6.692253E+01
33895,6.693101E+01
33900,6.713711E+01
33905,6.652830E+01
33910,6.677718E+01
33915,6.706553E+01
33920,6.718467E+01
33925,6.674680E+01
33930,6.661413E+01
33935,6.669469E+01
33940,6.637131E+01
33945,6.666871E+01
33950,6.668752E+01
33955,6.708671E+01
33960,6.749572E+01
33965,6.698768E+01
33970,6.669520E+01
33975,6.700197E+01
33980,6.679207E+01
33985,6.694783E+01
33990,6.680175E+01
33995,6.648420E+01
34000,6.676878E+01
34005,6.585004E+01
34010,6.671541E+01
34015,6.639594E+01
34020,6.681914E+01
34025,6.677038E+01
34030,6.672726E+01
34035,6.646445E+01
34040,6.634248E+01
34045,6.623895E+01
34050,6.635428E+01
34055,6.693961E+01
34060,6.650559E+01
34065,6.668228E+01
34070,6.674285E+01
34075,6.670631E+01
34080,6.699481E+01
34085,6.696913E+01
34090,6.665229E+01
34095,6.654116E+01
34100,6.638979E+01
34105,6.687391E+01
34110,6.684286E+01
34115,6.643441E+01
34120,6.610157E+01
34125,6.679615E+01
34130,6.689883E+01
34135,6.651965E+01
34140,6.666525E+01
34145,6.717229E+01
34150,6.668467E+01
34155,6.687128E+01
34160,6.691436E+01
34165,6.658685E+01
34170,6.710056E+01
34175,6.674780E+01
34180,6.638286E+01
34185,6.708533E+01
34190,6.682794E+01
34195,6.714702E+01
34200,6.714086E+01
34205,6.647021E+01
34210,6.730601E+01
34215,6.749445E+01
34220,6.733352E+01
34225,6.734422E+01
34230,6.730206E+01
34235,6.661277E+01
34240,6.699691E+01
34245,6.638594E+01
34250,6.710853E+01
34255,6.652852E+01
34260,6.643955E+01
34265,6.706292E+01
34270,6.683251E+01
34275,6.698428E+01
34280,6.712079E+01
34285,6.685637E+01
34290,6.719944E+01
34295,6.702809E+01
34300,6.669864E+01
34305,6.710117E+01
34310,6.714771E+01
34315,6.725733E+01
34320,6.755541E+01
34325,6.671595E+01
34330,6.684422E+01
34335,6.689595E+01
34340,6.656793E+01
34345,6.699464E+01
34350,6.716588E+01
34355,6.712826E+01
34360,6.738138E+01
34365,6.748343E+01
34370,6.673613E+01
34375,6.685712E+01
34380,6.729619E+01
34385,6.756321E+01
34390,6.718859E+01
34395,6.746105E+01
34400,6.699229E+01
34405,6.741728E+01
34410,6.687122E+01
34415,6.674594E+01
34420,6.734653E+01
34425,6.703145E+01
34430,6.704882E+01
34435,6.749826E+01
34440,6.713775E+01
34445,6.694394E+01
34450,6.690732E+01
34455,6.581075E+01
34460,6.687742E+01
34465,6.729233E+01
34470,6.759363E+01
34475,6.734892E+01
34480,6.705127E+01
34485,6.711834E+01
34490,6.694741E+01
34495,6.677085E+01
34500,6.657359E+01
34505,6.621062E+01
34510,6.666396E+01
34515,6.718406E+01
34520,6.704312E+01
34525,6.661982E+01
34530,6.684393E+01
34535,6.610273E+01
34540,6.592131E+01
34545,6.654297E+01
34550,6.662192E+01
34555,6.652047E+01
34560,6.604668E+01
34565,6.654908E+01
34570,6.591252E+01
34575,6.696786E+01
34580,6.616667E+01
34585,6.619672E+01
34590,6.579431E+01
34595,6.633879E+01
34600,6.637903E+01
34605,6.675117E+01
34610,6.701842E+01
34615,6.626918E+01
34620,6.668027E+01
34625,6.619620E+01
34630,6.634807E+01
34635,6.596946E+01
34640,6.563450E+01
34645,6.599778E+01
34650,6.597140E+01
34655,6.624825E+01
34660,6.631105E+01
34665,6.645815E+01
34670,6.602592E+01
34675,6.653107E+01
34680,6.616823E+01
34685,6.604541E+01
34690,6.585305E+01
34695,6.622760E+01
34700,6.669106E+01
34705,6.626017E+01
34710,6.663512E+01
34715,6.615680E+01
34720,6.589642E+01
34725,6.558961E+01
34730,6.589479E+01
34735,6.625596E+01
34740,6.618630E+01
34745,6.613885E+01
34750,6.622424E+01
34755,6.628527E+01
34760,6.622469E+01
34765,6.586482E+01
34770,6.598858E+01
34775,6.606172E+01
34780,6.629858E+01
34785,6.604078E+01
34790,6.598577E+01
34795,6.587320E+01
34800,6.557495E+01
34805,6.560311E+01
34810,6.634183E+01
34815,6.574846E+01
34820,6.609949E+01
34825,6.610538E+01
34830,6.570447E+01
34835,6.572001E+01
34840,6.542637E+01
34845,6.582318E+01
34850,6.549407E+01
34855,6.587728E+01
34860,6.567772E+01
34865,6.584658E+01
34870,6.607337E+01
34875,6.604796E+01
34880,6.659731E+01
34885,6.619437E+01
34890,6.623520E+01
34895,6.612167E+01
34900,6.594902E+01
34905,6.599092E+01
34910,6.581072E+01
34915,6.566186E+01
34920,6.610704E+01
34925,6.586324E+01
34930,6.594412E+01
34935,6.656304E+01
34940,6.564762E+01
34945,6.610342E+01
34950,6.574349E+01
34955,6.603983E+01
34960,6.615763E+01
34965,6.571917E+01
34970,6.552289E+01
34975,6.567773E+01
34980,6.595635E+01
34985,6.585136E+01
34990,6.617993E+01
34995,6.616024E+01
35000,6.576100E+01
35005,6.538119E+01
35010,6.599266E+01
35015,6.560255E+01
35020,6.609294E+01
35025,6.540230E+01
35030,6.627496E+01
35035,6.523398E+01
35040,6.601392E+01
35045,6.609586E+01
35050,6.537957E+01
35055,6.602451E+01
35060,6.530148E+01
35065,6.583603E+01
35070,6.633889E+01
35075,6.564146E+01
35080,6.598283E+01
35085,6.610552E+01
35090,6.608680E+01
35095,6.586285E+01
35100,6.633578E+01
35105,6.625012E+01
35110,6.617325E+01
35115,6.646987E+01
35120,6.631273E+01
35125,6.654675E+01
35130,6.591141E+01
35135,6.583995E+01
35140,6.601323E+01
35145,6.577571E+01
35150,6.608103E+01
35155,6.582109E+01
35160,6.576155E+01
35165,6.659376E+01
35170,6.605928E+01
35175,6.606053E+01
35180,6.583961E+01
35185,6.634497E+01
35190,6.591533E+01
35195,6.570792E+01
35200,6.544598E+01
35205,6.546130E+01
35210,6.495181E+01
35215,6.468348E+01
35220,6.515632E+01
35225,6.524613E+01
35230,6.542278E+01
35235,6.505373E+01
35240,6.518766E+01
35245,6.524846E+01
35250,6.503607E+01
35255,6.522801E+01
35260,6.543159E+01
35265,6.560231E+01
35270,6.560182E+01
35275,6.537413E+01
35280,6.526490E+01
35285,6.564361E+01
35290,6.521477E+01
35295,6.582441E+01
35300,6.600738E+01
35305,6.573976E+01
35310,6.613413E+01
35315,6.562607E+01
35320,6.555481E+01
35325,6.667244E+01
35330,6.607372E+01
35335,6.598860E+01
35340,6.615322E+01
35345,6.593150E+01
35350,6.608016E+01
35355,6.607142E+01
35360,6.548358E+01
35365,6.602966E+01
35370,6.639753E+01
35375,6.612897E+01
35380,6.553223E+01
35385,6.573153E+01
35390,6.599453E+01
35395,6.522417E+01
35400,6.588288E+01
35405,6.563507E+01
35410,6.550815E+01
35415,6.543239E+01
35420,6.542842E+01
35425,6.586049E+01
35430,6.592649E+01
35435,6.570336E+01
35440,6.583990E+01
35445,6.580176E+01
35450,6.547810E+01
35455,6.555761E+01
35460,6.558835E+01
35465,6.587774E+01
35470,6.509875E+01
35475,6.568911E+01
35480,6.546648E+01
35485,6.536085E+01
35490,6.539993E+01
35495,6.562756E+01
35500,6.518519E+01
35505,6.581972E+01
35510,6.604334E+01
35515,6.525526E+01
35520,6.562496E+01
35525,6.586805E+01
35530,6.489946E+01
35535,6.558554E+01
35540,6.625462E+01
35545,6.574958E+01
35550,6.554016E+01
35555,6.589501E+01
35560,6.577251E+01
35565,6.577291E+01
35570,6.555180E+01
35575,6.560652E+01
35580,6.528550E+01
35585,6.576814E+01
35590,6.621872E+01
35595,6.588237E+01
35600,6.597780E+01
35605,6.570263E+01
35610,6.530942E+01
35615,6.559561E+01
35620,6.574644E+01
35625,6.565110E+01
35630,6.528958E+01
35635,6.548272E+01
35640,6.572765E+01
35645,6.496469E+01
35650,6.565536E+01
35655,6.561803E+01
35660,6.522454E+01
35665,6.534331E+01
35670,6.544532E+01
35675,6.551938E+01
35680,6.559698E+01
35685,6.521306E+01
35690,6.587791E+01
35695,6.529584E+01
35700,6.533341E+01
35705,6.545892E+01
35710,6.535408E+01
35715,6.513853E+01
35720,6.517964E+01
35725,6.507864E+01
35730,6.504385E+01
35735,6.509067E+01
35740,6.490229E+01
35745,6.548401E+01
35750,6.471750E+01
35755,6.482438E+01
35760,6.444751E+01
35765,6.495801E+01
35770,6.474811E+01
35775,6.488368E+01
35780,6.528271E+01
35785,6.483173E+01
35790,6.521396E+01
35795,6.518600E+01
35800,6.517502E+01
35805,6.555397E+01
35810,6.531841E+01
35815,6.531883E+01
35820,6.501836E+01
35825,6.556362E+01
35830,6.582169E+01
35835,6.581010E+01
35840,6.580699E+01
35845,6.528598E+01
35850,6.538446E+01
35855,6.555422E+01
35860,6.516827E+01
35865,6.557737E+01
35870,6.499494E+01
35875,6.551245E+01
35880,6.534037E+01
35885,6.528087E+01
35890,6.523063E+01
35895,6.539459E+01
35900,6.537194E+01
35905,6.503121E+01
35910,6.488989E+01
35915,6.520028E+01
35920,6.538389E+01
35925,6.517478E+01
35930,6.526135E+01
35935,6.504260E+01
35940,6.564178E+01
35945,6.566901E+01
35950,6.540406E+01
35955,6.525631E+01
35960,6.585896E+01
35965,6.521681E+01
35970,6.535458E+01
35975,6.565781E+01
35980,6.518054E+01
35985,6.537437E+01
35990,6.512895E+01
35995,6.569357E+01
36000,6.506824E+01
36005,6.593399E+01
36010,6.511910E+01
36015,6.492822E+01
36020,6.506838E+01
36025,6.466249E+01
36030,6.527601E+01
36035,6.543212E+01
36040,6.490205E+01
36045,6.464960E+01
36050,6.411531E+01
36055,6.405747E+01
36060,6.515065E+01
36065,6.477813E+01
36070,6.520508E+01
36075,6.461750E+01
36080,6.490952E+01
36085,6.482502E+01
36090,6.421129E+01
36095,6.491349E+01
36100,6.481854E+01
36105,6.450279E+01
36110,6.500208E+01
36115,6.523396E+01
36120,6.493280E+01
36125,6.461993E+01
36130,6.537480E+01
36135,6.454120E+01
36140,6.507997E+01
36145,6.438945E+01
36150,6.433577E+01
36155,6.454428E+01
36160,6.438362E+01
36165,6.445888E+01
36170,6.476548E+01
36175,6.445532E+01
36180,6.443720E+01
36185,6.409141E+01
36190,6.395166E+01
36195,6.426816E+01
36200,6.469338E+01
36205,6.449678E+01
36210,6.431753E+01
36215,6.469065E+01
36220,6.458089E+01
36225,6.408877E+01
36230,6.411312E+01
36235,6.459716E+01
36240,6.458444E+01
36245,6.415145E+01
36250,6.471132E+01
36255,6.457139E+01
36260,6.445670E+01
36265,6.529095E+01
36270,6.477863E+01
36275,6.501534E+01
36280,6.475525E+01
36285,6.475927E+01
36290,6.447275E+01
36295,6.451597E+01
36300,6.475670E+01
36305,6.436722E+01
36310,6.463970E+01
36315,6.452272E+01
36320,6.506320E+01
36325,6.450607E+01
36330,6.457784E+01
36335,6.459602E+01
36340,6.440326E+01
36345,6.498193E+01
36350,6.446584E+01
36355,6.430565E+01
36360,6.471878E+01
36365,6.511913E+01
36370,6.525168E+01
36375,6.513090E+01
36380,6.498258E+01
36385,6.538457E+01
36390,6.505993E+01
36395,6.496227E+01
36400,6.470146E+01
36405,6.480637E+01
36410,6.475876E+01
36415,6.453125E+01
36420,6.384720E+01
36425,6.409268E+01
36430,6.444885E+01
36435,6.423541E+01
36440,6.428111E+01
36445,6.411645E+01
36450,6.453160E+01
36455,6.390667E+01
36460,6.410747E+01
36465,6.435560E+01
36470,6.430798E+01
36475,6.413438E+01
36480,6.442912E+01
36485,6.447271E+01
36490,6.498602E+01
36495,6.402848E+01
36500,6.410434E+01
36505,6.393813E+01
36510,6.456420E+01
36515,6.438851E+01
36520,6.401484E+01
36525,6.409879E+01
36530,6.437677E+01
36535,6.445926E+01
36540,6.403265E+01
36545,6.400979E+01
36550,6.432715E+01
36555,6.384668E+01
36560,6.460887E+01
36565,6.399817E+01
36570,6.394590E+01
36575,6.446268E+01
36580,6.366822E+01
36585,6.421777E+01
36590,6.438227E+01
36595,6.420419E+01
36600,6.417808E+01
36605,6.375696E+01
36610,6.395483E+01
36615,6.417196E+01
36620,6.450964E+01
36625,6.418392E+01
36630,6.440978E+01
36635,6.415067E+01
36640,6.446627E+01
36645,6.377584E+01
36650,6.382733E+01
36655,6.407676E+01
36660,6.386060E+01
36665,6.403105E+01
36670,6.374365E+01
36675,6.455594E+01
36680,6.381489E+01
36685,6.357345E+01
36690,6.377541E+01
36695,6.378073E+01
36700,6.404131E+01
36705,6.372483E+01
36710,6.402438E+01
36715,6.389091E+01
36720,6.404120E+01
36725,6.408972E+01
36730,6.452703E+01
36735,6.407319E+01
36740,6.418740E+01
36745,6.396256E+01
36750,6.393992E+01
36755,6.424304E+01
36760,6.373056E+01
36765,6.440134E+01
36770,6.384391E+01
36775,6.449561E+01
36780,6.444935E+01
36785,6.442023E+01
36790,6.360357E+01
36795,6.354430E+01
36800,6.370432E+01
36805,6.399515E+01
36810,6.318045E+01
36815,6.316689E+01
36820,6.359706E+01
36825,6.337154E+01
36830,6.390413E+01
36835,6.409118E+01
36840,6.375268E+01
36845,6.341765E+01
36850,6.359124E+01
36855,6.379285E+01
36860,6.359108E+01
36865,6.360165E+01
36870,6.412080E+01
36875,6.402974E+01
36880,6.428315E+01
36885,6.348965E+01
36890,6.382641E+01
36895,6.374595E+01
36900,6.368226E+01
36905,6.352157E+01
36910,6.391973E+01
36915,6.363665E+01
36920,6.363790E+01
36925,6.403065E+01
36930,6.372570E+01
36935,6.412516E+01
36940,6.330894E+01
36945,6.410986E+01
36950,6.373100E+01
36955,6.413610E+01
36960,6.382688E+01
36965,6.377306E+01
36970,6.411873E+01
36975,6.357201E+01
36980,6.393509E+01
36985,6.342332E+01
36990,6.384556E+01
36995,6.379875E+01
37000,6.398055E+01
37005,6.415979E+01
37010,6.391227E+01
37015,6.444368E+01
37020,6.388046E+01
37025,6.347860E+01
37030,6.406022E+01
37035,6.423247E+01
37040,6.409809E+01
37045,6.366785E+01
37050,6.406633E+01
37055,6.364276E+01
37060,6.342580E+01
37065,6.391769E+01
37070,6.378513E+01
37075,6.403251E+01
37080,6.359450E+01
37085,6.378204E+01
37090,6.370769E+01
37095,6.409681E+01
37100,6.355488E+01
37105,6.370455E+01
37110,6.392517E+01
37115,6.361949E+01
37120,6.359202E+01
37125,6.383384E+01
37130,6.278417E+01
37135,6.394120E+01
37140,6.361763E+01
37145,6.372665E+01
37150,6.418712E+01
37155,6.340370E+01
37160,6.357972E+01
37165,6.368743E+01
37170,6.392167E+01
37175,6.355244E+01
37180,6.352983E+01
37185,6.441565E+01
37190,6.361335E+01
37195,6.339786E+01
37200,6.427931E+01
37205,6.388156E+01
37210,6.380425E+01
37215,6.411522E+01
37220,6.423354E+01
37225,6.426483E+01
37230,6.353220E+01
37235,6.456568E+01
37240,6.409987E+01
37245,6.404807E+01
37250,6.462309E+01
37255,6.433524E+01
37260,6.382032E+01
37265,6.371660E+01
37270,6.397742E+01
37275,6.400494E+01
37280,6.426803E+01
37285,6.383773E+01
37290,6.399249E+01
37295,6.421215E+01
37300,6.371543E+01
37305,6.425994E+01
37310,6.395578E+01
37315,6.364796E+01
37320,6.425571E+01
37325,6.389344E+01
37330,6.437466E+01
37335,6.442421E+01
37340,6.414816E+01
37345,6.372906E+01
37350,6.465230E+01
37355,6.448593E+01
37360,6.438383E+01
37365,6.404107E+01
37370,6.400522E+01
37375,6.385834E+01
37380,6.400041E+01
37385,6.424089E+01
37390,6.435035E+01
37395,6.389751E+01
37400,6.369669E+01
37405,6.445345E+01
37410,6.391548E+01
37415,6.401206E+01
37420,6.407065E+01
37425,6.343837E+01
37430,6.407477E+01
37435,6.388085E+01
37440,6.418564E+01
37445,6.427230E+01
37450,6.396602E+01
37455,6.360483E+01
37460,6.380425E+01
37465,6.393258E+01
37470,6.363138E+01
37475,6.353497E+01
37480,6.339163E+01
37485,6.363203E+01
37490,6.332518E+01
37495,6.373159E+01
37500,6.392249E+01
37505,6.371201E+01
37510,6.370555E+01
37515,6.374535E+01
37520,6.386125E+01
37525,6.384676E+01
37530,6.375956E+01
37535,6.355853E+01
37540,6.364653E+01
37545,6.380313E+01
37550,6.418077E+01
37555,6.351505E+01
37560,6.380797E+01
37565,6.382009E+01
37570,6.370687E+01
37575,6.422198E+01
37580,6.418836E+01
37585,6.335995E+01
37590,6.343524E+01
37595,6.347917E+01
37600,6.340203E+01
37605,6.392347E+01
37610,6.349585E+01
37615,6.370797E+01
37620,6.346360E+01
37625,6.327448E+01
37630,6.383490E+01
37635,6.344032E+01
37640,6.337542E+01
37645,6.387914E+01
37650,6.344061E+01
37655,6.411510E+01
37660,6.422305E+01
37665,6.403004E+01
37670,6.408593E+01
37675,6.386054E+01
37680,6.379986E+01
37685,6.388047E+01
37690,6.397612E+01
37695,6.411694E+01
37700,6.440284E+01
37705,6.356201E+01
37710,6.408259E+01
37715,6.348166E+01
37720,6.375884E+01
37725,6.382957E+01
37730,6.333276E+01
37735,6.372538E+01
37740,6.367542E+01
37745,6.420355E+01
37750,6.398682E+01
37755,6.425488E+01
37760,6.440571E+01
37765,6.383448E+01
37770,6.425633E+01
37775,6.398793E+01
37780,6.409898E+01
37785,6.404340E+01
37790,6.395071E+01
37795,6.402919E+01
37800,6.439147E+01
37805,6.433022E+01
37810,6.353078E+01
37815,6.481003E+01
37820,6.368851E+01
37825,6.389662E+01
37830,6.433663E+01
37835,6.399204E+01
37840,6.387006E+01
37845,6.433123E+01
37850,6.441816E+01
37855,6.431574E+01
37860,6.433113E+01
37865,6.437787E+01
37870,6.478920E+01
37875,6.377737E+01
37880,6.497075E+01
37885,6.458696E+01
37890,6.434038E+01
37895,6.491965E+01
37900,6.443292E+01
37905,6.471663E+01
37910,6.454435E+01
37915,6.487346E+01
37920,6.442953E+01
37925,6.447698E+01
37930,6.461144E+01
37935,6.491484E+01
37940,6.482454E+01
37945,6.457215E+01
37950,6.461837E+01
37955,6.458452E+01
37960,6.457850E+01
37965,6.438417E+01
37970,6.506550E+01
37975,6.434085E+01
37980,6.497844E+01
37985,6.482952E+01
37990,6.442075E+01
37995,6.436666E+01
38000,6.486606E+01
38005,6.478660E+01
38010,6.483035E+01
38015,6.490416E+01
38020,6.447911E+01
38025,6.480935E+01
38030,6.533959E+01
38035,6.477072E+01
38040,6.462894E+01
38045,6.418290E+01
38050,6.455927E+01
38055,6.389265E+01
38060,6.407047E+01
38065,6.464082E+01
38070,6.367776E+01
38075,6.469995E+01
38080,6.406475E+01
38085,6.400494E+01
38090,6.461052E+01
38095,6.463984E+01
38100,6.425693E+01
38105,6.437765E+01
38110,6.448782E+01
38115,6.441845E+01
38120,6.462057E+01
38125,6.486259E+01
38130,6.488972E+01
38135,6.487972E+01
38140,6.475087E+01
38145,6.459608E+01
38150,6.497642E+01
38155,6.468400E+01
38160,6.512270E+01
38165,6.490517E+01
38170,6.502162E+01
38175,6.481694E+01
38180,6.466345E+01
38185,6.495143E+01
38190,6.468943E+01
38195,6.466608E+01
38200,6.483531E+01
38205,6.495700E+01
38210,6.526273E+01
38215,6.514863E+01
38220,6.504499E+01
38225,6.510370E+01
38230,6.485909E+01
38235,6.484841E+01
38240,6.482384E+01
38245,6.512867E+01
38250,6.455826E+01
38255,6.499093E+01
38260,6.520811E+01
38265,6.537412E+01
38270,6.489994E+01
38275,6.516202E+01
38280,6.474308E+01
38285,6.487540E+01
38290,6.434078E+01
38295,6.455242E+01
38300,6.488115E+01
38305,6.504226E+01
38310,6.500142E+01
38315,6.535629E+01
38320,6.472817E+01
38325,6.527564E+01
38330,6.531356E+01
38335,6.515258E+01
38340,6.548268E+01
38345,6.514106E+01
38350,6.523143E+01
38355,6.499987E+01
38360,6.506577E+01
38365,6.491772E+01
38370,6.518265E+01
38375,6.523078E+01
38380,6.507760E+01
38385,6.492208E+01
38390,6.522170E+01
38395,6.514053E+01
38400,6.484994E+01
38405,6.505401E+01
38410,6.512506E+01
38415,6.476499E+01
38420,6.517544E+01
38425,6.485055E+01
38430,6.469799E+01
38435,6.483664E+01
38440,6.481349E+01
38445,6.529609E+01
38450,6.472700E+01
38455,6.502622E+01
38460,6.517709E+01
38465,6.531923E+01
38470,6.522628E+01
38475,6.494406E+01
38480,6.525628E+01
38485,6.506992E+01
38490,6.491281E+01
38495,6.479792E+01
38500,6.482710E+01
38505,6.507961E+01
38510,6.454565E+01
38515,6.470570E+01
38520,6.508032E+01
38525,6.525782E+01
38530,6.512894E+01
38535,6.512064E+01
38540,6.510233E+01
38545,6.465085E+01
38550,6.463085E+01
38555,6.493065E+01
38560,6.500105E+01
38565,6.491140E+01
38570,6.508914E+01
38575,6.530067E+01
38580,6.455542E+01
38585,6.493160E+01
38590,6.483274E+01
38595,6.517238E+01
38600,6.508546E+01
38605,6.448585E+01
38610,6.512994E+01
38615,6.497930E+01
38620,6.512527E+01
38625,6.452393E+01
38630,6.496423E+01
38635,6.505260E+01
38640,6.474393E+01
38645,6.475312E+01
38650,6.510256E+01
38655,6.471921E+01
38660,6.495010E+01
38665,6.458405E+01
38670,6.536458E+01
38675,6.447933E+01
38680,6.484965E+01
38685,6.422751E+01
38690,6.455020E+01
38695,6.470367E+01
38700,6.422608E+01
38705,6.480667E+01
38710,6.436152E+01
38715,6.480978E+01
38720,6.481663E+01
38725,6.504850E+01
38730,6.511362E+01
38735,6.483239E+01
38740,6.509208E+01
38745,6.495719E+01
38750,6.449841E+01
38755,6.448449E+01
38760,6.465483E+01
38765,6.442909E+01
38770,6.496638E+01
38775,6.475623E+01
38780,6.523227E+01
38785,6.466667E+01
38790,6.464764E+01
38795,6.485380E+01
38800,6.475588E+01
38805,6.473159E+01
38810,6.502346E+01
38815,6.508126E+01
38820,6.470938E+01
38825,6.514882E+01
38830,6.493307E+01
38835,6.458322E+01
38840,6.479816E+01
38845,6.485051E+01
38850,6.459467E+01
38855,6.475652E+01
38860,6.480907E+01
38865,6.532527E+01
38870,6.516846E+01
38875,6.512039E+01
38880,6.506226E+01
38885,6.490078E+01
38890,6.528464E+01
38895,6.508131E+01
38900,6.508312E+01
38905,6.504501E+01
38910,6.538093E+01
38915,6.492106E+01
38920,6.524883E+01
38925,6.503075E+01
38930,6.470804E+01
38935,6.468302E+01
38940,6.507564E+01
38945,6.493448E+01
38950,6.574713E+01
38955,6.539468E+01
38960,6.542673E+01
38965,6.478141E+01
38970,6.467560E+01
38975,6.501403E+01
38980,6.506071E+01
38985,6.519439E+01
38990,6.547222E+01
38995,6.477830E+01
39000,6.524099E+01
39005,6.532474E+01
39010,6.473320E+01
39015,6.508969E+01
39020,6.569949E+01
39025,6.544750E+01
39030,6.507596E+01
39035,6.576197E+01
39040,6.489604E+01
39045,6.471795E+01
39050,6.543647E+01
39055,6.540730E+01
39060,6.515811E+01
39065,6.459866E+01
39070,6.469705E+01
39075,6.511326E+01
39080,6.535056E+01
39085,6.548259E+01
39090,6.485740E+01
39095,6.550865E+01
39100,6.568742E+01
39105,6.551686E+01
39110,6.510292E+01
39115,6.588151E+01
39120,6.561730E+01
39125,6.568039E+01
39130,6.533714E+01
39135,6.568028E+01
39140,6.483687E+01
39145,6.571110E+01
39150,6.530879E+01
39155,6.531451E+01
39160,6.505260E+01
39165,6.545663E+01
39170,6.497820E+01
39175,6.538441E+01
39180,6.536929E+01
39185,6.531401E+01
39190,6.520280E+01
39195,6.493676E+01
39200,6.549738E+01
39205,6.551946E+01
39210,6.573413E+01
39215,6.513174E+01
39220,6.534097E+01
39225,6.511272E+01
39230,6.580175E+01
39235,6.556626E+01
39240,6.586015E+01
39245,6.536775E+01
39250,6.571586E+01
39255,6.562510E+01
39260,6.549141E+01
39265,6.576163E+01
39270,6.527465E+01
39275,6.546764E+01
39280,6.493751E+01
39285,6.499667E+01
39290,6.554345E+01
39295,6.509466E+01
39300,6.462943E+01
39305,6.508542E+01
39310,6.474036E+01
39315,6.483179E+01
39320,6.543220E+01
39325,6.499077E+01
39330,6.494017E+01
39335,6.492677E+01
39340,6.496249E+01
39345,6.486533E+01
39350,6.468099E+01
39355,6.483126E+01
39360,6.531680E+01
39365,6.462745E+01
39370,6.497755E+01
39375,6.501527E+01
39380,6.483323E+01
39385,6.527265E+01
39390,6.563295E+01
39395,6.527820E+01
39400,6.501777E+01
39405,6.530361E+01
39410,6.509751E+01
39415,6.480229E+01
39420,6.537302E+01
39425,6.469547E+01
39430,6.542764E+01
39435,6.497216E+01
39440,6.493386E+01
39445,6.473618E+01
39450,6.448322E+01
39455,6.449170E+01
39460,6.471129E+01
39465,6.458433E+01
39470,6.486420E+01
39475,6.474324E+01
39480,6.460056E+01
39485,6.484216E+01
39490,6.534673E+01
39495,6.495572E+01
39500,6.534774E+01
39505,6.491584E+01
39510,6.455674E+01
39515,6.501989E+01
39520,6.462023E+01
39525,6.497807E+01
39530,6.472064E+01
39535,6.507435E+01
39540,6.472001E+01
39545,6.519720E+01
39550,6.508164E+01
39555,6.511624E+01
39560,6.481018E+01
39565,6.500709E+01
39570,6.531304E+01
39575,6.480587E+01
39580,6.497203E+01
39585,6.513851E+01
39590,6.485350E+01
39595,6.542510E+01
39600,6.476482E+01
39605,6.554117E+01
39610,6.454574E+01
39615,6.526615E+01
39620,6.543529E+01
39625,6.480593E+01
39630,6.449998E+01
39635,6.462742E+01
39640,6.478596E+01
39645,6.448380E+01
39650,6.467523E+01
39655,6.482507E+01
39660,6.467563E+01
39665,6.489352E+01
39670,6.510983E+01
39675,6.540260E+01
39680,6.570209E+01
39685,6.557344E+01
39690,6.537371E+01
39695,6.488560E+01
39700,6.500508E+01
39705,6.508753E+01
39710,6.504629E+01
39715,6.547397E+01
39720,6.470928E+01
39725,6.513557E+01
39730,6.542363E+01
39735,6.513912E+01
39740,6.546964E+01
39745,6.490093E+01
39750,6.487136E+01
39755,6.487072E+01
39760,6.497913E+01
39765,6.543226E+01
39770,6.478864E+01
39775,6.512236E+01
39780,6.522624E+01
39785,6.502554E+01
39790,6.517133E+01
39795,6.516024E+01
39800,6.553001E+01
39805,6.516902E+01
39810,6.483374E+01
39815,6.527122E+01
39820,6.498876E+01
39825,6.476504E+01
39830,6.541188E+01
39835,6.476069E+01
39840,6.469823E+01
39845,6.508979E+01
39850,6.537249E+01
39855,6.473153E+01
39860,6.511234E+01
39865,6.555728E+01
39870,6.475419E+01
39875,6.507954E+01
39880,6.516289E+01
39885,6.548779E+01
39890,6.485909E+01
39895,6.491581E+01
39900,6.485093E+01
39905,6.520273E+01
39910,6.538237E+01
39915,6.548173E+01
39920,6.527235E+01
39925,6.572836E+01
39930,6.481316E+01
39935,6.568700E+01
39940,6.561416E+01
39945,6.545233E+01
39950,6.522001E+01
39955,6.515960E+01
39960,6.560388E+01
39965,6.498680E+01
39970,6.531155E+01
39975,6.516952E+01
39980,6.538591E+01
39985,6.584211E+01
39990,6.501211E+01
39995,6.545700E+01
40000,6.514371E+01
40005,6.556849E+01
40010,6.490744E+01
40015,6.526655E+01
40020,6.557870E+01
40025,6.512625E+01
40030,6.530720E+01
40035,6.512065E+01
40040,6.537699E+01
40045,6.507919E+01
40050,6.516925E+01
40055,6.574585E+01
40060,6.482464E+01
40065,6.540640E+01
40070,6.500125E+01
40075,6.501542E+01
40080,6.512823E+01
40085,6.489641E+01
40090,6.544715E+01
40095,6.493258E+01
40100,6.547444E+01
40105,6.552090E+01
40110,6.501264E+01
40115,6.487036E+01
40120,6.492406E+01
40125,6.506906E+01
40130,6.571702E+01
40135,6.524802E+01
40140,6.579641E+01
40145,6.580511E+01
40150,6.544523E+01
40155,6.555685E+01
40160,6.528588E+01
40165,6.490449E+01
40170,6.564326E+01
40175,6.516538E+01
40180,6.480893E+01
40185,6.530704E+01
40190,6.488401E+01
40195,6.511874E+01
40200,6.552409E+01
40205,6.534307E+01
40210,6.514500E+01
40215,6.515115E+01
40220,6.543637E+01
40225,6.502042E+01
40230,6.517137E+01
40235,6.510226E+01
40240,6.508163E+01
40245,6.548730E+01
40250,6.553975E+01
40255,6.510745E+01
40260,6.538116E+01
40265,6.512964E+01
40270,6.442314E+01
40275,6.536012E+01
40280,6.528250E+01
40285,6.545625E+01
40290,6.534534E+01
40295,6.506012E+01
40300,6.571358E+01
40305,6.534154E+01
40310,6.516675E+01
40315,6.515266E+01
40320,6.521291E+01
40325,6.487882E+01
40330,6.506462E+01
40335,6.507084E+01
40340,6.483906E+01
40345,6.493847E+01
40350,6.482894E+01
40355,6.487365E+01
40360,6.527204E+01
40365,6.503024E+01
40370,6.537260E+01
40375,6.510641E+01
40380,6.471224E+01
40385,6.517570E+01
40390,6.518228E+01
40395,6.555640E+01
40400,6.529385E+01
40405,6.521580E+01
40410,6.536267E+01
40415,6.506853E+01
40420,6.560156E+01
40425,6.528702E+01
40430,6.531006E+01
40435,6.578837E+01
40440,6.519362E+01
40445,6.569031E+01
40450,6.563236E+01
40455,6.489292E+01
40460,6.521001E+01
40465,6.536925E+01
40470,6.547102E+01
40475,6.548685E+01
40480,6.554163E+01
40485,6.471730E+01
40490,6.516653E+01
40495,6.555127E+01
40500,6.569415E+01
40505,6.481154E+01
40510,6.551429E+01
40515,6.521243E+01
40520,6.572791E+01
40525,6.558443E+01
40530,6.545870E+01
40535,6.565474E+01
40540,6.590026E+01
40545,6.567930E+01
40550,6.581694E+01
40555,6.529612E+01
40560,6.568267E+01
40565,6.561722E+01
40570,6.566215E+01
40575,6.567549E+01
40580,6.601486E+01
40585,6.500371E+01
40590,6.552914E+01
40595,6.515707E+01
40600,6.571282E+01
40605,6.540118E+01
40610,6.531808E+01
40615,6.527295E+01
40620,6.551870E+01
40625,6.553960E+01
40630,6.525978E+01
40635,6.590968E+01
40640,6.568464E+01
40645,6.542888E+01
40650,6.597230E+01
40655,6.517762E+01
40660,6.549213E+01
40665,6.537659E+01
40670,6.507834E+01
40675,6.575432E+01
40680,6.528693E+01
40685,6.570629E+01
40690,6.562136E+01
40695,6.532953E+01
40700,6.572323E+01
40705,6.592791E+01
40710,6.528929E+01
40715,6.590682E+01
40720,6.567562E+01
40725,6.509663E+01
40730,6.541641E+01
40735,6.555547E+01
40740,6.550598E+01
40745,6.502904E+01
40750,6.534656E+01
40755,6.548708E+01
40760,6.522834E+01
40765,6.521412E+01
40770,6.527402E+01
40775,6.556549E+01
40780,6.545217E+01
40785,6.523423E+01
40790,6.523275E+01
40795,6.501063E+01
40800,6.504431E+01
40805,6.545120E+01
40810,6.546425E+01
40815,6.497923E+01
40820,6.501956E+01
40825,6.572218E+01
40830,6.540887E+01
40835,6.513462E+01
40840,6.483172E+01
40845,6.554360E+01
40850,6.540045E+01
40855,6.484438E+01
40860,6.521489E+01
40865,6.558313E+01
40870,6.510192E+01
40875,6.477930E+01
40880,6.531279E+01
40885,6.547861E+01
40890,6.535732E+01
40895,6.502307E+01
40900,6.559529E+01
40905,6.546947E+01
40910,6.502919E+01
40915,6.547485E+01
40920,6.544738E+01
40925,6.544065E+01
40930,6.522575E+01
40935,6.529102E+01
40940,6.554456E+01
40945,6.531823E+01
40950,6.527078E+01
40955,6.562432E+01
40960,6.537474E+01
40965,6.547180E+01
40970,6.532268E+01
40975,6.549178E+01
40980,6.514050E+01
40985,6.514152E+01
40990,6.509763E+01
40995,6.501332E+01
41000,6.536250E+01
41005,6.513442E+01
41010,6.524789E+01
41015,6.528752E+01
41020,6.487064E+01
41025,6.526235E+01
41030,6.527051E+01
41035,6.506475E+01
41040,6.513446E+01
41045,6.523883E+01
41050,6.539708E+01
41055,6.548719E+01
41060,6.563510E+01
41065,6.557022E+01
41070,6.547744E+01
41075,6.558088E+01
41080,6.486229E+01
41085,6.518085E+01
41090,6.542219E+01
41095,6.525776E+01
41100,6.523691E+01
41105,6.558070E+01
41110,6.524868E+01
41115,6.542097E+01
41120,6.499296E+01
41125,6.522322E+01
41130,6.479596E+01
41135,6.511797E+01
41140,6.514907E+01
41145,6.520109E+01
41150,6.481505E+01
41155,6.525558E+01
41160,6.498035E+01
41165,6.568184E+01
41170,6.515233E+01
41175,6.467270E+01
41180,6.464081E+01
41185,6.480006E+01
41190,6.489594E+01
41195,6.519559E+01
41200,6.464182E+01
41205,6.523531E+01
41210,6.474317E+01
41215,6.502300E+01
41220,6.524048E+01
41225,6.470142E+01
41230,6.543849E+01
41235,6.521240E+01
41240,6.484542E+01
41245,6.518132E+01
41250,6.473633E+01
41255,6.525346E+01
41260,6.525010E+01
41265,6.569781E+01
41270,6.504460E+01
41275,6.514984E+01
41280,6.502635E+01
41285,6.548998E+01
41290,6.501573E+01
41295,6.582195E+01
41300,6.553738E+01
41305,6.559625E+01
41310,6.535019E+01
41315,6.570623E+01
41320,6.519578E+01
41325,6.544232E+01
41330,6.552510E+01
41335,6.555873E+01
41340,6.521721E+01
41345,6.565584E+01
41350,6.533268E+01
41355,6.559955E+01
41360,6.523668E+01
41365,6.507396E+01
41370,6.487082E+01
41375,6.502731E+01
41380,6.482001E+01
41385,6.564981E+01
41390,6.518328E+01
41395,6.493536E+01
41400,6.496295E+01
41405,6.498170E+01
41410,6.503292E+01
41415,6.567361E+01
41420,6.546391E+01
41425,6.532198E+01
41430,6.562875E+01
41435,6.560413E+01
41440,6.540056E+01
41445,6.554602E+01
41450,6.526696E+01
41455,6.516301E+01
41460,6.534655E+01
41465,6.514931E+01
41470,6.612785E+01
41475,6.623680E+01
41480,6.588735E+01
41485,6.509662E+01
41490,6.533604E+01
41495,6.516069E+01
41500,6.516294E+01
41505,6.551144E+01
41510,6.534807E+01
41515,6.595188E+01
41520,6.508817E+01
41525,6.559556E+01
41530,6.534119E+01
41535,6.583171E+01
41540,6.521013E+01
41545,6.524677E+01
41550,6.534885E+01
41555,6.528802E+01
41560,6.529424E+01
41565,6.505701E+01
41570,6.536103E+01
41575,6.487466E+01
41580,6.504158E+01
41585,6.530267E+01
41590,6.574626E+01
41595,6.541788E+01
41600,6.579849E+01
41605,6.558192E+01
41610,6.572601E+01
41615,6.524691E+01
41620,6.501064E+01
41625,6.559171E+01
41630,6.546414E+01
41635,6.546824E+01
41640,6.554744E+01
41645,6.588381E+01
41650,6.502286E+01
41655,6.524635E+01
41660,6.574706E+01
41665,6.565654E+01
41670,6.525089E+01
41675,6.514855E+01
41680,6.554190E+01
41685,6.560583E+01
41690,6.569474E+01
41695,6.547981E+01
41700,6.538799E+01
41705,6.548210E+01
41710,6.501783E+01
41715,6.566670E+01
41720,6.502792E+01
41725,6.552249E+01
41730,6.572808E+01
41735,6.584523E+01
41740,6.547112E+01
41745,6.527223E+01
41750,6.535250E+01
41755,6.534039E+01
41760,6.535663E+01
41765,6.542496E+01
41770,6.545085E+01
41775,6.515167E+01
41780,6.535003E+01
41785,6.540009E+01
41790,6.473765E+01
41795,6.505449E+01
41800,6.523641E+01
41805,6.517678E+01
41810,6.559656E+01
41815,6.537344E+01
41820,6.542326E+01
41825,6.544350E+01
41830,6.501212E+01
41835,6.558010E+01
41840,6.531737E+01
41845,6.519052E+01
41850,6.537589E+01
41855,6.541635E+01
41860,6.557906E+01
41865,6.555364E+01
41870,6.536327E+01
41875,6.510538E+01
41880,6.552661E+01
41885,6.503153E+01
41890,6.527072E+01
41895,6.554316E+01
41900,6.595060E+01
41905,6.583871E+01
41910,6.568591E+01
41915,6.578397E+01
41920,6.487782E+01
41925,6.554705E+01
41930,6.541940E+01
41935,6.515667E+01
41940,6.558260E+01
41945,6.545076E+01
41950,6.520200E+01
41955,6.534337E+01
41960,6.519208E+01
41965,6.535242E+01
41970,6.513056E+01
41975,6.502982E+01
41980,6.524261E+01
41985,6.518396E+01
41990,6.534858E+01
41995,6.571577E+01
42000,6.536404E+01
42005,6.565359E+01
42010,6.539490E+01
42015,6.621339E+01
42020,6.521130E+01
42025,6.535099E+01
42030,6.545023E+01
42035,6.541797E+01
42040,6.566106E+01
42045,6.562565E+01
42050,6.570014E+01
42055,6.553053E+01
42060,6.593186E+01
42065,6.587470E+01
42070,6.556207E+01
42075,6.589363E+01
42080,6.595660E+01
42085,6.618773E+01
42090,6.564243E+01
42095,6.536604E+01
42100,6.549120E+01
42105,6.550378E+01
42110,6.574797E+01
42115,6.553120E+01
42120,6.596570E+01
42125,6.568470E+01
42130,6.622956E+01
42135,6.594838E+01
42140,6.564072E+01
42145,6.632928E+01
42150,6.599942E+01
42155,6.637972E+01
42160,6.600549E+01
42165,6.627847E+01
42170,6.622180E+01
42175,6.634899E+01
42180,6.632053E+01
42185,6.625767E+01
42190,6.645100E+01
42195,6.574197E+01
42200,6.554946E+01
42205,6.514489E+01
42210,6.620510E+01
42215,6.626108E+01
42220,6.601473E+01
42225,6.618436E+01
42230,6.627688E+01
42235,6.580505E+01
42240,6.609862E+01
42245,6.574933E+01
42250,6.584059E+01
42255,6.547993E+01
42260,6.575367E+01
42265,6.550054E+01
42270,6.574890E+01
42275,6.589233E+01
42280,6.576884E+01
42285,6.577935E+01
42290,6.609504E+01
42295,6.586553E+01
42300,6.577187E+01
42305,6.599000E+01
42310,6.616467E+01
42315,6.580653E+01
42320,6.568063E+01
42325,6.513461E+01
42330,6.505294E+01
42335,6.572509E+01
42340,6.551777E+01
42345,6.515195E+01
42350,6.546855E+01
42355,6.546516E+01
42360,6.556722E+01
42365,6.578021E+01
42370,6.551898E+01
42375,6.556984E+01
42380,6.579125E+01
42385,6.577324E+01
42390,6.650601E+01
42395,6.598444E+01
42400,6.547555E+01
42405,6.530510E+01
42410,6.579583E+01
42415,6.646339E+01
42420,6.772255E+01
42425,6.556098E+01
42430,6.592822E+01
42435,6.541714E+01
42440,6.566637E+01
42445,6.553459E+01
42450,6.580201E+01
42455,6.583788E+01
42460,6.600345E+01
42465,6.604045E+01
42470,6.580878E+01
42475,6.571785E+01
42480,6.557045E+01
42485,6.561055E+01
42490,6.571155E+01
42495,6.592864E+01
42500,6.555139E+01
42505,6.655815E+01
42510,6.534120E+01
42515,6.580520E+01
42520,6.606877E+01
42525,6.584138E+01
42530,6.571822E+01
42535,6.538832E+01
42540,6.591771E+01
42545,6.546364E+01
42550,6.575969E+01
42555,6.569915E+01
42560,6.555067E+01
42565,6.587623E+01
42570,6.572007E+01
42575,6.586416E+01
42580,6.548733E+01
42585,6.534575E+01
42590,6.553500E+01
42595,6.545402E+01
42600,6.531973E+01
42605,6.548802E+01
42610,6.597535E+01
42615,6.567640E+01
42620,6.515698E+01
42625,6.618409E+01
42630,6.548317E+01
42635,6.576079E+01
42640,6.559949E+01
42645,6.585582E+01
42650,6.575303E+01
42655,6.511974E+01
42660,6.573135E+01
42665,6.538656E+01
42670,6.581063E+01
42675,6.619615E+01
42680,6.580057E+01
42685,6.625936E+01
42690,6.625670E+01
42695,6.616104E+01
42700,6.594600E+01
42705,6.586774E+01
42710,6.590277E+01
42715,6.603195E+01
42720,6.570176E+01
42725,6.611802E+01
42730,6.594119E+01
42735,6.580086E+01
42740,6.631241E+01
42745,6.591049E+01
42750,6.652303E+01
42755,6.608737E+01
42760,6.615089E+01
42765,6.667729E+01
42770,6.566694E+01
42775,6.637228E+01
42780,6.579156E+01
42785,6.624133E+01
42790,6.595637E+01
42795,6.579325E+01
42800,6.592162E+01
42805,6.608789E+01
42810,6.598214E+01
42815,6.594440E+01
42820,6.647673E+01
42825,6.583855E+01
42830,6.619912E+01
42835,6.662308E+01
42840,6.670511E+01
42845,6.606375E+01
42850,6.656564E+01
42855,6.627865E+01
42860,6.600989E+01
42865,6.627534E+01
42870,6.614724E+01
42875,6.622231E+01
42880,6.581378E+01
42885,6.611060E+01
42890,6.597972E+01
42895,6.583005E+01
42900,6.621338E+01
42905,6.641140E+01
42910,6.647327E+01
42915,6.620108E+01
42920,6.667383E+01
42925,6.645641E+01
42930,6.644860E+01
42935,6.632653E+01
42940,6.633068E+01
42945,6.650090E+01
42950,6.629538E+01
42955,6.642104E+01
42960,6.639321E+01
42965,6.631224E+01
42970,6.633706E+01
42975,6.635342E+01
42980,6.608509E+01
42985,6.651783E+01
42990,6.677509E+01
42995,6.658624E+01
43000,6.664680E+01
43005,6.641559E+01
43010,6.659176E+01
43015,6.687958E+01
43020,6.685229E+01
43025,6.671287E+01
43030,6.683118E+01
43035,6.663928E+01
43040,6.626766E+01
43045,6.727455E+01
43050,6.690018E+01
43055,6.683160E+01
43060,6.684355E+01
43065,6.715900E+01
43070,6.732045E+01
43075,6.705065E+01
43080,6.701504E+01
43085,6.666847E+01
43090,6.711178E+01
43095,6.685260E+01
43100,6.714854E+01
43105,6.717545E+01
43110,6.707527E+01
43115,6.726248E+01
43120,6.655005E+01
43125,6.657816E+01
43130,6.688872E+01
43135,6.661431E+01
43140,6.705667E+01
43145,6.689346E+01
43150,6.663806E+01
43155,6.728513E+01
43160,6.693315E+01
43165,6.701414E+01
43170,6.706380E+01
43175,6.718781E+01
43180,6.718182E+01
43185,6.766968E+01
43190,6.686881E+01
43195,6.749503E+01
43200,6.733792E+01
43201,6.722968E+01
43205,6.707844E+01
43210,6.721765E+01
43215,6.694193E+01
43220,6.665757E+01
43225,6.708335E+01
43230,6.673145E+01
43235,6.749579E+01
43240,6.704420E+01
43245,6.723261E+01
43250,6.755083E+01
43255,6.698411E+01
43260,6.635533E+01
43265,6.770813E+01
43270,6.690668E+01
43275,6.653772E+01
43280,6.657159E+01
43285,6.652817E+01
43290,6.685361E+01
43295,6.685678E+01
43300,6.713774E+01
43305,6.695781E+01
43310,6.705770E+01
43315,6.671337E+01
43320,6.678622E+01
43325,6.674116E+01
43330,6.694377E+01
43335,6.675904E+01
43340,6.653308E+01
43345,6.734173E+01
43350,6.726953E+01
43355,6.713040E+01
43360,6.699900E+01
43365,6.712368E+01
43370,6.748386E+01
43375,6.746318E+01
43380,6.693235E+01
43385,6.706801E+01
43390,6.712510E+01
43395,6.700786E+01
43400,6.716484E+01
43405,6.729996E+01
43410,6.731078E+01
43415,6.781567E+01
43420,6.755565E+01
43425,6.740109E+01
43430,6.727459E+01
43435,6.760334E+01
43440,6.731078E+01
43445,6.755765E+01
43450,6.715903E+01
43455,6.740441E+01
43460,6.767106E+01
43465,6.766448E+01
43470,6.718295E+01
43475,6.754500E+01
43480,6.737629E+01
43485,6.740090E+01
43490,6.662979E+01
43495,6.730548E+01
43500,6.726262E+01
43505,6.730165E+01
43510,6.721909E+01
43515,6.695859E+01
43520,6.712977E+01
43525,6.730341E+01
43530,6.706381E+01
43535,6.722596E+01
43540,6.702703E+01
43545,6.706216E+01
43550,6.737150E+01
43555,6.729371E+01
43560,6.723242E+01
43565,6.746674E+01
43570,6.691654E+01
43575,6.752242E+01
43580,6.661694E+01
43585,6.753534E+01
43590,6.746102E+01
43595,6.715409E+01
43600,6.726429E+01
43605,6.798569E+01
43610,6.728256E+01
43615,6.738292E+01
43620,6.782104E+01
43625,6.742744E+01
43630,6.752568E+01
43635,6.750290E+01
43640,6.746290E+01
43645,6.768463E+01
43650,6.696003E+01
43655,6.767483E+01
43660,6.709107E+01
43665,6.721613E+01
43670,6.730762E+01
43675,6.755556E+01
43680,6.732363E+01
43685,6.734251E+01
43690,6.760065E+01
43695,6.747770E+01
43700,6.715008E+01
43705,6.778597E+01
43710,6.767870E+01
43715,6.725418E+01
43720,6.741338E+01
43725,6.766273E+01
43730,6.746334E+01
43735,6.660999E+01
43740,6.778071E+01
43745,6.768616E+01
43750,6.761400E+01
43755,6.751201E+01
43760,6.774788E+01
43765,6.744957E+01
43770,6.788260E+01
43775,6.798644E+01
43780,6.753757E+01
43785,6.781716E+01
43790,6.761171E+01
43795,6.779136E+01
43800,6.798970E+01
43805,6.799066E+01
43810,6.813217E+01
43815,6.800017E+01
43820,6.811693E+01
43825,6.819922E+01
43830,6.810612E+01
43835,6.784950E+01
43840,6.761638E+01
43845,6.787371E+01
43850,6.720014E+01
43855,6.789866E+01
43860,6.794474E+01
43865,6.826389E+01
43870,6.768121E+01
43875,6.797828E+01
43880,6.759837E+01
43885,6.802406E+01
43890,6.762976E+01
43895,6.806152E+01
43900,6.771349E+01
43905,6.786819E+01
43910,6.793976E+01
43915,6.766597E+01
43920,6.821457E+01
43925,6.762979E+01
43930,6.810441E+01
43935,6.766766E+01
43940,6.790756E+01
43945,6.779253E+01
43950,6.776140E+01
43955,6.764088E+01
43960,6.853867E+01
43965,6.769446E+01
43970,6.789611E+01
43975,6.802598E+01
43980,6.802403E+01
43985,6.784740E+01
43990,6.775792E+01
43995,6.783212E+01
44000,6.794050E+01
44005,6.799824E+01
44010,6.771999E+01
44015,6.796642E+01
44020,6.782904E+01
44025,6.797338E+01
44030,6.791174E+01
44035,6.792143E+01
44040,6.815327E+01
44045,6.818438E+01
44050,6.812627E+01
44055,6.768137E+01
44060,6.772892E+01
44065,6.737947E+01
44070,6.771316E+01
44075,6.805117E+01
44080,6.819773E+01
44085,6.789733E+01
44090,6.759507E+01
44095,6.792924E+01
44100,6.793790E+01
44105,6.749189E+01
44110,6.788160E+01
44115,6.778138E+01
44120,6.756971E+01
44125,6.731379E+01
44130,6.799167E+01
44135,6.769549E+01
44140,6.770820E+01
44145,6.784955E+01
44150,6.785765E+01
44155,6.757682E+01
44160,6.794159E+01
44165,6.742919E+01
44170,6.785354E+01
44175,6.784598E+01
44180,6.844795E+01
44185,6.796650E+01
44190,6.794320E+01
44195,6.810564E+01
44200,6.830784E+01
44205,6.774221E+01
44210,6.784705E+01
44215,6.756438E+01
44220,6.796844E+01
44225,6.805569E+01
44230,6.780331E+01
44235,6.802548E+01
44240,6.764906E+01
44245,6.781210E+01
44250,6.728939E+01
44255,6.764142E+01
44260,6.753337E+01
44265,6.746795E+01
44270,6.762650E+01
44275,6.736657E+01
44280,6.766906E+01
44285,6.698506E+01
44290,6.737540E+01
44295,6.713913E+01
44300,6.722884E+01
44305,6.752396E+01
44310,6.775317E+01
44315,6.737324E+01
44320,6.720299E+01
44325,6.767345E+01
44330,6.740985E+01
44335,6.760623E+01
44340,6.789589E+01
44345,6.737927E+01
44350,6.764062E+01
44355,6.729442E+01
44360,6.773821E+01
44365,6.804371E+01
44370,6.757066E+01
44375,6.763661E+01
44380,6.781635E+01
44385,6.776352E+01
44390,6.765520E+01
44395,6.794893E+01
44400,6.798052E+01
44405,6.806545E+01
44410,6.757924E+01
44415,6.758315E+01
44420,6.642754E+01
44425,6.731725E+01
44430,6.751926E+01
44435,6.768242E+01
44440,6.766796E+01
44445,6.766661E+01
44450,6.787302E+01
44455,6.741851E+01
44460,6.778405E+01
44465,6.758733E+01
44470,6.755781E+01
44475,6.808997E+01
44480,6.829459E+01
44485,6.722225E+01
44490,6.810309E+01
44495,6.751910E+01
44500,6.762031E+01
44505,6.770094E+01
44510,6.761034E+01
44515,6.746938E+01
44520,6.790436E+01
44525,6.789750E+01
44530,6.763864E+01
44535,6.766663E+01
44540,6.774940E+01
44545,6.768445E+01
44550,6.767061E+01
44555,6.773947E+01
44560,6.773112E+01
44565,6.819836E+01
44570,6.784246E+01
44575,6.820745E+01
44580,6.767482E+01
44585,6.764037E+01
44590,6.803205E+01
44595,6.776446E+01
44600,6.767505E+01
44605,6.807957E+01
44610,6.733367E+01
44615,6.750142E+01
44620,6.781013E+01
44625,6.757924E+01
44630,6.784891E+01
44635,6.747443E+01
44640,6.755638E+01
44645,6.748428E+01
44650,6.692612E+01
44655,6.769355E+01
44660,6.750839E+01
44665,6.774930E+01
44670,6.754623E+01
44675,6.763733E+01
44680,6.773066E+01
44685,6.793925E+01
44690,6.768012E+01
44695,6.792213E+01
44700,6.781058E+01
44705,6.784591E+01
44710,6.796998E+01
44715,6.839083E+01
44720,6.763395E+01
44725,6.763321E+01
44730,6.719525E+01
44735,6.805541E+01
44740,6.777131E+01
44745,6.781455E+01
44750,6.794719E+01
44755,6.771906E+01
44760,6.801265E+01
44765,6.757616E+01
44770,6.725626E+01
44775,6.724780E+01
44780,6.778308E+01
44785,6.779519E+01
44790,6.715627E+01
44795,6.746303E+01
44800,6.787877E+01
44805,6.802911E+01
44810,6.719165E+01
44815,6.779985E+01
44820,6.763656E+01
44825,6.747173E+01
44830,6.755849E+01
44835,6.754393E+01
44840,6.780186E+01
44845,6.723026E+01
44850,6.742880E+01
44855,6.781640E+01
44860,6.947083E+01
44865,6.734269E+01
44870,6.728943E+01
44875,6.755499E+01
44880,6.707797E+01
44885,6.776268E+01
44890,6.747863E+01
44895,6.782244E+01
44900,6.808709E+01
44905,6.736147E+01
44910,6.745400E+01
44915,6.716948E+01
44920,6.739833E+01
44925,6.736036E+01
44930,6.779597E+01
44935,6.770080E+01
44940,6.737811E+01
44945,6.803510E+01
44950,6.711432E+01
44955,6.814549E+01
44960,6.798896E+01
44965,6.752387E+01
44970,6.821564E+01
44975,6.784202E+01
44980,6.767900E+01
44985,6.669027E+01
44990,6.785748E+01
44995,6.695330E+01
45000,6.717065E+01
45005,6.755959E+01
45010,6.734402E+01
45015,6.775470E+01
45020,6.756180E+01
45025,6.731327E+01
45030,6.765612E+01
45035,6.736859E+01
45040,6.754393E+01
45045,6.789180E+01
45050,6.735131E+01
45055,6.776915E+01
45060,6.757229E+01
45065,6.831525E+01
45070,6.721913E+01
45075,6.747062E+01
45080,6.787170E+01
45085,6.746722E+01
45090,6.759530E+01
45095,6.773981E+01
45100,6.744048E+01
45105,6.760247E+01
45110,6.721478E+01
45115,6.799867E+01
45120,6.832095E+01
45125,6.746351E+01
45130,6.775447E+01
45135,6.747859E+01
45140,6.725482E+01
45145,6.727063E+01
45150,6.692307E+01
45155,6.719918E+01
45160,6.738878E+01
45165,6.696212E+01
45170,6.779405E+01
45175,6.737264E+01
45180,6.759664E+01
45185,6.735450E+01
45190,6.772446E+01
45195,6.774091E+01
45200,6.697704E+01
45205,6.753979E+01
45210,6.741372E+01
45215,6.705935E+01
45220,6.650900E+01
45225,6.677753E+01
45230,6.787114E+01
45235,6.722580E+01
45240,6.764987E+01
45245,6.738870E+01
45250,6.723635E+01
45255,6.734443E+01
45260,6.759756E+01
45265,6.744719E+01
45270,6.708813E+01
45275,6.731823E+01
45280,6.737385E+01
45285,6.737463E+01
45290,6.739147E+01
45295,6.779988E+01
45300,6.687014E+01
45305,6.713176E+01
45310,6.712908E+01
45315,6.761606E+01
45320,6.684023E+01
45325,6.737195E+01
45330,6.738304E+01
45335,6.771501E+01
45340,6.804285E+01
45345,6.792670E+01
45350,6.762024E+01
45355,6.784616E+01
45360,6.729744E+01
45365,6.730085E+01
45370,6.745512E+01
45375,6.770468E+01
45380,6.788044E+01
45385,6.731177E+01
45390,6.681287E+01
45395,6.714897E+01
45400,6.747589E+01
45405,6.752465E+01
45410,6.775781E+01
45415,6.712219E+01
45420,6.779845E+01
45425,6.734520E+01
45430,6.755537E+01
45435,6.742764E+01
45440,6.724564E+01
45445,6.734649E+01
45450,6.719562E+01
45455,6.773553E+01
45460,6.743871E+01
45465,6.703010E+01
45470,6.680712E+01
45475,6.690927E+01
45480,6.729783E+01
45485,6.699829E+01
45490,6.705156E+01
45495,6.665254E+01
45500,6.671974E+01
45505,6.691740E+01
45510,6.685869E+01
45515,6.728116E+01
45520,6.643586E+01
45525,6.663163E+01
45530,6.678709E+01
45535,6.606310E+01
45540,6.647421E+01
45545,6.631699E+01
45550,6.668178E+01
45555,6.741700E+01
45560,6.695513E+01
45565,6.742889E+01
45570,6.663855E+01
45575,6.629323E+01
45580,6.666567E+01
45585,6.635944E+01
45590,6.606451E+01
45595,6.624301E+01
45600,6.625111E+01
45605,6.650208E+01
45610,6.663099E+01
45615,6.654174E+01
45620,6.666106E+01
45625,6.683743E+01
45630,6.672477E+01
45635,6.660610E+01
45640,6.680940E+01
45645,6.646694E+01
45650,6.640010E+01
45655,6.621251E+01
45660,6.624789E+01
45665,6.611808E+01
45670,6.637615E+01
45675,6.631503E+01
45680,6.700941E+01
45685,6.644502E+01
45690,6.607499E+01
45695,6.611348E+01
45700,6.638666E+01
45705,6.640839E+01
45710,6.638638E+01
45715,6.615459E+01
45720,6.674946E+01
45725,6.615017E+01
45730,6.637274E+01
45735,6.641967E+01
45740,6.653215E+01
45745,6.643591E+01
45750,6.696688E+01
45755,6.651941E+01
45760,6.706935E+01
45765,6.614647E+01
45770,6.692500E+01
45775,6.636812E+01
45780,6.638958E+01
45785,6.593909E+01
45790,6.676652E+01
45795,6.634261E+01
45800,6.662256E+01
45805,6.661517E+01
45810,6.640070E+01
45815,6.674028E+01
45820,6.615365E+01
45825,6.640768E+01
45830,6.622524E+01
45835,6.626151E+01
45840,6.647247E+01
45845,6.593702E+01
45850,6.600720E+01
45855,6.603893E+01
45860,6.624179E+01
45865,6.560657E+01
45870,6.549486E+01
45875,6.595687E+01
45880,6.554894E+01
45885,6.609350E+01
45890,6.606262E+01
45895,6.607985E+01
45900,6.619747E+01
45905,6.654979E+01
45910,6.650120E+01
45915,6.605219E+01
45920,6.676989E+01
45925,6.632958E+01
45930,6.603470E+01
45935,6.588212E+01
45940,6.578028E+01
45945,6.609194E+01
45950,6.579897E+01
45955,6.563654E+01
45960,6.604458E+01
45965,6.596889E+01
45970,6.599922E+01
45975,6.614089E+01
45980,6.603499E+01
45985,6.620338E+01
45990,6.678747E+01
45995,6.629677E+01
46000,6.607873E+01
46005,6.596066E+01
46010,6.614025E+01
46015,6.603381E+01
46020,6.608398E+01
46025,6.639567E+01
46030,6.641475E+01
46035,6.586467E+01
46040,6.633998E+01
46045,6.616192E+01
46050,6.574196E+01
46055,6.583808E+01
46060,6.596445E+01
46065,6.642629E+01
46070,6.603188E+01
46075,6.579056E+01
46080,6.579347E+01
46085,6.568599E+01
46090,6.553910E+01
46095,6.536538E+01
46100,6.591580E+01
46105,6.518613E+01
46110,6.552838E+01
46115,6.525739E+01
46120,6.588566E+01
46125,6.552551E+01
46130,6.594970E+01
46135,6.605534E+01
46140,6.583316E+01
46145,6.610555E+01
46150,6.630806E+01
46155,6.571745E+01
46160,6.614624E+01
46165,6.585714E+01
46170,6.588679E+01
46175,6.662431E+01
46180,6.577747E+01
46185,6.584916E+01
46190,6.576249E+01
46195,6.573972E+01
46200,6.569514E+01
46205,6.566864E+01
46210,6.641192E+01
46215,6.582348E+01
46220,6.574903E+01
46225,6.561379E+01
46230,6.580875E+01
46235,6.581210E+01
46240,6.619807E+01
46245,6.593914E+01
46250,6.603127E+01
46255,6.564232E+01
46260,6.606062E+01
46265,6.608739E+01
46270,6.597550E+01
46275,6.577832E+01
46280,6.598307E+01
46285,6.583740E+01
46290,6.632751E+01
46295,6.596498E+01
46300,6.617655E+01
46305,6.573474E+01
46310,6.572714E+01
46315,6.572262E+01
46320,6.603936E+01
46325,6.520736E+01
46330,6.596176E+01
46335,6.537621E+01
46340,6.530484E+01
46345,6.588406E+01
46350,6.581960E+01
46355,6.558588E+01
46360,6.553212E+01
46365,6.540414E+01
46370,6.534437E+01
46375,6.525589E+01
46380,6.575783E+01
46385,6.600527E+01
46390,6.534402E+01
46395,6.602599E+01
46400,6.591996E+01
46405,6.567769E+01
46410,6.573005E+01
46415,6.596405E+01
46420,6.540303E+01
46425,6.529761E+01
46430,6.531148E+01
46435,6.550981E+01
46440,6.564266E+01
46445,6.565516E+01
46450,6.519036E+01
46455,6.483890E+01
46460,6.576750E+01
46465,6.558572E+01
46470,6.502476E+01
46475,6.538696E+01
46480,6.504871E+01
46485,6.497498E+01
46490,6.534083E+01
46495,6.539261E+01
46500,6.527517E+01
46505,6.453870E+01
46510,6.509706E+01
46515,6.511215E+01
46520,6.520710E+01
46525,6.543965E+01
46530,6.538477E+01
46535,6.524325E+01
46540,6.507460E+01
46545,6.503025E+01
46550,6.488191E+01
46555,6.420028E+01
46560,6.508765E+01
46565,6.457725E+01
46570,6.467805E+01
46575,6.505424E+01
46580,6.501780E+01
46585,6.478142E+01
46590,6.473865E+01
46595,6.483091E+01
46600,6.488906E+01
46605,6.535131E+01
46610,6.503870E+01
46615,6.508797E+01
46620,6.501243E+01
46625,6.492689E+01
46630,6.457861E+01
46635,6.478964E+01
46640,6.458845E+01
46645,6.458683E+01
46650,6.467814E+01
46655,6.491143E+01
46660,6.501987E+01
46665,6.497443E+01
46670,6.465355E+01
46675,6.448501E+01
46680,6.525453E+01
46685,6.469010E+01
46690,6.464828E+01
46695,6.537883E+01
46700,6.507088E+01
46705,6.486972E+01
46710,6.501614E+01
46715,6.415952E+01
46720,6.428757E+01
46725,6.453226E+01
46730,6.504122E+01
46735,6.431210E+01
46740,6.455069E+01
46745,6.466315E+01
46750,6.494467E+01
46755,6.474675E+01
46760,6.442766E+01
46765,6.519343E+01
46770,6.456953E+01
46775,6.482581E+01
46780,6.441706E+01
46785,6.508263E+01
46790,6.510105E+01
46795,6.439940E+01
46800,6.441891E+01
46805,6.450009E+01
46810,6.441463E+01
46815,6.496118E+01
46820,6.413581E+01
46825,6.447170E+01
46830,6.410947E+01
46835,6.426627E+01
46840,6.488582E+01
46845,6.425297E+01
46850,6.445328E+01
46855,6.367345E+01
46860,6.451584E+01
46865,6.450056E+01
46870,6.402089E+01
46875,6.456312E+01
46880,6.475109E+01
46885,6.414582E+01
46890,6.426735E+01
46895,6.470836E+01
46900,6.395035E+01
46905,6.454614E+01
46910,6.446787E+01
46915,6.433110E+01
46920,6.414119E+01
46925,6.436756E+01
46930,6.395145E+01
46935,6.445797E+01
46940,6.428535E+01
46945,6.388463E+01
46950,6.384127E+01
46955,6.396638E+01
46960,6.418018E+01
46965,6.383550E+01
46970,6.437150E+01
46975,6.420804E+01
46980,6.428444E+01
46985,6.447610E+01
46990,6.425732E+01
46995,6.433552E+01
47000,6.435914E+01
47005,6.424619E+01
47010,6.376790E+01
47015,6.440444E+01
47020,6.434862E+01
47025,6.429561E+01
47030,6.391407E+01
47035,6.471729E+01
47040,6.404008E+01
47045,6.425693E+01
47050,6.421682E+01
47055,6.424644E+01
47060,6.373717E+01
47065,6.401210E+01
47070,6.389644E+01
47075,6.406884E+01
47080,6.440257E+01
47085,6.397593E+01
47090,6.412626E+01
47095,6.420074E+01
47100,6.423978E+01
47105,6.451185E+01
47110,6.412186E+01
47115,6.400130E+01
47120,6.444923E+01
47125,6.403235E+01
47130,6.404734E+01
47135,6.396812E+01
47140,6.412752E+01
47145,6.432372E+01
47150,6.413283E+01
47155,6.392036E+01
47160,6.414673E+01
47165,6.412521E+01
47170,6.393962E+01
47175,6.405458E+01
47180,6.394095E+01
47185,6.334085E+01
47190,6.383387E+01
47195,6.364485E+01
47200,6.398960E+01
47205,6.385798E+01
47210,6.388783E+01
47215,6.406331E+01
47220,6.407745E+01
47225,6.392130E+01
47230,6.389333E+01
47235,6.417659E+01
47240,6.415257E+01
47245,6.424041E+01
47250,6.404949E+01
47255,6.434124E+01
47260,6.403085E+01
47265,6.456086E+01
47270,6.420395E+01
47275,6.417485E+01
47280,6.386250E+01
47285,6.473231E+01
47290,6.462667E+01
47295,6.406882E+01
47300,6.391569E+01
47305,6.451810E+01
47310,6.392461E+01
47315,6.420044E+01
47320,6.396682E+01
47325,6.403552E+01
47330,6.381064E+01
47335,6.393344E+01
47340,6.350217E+01
47345,6.394667E+01
47350,6.403499E+01
47355,6.452072E+01
47360,6.377109E+01
47365,6.422174E+01
47370,6.385345E+01
47375,6.380075E+01
47376,6.391031E+01
47380,6.433132E+01
47385,6.413821E+01
47390,6.434561E+01
47395,6.417971E+01
47400,6.438481E+01
47405,6.425691E+01
47410,6.404276E+01
47415,6.409467E+01
47420,6.395161E+01
47425,6.386638E+01
47430,6.416900E+01
47435,6.369611E+01
47440,6.387456E+01
47445,6.433272E+01
47450,6.400918E+01
47455,6.396894E+01
47460,6.405565E+01
47465,6.431428E+01
47470,6.424055E+01
47475,6.434290E+01
47480,6.464372E+01
47485,6.408181E+01
47490,6.463564E+01
47495,6.422864E+01
47500,6.413092E+01
47505,6.446248E+01
47510,6.409670E+01
47515,6.489211E+01
47520,6.430145E+01
47525,6.431259E+01
47530,6.418821E+01
47535,6.452104E+01
47540,6.440017E+01
47545,6.442107E+01
47550,6.458330E+01
47555,6.469139E+01
47560,6.438643E+01
47565,6.388742E+01
47570,6.422281E+01
47575,6.422531E+01
47580,6.431577E+01
47585,6.411481E+01
47590,6.398452E+01
47595,6.449023E+01
47600,6.411219E+01
47605,6.472275E+01
47610,6.398953E+01
47615,6.416667E+01
47620,6.400601E+01
47625,6.424053E+01
47630,6.403480E+01
47635,6.371263E+01
47640,6.478287E+01
47645,6.384246E+01
47650,6.418253E+01
47655,6.343210E+01
47660,6.336636E+01
47665,6.387013E+01
47670,6.354937E+01
47675,6.412666E+01
47680,6.368584E+01
47685,6.406390E+01
47690,6.342301E+01
47695,6.366493E+01
47700,6.372630E+01
47705,6.372889E+01
47710,6.351175E+01
47715,6.391091E+01
47720,6.357527E+01
47725,6.322009E+01
47730,6.333281E+01
47735,6.344754E+01
47740,6.390247E+01
47745,6.350944E+01
47750,6.283282E+01
47755,6.306071E+01
47760,6.342180E+01
47765,6.346987E+01
47770,6.316973E+01
47775,6.375803E+01
47780,6.363550E+01
47785,6.334564E+01
47790,6.332749E+01
47795,6.367512E+01
47800,6.362839E+01
47805,6.332953E+01
47810,6.322354E+01
47815,6.315264E+01
47820,6.366200E+01
47825,6.329374E+01
47830,6.356787E+01
47835,6.321730E+01
47840,6.343731E+01
47845,6.325751E+01
47850,6.334880E+01
47855,6.333287E+01
47860,6.311204E+01
47865,6.349446E+01
47870,6.351537E+01
47875,6.338533E+01
47880,6.333738E+01
47885,6.330004E+01
47890,6.391086E+01
47895,6.346474E+01
47900,6.329583E+01
47905,6.326177E+01
47910,6.296171E+01
47915,6.310588E+01
47920,6.318179E+01
47925,6.260261E+01
47930,6.293771E+01
47935,6.355220E+01
47940,6.244698E+01
47945,6.288222E+01
47950,6.260646E+01
47955,6.281500E+01
47960,6.308566E+01
47965,6.274681E+01
47970,6.257347E+01
47975,6.274904E+01
47980,6.253420E+01
47985,6.273117E+01
47990,6.319011E+01
47995,6.242624E+01
48000,6.258330E+01
48001,6.210146E+01
48005,6.247784E+01
48010,6.198387E+01
48015,6.291954E+01
48020,6.261605E+01
48025,6.239307E+01
48030,6.253579E+01
48035,6.240833E+01
48040,6.198356E+01
48045,6.270120E+01
48050,6.202206E+01
48055,6.271111E+01
48060,6.263272E+01
48065,6.255743E+01
48070,6.243906E+01
48075,6.275318E+01
48080,6.254408E+01
48085,6.236887E+01
48090,6.267598E+01
48095,6.272181E+01
48100,6.234784E+01
48105,6.247920E+01
48110,6.259749E+01
48115,6.222161E+01
48120,6.198406E+01
48125,6.292468E+01
48130,6.282004E+01
48135,6.328776E+01
48140,6.268659E+01
48145,6.242591E+01
48150,6.292839E+01
48155,6.210224E+01
48160,6.227927E+01
48165,6.232797E+01
48170,6.259796E+01
48175,6.252410E+01
48180,6.284921E+01
48185,6.266775E+01
48190,6.287804E+01
48195,6.226721E+01
48200,6.239015E+01
48205,6.262460E+01
48210,6.250766E+01
48215,6.276540E+01
48220,6.245250E+01
48225,6.230028E+01
48230,6.232059E+01
48235,6.232699E+01
48240,6.286208E+01
48245,6.251414E+01
48250,6.254332E+01
48255,6.281164E+01
48260,6.274446E+01
48265,6.305417E+01
48270,6.284059E+01
48275,6.325605E+01
48280,6.273120E+01
48285,6.283629E+01
48290,6.270086E+01
48295,6.242844E+01
48300,6.263857E+01
48305,6.270535E+01
48310,6.278301E+01
48315,6.170546E+01
48320,6.190645E+01
48325,6.275925E+01
48330,6.315179E+01
48335,6.314557E+01
48340,6.247417E+01
48345,6.242668E+01
48350,6.273164E+01
48355,6.263569E+01
48360,6.302025E+01
48365,6.204980E+01
48370,6.229287E+01
48375,6.250445E+01
48380,6.294489E+01
48385,6.268665E+01
48390,6.256389E+01
48395,6.211643E+01
48400,6.255009E+01
48405,6.210445E+01
48410,6.256679E+01
48415,6.199442E+01
48420,6.271443E+01
48425,6.211425E+01
48430,6.265387E+01
48435,6.297426E+01
48440,6.281964E+01
48445,6.271471E+01
48450,6.237214E+01
48455,6.258053E+01
48460,6.309206E+01
48465,6.245184E+01
48470,6.199340E+01
48475,6.220170E+01
48480,6.232649E+01
48485,6.241470E+01
48490,6.210564E+01
48495,6.223359E+01
48500,6.250383E+01
48501,6.232920E+01
48505,6.239651E+01
48510,6.209045E+01
48515,6.219266E+01
48520,6.239480E+01
48525,6.231227E+01
48530,6.252263E+01
48535,6.300662E+01
48540,6.269380E+01
48545,6.228506E+01
48550,6.268049E+01
48555,6.265896E+01
48560,6.201489E+01
48565,6.253016E+01
48570,6.297950E+01
48575,6.269354E+01
48580,6.216922E+01
48585,6.235573E+01
48590,6.241578E+01
48595,6.241134E+01
48600,6.260038E+01
48605,6.278615E+01
48610,6.245326E+01
48615,6.321353E+01
48620,6.257388E+01
48625,6.265914E+01
48630,6.264888E+01
48635,6.309940E+01
48640,6.246392E+01
48645,6.265366E+01
48650,6.369317E+01
48655,6.287863E+01
48660,6.256068E+01
48665,6.255167E+01
48670,6.255024E+01
48675,6.234790E+01
48680,6.233315E+01
48685,6.243542E+01
48690,6.213196E+01
48695,6.239490E+01
48700,6.274062E+01
48705,6.240833E+01
48710,6.239031E+01
48715,6.247937E+01
48720,6.261169E+01
48725,6.242220E+01
48730,6.250214E+01
48735,6.196793E+01
48740,6.253495E+01
48745,6.253658E+01
48750,6.232936E+01
48755,6.223763E+01
48760,6.237798E+01
48765,6.235798E+01
48770,6.236653E+01
48775,6.272766E+01
48780,6.232083E+01
48785,6.276481E+01
48790,6.205565E+01
48795,6.204644E+01
48800,6.202557E+01
48805,6.253110E+01
48810,6.192593E+01
48815,6.203381E+01
48820,6.212720E+01
48825,6.186378E+01
48830,6.203620E+01
48835,6.159949E+01
48840,6.216866E+01
48845,6.218812E+01
48850,6.178939E+01
48855,6.154693E+01
48860,6.173400E+01
48865,6.205472E+01
48870,6.134400E+01
48875,6.158151E+01
48880,6.114111E+01
48885,6.176716E+01
48890,6.192762E+01
48895,6.159791E+01
48900,6.209083E+01
48905,6.204225E+01
48910,6.203185E+01
48915,6.225961E+01
48920,6.231501E+01
48925,6.136864E+01
48930,6.156218E+01
48935,6.084000E+01
48940,6.164439E+01
48945,6.142491E+01
48950,6.124191E+01
48955,6.121576E+01
48960,6.194014E+01
48965,6.137644E+01
48970,6.145634E+01
48975,6.121275E+01
48980,6.132794E+01
48985,6.120825E+01
48990,6.176239E+01
48995,6.148507E+01
49000,6.128518E+01
49005,6.147191E+01
49010,6.127766E+01
49015,6.163636E+01
49020,6.179526E+01
49025,6.171784E+01
49030,6.133211E+01
49035,6.165972E+01
49040,6.141953E+01
49045,6.142297E+01
49050,6.180889E+01
49055,6.170790E+01
49060,6.171776E+01
49065,6.161370E+01
49070,6.125662E+01
49075,6.169503E+01
49080,6.137849E+01
49085,6.114059E+01
49090,6.150762E+01
49095,6.181080E+01
49100,6.191892E+01
49105,6.146337E+01
49110,6.149388E+01
49115,6.127612E+01
49120,6.146764E+01
49125,6.121198E+01
49130,6.118408E+01
49135,6.164652E+01
49140,6.155165E+01
49145,6.125844E+01
49150,6.113908E+01
49155,6.169360E+01
49160,6.151129E+01
49165,6.183721E+01
49170,6.220314E+01
49175,6.191579E+01
49180,6.223145E+01
49185,6.198459E+01
49190,6.195261E+01
49195,6.198415E+01
49200,6.232582E+01
49205,6.208471E+01
49210,6.146838E+01
49215,6.215491E+01
49220,6.186005E+01
49225,6.162213E+01
49230,6.178063E+01
49235,6.145452E+01
49240,6.171753E+01
49245,6.154172E+01
49250,6.189481E+01
49255,6.179778E+01
49260,6.202203E+01
49265,6.217849E+01
49270,6.212633E+01
49275,6.177898E+01
49280,6.122417E+01
49285,6.187328E+01
49290,6.193797E+01
49295,6.180832E+01
49300,6.174212E+01
49305,6.152881E+01
49310,6.176534E+01
49315,6.164836E+01
49320,6.149941E+01
49325,6.145252E+01
49330,6.160812E+01
49335,6.169155E+01
49340,6.131934E+01
49345,6.149193E+01
49350,6.178057E+01
49355,6.199185E+01
49360,6.109911E+01
49365,6.205842E+01
49370,6.162682E+01
49375,6.200141E+01
49380,6.139945E+01
49385,6.140552E+01
49390,6.148920E+01
49395,6.140619E+01
49400,6.149231E+01
49405,6.172417E+01
49410,6.187969E+01
49415,6.211967E+01
49420,6.195240E+01
49425,6.243855E+01
49430,6.209983E+01
49435,6.166469E+01
49440,6.204708E+01
49445,6.247430E+01
49450,6.166832E+01
49455,6.202351E+01
49460,6.186417E+01
49465,6.201614E+01
49470,6.164807E+01
49475,6.173780E+01
49480,6.145035E+01
49485,6.182550E+01
49490,6.197115E+01
49495,6.173417E+01
49500,6.169684E+01
49505,6.166953E+01
49510,6.153405E+01
49515,6.166455E+01
49520,6.140261E+01
49525,6.194476E+01
49530,6.210011E+01
49535,6.189313E+01
49540,6.196672E+01
49545,6.233863E+01
49550,6.151378E+01
49555,6.199063E+01
49560,6.155817E+01
49565,6.149631E+01
49570,6.234008E+01
49575,6.176074E+01
49580,6.153632E+01
49585,6.184922E+01
49590,6.197087E+01
49595,6.161288E+01
49600,6.132045E+01
49605,6.178447E+01
49610,6.169488E+01
49615,6.116727E+01
49620,6.163427E+01
49625,6.092208E+01
49630,6.166230E+01
49635,6.141115E+01
49640,6.178065E+01
49645,6.153767E+01
49650,6.097469E+01
49655,6.169974E+01
49660,6.157888E+01
49665,6.140203E+01
49670,6.139963E+01
49675,6.141218E+01
49680,6.166164E+01
49685,6.145328E+01
49690,6.142406E+01
49695,6.135237E+01
49700,6.120286E+01
49705,6.100568E+01
49710,6.069211E+01
49715,6.105630E+01
49720,6.133030E+01
49725,6.139005E+01
49730,6.130794E+01
49735,6.115200E+01
49740,6.147817E+01
49745,6.103864E+01
49750,6.134080E+01
49755,6.145289E+01
49760,6.171627E+01
49765,6.117530E+01
49770,6.119226E+01
49775,6.109316E+01
49780,6.134406E+01
49785,6.141040E+01
49790,6.120092E+01
49795,6.146627E+01
49800,6.096794E+01
49805,6.101074E+01
49810,6.120840E+01
49815,6.088669E+01
49820,6.197405E+01
49825,6.098800E+01
49830,6.116361E+01
49835,6.146663E+01
49840,6.095750E+01
49845,6.094958E+01
49850,6.077149E+01
49855,6.067874E+01
49860,6.111179E+01
49865,6.116968E+01
49870,6.141810E+01
49875,6.127683E+01
49880,6.101628E+01
49885,6.119714E+01
49890,6.118974E+01
49895,6.118732E+01
49900,6.118638E+01
49905,6.144839E+01
49910,6.081448E+01
49915,6.115380E+01
49920,6.089320E+01
49925,6.154651E+01
49930,6.126073E+01
49935,6.121369E+01
49940,6.116508E+01
49945,6.096787E+01
49950,6.094176E+01
49955,6.105947E+01
49960,6.081575E+01
49965,6.109500E+01
49970,6.117722E+01
49975,6.108616E+01
49980,6.166767E+01
49985,6.139730E+01
49990,6.107286E+01
49995,6.121000E+01
50000,6.114729E+01
50005,6.098229E+01
50010,6.074588E+01
50015,6.079929E+01
50020,6.114973E+01
50025,6.072884E+01
50030,6.126340E+01
50035,6.126694E+01
50040,6.048121E+01
50045,6.100011E+01
50050,6.089261E+01
50055,6.088277E+01
50060,6.086444E+01
50065,6.118215E+01
50070,6.098241E+01
50075,6.110398E+01
50080,6.091809E+01
50085,6.085750E+01
50090,6.079822E+01
50095,6.079058E+01
50100,6.101934E+01
50105,6.101075E+01
50110,6.124573E+01
50115,6.103632E+01
50120,6.127394E+01
50125,6.094522E+01
50130,6.074744E+01
50135,6.073633E+01
50140,6.084529E+01
50145,6.074780E+01
50150,6.058071E+01
50155,6.038173E+01
50160,6.031143E+01
50165,6.046790E+01
50170,6.009569E+01
50175,6.083113E+01
50180,6.087340E+01
50185,6.021587E+01
50190,5.990648E+01
50195,6.018161E+01
50200,6.056768E+01
50205,6.013689E+01
50210,6.089467E+01
50215,6.038188E+01
50220,6.087820E+01
50225,6.046560E+01
50230,6.080839E+01
50235,6.033859E+01
50240,6.047896E+01
50245,6.031472E+01
50250,6.004643E+01
50255,6.007252E+01
50260,5.995271E+01
50265,6.060612E+01
50270,6.026790E+01
50275,6.059743E+01
50280,6.048117E+01
50285,6.019397E+01
50290,6.064509E+01
50295,6.022878E+01
50300,6.061903E+01
50305,6.024401E+01
50310,5.978823E+01
50315,6.046307E+01
50320,5.980085E+01
50325,6.082903E+01
50330,6.064206E+01
50335,6.031005E+01
50340,6.066075E+01
50345,5.990906E+01
50350,6.055203E+01
50355,6.026088E+01
50360,6.029358E+01
50365,6.012875E+01
50370,6.015858E+01
50375,6.014191E+01
50380,6.047440E+01
50385,6.012698E+01
50390,6.022130E+01
50395,6.027360E+01
50400,5.982509E+01
50405,6.001819E+01
50410,6.024404E+01
50415,6.045903E+01
50420,6.049680E+01
50425,6.067260E+01
50430,6.028813E+01
50435,6.014297E+01
50440,6.025320E+01
50445,6.062198E+01
50450,5.975954E+01
50455,6.011339E+01
50460,6.025292E+01
50465,6.032289E+01
50470,5.957598E+01
50475,5.988501E+01
50480,5.980691E+01
50485,6.060710E+01
50490,6.028652E+01
50495,6.023475E+01
50500,6.039675E+01
50505,6.063069E+01
50510,6.039824E+01
50515,6.036398E+01
50520,5.992177E+01
50525,6.053434E+01
50530,6.045558E+01
50535,6.008397E+01
50540,6.078967E+01
50545,6.003352E+01
50550,6.043496E+01
50555,6.047552E+01
50560,6.043738E+01
50565,6.035422E+01
50570,6.015461E+01
50575,5.962820E+01
50580,6.017527E+01
50585,5.972375E+01
50590,5.985752E+01
50595,6.002827E+01
50600,5.955233E+01
50605,5.991595E+01
50610,5.954277E+01
50615,5.994802E+01
50620,5.972022E+01
50625,5.951408E+01
50630,5.978504E+01
50635,5.975554E+01
50640,5.944809E+01
50645,5.993130E+01
50650,5.963823E+01
50655,5.944602E+01
50660,6.008122E+01
50665,6.005891E+01
50670,5.937064E+01
50675,5.978960E+01
50680,5.978623E+01
50685,5.952020E+01
50690,5.949546E+01
50695,6.001069E+01
50700,5.989045E+01
50705,5.984800E+01
50710,6.014562E+01
50715,6.000032E+01
50720,6.004509E+01
50725,5.984526E+01
50730,6.019257E+01
50735,5.999393E+01
50740,5.987009E+01
50745,6.017633E+01
50750,6.004567E+01
50755,5.992710E+01
50760,6.011379E+01
50765,5.962914E+01
50770,6.006113E+01
50775,5.957736E+01
50780,5.961521E+01
50785,5.970078E+01
50790,5.949620E+01
50795,5.941069E+01
50800,5.994501E+01
50805,5.952027E+01
50810,5.972615E+01
50815,5.967314E+01
50820,5.968789E+01
50825,5.998730E+01
50830,5.993627E+01
50835,5.993590E+01
50840,6.003094E+01
50845,5.955877E+01
50850,5.970506E+01
50855,6.013339E+01
50860,6.025122E+01
50865,5.973901E+01
50870,5.993457E+01
50875,6.013040E+01
50880,5.932655E+01
50885,5.948950E+01
50890,5.979294E+01
50895,5.988623E+01
50900,5.971909E+01
50905,5.946640E+01
50910,5.986104E+01
50915,5.963405E+01
50920,5.938100E+01
50925,5.973246E+01
50930,5.969037E+01
50935,5.964299E+01
50940,5.959626E+01
50945,5.973823E+01
50950,5.936265E+01
50955,5.910399E+01
50960,5.922653E+01
50965,5.932147E+01
50970,5.920352E+01
50975,5.873857E+01
50980,5.936558E+01
50985,5.951522E+01
50990,5.887189E+01
50995,5.912462E+01
51000,5.921324E+01
51005,5.898245E+01
51010,5.907016E+01
51015,5.906759E+01
51020,5.916113E+01
51025,5.920974E+01
51030,5.929962E+01
51035,5.915468E+01
51040,5.921179E+01
51045,5.951717E+01
51050,5.865251E+01
51055,5.926394E+01
51060,5.879704E+01
51065,5.891000E+01
51070,5.899960E+01
51075,5.919009E+01
51080,5.912974E+01
51085,5.915386E+01
51090,5.909741E+01
51095,5.864340E+01
51100,5.895664E+01
51105,5.905786E+01
51110,5.884674E+01
51115,5.896427E+01
51120,5.903622E+01
51125,5.902555E+01
51130,5.903606E+01
51135,5.917853E+01
51140,5.933619E+01
51145,5.926611E+01
51150,5.906733E+01
51155,5.936885E+01
51160,5.930898E+01
51165,5.925173E+01
51170,5.925087E+01
51175,5.910306E+01
51180,5.974039E+01
51185,5.930497E+01
51190,5.909753E+01
51195,5.915087E+01
51200,5.892631E+01
51205,5.929369E+01
51210,5.893675E+01
51215,5.938278E+01
51220,5.964850E+01
51225,5.920757E+01
51230,5.910897E+01
51235,5.942271E+01
51240,5.925220E+01
51245,5.935480E+01
51250,5.946740E+01
51255,5.951472E+01
51260,5.942318E+01
51265,5.908334E+01
51270,5.903843E+01
51275,5.931869E+01
51280,5.950422E+01
51285,5.946941E+01
51290,5.953464E+01
51295,5.873517E+01
51300,5.966096E+01
51305,5.976353E+01
51310,5.941641E+01
51315,5.950304E+01
51320,5.937590E+01
51325,5.921110E+01
51330,5.903905E+01
51335,5.857196E+01
51340,5.905997E+01
51345,5.900781E+01
51350,5.885330E+01
51355,5.906240E+01
51360,5.953690E+01
51365,5.939210E+01
51370,5.954017E+01
51375,5.950744E+01
51380,5.933918E+01
51385,5.905747E+01
51390,5.879244E+01
51395,5.931454E+01
51400,5.863411E+01
51405,5.926937E+01
51410,5.925590E+01
51415,5.930049E+01
51420,5.928752E+01
51425,5.972833E+01
51430,5.940010E+01
51435,5.910438E+01
51440,5.911609E+01
51445,5.909019E+01
51450,5.924737E+01
51455,5.903334E+01
51460,5.894658E+01
51465,5.908259E+01
51470,5.928241E+01
51475,5.954695E+01
51480,5.915212E+01
51485,5.943549E+01
51490,5.961060E+01
51495,5.888049E+01
51500,5.918413E+01
51505,5.916778E+01
51510,5.900651E+01
51515,5.958752E+01
51520,5.906856E+01
51525,5.911707E+01
51530,5.900495E+01
51535,5.923424E+01
51540,5.968965E+01
51545,5.956283E+01
51550,5.921881E+01
51555,5.883629E+01
51560,5.927606E+01
51565,5.862050E+01
51570,5.850416E+01
51575,5.895438E+01
51580,5.857211E+01
51585,5.876828E+01
51590,5.875226E+01
51595,5.867411E+01
51600,5.902289E+01
51605,5.830714E+01
51610,5.873586E+01
51615,5.901302E+01
51620,5.928083E+01
51625,5.913994E+01
51630,5.905834E+01
51635,5.885485E+01
51640,5.836383E+01
51645,5.898705E+01
51650,5.897511E+01
51655,5.856754E+01
51660,5.927401E+01
51665,5.858340E+01
51670,5.862294E+01
51675,5.842515E+01
51680,5.831019E+01
51685,5.845577E+01
51690,5.831646E+01
51695,5.857087E+01
51700,5.839331E+01
51705,5.840527E+01
51710,5.828177E+01
51715,5.888073E+01
51720,5.842188E+01
51725,5.826064E+01
51730,5.863799E+01
51735,5.809771E+01
51740,5.868914E+01
51745,5.814788E+01
51750,5.808329E+01
51755,5.789135E+01
51760,5.817293E+01
51765,5.876416E+01
51770,5.820111E+01
51775,5.846089E+01
51780,5.853762E+01
51785,5.855814E+01
51790,5.807219E+01
51795,5.816613E+01
51800,5.776230E+01
51805,5.820853E+01
51810,5.805454E+01
51815,5.877346E+01
51820,5.848755E+01
51825,5.853646E+01
51830,5.823755E+01
51835,5.824849E+01
51840,5.796882E+01
51845,5.878066E+01
51850,5.854971E+01
51855,5.831237E+01
51860,5.835332E+01
51865,5.835167E+01
51870,5.873447E+01
51875,5.818457E+01
51880,5.862285E+01
51885,5.795703E+01
51890,5.850898E+01
51895,5.816354E+01
51900,5.835406E+01
51905,5.807281E+01
51910,5.817395E+01
51915,5.809538E+01
51920,5.809344E+01
51925,5.809291E+01
51930,5.790337E+01
51935,5.836707E+01
51940,5.851887E+01
51945,5.782618E+01
51950,5.847736E+01
51955,5.858273E+01
51960,5.874153E+01
51965,5.818710E+01
51970,5.850535E+01
51975,5.818534E+01
51980,5.845813E+01
51985,5.840914E+01
51990,5.806700E+01
51995,5.820102E+01
52000,5.824034E+01
52005,5.803375E+01
52010,5.836902E+01
52015,5.906216E+01
52020,5.872215E+01
52025,5.852864E+01
52030,5.859125E+01
52035,5.869451E+01
52040,5.883570E+01
52045,5.842064E+01
52050,5.882263E+01
52055,5.845674E+01
52060,5.827974E+01
52065,5.920336E+01
52070,5.841973E+01
52075,5.849737E+01
52080,5.831446E+01
52085,5.858005E+01
52090,5.858383E+01
52095,5.877600E+01
52100,5.817460E+01
52105,5.831452E+01
52110,5.839392E+01
52115,5.880945E+01
52120,5.838408E+01
52125,5.830388E+01
52130,5.831667E+01
52135,5.867988E+01
52140,5.822349E+01
52145,5.795588E+01
52150,5.804020E+01
52155,5.868162E+01
52160,5.807264E+01
52165,5.829630E+01
52170,5.814370E+01
52175,5.833259E+01
52180,5.774986E+01
52185,5.834822E+01
52190,5.840870E+01
52195,5.828677E+01
52200,5.824451E+01
52205,5.833685E+01
52210,5.756296E+01
52215,5.842467E+01
52220,5.859895E+01
52225,5.817208E+01
52230,5.834758E+01
52235,5.841096E+01
52240,5.871163E+01
52245,5.876083E+01
52250,5.860375E+01
52255,5.860521E+01
52260,5.873777E+01
52265,5.885173E+01
52270,5.887767E+01
52275,5.908151E+01
52280,5.880903E+01
52285,5.896773E+01
52290,5.933411E+01
52295,5.866731E+01
52300,5.888592E+01
52305,5.922881E+01
52310,5.881477E+01
52315,5.930007E+01
52320,5.870427E+01
52325,5.861094E+01
52330,5.885882E+01
52335,5.901276E+01
52340,5.898224E+01
52345,5.902346E+01
52350,5.883044E+01
52355,5.887948E+01
52360,5.893666E+01
52365,5.930720E+01
52370,5.916878E+01
52375,5.951018E+01
52380,5.894585E+01
52385,5.912681E+01
52390,5.925854E+01
52395,5.927469E+01
52400,5.872097E+01
52405,5.906830E+01
52410,5.954358E+01
52415,5.869532E+01
52420,5.916498E+01
52425,5.919464E+01
52430,5.948478E+01
52435,5.919656E+01
52440,5.951313E+01
52445,5.910507E+01
52450,5.908137E+01
52455,5.887824E+01
52460,5.942817E+01
52465,5.903836E+01
52470,5.902614E+01
52475,5.891882E+01
52480,5.911802E+01
52485,5.888723E+01
52490,5.943484E+01
52495,5.941696E+01
52500,5.919041E+01
52505,5.925417E+01
52510,5.901786E+01
52515,5.891764E+01
52520,5.921711E+01
52525,5.908905E+01
52530,5.917966E+01
52535,5.840679E+01
52540,5.880555E+01
52545,5.913889E+01
52550,5.961303E+01
52555,5.936486E+01
52560,5.862133E+01
52565,5.882196E+01
52570,5.921279E+01
52575,5.880067E+01
52580,5.889722E+01
52585,5.926957E+01
52590,5.922383E+01
52595,5.935889E+01
52600,5.903222E+01
52605,5.899954E+01
52610,5.923514E+01
52615,5.900472E+01
52620,5.920075E+01
52625,5.898685E+01
52630,5.891549E+01
52635,5.917357E+01
52640,5.923586E+01
52645,5.972013E+01
52650,5.932795E+01
52655,5.926440E+01
52660,5.973668E+01
52665,5.947296E+01
52670,5.956688E+01
52675,5.976287E+01
52680,5.969764E+01
52685,5.973807E+01
52690,5.979533E+01
52695,6.013616E+01
52700,5.928225E+01
52705,5.951378E+01
52710,5.983171E+01
52715,5.941966E+01
52720,5.966625E+01
52725,5.946663E+01
52730,5.945406E+01
52735,5.984016E+01
52740,6.042860E+01
52745,6.036552E+01
52750,5.936934E+01
52755,6.031076E+01
52760,5.975577E+01
52765,5.967509E+01
52770,5.957378E+01
52775,5.987486E+01
52780,6.007827E+01
52785,5.968510E+01
52790,5.959709E+01
52795,5.998536E+01
52800,6.005038E+01
52805,5.959524E+01
52810,5.973723E+01
52815,5.964329E+01
52820,5.976205E+01
52825,5.996036E+01
52830,5.989349E+01
52835,5.989048E+01
52840,5.984827E+01
52845,5.959548E+01
52850,5.973854E+01
52855,5.998370E+01
52860,5.970853E+01
52865,5.987865E+01
52870,5.961237E+01
52875,6.014040E+01
52880,5.948602E+01
52885,5.914144E+01
52890,5.925010E+01
52895,5.950041E+01
52900,5.911754E+01
52905,5.905209E+01
52910,5.939824E+01
52915,5.950712E+01
52920,5.932934E+01
52925,6.008590E+01
52930,5.962368E+01
52935,5.938079E+01
52940,5.977186E+01
52945,5.933049E+01
52950,5.914553E+01
52955,5.976094E+01
52960,5.988247E+01
52965,5.933934E+01
52970,5.937766E+01
52975,6.008727E+01
52980,5.974203E+01
52985,5.957407E+01
52990,5.924296E+01
52995,5.964913E+01
53000,5.912267E+01
53005,5.905064E+01
53010,5.939769E+01
53015,5.950733E+01
53020,5.944016E+01
53025,5.981877E+01
53030,5.953937E+01
53035,5.975407E+01
53040,5.985605E+01
53045,5.967878E+01
53050,5.923530E+01
53055,5.886333E+01
53060,5.950269E+01
53065,5.920923E+01
53070,5.930166E+01
53075,5.905217E+01
53080,5.911606E+01
53085,5.944754E+01
53090,5.926437E+01
53095,5.936774E+01
53100,5.916291E+01
53105,5.898613E+01
53110,5.907825E+01
53115,5.929558E+01
53120,5.943848E+01
53125,5.929286E+01
53130,5.922122E+01
53135,5.946792E+01
53140,5.962205E+01
53145,5.889509E+01
53150,5.982927E+01
53155,5.998779E+01
53160,5.951624E+01
53165,5.965349E+01
53170,5.933127E+01
53175,5.989861E+01
53180,5.950897E+01
53185,6.002834E+01
53190,5.940851E+01
53195,5.984591E+01
53200,5.972260E+01
53205,5.944772E+01
53210,5.957972E+01
53215,5.956375E+01
53220,5.944901E+01
53225,5.967659E+01
53230,5.939937E+01
53235,5.950415E+01
53240,5.932434E+01
53245,5.941910E+01
53250,5.944525E+01
53255,5.977692E+01
53260,5.957139E+01
53265,5.960547E+01
53270,5.970845E+01
53275,6.048083E+01
53280,5.958934E+01
53285,5.971263E+01
53290,6.053621E+01
53295,5.936487E+01
53300,6.019651E+01
53305,5.956705E+01
53310,5.955562E+01
53315,5.966230E+01
53320,5.965389E+01
53325,5.964975E+01
53330,5.960585E+01
53335,5.935078E+01
53340,5.964916E+01
53345,5.988161E+01
53350,5.944821E+01
53355,5.980905E+01
53360,5.950350E+01
53365,5.926815E+01
53370,5.952253E+01
53375,5.970836E+01
53380,5.984238E+01
53385,5.950699E+01
53390,5.968739E+01
53395,5.990644E+01
53400,5.969260E+01
53405,5.957501E+01
53410,5.981687E+01
53415,5.983210E+01
53420,5.962294E+01
53425,5.928625E+01
53430,6.017691E+01
53435,5.984023E+01
53440,5.950996E+01
53445,5.960498E+01
53450,5.951901E+01
53455,5.952685E+01
53460,5.967521E+01
53465,5.940048E+01
53470,5.969036E+01
53475,5.877170E+01
53480,5.915015E+01
53485,5.961356E+01
53490,5.942418E+01
53495,5.946887E+01
53500,5.919507E+01
53505,5.943427E+01
53510,5.903239E+01
53515,5.925770E+01
53520,5.971118E+01
53525,5.950189E+01
53530,5.948110E+01
53535,5.961040E+01
53540,5.944554E+01
53545,5.956116E+01
53550,5.893481E+01
53555,5.906211E+01
53560,5.971535E+01
53565,5.909952E+01
53570,5.960805E+01
53575,5.929532E+01
53580,5.931512E+01
53585,5.959858E+01
53590,5.953414E+01
53595,5.944208E+01
53600,5.891707E+01
53605,5.976167E+01
53610,5.923962E+01
53615,5.965056E+01
53620,5.936372E+01
53625,5.962783E+01
53630,5.936311E+01
53635,5.984313E+01
53640,5.990362E+01
53645,6.010137E+01
53650,6.009023E+01
53655,5.987579E+01
53660,6.028777E+01
53665,6.013541E+01
53670,5.975000E+01
53675,5.982898E+01
53680,5.949271E+01
53685,5.996142E+01
53690,6.000268E+01
53695,5.989030E+01
53700,5.997347E+01
53705,5.991785E+01
53710,6.008630E+01
53715,5.971910E+01
53720,5.954724E+01
53725,5.951708E+01
53730,5.963849E+01
53735,5.961976E+01
53740,5.978828E+01
53745,5.994196E+01
53750,5.960433E+01
53755,5.973705E+01
53760,6.025944E+01
53765,5.981305E+01
53770,5.984537E+01
53775,5.998568E+01
53780,5.972816E+01
53785,6.004846E+01
53790,5.971820E+01
53795,6.049330E+01
53800,5.989116E+01
53805,6.006119E+01
53810,6.011736E+01
53815,5.991757E+01
53820,5.954036E+01
53825,5.965837E+01
53830,5.989327E+01
53835,5.961497E+01
53840,5.995571E+01
53845,6.006860E+01
53850,6.013734E+01
53855,5.956521E+01
53860,5.983917E+01
53865,5.960723E+01
53870,5.996155E+01
53875,5.986251E+01
53880,6.025620E+01
53885,5.996084E+01
53890,5.990813E+01
53895,5.979764E+01
53900,5.949788E+01
53905,5.985445E+01
53910,6.091021E+01
53915,5.974453E+01
53920,6.030414E+01
53925,6.000289E+01
53930,6.018823E+01
53935,5.979125E+01
53940,6.002860E+01
53945,5.983045E+01
53950,5.993699E+01
53955,5.968011E+01
53960,6.003216E+01
53965,6.036675E+01
53970,6.003157E+01
53975,5.978640E+01
53980,5.954645E+01
53985,6.017375E+01
53990,5.992283E+01
53995,5.974413E+01
54000,5.989907E+01
54005,6.058013E+01
54010,6.034395E+01
54015,5.990144E+01
54020,6.015691E+01
54025,5.983163E+01
54030,5.988312E+01
54035,6.006234E+01
54040,6.003770E+01
54045,6.003448E+01
54050,6.006121E+01
54055,5.976605E+01
54060,5.988979E+01
54065,6.027370E+01
54070,6.019864E+01
54075,5.971620E+01
54080,5.962319E+01
54085,6.005777E+01
54090,5.982812E+01
54095,5.953692E+01
54100,5.956584E+01
54105,6.004359E+01
54110,5.950172E+01
54115,5.963253E+01
54120,5.959282E+01
54125,5.923509E+01
54130,5.990981E+01
54135,6.023856E+01
54140,6.002900E+01
54145,5.992296E+01
54150,6.030535E+01
54155,6.007867E+01
54160,6.004503E+01
54165,5.992819E+01
54170,6.027607E+01
54175,5.986267E+01
54180,5.959918E+01
54185,5.987790E+01
54190,6.009327E+01
54195,5.963601E+01
54200,6.048149E+01
54205,6.041264E+01
54210,6.000111E+01
54215,5.991626E+01
54220,6.051569E+01
54225,6.038068E+01
54230,6.021850E+01
54235,6.055958E+01
54240,6.006121E+01
54245,6.039168E+01
54250,6.029316E+01
54255,6.000698E+01
54260,5.990941E+01
54265,5.985425E+01
54270,5.973131E+01
54275,5.974843E+01
54280,6.007597E+01
54285,5.978840E+01
54290,5.976964E+01
54295,6.018637E+01
54300,5.961858E+01
54305,6.019331E+01
54310,6.020941E+01
54315,6.009550E+01
54320,6.043699E+01
54325,6.039038E+01
54330,5.995946E+01
54335,6.078965E+01
54340,6.016383E+01
54345,6.055184E+01
54350,6.027053E+01
54355,6.041316E+01
54360,6.047344E+01
54365,6.022980E+01
54370,6.046599E+01
54375,6.017933E+01
54380,5.996807E+01
54385,6.009374E+01
54390,5.994380E+01
54395,6.032399E+01
54400,5.973799E+01
54405,6.012505E+01
54410,5.994576E+01
54415,6.013455E+01
54420,6.016586E+01
54425,6.005800E+01
54430,6.017448E+01
54435,6.050369E+01
54440,6.024490E+01
54445,6.059759E+01
54450,6.035605E+01
54455,6.025817E+01
54460,6.049817E+01
54465,6.008441E+01
54470,6.065649E+01
54475,6.043647E+01
54480,6.018007E+01
54485,6.024523E+01
54490,6.099387E+01
54495,5.989098E+01
54500,6.070221E+01
54505,6.048068E+01
54510,6.031252E+01
54515,6.028380E+01
54520,5.983749E+01
54525,6.038472E+01
54530,6.045176E+01
54535,6.027300E+01
54540,6.104272E+01
54545,6.027772E+01
54550,6.064473E+01
54555,6.026815E+01
54560,6.035796E+01
54565,5.998068E+01
54570,6.027054E+01
54575,6.022512E+01
54580,6.022029E+01
54585,5.982979E+01
54590,6.000453E+01
54595,5.992457E+01
54600,6.040769E+01
54605,6.029725E+01
54610,6.063226E+01
54615,6.009807E+01
54620,6.043047E+01
54625,6.022794E+01
54630,6.031652E+01
54635,6.033318E+01
54640,6.076504E+01
54645,6.055309E+01
54650,6.039501E+01
54655,6.001142E+01
54660,6.057562E+01
54665,6.018766E+01
54670,6.006627E+01
54675,5.998692E+01
54680,6.082277E+01
54685,6.058602E+01
54690,6.015740E+01
54695,6.060794E+01
54700,6.083671E+01
54705,6.028235E+01
54710,6.057277E+01
54715,6.068602E+01
54720,6.040869E+01
54725,6.060644E+01
54730,6.067434E+01
54735,6.044730E+01
54740,6.054304E+01
54745,6.113990E+01
54750,6.106029E+01
54755,6.024738E+01
54760,6.137510E+01
54765,6.112231E+01
54770,6.060216E+01
54775,6.076057E+01
54780,6.029668E+01
54785,6.040139E+01
54790,6.032495E+01
54795,6.042119E+01
54800,6.071173E+01
54805,6.069137E+01
54810,6.080402E+01
54815,6.100161E+01
54820,6.070131E+01
54825,6.071571E+01
54830,6.076725E+01
54835,6.088055E+01
54840,6.082134E+01
54845,6.112512E+01
54850,6.060131E+01
54855,6.052139E+01
54860,6.056371E+01
54865,6.045649E+01
54870,6.067475E+01
54875,6.032794E+01
54880,6.020550E+01
54885,6.074371E+01
54890,6.014427E+01
54895,6.055215E+01
54900,6.054115E+01
54905,6.056086E+01
54910,6.067355E+01
54915,6.059596E+01
54920,6.012806E+01
54925,6.121104E+01
54930,6.024872E+01
54935,6.005736E+01
54940,6.052333E+01
54945,5.991487E+01
54950,6.055322E+01
54955,6.084586E+01
54960,6.081835E+01
54965,6.063911E+01
54970,6.034335E+01
54975,6.087024E+01
54980,6.045371E+01
54985,6.049865E+01
54990,6.055434E+01
54995,6.023467E+01
55000,6.054509E+01
55005,6.072544E+01
55010,6.042128E+01
55015,6.036733E+01
55020,6.061426E+01
55025,6.153805E+01
55030,6.085477E+01
55035,6.057813E+01
55040,6.036086E+01
55045,6.059537E+01
55050,6.063802E+01
55055,6.079985E+01
55060,6.058738E+01
55065,6.093900E+01
55070,6.069030E+01
55075,6.064915E+01
55080,6.034304E+01
55085,6.051346E+01
55090,6.097954E+01
55095,6.076445E+01
55100,6.011188E+01
55105,6.064528E+01
55110,6.073281E+01
55115,6.100828E+01
55120,6.111677E+01
55125,6.027435E+01
55130,6.057208E+01
55135,6.101047E+01
55140,6.090708E+01
55145,6.069445E+01
55150,6.088038E+01
55155,6.066375E+01
55160,6.089335E+01
55165,6.132341E+01
55170,6.069023E+01
55175,6.060386E+01
55180,6.103437E+01
55185,6.071250E+01
55190,6.101378E+01
55195,6.078505E+01
55200,6.146093E+01
55205,6.044839E+01
55210,6.066284E+01
55215,6.065532E+01
55220,6.119413E+01
55225,6.083748E+01
55230,6.092453E+01
55235,6.113303E+01
55240,6.113870E+01
55245,6.087647E+01
55250,6.062847E+01
55255,6.142974E+01
55260,6.096228E+01
55265,6.040125E+01
55270,6.086760E+01
55275,6.092757E+01
55280,6.107761E+01
55285,6.066121E+01
55290,6.083986E+01
55295,6.072701E+01
55300,6.074495E+01
55305,6.086278E+01
55310,6.094920E+01
55315,6.131097E+01
55320,6.050354E+01
55325,6.140567E+01
55330,6.071449E+01
55335,6.076098E+01
55340,6.141432E+01
55345,6.148824E+01
55350,6.094961E+01
55355,6.103509E+01
55360,6.153856E+01
55365,6.063313E+01
55370,6.096484E+01
55375,6.168060E+01
55380,6.129966E+01
55385,6.080181E+01
55390,6.089049E+01
55395,6.084215E+01
55400,6.154146E+01
55405,6.086026E+01
55410,6.082864E+01
55415,6.117545E+01
55420,6.136611E+01
55425,6.075757E+01
55430,6.137968E+01
55435,6.106194E+01
55440,6.113569E+01
55445,6.091085E+01
55450,6.105134E+01
55455,6.149244E+01
55460,6.096387E+01
55465,6.094626E+01
55470,6.109316E+01
55475,6.090047E+01
55480,6.099854E+01
55485,6.120416E+01
55490,6.088395E+01
55495,6.084220E+01
55500,6.087350E+01
55505,6.049654E+01
55510,6.115263E+01
55515,6.058238E+01
55520,6.080820E+01
55525,6.097949E+01
55530,6.068593E+01
55535,6.112354E+01
55540,6.134409E+01
55545,6.072549E+01
55550,6.125902E+01
55555,6.377509E+01
55560,6.090104E+01
55565,6.134965E+01
55570,6.109651E+01
55575,6.146820E+01
55580,6.117980E+01
55585,6.138820E+01
55590,6.106085E+01
55595,6.086182E+01
55600,6.115864E+01
55605,6.117208E+01
55610,6.128740E+01
55615,6.143732E+01
55620,6.121971E+01
55625,6.081685E+01
55630,6.063034E+01
55635,6.095939E+01
55640,6.118439E+01
55645,6.136356E+01
55650,6.097849E+01
55655,6.069792E+01
55660,6.078782E+01
55665,6.047750E+01
55670,6.079092E+01
55675,6.055117E+01
55680,6.105240E+01
55685,6.122394E+01
55690,6.110976E+01
55695,6.122995E+01
55700,6.101505E+01
55705,6.096323E+01
55710,6.090008E+01
55715,6.130505E+01
55720,6.105532E+01
55725,6.082492E+01
55730,6.094225E+01
55735,6.074951E+01
55740,6.063500E+01
55745,6.086640E+01
55750,6.094385E+01
55755,6.061727E+01
55760,6.091257E+01
55765,6.107700E+01
55770,6.095704E+01
55775,6.119906E+01
55780,6.119805E+01
55785,6.123785E+01
55790,6.112816E+01
55795,6.119421E+01
55800,6.077291E+01
55805,6.084772E+01
55810,6.086292E+01
55815,6.128165E+01
55820,6.159481E+01
55825,6.153160E+01
55830,6.166956E+01
55835,6.107124E+01
55840,6.095881E+01
55845,6.153911E+01
55850,6.091295E+01
55855,6.110074E+01
55860,6.135775E+01
55865,6.071304E+01
55870,6.159066E+01
55875,6.131498E+01
55880,6.112244E+01
55885,6.119742E+01
55890,6.124180E+01
55895,6.156837E+01
55900,6.111349E+01
55905,6.160159E+01
55910,6.132036E+01
55915,6.124938E+01
55920,6.135807E+01
55925,6.142115E+01
55930,6.082669E+01
55935,6.118618E+01
55940,6.162733E+01
55945,6.097720E+01
55950,6.133138E+01
55955,6.125863E+01
55960,6.167111E+01
55965,6.110023E+01
55970,6.154447E+01
55975,6.133053E+01
55980,6.154766E+01
55985,6.126433E+01
55990,6.125582E+01
55995,6.107499E+01
56000,6.076273E+01
56005,6.092100E+01
56010,6.132278E+01
56015,6.073901E+01
56020,6.109193E+01
56025,6.116769E+01
56030,6.105339E+01
56035,6.137782E+01
56040,6.117973E+01
56045,6.147943E+01
56050,6.134891E+01
56055,6.139083E+01
56060,6.122020E+01
56065,6.139933E+01
56070,6.128494E+01
56075,6.087517E+01
56080,6.159185E+01
56085,6.108338E+01
56090,6.112260E+01
56095,6.138088E+01
56100,6.166683E+01
56105,6.122915E+01
56110,6.170195E+01
56115,6.134806E+01
56120,6.168729E+01
56125,6.126408E+01
56130,6.224924E+01
56135,6.098320E+01
56140,6.181122E+01
56145,6.160813E+01
56150,6.179963E+01
56155,6.159662E+01
56160,6.212984E+01
56165,6.213550E+01
56170,6.152833E+01
56175,6.164261E+01
56180,6.191595E+01
56185,6.214051E+01
56190,6.157521E+01
56195,6.144260E+01
56200,6.195134E+01
56205,6.167329E+01
56210,6.169055E+01
56215,6.156659E+01
56220,6.172250E+01
56225,6.190291E+01
56230,6.162125E+01
56235,6.217523E+01
56240,6.201722E+01
56245,6.231932E+01
56250,6.200815E+01
56255,6.229476E+01
56260,6.210291E+01
56265,6.157434E+01
56270,6.198655E+01
56275,6.150649E+01
56280,6.166064E+01
56285,6.180120E+01
56290,6.172587E+01
56295,6.183815E+01
56300,6.157376E+01
56305,6.189139E+01
56310,6.200832E+01
56315,6.155215E+01
56320,6.218548E+01
56325,6.184670E+01
56330,6.205654E+01
56335,6.208563E+01
56340,6.218948E+01
56345,6.194208E+01
56350,6.174313E+01
56355,6.194847E+01
56360,6.230914E+01
56365,6.240833E+01
56370,6.163439E+01
56375,6.205130E+01
56380,6.196047E+01
56385,6.205154E+01
56390,6.215688E+01
56395,6.283059E+01
56400,6.242767E+01
56405,6.208639E+01
56410,6.156274E+01
56415,6.162612E+01
56420,6.201472E+01
56425,6.190795E+01
56430,6.204258E+01
56435,6.234547E+01
56440,6.207963E+01
56445,6.199174E+01
56450,6.243342E+01
56455,6.190900E+01
56460,6.185752E+01
56465,6.220216E+01
56470,6.221143E+01
56475,6.212431E+01
56480,6.228159E+01
56485,6.220471E+01
56490,6.277469E+01
56495,6.241662E+01
56500,6.243486E+01
56505,6.220610E+01
56510,6.283813E+01
56515,6.228066E+01
56520,6.235710E+01
56525,6.252806E+01
56530,6.263627E+01
56535,6.251854E+01
56540,6.252566E+01
56545,6.290948E+01
56550,6.256825E+01
56555,6.273444E+01
56560,6.252352E+01
56565,6.291002E+01
56570,6.294089E+01
56575,6.259059E+01
56580,6.218893E+01
56585,6.284462E+01
56590,6.226183E+01
56595,6.256628E+01
56600,6.225046E+01
56605,6.298798E+01
56610,6.301296E+01
56615,6.290212E+01
56620,6.309290E+01
56625,6.295901E+01
56630,6.258474E+01
56635,6.286954E+01
56640,6.237792E+01
56645,6.257148E+01
56650,6.235430E+01
56655,6.268611E+01
56660,6.264723E+01
56665,6.318364E+01
56670,6.243815E+01
56675,6.294609E+01
56680,6.231470E+01
56685,6.252439E+01
56690,6.245074E+01
56695,6.205580E+01
56700,6.202833E+01
56705,6.275192E+01
56710,6.256108E+01
56715,6.281827E+01
56720,6.285404E+01
56725,6.271885E+01
56730,6.271223E+01
56735,6.265222E+01
56740,6.272138E+01
56745,6.283267E+01
56750,6.308404E+01
56755,6.314197E+01
56760,6.294816E+01
56765,6.279590E+01
56770,6.253041E+01
56775,6.344691E+01
56780,6.227735E+01
56785,6.270679E+01
56790,6.276269E+01
56795,6.274436E+01
56800,6.258040E+01
56805,6.279948E+01
56810,6.311309E+01
56815,6.297613E+01
56820,6.238096E+01
56825,6.241503E+01
56830,6.291744E+01
56835,6.192035E+01
56840,6.299009E+01
56845,6.270302E+01
56850,6.273199E+01
56855,6.253502E+01
56860,6.292661E+01
56865,6.268523E+01
56870,6.299891E+01
56875,6.282610E+01
56880,6.288752E+01
56885,6.253617E+01
56890,6.292119E+01
56895,6.317697E+01
56900,6.311392E+01
56905,6.262489E+01
56910,6.300579E+01
56915,6.284915E+01
56920,6.331951E+01
56925,6.251985E+01
56930,6.275141E+01
56935,6.313559E+01
56940,6.314909E+01
56945,6.314167E+01
56950,6.358561E+01
56955,6.323493E+01
56960,6.272800E+01
56965,6.336354E+01
56970,6.282458E+01
56975,6.322622E+01
56980,6.293667E+01
56985,6.336985E+01
56990,6.355835E+01
56995,6.307817E+01
57000,6.300065E+01
57005,6.303232E+01
57010,6.317117E+01
57015,6.332064E+01
57020,6.353057E+01
57025,6.343958E+01
57030,6.300638E+01
57035,6.336782E+01
57040,6.335953E+01
57045,6.310847E+01
57050,6.312330E+01
57055,6.304784E+01
57060,6.294166E+01
57065,6.315356E+01
57070,6.330067E+01
57075,6.288461E+01
57080,6.334160E+01
57085,6.269343E+01
57090,6.340768E+01
57095,6.325189E+01
57100,6.284753E+01
57105,6.350821E+01
57110,6.389023E+01
57115,6.315864E+01
57120,6.361271E+01
57125,6.295687E+01
57130,6.344583E+01
57135,6.313574E+01
57140,6.310294E+01
57145,6.313699E+01
57150,6.311640E+01
57155,6.323374E+01
57160,6.319666E+01
57165,6.287560E+01
57170,6.332622E+01
57175,6.339736E+01
57180,6.336133E+01
57185,6.335432E+01
57190,6.315085E+01
57195,6.338726E+01
57200,6.367654E+01
57205,6.372664E+01
57210,6.325425E+01
57215,6.340218E+01
57220,6.311018E+01
57225,6.343889E+01
57230,6.316288E+01
57235,6.322793E+01
57240,6.345857E+01
57245,6.380140E+01
57250,6.326746E+01
57255,6.309185E+01
57260,6.327422E+01
57265,6.341056E+01
57270,6.356293E+01
57275,6.327526E+01
57280,6.348661E+01
57285,6.354355E+01
57290,6.369605E+01
57295,6.334404E+01
57300,6.360524E+01
57305,6.313985E+01
57310,6.371599E+01
57315,6.335791E+01
57320,6.318203E+01
57325,6.374202E+01
57330,6.348022E+01
57335,6.355552E+01
57340,6.332572E+01
57345,6.368495E+01
57350,6.358497E+01
57355,6.333594E+01
57360,6.337150E+01
57365,6.333053E+01
57370,6.316438E+01
57375,6.302982E+01
57380,6.371186E+01
57385,6.337145E+01
57390,6.363859E+01
57395,6.375699E+01
57400,6.332674E+01
57405,6.320571E+01
57410,6.373487E+01
57415,6.287042E+01
57420,6.313508E+01
57425,6.310412E+01
57430,6.364424E+01
57435,6.390475E+01
57440,6.316827E+01
57445,6.333048E+01
57450,6.358576E+01
57455,6.360803E+01
57460,6.387638E+01
57465,6.313160E+01
57470,6.433359E+01
57475,6.340332E+01
57480,6.346783E+01
57485,6.392796E+01
57490,6.376541E+01
57495,6.380161E+01
57500,6.384667E+01
57505,6.346938E+01
57510,6.360373E+01
57515,6.406227E+01
57520,6.347835E+01
57525,6.438029E+01
57530,6.425517E+01
57535,6.328162E+01
57540,6.386202E+01
57545,6.387185E+01
57550,6.397837E+01
57555,6.382184E+01
57560,6.363751E+01
57565,6.395135E+01
57570,6.375139E+01
57575,6.365323E+01
57580,6.365203E+01
57585,6.398763E+01
57590,6.374851E+01
57595,6.357227E+01
57600,6.360900E+01
57605,6.345823E+01
57610,6.365684E+01
57615,6.377589E+01
57620,6.343268E+01
57625,6.348837E+01
57630,6.376560E+01
57635,6.406694E+01
57640,6.350234E+01
57645,6.352548E+01
57650,6.377579E+01
57655,6.336454E+01
57660,6.339471E+01
57665,6.357343E+01
57670,6.335604E+01
57675,6.350276E+01
57680,6.332769E+01
57685,6.360750E+01
57690,6.328708E+01
57695,6.361786E+01
57700,6.374712E+01
57705,6.345385E+01
57710,6.386333E+01
57715,6.319766E+01
57720,6.401675E+01
57725,6.342858E+01
57730,6.364110E+01
57735,6.365028E+01
57740,6.353563E+01
57745,6.332808E+01
57750,6.381514E+01
57755,6.357994E+01
57760,6.417103E+01
57765,6.395013E+01
57770,6.357979E+01
57775,6.406677E+01
57780,6.379584E+01
57785,6.351875E+01
57790,6.348990E+01
57795,6.410980E+01
57800,6.360492E+01
57805,6.363976E+01
57810,6.369431E+01
57815,6.399345E+01
57820,6.344663E+01
57825,6.370629E+01
57830,6.445318E+01
57835,6.408869E+01
57840,6.386309E+01
57845,6.335562E+01
57850,6.358685E+01
57855,6.338088E+01
57860,6.400749E+01
57865,6.413525E+01
57870,6.321456E+01
57875,6.377323E+01
57880,6.353491E+01
57885,6.358007E+01
57890,6.402798E+01
57895,6.371819E+01
57900,6.428149E+01
57905,6.399446E+01
57910,6.358820E+01
57915,6.350318E+01
57920,6.399933E+01
57925,6.370966E+01
57930,6.405611E+01
57935,6.366912E+01
57940,6.354272E+01
57941,6.401906E+01
57945,6.388892E+01
57950,6.321245E+01
57955,6.386563E+01
57960,6.362910E+01
57965,6.358162E+01
57970,6.387529E+01
57975,6.333178E+01
57980,6.404817E+01
57985,6.372117E+01
57990,6.383384E+01
57995,6.430515E+01
58000,6.378875E+01
58005,6.399701E+01
58010,6.378498E+01
58015,6.401665E+01
58020,6.335342E+01
58025,6.399129E+01
58030,6.376282E+01
58035,6.396731E+01
58040,6.404222E+01
58045,6.415260E+01
58050,6.409392E+01
58055,6.378899E+01
58060,6.417529E+01
58065,6.442228E+01
58070,6.419097E+01
58075,6.411484E+01
58080,6.428361E+01
58085,6.448248E+01
58090,6.405487E+01
58095,6.455338E+01
58100,6.406320E+01
58105,6.403674E+01
58110,6.418054E+01
58115,6.403718E+01
58120,6.434297E+01
58125,6.421667E+01
58130,6.356963E+01
58135,6.445731E+01
58140,6.437268E+01
58145,6.369565E+01
58150,6.409845E+01
58155,6.417833E+01
58160,6.457949E+01
58165,6.474649E+01
58170,6.428085E+01
58175,6.363991E+01
58180,6.453594E+01
58185,6.436133E+01
58190,6.417298E+01
58195,6.449449E+01
58200,6.423357E+01
58205,6.361493E+01
58210,6.414552E+01
58215,6.471346E+01
58220,6.395794E+01
58225,6.368539E+01
58230,6.419038E+01
58235,6.408633E+01
58240,6.363311E+01
58245,6.399072E+01
58250,6.377182E+01
58255,6.365713E+01
58260,6.442812E+01
58265,6.395766E+01
58270,6.390791E+01
58275,6.445022E+01
58280,6.436804E+01
58285,6.398141E+01
58290,6.411387E+01
58295,6.460291E+01
58300,6.361367E+01
58305,6.478145E+01
58310,6.414193E+01
58315,6.372767E+01
58320,6.385891E+01
58325,6.431218E+01
58330,6.385475E+01
58335,6.402747E+01
58340,6.445574E+01
58345,6.425077E+01
58350,6.458906E+01
58355,6.426774E+01
58360,6.405031E+01
58365,6.402773E+01
58370,6.393488E+01
58375,6.454679E+01
58380,6.393665E+01
58385,6.447139E+01
58390,6.439262E+01
58395,6.413745E+01
58400,6.425839E+01
58405,6.429556E+01
58410,6.406503E+01
58415,6.421257E+01
58420,6.468889E+01
58425,6.418801E+01
58430,6.481401E+01
58435,6.424758E+01
58440,6.459782E+01
58445,6.436589E+01
58450,6.449713E+01
58455,6.436337E+01
58460,6.421074E+01
58465,6.386504E+01
58470,6.406753E+01
58475,6.444857E+01
58480,6.462374E+01
58485,6.421768E+01
58490,6.406305E+01
58495,6.443647E+01
58500,6.431448E+01
58505,6.521896E+01
58510,6.504027E+01
58515,6.439622E+01
58520,6.496908E+01
58525,6.472556E+01
58530,6.486970E+01
58535,6.460551E+01
58540,6.419117E+01
58545,6.443137E+01
58550,6.438644E+01
58555,6.478458E+01
58560,6.487225E+01
58565,6.474708E+01
58570,6.470970E+01
58575,6.450592E+01
58580,6.458263E+01
58585,6.432918E+01
58590,6.466689E+01
58595,6.463740E+01
58600,6.457592E+01
58605,6.431644E+01
58610,6.471663E+01
58615,6.457203E+01
58620,6.420541E+01
58625,6.430079E+01
58630,6.411284E+01
58635,6.436610E+01
58640,6.461346E+01
58645,6.481922E+01
58650,6.428104E+01
58655,6.465106E+01
58660,6.418727E+01
58665,6.462044E+01
58670,6.423323E+01
58675,6.471613E+01
58680,6.436389E+01
58685,6.480999E+01
58690,6.490405E+01
58695,6.447921E+01
58700,6.399033E+01
58705,6.496598E+01
58710,6.431751E+01
58715,6.435071E+01
58720,6.427509E+01
58725,6.457708E+01
58730,6.443079E+01
58735,6.429033E+01
58740,6.411728E+01
58745,6.432655E+01
58750,6.448121E+01
58755,6.471336E+01
58760,6.468036E+01
58765,6.468878E+01
58770,6.432406E+01
58775,6.382915E+01
58780,6.408217E+01
58785,6.517390E+01
58790,6.442224E+01
58795,6.411550E+01
58800,6.412335E+01
58805,6.470710E+01
58810,6.406476E+01
58815,6.442786E+01
58820,6.436085E+01
58825,6.444728E+01
58830,6.423314E+01
58835,6.469082E+01
58840,6.486393E+01
58845,6.396003E+01
58850,6.494848E+01
58855,6.471456E+01
58860,6.484025E+01
58865,6.507537E+01
58870,6.403701E+01
58875,6.431033E+01
58880,6.441571E+01
58885,6.436215E+01
58890,6.410518E+01
58895,6.419468E+01
58900,6.460430E+01
58905,6.476586E+01
58910,6.434233E+01
58915,6.464506E+01
58920,6.464247E+01
58925,6.462272E+01
58930,6.478936E+01
58935,6.480766E+01
58940,6.471331E+01
58945,6.448414E+01
58950,6.425295E+01
58955,6.501860E+01
58960,6.450375E+01
58965,6.421025E+01
58970,6.400790E+01
58975,6.437979E+01
58980,6.466910E+01
58985,6.449983E+01
58990,6.453372E+01
58995,6.488096E+01
59000,6.500093E+01
59005,6.438569E+01
59010,6.421632E+01
59015,6.460096E+01
59020,6.476893E+01
59025,6.466108E+01
59030,6.475102E+01
59035,6.474172E+01
59040,6.512386E+01
59045,6.458104E+01
59050,6.462133E+01
59055,6.553785E+01
59060,6.477241E+01
59065,6.475083E+01
59070,6.503391E+01
59075,6.458025E+01
59080,6.461489E+01
59085,6.507589E+01
59090,6.506590E+01
59095,6.472725E+01
59100,6.449947E+01
59105,6.482056E+01
59110,6.489102E+01
59115,6.451803E+01
59120,6.452397E+01
59125,6.476068E+01
59130,6.478211E+01
59135,6.524980E+01
59140,6.471796E+01
59145,6.500369E+01
59150,6.480390E+01
59155,6.444883E+01
59160,6.454842E+01
59165,6.479777E+01
59170,6.460500E+01
59175,6.489554E+01
59180,6.437997E+01
59185,6.448450E+01
59190,6.467080E+01
59195,6.493126E+01
59200,6.489939E+01
59205,6.471994E+01
59210,6.455216E+01
59215,6.455371E+01
59220,6.459001E+01
59225,6.487659E+01
59230,6.482719E+01
59235,6.503525E+01
59240,6.470819E+01
59245,6.487984E+01
59250,6.499041E+01
59255,6.520270E+01
59260,6.501792E+01
59265,6.503959E+01
59270,6.534304E+01
59275,6.507563E+01
59280,6.517705E+01
59285,6.515940E+01
59290,6.494801E+01
59295,6.487783E+01
59300,6.539001E+01
59305,6.490549E+01
59310,6.503052E+01
59315,6.448818E+01
59320,6.492765E+01
59325,6.457001E+01
59330,6.489232E+01
59335,6.481736E+01
59340,6.444246E+01
59345,6.550792E+01
59350,6.456397E+01
59355,6.449734E+01
59360,6.489378E+01
59365,6.523858E+01
59370,6.511085E+01
59375,6.458733E+01
59380,6.451041E+01
59385,6.486716E+01
59390,6.506785E+01
59395,6.504006E+01
59400,6.504227E+01
59405,6.504918E+01
59410,6.565702E+01
59415,6.496157E+01
59420,6.511781E+01
59425,6.538566E+01
59430,6.536262E+01
59435,6.494760E+01
59440,6.525862E+01
59445,6.559004E+01
59450,6.524006E+01
59455,6.566458E+01
59460,6.526218E+01
59465,6.509092E+01
59470,6.517155E+01
59475,6.535580E+01
59480,6.545305E+01
59485,6.476925E+01
59490,6.499132E+01
59495,6.516226E+01
59500,6.454109E+01
59501,6.422563E+01
59505,6.493585E+01
59510,6.485505E+01
59515,6.546708E+01
59520,6.515479E+01
59525,6.506743E+01
59530,6.501141E+01
59535,6.477728E+01
59540,6.521519E+01
59545,6.543599E+01
59550,6.481644E+01
59555,6.510071E+01
59560,6.520405E+01
59565,6.497743E+01
59570,6.473668E+01
59575,6.525599E+01
59580,6.497917E+01
59585,6.469269E+01
59590,6.554497E+01
59595,6.471657E+01
59600,6.516509E+01
59605,6.529794E+01
59610,6.475400E+01
59615,6.548363E+01
59620,6.517512E+01
59625,6.488491E+01
59630,6.508602E+01
59635,6.512119E+01
59640,6.503678E+01
59645,6.476598E+01
59650,6.509608E+01
59655,6.468569E+01
59660,6.531783E+01
59665,6.482946E+01
59670,6.515792E+01
59675,6.509754E+01
59680,6.506227E+01
59685,6.560068E+01
59690,6.518839E+01
59695,6.524415E+01
59700,6.567373E+01
59705,6.466389E+01
59710,6.558357E+01
59715,6.531858E+01
59720,6.577367E+01
59725,6.541778E+01
59730,6.541996E+01
59735,6.510864E+01
59740,6.543939E+01
59745,6.546982E+01
59750,6.529321E+01
59755,6.545112E+01
59760,6.616887E+01
59765,6.599739E+01
59770,6.550061E+01
59775,6.523282E+01
59780,6.532706E+01
59785,6.507272E+01
59790,6.552747E+01
59795,6.505105E+01
59800,6.540596E+01
59805,6.524221E+01
59810,6.532598E+01
59815,6.512683E+01
59820,6.539498E+01
59825,6.509409E+01
59830,6.528900E+01
59835,6.525485E+01
59840,6.534436E+01
59845,6.517728E+01
59850,6.488123E+01
59855,6.557082E+01
59860,6.514034E+01
59865,6.556049E+01
59870,6.532511E+01
59875,6.521406E+01
59880,6.536460E+01
59885,6.553994E+01
59890,6.533885E+01
59895,6.577229E+01
59900,6.549435E+01
59905,6.583955E+01
59910,6.536937E+01
59915,6.560811E+01
59920,6.541852E+01
59925,6.583173E+01
59930,6.552271E+01
59935,6.561022E+01
59940,6.567505E+01
59945,6.533040E+01
59950,6.505715E+01
59955,6.579252E+01
59960,6.540912E+01
59965,6.591395E+01
59970,6.578186E+01
59975,6.558600E+01
59980,6.572882E+01
59985,6.543047E+01
59990,6.571309E+01
59995,6.571585E+01
60000,6.586997E+01
60005,6.574149E+01
60010,6.560897E+01
60015,6.628228E+01
60020,6.583193E+01
60025,6.590200E+01
60030,6.600898E+01
60035,6.560477E+01
60040,6.511664E+01
60045,6.558254E+01
60050,6.528533E+01
60055,6.539670E+01
60060,6.601442E+01
60065,6.591403E+01
60070,6.582338E+01
60075,6.541541E+01
60080,6.575616E+01
60085,6.618014E+01
60090,6.580117E+01
60095,6.592791E+01
60100,6.553009E+01
60105,6.507224E+01
60110,6.529835E+01
60115,6.550398E+01
60120,6.490652E+01
60125,6.509343E+01
60130,6.518426E+01
60135,6.503254E+01
60140,6.516362E+01
60145,6.577055E+01
60150,6.547324E+01
60155,6.563134E+01
60160,6.529277E+01
60165,6.533847E+01
60170,6.527867E+01
60175,6.597211E+01
60180,6.545378E+01
60185,6.566901E+01
60190,6.582052E+01
60195,6.508297E+01
60200,6.592993E+01
60205,6.538043E+01
60210,6.562815E+01
60215,6.528937E+01
60220,6.552010E+01
60225,6.546215E+01
60230,6.572504E+01
60235,6.565891E+01
60240,6.534382E+01
60245,6.544697E+01
60250,6.595718E+01
60255,6.585894E+01
60260,6.586534E+01
60265,6.523296E+01
60270,6.554059E+01
60275,6.563417E+01
60280,6.520686E+01
60285,6.554962E+01
60290,6.524250E+01
60295,6.533699E+01
60300,6.573812E+01
60305,6.570070E+01
60310,6.596320E+01
60315,6.568805E+01
60320,6.557812E+01
60325,6.569898E+01
60330,6.629695E+01
60335,6.556252E+01
60340,6.549662E+01
60345,6.561424E+01
60350,6.566537E+01
60355,6.517451E+01
60360,6.511489E+01
60365,6.510870E+01
60370,6.551869E+01
60375,6.526392E+01
60380,6.505449E+01
60385,6.571099E+01
60390,6.546058E+01
60395,6.537754E+01
60400,6.553493E+01
60405,6.497351E+01
60410,6.575893E+01
60415,6.570637E+01
60420,6.547223E+01
60425,6.570165E+01
60430,6.589954E+01
60435,6.562418E+01
60440,6.537705E+01
60445,6.544753E+01
60450,6.563026E+01
60455,6.585471E+01
60460,6.569315E+01
60465,6.571236E+01
60470,6.623248E+01
60475,6.558183E+01
60480,6.549855E+01
60485,6.618391E+01
60490,6.574513E+01
60495,6.590170E+01
60500,6.546071E+01
60505,6.548457E+01
60510,6.565021E+01
60515,6.591125E+01
60520,6.582772E+01
60525,6.544922E+01
60530,6.565172E+01
60535,6.557687E+01
60540,6.557572E+01
60545,6.563722E+01
60550,6.518251E+01
60555,6.575216E+01
60560,6.572232E+01
60565,6.545503E+01
60570,6.575634E+01
60575,6.542034E+01
60580,6.569103E+01
60585,6.556855E+01
60590,6.568690E+01
60595,6.553103E+01
60600,6.529936E+01
60605,6.617260E+01
60610,6.547686E+01
60615,6.551735E+01
60620,6.530974E+01
60625,6.580285E+01
60630,6.565940E+01
60635,6.503685E+01
60640,6.525184E+01
60645,6.558595E+01
60650,6.500245E+01
60655,6.568040E+01
60660,6.576312E+01
60665,6.563080E+01
60670,6.566056E+01
60675,6.605993E+01
60680,6.598932E+01
60685,6.602264E+01
60690,6.555656E+01
60695,6.614338E+01
60700,6.603269E+01
60705,6.613887E+01
60710,6.601996E+01
60715,6.582254E+01
60720,6.583378E+01
60725,6.571239E+01
60730,6.591918E+01
60735,6.541488E+01
60740,6.624803E+01
60745,6.542435E+01
60750,6.575214E+01
60755,6.602694E+01
60760,6.577066E+01
60765,6.604043E+01
60770,6.595168E+01
60775,6.556694E+01
60780,6.595507E+01
60785,6.541127E+01
60790,6.601707E+01
60795,6.591801E+01
60800,6.578163E+01
60805,6.590332E+01
60810,6.585453E+01
60815,6.608600E+01
60820,6.556581E+01
60825,6.540961E+01
60830,6.621965E+01
60835,6.563469E+01
60840,6.539341E+01
60845,6.568101E+01
60850,6.563748E+01
60855,6.540374E+01
60860,6.569795E+01
60865,6.542125E+01
60870,6.575228E+01
60875,6.571201E+01
60880,6.572540E+01
60885,6.528253E+01
60890,6.536168E+01
60895,6.539564E+01
60900,6.514968E+01
60905,6.558347E+01
60910,6.641376E+01
60915,6.578311E+01
60920,6.533567E+01
60925,6.547591E+01
60930,6.555502E+01
60935,6.579808E+01
60940,6.569430E+01
60945,6.577625E+01
60950,6.531174E+01
60955,6.565341E+01
60960,6.547173E+01
60965,6.541333E+01
60970,6.527822E+01
60975,6.547839E+01
60980,6.548335E+01
60985,6.534888E+01
60990,6.572878E+01
60995,6.537537E+01
61000,6.498994E+01
61005,6.554801E+01
61010,6.475433E+01
61015,6.558240E+01
61020,6.574244E+01
61025,6.598297E+01
61030,6.583225E+01
61035,6.573796E+01
61040,6.612589E+01
61045,6.550789E+01
61050,6.583560E+01
61055,6.621523E+01
61060,6.556354E+01
61065,6.522201E+01
61070,6.537767E+01
61075,6.546915E+01
61080,6.560786E+01
61085,6.557054E+01
61090,6.601351E+01
61095,6.553185E+01
61100,6.583735E+01
61105,6.627254E+01
61110,6.545156E+01
61115,6.593016E+01
61120,6.559369E+01
61125,6.581946E+01
61130,6.578958E+01
61135,6.588972E+01
61140,6.583696E+01
61145,6.602609E+01
61150,6.550237E+01
61155,6.543898E+01
61160,6.578884E+01
61165,6.554880E+01
61170,6.561902E+01
61175,6.546904E+01
61180,6.535797E+01
61185,6.564150E+01
61190,6.607769E+01
61195,6.527374E+01
61200,6.522692E+01
61205,6.539577E+01
61210,6.513728E+01
61215,6.585976E+01
61220,6.599509E+01
61225,6.571399E+01
61230,6.575323E+01
61235,6.590258E+01
61240,6.592557E+01
61245,6.589591E+01
61250,6.591726E+01
61255,6.515255E+01
61260,6.554164E+01
61265,6.524116E+01
61270,6.502208E+01
61275,6.567245E+01
61280,6.560851E+01
61285,6.516760E+01
61290,6.587007E+01
61295,6.517673E+01
61300,6.549122E+01
61305,6.561777E+01
61310,6.506824E+01
61315,6.577122E+01
61320,6.549551E+01
61325,6.571439E+01
61330,6.503272E+01
61335,6.565945E+01
61340,6.579164E+01
61345,6.539001E+01
61350,6.497484E+01
61355,6.568834E+01
61360,6.557242E+01
61365,6.570081E+01
61370,6.585326E+01
61375,6.529979E+01
61380,6.558832E+01
61385,6.537584E+01
61390,6.553619E+01
61395,6.581998E+01
61400,6.553567E+01
61405,6.555362E+01
61410,6.554429E+01
61415,6.584844E+01
61420,6.513827E+01
61425,6.550249E+01
61430,6.595366E+01
61435,6.562987E+01
61440,6.590434E+01
61445,6.626986E+01
61450,6.568746E+01
61455,6.573656E+01
61460,6.581780E+01
61465,6.509359E+01
61470,6.554971E+01
61475,6.563124E+01
61480,6.523091E+01
61485,6.580597E+01
61490,6.536542E+01
61495,6.523186E+01
61500,6.495200E+01
61505,6.520276E+01
61510,6.551661E+01
61515,6.556656E+01
61520,6.537126E+01
61525,6.566818E+01
61530,6.547380E+01
61535,6.608034E+01
61540,6.573972E+01
61545,6.582292E+01
61550,6.564742E+01
61555,6.562147E+01
61560,6.546815E+01
61565,6.499428E+01
61570,6.587682E+01
61575,6.563008E+01
61580,6.546010E+01
61585,6.571292E+01
61590,6.548788E+01
61595,6.551733E+01
61600,6.595773E+01
61605,6.526635E+01
61610,6.549670E+01
61615,6.546661E+01
61620,6.620974E+01
61625,6.531282E+01
61630,6.584109E+01
61635,6.581840E+01
61640,6.561349E+01
61645,6.567001E+01
61650,6.532178E+01
61655,6.509865E+01
61660,6.507441E+01
61665,6.608099E+01
61670,6.578671E+01
61675,6.535491E+01
61680,6.511063E+01
61685,6.507980E+01
61690,6.579252E+01
61695,6.589658E+01
61700,6.537781E+01
61705,6.562485E+01
61710,6.536313E+01
61715,6.564814E+01
61720,6.585505E+01
61725,6.583010E+01
61730,6.549379E+01
61735,6.559568E+01
61740,6.593954E+01
61745,6.589461E+01
61750,6.587390E+01
61755,6.604847E+01
61760,6.558979E+01
61765,6.551905E+01
61770,6.544250E+01
61775,6.566408E+01
61780,6.559264E+01
61785,6.591104E+01
61790,6.574240E+01
61795,6.532441E+01
61800,6.581111E+01
61805,6.606384E+01
61810,6.562015E+01
61815,6.552231E+01
61820,6.530709E+01
61825,6.511490E+01
61830,6.574962E+01
61835,6.554177E+01
61840,6.573323E+01
61845,6.554236E+01
61850,6.560060E+01
61855,6.597153E+01
61860,6.594337E+01
61865,6.554663E+01
61870,6.537832E+01
61875,6.535188E+01
61880,6.574401E+01
61885,6.536989E+01
61890,6.548755E+01
61895,6.574730E+01
61900,6.543580E+01
61905,6.608004E+01
61910,6.595086E+01
61915,6.601813E+01
61920,6.551364E+01
61925,6.604402E+01
61930,6.543276E+01
61935,6.593215E+01
61940,6.603665E+01
61945,6.605321E+01
61950,6.601210E+01
61955,6.585144E+01
61960,6.539294E+01
61965,6.622755E+01
61970,6.578052E+01
61975,6.609622E+01
61980,6.578475E+01
61985,6.494692E+01
61990,6.606857E+01
61995,6.551471E+01
62000,6.549668E+01
62005,6.611632E+01
62010,6.575796E+01
62015,6.607756E+01
62020,6.578107E+01
62025,6.578571E+01
62030,6.544769E+01
62035,6.539221E+01
62040,6.567582E+01
62045,6.539929E+01
62050,6.574926E+01
62055,6.554825E+01
62060,6.560791E+01
62065,6.559425E+01
62070,6.535239E+01
62075,6.561469E+01
62080,6.540684E+01
62085,6.592362E+01
62090,6.616478E+01
62095,6.513000E+01
62100,6.537979E+01
62105,6.539012E+01
62110,6.588751E+01
62115,6.621035E+01
62120,6.553307E+01
62125,6.561229E+01
62130,6.479833E+01
62135,6.587073E+01
62140,6.539850E+01
62145,6.558306E+01
62150,6.532290E+01
62155,6.562599E+01
62160,6.513118E+01
62165,6.552916E+01
62170,6.537493E+01
62175,6.489207E+01
62180,6.499730E+01
62185,6.505446E+01
62190,6.582045E+01
62195,6.553416E+01
62200,6.510798E+01
62205,6.554246E+01
62210,6.528643E+01
62215,6.524203E+01
62220,6.548974E+01
62225,6.584010E+01
62230,6.515317E+01
62235,6.533325E+01
62240,6.488008E+01
62245,6.595889E+01
62250,6.540262E+01
62255,6.568401E+01
62260,6.552971E+01
62265,6.505920E+01
62270,6.517132E+01
62275,6.537749E+01
62280,6.545778E+01
62285,6.543948E+01
62290,6.537029E+01
62295,6.573145E+01
62300,6.489937E+01
62305,6.495103E+01
62310,6.531497E+01
62315,6.533235E+01
62320,6.475148E+01
62325,6.566312E+01
62330,6.548480E+01
62335,6.528221E+01
62340,6.536822E+01
62345,6.537251E+01
62350,6.561661E+01
62355,6.543936E+01
62360,6.544182E+01
62365,6.503422E+01
62370,6.535917E+01
62375,6.541115E+01
62380,6.583422E+01
62385,6.556663E+01
62390,6.582692E+01
62395,6.563912E+01
62400,6.550636E+01
62405,6.566587E+01
62410,6.543273E+01
62415,6.586926E+01
62420,6.547487E+01
62425,6.541017E+01
62430,6.553367E+01
62435,6.614611E+01
62440,6.545420E+01
62445,6.559134E+01
62450,6.612080E+01
62455,6.586200E+01
62460,6.591884E+01
62465,6.609974E+01
62470,6.566469E+01
62475,6.545867E+01
62480,6.589167E+01
62485,6.612494E+01
62490,6.587016E+01
62495,6.552859E+01
62500,6.568717E+01
62505,6.566011E+01
62510,6.573104E+01
62515,6.528638E+01
62520,6.545767E+01
62525,6.555643E+01
62530,6.571942E+01
62535,6.520087E+01
62540,6.511946E+01
62545,6.578291E+01
62550,6.591200E+01
62555,6.545164E+01
62560,6.560386E+01
62565,6.582147E+01
62570,6.554055E+01
62575,6.583203E+01
62580,6.542722E+01
62585,6.491433E+01
62590,6.536855E+01
62595,6.534038E+01
62600,6.577794E+01
62605,6.575331E+01
62610,6.570815E+01
62615,6.561859E+01
62620,6.625562E+01
62625,6.564081E+01
62630,6.588444E+01
62635,6.525568E+01
62640,6.533862E+01
62645,6.582902E+01
62650,6.592334E+01
62655,6.588751E+01
62660,6.615189E+01
62665,6.570594E+01
62670,6.532068E+01
62675,6.575021E+01
62680,6.589374E+01
62685,6.524182E+01
62690,6.577656E+01
62695,6.558055E+01
62700,6.544830E+01
62705,6.562802E+01
62710,6.514327E+01
62715,6.569988E+01
62720,6.560031E+01
62725,6.522296E+01
62730,6.585848E+01
62735,6.543757E+01
62740,6.567548E+01
62745,6.570691E+01
62750,6.542739E+01
62755,6.534867E+01
62760,6.555281E+01
62765,6.535275E+01
62770,6.510900E+01
62775,6.495124E+01
62780,6.557803E+01
62785,6.470497E+01
62790,6.517754E+01
62795,6.549961E+01
62800,6.543638E+01
62805,6.586013E+01
62810,6.510195E+01
62815,6.568507E+01
62820,6.566095E+01
62825,6.532206E+01
62830,6.522388E+01
62835,6.498381E+01
62840,6.529760E+01
62845,6.520286E+01
62850,6.490980E+01
62855,6.530139E+01
62860,6.515687E+01
62865,6.558094E+01
62870,6.545684E+01
62875,6.488954E+01
62880,6.536763E+01
62885,6.546761E+01
62890,6.507466E+01
62895,6.593277E+01
62900,6.500197E+01
62905,6.544929E+01
62910,6.525623E+01
62915,6.553250E+01
62920,6.488204E+01
62925,6.524902E+01
62930,6.501465E+01
62935,6.511064E+01
62940,6.562337E+01
62945,6.514949E+01
62950,6.543209E+01
62955,6.571243E+01
62960,6.544951E+01
62965,6.593053E+01
62970,6.503286E+01
62975,6.523567E+01
62980,6.515798E+01
62985,6.504341E+01
62990,6.549171E+01
62995,6.540419E+01
63000,6.531232E+01
63005,6.551705E+01
63010,6.474010E+01
63015,6.517405E+01
63020,6.536477E+01
63025,6.490047E+01
63030,6.545183E+01
63035,6.536693E+01
63040,6.457319E+01
63045,6.491021E+01
63050,6.474504E+01
63055,6.504741E+01
63060,6.498359E+01
63065,6.500750E+01
63070,6.516390E+01
63075,6.508968E+01
63080,6.485845E+01
63085,6.512695E+01
63090,6.509634E+01
63095,6.537881E+01
63100,6.512952E+01
63105,6.517029E+01
63110,6.526060E+01
63115,6.497380E+01
63120,6.542089E+01
63125,6.506970E+01
63130,6.491214E+01
63135,6.505553E+01
63140,6.518265E+01
63145,6.556000E+01
63150,6.504745E+01
63155,6.515714E+01
63160,6.487615E+01
63165,6.495961E+01
63170,6.515193E+01
63175,6.518040E+01
63180,6.493131E+01
63185,6.527203E+01
63190,6.482762E+01
63195,6.482514E+01
63200,6.475146E+01
63205,6.441698E+01
63210,6.462446E+01
63215,6.528765E+01
63220,6.536105E+01
63225,6.461530E+01
63230,6.525398E+01
63235,6.480453E+01
63240,6.491022E+01
63245,6.478385E+01
63250,6.496061E+01
63255,6.537552E+01
63260,6.503225E+01
63265,6.479647E+01
63270,6.465786E+01
63275,6.498749E+01
63280,6.519004E+01
63285,6.551653E+01
63290,6.520601E+01
63295,6.484371E+01
63300,6.465581E+01
63305,6.523016E+01
63310,6.548452E+01
63315,6.555463E+01
63320,6.527908E+01
63325,6.518970E+01
63330,6.535090E+01
63335,6.530842E+01
63340,6.497560E+01
63345,6.522548E+01
63350,6.516179E+01
63355,6.554030E+01
63360,6.506940E+01
63365,6.474887E+01
63370,6.484811E+01
63375,6.507017E+01
63380,6.505504E+01
63385,6.477080E+01
63390,6.536220E+01
63395,6.482695E+01
63400,6.502623E+01
63405,6.477418E+01
63410,6.442286E+01
63415,6.508175E+01
63420,6.525197E+01
63425,6.456404E+01
63430,6.502701E+01
63435,6.526391E+01
63440,6.469327E+01
63445,6.457124E+01
63450,6.421835E+01
63455,6.504155E+01
63460,6.459373E+01
63465,6.497194E+01
63470,6.490195E+01
63475,6.501564E+01
63480,6.478536E+01
63485,6.450317E+01
63490,6.463409E+01
63495,6.539010E+01
63500,6.433611E+01
63505,6.478271E+01
63510,6.482167E+01
63515,6.493743E+01
63520,6.499316E+01
63525,6.478190E+01
63530,6.500734E+01
63535,6.435791E+01
63540,6.495013E+01
63545,6.455469E+01
63550,6.531608E+01
63555,6.505075E+01
63560,6.382698E+01
63565,6.466533E+01
63570,6.489739E+01
63575,6.445113E+01
63580,6.462993E+01
63585,6.470060E+01
63590,6.411124E+01
63595,6.477538E+01
63600,6.442241E+01
63605,6.492566E+01
63610,6.465033E+01
63615,6.414822E+01
63620,6.433734E+01
63625,6.459260E+01
63630,6.425861E+01
63635,6.437598E+01
63640,6.435192E+01
63645,6.523589E+01
63650,6.451193E+01
63655,6.456174E+01
63660,6.481531E+01
63665,6.504936E+01
63670,6.475273E+01
63675,6.540194E+01
63680,6.464703E+01
63685,6.447301E+01
63690,6.462646E+01
63695,6.472389E+01
63700,6.466263E+01
63705,6.475230E+01
63710,6.509925E+01
63715,6.517196E+01
63720,6.530211E+01
63725,6.518249E+01
63730,6.487080E+01
63735,6.441211E+01
63740,6.506284E+01
63745,6.443598E+01
63750,6.446180E+01
63755,6.517769E+01
63760,6.457535E+01
63765,6.481096E+01
63770,6.451234E+01
63775,6.468671E+01
63780,6.490767E+01
63785,6.482473E+01
63790,6.476989E+01
63795,6.482245E+01
63800,6.505774E+01
63805,6.502706E+01
63810,6.461222E+01
63815,6.483510E+01
63820,6.532397E+01
63825,6.493698E+01
63830,6.496302E+01
63835,6.483053E+01
63840,6.500495E+01
63845,6.456880E+01
63850,6.407511E+01
63855,6.489885E+01
63860,6.488075E+01
63865,6.450019E+01
63870,6.487433E+01
63875,6.455488E+01
63880,6.460358E+01
63885,6.458596E+01
63890,6.448885E+01
63895,6.469963E+01
63900,6.455212E+01
63905,6.444227E+01
63910,6.449312E+01
63915,6.448227E+01
63920,6.454514E+01
63925,6.457687E+01
63930,6.495327E+01
63935,6.461084E+01
63940,6.446603E+01
63945,6.430936E+01
63950,6.497027E+01
63955,6.472119E+01
63960,6.470590E+01
63965,6.487742E+01
63970,6.470480E+01
63975,6.470001E+01
63980,6.508752E+01
63985,6.420790E+01
63990,6.365623E+01
63995,6.461176E+01
64000,6.446559E+01
64005,6.458287E+01
64010,6.488791E+01
64015,6.475645E+01
64020,6.500325E+01
64025,6.477081E+01
64030,6.473806E+01
64035,6.438569E+01
64040,6.494576E+01
64045,6.521683E+01
64050,6.531313E+01
64055,6.508873E+01
64060,6.478083E+01
64065,6.490824E+01
64070,6.470849E+01
64075,6.525093E+01
64080,6.526231E+01
64085,6.507101E+01
64090,6.483046E+01
64095,6.523334E+01
64100,6.478628E+01
64105,6.521653E+01
64110,6.419244E+01
64115,6.501365E+01
64120,6.448436E+01
64125,6.488669E+01
64130,6.487664E+01
64135,6.440955E+01
64140,6.486972E+01
64145,6.459734E+01
64150,6.474487E+01
64155,6.487352E+01
64160,6.486646E+01
64165,6.502286E+01
64170,6.475351E+01
64175,6.511704E+01
64180,6.472338E+01
64185,6.534028E+01
64190,6.508514E+01
64195,6.474933E+01
64200,6.441573E+01
64205,6.494755E+01
64210,6.493531E+01
64215,6.457144E+01
64220,6.488217E+01
64225,6.474789E+01
64230,6.519690E+01
64235,6.518896E+01
64240,6.445969E+01
64245,6.488181E+01
64250,6.481537E+01
64251,6.485134E+01
64255,6.497856E+01
64260,6.470481E+01
64265,6.479114E+01
64270,6.439933E+01
64275,6.421017E+01
64280,6.410547E+01
64285,6.459805E+01
64290,6.458984E+01
64295,6.460764E+01
64300,6.483401E+01
64305,6.454415E+01
64310,6.468778E+01
64315,6.445563E+01
64320,6.522311E+01
64325,6.498351E+01
64330,6.449476E+01
64335,6.488358E+01
64340,6.451730E+01
64345,6.440278E+01
64350,6.511941E+01
64355,6.494474E+01
64360,6.533795E+01
64365,6.494894E+01
64370,6.491305E+01
64375,6.519523E+01
64380,6.478431E+01
64385,6.494021E+01
64390,6.468584E+01
64395,6.447280E+01
64400,6.472352E+01
64405,6.507876E+01
64410,6.449199E+01
64415,6.495955E+01
64420,6.465844E+01
64425,6.550042E+01
64430,6.445425E+01
64435,6.530376E+01
64440,6.510134E+01
64445,6.520147E+01
64450,6.498256E+01
64455,6.525053E+01
64460,6.526727E+01
64465,6.482617E+01
64470,6.526249E+01
64475,6.506656E+01
64480,6.467230E+01
64485,6.507685E+01
64490,6.493433E+01
64495,6.452195E+01
64500,6.500856E+01
64505,6.497327E+01
64510,6.515831E+01
64515,6.480898E+01
64520,6.521194E+01
64525,6.520854E+01
64530,6.571937E+01
64535,6.479651E+01
64540,6.492913E+01
64545,6.491150E+01
64550,6.494025E+01
64555,6.516832E+01
64560,6.512350E+01
64565,6.507261E+01
64570,6.506473E+01
64575,6.462413E+01
64580,6.509304E+01
64585,6.516555E+01
64590,6.461622E+01
64595,6.471738E+01
64600,6.443381E+01
64605,6.485153E+01
64610,6.536251E+01
64615,6.491774E+01
64620,6.503054E+01
64625,6.510612E+01
64630,6.517914E+01
64635,6.505724E+01
64640,6.517949E+01
64645,6.545900E+01
64650,6.502566E+01
64655,6.537279E+01
64660,6.576686E+01
64665,6.479274E+01
64670,6.561632E+01
64675,6.524590E+01
64680,6.560834E+01
64685,6.558070E+01
64690,6.530475E+01
64695,6.574484E+01
64700,6.500587E+01
64705,6.528219E+01
64710,6.473398E+01
64715,6.527145E+01
64720,6.552625E+01
64725,6.549267E+01
64730,6.521678E+01
64735,6.546776E+01
64740,6.552392E+01
64745,6.539956E+01
64750,6.505314E+01
64755,6.567831E+01
64760,6.569977E+01
64765,6.524699E+01
64770,6.511285E+01
64775,6.494393E+01
64780,6.513376E+01
64785,6.543428E+01
64790,6.475481E+01
64795,6.533162E+01
64800,6.498936E+01
64805,6.543670E+01
64810,6.516161E+01
64815,6.514900E+01
64820,6.507095E+01
64825,6.506321E+01
64830,6.483845E+01
64835,6.500839E+01
64840,6.527291E+01
64845,6.526552E+01
64850,6.488706E+01
64855,6.568050E+01
64860,6.546964E+01
64865,6.538675E+01
64870,6.442841E+01
64875,6.484897E+01
64880,6.555518E+01
64885,6.540696E+01
64890,6.524982E+01
64895,6.527360E+01
64900,6.527300E+01
64905,6.540857E+01
64910,6.554879E+01
64915,6.507121E+01
64920,6.479876E+01
64925,6.524032E+01
64930,6.534702E+01
64935,6.532157E+01
64940,6.502111E+01
64945,6.514288E+01
64950,6.531196E+01
64955,6.534355E+01
64960,6.488668E+01
64965,6.448716E+01
64970,6.508470E+01
64975,6.526237E+01
64980,6.481648E+01
64985,6.524286E+01
64990,6.536364E+01
64995,6.493632E+01
65000,6.534642E+01
65005,6.539887E+01
65010,6.559067E+01
65015,6.550632E+01
65020,6.500793E+01
65025,6.525897E+01
65030,6.528661E+01
65035,6.532648E+01
65040,6.478575E+01
65045,6.547157E+01
65050,6.481360E+01
65055,6.540907E+01
65060,6.544030E+01
65065,6.503737E+01
65070,6.546854E+01
65075,6.530138E+01
65080,6.486373E+01
65085,6.542236E+01
65090,6.546321E+01
65095,6.552163E+01
65100,6.547299E+01
65105,6.527876E+01
65110,6.563705E+01
65115,6.559843E+01
65120,6.516333E+01
65125,6.533555E+01
65130,6.559444E+01
65135,6.518361E+01
65140,6.515061E+01
65145,6.488727E+01
65150,6.542574E+01
65155,6.519141E+01
65160,6.528984E+01
65165,6.533240E+01
65170,6.512642E+01
65175,6.566877E+01
65180,6.509119E+01
65185,6.490255E+01
65190,6.528715E+01
65195,6.529558E+01
65200,6.528380E+01
65205,6.492390E+01
65210,6.501409E+01
65215,6.529296E+01
65220,6.569220E+01
65225,6.517042E+01
65230,6.495754E+01
65235,6.460832E+01
65240,6.481938E+01
65245,6.539261E+01
65250,6.505302E+01
65255,6.517504E+01
65260,6.572225E+01
65265,6.511483E+01
65270,6.534093E+01
65275,6.480330E+01
65280,6.523662E+01
65285,6.502897E+01
65290,6.511960E+01
65295,6.512791E+01
65300,6.499893E+01
65305,6.545178E+01
65310,6.494008E+01
65315,6.551102E+01
65320,6.552770E+01
65325,6.538781E+01
65330,6.549311E+01
65335,6.559848E+01
65340,6.489928E+01
65345,6.490439E+01
65350,6.538922E+01
65355,6.543943E+01
65360,6.534421E+01
65365,6.536181E+01
65370,6.523770E+01
65375,6.534957E+01
65380,6.514291E+01
65385,6.505844E+01
65390,6.501555E+01
65395,6.521974E+01
65400,6.473647E+01
65405,6.515710E+01
65410,6.504103E+01
65415,6.518817E+01
65420,6.474616E+01
65425,6.524531E+01
65430,6.515314E+01
65435,6.475875E+01
65440,6.509951E+01
65445,6.564156E+01
65450,6.500536E+01
65455,6.504505E+01
65460,6.485436E+01
65465,6.457573E+01
65470,6.484718E+01
65475,6.480397E+01
65480,6.466981E+01
65485,6.499660E+01
65490,6.445945E+01
65495,6.459355E+01
65500,6.465965E+01
65505,6.459114E+01
65510,6.465106E+01
65515,6.456433E+01
65520,6.493417E+01
65525,6.466948E+01
65530,6.525585E+01
65535,6.471180E+01
65540,6.428258E+01
65545,6.522524E+01
65550,6.474594E+01
65555,6.458400E+01
65560,6.456233E+01
65565,6.507130E+01
65570,6.480548E+01
65575,6.484545E+01
65580,6.415516E+01
65585,6.441662E+01
65590,6.500451E+01
65595,6.465198E+01
65600,6.463096E+01
65605,6.458032E+01
65610,6.532682E+01
65615,6.454780E+01
65620,6.443848E+01
65625,6.429481E+01
65630,6.455898E+01
65635,6.513510E+01
65640,6.473910E+01
65645,6.422462E+01
65650,6.468400E+01
65655,6.447979E+01
65660,6.424340E+01
65665,6.469872E+01
65670,6.446459E+01
65675,6.414389E+01
65680,6.477192E+01
65685,6.453879E+01
65690,6.509749E+01
65695,6.480934E+01
65700,6.484496E+01
65705,6.448279E+01
65710,6.471846E+01
65715,6.503712E+01
65720,6.394379E+01
65725,6.480441E+01
65730,6.431629E+01
65735,6.505866E+01
65740,6.460714E+01
65745,6.455624E+01
65750,6.430645E+01
65755,6.475353E+01
65760,6.479954E+01
65765,6.454937E+01
65770,6.449037E+01
65775,6.430484E+01
65780,6.392167E+01
65785,6.408809E+01
65790,6.411829E+01
65795,6.455259E+01
65800,6.441224E+01
65805,6.465110E+01
65810,6.447659E+01
65815,6.422677E+01
65820,6.422888E+01
65825,6.528159E+01
65830,6.432858E+01
65835,6.424216E+01
65840,6.448098E+01
65845,6.513850E+01
65850,6.502445E+01
65855,6.458632E+01
65860,6.465490E+01
65865,6.507606E+01
65870,6.442311E+01
65875,6.480834E+01
65880,6.454935E+01
65885,6.438443E+01
65890,6.460291E+01
65895,6.471630E+01
65900,6.435323E+01
65905,6.403282E+01
65910,6.464033E+01
65915,6.468602E+01
65920,6.492528E+01
65925,6.487971E+01
65930,6.441385E+01
65935,6.426142E+01
65940,6.470497E+01
65945,6.421179E+01
65950,6.459230E+01
65955,6.434254E+01
65960,6.426904E+01
65965,6.460370E+01
65970,6.439935E+01
65975,6.468614E+01
65980,6.423208E+01
65985,6.418622E+01
65990,6.415092E+01
65995,6.441792E+01
66000,6.442585E+01
66005,6.465277E+01
66010,6.414042E+01
66015,6.458375E+01
66020,6.413469E+01
66025,6.517974E+01
66030,6.429790E+01
66035,6.387804E+01
66040,6.368872E+01
66045,6.427539E+01
66050,6.390106E+01
66055,6.398191E+01
66060,6.443279E+01
66065,6.369124E+01
66070,6.372218E+01
66075,6.388021E+01
66080,6.376198E+01
66085,6.369706E+01
66090,6.427847E+01
66095,6.365751E+01
66100,6.427683E+01
66105,6.392325E+01
66110,6.365671E+01
66115,6.420036E+01
66120,6.393007E+01
66125,6.393439E+01
66130,6.379392E+01
66135,6.352438E+01
66140,6.401284E+01
66145,6.439006E+01
66150,6.352056E+01
66155,6.400537E+01
66160,6.334489E+01
66165,6.381930E+01
66170,6.390682E+01
66175,6.401332E+01
66180,6.364841E+01
66185,6.406976E+01
66190,6.357766E+01
66195,6.350654E+01
66200,6.347988E+01
66205,6.440542E+01
66210,6.394420E+01
66215,6.404421E+01
66220,6.423155E+01
66225,6.353426E+01
66230,6.369545E+01
66235,6.356497E+01
66240,6.390507E+01
66245,6.383663E+01
66250,6.415062E+01
66255,6.385325E+01
66260,6.334385E+01
66265,6.394084E+01
66270,6.312285E+01
66275,6.356548E+01
66280,6.359543E+01
66285,6.311287E+01
66290,6.338278E+01
66295,6.358033E+01
66300,6.343948E+01
66305,6.326125E+01
66310,6.336605E+01
66315,6.352514E+01
66320,6.322312E+01
66325,6.320142E+01
66330,6.334044E+01
66335,6.303417E+01
66340,6.377656E+01
66345,6.362501E+01
66350,6.337231E+01
66355,6.336116E+01
66360,6.319296E+01
66365,6.332590E+01
66370,6.350898E+01
66375,6.294519E+01
66380,6.308397E+01
66385,6.299554E+01
66390,6.352610E+01
66395,6.323975E+01
66400,6.357102E+01
66405,6.345425E+01
66410,6.317379E+01
66415,6.319534E+01
66420,6.309403E+01
66425,6.323554E+01
66430,6.366382E+01
66435,6.245590E+01
66440,6.296167E+01
66445,6.295898E+01
66450,6.339663E+01
66455,6.292911E+01
66460,6.354930E+01
66465,6.294202E+01
66470,6.270787E+01
66475,6.347769E+01
66480,6.292225E+01
66485,6.305184E+01
66490,6.308748E+01
66495,6.304800E+01
66500,6.337294E+01
66505,6.243119E+01
66510,6.295249E+01
66515,6.321754E+01
66520,6.309536E+01
66525,6.290809E+01
66530,6.291462E+01
66535,6.355294E+01
66540,6.279064E+01
66545,6.283414E+01
66550,6.280399E+01
66555,6.296395E+01
66560,6.259539E+01
66565,6.260046E+01
66570,6.281474E+01
66575,6.318003E+01
66580,6.293554E+01
66585,6.356196E+01
66590,6.323703E+01
66595,6.332590E+01
66600,6.320277E+01
66605,6.283906E+01
66610,6.266962E+01
66615,6.250496E+01
66620,6.263617E+01
66625,6.254079E+01
66626,6.237351E+01
66630,6.235316E+01
66635,6.288298E+01
66640,6.262985E+01
66645,6.326746E+01
66650,6.317191E+01
66655,6.275657E+01
66660,6.230551E+01
66665,6.251296E+01
66670,6.275390E+01
66675,6.272451E+01
66680,6.278229E+01
66685,6.284816E+01
66690,6.256486E+01
66695,6.311331E+01
66700,6.270228E+01
66705,6.324954E+01
66710,6.268719E+01
66715,6.261241E+01
66720,6.313210E+01
66725,6.227568E+01
66730,6.274324E+01
66735,6.253770E+01
66740,6.266223E+01
66745,6.298414E+01
66750,6.267585E+01
66755,6.315352E+01
66760,6.278394E+01
66765,6.306138E+01
66770,6.280922E+01
66775,6.269556E+01
66780,6.259907E+01
66785,6.284755E+01
66790,6.245961E+01
66795,6.279932E+01
66800,6.273677E+01
66805,6.254395E+01
66810,6.259636E+01
66815,6.241008E+01
66820,6.290240E+01
66825,6.280240E+01
66830,6.262713E+01
66835,6.295771E+01
66840,6.239050E+01
66845,6.260728E+01
66850,6.277980E+01
66855,6.253636E+01
66860,6.306266E+01
66865,6.285269E+01
66870,6.242466E+01
66875,6.280370E+01
66880,6.278636E+01
66885,6.300898E+01
66890,6.259417E+01
66895,6.320635E+01
66900,6.279081E+01
66905,6.283671E+01
66910,6.292859E+01
66915,6.280732E+01
66920,6.235901E+01
66925,6.252510E+01
66930,6.287151E+01
66935,6.279917E+01
66940,6.270085E+01
66945,6.256336E+01
66950,6.275820E+01
66955,6.245186E+01
66960,6.298812E+01
66965,6.333317E+01
66970,6.289280E+01
66975,6.328029E+01
66980,6.297516E+01
66985,6.319115E+01
66990,6.286794E+01
66995,6.351755E+01
67000,6.293878E+01
67005,6.249462E+01
67010,6.287476E+01
67015,6.291343E+01
67020,6.263354E+01
67025,6.270057E+01
67030,6.230054E+01
67035,6.266129E+01
67040,6.282322E+01
67045,6.257607E+01
67050,6.278113E+01
67055,6.245971E+01
67060,6.278990E+01
67065,6.240992E+01
67070,6.285158E+01
67075,6.279126E+01
67080,6.277208E+01
67085,6.246611E+01
67090,6.325228E+01
67095,6.260573E+01
67100,6.258568E+01
67105,6.213157E+01
67110,6.234133E+01
67115,6.223329E+01
67120,6.284768E+01
67125,6.289355E+01
67130,6.289610E+01
67135,6.238627E+01
67140,6.272812E+01
67145,6.242569E+01
67150,6.212607E+01
67155,6.238566E+01
67160,6.254263E+01
67165,6.231262E+01
67170,6.220566E+01
67175,6.230952E+01
67180,6.183998E+01
67185,6.245710E+01
67190,6.249119E+01
67195,6.208862E+01
67200,6.250129E+01
67205,6.230183E+01
67210,6.232208E+01
67215,6.223882E+01
67220,6.285991E+01
67225,6.230829E+01
67230,6.278649E+01
67235,6.217517E+01
67240,6.206716E+01
67245,6.240559E+01
67250,6.211808E+01
67255,6.255245E+01
67260,6.224684E+01
67265,6.221505E+01
67270,6.234608E+01
67275,6.218776E+01
67280,6.287485E+01
67285,6.211570E+01
67290,6.259394E+01
67295,6.233074E+01
67300,6.256916E+01
67305,6.227155E+01
67310,6.222277E+01
67315,6.262396E+01
67320,6.253575E+01
67325,6.246735E+01
67330,6.234822E+01
67335,6.236926E+01
67340,6.256830E+01
67345,6.210586E+01
67350,6.198922E+01
67355,6.247728E+01
67360,6.255592E+01
67365,6.262657E+01
67370,6.255352E+01
67375,6.166963E+01
67380,6.247739E+01
67385,6.245873E+01
67390,6.202471E+01
67395,6.219805E+01
67400,6.232752E+01
67405,6.255241E+01
67410,6.231053E+01
67415,6.215049E+01
67420,6.246694E+01
67425,6.204591E+01
67430,6.208539E+01
67435,6.200770E+01
67440,6.202432E+01
67445,6.211115E+01
67450,6.262386E+01
67455,6.193560E+01
67460,6.223245E+01
67465,6.278947E+01
67470,6.251346E+01
67475,6.198303E+01
67480,6.228825E+01
67485,6.233175E+01
67490,6.204384E+01
67495,6.224193E+01
67500,6.211717E+01
67505,6.198054E+01
67510,6.217342E+01
67515,6.203453E+01
67520,6.230298E+01
67525,6.244795E+01
67530,6.211613E+01
67535,6.222543E+01
67540,6.277488E+01
67545,6.219595E+01
67550,6.211796E+01
67555,6.209009E+01
67560,6.178095E+01
67565,6.202148E+01
67570,6.245107E+01
67575,6.220787E+01
67580,6.232797E+01
67585,6.163646E+01
67590,6.252462E+01
67595,6.247686E+01
67600,6.239589E+01
67605,6.178050E+01
67610,6.204351E+01
67615,6.209719E+01
67620,6.195045E+01
67625,6.229099E+01
67630,6.239713E+01
67635,6.192857E+01
67640,6.210699E+01
67645,6.230848E+01
67650,6.262298E+01
67655,6.207393E+01
67660,6.207086E+01
67665,6.189011E+01
67670,6.217942E+01
67675,6.211867E+01
67680,6.184708E+01
67685,6.228849E+01
67690,6.217028E+01
67695,6.215782E+01
67700,6.230655E+01
67705,6.200384E+01
67710,6.161469E+01
67715,6.203267E+01
67720,6.230016E+01
67725,6.234819E+01
67730,6.225635E+01
67735,6.219492E+01
67740,6.255243E+01
67745,6.201373E+01
67750,6.217629E+01
67755,6.218843E+01
67760,6.231387E+01
67765,6.277544E+01
67770,6.246334E+01
67775,6.300631E+01
67780,6.308744E+01
67785,6.228573E+01
67790,6.238951E+01
67795,6.246353E+01
67800,6.270145E+01
67805,6.238617E+01
67810,6.217644E+01
67815,6.247550E+01
67820,6.216323E+01
67825,6.201264E+01
67830,6.225720E+01
67835,6.267272E+01
67840,6.227515E+01
67845,6.235863E+01
67850,6.249867E+01
67855,6.217926E+01
67860,6.179316E+01
67865,6.168102E+01
67870,6.242819E+01
67875,6.309454E+01
67880,6.266638E+01
67885,6.252058E+01
67890,6.222845E+01
67895,6.260323E+01
67900,6.266379E+01
67905,6.259130E+01
67910,6.234113E+01
67915,6.280400E+01
67920,6.267429E+01
67925,6.276031E+01
67930,6.277002E+01
67935,6.275518E+01
67940,6.293829E+01
67945,6.262119E+01
67950,6.281672E+01
67955,6.239033E+01
67960,6.320081E+01
67965,6.257280E+01
67970,6.232593E+01
67975,6.287379E+01
67980,6.221465E+01
67985,6.264108E+01
67990,6.312768E+01
67995,6.253473E+01
68000,6.292322E+01
68005,6.285719E+01
68010,6.265261E+01
68015,6.232228E+01
68020,6.317007E+01
68025,6.246757E+01
68030,6.276296E+01
68035,6.294337E+01
68040,6.259680E+01
68045,6.342163E+01
68050,6.283983E+01
68055,6.300685E+01
68060,6.249691E+01
68065,6.252491E+01
68070,6.238092E+01
68075,6.257826E+01
68080,6.248871E+01
68085,6.268759E+01
68090,6.216622E+01
68095,6.246440E+01
68100,6.332023E+01
68105,6.244546E+01
68110,6.241406E+01
68115,6.212683E+01
68120,6.240406E+01
68125,6.265494E+01
68130,6.253692E+01
68135,6.227559E+01
68140,6.261432E+01
68145,6.303816E+01
68150,6.317655E+01
68155,6.305114E+01
68160,6.283394E+01
68165,6.288344E+01
68170,6.322787E+01
68175,6.249918E+01
68180,6.323417E+01
68185,6.258691E+01
68190,6.255224E+01
68195,6.243848E+01
68200,6.258788E+01
68205,6.302509E+01
68210,6.263669E+01
68215,6.257543E+01
68220,6.310761E+01
68225,6.261935E+01
68230,6.232147E+01
68235,6.315015E+01
68240,6.264388E+01
68245,6.278857E+01
68250,6.303737E+01
68255,6.277266E+01
68260,6.264857E+01
68265,6.270706E+01
68270,6.268877E+01
68275,6.302003E+01
68280,6.248057E+01
68285,6.278866E+01
68290,6.189701E+01
68295,6.247383E+01
68300,6.304109E+01
68305,6.256180E+01
68310,6.259908E+01
68315,6.244714E+01
68320,6.280892E+01
68325,6.280582E+01
68330,6.268509E+01
68335,6.309081E+01
68340,6.273351E+01
68345,6.248718E+01
68350,6.311464E+01
68355,6.228164E+01
68360,6.299373E+01
68365,6.269839E+01
68370,6.287417E+01
68375,6.270832E+01
68380,6.270883E+01
68385,6.264797E+01
68390,6.287455E+01
68395,6.324630E+01
68400,6.291943E+01
68405,6.248354E+01
68410,6.302606E+01
68415,6.318256E+01
68420,6.313974E+01
68425,6.239446E+01
68430,6.304065E+01
68435,6.303962E+01
68440,6.276165E+01
68445,6.237803E+01
68450,6.284852E+01
68455,6.272889E+01
68460,6.325590E+01
68465,6.259001E+01
68470,6.249604E+01
68475,6.254850E+01
68480,6.297026E+01
68485,6.227039E+01
68490,6.341705E+01
68495,6.270837E+01
68500,6.332425E+01
68505,6.279070E+01
68510,6.228766E+01
68515,6.282046E+01
68520,6.350374E+01
68525,6.300529E+01
68530,6.306727E+01
68535,6.279451E+01
68540,6.257804E+01
68545,6.316997E+01
68550,6.267531E+01
68555,6.253800E+01
68560,6.312433E+01
68565,6.248316E+01
68570,6.359119E+01
68575,6.255134E+01
68580,6.358734E+01
68585,6.319741E+01
68590,6.352287E+01
68595,6.334647E+01
68600,6.300188E+01
68605,6.348027E+01
68610,6.308488E+01
68615,6.279854E+01
68620,6.322571E+01
68625,6.347628E+01
68630,6.315933E+01
68635,6.342388E+01
68640,6.350382E+01
68645,6.312147E+01
68650,6.324199E+01
68655,6.351293E+01
68660,6.320789E+01
68665,6.344880E+01
68670,6.333260E+01
68675,6.477904E+01
68680,6.377397E+01
68685,6.316078E+01
68690,6.346732E+01
68695,6.279956E+01
68700,6.276627E+01
68705,6.313961E+01
68710,6.275894E+01
68715,6.246921E+01
68720,6.328054E+01
68725,6.313381E+01
68730,6.290530E+01
68735,6.248933E+01
68740,6.284104E+01
68745,6.305233E+01
68750,6.240993E+01
68755,6.226474E+01
68760,6.220886E+01
68765,6.233342E+01
68770,6.268603E+01
68775,6.293303E+01
68780,6.304278E+01
68785,6.253915E+01
68790,6.317620E+01
68795,6.305340E+01
68800,6.324330E+01
68805,6.255605E+01
68810,6.321171E+01
68815,6.328602E+01
68820,6.363275E+01
68825,6.286811E+01
68830,6.352334E+01
68835,6.286734E+01
68840,6.316233E+01
68845,6.248573E+01
68850,6.318200E+01
68855,6.320836E+01
68860,6.323476E+01
68865,6.285216E+01
68870,6.288076E+01
68875,6.314482E+01
68880,6.296477E+01
68885,6.298776E+01
68890,6.353949E+01
68895,6.299534E+01
68900,6.315527E+01
68905,6.305742E+01
68910,6.351537E+01
68915,6.319446E+01
68920,6.290909E+01
68925,6.268173E+01
68930,6.300293E+01
68935,6.298713E+01
68940,6.235966E+01
68945,6.274056E+01
68950,6.297773E+01
68955,6.293328E+01
68960,6.310646E+01
68965,6.287109E+01
68970,6.315637E+01
68975,6.319289E+01
68980,6.304966E+01
68985,6.352805E+01
68990,6.346860E+01
68995,6.291339E+01
69000,6.344132E+01
69005,6.299349E+01
69010,6.313289E+01
69015,6.298384E+01
69020,6.253679E+01
69025,6.377402E+01
69030,6.264316E+01
69035,6.280544E+01
69040,6.270328E+01
69045,6.292469E+01
69050,6.238156E+01
69055,6.293736E+01
69060,6.319662E+01
69065,6.320723E+01
69070,6.283855E+01
69075,6.308822E+01
69080,6.262953E+01
69085,6.295002E+01
69090,6.233301E+01
69095,6.280302E+01
69100,6.316139E+01
69105,6.287815E+01
69110,6.291434E+01
69115,6.299484E+01
69120,6.294120E+01
69125,6.300207E+01
69130,6.284702E+01
69135,6.374349E+01
69140,6.299720E+01
69145,6.304338E+01
69150,6.259078E+01
69155,6.345044E+01
69160,6.320443E+01
69165,6.323533E+01
69170,6.370770E+01
69175,6.275276E+01
69180,6.368764E+01
69185,6.303097E+01
69190,6.341374E+01
69195,6.371611E+01
69200,6.308607E+01
69205,6.335541E+01
69210,6.346466E+01
69215,6.425133E+01
69220,6.372515E+01
69225,6.360433E+01
69230,6.345270E+01
69235,6.314002E+01
69240,6.379547E+01
69245,6.330181E+01
69250,6.393703E+01
69255,6.375386E+01
69260,6.315738E+01
69265,6.380575E+01
69270,6.373735E+01
69275,6.344935E+01
69280,6.345158E+01
69285,6.343329E+01
69290,6.349514E+01
69295,6.343534E+01
69300,6.387178E+01
69305,6.340115E+01
69310,6.332814E+01
69315,6.329775E+01
69320,6.328433E+01
69325,6.373716E+01
69330,6.377603E+01
69335,6.361513E+01
69340,6.265613E+01
69345,6.377903E+01
69350,6.339307E+01
69355,6.288193E+01
69360,6.368416E+01
69365,6.309590E+01
69370,6.361696E+01
69375,6.357065E+01
69380,6.326855E+01
69385,6.340735E+01
69390,6.347767E+01
69395,6.282742E+01
69400,6.344960E+01
69405,6.340601E+01
69410,6.337594E+01
69415,6.353155E+01
69420,6.327108E+01
69425,6.315422E+01
69430,6.350507E+01
69435,6.344050E+01
69440,6.331867E+01
69445,6.311564E+01
69450,6.361075E+01
69455,6.337797E+01
69460,6.344434E+01
69465,6.331443E+01
69470,6.271988E+01
69475,6.340775E+01
69480,6.368539E+01
69485,6.386759E+01
69490,6.359044E+01
69495,6.296411E+01
69500,6.258943E+01
69505,6.337939E+01
69510,6.310677E+01
69515,6.263690E+01
69520,6.306705E+01
69525,6.377410E+01
69530,6.319891E+01
69535,6.317230E+01
69540,6.298053E+01
69545,6.300698E+01
69550,6.355583E+01
69555,6.368731E+01
69560,6.361742E+01
69565,6.303185E+01
69570,6.302831E+01
69575,6.337427E+01
69580,6.387152E+01
69585,6.364520E+01
69590,6.298760E+01
69595,6.275345E+01
69600,6.308908E+01
69605,6.317435E+01
69610,6.330134E+01
69615,6.366703E+01
69620,6.343206E+01
69625,6.275692E+01
69630,6.329978E+01
69635,6.327367E+01
69640,6.365683E+01
69645,6.383080E+01
69650,6.360837E+01
69655,6.333564E+01
69660,6.370961E+01
69665,6.309788E+01
69670,6.331884E+01
69675,6.357318E+01
69680,6.359274E+01
69685,6.348434E+01
69690,6.365983E+01
69695,6.394109E+01
69700,6.331834E+01
69705,6.354294E+01
69710,6.350949E+01
69715,6.337353E+01
69720,6.329319E+01
69725,6.275840E+01
69730,6.345845E+01
69735,6.300315E+01
69740,6.331321E+01
69745,6.315692E+01
69750,6.351446E+01
69755,6.318071E+01
69760,6.282844E+01
69765,6.323065E+01
69770,6.361794E+01
69775,6.345001E+01
69780,6.333040E+01
69785,6.358892E+01
69790,6.337209E+01
69795,6.352505E+01
69800,6.354513E+01
69805,6.348108E+01
69810,6.317267E+01
69815,6.293348E+01
69820,6.318157E+01
69825,6.353342E+01
69830,6.284779E+01
69835,6.322115E+01
69840,6.335637E+01
69845,6.309741E+01
69850,6.329531E+01
69855,6.308553E+01
69860,6.331572E+01
69865,6.277256E+01
69870,6.336440E+01
69875,6.302175E+01
69880,6.346077E+01
69885,6.275886E+01
69890,6.334039E+01
69895,6.315955E+01
69900,6.293871E+01
69905,6.205684E+01
69910,6.394972E+01
69915,6.315421E+01
69920,6.317006E+01
69925,6.368676E+01
69930,6.383580E+01
69935,6.383740E+01
69940,6.295070E+01
69945,6.337964E+01
69950,6.328989E+01
69955,6.282917E+01
69960,6.317510E+01
69965,6.322187E+01
69970,6.318065E+01
69975,6.289847E+01
69980,6.285997E+01
69985,6.345985E+01
69990,6.314267E+01
69995,6.295930E+01
70000,6.334434E+01
70005,6.330566E+01
70010,6.299226E+01
70015,6.308962E+01
70020,6.283607E+01
70025,6.278788E+01
70030,6.321440E+01
70035,6.356108E+01
70040,6.314741E+01
70045,6.276570E+01
70050,6.301902E+01
70055,6.319470E+01
70060,6.297430E+01
70065,6.330549E+01
70070,6.333286E+01
70075,6.288814E+01
70080,6.324090E+01
70085,6.316516E+01
70090,6.314743E+01
70095,6.295920E+01
70100,6.330649E+01
70105,6.281931E+01
70110,6.308439E+01
70115,6.313624E+01
70120,6.347089E+01
70125,6.364895E+01
70130,6.356742E+01
70135,6.296168E+01
70140,6.278767E+01
70145,6.321179E+01
70150,6.344342E+01
70155,6.354569E+01
70160,6.355049E+01
70165,6.313447E+01
70170,6.359783E+01
70175,6.291285E+01
70180,6.329268E+01
70185,6.406053E+01
70190,6.332854E+01
70195,6.324957E+01
70200,6.318584E+01
70205,6.310345E+01
70210,6.273409E+01
70215,6.306484E+01
70220,6.328851E+01
70225,6.375405E+01
70230,6.386174E+01
70235,6.329689E+01
70240,6.287471E+01
70245,6.322876E+01
70250,6.341347E+01
70255,6.332879E+01
70260,6.284221E+01
70265,6.285666E+01
70270,6.294967E+01
70275,6.315956E+01
70280,6.279044E+01
70285,6.323969E+01
70290,6.318664E+01
70295,6.310767E+01
70300,6.270819E+01
70305,6.309679E+01
70310,6.278637E+01
70315,6.331525E+01
70320,6.366636E+01
70325,6.351961E+01
70330,6.287610E+01
70335,6.323499E+01
70340,6.302905E+01
70345,6.377537E+01
70350,6.293168E+01
70355,6.328581E+01
70360,6.305600E+01
70365,6.266794E+01
70370,6.347134E+01
70375,6.266775E+01
70380,6.282352E+01
70385,6.305301E+01
70390,6.310613E+01
70395,6.419026E+01
70400,6.351198E+01
70405,6.369277E+01
70410,6.429099E+01
70415,6.390141E+01
70420,6.313419E+01
70425,6.353847E+01
70430,6.374310E+01
70435,6.338326E+01
70440,6.293898E+01
70445,6.327859E+01
70450,6.363026E+01
70455,6.332650E+01
70460,6.267627E+01
70465,6.279415E+01
70470,6.293932E+01
70475,6.263347E+01
70480,6.393312E+01
70485,6.316981E+01
70490,6.313668E+01
70495,6.358802E+01
70500,6.322865E+01
70505,6.367272E+01
70510,6.314727E+01
70515,6.357195E+01
70520,6.264604E+01
70525,6.336992E+01
70530,6.355580E+01
70535,6.307513E+01
70540,6.371251E+01
70545,6.356254E+01
70550,6.348482E+01
70555,6.330252E+01
70560,6.372757E+01
70565,6.374962E+01
70570,6.385656E+01
70575,6.388011E+01
70580,6.342339E+01
70585,6.388685E+01
70590,6.340583E+01
70595,6.356792E+01
70600,6.397878E+01
70605,6.361605E+01
70610,6.436034E+01
70615,6.413909E+01
70620,6.386719E+01
70625,6.378210E+01
70630,6.388146E+01
70635,6.320603E+01
70640,6.382839E+01
70645,6.389946E+01
70650,6.430124E+01
70655,6.375306E+01
70660,6.385396E+01
70665,6.369764E+01
70670,6.379304E+01
70675,6.370505E+01
70680,6.366887E+01
70685,6.374196E+01
70690,6.358883E+01
70695,6.378905E+01
70700,6.391282E+01
70705,6.368898E+01
70710,6.412373E+01
70715,6.319030E+01
70720,6.342192E+01
70725,6.431222E+01
70730,6.354717E+01
70735,6.353906E+01
70740,6.392790E+01
70745,6.379337E+01
70750,6.377770E+01
70755,6.382275E+01
70760,6.420233E+01
70765,6.378506E+01
70770,6.388036E+01
70775,6.345718E+01
70780,6.337650E+01
70785,6.383961E+01
70790,6.386913E+01
70795,6.372241E+01
70800,6.394911E+01
70805,6.414100E+01
70810,6.436562E+01
70815,6.438165E+01
70820,6.394338E+01
70825,6.448933E+01
70830,6.359520E+01
70835,6.357820E+01
70840,6.403488E+01
70845,6.344515E+01
70850,6.385156E+01
70855,6.379426E+01
70860,6.295721E+01
70865,6.400999E+01
70870,6.368800E+01
70875,6.342725E+01
70880,6.391593E+01
70885,6.401162E+01
70890,6.424577E+01
70895,6.352974E+01
70900,6.360154E+01
70905,6.352894E+01
70910,6.395778E+01
70915,6.375831E+01
70920,6.379296E+01
70925,6.448074E+01
70930,6.463740E+01
70935,6.414683E+01
70940,6.457455E+01
70945,6.418078E+01
70950,6.454711E+01
70955,6.435868E+01
70960,6.445389E+01
70965,6.376815E+01
70970,6.422598E+01
70975,6.424901E+01
70980,6.380432E+01
70985,6.458788E+01
70990,6.457336E+01
70995,6.465705E+01
71000,6.422807E+01
71005,6.437806E+01
71010,6.377126E+01
71015,6.443801E+01
71020,6.446697E+01
71025,6.451084E+01
71030,6.437832E+01
71035,6.434545E+01
71040,6.451011E+01
71045,6.418730E+01
71050,6.392764E+01
71055,6.443104E+01
71060,6.426172E+01
71065,6.444293E+01
71070,6.417529E+01
71075,6.474041E+01
71080,6.442055E+01
71085,6.446304E+01
71090,6.434009E+01
71095,6.440532E+01
71100,6.431922E+01
71105,6.419739E+01
71110,6.448250E+01
71115,6.390103E+01
71120,6.529291E+01
71125,6.451029E+01
71130,6.403129E+01
71135,6.416425E+01
71140,6.421338E+01
71145,6.460220E+01
71150,6.478270E+01
71155,6.457041E+01
71160,6.426910E+01
71165,6.450143E+01
71170,6.457777E+01
71175,6.445919E+01
71180,6.440854E+01
71185,6.489594E+01
71190,6.421740E+01
71195,6.455077E+01
71200,6.499359E+01
71205,6.407635E+01
71210,6.439448E+01
71215,6.464123E+01
71220,6.373286E+01
71225,6.434171E+01
71230,6.412734E+01
71235,6.431530E+01
71240,6.387568E+01
71245,6.405862E+01
71250,6.466694E+01
71255,6.428673E+01
71260,6.459066E+01
71265,6.458104E+01
71270,6.444556E+01
71275,6.419968E+01
71280,6.375350E+01
71285,6.438735E+01
71290,6.360635E+01
71295,6.341940E+01
71300,6.438298E+01
71305,6.401259E+01
71310,6.436089E+01
71315,6.416376E+01
71320,6.405698E+01
71325,6.439078E+01
71330,6.393573E+01
71335,6.535068E+01
71340,6.502098E+01
71345,6.499305E+01
71350,6.473633E+01
71355,6.467441E+01
71360,6.468641E+01
71365,6.423989E+01
71370,6.413705E+01
71375,6.393074E+01
71380,6.475663E+01
71385,6.415025E+01
71390,6.443002E+01
71395,6.442861E+01
71400,6.445566E+01
71405,6.478257E+01
71410,6.531890E+01
71415,6.435086E+01
71420,6.449238E+01
71425,6.510209E+01
71430,6.491716E+01
71435,6.485102E+01
71440,6.450297E+01
71445,6.372515E+01
71450,6.444432E+01
71455,6.388218E+01
71460,6.515656E+01
71465,6.402720E+01
71470,6.476554E+01
71475,6.424371E+01
71480,6.447981E+01
71485,6.458988E+01
71490,6.455720E+01
71495,6.445944E+01
71500,6.435504E+01
71505,6.436083E+01
71510,6.453572E+01
71515,6.441943E+01
71520,6.459119E+01
71525,6.458409E+01
71530,6.485339E+01
71535,6.432215E+01
71540,6.483080E+01
71545,6.458649E+01
71550,6.475731E+01
71555,6.431901E+01
71560,6.488513E+01
71565,6.480633E+01
71570,6.468710E+01
71575,6.484882E+01
71580,6.422228E+01
71585,6.462111E+01
71590,6.417388E+01
71595,6.462502E+01
71600,6.418476E+01
71605,6.501692E+01
71610,6.470424E+01
71615,6.461288E+01
71620,6.421887E+01
71625,6.468920E+01
71630,6.450568E+01
71635,6.447028E+01
71640,6.398981E+01
71645,6.445398E+01
71650,6.499645E+01
71655,6.460938E+01
71660,6.418347E+01
71665,6.462023E+01
71670,6.419688E+01
71675,6.444319E+01
71680,6.427497E+01
71685,6.458980E+01
71690,6.437664E+01
71695,6.421964E+01
71700,6.448456E+01
71705,6.430667E+01
71710,6.431591E+01
71715,6.435353E+01
71720,6.399612E+01
71725,6.442408E+01
71730,6.458374E+01
71735,6.442837E+01
71740,6.479220E+01
71745,6.456384E+01
71750,6.424495E+01
71755,6.467203E+01
71760,6.460808E+01
71765,6.413547E+01
71770,6.415728E+01
71775,6.422378E+01
71780,6.411403E+01
71785,6.453593E+01
71790,6.485773E+01
71795,6.485519E+01
71800,6.431786E+01
71805,6.359501E+01
71810,6.451130E+01
71815,6.506584E+01
71820,6.436234E+01
71825,6.436648E+01
71830,6.411039E+01
71835,6.451642E+01
71840,6.505049E+01
71845,6.383880E+01
71850,6.495961E+01
71855,6.440167E+01
71860,6.426945E+01
71865,6.416418E+01
71870,6.380283E+01
71875,6.382214E+01
71880,6.372523E+01
71885,6.430348E+01
71890,6.406295E+01
71895,6.512786E+01
71900,6.417123E+01
71905,6.435460E+01
71910,6.420162E+01
71915,6.481947E+01
71920,6.418654E+01
71925,6.439490E+01
71930,6.398618E+01
71935,6.443344E+01
71940,6.371968E+01
71945,6.395032E+01
71950,6.371556E+01
71955,6.403107E+01
71960,6.396010E+01
71965,6.395193E+01
71970,6.395342E+01
71975,6.439547E+01
71980,6.425336E+01
71985,6.408229E+01
71990,6.327017E+01
71995,6.434254E+01
72000,6.406705E+01
72005,6.434692E+01
72010,6.442613E+01
72015,6.429371E+01
72020,6.445124E+01
72025,6.344119E+01
72030,6.440159E+01
72035,6.419584E+01
72040,6.446760E+01
72045,6.394584E+01
72050,6.441810E+01
72055,6.378360E+01
72060,6.398876E+01
72065,6.403385E+01
72070,6.433500E+01
72075,6.390957E+01
72080,6.444934E+01
72085,6.348522E+01
72090,6.446444E+01
72095,6.417301E+01
72100,6.420068E+01
72105,6.402871E+01
72110,6.407729E+01
72115,6.440376E+01
72120,6.447800E+01
72125,6.441876E+01
72130,6.426123E+01
72135,6.404675E+01
72140,6.447258E+01
72145,6.428772E+01
72150,6.430712E+01
72155,6.422013E+01
72160,6.341542E+01
72165,6.441487E+01
72170,6.452617E+01
72175,6.440305E+01
72180,6.433011E+01
72185,6.403868E+01
72190,6.447869E+01
72195,6.381535E+01
72200,6.452755E+01
72205,6.475594E+01
72210,6.428512E+01
72215,6.432006E+01
72220,6.403332E+01
72225,6.400187E+01
72230,6.396732E+01
72235,6.365580E+01
72240,6.460804E+01
72245,6.409459E+01
72250,6.372272E+01
72255,6.422631E+01
72260,6.457215E+01
72265,6.421156E+01
72270,6.448138E+01
72275,6.362305E+01
72280,6.361580E+01
72285,6.488712E+01
72290,6.422673E+01
72295,6.424433E+01
72300,6.446763E+01
72305,6.455757E+01
72310,6.422041E+01
72315,6.406791E+01
72320,6.365773E+01
72325,6.436552E+01
72330,6.409585E+01
72335,6.420610E+01
72340,6.467180E+01
72345,6.420370E+01
72350,6.458808E+01
72355,6.453046E+01
72360,6.428593E+01
72365,6.420870E+01
72370,6.434173E+01
72375,6.398721E+01
72380,6.412682E+01
72385,6.396038E+01
72390,6.411019E+01
72395,6.479612E+01
72400,6.460866E+01
72405,6.412795E+01
72410,6.428966E+01
72415,6.471403E+01
72420,6.425984E+01
72425,6.443986E+01
72430,6.459905E+01
72435,6.419885E+01
72440,6.427793E+01
72445,6.425406E+01
72450,6.445679E+01
72455,6.425960E+01
72460,6.475621E+01
72465,6.453483E+01
72470,6.494946E+01
72475,6.499906E+01
72480,6.468768E+01
72485,6.477786E+01
72490,6.447226E+01
72495,6.431521E+01
72500,6.490780E+01
72505,6.467521E+01
72510,6.420575E+01
72515,6.417691E+01
72520,6.411320E+01
72525,6.422545E+01
72530,6.481131E+01
72535,6.440765E+01
72540,6.427507E+01
72545,6.443720E+01
72550,6.373784E+01
72555,6.443069E+01
72560,6.437889E+01
72565,6.425505E+01
72570,6.459594E+01
72575,6.438787E+01
72580,6.445526E+01
72585,6.424382E+01
72590,6.403707E+01
72595,6.440691E+01
72600,6.433069E+01
72605,6.385776E+01
72610,6.461254E+01
72615,6.411288E+01
72620,6.477432E+01
72625,6.434254E+01
72630,6.444645E+01
72635,6.402795E+01
72640,6.451964E+01
72645,6.433170E+01
72650,6.493884E+01
72655,6.427954E+01
72660,6.435913E+01
72665,6.448448E+01
72670,6.438621E+01
72675,6.392045E+01
72680,6.452434E+01
72685,6.451367E+01
72690,6.457227E+01
72695,6.450092E+01
72700,6.402281E+01
72705,6.437797E+01
72710,6.486666E+01
72715,6.430247E+01
72720,6.441993E+01
72725,6.438998E+01
72730,6.479053E+01
72735,6.490952E+01
72740,6.466115E+01
72745,6.465652E+01
72750,6.494147E+01
72755,6.442305E+01
72760,6.535292E+01
72765,6.501976E+01
72770,6.466537E+01
72775,6.509985E+01
72780,6.464944E+01
72785,6.493492E+01
72790,6.495283E+01
72795,6.515773E+01
72800,6.534403E+01
72805,6.468644E+01
72810,6.449839E+01
72815,6.480752E+01
72820,6.462297E+01
72825,6.412274E+01
72830,6.437272E+01
72835,6.488336E+01
72840,6.451875E+01
72845,6.461889E+01
72850,6.498228E+01
72855,6.440130E+01
72860,6.455616E+01
72865,6.454719E+01
72870,6.459025E+01
72875,6.504452E+01
72880,6.446370E+01
72885,6.444883E+01
72890,6.444005E+01
72895,6.410313E+01
72900,6.491004E+01
72905,6.392724E+01
72910,6.380103E+01
72915,6.448279E+01
72920,6.434861E+01
72925,6.466871E+01
72930,6.443278E+01
72935,6.477097E+01
72940,6.493280E+01
72945,6.499665E+01
72950,6.460232E+01
72955,6.479471E+01
72960,6.409326E+01
72965,6.438126E+01
72970,6.506241E+01
72975,6.455848E+01
72980,6.407346E+01
72985,6.448355E+01
72990,6.453282E+01
72995,6.441551E+01
73000,6.405926E+01
73005,6.436073E+01
73010,6.501010E+01
73015,6.445667E+01
73020,6.415441E+01
73025,6.466890E+01
73030,6.499250E+01
73035,6.484404E+01
73040,6.440308E+01
73045,6.429876E+01
73050,6.498390E+01
73055,6.432039E+01
73060,6.430150E+01
73065,6.504567E+01
73070,6.481510E+01
73075,6.437502E+01
73080,6.457978E+01
73085,6.438999E+01
73090,6.464197E+01
73095,6.470110E+01
73100,6.486614E+01
73105,6.432363E+01
73110,6.469281E+01
73115,6.391405E+01
73120,6.508678E+01
73125,6.462696E+01
73130,6.453168E+01
73135,6.416230E+01
73140,6.398333E+01
73145,6.450619E+01
73150,6.441622E+01
73155,6.459437E+01
73160,6.422720E+01
73165,6.475710E+01
73170,6.441422E+01
73175,6.401165E+01
73180,6.428187E+01
73185,6.391329E+01
73190,6.494221E+01
73195,6.393259E+01
73200,6.368566E+01
73205,6.485204E+01
73210,6.465388E+01
73215,6.403568E+01
73220,6.418254E+01
73225,6.439398E+01
73230,6.418162E+01
73235,6.440198E+01
73240,6.427165E+01
73245,6.440447E+01
73250,6.429025E+01
73255,6.484327E+01
73260,6.436187E+01
73265,6.446928E+01
73270,6.385879E+01
73275,6.409438E+01
73280,6.476313E+01
73285,6.428380E+01
73290,6.452258E+01
73295,6.493641E+01
73300,6.461434E+01
73305,6.437770E+01
73310,6.423277E+01
73315,6.423080E+01
73320,6.465385E+01
73325,6.475466E+01
73330,6.441730E+01
73335,6.442821E+01
73340,6.438726E+01
73345,6.425257E+01
73350,6.403890E+01
73355,6.430314E+01
73360,6.367712E+01
73365,6.449384E+01
73370,6.425555E+01
73375,6.407582E+01
73380,6.366064E+01
73385,6.432785E+01
73390,6.368260E+01
73395,6.437885E+01
73400,6.391472E+01
73405,6.425847E+01
73410,6.440469E+01
73415,6.539545E+01
73420,6.434897E+01
73425,6.415739E+01
73430,6.469816E+01
73435,6.455218E+01
73440,6.464269E+01
73445,6.405468E+01
73450,6.489197E+01
73455,6.432510E+01
73460,6.429125E+01
73465,6.451122E+01
73470,6.435919E+01
73475,6.385731E+01
73480,6.368415E+01
73485,6.432280E+01
73490,6.375688E+01
73495,6.455331E+01
73500,6.452697E+01
73505,6.373424E+01
73510,6.420577E+01
73515,6.401978E+01
73520,6.420356E+01
73525,6.433537E+01
73530,6.434744E+01
73535,6.416714E+01
73540,6.440044E+01
73545,6.365176E+01
73550,6.514751E+01
73555,6.366943E+01
73560,6.404233E+01
73565,6.414998E+01
73570,6.457892E+01
73575,6.419100E+01
73580,6.426241E+01
73585,6.464408E+01
73590,6.461517E+01
73595,6.437948E+01
73600,6.479542E+01
73605,6.522093E+01
73610,6.465720E+01
73615,6.469760E+01
73620,6.443522E+01
73625,6.462230E+01
73630,6.418210E+01
73635,6.461357E+01
73640,6.490542E+01
73645,6.472280E+01
73650,6.462911E+01
73655,6.414443E+01
73660,6.469556E+01
73665,6.419321E+01
73670,6.451968E+01
73675,6.457056E+01
73680,6.452550E+01
73685,6.418190E+01
73690,6.469686E+01
73695,6.467501E+01
73700,6.442925E+01
73705,6.485117E+01
73710,6.428226E+01
73715,6.446610E+01
73720,6.438705E+01
73725,6.464622E+01
73730,6.414875E+01
73735,6.465992E+01
73740,6.451092E+01
73745,6.481363E+01
73750,6.436460E+01
73755,6.472751E+01
73760,6.426910E+01
73765,6.450807E+01
73770,6.452051E+01
73775,6.403254E+01
73780,6.453730E+01
73785,6.375487E+01
73790,6.451499E+01
73795,6.463596E+01
73800,6.450333E+01
73805,6.442198E+01
73810,6.416007E+01
73815,6.430723E+01
73820,6.430327E+01
73825,6.455089E+01
73830,6.445450E+01
73835,6.519620E+01
73840,6.487449E+01
73845,6.498012E+01
73850,6.485065E+01
73855,6.473561E+01
73860,6.487152E+01
73865,6.451247E+01
73870,6.467518E+01
73875,6.418730E+01
73880,6.444602E+01
73885,6.443220E+01
73890,6.494897E+01
73895,6.475383E+01
73900,6.439449E+01
73905,6.479719E+01
73910,6.482924E+01
73915,6.429925E+01
73920,6.468491E+01
73925,6.432132E+01
73930,6.371536E+01
73935,6.467591E+01
73940,6.445008E+01
73945,6.394723E+01
73950,6.458796E+01
73955,6.387526E+01
73960,6.466902E+01
73965,6.443473E+01
73970,6.442065E+01
73975,6.473726E+01
73980,6.448564E+01
73985,6.465997E+01
73990,6.549508E+01
73995,6.460983E+01
74000,6.466228E+01
74005,6.508322E+01
74010,6.486131E+01
74015,6.490452E+01
74020,6.551005E+01
74025,6.532592E+01
74030,6.484574E+01
74035,6.483644E+01
74040,6.499534E+01
74045,6.478419E+01
74050,6.439802E+01
74055,6.483942E+01
74060,6.516367E+01
74065,6.511059E+01
74070,6.463189E+01
74075,6.427011E+01
74080,6.500107E+01
74085,6.481063E+01
74090,6.479294E+01
74095,6.464784E+01
74100,6.471562E+01
74105,6.497502E+01
74110,6.486451E+01
74115,6.529664E+01
74120,6.498827E+01
74125,6.514695E+01
74130,6.482345E+01
74135,6.514269E+01
74140,6.422663E+01
74145,6.530038E+01
74150,6.459285E+01
74155,6.429902E+01
74160,6.486544E+01
74165,6.473048E+01
74170,6.485994E+01
74175,6.457432E+01
74180,6.415453E+01
74185,6.444886E+01
74190,6.511898E+01
74195,6.441340E+01
74200,6.391360E+01
74205,6.469548E+01
74210,6.423224E+01
74215,6.510010E+01
74220,6.448654E+01
74225,6.466613E+01
74230,6.471442E+01
74235,6.475457E+01
74240,6.513462E+01
74245,6.534630E+01
74250,6.432574E+01
74255,6.488622E+01
74260,6.544606E+01
74265,6.513383E+01
74270,6.507670E+01
74275,6.528224E+01
74280,6.517076E+01
74285,6.467444E+01
74290,6.508165E+01
74295,6.506089E+01
74300,6.529344E+01
74305,6.497651E+01
74310,6.459009E+01
74315,6.485789E+01
74320,6.493833E+01
74325,6.505903E+01
74330,6.520551E+01
74335,6.471242E+01
74340,6.474815E+01
74345,6.505341E+01
74350,6.589531E+01
74355,6.483320E+01
74360,6.507573E+01
74365,6.477227E+01
74370,6.573375E+01
74375,6.464435E+01
74380,6.516498E+01
74385,6.482641E+01
74390,6.484284E+01
74395,6.466202E+01
74400,6.487295E+01
74405,6.486852E+01
74410,6.510029E+01
74415,6.531259E+01
74420,6.502344E+01
74425,6.538447E+01
74430,6.553928E+01
74435,6.559736E+01
74440,6.523793E+01
74445,6.529344E+01
74450,6.591926E+01
74455,6.492268E+01
74460,6.483161E+01
74465,6.440686E+01
74470,6.528853E+01
74475,6.506792E+01
74480,6.474128E+01
74485,6.480824E+01
74490,6.578972E+01
74495,6.515920E+01
74500,6.521812E+01
74505,6.510128E+01
74510,6.524966E+01
74515,6.478856E+01
74520,6.495331E+01
74525,6.482092E+01
74530,6.500497E+01
74535,6.504184E+01
74540,6.464539E+01
74545,6.539333E+01
74550,6.542251E+01
74555,6.492396E+01
74560,6.511427E+01
74565,6.527466E+01
74570,6.546447E+01
74575,6.497363E+01
74580,6.496804E+01
74585,6.523741E+01
74590,6.514277E+01
74595,6.478456E+01
74600,6.537075E+01
74605,6.562747E+01
74610,6.521260E+01
74615,6.504027E+01
74620,6.472808E+01
74625,6.516739E+01
74630,6.534006E+01
74635,6.526639E+01
74640,6.523395E+01
74645,6.509501E+01
74650,6.518746E+01
74655,6.538429E+01
74660,6.584047E+01
74665,6.565652E+01
74670,6.522106E+01
74675,6.527048E+01
74680,6.561360E+01
74685,6.505779E+01
74690,6.555921E+01
74695,6.573668E+01
74700,6.558813E+01
74705,6.565206E+01
74710,6.519287E+01
74715,6.547100E+01
74720,6.538820E+01
74725,6.608154E+01
74730,6.577639E+01
74735,6.559128E+01
74740,6.506318E+01
74745,6.528507E+01
74750,6.599005E+01
74755,6.570167E+01
74760,6.559816E+01
74765,6.546536E+01
74770,6.605311E+01
74775,6.558755E+01
74780,6.590446E+01
74785,6.568629E+01
74790,6.563274E+01
74795,6.554653E+01
74800,6.521323E+01
74805,6.573837E+01
74810,6.582338E+01
74815,6.588898E+01
74820,6.538455E+01
74825,6.586887E+01
74830,6.555682E+01
74835,6.587742E+01
74840,6.525042E+01
74845,6.583055E+01
74850,6.584345E+01
74855,6.597610E+01
74860,6.613025E+01
74865,6.564380E+01
74870,6.560020E+01
74875,6.577729E+01
74880,6.538541E+01
74885,6.605494E+01
74890,6.528899E+01
74895,6.621829E+01
74900,6.580188E+01
74905,6.561879E+01
74910,6.543098E+01
74915,6.534149E+01
74920,6.555325E+01
74925,6.594695E+01
74930,6.525328E+01
74935,6.601712E+01
74940,6.564384E+01
74945,6.571690E+01
74950,6.551481E+01
74955,6.595443E+01
74960,6.569448E+01
74965,6.510580E+01
74970,6.557344E+01
74975,6.543381E+01
74980,6.574067E+01
74985,6.562488E+01
74990,6.576439E+01
74995,6.612142E+01
75000,6.557916E+01
75005,6.613132E+01
75010,6.577354E+01
75015,6.615533E+01
75020,6.602457E+01
75025,6.638371E+01
75030,6.629991E+01
75035,6.577579E+01
75040,6.602867E+01
75045,6.548837E+01
75050,6.610729E+01
75055,6.588484E+01
75060,6.598553E+01
75065,6.573841E+01
75070,6.566439E+01
75075,6.607905E+01
75080,6.586773E+01
75085,6.617557E+01
75090,6.590116E+01
75095,6.561922E+01
75100,6.606066E+01
75105,6.517465E+01
75110,6.536299E+01
75115,6.502228E+01
75120,6.536521E+01
75125,6.528711E+01
