layer,shard,amax_act,amax_wgt,amax_act_last,scale_act,scale_fwd_med,iter
self_attention.linear_proj,0,10.25,0.0203857,0,43.7073,43.7073,4000
self_attention.linear_qkv,0,6.20447,0.111816,0,72.206,72.206,4000
mlp.linear_fc1,0,9.63296,0.120605,0,46.507,46.507,4000
mlp.linear_fc2,0,2608,0.0197754,0,0.171779,1,4000
self_attention.linear_proj,1,16.75,0.0189209,0,26.7463,26.7463,4000
self_attention.linear_qkv,1,7.43797,0.117676,0,60.2315,60.2315,4000
mlp.linear_fc1,1,7.42016,0.119141,0,60.3761,60.3761,4000
mlp.linear_fc2,1,382,0.0203857,0,1.17277,1.17277,4000
self_attention.linear_proj,2,20.875,0.0216064,0,21.4611,21.4611,4000
self_attention.linear_qkv,2,7.3853,0.118652,0,60.661,60.661,4000
mlp.linear_fc1,2,7.10101,0.117676,0,63.0896,63.0896,4000
mlp.linear_fc2,2,736,0.0212402,0,0.608696,1,4000
self_attention.linear_proj,3,24.75,0.0256348,0,18.101,18.101,4000
self_attention.linear_qkv,3,7.16987,0.112305,0,62.4837,62.4837,4000
mlp.linear_fc1,3,7.28039,0.119141,0,61.5351,61.5351,4000
mlp.linear_fc2,3,512,0.0211182,0,0.875,1,4000
self_attention.linear_proj,4,19,0.0246582,0,23.5789,23.5789,4000
self_attention.linear_qkv,4,7.40072,0.123535,0,60.5346,60.5346,4000
mlp.linear_fc1,4,7.16872,0.119629,0,62.4937,62.4937,4000
mlp.linear_fc2,4,225,0.0222168,0,1.99111,1.99111,4000
self_attention.linear_proj,17,8.3125,0.0213623,0,53.8947,53.8947,4000
self_attention.linear_qkv,17,7.15945,0.114746,0,62.5746,62.5746,4000
mlp.linear_fc1,17,7.19045,0.119629,0,62.3049,62.3049,4000
mlp.linear_fc2,17,146,0.0235596,0,3.06849,3.06849,4000
self_attention.linear_proj,18,6.875,0.0200195,0,65.1636,65.1636,4000
self_attention.linear_qkv,18,7.32132,0.116211,0,61.1912,61.1912,4000
mlp.linear_fc1,18,7.42632,0.117188,0,60.326,60.326,4000
mlp.linear_fc2,18,101,0.0238037,0,4.43564,4.43564,4000
self_attention.linear_proj,19,11.875,0.0213623,0,37.7263,37.7263,4000
self_attention.linear_qkv,19,7.31313,0.110352,0,61.2597,61.2597,4000
mlp.linear_fc1,19,7.45563,0.12793,0,60.0888,60.0888,4000
mlp.linear_fc2,19,89.5,0.0233154,0,5.00559,5.00559,4000
self_attention.linear_proj,20,8.0625,0.0201416,0,55.5659,55.5659,4000
self_attention.linear_qkv,20,7.17707,0.115723,0,62.421,62.421,4000
mlp.linear_fc1,20,7.32018,0.123047,0,61.2007,61.2007,4000
mlp.linear_fc2,20,98,0.0233154,0,4.57143,4.57143,4000
self_attention.linear_proj,33,7.8125,0.0216064,0,57.344,57.344,4000
self_attention.linear_qkv,33,7.11045,0.11377,0,63.0059,63.0059,4000
mlp.linear_fc1,33,7.51048,0.117188,0,59.65,59.65,4000
mlp.linear_fc2,33,113.5,0.0246582,0,3.94714,3.94714,4000
self_attention.linear_proj,34,10.625,0.020752,0,42.1647,42.1647,4000
self_attention.linear_qkv,34,7.37605,0.11377,0,60.7371,60.7371,4000
mlp.linear_fc1,34,7.65844,0.120117,0,58.4975,58.4975,4000
mlp.linear_fc2,34,113,0.0235596,0,3.9646,3.9646,4000
self_attention.linear_proj,35,7.96875,0.0200195,0,56.2196,56.2196,4000
self_attention.linear_qkv,35,7.47432,0.108887,0,59.9386,59.9386,4000
mlp.linear_fc1,35,7.81809,0.120605,0,57.303,57.303,4000
mlp.linear_fc2,35,115.5,0.0239258,0,3.87879,3.87879,4000
self_attention.linear_proj,36,7.15625,0.0203857,0,62.6026,62.6026,4000
self_attention.linear_qkv,36,7.39849,0.110352,0,60.5529,60.5529,4000
mlp.linear_fc1,36,7.74489,0.122559,0,57.8446,57.8446,4000
mlp.linear_fc2,36,412,0.0239258,0,1.08738,1.08738,4000
self_attention.linear_proj,49,19.5,0.0251465,0,22.9744,22.9744,4000
self_attention.linear_qkv,49,9.38628,0.110352,0,47.7293,47.7293,4000
mlp.linear_fc1,49,9.67532,0.121582,0,46.3034,46.3034,4000
mlp.linear_fc2,49,280,0.0245361,0,1.6,1.6,4000
self_attention.linear_proj,50,15.1875,0.0216064,0,29.4979,29.4979,4000
self_attention.linear_qkv,50,9.66293,0.112793,0,46.3628,46.3628,4000
mlp.linear_fc1,50,10.0788,0.123535,0,44.4498,44.4498,4000
mlp.linear_fc2,50,604,0.024292,0,0.741722,1,4000
self_attention.linear_proj,51,9.8125,0.0212402,0,45.6561,45.6561,4000
self_attention.linear_qkv,51,10.1212,0.113281,0,44.2636,44.2636,4000
mlp.linear_fc1,51,10.4491,0.125,0,42.8746,42.8746,4000
mlp.linear_fc2,51,432,0.0249023,0,1.03704,1.03704,4000
self_attention.linear_proj,52,8.0625,0.0209961,0,55.5659,55.5659,4000
self_attention.linear_qkv,52,10.5073,0.114258,0,42.6369,42.6369,4000
mlp.linear_fc1,52,10.8497,0.119629,0,41.2915,41.2915,4000
mlp.linear_fc2,52,356,0.026001,0,1.25843,1.25843,4000
self_attention.linear_proj,5,20.75,0.0267334,0,21.5904,21.5904,4000
self_attention.linear_qkv,5,7.67441,0.111816,0,58.3759,58.3759,4000
mlp.linear_fc1,5,7.00898,0.118164,0,63.918,63.918,4000
mlp.linear_fc2,5,153,0.0223389,0,2.9281,2.9281,4000
self_attention.linear_proj,6,20.75,0.0273438,0,21.5904,21.5904,4000
self_attention.linear_qkv,6,7.42249,0.11377,0,60.3571,60.3571,4000
mlp.linear_fc1,6,7.13217,0.120117,0,62.814,62.814,4000
mlp.linear_fc2,6,346,0.0222168,0,1.2948,1.2948,4000
self_attention.linear_proj,7,27.75,0.0334473,0,16.1441,16.1441,4000
self_attention.linear_qkv,7,7.36505,0.112305,0,60.8278,60.8278,4000
mlp.linear_fc1,7,7.35525,0.117188,0,60.9089,60.9089,4000
mlp.linear_fc2,7,120.5,0.0227051,0,3.71784,3.71784,4000
self_attention.linear_proj,8,13.25,0.0219727,0,33.8113,33.8113,4000
self_attention.linear_qkv,8,7.48572,0.115234,0,59.8473,59.8473,4000
mlp.linear_fc1,8,7.39316,0.119629,0,60.5966,60.5966,4000
mlp.linear_fc2,8,107.5,0.0216064,0,4.16744,4.16744,4000
self_attention.linear_proj,21,9.4375,0.0213623,0,47.4702,47.4702,4000
self_attention.linear_qkv,21,7.1504,0.115723,0,62.6538,62.6538,4000
mlp.linear_fc1,21,7.34563,0.125977,0,60.9887,60.9887,4000
mlp.linear_fc2,21,117.5,0.0231934,0,3.81277,3.81277,4000
self_attention.linear_proj,22,13.875,0.022583,0,32.2883,32.2883,4000
self_attention.linear_qkv,22,7.23315,0.114258,0,61.937,61.937,4000
mlp.linear_fc1,22,7.34415,0.125977,0,61.0009,61.0009,4000
mlp.linear_fc2,22,73.5,0.0233154,0,6.09524,6.09524,4000
self_attention.linear_proj,23,11.6875,0.0217285,0,38.3316,38.3316,4000
self_attention.linear_qkv,23,7.10124,0.109863,0,63.0876,63.0876,4000
mlp.linear_fc1,23,7.29628,0.125,0,61.4012,61.4012,4000
mlp.linear_fc2,23,107,0.0250244,0,4.18692,4.18692,4000
self_attention.linear_proj,24,17.875,0.026123,0,25.0629,25.0629,4000
self_attention.linear_qkv,24,7.47287,0.115234,0,59.9502,59.9502,4000
mlp.linear_fc1,24,7.61315,0.124512,0,58.8456,58.8456,4000
mlp.linear_fc2,24,98,0.0239258,0,4.57143,4.57143,4000
self_attention.linear_proj,37,7.15625,0.0218506,0,62.6026,62.6026,4000
self_attention.linear_qkv,37,7.50728,0.110352,0,59.6754,59.6754,4000
mlp.linear_fc1,37,7.82467,0.121094,0,57.2548,57.2548,4000
mlp.linear_fc2,37,181,0.0238037,0,2.47514,2.47514,4000
self_attention.linear_proj,38,7.125,0.0218506,0,62.8772,62.8772,4000
self_attention.linear_qkv,38,7.30394,0.111328,0,61.3367,61.3367,4000
mlp.linear_fc1,38,7.67122,0.123047,0,58.4001,58.4001,4000
mlp.linear_fc2,38,120,0.0249023,0,3.73333,3.73333,4000
self_attention.linear_proj,39,7,0.0209961,0,64,64,4000
self_attention.linear_qkv,39,7.33372,0.11377,0,61.0876,61.0876,4000
mlp.linear_fc1,39,7.76621,0.125977,0,57.6858,57.6858,4000
mlp.linear_fc2,39,237,0.024292,0,1.8903,1.8903,4000
self_attention.linear_proj,40,6.8125,0.0205078,0,65.7615,65.7615,4000
self_attention.linear_qkv,40,7.32442,0.113281,0,61.1653,61.1653,4000
mlp.linear_fc1,40,7.75589,0.121582,0,57.7626,57.7626,4000
mlp.linear_fc2,40,572,0.0252686,0,0.783217,1,4000
self_attention.linear_proj,53,14.8125,0.0223389,0,30.2447,30.2447,4000
self_attention.linear_qkv,53,11.0608,0.118652,0,40.5035,40.5035,4000
mlp.linear_fc1,53,11.229,0.131836,0,39.8966,39.8966,4000
mlp.linear_fc2,53,113.5,0.026001,0,3.94714,3.94714,4000
self_attention.linear_proj,54,13.5,0.0211182,0,33.1852,33.1852,4000
self_attention.linear_qkv,54,11.4894,0.114746,0,38.9925,38.9925,4000
mlp.linear_fc1,54,11.5832,0.121582,0,38.6768,38.6768,4000
mlp.linear_fc2,54,89.5,0.0255127,0,5.00559,5.00559,4000
self_attention.linear_proj,55,24.25,0.0246582,0,18.4742,18.4742,4000
self_attention.linear_qkv,55,12.1165,0.121094,0,36.9745,36.9745,4000
mlp.linear_fc1,55,12.2519,0.118164,0,36.5657,36.5657,4000
mlp.linear_fc2,55,133,0.0247803,0,3.36842,3.36842,4000
self_attention.linear_proj,56,12.5,0.0222168,0,35.84,35.84,4000
self_attention.linear_qkv,56,12.8151,0.114746,0,34.9588,34.9588,4000
mlp.linear_fc1,56,12.9925,0.129883,0,34.4814,34.4814,4000
mlp.linear_fc2,56,88.5,0.0238037,0,5.06215,5.06215,4000
self_attention.linear_proj,9,10.25,0.0205078,0,43.7073,43.7073,4000
self_attention.linear_qkv,9,7.21115,0.117676,0,62.126,62.126,4000
mlp.linear_fc1,9,7.25011,0.122559,0,61.7922,61.7922,4000
mlp.linear_fc2,9,113,0.0223389,0,3.9646,3.9646,4000
self_attention.linear_proj,10,10.0625,0.0203857,0,44.5217,44.5217,4000
self_attention.linear_qkv,10,7.1679,0.109375,0,62.5009,62.5009,4000
mlp.linear_fc1,10,7.21446,0.130859,0,62.0975,62.0975,4000
mlp.linear_fc2,10,88,0.0227051,0,5.09091,5.09091,4000
self_attention.linear_proj,11,10.3125,0.0209961,0,43.4424,43.4424,4000
self_attention.linear_qkv,11,7.1536,0.117676,0,62.6258,62.6258,4000
mlp.linear_fc1,11,7.17048,0.118652,0,62.4784,62.4784,4000
mlp.linear_fc2,11,184,0.0231934,0,2.43478,2.43478,4000
self_attention.linear_proj,12,13.125,0.019043,0,34.1333,34.1333,4000
self_attention.linear_qkv,12,7.17207,0.117188,0,62.4645,62.4645,4000
mlp.linear_fc1,12,7.1808,0.117188,0,62.3886,62.3886,4000
mlp.linear_fc2,12,82,0.0257568,0,5.46341,5.46341,4000
self_attention.linear_proj,25,13.1875,0.0211182,0,33.9716,33.9716,4000
self_attention.linear_qkv,25,7.2846,0.115723,0,61.4996,61.4996,4000
mlp.linear_fc1,25,7.41641,0.119629,0,60.4066,60.4066,4000
mlp.linear_fc2,25,145,0.0235596,0,3.08966,3.08966,4000
self_attention.linear_proj,26,8.625,0.022583,0,51.942,51.942,4000
self_attention.linear_qkv,26,7.08172,0.106934,0,63.2615,63.2615,4000
mlp.linear_fc1,26,7.32414,0.120117,0,61.1676,61.1676,4000
mlp.linear_fc2,26,168,0.0246582,0,2.66667,2.66667,4000
self_attention.linear_proj,27,16.875,0.0257568,0,26.5481,26.5481,4000
self_attention.linear_qkv,27,7.08481,0.111816,0,63.2339,63.2339,4000
mlp.linear_fc1,27,7.24551,0.121582,0,61.8314,61.8314,4000
mlp.linear_fc2,27,98,0.0246582,0,4.57143,4.57143,4000
self_attention.linear_proj,28,10.3125,0.0212402,0,43.4424,43.4424,4000
self_attention.linear_qkv,28,7.17685,0.108887,0,62.4229,62.4229,4000
mlp.linear_fc1,28,7.3264,0.125977,0,61.1487,61.1487,4000
mlp.linear_fc2,28,218,0.0244141,0,2.05505,2.05505,4000
self_attention.linear_proj,41,7.8125,0.0202637,0,57.344,57.344,4000
self_attention.linear_qkv,41,7.30571,0.111328,0,61.3219,61.3219,4000
mlp.linear_fc1,41,7.71113,0.121582,0,58.0979,58.0979,4000
mlp.linear_fc2,41,3264,0.0239258,0,0.137255,1,4000
self_attention.linear_proj,42,8.4375,0.0201416,0,53.0963,53.0963,4000
self_attention.linear_qkv,42,7.53377,0.119629,0,59.4656,59.4656,4000
mlp.linear_fc1,42,7.95598,0.120605,0,56.3099,56.3099,4000
mlp.linear_fc2,42,828,0.0239258,0,0.541063,1,4000
self_attention.linear_proj,43,9.625,0.020752,0,46.5455,46.5455,4000
self_attention.linear_qkv,43,7.75939,0.11084,0,57.7365,57.7365,4000
mlp.linear_fc1,43,8.23606,0.124023,0,54.3949,54.3949,4000
mlp.linear_fc2,43,2128,0.0244141,0,0.210526,1,4000
self_attention.linear_proj,44,6.875,0.0219727,0,65.1636,65.1636,4000
self_attention.linear_qkv,44,8.12989,0.114746,0,55.1053,55.1053,4000
mlp.linear_fc1,44,8.55517,0.118652,0,52.366,52.366,4000
mlp.linear_fc2,44,3008,0.0240479,0,0.148936,1,4000
self_attention.linear_proj,57,21.5,0.0300293,0,20.8372,20.8372,4000
self_attention.linear_qkv,57,13.6703,0.111328,0,32.7718,32.7718,4000
mlp.linear_fc1,57,13.7195,0.124512,0,32.6542,32.6542,4000
mlp.linear_fc2,57,106.5,0.0257568,0,4.20657,4.20657,4000
self_attention.linear_proj,58,12.375,0.0235596,0,36.202,36.202,4000
self_attention.linear_qkv,58,14.407,0.121094,0,31.0961,31.0961,4000
mlp.linear_fc1,58,14.5298,0.12793,0,30.8332,30.8332,4000
mlp.linear_fc2,58,95,0.0266113,0,4.71579,4.71579,4000
self_attention.linear_proj,59,12.8125,0.0281982,0,34.9659,34.9659,4000
self_attention.linear_qkv,59,15.4531,0.118652,0,28.991,28.991,4000
mlp.linear_fc1,59,15.485,0.117676,0,28.9313,28.9313,4000
mlp.linear_fc2,59,179,0.02771,0,2.50279,2.50279,4000
self_attention.linear_proj,60,17.125,0.0209961,0,26.1606,26.1606,4000
self_attention.linear_qkv,60,16.4114,0.114746,0,27.2982,27.2982,4000
mlp.linear_fc1,60,16.5839,0.116699,0,27.0141,27.0141,4000
mlp.linear_fc2,60,170,0.0263672,0,2.63529,2.63529,4000
self_attention.linear_proj,13,16.5,0.0195312,0,27.1515,27.1515,4000
self_attention.linear_qkv,13,7.31626,0.115234,0,61.2335,61.2335,4000
mlp.linear_fc1,13,7.44024,0.122559,0,60.2131,60.2131,4000
mlp.linear_fc2,13,141,0.0245361,0,3.1773,3.1773,4000
self_attention.linear_proj,14,7.1875,0.0198975,0,62.3304,62.3304,4000
self_attention.linear_qkv,14,7.34601,0.120117,0,60.9855,60.9855,4000
mlp.linear_fc1,14,7.50475,0.118652,0,59.6955,59.6955,4000
mlp.linear_fc2,14,135,0.0230713,0,3.31852,3.31852,4000
self_attention.linear_proj,15,7.15625,0.0205078,0,62.6026,62.6026,4000
self_attention.linear_qkv,15,7.23182,0.11377,0,61.9484,61.9484,4000
mlp.linear_fc1,15,7.28656,0.123047,0,61.4831,61.4831,4000
mlp.linear_fc2,15,117,0.0223389,0,3.82906,3.82906,4000
self_attention.linear_proj,16,6.84375,0.0194092,0,65.4612,65.4612,4000
self_attention.linear_qkv,16,7.09648,0.118164,0,63.1299,63.1299,4000
mlp.linear_fc1,16,7.25833,0.123535,0,61.7222,61.7222,4000
mlp.linear_fc2,16,114,0.0228271,0,3.92982,3.92982,4000
self_attention.linear_proj,29,10.3125,0.020874,0,43.4424,43.4424,4000
self_attention.linear_qkv,29,7.2207,0.114258,0,62.0438,62.0438,4000
mlp.linear_fc1,29,7.43753,0.121582,0,60.235,60.235,4000
mlp.linear_fc2,29,219,0.0234375,0,2.04566,2.04566,4000
self_attention.linear_proj,30,10.5,0.0234375,0,42.6667,42.6667,4000
self_attention.linear_qkv,30,7.05823,0.112305,0,63.472,63.472,4000
mlp.linear_fc1,30,7.29557,0.126953,0,61.4071,61.4071,4000
mlp.linear_fc2,30,237,0.0239258,0,1.8903,1.8903,4000
self_attention.linear_proj,31,8.1875,0.0209961,0,54.7176,54.7176,4000
self_attention.linear_qkv,31,6.99781,0.114258,0,64.02,64.02,4000
mlp.linear_fc1,31,7.26809,0.125,0,61.6393,61.6393,4000
mlp.linear_fc2,31,193,0.0235596,0,2.32124,2.32124,4000
self_attention.linear_proj,32,10.125,0.0206299,0,44.2469,44.2469,4000
self_attention.linear_qkv,32,6.99953,0.114746,0,64.0043,64.0043,4000
mlp.linear_fc1,32,7.29731,0.114258,0,61.3924,61.3924,4000
mlp.linear_fc2,32,110,0.0234375,0,4.07273,4.07273,4000
self_attention.linear_proj,45,13.6875,0.0218506,0,32.7306,32.7306,4000
self_attention.linear_qkv,45,8.27972,0.112305,0,54.1081,54.1081,4000
mlp.linear_fc1,45,8.65605,0.131836,0,51.7557,51.7557,4000
mlp.linear_fc2,45,191,0.0250244,0,2.34555,2.34555,4000
self_attention.linear_proj,46,21.625,0.0305176,0,20.7168,20.7168,4000
self_attention.linear_qkv,46,8.39068,0.115234,0,53.3926,53.3926,4000
mlp.linear_fc1,46,8.78373,0.123047,0,51.0034,51.0034,4000
mlp.linear_fc2,46,976,0.0246582,0,0.459016,1,4000
self_attention.linear_proj,47,12.5,0.0212402,0,35.84,35.84,4000
self_attention.linear_qkv,47,8.7234,0.112305,0,51.3561,51.3561,4000
mlp.linear_fc1,47,9.0873,0.121582,0,49.2996,49.2996,4000
mlp.linear_fc2,47,516,0.0244141,0,0.868217,1,4000
self_attention.linear_proj,48,15.6875,0.0235596,0,28.5578,28.5578,4000
self_attention.linear_qkv,48,8.94919,0.112793,0,50.0604,50.0604,4000
mlp.linear_fc1,48,9.31892,0.117188,0,48.0743,48.0743,4000
mlp.linear_fc2,48,308,0.0251465,0,1.45455,1.45455,4000
self_attention.linear_proj,61,20.625,0.0270996,0,21.7212,21.7212,4000
self_attention.linear_qkv,61,17.676,0.112305,0,25.3451,25.3451,4000
mlp.linear_fc1,61,17.8477,0.123535,0,25.1013,25.1013,4000
mlp.linear_fc2,61,218,0.027832,0,2.05505,2.05505,4000
self_attention.linear_proj,62,9.25,0.0195312,0,48.4324,48.4324,4000
self_attention.linear_qkv,62,19.1287,0.115723,0,23.4203,23.4203,4000
mlp.linear_fc1,62,19.3832,0.122559,0,23.1128,23.1128,4000
mlp.linear_fc2,62,99.5,0.0301514,0,4.50251,4.50251,4000
self_attention.linear_proj,63,12.75,0.0179443,0,35.1373,35.1373,4000
self_attention.linear_qkv,63,20.4521,0.11377,0,21.9049,21.9049,4000
mlp.linear_fc1,63,20.6985,0.118652,0,21.6441,21.6441,4000
mlp.linear_fc2,63,302,0.0272217,0,1.48344,1.48344,4000
self_attention.linear_proj,0,18.25,0.103516,0,24.5479,24.5479,8000
self_attention.linear_qkv,0,5.93638,0.130859,0,75.4669,75.4669,8000
mlp.linear_fc1,0,20.1664,0.120117,0,22.2152,22.2152,8000
mlp.linear_fc2,0,3520,0.0957031,0,0.127273,1,8000
self_attention.linear_proj,1,15.5,0.0766602,0,28.9032,28.9032,8000
self_attention.linear_qkv,1,25.0857,0.120117,0,17.8588,17.8588,8000
mlp.linear_fc1,1,20.1994,0.125977,0,22.1789,22.1789,8000
mlp.linear_fc2,1,924,0.097168,0,0.484848,1,8000
self_attention.linear_proj,2,17.625,0.0534668,0,25.4184,25.4184,8000
self_attention.linear_qkv,2,25.3745,0.131836,0,17.6555,17.6555,8000
mlp.linear_fc1,2,20.9545,0.125977,0,21.3796,21.3796,8000
mlp.linear_fc2,2,744,0.0583496,0,0.602151,1,8000
self_attention.linear_proj,3,25.625,0.0756836,0,17.4829,17.4829,8000
self_attention.linear_qkv,3,26.1255,0.12207,0,17.148,17.148,8000
mlp.linear_fc1,3,21.2249,0.123047,0,21.1073,21.1073,8000
mlp.linear_fc2,3,544,0.059082,0,0.823529,1,8000
self_attention.linear_proj,4,28.625,0.0598145,0,15.6507,15.6507,8000
self_attention.linear_qkv,4,24.8905,0.131836,0,17.9989,17.9989,8000
mlp.linear_fc1,4,20.0721,0.125,0,22.3195,22.3195,8000
mlp.linear_fc2,4,556,0.0649414,0,0.805755,1,8000
self_attention.linear_proj,17,27.625,0.0825195,0,16.2172,16.2172,8000
self_attention.linear_qkv,17,11.7708,0.125,0,38.0604,38.0604,8000
mlp.linear_fc1,17,10.8574,0.129883,0,41.2621,41.2621,8000
mlp.linear_fc2,17,502,0.0634766,0,0.89243,1,8000
self_attention.linear_proj,18,15.875,0.0563965,0,28.2205,28.2205,8000
self_attention.linear_qkv,18,10.6255,0.121582,0,42.1627,42.1627,8000
mlp.linear_fc1,18,10.3551,0.126953,0,43.2635,43.2635,8000
mlp.linear_fc2,18,576,0.0612793,0,0.777778,1,8000
self_attention.linear_proj,19,31.125,0.0688477,0,14.3936,14.3936,8000
self_attention.linear_qkv,19,10.0859,0.128906,0,44.4185,44.4185,8000
mlp.linear_fc1,19,9.84964,0.125977,0,45.4839,45.4839,8000
mlp.linear_fc2,19,624,0.0600586,0,0.717949,1,8000
self_attention.linear_proj,20,18,0.0625,0,24.8889,24.8889,8000
self_attention.linear_qkv,20,9.03045,0.117188,0,49.6099,49.6099,8000
mlp.linear_fc1,20,9.08646,0.12793,0,49.3041,49.3041,8000
mlp.linear_fc2,20,616,0.0625,0,0.727273,1,8000
self_attention.linear_proj,33,19.875,0.0561523,0,22.5409,22.5409,8000
self_attention.linear_qkv,33,8.09114,0.118652,0,55.3692,55.3692,8000
mlp.linear_fc1,33,8.5215,0.129883,0,52.5729,52.5729,8000
mlp.linear_fc2,33,664,0.0654297,0,0.674699,1,8000
self_attention.linear_proj,34,24.125,0.0593262,0,18.5699,18.5699,8000
self_attention.linear_qkv,34,8.32891,0.117188,0,53.7886,53.7886,8000
mlp.linear_fc1,34,8.66089,0.12793,0,51.7268,51.7268,8000
mlp.linear_fc2,34,524,0.0615234,0,0.854962,1,8000
self_attention.linear_proj,35,18.875,0.0568848,0,23.7351,23.7351,8000
self_attention.linear_qkv,35,8.70899,0.120117,0,51.4411,51.4411,8000
mlp.linear_fc1,35,9.22817,0.132812,0,48.547,48.547,8000
mlp.linear_fc2,35,568,0.0622559,0,0.788732,1,8000
self_attention.linear_proj,36,17.75,0.0524902,0,25.2394,25.2394,8000
self_attention.linear_qkv,36,8.83973,0.124512,0,50.6803,50.6803,8000
mlp.linear_fc1,36,9.55175,0.124512,0,46.9024,46.9024,8000
mlp.linear_fc2,36,776,0.0712891,0,0.57732,1,8000
self_attention.linear_proj,49,31.5,0.0644531,0,14.2222,14.2222,8000
self_attention.linear_qkv,49,17.895,0.123535,0,25.035,25.035,8000
mlp.linear_fc1,49,17.3591,0.128906,0,25.8078,25.8078,8000
mlp.linear_fc2,49,544,0.0664062,0,0.823529,1,8000
self_attention.linear_proj,50,22.625,0.0605469,0,19.8011,19.8011,8000
self_attention.linear_qkv,50,18.986,0.112793,0,23.5963,23.5963,8000
mlp.linear_fc1,50,18.5067,0.130859,0,24.2074,24.2074,8000
mlp.linear_fc2,50,920,0.0844727,0,0.486957,1,8000
self_attention.linear_proj,51,21.875,0.0583496,0,20.48,20.48,8000
self_attention.linear_qkv,51,20.0923,0.119141,0,22.2971,22.2971,8000
mlp.linear_fc1,51,19.8271,0.133789,0,22.5954,22.5954,8000
mlp.linear_fc2,51,704,0.0805664,0,0.636364,1,8000
self_attention.linear_proj,52,16.625,0.0654297,0,26.9474,26.9474,8000
self_attention.linear_qkv,52,21.337,0.123535,0,20.9964,20.9964,8000
mlp.linear_fc1,52,20.7059,0.130859,0,21.6363,21.6363,8000
mlp.linear_fc2,52,1080,0.0878906,0,0.414815,1,8000
self_attention.linear_proj,5,30.125,0.0673828,0,14.8714,14.8714,8000
self_attention.linear_qkv,5,22.3699,0.136719,0,20.0269,20.0269,8000
mlp.linear_fc1,5,15.9248,0.12207,0,28.1322,28.1322,8000
mlp.linear_fc2,5,2048,0.0625,0,0.21875,1,8000
self_attention.linear_proj,6,33.75,0.0622559,0,13.2741,13.2741,8000
self_attention.linear_qkv,6,18.4065,0.145508,0,24.3393,24.3393,8000
mlp.linear_fc1,6,13.0123,0.121582,0,34.4289,34.4289,8000
mlp.linear_fc2,6,892,0.0603027,0,0.502242,1,8000
self_attention.linear_proj,7,40.25,0.0810547,0,11.1304,11.1304,8000
self_attention.linear_qkv,7,15.048,0.146484,0,29.7714,29.7714,8000
mlp.linear_fc1,7,12.0171,0.124512,0,37.2802,37.2802,8000
mlp.linear_fc2,7,780,0.0603027,0,0.574359,1,8000
self_attention.linear_proj,8,28.375,0.0698242,0,15.7885,15.7885,8000
self_attention.linear_qkv,8,14.122,0.126953,0,31.7236,31.7236,8000
mlp.linear_fc1,8,11.8281,0.126953,0,37.8758,37.8758,8000
mlp.linear_fc2,8,584,0.0717773,0,0.767123,1,8000
self_attention.linear_proj,21,26.25,0.0654297,0,17.0667,17.0667,8000
self_attention.linear_qkv,21,8.37393,0.133789,0,53.4994,53.4994,8000
mlp.linear_fc1,21,8.5339,0.15332,0,52.4965,52.4965,8000
mlp.linear_fc2,21,466,0.0625,0,0.961373,1,8000
self_attention.linear_proj,22,37,0.0722656,0,12.1081,12.1081,8000
self_attention.linear_qkv,22,8.58187,0.124023,0,52.2031,52.2031,8000
mlp.linear_fc1,22,8.11878,0.12207,0,55.1807,55.1807,8000
mlp.linear_fc2,22,388,0.0615234,0,1.15464,1.15464,8000
self_attention.linear_proj,23,30.125,0.081543,0,14.8714,14.8714,8000
self_attention.linear_qkv,23,7.91633,0.126953,0,56.5919,56.5919,8000
mlp.linear_fc1,23,7.44798,0.12793,0,60.1506,60.1506,8000
mlp.linear_fc2,23,544,0.0625,0,0.823529,1,8000
self_attention.linear_proj,24,35,0.0756836,0,12.8,12.8,8000
self_attention.linear_qkv,24,7.56989,0.124023,0,59.1818,59.1818,8000
mlp.linear_fc1,24,7.41358,0.130859,0,60.4297,60.4297,8000
mlp.linear_fc2,24,880,0.0605469,0,0.509091,1,8000
self_attention.linear_proj,37,8.25,0.0495605,0,54.303,54.303,8000
self_attention.linear_qkv,37,9.39672,0.125977,0,47.6762,47.6762,8000
mlp.linear_fc1,37,10.043,0.129883,0,44.6083,44.6083,8000
mlp.linear_fc2,37,644,0.0654297,0,0.695652,1,8000
self_attention.linear_proj,38,19.875,0.0644531,0,22.5409,22.5409,8000
self_attention.linear_qkv,38,10.0151,0.115723,0,44.7322,44.7322,8000
mlp.linear_fc1,38,10.9306,0.12793,0,40.9858,40.9858,8000
mlp.linear_fc2,38,660,0.0673828,0,0.678788,1,8000
self_attention.linear_proj,39,10.4375,0.0529785,0,42.9222,42.9222,8000
self_attention.linear_qkv,39,10.4162,0.118652,0,43.0097,43.0097,8000
mlp.linear_fc1,39,11.2639,0.130859,0,39.773,39.773,8000
mlp.linear_fc2,39,448,0.0625,0,1,1,8000
self_attention.linear_proj,40,15.1875,0.0524902,0,29.4979,29.4979,8000
self_attention.linear_qkv,40,10.6806,0.116699,0,41.9451,41.9451,8000
mlp.linear_fc1,40,11.6314,0.129883,0,38.5163,38.5163,8000
mlp.linear_fc2,40,1088,0.0639648,0,0.411765,1,8000
self_attention.linear_proj,53,25,0.0668945,0,17.92,17.92,8000
self_attention.linear_qkv,53,22.2357,0.121582,0,20.1478,20.1478,8000
mlp.linear_fc1,53,21.807,0.139648,0,20.5438,20.5438,8000
mlp.linear_fc2,53,1056,0.0917969,0,0.424242,1,8000
self_attention.linear_proj,54,22.875,0.060791,0,19.5847,19.5847,8000
self_attention.linear_qkv,54,23.2191,0.125977,0,19.2945,19.2945,8000
mlp.linear_fc1,54,22.2295,0.135742,0,20.1534,20.1534,8000
mlp.linear_fc2,54,668,0.106934,0,0.670659,1,8000
self_attention.linear_proj,55,34.75,0.0834961,0,12.8921,12.8921,8000
self_attention.linear_qkv,55,24.328,0.140625,0,18.415,18.415,8000
mlp.linear_fc1,55,23.0949,0.152344,0,19.3982,19.3982,8000
mlp.linear_fc2,55,620,0.116699,0,0.722581,1,8000
self_attention.linear_proj,56,21.25,0.0756836,0,21.0824,21.0824,8000
self_attention.linear_qkv,56,24.969,0.120605,0,17.9423,17.9423,8000
mlp.linear_fc1,56,23.9223,0.139648,0,18.7273,18.7273,8000
mlp.linear_fc2,56,1344,0.118164,0,0.333333,1,8000
self_attention.linear_proj,9,21.25,0.0605469,0,21.0824,21.0824,8000
self_attention.linear_qkv,9,13.4607,0.120605,0,33.282,33.282,8000
mlp.linear_fc1,9,12.2692,0.128906,0,36.5142,36.5142,8000
mlp.linear_fc2,9,512,0.060791,0,0.875,1,8000
self_attention.linear_proj,10,20.625,0.0673828,0,21.7212,21.7212,8000
self_attention.linear_qkv,10,13.6899,0.115234,0,32.7249,32.7249,8000
mlp.linear_fc1,10,11.9521,0.12793,0,37.4828,37.4828,8000
mlp.linear_fc2,10,828,0.0634766,0,0.541063,1,8000
self_attention.linear_proj,11,17.25,0.0617676,0,25.971,25.971,8000
self_attention.linear_qkv,11,12.8807,0.12793,0,34.7806,34.7806,8000
mlp.linear_fc1,11,12.1905,0.125977,0,36.75,36.75,8000
mlp.linear_fc2,11,490,0.0639648,0,0.914286,1,8000
self_attention.linear_proj,12,20.625,0.0578613,0,21.7212,21.7212,8000
self_attention.linear_qkv,12,12.954,0.112305,0,34.584,34.584,8000
mlp.linear_fc1,12,12.217,0.123535,0,36.6702,36.6702,8000
mlp.linear_fc2,12,960,0.0600586,0,0.466667,1,8000
self_attention.linear_proj,25,30.125,0.0654297,0,14.8714,14.8714,8000
self_attention.linear_qkv,25,7.39612,0.138672,0,60.5723,60.5723,8000
mlp.linear_fc1,25,7.31737,0.132812,0,61.2242,61.2242,8000
mlp.linear_fc2,25,1072,0.0617676,0,0.41791,1,8000
self_attention.linear_proj,26,23.25,0.0615234,0,19.2688,19.2688,8000
self_attention.linear_qkv,26,7.25771,0.12793,0,61.7274,61.7274,8000
mlp.linear_fc1,26,7.40109,0.131836,0,60.5316,60.5316,8000
mlp.linear_fc2,26,732,0.065918,0,0.612022,1,8000
self_attention.linear_proj,27,34.75,0.0717773,0,12.8921,12.8921,8000
self_attention.linear_qkv,27,7.71757,0.131836,0,58.0493,58.0493,8000
mlp.linear_fc1,27,7.70026,0.129883,0,58.1798,58.1798,8000
mlp.linear_fc2,27,640,0.0649414,0,0.7,1,8000
self_attention.linear_proj,28,22.875,0.0668945,0,19.5847,19.5847,8000
self_attention.linear_qkv,28,7.32506,0.116699,0,61.1599,61.1599,8000
mlp.linear_fc1,28,7.51896,0.125977,0,59.5827,59.5827,8000
mlp.linear_fc2,28,968,0.0625,0,0.46281,1,8000
self_attention.linear_proj,41,9.125,0.0517578,0,49.0959,49.0959,8000
self_attention.linear_qkv,41,11.3457,0.120605,0,39.4863,39.4863,8000
mlp.linear_fc1,41,12.0499,0.126953,0,37.1786,37.1786,8000
mlp.linear_fc2,41,980,0.0639648,0,0.457143,1,8000
self_attention.linear_proj,42,8.125,0.0488281,0,55.1385,55.1385,8000
self_attention.linear_qkv,42,11.8548,0.123047,0,37.7905,37.7905,8000
mlp.linear_fc1,42,12.6205,0.132812,0,35.4978,35.4978,8000
mlp.linear_fc2,42,418,0.065918,0,1.07177,1.07177,8000
self_attention.linear_proj,43,10.1875,0.0510254,0,43.9755,43.9755,8000
self_attention.linear_qkv,43,12.1664,0.118652,0,36.8226,36.8226,8000
mlp.linear_fc1,43,13.0431,0.133789,0,34.3477,34.3477,8000
mlp.linear_fc2,43,660,0.0622559,0,0.678788,1,8000
self_attention.linear_proj,44,10.9375,0.0473633,0,40.96,40.96,8000
self_attention.linear_qkv,44,12.9793,0.115723,0,34.5164,34.5164,8000
mlp.linear_fc1,44,13.8023,0.128906,0,32.4584,32.4584,8000
mlp.linear_fc2,44,508,0.0664062,0,0.88189,1,8000
self_attention.linear_proj,57,33,0.0732422,0,13.5758,13.5758,8000
self_attention.linear_qkv,57,25.8204,0.125,0,17.3506,17.3506,8000
mlp.linear_fc1,57,24.8269,0.129883,0,18.0449,18.0449,8000
mlp.linear_fc2,57,1640,0.164062,0,0.273171,1,8000
self_attention.linear_proj,58,24.25,0.100098,0,18.4742,18.4742,8000
self_attention.linear_qkv,58,27.2749,0.124023,0,16.4254,16.4254,8000
mlp.linear_fc1,58,27.2683,0.132812,0,16.4293,16.4293,8000
mlp.linear_fc2,58,1600,0.132812,0,0.28,1,8000
self_attention.linear_proj,59,36.25,0.0991211,0,12.3586,12.3586,8000
self_attention.linear_qkv,59,30.1277,0.136719,0,14.87,14.87,8000
mlp.linear_fc1,59,31.1425,0.158203,0,14.3855,14.3855,8000
mlp.linear_fc2,59,9152,0.178711,0,0.048951,1,8000
self_attention.linear_proj,60,24.5,0.0800781,0,18.2857,18.2857,8000
self_attention.linear_qkv,60,33.3277,0.123047,0,13.4423,13.4423,8000
mlp.linear_fc1,60,35.6448,0.165039,0,12.5685,12.5685,8000
mlp.linear_fc2,60,1200,0.19043,0,0.373333,1,8000
self_attention.linear_proj,13,30.125,0.0585938,0,14.8714,14.8714,8000
self_attention.linear_qkv,13,12.7809,0.119141,0,35.0524,35.0524,8000
mlp.linear_fc1,13,12.3062,0.125977,0,36.4045,36.4045,8000
mlp.linear_fc2,13,500,0.0698242,0,0.896,1,8000
self_attention.linear_proj,14,8.0625,0.0524902,0,55.5659,55.5659,8000
self_attention.linear_qkv,14,12.7676,0.119141,0,35.0889,35.0889,8000
mlp.linear_fc1,14,12.4682,0.124023,0,35.9315,35.9315,8000
mlp.linear_fc2,14,430,0.0644531,0,1.04186,1.04186,8000
self_attention.linear_proj,15,17.375,0.0810547,0,25.7842,25.7842,8000
self_attention.linear_qkv,15,12.4225,0.124023,0,36.0637,36.0637,8000
mlp.linear_fc1,15,11.9803,0.124512,0,37.3949,37.3949,8000
mlp.linear_fc2,15,556,0.0620117,0,0.805755,1,8000
self_attention.linear_proj,16,19.5,0.0529785,0,22.9744,22.9744,8000
self_attention.linear_qkv,16,11.7699,0.120605,0,38.063,38.063,8000
mlp.linear_fc1,16,11.6648,0.137695,0,38.4061,38.4061,8000
mlp.linear_fc2,16,688,0.0654297,0,0.651163,1,8000
self_attention.linear_proj,29,23.625,0.0644531,0,18.963,18.963,8000
self_attention.linear_qkv,29,7.83664,0.123535,0,57.1673,57.1673,8000
mlp.linear_fc1,29,7.79837,0.131836,0,57.4479,57.4479,8000
mlp.linear_fc2,29,676,0.0634766,0,0.662722,1,8000
self_attention.linear_proj,30,24.125,0.0732422,0,18.5699,18.5699,8000
self_attention.linear_qkv,30,7.73191,0.121094,0,57.9417,57.9417,8000
mlp.linear_fc1,30,7.69086,0.138672,0,58.251,58.251,8000
mlp.linear_fc2,30,924,0.0625,0,0.484848,1,8000
self_attention.linear_proj,31,16.25,0.0668945,0,27.5692,27.5692,8000
self_attention.linear_qkv,31,7.31128,0.119141,0,61.2752,61.2752,8000
mlp.linear_fc1,31,7.69134,0.137695,0,58.2473,58.2473,8000
mlp.linear_fc2,31,968,0.0668945,0,0.46281,1,8000
self_attention.linear_proj,32,21.125,0.0576172,0,21.2071,21.2071,8000
self_attention.linear_qkv,32,7.76101,0.116211,0,57.7244,57.7244,8000
mlp.linear_fc1,32,8.12056,0.125977,0,55.1686,55.1686,8000
mlp.linear_fc2,32,920,0.0634766,0,0.486957,1,8000
self_attention.linear_proj,45,24.875,0.059082,0,18.01,18.01,8000
self_attention.linear_qkv,45,13.9463,0.118652,0,32.1233,32.1233,8000
mlp.linear_fc1,45,14.1942,0.143555,0,31.5623,31.5623,8000
mlp.linear_fc2,45,676,0.0688477,0,0.662722,1,8000
self_attention.linear_proj,46,26,0.0639648,0,17.2308,17.2308,8000
self_attention.linear_qkv,46,14.5867,0.120605,0,30.713,30.713,8000
mlp.linear_fc1,46,14.9518,0.137695,0,29.963,29.963,8000
mlp.linear_fc2,46,884,0.0664062,0,0.506787,1,8000
self_attention.linear_proj,47,23.125,0.0585938,0,19.373,19.373,8000
self_attention.linear_qkv,47,15.2035,0.117676,0,29.4669,29.4669,8000
mlp.linear_fc1,47,15.5269,0.131836,0,28.8531,28.8531,8000
mlp.linear_fc2,47,326,0.065918,0,1.37423,1.37423,8000
self_attention.linear_proj,48,24.875,0.065918,0,18.01,18.01,8000
self_attention.linear_qkv,48,16.2626,0.12793,0,27.5479,27.5479,8000
mlp.linear_fc1,48,16.3494,0.125,0,27.4017,27.4017,8000
mlp.linear_fc2,48,572,0.0732422,0,0.783217,1,8000
self_attention.linear_proj,61,20,0.0942383,0,22.4,22.4,8000
self_attention.linear_qkv,61,39.0349,0.119141,0,11.4769,11.4769,8000
mlp.linear_fc1,61,41.3209,0.135742,0,10.842,10.842,8000
mlp.linear_fc2,61,1720,0.174805,0,0.260465,1,8000
self_attention.linear_proj,62,31,0.0825195,0,14.4516,14.4516,8000
self_attention.linear_qkv,62,44.2303,0.113281,0,10.1288,10.1288,8000
mlp.linear_fc1,62,46.4854,0.12793,0,9.63742,9.63742,8000
mlp.linear_fc2,62,1976,0.158203,0,0.226721,1,8000
self_attention.linear_proj,63,17,0.0839844,0,26.3529,26.3529,8000
self_attention.linear_qkv,63,48.8273,0.11377,0,9.1752,9.1752,8000
mlp.linear_fc1,63,50.881,0.129883,0,8.80486,8.80486,8000
mlp.linear_fc2,63,1688,0.174805,0,0.265403,1,8000
self_attention.linear_proj,0,25.75,0.269531,0,17.3981,17.3981,12000
self_attention.linear_qkv,0,7.00796,0.166016,0,63.9273,63.9273,12000
mlp.linear_fc1,0,17.8986,0.162109,0,25.0299,25.0299,12000
mlp.linear_fc2,0,740,0.496094,0,0.605405,1,12000
self_attention.linear_proj,1,13.8125,0.316406,0,32.4344,32.4344,12000
self_attention.linear_qkv,1,39.1154,0.148438,0,11.4533,11.4533,12000
mlp.linear_fc1,1,15.5687,0.161133,0,28.7757,28.7757,12000
mlp.linear_fc2,1,1728,0.519531,0,0.259259,1,12000
self_attention.linear_proj,2,15.9375,0.234375,0,28.1098,28.1098,12000
self_attention.linear_qkv,2,38.6849,0.164062,0,11.5807,11.5807,12000
mlp.linear_fc1,2,14.8392,0.164062,0,30.1904,30.1904,12000
mlp.linear_fc2,2,720,0.279297,0,0.622222,1,12000
self_attention.linear_proj,3,23.625,0.227539,0,18.963,18.963,12000
self_attention.linear_qkv,3,42.5798,0.154297,0,10.5214,10.5214,12000
mlp.linear_fc1,3,21.4472,0.15918,0,20.8885,20.8885,12000
mlp.linear_fc2,3,860,0.271484,0,0.52093,1,12000
self_attention.linear_proj,4,22.375,0.425781,0,20.0223,20.0223,12000
self_attention.linear_qkv,4,41.8253,0.157227,0,10.7112,10.7112,12000
mlp.linear_fc1,4,23.9032,0.180664,0,18.7423,18.7423,12000
mlp.linear_fc2,4,1240,0.235352,0,0.36129,1,12000
self_attention.linear_proj,17,42.5,0.15625,0,10.5412,10.5412,12000
self_attention.linear_qkv,17,51.1366,0.1875,0,8.76084,8.76084,12000
mlp.linear_fc1,17,24.5067,0.157227,0,18.2807,18.2807,12000
mlp.linear_fc2,17,964,0.151367,0,0.46473,1,12000
self_attention.linear_proj,18,25.375,0.162109,0,17.6552,17.6552,12000
self_attention.linear_qkv,18,45.6007,0.146484,0,9.82441,9.82441,12000
mlp.linear_fc1,18,25.342,0.163086,0,17.6781,17.6781,12000
mlp.linear_fc2,18,676,0.150391,0,0.662722,1,12000
self_attention.linear_proj,19,43,0.166016,0,10.4186,10.4186,12000
self_attention.linear_qkv,19,45.5745,0.195312,0,9.83005,9.83005,12000
mlp.linear_fc1,19,24.1021,0.149414,0,18.5876,18.5876,12000
mlp.linear_fc2,19,1048,0.169922,0,0.427481,1,12000
self_attention.linear_proj,20,27.875,0.119629,0,16.0717,16.0717,12000
self_attention.linear_qkv,20,41.514,0.137695,0,10.7915,10.7915,12000
mlp.linear_fc1,20,25.5203,0.147461,0,17.5546,17.5546,12000
mlp.linear_fc2,20,880,0.131836,0,0.509091,1,12000
self_attention.linear_proj,33,31.5,0.104004,0,14.2222,14.2222,12000
self_attention.linear_qkv,33,30.0887,0.140625,0,14.8893,14.8893,12000
mlp.linear_fc1,33,29.2122,0.157227,0,15.3361,15.3361,12000
mlp.linear_fc2,33,1000,0.175781,0,0.448,1,12000
self_attention.linear_proj,34,41.25,0.139648,0,10.8606,10.8606,12000
self_attention.linear_qkv,34,29.5229,0.162109,0,15.1747,15.1747,12000
mlp.linear_fc1,34,27.6981,0.150391,0,16.1744,16.1744,12000
mlp.linear_fc2,34,1104,0.129883,0,0.405797,1,12000
self_attention.linear_proj,35,30.875,0.108398,0,14.5101,14.5101,12000
self_attention.linear_qkv,35,26.5653,0.167969,0,16.8641,16.8641,12000
mlp.linear_fc1,35,27.0143,0.146484,0,16.5838,16.5838,12000
mlp.linear_fc2,35,1488,0.15332,0,0.301075,1,12000
self_attention.linear_proj,36,26.125,0.104492,0,17.1483,17.1483,12000
self_attention.linear_qkv,36,26.3442,0.148438,0,17.0056,17.0056,12000
mlp.linear_fc1,36,25.0877,0.154297,0,17.8574,17.8574,12000
mlp.linear_fc2,36,1232,0.124512,0,0.363636,1,12000
self_attention.linear_proj,49,43.75,0.139648,0,10.24,10.24,12000
self_attention.linear_qkv,49,40.3841,0.160156,0,11.0935,11.0935,12000
mlp.linear_fc1,49,29.8113,0.158203,0,15.0279,15.0279,12000
mlp.linear_fc2,49,1504,0.170898,0,0.297872,1,12000
self_attention.linear_proj,50,27.5,0.186523,0,16.2909,16.2909,12000
self_attention.linear_qkv,50,40.9523,0.132812,0,10.9396,10.9396,12000
mlp.linear_fc1,50,29.3032,0.21875,0,15.2884,15.2884,12000
mlp.linear_fc2,50,2208,0.169922,0,0.202899,1,12000
self_attention.linear_proj,51,30.5,0.137695,0,14.6885,14.6885,12000
self_attention.linear_qkv,51,41.0868,0.140625,0,10.9037,10.9037,12000
mlp.linear_fc1,51,29.9397,0.149414,0,14.9634,14.9634,12000
mlp.linear_fc2,51,2656,0.209961,0,0.168675,1,12000
self_attention.linear_proj,52,32.75,0.192383,0,13.6794,13.6794,12000
self_attention.linear_qkv,52,40.979,0.128906,0,10.9324,10.9324,12000
mlp.linear_fc1,52,29.6098,0.15625,0,15.1301,15.1301,12000
mlp.linear_fc2,52,3392,0.178711,0,0.132075,1,12000
self_attention.linear_proj,5,30.75,0.255859,0,14.5691,14.5691,12000
self_attention.linear_qkv,5,44.7288,0.158203,0,10.0159,10.0159,12000
mlp.linear_fc1,5,23.7306,0.173828,0,18.8786,18.8786,12000
mlp.linear_fc2,5,11776,0.349609,0,0.0380435,1,12000
self_attention.linear_proj,6,43,0.138672,0,10.4186,10.4186,12000
self_attention.linear_qkv,6,48.851,0.171875,0,9.17075,9.17075,12000
mlp.linear_fc1,6,21.4702,0.162109,0,20.8662,20.8662,12000
mlp.linear_fc2,6,576,0.230469,0,0.777778,1,12000
self_attention.linear_proj,7,49.75,0.180664,0,9.00502,9.00502,12000
self_attention.linear_qkv,7,50.6733,0.179688,0,8.83045,8.83045,12000
mlp.linear_fc1,7,19.9208,0.164062,0,22.489,22.489,12000
mlp.linear_fc2,7,1928,0.234375,0,0.232365,1,12000
self_attention.linear_proj,8,33,0.160156,0,13.5758,13.5758,12000
self_attention.linear_qkv,8,46.1847,0.167969,0,9.70019,9.70019,12000
mlp.linear_fc1,8,18.25,0.180664,0,24.5479,24.5479,12000
mlp.linear_fc2,8,1080,0.148438,0,0.414815,1,12000
self_attention.linear_proj,21,36.5,0.140625,0,12.274,12.274,12000
self_attention.linear_qkv,21,41.6738,0.149414,0,10.7502,10.7502,12000
mlp.linear_fc1,21,27.965,0.169922,0,16.02,16.02,12000
mlp.linear_fc2,21,1776,0.178711,0,0.252252,1,12000
self_attention.linear_proj,22,50.25,0.137695,0,8.91542,8.91542,12000
self_attention.linear_qkv,22,46.51,0.171875,0,9.63234,9.63234,12000
mlp.linear_fc1,22,28.4481,0.150391,0,15.748,15.748,12000
mlp.linear_fc2,22,708,0.121582,0,0.632768,1,12000
self_attention.linear_proj,23,44.5,0.135742,0,10.0674,10.0674,12000
self_attention.linear_qkv,23,43.9597,0.179688,0,10.1912,10.1912,12000
mlp.linear_fc1,23,28.3667,0.157227,0,15.7932,15.7932,12000
mlp.linear_fc2,23,1344,0.119141,0,0.333333,1,12000
self_attention.linear_proj,24,40.5,0.130859,0,11.0617,11.0617,12000
self_attention.linear_qkv,24,40.92,0.167969,0,10.9482,10.9482,12000
mlp.linear_fc1,24,29.0528,0.167969,0,15.4202,15.4202,12000
mlp.linear_fc2,24,1232,0.109863,0,0.363636,1,12000
self_attention.linear_proj,37,11.3125,0.0883789,0,39.6022,39.6022,12000
self_attention.linear_qkv,37,26.0318,0.154297,0,17.2097,17.2097,12000
mlp.linear_fc1,37,23.7587,0.154297,0,18.8563,18.8563,12000
mlp.linear_fc2,37,1136,0.136719,0,0.394366,1,12000
self_attention.linear_proj,38,29.25,0.121094,0,15.3162,15.3162,12000
self_attention.linear_qkv,38,30.1535,0.15625,0,14.8573,14.8573,12000
mlp.linear_fc1,38,24.6844,0.147461,0,18.1491,18.1491,12000
mlp.linear_fc2,38,1632,0.148438,0,0.27451,1,12000
self_attention.linear_proj,39,16.75,0.0976562,0,26.7463,26.7463,12000
self_attention.linear_qkv,39,29.6921,0.125977,0,15.0882,15.0882,12000
mlp.linear_fc1,39,26.4248,0.154297,0,16.9537,16.9537,12000
mlp.linear_fc2,39,1352,0.126953,0,0.331361,1,12000
self_attention.linear_proj,40,27,0.111816,0,16.5926,16.5926,12000
self_attention.linear_qkv,40,30.6253,0.131836,0,14.6284,14.6284,12000
mlp.linear_fc1,40,26.4087,0.147461,0,16.9641,16.9641,12000
mlp.linear_fc2,40,1848,0.163086,0,0.242424,1,12000
self_attention.linear_proj,53,35,0.140625,0,12.8,12.8,12000
self_attention.linear_qkv,53,41.0545,0.168945,0,10.9123,10.9123,12000
mlp.linear_fc1,53,31.0553,0.265625,0,14.4259,14.4259,12000
mlp.linear_fc2,53,2160,0.224609,0,0.207407,1,12000
self_attention.linear_proj,54,30,0.15625,0,14.9333,14.9333,12000
self_attention.linear_qkv,54,42.0684,0.141602,0,10.6493,10.6493,12000
mlp.linear_fc1,54,33.2807,0.171875,0,13.4613,13.4613,12000
mlp.linear_fc2,54,2592,0.257812,0,0.17284,1,12000
self_attention.linear_proj,55,54.25,0.21582,0,8.25806,8.25806,12000
self_attention.linear_qkv,55,44.2849,0.189453,0,10.1163,10.1163,12000
mlp.linear_fc1,55,33.7884,0.332031,0,13.259,13.259,12000
mlp.linear_fc2,55,7072,0.326172,0,0.0633484,1,12000
self_attention.linear_proj,56,30.125,0.183594,0,14.8714,14.8714,12000
self_attention.linear_qkv,56,44.684,0.146484,0,10.026,10.026,12000
mlp.linear_fc1,56,37.7499,0.351562,0,11.8676,11.8676,12000
mlp.linear_fc2,56,8640,0.324219,0,0.0518519,1,12000
self_attention.linear_proj,9,26.125,0.146484,0,17.1483,17.1483,12000
self_attention.linear_qkv,9,45.7975,0.138672,0,9.7822,9.7822,12000
mlp.linear_fc1,9,18.9998,0.178711,0,23.5792,23.5792,12000
mlp.linear_fc2,9,612,0.171875,0,0.732026,1,12000
self_attention.linear_proj,10,29.375,0.166016,0,15.2511,15.2511,12000
self_attention.linear_qkv,10,48.4142,0.146484,0,9.25349,9.25349,12000
mlp.linear_fc1,10,18.5586,0.15332,0,24.1397,24.1397,12000
mlp.linear_fc2,10,1432,0.200195,0,0.312849,1,12000
self_attention.linear_proj,11,23.5,0.147461,0,19.0638,19.0638,12000
self_attention.linear_qkv,11,43.8187,0.148438,0,10.224,10.224,12000
mlp.linear_fc1,11,17.8971,0.15918,0,25.032,25.032,12000
mlp.linear_fc2,11,804,0.165039,0,0.557214,1,12000
self_attention.linear_proj,12,26.875,0.165039,0,16.6698,16.6698,12000
self_attention.linear_qkv,12,45.7321,0.138672,0,9.79619,9.79619,12000
mlp.linear_fc1,12,20.4308,0.155273,0,21.9277,21.9277,12000
mlp.linear_fc2,12,4416,0.189453,0,0.101449,1,12000
self_attention.linear_proj,25,45.5,0.116211,0,9.84615,9.84615,12000
self_attention.linear_qkv,25,36.7929,0.185547,0,12.1763,12.1763,12000
mlp.linear_fc1,25,29.306,0.162109,0,15.287,15.287,12000
mlp.linear_fc2,25,1256,0.114746,0,0.356688,1,12000
self_attention.linear_proj,26,39,0.125977,0,11.4872,11.4872,12000
self_attention.linear_qkv,26,33.8493,0.169922,0,13.2351,13.2351,12000
mlp.linear_fc1,26,28.5398,0.15918,0,15.6974,15.6974,12000
mlp.linear_fc2,26,1152,0.108887,0,0.388889,1,12000
self_attention.linear_proj,27,50.5,0.131836,0,8.87129,8.87129,12000
self_attention.linear_qkv,27,36.9614,0.18457,0,12.1207,12.1207,12000
mlp.linear_fc1,27,27.7502,0.160156,0,16.144,16.144,12000
mlp.linear_fc2,27,1304,0.103516,0,0.343558,1,12000
self_attention.linear_proj,28,39.5,0.108887,0,11.3418,11.3418,12000
self_attention.linear_qkv,28,34.6538,0.155273,0,12.9279,12.9279,12000
mlp.linear_fc1,28,28.6177,0.155273,0,15.6546,15.6546,12000
mlp.linear_fc2,28,1184,0.125,0,0.378378,1,12000
self_attention.linear_proj,41,15.0625,0.0883789,0,29.7427,29.7427,12000
self_attention.linear_qkv,41,31.4307,0.161133,0,14.2536,14.2536,12000
mlp.linear_fc1,41,26.0615,0.170898,0,17.1901,17.1901,12000
mlp.linear_fc2,41,1776,0.132812,0,0.252252,1,12000
self_attention.linear_proj,42,11,0.0854492,0,40.7273,40.7273,12000
self_attention.linear_qkv,42,32.923,0.126953,0,13.6075,13.6075,12000
mlp.linear_fc1,42,26.6506,0.148438,0,16.8101,16.8101,12000
mlp.linear_fc2,42,892,0.143555,0,0.502242,1,12000
self_attention.linear_proj,43,15.75,0.106445,0,28.4444,28.4444,12000
self_attention.linear_qkv,43,34.8167,0.125977,0,12.8674,12.8674,12000
mlp.linear_fc1,43,28.1322,0.164062,0,15.9248,15.9248,12000
mlp.linear_fc2,43,2688,0.161133,0,0.166667,1,12000
self_attention.linear_proj,44,15,0.0888672,0,29.8667,29.8667,12000
self_attention.linear_qkv,44,35.1903,0.161133,0,12.7308,12.7308,12000
mlp.linear_fc1,44,26.6922,0.150391,0,16.7839,16.7839,12000
mlp.linear_fc2,44,1416,0.176758,0,0.316384,1,12000
self_attention.linear_proj,57,41.5,0.181641,0,10.7952,10.7952,12000
self_attention.linear_qkv,57,45.426,0.170898,0,9.8622,9.8622,12000
mlp.linear_fc1,57,39.146,0.237305,0,11.4443,11.4443,12000
mlp.linear_fc2,57,9280,0.318359,0,0.0482759,1,12000
self_attention.linear_proj,58,33,0.269531,0,13.5758,13.5758,12000
self_attention.linear_qkv,58,48.1366,0.169922,0,9.30684,9.30684,12000
mlp.linear_fc1,58,43.6659,0.414062,0,10.2597,10.2597,12000
mlp.linear_fc2,58,4064,0.507812,0,0.110236,1,12000
self_attention.linear_proj,59,57.25,0.283203,0,7.82533,7.82533,12000
self_attention.linear_qkv,59,51.0887,0.15625,0,8.76905,8.76905,12000
mlp.linear_fc1,59,50.3794,0.392578,0,8.89252,8.89252,12000
mlp.linear_fc2,59,3920,0.511719,0,0.114286,1,12000
self_attention.linear_proj,60,43,0.217773,0,10.4186,10.4186,12000
self_attention.linear_qkv,60,52.2603,0.140625,0,8.57246,8.57246,12000
mlp.linear_fc1,60,55.4551,0.291016,0,8.0786,8.0786,12000
mlp.linear_fc2,60,4608,0.494141,0,0.0972222,1,12000
self_attention.linear_proj,13,46.5,0.124512,0,9.63441,9.63441,12000
self_attention.linear_qkv,13,43.809,0.143555,0,10.2262,10.2262,12000
mlp.linear_fc1,13,20.7259,0.154297,0,21.6154,21.6154,12000
mlp.linear_fc2,13,2080,0.236328,0,0.215385,1,12000
self_attention.linear_proj,14,12.6875,0.119629,0,35.3103,35.3103,12000
self_attention.linear_qkv,14,45.2032,0.125977,0,9.91081,9.91081,12000
mlp.linear_fc1,14,20.6908,0.154297,0,21.6521,21.6521,12000
mlp.linear_fc2,14,956,0.233398,0,0.468619,1,12000
self_attention.linear_proj,15,29.5,0.154297,0,15.1864,15.1864,12000
self_attention.linear_qkv,15,45.9445,0.15332,0,9.7509,9.7509,12000
mlp.linear_fc1,15,22.6968,0.163086,0,19.7384,19.7384,12000
mlp.linear_fc2,15,824,0.251953,0,0.543689,1,12000
self_attention.linear_proj,16,24.125,0.138672,0,18.5699,18.5699,12000
self_attention.linear_qkv,16,47.7731,0.140625,0,9.37766,9.37766,12000
mlp.linear_fc1,16,24.7732,0.161133,0,18.084,18.084,12000
mlp.linear_fc2,16,1640,0.191406,0,0.273171,1,12000
self_attention.linear_proj,29,40.75,0.125977,0,10.9939,10.9939,12000
self_attention.linear_qkv,29,34.5173,0.149414,0,12.979,12.979,12000
mlp.linear_fc1,29,29.0751,0.155273,0,15.4084,15.4084,12000
mlp.linear_fc2,29,1248,0.108887,0,0.358974,1,12000
self_attention.linear_proj,30,41,0.140625,0,10.9268,10.9268,12000
self_attention.linear_qkv,30,32.9543,0.162109,0,13.5946,13.5946,12000
mlp.linear_fc1,30,29.9549,0.161133,0,14.9558,14.9558,12000
mlp.linear_fc2,30,1368,0.15625,0,0.327485,1,12000
self_attention.linear_proj,31,27.75,0.103516,0,16.1441,16.1441,12000
self_attention.linear_qkv,31,31.6813,0.135742,0,14.1408,14.1408,12000
mlp.linear_fc1,31,29.7795,0.15332,0,15.0439,15.0439,12000
mlp.linear_fc2,31,1336,0.118164,0,0.335329,1,12000
self_attention.linear_proj,32,32,0.108398,0,14,14,12000
self_attention.linear_qkv,32,31.4182,0.144531,0,14.2592,14.2592,12000
mlp.linear_fc1,32,29.2734,0.145508,0,15.304,15.304,12000
mlp.linear_fc2,32,1296,0.132812,0,0.345679,1,12000
self_attention.linear_proj,45,35,0.10498,0,12.8,12.8,12000
self_attention.linear_qkv,45,37.4115,0.157227,0,11.9749,11.9749,12000
mlp.linear_fc1,45,27.8165,0.151367,0,16.1056,16.1056,12000
mlp.linear_fc2,45,1976,0.146484,0,0.226721,1,12000
self_attention.linear_proj,46,38.75,0.114746,0,11.5613,11.5613,12000
self_attention.linear_qkv,46,37.824,0.143555,0,11.8443,11.8443,12000
mlp.linear_fc1,46,28.4936,0.152344,0,15.7228,15.7228,12000
mlp.linear_fc2,46,1704,0.173828,0,0.262911,1,12000
self_attention.linear_proj,47,38.75,0.124512,0,11.5613,11.5613,12000
self_attention.linear_qkv,47,40.0609,0.140625,0,11.183,11.183,12000
mlp.linear_fc1,47,28.0184,0.179688,0,15.9895,15.9895,12000
mlp.linear_fc2,47,1120,0.243164,0,0.4,1,12000
self_attention.linear_proj,48,37.25,0.134766,0,12.0268,12.0268,12000
self_attention.linear_qkv,48,39.9442,0.161133,0,11.2156,11.2156,12000
mlp.linear_fc1,48,28.6228,0.151367,0,15.6519,15.6519,12000
mlp.linear_fc2,48,1608,0.206055,0,0.278607,1,12000
self_attention.linear_proj,61,30.875,0.291016,0,14.5101,14.5101,12000
self_attention.linear_qkv,61,56.2308,0.131836,0,7.96716,7.96716,12000
mlp.linear_fc1,61,60.6234,0.242188,0,7.38989,7.38989,12000
mlp.linear_fc2,61,5152,0.550781,0,0.0869565,1,12000
self_attention.linear_proj,62,54.5,0.261719,0,8.22018,8.22018,12000
self_attention.linear_qkv,62,59.761,0.171875,0,7.49652,7.49652,12000
mlp.linear_fc1,62,63.0794,0.15918,0,7.10216,7.10216,12000
mlp.linear_fc2,62,5536,0.535156,0,0.0809249,1,12000
self_attention.linear_proj,63,19.875,0.25,0,22.5409,22.5409,12000
self_attention.linear_qkv,63,62.8968,0.121582,0,7.12278,7.12278,12000
mlp.linear_fc1,63,63.6514,0.174805,0,7.03834,7.03834,12000
mlp.linear_fc2,63,3856,0.527344,0,0.116183,1,12000
self_attention.linear_proj,0,25.625,0.416016,0,17.4829,17.4829,16000
self_attention.linear_qkv,0,11.1879,0.196289,0,40.0432,40.0432,16000
mlp.linear_fc1,0,12.3549,0.226562,0,36.2608,36.2608,16000
mlp.linear_fc2,0,1648,0.863281,0,0.271845,1,16000
self_attention.linear_proj,1,13.9375,0.636719,0,32.1435,32.1435,16000
self_attention.linear_qkv,1,37.6586,0.18457,0,11.8963,11.8963,16000
mlp.linear_fc1,1,12.0381,0.204102,0,37.215,37.215,16000
mlp.linear_fc2,1,2976,0.890625,0,0.150538,1,16000
self_attention.linear_proj,2,14.75,0.546875,0,30.3729,30.3729,16000
self_attention.linear_qkv,2,34.3414,0.21582,0,13.0455,13.0455,16000
mlp.linear_fc1,2,9.93786,0.191406,0,45.0801,45.0801,16000
mlp.linear_fc2,2,820,0.5625,0,0.546341,1,16000
self_attention.linear_proj,3,19.5,0.585938,0,22.9744,22.9744,16000
self_attention.linear_qkv,3,43.6764,0.195312,0,10.2572,10.2572,16000
mlp.linear_fc1,3,12.4817,0.182617,0,35.8926,35.8926,16000
mlp.linear_fc2,3,2768,0.466797,0,0.16185,1,16000
self_attention.linear_proj,4,19.5,0.96875,0,22.9744,22.9744,16000
self_attention.linear_qkv,4,39.5538,0.188477,0,11.3263,11.3263,16000
mlp.linear_fc1,4,14.8309,0.201172,0,30.2071,30.2071,16000
mlp.linear_fc2,4,2864,0.535156,0,0.156425,1,16000
self_attention.linear_proj,17,45.75,0.291016,0,9.79235,9.79235,16000
self_attention.linear_qkv,17,53.4594,0.214844,0,8.38019,8.38019,16000
mlp.linear_fc1,17,19.0645,0.189453,0,23.4992,23.4992,16000
mlp.linear_fc2,17,728,0.382812,0,0.615385,1,16000
self_attention.linear_proj,18,29.5,0.255859,0,15.1864,15.1864,16000
self_attention.linear_qkv,18,48.9035,0.178711,0,9.16089,9.16089,16000
mlp.linear_fc1,18,17.9857,0.201172,0,24.9087,24.9087,16000
mlp.linear_fc2,18,904,0.386719,0,0.495575,1,16000
self_attention.linear_proj,19,44.5,0.259766,0,10.0674,10.0674,16000
self_attention.linear_qkv,19,51.1883,0.234375,0,8.752,8.752,16000
mlp.linear_fc1,19,14.6172,0.18457,0,30.6489,30.6489,16000
mlp.linear_fc2,19,1040,0.386719,0,0.430769,1,16000
self_attention.linear_proj,20,29.25,0.223633,0,15.3162,15.3162,16000
self_attention.linear_qkv,20,46.827,0.171875,0,9.56712,9.56712,16000
mlp.linear_fc1,20,16.8643,0.181641,0,26.565,26.565,16000
mlp.linear_fc2,20,928,0.550781,0,0.482759,1,16000
self_attention.linear_proj,33,38.75,0.18457,0,11.5613,11.5613,16000
self_attention.linear_qkv,33,44.7117,0.175781,0,10.0198,10.0198,16000
mlp.linear_fc1,33,29.216,0.168945,0,15.334,15.334,16000
mlp.linear_fc2,33,1320,0.400391,0,0.339394,1,16000
self_attention.linear_proj,34,50.75,0.203125,0,8.82759,8.82759,16000
self_attention.linear_qkv,34,47.8887,0.201172,0,9.35503,9.35503,16000
mlp.linear_fc1,34,30.9882,0.195312,0,14.4571,14.4571,16000
mlp.linear_fc2,34,1176,0.347656,0,0.380952,1,16000
self_attention.linear_proj,35,36.75,0.222656,0,12.1905,12.1905,16000
self_attention.linear_qkv,35,47.0843,0.170898,0,9.51486,9.51486,16000
mlp.linear_fc1,35,32.2371,0.182617,0,13.897,13.897,16000
mlp.linear_fc2,35,1824,0.335938,0,0.245614,1,16000
self_attention.linear_proj,36,31.75,0.168945,0,14.1102,14.1102,16000
self_attention.linear_qkv,36,44.3081,0.188477,0,10.111,10.111,16000
mlp.linear_fc1,36,32.0389,0.172852,0,13.983,13.983,16000
mlp.linear_fc2,36,1360,0.318359,0,0.329412,1,16000
self_attention.linear_proj,49,45.5,0.204102,0,9.84615,9.84615,16000
self_attention.linear_qkv,49,50.0591,0.189453,0,8.94942,8.94942,16000
mlp.linear_fc1,49,39.4094,0.172852,0,11.3678,11.3678,16000
mlp.linear_fc2,49,2008,0.28125,0,0.223108,1,16000
self_attention.linear_proj,50,27,0.174805,0,16.5926,16.5926,16000
self_attention.linear_qkv,50,50.5449,0.154297,0,8.86341,8.86341,16000
mlp.linear_fc1,50,40.6502,0.289062,0,11.0209,11.0209,16000
mlp.linear_fc2,50,2384,0.326172,0,0.187919,1,16000
self_attention.linear_proj,51,35.75,0.197266,0,12.5315,12.5315,16000
self_attention.linear_qkv,51,50.225,0.172852,0,8.91986,8.91986,16000
mlp.linear_fc1,51,43.0271,0.175781,0,10.4121,10.4121,16000
mlp.linear_fc2,51,2800,0.291016,0,0.16,1,16000
self_attention.linear_proj,52,45.75,0.277344,0,9.79235,9.79235,16000
self_attention.linear_qkv,52,49.6514,0.160156,0,9.0229,9.0229,16000
mlp.linear_fc1,52,42.0361,0.169922,0,10.6575,10.6575,16000
mlp.linear_fc2,52,4800,0.251953,0,0.0933333,1,16000
self_attention.linear_proj,5,32.25,0.652344,0,13.8915,13.8915,16000
self_attention.linear_qkv,5,43.3377,0.197266,0,10.3374,10.3374,16000
mlp.linear_fc1,5,16.4218,0.211914,0,27.2808,27.2808,16000
mlp.linear_fc2,5,9856,0.804688,0,0.0454545,1,16000
self_attention.linear_proj,6,45.75,0.240234,0,9.79235,9.79235,16000
self_attention.linear_qkv,6,51.0368,0.227539,0,8.77799,8.77799,16000
mlp.linear_fc1,6,13.3495,0.208008,0,33.5592,33.5592,16000
mlp.linear_fc2,6,1024,0.498047,0,0.4375,1,16000
self_attention.linear_proj,7,50,0.345703,0,8.96,8.96,16000
self_attention.linear_qkv,7,55.166,0.207031,0,8.12094,8.12094,16000
mlp.linear_fc1,7,11.382,0.211914,0,39.3606,39.3606,16000
mlp.linear_fc2,7,1224,0.632812,0,0.366013,1,16000
self_attention.linear_proj,8,33.25,0.261719,0,13.4737,13.4737,16000
self_attention.linear_qkv,8,44.9247,0.232422,0,9.97225,9.97225,16000
mlp.linear_fc1,8,11.9386,0.22168,0,37.5254,37.5254,16000
mlp.linear_fc2,8,804,0.71875,0,0.557214,1,16000
self_attention.linear_proj,21,38.25,0.232422,0,11.7124,11.7124,16000
self_attention.linear_qkv,21,50.7095,0.176758,0,8.83464,8.83464,16000
mlp.linear_fc1,21,21.5232,0.219727,0,20.8147,20.8147,16000
mlp.linear_fc2,21,4384,0.558594,0,0.10219,1,16000
self_attention.linear_proj,22,60,0.206055,0,7.46667,7.46667,16000
self_attention.linear_qkv,22,59.6374,0.230469,0,7.51207,7.51207,16000
mlp.linear_fc1,22,19.4696,0.170898,0,23.0103,23.0103,16000
mlp.linear_fc2,22,796,0.361328,0,0.562814,1,16000
self_attention.linear_proj,23,49.75,0.197266,0,9.00502,9.00502,16000
self_attention.linear_qkv,23,55.4616,0.202148,0,8.07767,8.07767,16000
mlp.linear_fc1,23,17.3198,0.1875,0,25.8663,25.8663,16000
mlp.linear_fc2,23,1752,0.365234,0,0.255708,1,16000
self_attention.linear_proj,24,41.25,0.194336,0,10.8606,10.8606,16000
self_attention.linear_qkv,24,52.8688,0.205078,0,8.47381,8.47381,16000
mlp.linear_fc1,24,19.0437,0.186523,0,23.5248,23.5248,16000
mlp.linear_fc2,24,1368,0.310547,0,0.327485,1,16000
self_attention.linear_proj,37,14.8125,0.176758,0,30.2447,30.2447,16000
self_attention.linear_qkv,37,43.9249,0.145508,0,10.1992,10.1992,16000
mlp.linear_fc1,37,32.8884,0.171875,0,13.6218,13.6218,16000
mlp.linear_fc2,37,1608,0.302734,0,0.278607,1,16000
self_attention.linear_proj,38,29.5,0.223633,0,15.1864,15.1864,16000
self_attention.linear_qkv,38,50.0423,0.193359,0,8.95243,8.95243,16000
mlp.linear_fc1,38,32.9819,0.1875,0,13.5832,13.5832,16000
mlp.linear_fc2,38,1888,0.369141,0,0.237288,1,16000
self_attention.linear_proj,39,19.625,0.172852,0,22.828,22.828,16000
self_attention.linear_qkv,39,45.8567,0.147461,0,9.76957,9.76957,16000
mlp.linear_fc1,39,33.2494,0.170898,0,13.4739,13.4739,16000
mlp.linear_fc2,39,1176,0.326172,0,0.380952,1,16000
self_attention.linear_proj,40,29.625,0.200195,0,15.1224,15.1224,16000
self_attention.linear_qkv,40,43.7183,0.146484,0,10.2474,10.2474,16000
mlp.linear_fc1,40,32.1093,0.192383,0,13.9524,13.9524,16000
mlp.linear_fc2,40,2096,0.375,0,0.21374,1,16000
self_attention.linear_proj,53,40.75,0.162109,0,10.9939,10.9939,16000
self_attention.linear_qkv,53,49.3225,0.18457,0,9.08308,9.08308,16000
mlp.linear_fc1,53,43.4868,0.345703,0,10.302,10.302,16000
mlp.linear_fc2,53,3424,0.287109,0,0.130841,1,16000
self_attention.linear_proj,54,36,0.267578,0,12.4444,12.4444,16000
self_attention.linear_qkv,54,52.8426,0.167969,0,8.47801,8.47801,16000
mlp.linear_fc1,54,43.7216,0.255859,0,10.2467,10.2467,16000
mlp.linear_fc2,54,6144,0.427734,0,0.0729167,1,16000
self_attention.linear_proj,55,60.25,0.332031,0,7.43568,7.43568,16000
self_attention.linear_qkv,55,55.1588,0.210938,0,8.12201,8.12201,16000
mlp.linear_fc1,55,43.0642,0.402344,0,10.4031,10.4031,16000
mlp.linear_fc2,55,3600,0.410156,0,0.124444,1,16000
self_attention.linear_proj,56,33,0.283203,0,13.5758,13.5758,16000
self_attention.linear_qkv,56,53.8551,0.165039,0,8.31862,8.31862,16000
mlp.linear_fc1,56,47.1834,0.417969,0,9.49486,9.49486,16000
mlp.linear_fc2,56,4704,0.412109,0,0.0952381,1,16000
self_attention.linear_proj,9,27.75,0.285156,0,16.1441,16.1441,16000
self_attention.linear_qkv,9,45.1212,0.161133,0,9.92881,9.92881,16000
mlp.linear_fc1,9,12.1692,0.228516,0,36.8141,36.8141,16000
mlp.linear_fc2,9,704,0.722656,0,0.636364,1,16000
self_attention.linear_proj,10,31,0.347656,0,14.4516,14.4516,16000
self_attention.linear_qkv,10,47.6165,0.177734,0,9.40851,9.40851,16000
mlp.linear_fc1,10,11.2163,0.199219,0,39.9419,39.9419,16000
mlp.linear_fc2,10,1128,0.707031,0,0.397163,1,16000
self_attention.linear_proj,11,28.875,0.3125,0,15.5152,15.5152,16000
self_attention.linear_qkv,11,42.2412,0.173828,0,10.6058,10.6058,16000
mlp.linear_fc1,11,11.2845,0.203125,0,39.7003,39.7003,16000
mlp.linear_fc2,11,1488,0.746094,0,0.301075,1,16000
self_attention.linear_proj,12,28.125,0.326172,0,15.9289,15.9289,16000
self_attention.linear_qkv,12,45.9679,0.171875,0,9.74593,9.74593,16000
mlp.linear_fc1,12,12.1774,0.19043,0,36.7896,36.7896,16000
mlp.linear_fc2,12,2288,0.722656,0,0.195804,1,16000
self_attention.linear_proj,25,51.25,0.172852,0,8.74146,8.74146,16000
self_attention.linear_qkv,25,47.4006,0.225586,0,9.45135,9.45135,16000
mlp.linear_fc1,25,19.0338,0.188477,0,23.5371,23.5371,16000
mlp.linear_fc2,25,1248,0.453125,0,0.358974,1,16000
self_attention.linear_proj,26,45,0.220703,0,9.95556,9.95556,16000
self_attention.linear_qkv,26,44.3615,0.234375,0,10.0988,10.0988,16000
mlp.linear_fc1,26,21.7944,0.192383,0,20.5557,20.5557,16000
mlp.linear_fc2,26,1040,0.419922,0,0.430769,1,16000
self_attention.linear_proj,27,55.25,0.209961,0,8.1086,8.1086,16000
self_attention.linear_qkv,27,51.6903,0.224609,0,8.667,8.667,16000
mlp.linear_fc1,27,21.4799,0.198242,0,20.8567,20.8567,16000
mlp.linear_fc2,27,1472,0.337891,0,0.304348,1,16000
self_attention.linear_proj,28,53.75,0.205078,0,8.33488,8.33488,16000
self_attention.linear_qkv,28,51.1102,0.197266,0,8.76537,8.76537,16000
mlp.linear_fc1,28,21.5031,0.195312,0,20.8342,20.8342,16000
mlp.linear_fc2,28,1288,0.378906,0,0.347826,1,16000
self_attention.linear_proj,41,19.625,0.15332,0,22.828,22.828,16000
self_attention.linear_qkv,41,42.6887,0.163086,0,10.4946,10.4946,16000
mlp.linear_fc1,41,32.9991,0.239258,0,13.5761,13.5761,16000
mlp.linear_fc2,41,1976,0.241211,0,0.226721,1,16000
self_attention.linear_proj,42,14.0625,0.138672,0,31.8578,31.8578,16000
self_attention.linear_qkv,42,44.8867,0.133789,0,9.98068,9.98068,16000
mlp.linear_fc1,42,34.8744,0.175781,0,12.8461,12.8461,16000
mlp.linear_fc2,42,1200,0.388672,0,0.373333,1,16000
self_attention.linear_proj,43,22.75,0.154297,0,19.6923,19.6923,16000
self_attention.linear_qkv,43,47.5391,0.139648,0,9.42382,9.42382,16000
mlp.linear_fc1,43,34.5645,0.209961,0,12.9613,12.9613,16000
mlp.linear_fc2,43,2160,0.40625,0,0.207407,1,16000
self_attention.linear_proj,44,18,0.136719,0,24.8889,24.8889,16000
self_attention.linear_qkv,44,46.9096,0.170898,0,9.55029,9.55029,16000
mlp.linear_fc1,44,35.9283,0.186523,0,12.4693,12.4693,16000
mlp.linear_fc2,44,1840,0.40625,0,0.243478,1,16000
self_attention.linear_proj,57,49,0.261719,0,9.14286,9.14286,16000
self_attention.linear_qkv,57,51.3985,0.182617,0,8.71622,8.71622,16000
mlp.linear_fc1,57,47.8648,0.335938,0,9.35969,9.35969,16000
mlp.linear_fc2,57,3728,0.425781,0,0.120172,1,16000
self_attention.linear_proj,58,39,0.355469,0,11.4872,11.4872,16000
self_attention.linear_qkv,58,55.5983,0.205078,0,8.0578,8.0578,16000
mlp.linear_fc1,58,50.1874,0.664062,0,8.92654,8.92654,16000
mlp.linear_fc2,58,5312,0.636719,0,0.0843373,1,16000
self_attention.linear_proj,59,63.25,0.308594,0,7.083,7.083,16000
self_attention.linear_qkv,59,54.6511,0.178711,0,8.19745,8.19745,16000
mlp.linear_fc1,59,55.094,0.449219,0,8.13156,8.13156,16000
mlp.linear_fc2,59,12352,0.535156,0,0.0362694,1,16000
self_attention.linear_proj,60,68.5,0.289062,0,6.54015,6.54015,16000
self_attention.linear_qkv,60,54.9125,0.178711,0,8.15843,8.15843,16000
mlp.linear_fc1,60,59.1014,0.34375,0,7.58019,7.58019,16000
mlp.linear_fc2,60,20352,0.527344,0,0.0220126,1,16000
self_attention.linear_proj,13,49.75,0.265625,0,9.00502,9.00502,16000
self_attention.linear_qkv,13,42.4297,0.178711,0,10.5586,10.5586,16000
mlp.linear_fc1,13,11.5846,0.189453,0,38.6722,38.6722,16000
mlp.linear_fc2,13,968,0.640625,0,0.46281,1,16000
self_attention.linear_proj,14,21.5,0.304688,0,20.8372,20.8372,16000
self_attention.linear_qkv,14,44.6253,0.162109,0,10.0391,10.0391,16000
mlp.linear_fc1,14,12.8893,0.181641,0,34.7576,34.7576,16000
mlp.linear_fc2,14,584,0.558594,0,0.767123,1,16000
self_attention.linear_proj,15,27.875,0.298828,0,16.0717,16.0717,16000
self_attention.linear_qkv,15,46.6027,0.198242,0,9.61318,9.61318,16000
mlp.linear_fc1,15,14.8505,0.194336,0,30.1674,30.1674,16000
mlp.linear_fc2,15,736,0.494141,0,0.608696,1,16000
self_attention.linear_proj,16,24.125,0.480469,0,18.5699,18.5699,16000
self_attention.linear_qkv,16,49.0049,0.15918,0,9.14194,9.14194,16000
mlp.linear_fc1,16,16.5269,0.174805,0,27.1073,27.1073,16000
mlp.linear_fc2,16,1456,0.458984,0,0.307692,1,16000
self_attention.linear_proj,29,51.75,0.228516,0,8.657,8.657,16000
self_attention.linear_qkv,29,49.1822,0.195312,0,9.10898,9.10898,16000
mlp.linear_fc1,29,20.0255,0.188477,0,22.3715,22.3715,16000
mlp.linear_fc2,29,1448,0.375,0,0.309392,1,16000
self_attention.linear_proj,30,48.25,0.231445,0,9.28497,9.28497,16000
self_attention.linear_qkv,30,54.6965,0.198242,0,8.19065,8.19065,16000
mlp.linear_fc1,30,25.3744,0.19043,0,17.6556,17.6556,16000
mlp.linear_fc2,30,1536,0.427734,0,0.291667,1,16000
self_attention.linear_proj,31,36,0.251953,0,12.4444,12.4444,16000
self_attention.linear_qkv,31,50.8887,0.163086,0,8.80353,8.80353,16000
mlp.linear_fc1,31,23.7387,0.171875,0,18.8722,18.8722,16000
mlp.linear_fc2,31,1832,0.472656,0,0.244541,1,16000
self_attention.linear_proj,32,40.75,0.244141,0,10.9939,10.9939,16000
self_attention.linear_qkv,32,49.9451,0.168945,0,8.96985,8.96985,16000
mlp.linear_fc1,32,26.2681,0.169922,0,17.0549,17.0549,16000
mlp.linear_fc2,32,1280,0.462891,0,0.35,1,16000
self_attention.linear_proj,45,37.25,0.151367,0,12.0268,12.0268,16000
self_attention.linear_qkv,45,46.8596,0.174805,0,9.56047,9.56047,16000
mlp.linear_fc1,45,37.231,0.191406,0,12.033,12.033,16000
mlp.linear_fc2,45,1928,0.283203,0,0.232365,1,16000
self_attention.linear_proj,46,45.5,0.161133,0,9.84615,9.84615,16000
self_attention.linear_qkv,46,48.6853,0.165039,0,9.20195,9.20195,16000
mlp.linear_fc1,46,37.0631,0.181641,0,12.0875,12.0875,16000
mlp.linear_fc2,46,2752,0.376953,0,0.162791,1,16000
self_attention.linear_proj,47,43.25,0.167969,0,10.3584,10.3584,16000
self_attention.linear_qkv,47,47.2673,0.163086,0,9.47786,9.47786,16000
mlp.linear_fc1,47,38.595,0.25,0,11.6077,11.6077,16000
mlp.linear_fc2,47,2000,0.464844,0,0.224,1,16000
self_attention.linear_proj,48,41,0.193359,0,10.9268,10.9268,16000
self_attention.linear_qkv,48,48.2387,0.176758,0,9.28715,9.28715,16000
mlp.linear_fc1,48,38.7143,0.170898,0,11.572,11.572,16000
mlp.linear_fc2,48,1928,0.341797,0,0.232365,1,16000
self_attention.linear_proj,61,41.5,0.330078,0,10.7952,10.7952,16000
self_attention.linear_qkv,61,57.7861,0.150391,0,7.75272,7.75272,16000
mlp.linear_fc1,61,63.744,0.291016,0,7.02812,7.02812,16000
mlp.linear_fc2,61,6752,0.605469,0,0.0663507,1,16000
self_attention.linear_proj,62,60.5,0.318359,0,7.40496,7.40496,16000
self_attention.linear_qkv,62,60.8868,0.180664,0,7.35792,7.35792,16000
mlp.linear_fc1,62,66.2222,0.24707,0,6.7651,6.7651,16000
mlp.linear_fc2,62,9152,0.738281,0,0.048951,1,16000
self_attention.linear_proj,63,17,0.353516,0,26.3529,26.3529,16000
self_attention.linear_qkv,63,64.6328,0.148438,0,6.93147,6.93147,16000
mlp.linear_fc1,63,67.1045,0.294922,0,6.67616,6.67616,16000
mlp.linear_fc2,63,4832,0.65625,0,0.0927152,1,16000
self_attention.linear_proj,0,21.875,0.558594,19.5,20.48,20.48,20000
self_attention.linear_qkv,0,16.6311,0.208984,16.6269,26.9374,26.9374,20000
mlp.linear_fc1,0,8.58124,0.25,8.55024,52.2069,52.2069,20000
mlp.linear_fc2,0,1064,1.16406,209,0.421053,1,20000
self_attention.linear_proj,1,15.9375,0.945312,7.59375,28.1098,28.1098,20000
self_attention.linear_qkv,1,30.687,0.217773,30.5593,14.599,14.599,20000
mlp.linear_fc1,1,12.39,0.291016,7.6573,36.1581,36.1581,20000
mlp.linear_fc2,1,4480,1.20312,2160,0.1,1,20000
self_attention.linear_proj,2,13.625,0.902344,7.8125,32.8807,32.8807,20000
self_attention.linear_qkv,2,23.5724,0.253906,22.9467,19.0053,19.0053,20000
mlp.linear_fc1,2,10.3517,0.277344,4.59709,43.278,43.278,20000
mlp.linear_fc2,2,608,0.832031,122,0.736842,1,20000
self_attention.linear_proj,3,16.625,0.996094,10.5625,26.9474,26.9474,20000
self_attention.linear_qkv,3,38.2034,0.265625,37.2395,11.7267,11.7267,20000
mlp.linear_fc1,3,7.85218,0.273438,7.39416,57.0542,57.0542,20000
mlp.linear_fc2,3,664,0.644531,159,0.674699,1,20000
self_attention.linear_proj,4,16.75,1.4375,13.1875,26.7463,26.7463,20000
self_attention.linear_qkv,4,31.6397,0.243164,30.9771,14.1594,14.1594,20000
mlp.linear_fc1,4,9.16656,0.269531,9.04514,48.8733,48.8733,20000
mlp.linear_fc2,4,1256,0.773438,133,0.356688,1,20000
self_attention.linear_proj,17,44,0.412109,28.125,10.1818,10.1818,20000
self_attention.linear_qkv,17,53.0951,0.232422,52.9347,8.43769,8.43769,20000
mlp.linear_fc1,17,15.5889,0.220703,15.5359,28.7384,28.7384,20000
mlp.linear_fc2,17,592,0.601562,336,0.756757,1,20000
self_attention.linear_proj,18,27.375,0.384766,21.25,16.3653,16.3653,20000
self_attention.linear_qkv,18,47.6554,0.235352,47.4988,9.40082,9.40082,20000
mlp.linear_fc1,18,13.6731,0.207031,13.6341,32.7651,32.7651,20000
mlp.linear_fc2,18,676,0.589844,320,0.662722,1,20000
self_attention.linear_proj,19,41,0.382812,23.875,10.9268,10.9268,20000
self_attention.linear_qkv,19,50.3432,0.244141,50.2018,8.89891,8.89891,20000
mlp.linear_fc1,19,12.3084,0.209961,11.0509,36.3979,36.3979,20000
mlp.linear_fc2,19,960,0.546875,326,0.466667,1,20000
self_attention.linear_proj,20,37,0.339844,23,12.1081,12.1081,20000
self_attention.linear_qkv,20,45.4165,0.207031,45.2489,9.86425,9.86425,20000
mlp.linear_fc1,20,13.5823,0.202148,12.8686,32.984,32.984,20000
mlp.linear_fc2,20,764,0.664062,362,0.586387,1,20000
self_attention.linear_proj,33,48.5,0.249023,20.125,9.23711,9.23711,20000
self_attention.linear_qkv,33,40.3185,0.202148,40.0944,11.1115,11.1115,20000
mlp.linear_fc1,33,21.1945,0.21582,20.9189,21.1375,21.1375,20000
mlp.linear_fc2,33,1408,0.628906,660,0.318182,1,20000
self_attention.linear_proj,34,59.25,0.271484,42.75,7.56118,7.56118,20000
self_attention.linear_qkv,34,43.9968,0.222656,43.869,10.1825,10.1825,20000
mlp.linear_fc1,34,22.5425,0.231445,22.2826,19.8736,19.8736,20000
mlp.linear_fc2,34,1608,0.5625,636,0.278607,1,20000
self_attention.linear_proj,35,40.25,0.304688,32,11.1304,11.1304,20000
self_attention.linear_qkv,35,45.4768,0.200195,45.3998,9.85118,9.85118,20000
mlp.linear_fc1,35,25.215,0.207031,25.0069,17.7672,17.7672,20000
mlp.linear_fc2,35,1824,0.585938,528,0.245614,1,20000
self_attention.linear_proj,36,36.5,0.236328,29.5,12.274,12.274,20000
self_attention.linear_qkv,36,39.7967,0.197266,39.2693,11.2572,11.2572,20000
mlp.linear_fc1,36,25.9905,0.237305,25.5523,17.2371,17.2371,20000
mlp.linear_fc2,36,1512,0.554688,764,0.296296,1,20000
self_attention.linear_proj,49,50.25,0.271484,30.125,8.91542,8.91542,20000
self_attention.linear_qkv,49,46.8165,0.203125,46.7603,9.56928,9.56928,20000
mlp.linear_fc1,49,37.3625,0.210938,33.3673,11.9906,11.9906,20000
mlp.linear_fc2,49,4288,0.339844,3968,0.104478,1,20000
self_attention.linear_proj,50,28,0.285156,21.75,16,16,20000
self_attention.linear_qkv,50,48.166,0.183594,48.1178,9.30118,9.30118,20000
mlp.linear_fc1,50,38.2799,0.332031,34.2965,11.7033,11.7033,20000
mlp.linear_fc2,50,2688,0.386719,1448,0.166667,1,20000
self_attention.linear_proj,51,36.75,0.237305,31.625,12.1905,12.1905,20000
self_attention.linear_qkv,51,45.9444,0.193359,45.895,9.75091,9.75091,20000
mlp.linear_fc1,51,40.2591,0.21875,36.6673,11.1279,11.1279,20000
mlp.linear_fc2,51,2624,0.398438,1576,0.170732,1,20000
self_attention.linear_proj,52,46,0.326172,20,9.73913,9.73913,20000
self_attention.linear_qkv,52,47.5799,0.181641,47.5286,9.41575,9.41575,20000
mlp.linear_fc1,52,39.5332,0.224609,36.2487,11.3322,11.3322,20000
mlp.linear_fc2,52,4080,0.398438,1120,0.109804,1,20000
self_attention.linear_proj,5,30.625,1.02344,17.875,14.6286,14.6286,20000
self_attention.linear_qkv,5,36.1315,0.238281,35.6078,12.3992,12.3992,20000
mlp.linear_fc1,5,14.1757,0.267578,11.8223,31.6034,31.6034,20000
mlp.linear_fc2,5,9600,1.14844,1184,0.0466667,1,20000
self_attention.linear_proj,6,45.75,0.326172,16.875,9.79235,9.79235,20000
self_attention.linear_qkv,6,46.9629,0.255859,46.3995,9.53944,9.53944,20000
mlp.linear_fc1,6,9.67444,0.328125,9.35301,46.3076,46.3076,20000
mlp.linear_fc2,6,440,0.710938,148,1.01818,1.01818,20000
self_attention.linear_proj,7,45.25,0.486328,13.875,9.90055,9.90055,20000
self_attention.linear_qkv,7,53.468,0.253906,53.1351,8.37884,8.37884,20000
mlp.linear_fc1,7,9.27923,0.237305,9.00498,48.2799,48.2799,20000
mlp.linear_fc2,7,940,0.90625,258,0.476596,1,20000
self_attention.linear_proj,8,33,0.349609,17.875,13.5758,13.5758,20000
self_attention.linear_qkv,8,39.7396,0.279297,39.4896,11.2734,11.2734,20000
mlp.linear_fc1,8,9.2645,0.248047,8.98002,48.3566,48.3566,20000
mlp.linear_fc2,8,760,1.05469,430,0.589474,1,20000
self_attention.linear_proj,21,39.25,0.402344,29,11.414,11.414,20000
self_attention.linear_qkv,21,49.4797,0.200195,49.0287,9.05421,9.05421,20000
mlp.linear_fc1,21,16.8414,0.275391,16.7113,26.6012,26.6012,20000
mlp.linear_fc2,21,1248,0.765625,512,0.358974,1,20000
self_attention.linear_proj,22,65,0.267578,51.75,6.89231,6.89231,20000
self_attention.linear_qkv,22,58.9046,0.253906,58.6746,7.60552,7.60552,20000
mlp.linear_fc1,22,14.0276,0.22168,13.9114,31.9371,31.9371,20000
mlp.linear_fc2,22,708,0.617188,408,0.632768,1,20000
self_attention.linear_proj,23,61.25,0.322266,42.25,7.31429,7.31429,20000
self_attention.linear_qkv,23,53.0784,0.267578,52.8657,8.44034,8.44034,20000
mlp.linear_fc1,23,12.7034,0.222656,12.1957,35.2663,35.2663,20000
mlp.linear_fc2,23,1568,0.691406,524,0.285714,1,20000
self_attention.linear_proj,24,40.25,0.246094,33.75,11.1304,11.1304,20000
self_attention.linear_qkv,24,51.2298,0.253906,50.8317,8.74491,8.74491,20000
mlp.linear_fc1,24,13.4131,0.220703,12.6155,33.4002,33.4002,20000
mlp.linear_fc2,24,1368,0.589844,756,0.327485,1,20000
self_attention.linear_proj,37,18.25,0.251953,11.9375,24.5479,24.5479,20000
self_attention.linear_qkv,37,38.9302,0.170898,38.6046,11.5078,11.5078,20000
mlp.linear_fc1,37,26.8919,0.205078,26.0498,16.6593,16.6593,20000
mlp.linear_fc2,37,1336,0.457031,752,0.335329,1,20000
self_attention.linear_proj,38,30.875,0.287109,13,14.5101,14.5101,20000
self_attention.linear_qkv,38,47.5005,0.208008,47.1818,9.43148,9.43148,20000
mlp.linear_fc1,38,27.7633,0.238281,26.2716,16.1364,16.1364,20000
mlp.linear_fc2,38,1752,0.5625,592,0.255708,1,20000
self_attention.linear_proj,39,23.625,0.231445,15.5,18.963,18.963,20000
self_attention.linear_qkv,39,40.0371,0.155273,39.7362,11.1896,11.1896,20000
mlp.linear_fc1,39,28.5453,0.21875,26.5924,15.6944,15.6944,20000
mlp.linear_fc2,39,1176,0.449219,760,0.380952,1,20000
self_attention.linear_proj,40,33.75,0.267578,16,13.2741,13.2741,20000
self_attention.linear_qkv,40,36.7245,0.171875,36.4272,12.1989,12.1989,20000
mlp.linear_fc1,40,27.5027,0.257812,25.2633,16.2893,16.2893,20000
mlp.linear_fc2,40,1752,0.546875,1112,0.255708,1,20000
self_attention.linear_proj,53,40.5,0.204102,23.75,11.0617,11.0617,20000
self_attention.linear_qkv,53,46.7195,0.210938,46.6534,9.58914,9.58914,20000
mlp.linear_fc1,53,40.5972,0.394531,37.9167,11.0353,11.0353,20000
mlp.linear_fc2,53,3536,0.392578,1624,0.126697,1,20000
self_attention.linear_proj,54,41.5,0.333984,33.75,10.7952,10.7952,20000
self_attention.linear_qkv,54,51.6314,0.214844,51.5494,8.6769,8.6769,20000
mlp.linear_fc1,54,39.943,0.300781,37.7617,11.216,11.216,20000
mlp.linear_fc2,54,5824,0.484375,1128,0.0769231,1,20000
self_attention.linear_proj,55,65.5,0.400391,52.75,6.83969,6.83969,20000
self_attention.linear_qkv,55,54.8848,0.225586,54.7996,8.16256,8.16256,20000
mlp.linear_fc1,55,39.9275,0.423828,38.3991,11.2203,11.2203,20000
mlp.linear_fc2,55,4288,0.414062,2416,0.104478,1,20000
self_attention.linear_proj,56,43.25,0.349609,17.125,10.3584,10.3584,20000
self_attention.linear_qkv,56,53.1542,0.204102,53.0849,8.42831,8.42831,20000
mlp.linear_fc1,56,42.6251,0.445312,40.8111,10.5102,10.5102,20000
mlp.linear_fc2,56,4832,0.445312,2096,0.0927152,1,20000
self_attention.linear_proj,9,26.375,0.597656,14.875,16.9858,16.9858,20000
self_attention.linear_qkv,9,40.1111,0.194336,39.6653,11.169,11.169,20000
mlp.linear_fc1,9,10.6071,0.242188,9.53271,42.2358,42.2358,20000
mlp.linear_fc2,9,856,1.04688,468,0.523364,1,20000
self_attention.linear_proj,10,24,0.462891,12.625,18.6667,18.6667,20000
self_attention.linear_qkv,10,43.32,0.225586,42.9302,10.3416,10.3416,20000
mlp.linear_fc1,10,11.6881,0.219727,10.1838,38.3297,38.3297,20000
mlp.linear_fc2,10,800,0.992188,364,0.56,1,20000
self_attention.linear_proj,11,28.125,0.546875,17.875,15.9289,15.9289,20000
self_attention.linear_qkv,11,39.7776,0.212891,39.6387,11.2626,11.2626,20000
mlp.linear_fc1,11,11.7866,0.237305,9.98023,38.0091,38.0091,20000
mlp.linear_fc2,11,1512,0.96875,836,0.296296,1,20000
self_attention.linear_proj,12,30.625,0.412109,14.0625,14.6286,14.6286,20000
self_attention.linear_qkv,12,42.6269,0.191406,42.5195,10.5098,10.5098,20000
mlp.linear_fc1,12,13.1579,0.226562,10.0579,34.0481,34.0481,20000
mlp.linear_fc2,12,1400,0.953125,636,0.32,1,20000
self_attention.linear_proj,25,53,0.234375,13.5,8.45283,8.45283,20000
self_attention.linear_qkv,25,43.5164,0.222656,43.3326,10.295,10.295,20000
mlp.linear_fc1,25,12.9199,0.206055,12.3561,34.6752,34.6752,20000
mlp.linear_fc2,25,1400,0.785156,548,0.32,1,20000
self_attention.linear_proj,26,48.25,0.318359,25,9.28497,9.28497,20000
self_attention.linear_qkv,26,42.6049,0.251953,40.336,10.5152,10.5152,20000
mlp.linear_fc1,26,14.9018,0.220703,14.1178,30.0635,30.0635,20000
mlp.linear_fc2,26,976,0.742188,520,0.459016,1,20000
self_attention.linear_proj,27,56.25,0.302734,46.25,7.96444,7.96444,20000
self_attention.linear_qkv,27,54.5228,0.230469,53.5088,8.21674,8.21674,20000
mlp.linear_fc1,27,13.4943,0.236328,12.8889,33.1991,33.1991,20000
mlp.linear_fc2,27,1328,0.65625,824,0.337349,1,20000
self_attention.linear_proj,28,55.25,0.287109,41.25,8.1086,8.1086,20000
self_attention.linear_qkv,28,49.6102,0.219727,49.2311,9.03039,9.03039,20000
mlp.linear_fc1,28,13.9784,0.225586,13.1946,32.0494,32.0494,20000
mlp.linear_fc2,28,1728,0.765625,700,0.259259,1,20000
self_attention.linear_proj,41,21.875,0.208008,15.3125,20.48,20.48,20000
self_attention.linear_qkv,41,35.2005,0.179688,35.0437,12.7271,12.7271,20000
mlp.linear_fc1,41,29.2766,0.304688,26.7452,15.3023,15.3023,20000
mlp.linear_fc2,41,1648,0.332031,1136,0.271845,1,20000
self_attention.linear_proj,42,19.75,0.176758,15,22.6835,22.6835,20000
self_attention.linear_qkv,42,37.7981,0.146484,37.5182,11.8525,11.8525,20000
mlp.linear_fc1,42,31.3773,0.212891,28.2684,14.2778,14.2778,20000
mlp.linear_fc2,42,1480,0.566406,1120,0.302703,1,20000
self_attention.linear_proj,43,28.125,0.192383,13.75,15.9289,15.9289,20000
self_attention.linear_qkv,43,40.8569,0.167969,40.8209,10.9651,10.9651,20000
mlp.linear_fc1,43,32.4186,0.253906,28.9368,13.8192,13.8192,20000
mlp.linear_fc2,43,1752,0.636719,788,0.255708,1,20000
self_attention.linear_proj,44,21.625,0.15625,17.625,20.7168,20.7168,20000
self_attention.linear_qkv,44,41.0999,0.166016,40.8058,10.9003,10.9003,20000
mlp.linear_fc1,44,33.5371,0.216797,29.8204,13.3583,13.3583,20000
mlp.linear_fc2,44,1656,0.59375,1112,0.270531,1,20000
self_attention.linear_proj,57,48.25,0.357422,45.25,9.28497,9.28497,20000
self_attention.linear_qkv,57,49.5355,0.195312,49.4555,9.04403,9.04403,20000
mlp.linear_fc1,57,43.6488,0.376953,41.8744,10.2637,10.2637,20000
mlp.linear_fc2,57,3408,0.535156,1704,0.131455,1,20000
self_attention.linear_proj,58,55.25,0.4375,25.625,8.1086,8.1086,20000
self_attention.linear_qkv,58,54.6254,0.228516,54.5323,8.20131,8.20131,20000
mlp.linear_fc1,58,46.5768,0.753906,44.4624,9.61853,9.61853,20000
mlp.linear_fc2,58,9472,0.660156,1640,0.0472973,1,20000
self_attention.linear_proj,59,64,0.417969,30.125,7,7,20000
self_attention.linear_qkv,59,53.2161,0.191406,52.1487,8.41851,8.41851,20000
mlp.linear_fc1,59,53.5363,0.429688,50.1551,8.36816,8.36816,20000
mlp.linear_fc2,59,3664,0.695312,2024,0.122271,1,20000
self_attention.linear_proj,60,77,0.429688,16.75,5.81818,5.81818,20000
self_attention.linear_qkv,60,53.9664,0.204102,52.5363,8.30146,8.30146,20000
mlp.linear_fc1,60,57.8558,0.390625,54.7943,7.74339,7.74339,20000
mlp.linear_fc2,60,17408,0.585938,2784,0.0257353,1,20000
self_attention.linear_proj,13,56.75,0.347656,13,7.89427,7.89427,20000
self_attention.linear_qkv,13,39.1571,0.209961,39.0402,11.4411,11.4411,20000
mlp.linear_fc1,13,12.6847,0.216797,9.59263,35.3182,35.3182,20000
mlp.linear_fc2,13,1536,0.832031,201,0.291667,1,20000
self_attention.linear_proj,14,17.125,0.507812,10.9375,26.1606,26.1606,20000
self_attention.linear_qkv,14,41.3558,0.202148,41.2323,10.8328,10.8328,20000
mlp.linear_fc1,14,14.6373,0.193359,9.52128,30.6066,30.6066,20000
mlp.linear_fc2,14,560,0.730469,326,0.8,1,20000
self_attention.linear_proj,15,27.375,0.527344,12.25,16.3653,16.3653,20000
self_attention.linear_qkv,15,44.9178,0.209961,44.7747,9.97377,9.97377,20000
mlp.linear_fc1,15,14.0267,0.207031,10.77,31.9391,31.9391,20000
mlp.linear_fc2,15,556,0.746094,241,0.805755,1,20000
self_attention.linear_proj,16,23,0.792969,9.6875,19.4783,19.4783,20000
self_attention.linear_qkv,16,47.3878,0.19043,47.2307,9.4539,9.4539,20000
mlp.linear_fc1,16,13.6397,0.203125,12.1724,32.8453,32.8453,20000
mlp.linear_fc2,16,932,0.644531,368,0.480687,1,20000
self_attention.linear_proj,29,61.25,0.294922,44.75,7.31429,7.31429,20000
self_attention.linear_qkv,29,46.452,0.220703,46.2556,9.64437,9.64437,20000
mlp.linear_fc1,29,14.6853,0.21875,12.9705,30.5066,30.5066,20000
mlp.linear_fc2,29,1448,0.722656,896,0.309392,1,20000
self_attention.linear_proj,30,55.5,0.328125,40.75,8.07207,8.07207,20000
self_attention.linear_qkv,30,53.5331,0.232422,53.3651,8.36866,8.36866,20000
mlp.linear_fc1,30,17.1452,0.208984,17.0004,26.1297,26.1297,20000
mlp.linear_fc2,30,1576,0.691406,772,0.284264,1,20000
self_attention.linear_proj,31,42.25,0.339844,31.25,10.6035,10.6035,20000
self_attention.linear_qkv,31,48.2404,0.197266,48.0638,9.28682,9.28682,20000
mlp.linear_fc1,31,16.3021,0.196289,15.8721,27.4811,27.4811,20000
mlp.linear_fc2,31,1776,0.816406,988,0.252252,1,20000
self_attention.linear_proj,32,48.75,0.335938,26.5,9.18974,9.18974,20000
self_attention.linear_qkv,32,47.5376,0.196289,47.3324,9.42413,9.42413,20000
mlp.linear_fc1,32,17.6877,0.197266,17.2029,25.3284,25.3284,20000
mlp.linear_fc2,32,2144,0.703125,732,0.208955,1,20000
self_attention.linear_proj,45,40.75,0.168945,18,10.9939,10.9939,20000
self_attention.linear_qkv,45,41.6457,0.188477,41.3468,10.7574,10.7574,20000
mlp.linear_fc1,45,34.5567,0.255859,30.6387,12.9642,12.9642,20000
mlp.linear_fc2,45,3104,0.384766,2688,0.14433,1,20000
self_attention.linear_proj,46,46.5,0.21875,46.25,9.63441,9.63441,20000
self_attention.linear_qkv,46,42.7425,0.199219,42.707,10.4814,10.4814,20000
mlp.linear_fc1,46,34.6303,0.209961,30.5695,12.9367,12.9367,20000
mlp.linear_fc2,46,2368,0.515625,1016,0.189189,1,20000
self_attention.linear_proj,47,48.5,0.200195,39,9.23711,9.23711,20000
self_attention.linear_qkv,47,43.0035,0.170898,42.9584,10.4178,10.4178,20000
mlp.linear_fc1,47,36.1983,0.324219,32.3347,12.3763,12.3763,20000
mlp.linear_fc2,47,2064,0.617188,856,0.217054,1,20000
self_attention.linear_proj,48,54.5,0.255859,31.375,8.22018,8.22018,20000
self_attention.linear_qkv,48,44.3556,0.194336,44.3004,10.1002,10.1002,20000
mlp.linear_fc1,48,36.722,0.195312,32.5971,12.1998,12.1998,20000
mlp.linear_fc2,48,2080,0.419922,836,0.215385,1,20000
self_attention.linear_proj,61,58,0.414062,39.75,7.72414,7.72414,20000
self_attention.linear_qkv,61,58.0716,0.204102,56.8403,7.71462,7.71462,20000
mlp.linear_fc1,61,63.147,0.357422,61.1146,7.09456,7.09456,20000
mlp.linear_fc2,61,9984,0.792969,2064,0.0448718,1,20000
self_attention.linear_proj,62,69.5,0.365234,18.25,6.44604,6.44604,20000
self_attention.linear_qkv,62,60.8439,0.206055,58.4252,7.3631,7.3631,20000
mlp.linear_fc1,62,65.8,0.279297,62.8669,6.80851,6.80851,20000
mlp.linear_fc2,62,5088,0.804688,1608,0.0880503,1,20000
self_attention.linear_proj,63,16.875,0.414062,13,26.5481,26.5481,20000
self_attention.linear_qkv,63,64.3409,0.171875,61.352,6.96291,6.96291,20000
mlp.linear_fc1,63,68.1491,0.275391,65.6644,6.57382,6.57382,20000
mlp.linear_fc2,63,6528,0.785156,2544,0.0686275,1,20000
self_attention.linear_proj,0,21.375,0.703125,0,20.9591,20.9591,24000
self_attention.linear_qkv,0,20.4251,0.225586,0,21.9338,21.9338,24000
mlp.linear_fc1,0,7.01871,0.300781,0,63.8294,63.8294,24000
mlp.linear_fc2,0,1288,1.375,0,0.347826,1,24000
self_attention.linear_proj,1,12.125,1.21094,0,36.9485,36.9485,24000
self_attention.linear_qkv,1,24.3505,0.246094,0,18.398,18.398,24000
mlp.linear_fc1,1,10.7351,0.375,0,41.7323,41.7323,24000
mlp.linear_fc2,1,7392,1.5,0,0.0606061,1,24000
self_attention.linear_proj,2,11.6875,1.24219,0,38.3316,38.3316,24000
self_attention.linear_qkv,2,15.7154,0.289062,0,28.5071,28.5071,24000
mlp.linear_fc1,2,9.59256,0.353516,0,46.7029,46.7029,24000
mlp.linear_fc2,2,752,1.04688,0,0.595745,1,24000
self_attention.linear_proj,3,15.125,1.35938,0,29.6198,29.6198,24000
self_attention.linear_qkv,3,30.4429,0.304688,0,14.7161,14.7161,24000
mlp.linear_fc1,3,7.86298,0.371094,0,56.9758,56.9758,24000
mlp.linear_fc2,3,2064,0.828125,0,0.217054,1,24000
self_attention.linear_proj,4,15.25,1.78906,0,29.377,29.377,24000
self_attention.linear_qkv,4,23.8696,0.300781,0,18.7686,18.7686,24000
mlp.linear_fc1,4,7.94643,0.353516,0,56.3775,56.3775,24000
mlp.linear_fc2,4,1368,0.953125,0,0.327485,1,24000
self_attention.linear_proj,17,43,0.484375,0,10.4186,10.4186,24000
self_attention.linear_qkv,17,52.6463,0.248047,0,8.50961,8.50961,24000
mlp.linear_fc1,17,12.8824,0.246094,0,34.7761,34.7761,24000
mlp.linear_fc2,17,584,0.804688,0,0.767123,1,24000
self_attention.linear_proj,18,29.375,0.507812,0,15.2511,15.2511,24000
self_attention.linear_qkv,18,46.5937,0.259766,0,9.61503,9.61503,24000
mlp.linear_fc1,18,11.7783,0.277344,0,38.0359,38.0359,24000
mlp.linear_fc2,18,812,0.75,0,0.551724,1,24000
self_attention.linear_proj,19,42.75,0.464844,0,10.4795,10.4795,24000
self_attention.linear_qkv,19,49.8528,0.279297,0,8.98646,8.98646,24000
mlp.linear_fc1,19,12.7672,0.275391,0,35.09,35.09,24000
mlp.linear_fc2,19,1440,0.691406,0,0.311111,1,24000
self_attention.linear_proj,20,40.25,0.431641,0,11.1304,11.1304,24000
self_attention.linear_qkv,20,44.3356,0.261719,0,10.1048,10.1048,24000
mlp.linear_fc1,20,13.2456,0.259766,0,33.8226,33.8226,24000
mlp.linear_fc2,20,708,0.765625,0,0.632768,1,24000
self_attention.linear_proj,33,54.5,0.314453,0,8.22018,8.22018,24000
self_attention.linear_qkv,33,37.4813,0.228516,0,11.9526,11.9526,24000
mlp.linear_fc1,33,19.2123,0.285156,0,23.3184,23.3184,24000
mlp.linear_fc2,33,1568,0.867188,0,0.285714,1,24000
self_attention.linear_proj,34,66.5,0.328125,0,6.73684,6.73684,24000
self_attention.linear_qkv,34,41.5009,0.248047,0,10.7949,10.7949,24000
mlp.linear_fc1,34,22.0025,0.253906,0,20.3613,20.3613,24000
mlp.linear_fc2,34,1600,0.703125,0,0.28,1,24000
self_attention.linear_proj,35,49.5,0.367188,0,9.0505,9.0505,24000
self_attention.linear_qkv,35,43.8064,0.211914,0,10.2268,10.2268,24000
mlp.linear_fc1,35,24.5249,0.219727,0,18.2672,18.2672,24000
mlp.linear_fc2,35,2048,0.808594,0,0.21875,1,24000
self_attention.linear_proj,36,41.5,0.294922,0,10.7952,10.7952,24000
self_attention.linear_qkv,36,36.3786,0.201172,0,12.3149,12.3149,24000
mlp.linear_fc1,36,26.7931,0.330078,0,16.7207,16.7207,24000
mlp.linear_fc2,36,1528,0.824219,0,0.293194,1,24000
self_attention.linear_proj,49,54.25,0.3125,0,8.25806,8.25806,24000
self_attention.linear_qkv,49,44.164,0.228516,0,10.144,10.144,24000
mlp.linear_fc1,49,39.9005,0.217773,0,11.2279,11.2279,24000
mlp.linear_fc2,49,2656,0.431641,0,0.168675,1,24000
self_attention.linear_proj,50,36,0.337891,0,12.4444,12.4444,24000
self_attention.linear_qkv,50,45.2641,0.191406,0,9.89746,9.89746,24000
mlp.linear_fc1,50,41.6303,0.363281,0,10.7614,10.7614,24000
mlp.linear_fc2,50,5024,0.466797,0,0.089172,1,24000
self_attention.linear_proj,51,40,0.257812,0,11.2,11.2,24000
self_attention.linear_qkv,51,42.4778,0.213867,0,10.5467,10.5467,24000
mlp.linear_fc1,51,44.061,0.25,0,10.1677,10.1677,24000
mlp.linear_fc2,51,3584,0.435547,0,0.125,1,24000
self_attention.linear_proj,52,54,0.357422,0,8.2963,8.2963,24000
self_attention.linear_qkv,52,45.801,0.200195,0,9.78145,9.78145,24000
mlp.linear_fc1,52,45.1864,0.265625,0,9.91448,9.91448,24000
mlp.linear_fc2,52,4672,0.419922,0,0.0958904,1,24000
self_attention.linear_proj,5,38.75,1.36719,0,11.5613,11.5613,24000
self_attention.linear_qkv,5,28.8295,0.265625,0,15.5397,15.5397,24000
mlp.linear_fc1,5,14.0257,0.357422,0,31.9413,31.9413,24000
mlp.linear_fc2,5,9216,1.46875,0,0.0486111,1,24000
self_attention.linear_proj,6,45.25,0.474609,0,9.90055,9.90055,24000
self_attention.linear_qkv,6,41.2695,0.310547,0,10.8555,10.8555,24000
mlp.linear_fc1,6,8.25869,0.472656,0,54.2459,54.2459,24000
mlp.linear_fc2,6,504,0.894531,0,0.888889,1,24000
self_attention.linear_proj,7,42.25,0.613281,0,10.6035,10.6035,24000
self_attention.linear_qkv,7,49.8396,0.298828,0,8.98884,8.98884,24000
mlp.linear_fc1,7,8.03568,0.255859,0,55.7514,55.7514,24000
mlp.linear_fc2,7,470,1.16406,0,0.953192,1,24000
self_attention.linear_proj,8,32.75,0.421875,0,13.6794,13.6794,24000
self_attention.linear_qkv,8,34.8472,0.3125,0,12.8561,12.8561,24000
mlp.linear_fc1,8,7.81945,0.251953,0,57.293,57.293,24000
mlp.linear_fc2,8,636,1.375,0,0.704403,1,24000
self_attention.linear_proj,21,37.75,0.566406,0,11.8675,11.8675,24000
self_attention.linear_qkv,21,47.8627,0.238281,0,9.3601,9.3601,24000
mlp.linear_fc1,21,14.2296,0.335938,0,31.4837,31.4837,24000
mlp.linear_fc2,21,1144,0.921875,0,0.391608,1,24000
self_attention.linear_proj,22,71,0.398438,0,6.30986,6.30986,24000
self_attention.linear_qkv,22,57.3324,0.248047,0,7.81408,7.81408,24000
mlp.linear_fc1,22,12.5647,0.267578,0,35.6554,35.6554,24000
mlp.linear_fc2,22,764,0.789062,0,0.586387,1,24000
self_attention.linear_proj,23,61.5,0.496094,0,7.28455,7.28455,24000
self_attention.linear_qkv,23,51.4742,0.314453,0,8.70338,8.70338,24000
mlp.linear_fc1,23,13.1031,0.245117,0,34.1904,34.1904,24000
mlp.linear_fc2,23,1392,0.945312,0,0.321839,1,24000
self_attention.linear_proj,24,45.25,0.300781,0,9.90055,9.90055,24000
self_attention.linear_qkv,24,49.6927,0.304688,0,9.01542,9.01542,24000
mlp.linear_fc1,24,12.1951,0.275391,0,36.736,36.736,24000
mlp.linear_fc2,24,1136,0.835938,0,0.394366,1,24000
self_attention.linear_proj,37,21.125,0.3125,0,21.2071,21.2071,24000
self_attention.linear_qkv,37,34.4562,0.174805,0,13.002,13.002,24000
mlp.linear_fc1,37,26.8736,0.277344,0,16.6706,16.6706,24000
mlp.linear_fc2,37,1360,0.660156,0,0.329412,1,24000
self_attention.linear_proj,38,36.5,0.380859,0,12.274,12.274,24000
self_attention.linear_qkv,38,44.4759,0.216797,0,10.0729,10.0729,24000
mlp.linear_fc1,38,26.1918,0.28125,0,17.1046,17.1046,24000
mlp.linear_fc2,38,1856,0.746094,0,0.241379,1,24000
self_attention.linear_proj,39,28.75,0.285156,0,15.5826,15.5826,24000
self_attention.linear_qkv,39,35.5846,0.169922,0,12.5897,12.5897,24000
mlp.linear_fc1,39,26.8363,0.296875,0,16.6938,16.6938,24000
mlp.linear_fc2,39,1760,0.535156,0,0.254545,1,24000
self_attention.linear_proj,40,39,0.318359,0,11.4872,11.4872,24000
self_attention.linear_qkv,40,32.5262,0.195312,0,13.7735,13.7735,24000
mlp.linear_fc1,40,25.6891,0.308594,0,17.4393,17.4393,24000
mlp.linear_fc2,40,1632,0.65625,0,0.27451,1,24000
self_attention.linear_proj,53,50.25,0.239258,0,8.91542,8.91542,24000
self_attention.linear_qkv,53,43.8454,0.231445,0,10.2177,10.2177,24000
mlp.linear_fc1,53,46.7723,0.427734,0,9.57832,9.57832,24000
mlp.linear_fc2,53,3072,0.425781,0,0.145833,1,24000
self_attention.linear_proj,54,53.75,0.423828,0,8.33488,8.33488,24000
self_attention.linear_qkv,54,49.3817,0.219727,0,9.07219,9.07219,24000
mlp.linear_fc1,54,47.0129,0.355469,0,9.52929,9.52929,24000
mlp.linear_fc2,54,3088,0.507812,0,0.145078,1,24000
self_attention.linear_proj,55,76.5,0.455078,0,5.85621,5.85621,24000
self_attention.linear_qkv,55,53.2471,0.240234,0,8.4136,8.4136,24000
mlp.linear_fc1,55,47.6857,0.4375,0,9.39485,9.39485,24000
mlp.linear_fc2,55,4128,0.486328,0,0.108527,1,24000
self_attention.linear_proj,56,43,0.470703,0,10.4186,10.4186,24000
self_attention.linear_qkv,56,51.5483,0.217773,0,8.69088,8.69088,24000
mlp.linear_fc1,56,50.8055,0.476562,0,8.81793,8.81793,24000
mlp.linear_fc2,56,5696,0.5,0,0.0786517,1,24000
self_attention.linear_proj,9,27,1,0,16.5926,16.5926,24000
self_attention.linear_qkv,9,34.6801,0.244141,0,12.9181,12.9181,24000
mlp.linear_fc1,9,7.56396,0.28125,0,59.2282,59.2282,24000
mlp.linear_fc2,9,588,1.36719,0,0.761905,1,24000
self_attention.linear_proj,10,26.25,0.53125,0,17.0667,17.0667,24000
self_attention.linear_qkv,10,38.6699,0.271484,0,11.5852,11.5852,24000
mlp.linear_fc1,10,7.22489,0.245117,0,62.0078,62.0078,24000
mlp.linear_fc2,10,480,1.25781,0,0.933333,1,24000
self_attention.linear_proj,11,27.625,0.828125,0,16.2172,16.2172,24000
self_attention.linear_qkv,11,36.6249,0.234375,0,12.2321,12.2321,24000
mlp.linear_fc1,11,7.01752,0.245117,0,63.8402,63.8402,24000
mlp.linear_fc2,11,540,1.21875,0,0.82963,1,24000
self_attention.linear_proj,12,33,0.507812,0,13.5758,13.5758,24000
self_attention.linear_qkv,12,38.9022,0.226562,0,11.5161,11.5161,24000
mlp.linear_fc1,12,7.4336,0.25,0,60.2669,60.2669,24000
mlp.linear_fc2,12,652,1.14844,0,0.687117,1,24000
self_attention.linear_proj,25,52.25,0.292969,0,8.57416,8.57416,24000
self_attention.linear_qkv,25,40.8738,0.227539,0,10.9606,10.9606,24000
mlp.linear_fc1,25,13.049,0.217773,0,34.3321,34.3321,24000
mlp.linear_fc2,25,1376,1.03906,0,0.325581,1,24000
self_attention.linear_proj,26,49.5,0.357422,0,9.0505,9.0505,24000
self_attention.linear_qkv,26,40.4461,0.273438,0,11.0765,11.0765,24000
mlp.linear_fc1,26,13.6221,0.237305,0,32.8876,32.8876,24000
mlp.linear_fc2,26,1216,0.957031,0,0.368421,1,24000
self_attention.linear_proj,27,58,0.347656,0,7.72414,7.72414,24000
self_attention.linear_qkv,27,52.8088,0.233398,0,8.48343,8.48343,24000
mlp.linear_fc1,27,14.0153,0.259766,0,31.9651,31.9651,24000
mlp.linear_fc2,27,1552,0.910156,0,0.28866,1,24000
self_attention.linear_proj,28,57.75,0.357422,0,7.75758,7.75758,24000
self_attention.linear_qkv,28,45.616,0.253906,0,9.82112,9.82112,24000
mlp.linear_fc1,28,14.3438,0.261719,0,31.2331,31.2331,24000
mlp.linear_fc2,28,1656,1.0625,0,0.270531,1,24000
self_attention.linear_proj,41,24.875,0.241211,0,18.01,18.01,24000
self_attention.linear_qkv,41,30.5811,0.176758,0,14.6496,14.6496,24000
mlp.linear_fc1,41,27.7233,0.341797,0,16.1597,16.1597,24000
mlp.linear_fc2,41,1672,0.425781,0,0.267943,1,24000
self_attention.linear_proj,42,24.875,0.212891,0,18.01,18.01,24000
self_attention.linear_qkv,42,32.5276,0.165039,0,13.7729,13.7729,24000
mlp.linear_fc1,42,29.2356,0.273438,0,15.3238,15.3238,24000
mlp.linear_fc2,42,2320,0.730469,0,0.193103,1,24000
self_attention.linear_proj,43,33.5,0.231445,0,13.3731,13.3731,24000
self_attention.linear_qkv,43,36.4197,0.166016,0,12.301,12.301,24000
mlp.linear_fc1,43,31.1193,0.369141,0,14.3962,14.3962,24000
mlp.linear_fc2,43,1856,0.867188,0,0.241379,1,24000
self_attention.linear_proj,44,26,0.181641,0,17.2308,17.2308,24000
self_attention.linear_qkv,44,36.4136,0.168945,0,12.3031,12.3031,24000
mlp.linear_fc1,44,32.734,0.245117,0,13.6861,13.6861,24000
mlp.linear_fc2,44,1816,0.757812,0,0.246696,1,24000
self_attention.linear_proj,57,55.75,0.392578,0,8.03587,8.03587,24000
self_attention.linear_qkv,57,47.915,0.212891,0,9.34989,9.34989,24000
mlp.linear_fc1,57,51.4262,0.425781,0,8.71152,8.71152,24000
mlp.linear_fc2,57,5376,0.609375,0,0.0833333,1,24000
self_attention.linear_proj,58,71.5,0.5,0,6.26573,6.26573,24000
self_attention.linear_qkv,58,53.1469,0.243164,0,8.42947,8.42947,24000
mlp.linear_fc1,58,54.2936,0.78125,0,8.25143,8.25143,24000
mlp.linear_fc2,58,9856,0.710938,0,0.0454545,1,24000
self_attention.linear_proj,59,67.5,0.470703,0,6.63704,6.63704,24000
self_attention.linear_qkv,59,52.3806,0.208984,0,8.55278,8.55278,24000
mlp.linear_fc1,59,52.5924,0.488281,0,8.51835,8.51835,24000
mlp.linear_fc2,59,9792,0.773438,0,0.0457516,1,24000
self_attention.linear_proj,60,94.5,0.476562,0,4.74074,4.74074,24000
self_attention.linear_qkv,60,52.7356,0.202148,0,8.49521,8.49521,24000
mlp.linear_fc1,60,55.6063,0.482422,0,8.05663,8.05663,24000
mlp.linear_fc2,60,11712,0.695312,0,0.0382514,1,24000
self_attention.linear_proj,13,64,0.423828,0,7,7,24000
self_attention.linear_qkv,13,35.9328,0.245117,0,12.4677,12.4677,24000
mlp.linear_fc1,13,6.94826,0.242188,0,64.4766,64.4766,24000
mlp.linear_fc2,13,692,1.04688,0,0.647399,1,24000
self_attention.linear_proj,14,19.75,0.882812,0,22.6835,22.6835,24000
self_attention.linear_qkv,14,38.4056,0.267578,0,11.665,11.665,24000
mlp.linear_fc1,14,7.81159,0.21875,0,57.3507,57.3507,24000
mlp.linear_fc2,14,528,0.886719,0,0.848485,1,24000
self_attention.linear_proj,15,25.5,0.621094,0,17.5686,17.5686,24000
self_attention.linear_qkv,15,43.086,0.217773,0,10.3978,10.3978,24000
mlp.linear_fc1,15,9.06876,0.234375,0,49.4003,49.4003,24000
mlp.linear_fc2,15,576,0.964844,0,0.777778,1,24000
self_attention.linear_proj,16,25.375,1.03906,0,17.6552,17.6552,24000
self_attention.linear_qkv,16,46.3754,0.233398,0,9.66029,9.66029,24000
mlp.linear_fc1,16,11.3036,0.232422,0,39.6333,39.6333,24000
mlp.linear_fc2,16,932,0.8125,0,0.480687,1,24000
self_attention.linear_proj,29,67,0.365234,0,6.68657,6.68657,24000
self_attention.linear_qkv,29,43.7621,0.241211,0,10.2372,10.2372,24000
mlp.linear_fc1,29,15.2285,0.238281,0,29.4185,29.4185,24000
mlp.linear_fc2,29,1424,0.964844,0,0.314607,1,24000
self_attention.linear_proj,30,60.75,0.388672,0,7.37449,7.37449,24000
self_attention.linear_qkv,30,51.2864,0.269531,0,8.73525,8.73525,24000
mlp.linear_fc1,30,16.8489,0.231445,0,26.5894,26.5894,24000
mlp.linear_fc2,30,1528,0.960938,0,0.293194,1,24000
self_attention.linear_proj,31,45.75,0.398438,0,9.79235,9.79235,24000
self_attention.linear_qkv,31,45.199,0.217773,0,9.91173,9.91173,24000
mlp.linear_fc1,31,17.5144,0.25,0,25.5789,25.5789,24000
mlp.linear_fc2,31,1856,1.10938,0,0.241379,1,24000
self_attention.linear_proj,32,54.75,0.388672,0,8.18265,8.18265,24000
self_attention.linear_qkv,32,45.1379,0.224609,0,9.92515,9.92515,24000
mlp.linear_fc1,32,18.9123,0.240234,0,23.6883,23.6883,24000
mlp.linear_fc2,32,1744,0.941406,0,0.256881,1,24000
self_attention.linear_proj,45,38.5,0.197266,0,11.6364,11.6364,24000
self_attention.linear_qkv,45,38.0772,0.197266,0,11.7656,11.7656,24000
mlp.linear_fc1,45,34.164,0.255859,0,13.1132,13.1132,24000
mlp.linear_fc2,45,1752,0.460938,0,0.255708,1,24000
self_attention.linear_proj,46,52.5,0.246094,0,8.53333,8.53333,24000
self_attention.linear_qkv,46,38.9082,0.209961,0,11.5143,11.5143,24000
mlp.linear_fc1,46,35.0454,0.291016,0,12.7834,12.7834,24000
mlp.linear_fc2,46,3376,0.644531,0,0.132701,1,24000
self_attention.linear_proj,47,51.75,0.216797,0,8.657,8.657,24000
self_attention.linear_qkv,47,40.2921,0.182617,0,11.1188,11.1188,24000
mlp.linear_fc1,47,36.6467,0.392578,0,12.2248,12.2248,24000
mlp.linear_fc2,47,2784,0.804688,0,0.16092,1,24000
self_attention.linear_proj,48,60.75,0.306641,0,7.37449,7.37449,24000
self_attention.linear_qkv,48,41.3943,0.21875,0,10.8228,10.8228,24000
mlp.linear_fc1,48,38.1287,0.285156,0,11.7497,11.7497,24000
mlp.linear_fc2,48,2288,0.482422,0,0.195804,1,24000
self_attention.linear_proj,61,59,0.466797,0,7.59322,7.59322,24000
self_attention.linear_qkv,61,58.0461,0.206055,0,7.71801,7.71801,24000
mlp.linear_fc1,61,61.7897,0.347656,0,7.2504,7.2504,24000
mlp.linear_fc2,61,16768,0.863281,0,0.0267176,1,24000
self_attention.linear_proj,62,73.5,0.455078,0,6.09524,6.09524,24000
self_attention.linear_qkv,62,61.7441,0.228516,0,7.25575,7.25575,24000
mlp.linear_fc1,62,65.4449,0.269531,0,6.84545,6.84545,24000
mlp.linear_fc2,62,12480,0.910156,0,0.0358974,1,24000
self_attention.linear_proj,63,18.25,0.480469,0,24.5479,24.5479,24000
self_attention.linear_qkv,63,64.6205,0.165039,0,6.93279,6.93279,24000
mlp.linear_fc1,63,69.1896,0.291016,0,6.47497,6.47497,24000
mlp.linear_fc2,63,66560,0.914062,0,0.00673077,1,24000
self_attention.linear_proj,0,16.625,0.851562,0,26.9474,26.9474,28000
self_attention.linear_qkv,0,21.4916,0.25,0,20.8454,20.8454,28000
mlp.linear_fc1,0,5.88346,0.337891,0,76.1457,76.1457,28000
mlp.linear_fc2,0,2720,1.55469,0,0.164706,1,28000
self_attention.linear_proj,1,14.6875,1.46875,0,30.5021,30.5021,28000
self_attention.linear_qkv,1,18.8315,0.269531,0,23.7899,23.7899,28000
mlp.linear_fc1,1,11.4407,0.462891,0,39.1584,39.1584,28000
mlp.linear_fc2,1,27392,1.80469,0,0.0163551,1,28000
self_attention.linear_proj,2,12.5,1.55469,0,35.84,35.84,28000
self_attention.linear_qkv,2,13.7244,0.328125,0,32.6427,32.6427,28000
mlp.linear_fc1,2,10.777,0.441406,0,41.5701,41.5701,28000
mlp.linear_fc2,2,1040,1.20312,0,0.430769,1,28000
self_attention.linear_proj,3,16.5,1.69531,0,27.1515,27.1515,28000
self_attention.linear_qkv,3,22.9982,0.326172,0,19.4798,19.4798,28000
mlp.linear_fc1,3,8.5049,0.478516,0,52.6755,52.6755,28000
mlp.linear_fc2,3,660,0.96875,0,0.678788,1,28000
self_attention.linear_proj,4,18.875,2.09375,0,23.7351,23.7351,28000
self_attention.linear_qkv,4,21.0604,0.3125,0,21.2721,21.2721,28000
mlp.linear_fc1,4,8.42975,0.429688,0,53.1451,53.1451,28000
mlp.linear_fc2,4,1552,1.17969,0,0.28866,1,28000
self_attention.linear_proj,17,46.75,0.601562,0,9.58289,9.58289,28000
self_attention.linear_qkv,17,52.2216,0.273438,0,8.57882,8.57882,28000
mlp.linear_fc1,17,10.8522,0.279297,0,41.282,41.282,28000
mlp.linear_fc2,17,608,0.996094,0,0.736842,1,28000
self_attention.linear_proj,18,31.625,0.660156,0,14.166,14.166,28000
self_attention.linear_qkv,18,46.4319,0.287109,0,9.64854,9.64854,28000
mlp.linear_fc1,18,10.522,0.341797,0,42.5774,42.5774,28000
mlp.linear_fc2,18,660,0.882812,0,0.678788,1,28000
self_attention.linear_proj,19,39.5,0.523438,0,11.3418,11.3418,28000
self_attention.linear_qkv,19,49.9666,0.332031,0,8.96598,8.96598,28000
mlp.linear_fc1,19,11.6278,0.351562,0,38.5284,38.5284,28000
mlp.linear_fc2,19,864,0.828125,0,0.518519,1,28000
self_attention.linear_proj,20,49.5,0.515625,0,9.0505,9.0505,28000
self_attention.linear_qkv,20,43.8941,0.275391,0,10.2064,10.2064,28000
mlp.linear_fc1,20,12.8802,0.296875,0,34.7822,34.7822,28000
mlp.linear_fc2,20,704,0.84375,0,0.636364,1,28000
self_attention.linear_proj,33,58.5,0.367188,0,7.65812,7.65812,28000
self_attention.linear_qkv,33,36.1251,0.248047,0,12.4014,12.4014,28000
mlp.linear_fc1,33,17.395,0.296875,0,25.7545,25.7545,28000
mlp.linear_fc2,33,1576,1.0625,0,0.284264,1,28000
self_attention.linear_proj,34,73,0.373047,0,6.13699,6.13699,28000
self_attention.linear_qkv,34,40.4331,0.257812,0,11.08,11.08,28000
mlp.linear_fc1,34,20.2902,0.285156,0,22.0796,22.0796,28000
mlp.linear_fc2,34,1768,0.804688,0,0.253394,1,28000
self_attention.linear_proj,35,59.25,0.421875,0,7.56118,7.56118,28000
self_attention.linear_qkv,35,42.7624,0.236328,0,10.4765,10.4765,28000
mlp.linear_fc1,35,22.9151,0.267578,0,19.5504,19.5504,28000
mlp.linear_fc2,35,2816,0.976562,0,0.159091,1,28000
self_attention.linear_proj,36,46,0.341797,0,9.73913,9.73913,28000
self_attention.linear_qkv,36,33.9471,0.220703,0,13.197,13.197,28000
mlp.linear_fc1,36,25.6197,0.412109,0,17.4866,17.4866,28000
mlp.linear_fc2,36,1720,1.04688,0,0.260465,1,28000
self_attention.linear_proj,49,57.5,0.388672,0,7.7913,7.7913,28000
self_attention.linear_qkv,49,42.3687,0.237305,0,10.5738,10.5738,28000
mlp.linear_fc1,49,38.684,0.261719,0,11.581,11.581,28000
mlp.linear_fc2,49,2736,0.486328,0,0.163743,1,28000
self_attention.linear_proj,50,45.5,0.371094,0,9.84615,9.84615,28000
self_attention.linear_qkv,50,43.2022,0.202148,0,10.3699,10.3699,28000
mlp.linear_fc1,50,40.507,0.417969,0,11.0598,11.0598,28000
mlp.linear_fc2,50,4576,0.515625,0,0.0979021,1,28000
self_attention.linear_proj,51,44,0.275391,0,10.1818,10.1818,28000
self_attention.linear_qkv,51,39.8544,0.214844,0,11.2409,11.2409,28000
mlp.linear_fc1,51,43.3774,0.287109,0,10.328,10.328,28000
mlp.linear_fc2,51,4928,0.527344,0,0.0909091,1,28000
self_attention.linear_proj,52,62.75,0.390625,0,7.13944,7.13944,28000
self_attention.linear_qkv,52,44.5893,0.230469,0,10.0472,10.0472,28000
mlp.linear_fc1,52,44.9703,0.34375,0,9.96212,9.96212,28000
mlp.linear_fc2,52,4080,0.474609,0,0.109804,1,28000
self_attention.linear_proj,5,26.25,1.66406,0,17.0667,17.0667,28000
self_attention.linear_qkv,5,22.4038,0.304688,0,19.9966,19.9966,28000
mlp.linear_fc1,5,13.1093,0.414062,0,34.1743,34.1743,28000
mlp.linear_fc2,5,7808,1.78125,0,0.057377,1,28000
self_attention.linear_proj,6,45.25,0.636719,0,9.90055,9.90055,28000
self_attention.linear_qkv,6,35.5359,0.345703,0,12.607,12.607,28000
mlp.linear_fc1,6,7.97605,0.609375,0,56.1682,56.1682,28000
mlp.linear_fc2,6,1536,1.05469,0,0.291667,1,28000
self_attention.linear_proj,7,37.5,0.785156,0,11.9467,11.9467,28000
self_attention.linear_qkv,7,45.9228,0.3125,0,9.75551,9.75551,28000
mlp.linear_fc1,7,7.77222,0.279297,0,57.6412,57.6412,28000
mlp.linear_fc2,7,664,1.39844,0,0.674699,1,28000
self_attention.linear_proj,8,30.5,0.490234,0,14.6885,14.6885,28000
self_attention.linear_qkv,8,30.4789,0.339844,0,14.6987,14.6987,28000
mlp.linear_fc1,8,7.45451,0.259766,0,60.0979,60.0979,28000
mlp.linear_fc2,8,700,1.65625,0,0.64,1,28000
self_attention.linear_proj,21,42.25,0.742188,0,10.6035,10.6035,28000
self_attention.linear_qkv,21,47.689,0.251953,0,9.3942,9.3942,28000
mlp.linear_fc1,21,13.5182,0.361328,0,33.1405,33.1405,28000
mlp.linear_fc2,21,1088,1.07812,0,0.411765,1,28000
self_attention.linear_proj,22,76,0.519531,0,5.89474,5.89474,28000
self_attention.linear_qkv,22,56.6342,0.275391,0,7.91042,7.91042,28000
mlp.linear_fc1,22,11.803,0.300781,0,37.9564,37.9564,28000
mlp.linear_fc2,22,820,0.914062,0,0.546341,1,28000
self_attention.linear_proj,23,69.5,0.65625,0,6.44604,6.44604,28000
self_attention.linear_qkv,23,50.8164,0.34375,0,8.81605,8.81605,28000
mlp.linear_fc1,23,12.1042,0.257812,0,37.0119,37.0119,28000
mlp.linear_fc2,23,1400,1.14844,0,0.32,1,28000
self_attention.linear_proj,24,54.5,0.353516,0,8.22018,8.22018,28000
self_attention.linear_qkv,24,49.3197,0.341797,0,9.08359,9.08359,28000
mlp.linear_fc1,24,11.3203,0.394531,0,39.575,39.575,28000
mlp.linear_fc2,24,1104,0.988281,0,0.405797,1,28000
self_attention.linear_proj,37,24.875,0.390625,0,18.01,18.01,28000
self_attention.linear_qkv,37,31.1832,0.192383,0,14.3667,14.3667,28000
mlp.linear_fc1,37,25.9857,0.339844,0,17.2403,17.2403,28000
mlp.linear_fc2,37,1512,0.824219,0,0.296296,1,28000
self_attention.linear_proj,38,39.75,0.392578,0,11.2704,11.2704,28000
self_attention.linear_qkv,38,42.0629,0.241211,0,10.6507,10.6507,28000
mlp.linear_fc1,38,25.5252,0.300781,0,17.5513,17.5513,28000
mlp.linear_fc2,38,2080,0.925781,0,0.215385,1,28000
self_attention.linear_proj,39,35.5,0.341797,0,12.6197,12.6197,28000
self_attention.linear_qkv,39,32.7414,0.185547,0,13.683,13.683,28000
mlp.linear_fc1,39,25.7897,0.353516,0,17.3713,17.3713,28000
mlp.linear_fc2,39,1520,0.625,0,0.294737,1,28000
self_attention.linear_proj,40,47,0.386719,0,9.53191,9.53191,28000
self_attention.linear_qkv,40,30.0983,0.227539,0,14.8846,14.8846,28000
mlp.linear_fc1,40,24.6161,0.359375,0,18.1995,18.1995,28000
mlp.linear_fc2,40,1648,0.742188,0,0.271845,1,28000
self_attention.linear_proj,53,54,0.304688,0,8.2963,8.2963,28000
self_attention.linear_qkv,53,41.8008,0.229492,0,10.7175,10.7175,28000
mlp.linear_fc1,53,48.0855,0.472656,0,9.31674,9.31674,28000
mlp.linear_fc2,53,3984,0.484375,0,0.11245,1,28000
self_attention.linear_proj,54,69,0.492188,0,6.49275,6.49275,28000
self_attention.linear_qkv,54,47.0877,0.217773,0,9.51416,9.51416,28000
mlp.linear_fc1,54,48.8476,0.414062,0,9.17138,9.17138,28000
mlp.linear_fc2,54,4736,0.597656,0,0.0945946,1,28000
self_attention.linear_proj,55,82,0.582031,0,5.46341,5.46341,28000
self_attention.linear_qkv,55,52.0946,0.269531,0,8.59973,8.59973,28000
mlp.linear_fc1,55,49.8614,0.474609,0,8.98491,8.98491,28000
mlp.linear_fc2,55,5568,0.582031,0,0.0804598,1,28000
self_attention.linear_proj,56,47,0.546875,0,9.53191,9.53191,28000
self_attention.linear_qkv,56,50.413,0.25,0,8.8866,8.8866,28000
mlp.linear_fc1,56,54.0228,0.5,0,8.29279,8.29279,28000
mlp.linear_fc2,56,4800,0.628906,0,0.0933333,1,28000
self_attention.linear_proj,9,28.75,1.44531,0,15.5826,15.5826,28000
self_attention.linear_qkv,9,29.8606,0.287109,0,15.0031,15.0031,28000
mlp.linear_fc1,9,7.09662,0.349609,0,63.1287,63.1287,28000
mlp.linear_fc2,9,616,1.65625,0,0.727273,1,28000
self_attention.linear_proj,10,28.5,0.589844,0,15.7193,15.7193,28000
self_attention.linear_qkv,10,34.4667,0.3125,0,12.998,12.998,28000
mlp.linear_fc1,10,6.70665,0.269531,0,66.7994,66.7994,28000
mlp.linear_fc2,10,486,1.48438,0,0.921811,1,28000
self_attention.linear_proj,11,29.125,1.14062,0,15.382,15.382,28000
self_attention.linear_qkv,11,34.0386,0.261719,0,13.1615,13.1615,28000
mlp.linear_fc1,11,6.56403,0.263672,0,68.2508,68.2508,28000
mlp.linear_fc2,11,652,1.46094,0,0.687117,1,28000
self_attention.linear_proj,12,34.25,0.625,0,13.0803,13.0803,28000
self_attention.linear_qkv,12,35.4671,0.283203,0,12.6314,12.6314,28000
mlp.linear_fc1,12,6.81845,0.255859,0,65.7041,65.7041,28000
mlp.linear_fc2,12,616,1.36719,0,0.727273,1,28000
self_attention.linear_proj,25,59,0.332031,0,7.59322,7.59322,28000
self_attention.linear_qkv,25,38.879,0.238281,0,11.5229,11.5229,28000
mlp.linear_fc1,25,12.1656,0.236328,0,36.8251,36.8251,28000
mlp.linear_fc2,25,1424,1.21875,0,0.314607,1,28000
self_attention.linear_proj,26,53.25,0.388672,0,8.41315,8.41315,28000
self_attention.linear_qkv,26,39.6934,0.294922,0,11.2865,11.2865,28000
mlp.linear_fc1,26,12.5533,0.25,0,35.6879,35.6879,28000
mlp.linear_fc2,26,1064,1.10938,0,0.421053,1,28000
self_attention.linear_proj,27,65,0.378906,0,6.89231,6.89231,28000
self_attention.linear_qkv,27,50.3636,0.253906,0,8.89532,8.89532,28000
mlp.linear_fc1,27,12.8239,0.300781,0,34.9349,34.9349,28000
mlp.linear_fc2,27,1808,1.07031,0,0.247788,1,28000
self_attention.linear_proj,28,63.25,0.414062,0,7.083,7.083,28000
self_attention.linear_qkv,28,42.2855,0.267578,0,10.5946,10.5946,28000
mlp.linear_fc1,28,13.2014,0.298828,0,33.9357,33.9357,28000
mlp.linear_fc2,28,1768,1.25,0,0.253394,1,28000
self_attention.linear_proj,41,27.5,0.285156,0,16.2909,16.2909,28000
self_attention.linear_qkv,41,28.0096,0.179688,0,15.9945,15.9945,28000
mlp.linear_fc1,41,25.7945,0.394531,0,17.368,17.368,28000
mlp.linear_fc2,41,1768,0.519531,0,0.253394,1,28000
self_attention.linear_proj,42,32.25,0.255859,0,13.8915,13.8915,28000
self_attention.linear_qkv,42,29.8225,0.169922,0,15.0222,15.0222,28000
mlp.linear_fc1,42,27.3676,0.304688,0,16.3697,16.3697,28000
mlp.linear_fc2,42,1824,0.871094,0,0.245614,1,28000
self_attention.linear_proj,43,37.25,0.285156,0,12.0268,12.0268,28000
self_attention.linear_qkv,43,33.7275,0.192383,0,13.2829,13.2829,28000
mlp.linear_fc1,43,28.937,0.423828,0,15.4819,15.4819,28000
mlp.linear_fc2,43,2624,1.05469,0,0.170732,1,28000
self_attention.linear_proj,44,30.75,0.213867,0,14.5691,14.5691,28000
self_attention.linear_qkv,44,33.3102,0.194336,0,13.4493,13.4493,28000
mlp.linear_fc1,44,30.7695,0.300781,0,14.5599,14.5599,28000
mlp.linear_fc2,44,2352,0.941406,0,0.190476,1,28000
self_attention.linear_proj,57,61.25,0.419922,0,7.31429,7.31429,28000
self_attention.linear_qkv,57,46.7792,0.22168,0,9.5769,9.5769,28000
mlp.linear_fc1,57,56.0752,0.511719,0,7.98926,7.98926,28000
mlp.linear_fc2,57,5408,0.644531,0,0.0828402,1,28000
self_attention.linear_proj,58,80.5,0.546875,0,5.56522,5.56522,28000
self_attention.linear_qkv,58,51.9326,0.246094,0,8.62657,8.62657,28000
mlp.linear_fc1,58,59.4227,0.898438,0,7.53921,7.53921,28000
mlp.linear_fc2,58,9856,0.875,0,0.0454545,1,28000
self_attention.linear_proj,59,72.5,0.470703,0,6.17931,6.17931,28000
self_attention.linear_qkv,59,50.9222,0.239258,0,8.79774,8.79774,28000
mlp.linear_fc1,59,61.1801,0.601562,0,7.32264,7.32264,28000
mlp.linear_fc2,59,12288,0.9375,0,0.0364583,1,28000
self_attention.linear_proj,60,100.5,0.496094,0,4.45771,4.45771,28000
self_attention.linear_qkv,60,52.7343,0.211914,0,8.49542,8.49542,28000
mlp.linear_fc1,60,64.7351,0.474609,0,6.92052,6.92052,28000
mlp.linear_fc2,60,12224,0.921875,0,0.0366492,1,28000
self_attention.linear_proj,13,64.5,0.515625,0,6.94574,6.94574,28000
self_attention.linear_qkv,13,33.1445,0.271484,0,13.5166,13.5166,28000
mlp.linear_fc1,13,7.03146,0.263672,0,63.7137,63.7137,28000
mlp.linear_fc2,13,728,1.23438,0,0.615385,1,28000
self_attention.linear_proj,14,21.875,1.20312,0,20.48,20.48,28000
self_attention.linear_qkv,14,36.0264,0.322266,0,12.4353,12.4353,28000
mlp.linear_fc1,14,7.38227,0.234375,0,60.686,60.686,28000
mlp.linear_fc2,14,494,1.04688,0,0.906883,1,28000
self_attention.linear_proj,15,24.625,0.65625,0,18.1929,18.1929,28000
self_attention.linear_qkv,15,41.7715,0.249023,0,10.725,10.725,28000
mlp.linear_fc1,15,8.14756,0.287109,0,54.9858,54.9858,28000
mlp.linear_fc2,15,696,1.1875,0,0.643678,1,28000
self_attention.linear_proj,16,24.125,1.24219,0,18.5699,18.5699,28000
self_attention.linear_qkv,16,45.9153,0.292969,0,9.75709,9.75709,28000
mlp.linear_fc1,16,9.66479,0.257812,0,46.3538,46.3538,28000
mlp.linear_fc2,16,980,0.960938,0,0.457143,1,28000
self_attention.linear_proj,29,64.5,0.439453,0,6.94574,6.94574,28000
self_attention.linear_qkv,29,41.8227,0.259766,0,10.7119,10.7119,28000
mlp.linear_fc1,29,13.9904,0.244141,0,32.0219,32.0219,28000
mlp.linear_fc2,29,1504,1.11719,0,0.297872,1,28000
self_attention.linear_proj,30,64.5,0.431641,0,6.94574,6.94574,28000
self_attention.linear_qkv,30,48.7598,0.279297,0,9.1879,9.1879,28000
mlp.linear_fc1,30,15.5225,0.273438,0,28.8613,28.8613,28000
mlp.linear_fc2,30,1616,1.13281,0,0.277228,1,28000
self_attention.linear_proj,31,50,0.4375,0,8.96,8.96,28000
self_attention.linear_qkv,31,43.1173,0.234375,0,10.3903,10.3903,28000
mlp.linear_fc1,31,15.9778,0.294922,0,28.0389,28.0389,28000
mlp.linear_fc2,31,1944,1.28906,0,0.230453,1,28000
self_attention.linear_proj,32,59.75,0.427734,0,7.49791,7.49791,28000
self_attention.linear_qkv,32,43.2777,0.257812,0,10.3518,10.3518,28000
mlp.linear_fc1,32,17.1336,0.261719,0,26.1474,26.1474,28000
mlp.linear_fc2,32,2160,1.11719,0,0.207407,1,28000
self_attention.linear_proj,45,42,0.261719,0,10.6667,10.6667,28000
self_attention.linear_qkv,45,35.9597,0.212891,0,12.4584,12.4584,28000
mlp.linear_fc1,45,32.4691,0.287109,0,13.7977,13.7977,28000
mlp.linear_fc2,45,1856,0.511719,0,0.241379,1,28000
self_attention.linear_proj,46,55,0.291016,0,8.14545,8.14545,28000
self_attention.linear_qkv,46,36.5183,0.220703,0,12.2678,12.2678,28000
mlp.linear_fc1,46,33.4089,0.369141,0,13.4096,13.4096,28000
mlp.linear_fc2,46,2848,0.734375,0,0.157303,1,28000
self_attention.linear_proj,47,60.25,0.269531,0,7.43568,7.43568,28000
self_attention.linear_qkv,47,39.0264,0.191406,0,11.4794,11.4794,28000
mlp.linear_fc1,47,35.5024,0.464844,0,12.6189,12.6189,28000
mlp.linear_fc2,47,2304,0.972656,0,0.194444,1,28000
self_attention.linear_proj,48,69.5,0.330078,0,6.44604,6.44604,28000
self_attention.linear_qkv,48,39.5829,0.228516,0,11.318,11.318,28000
mlp.linear_fc1,48,37.3061,0.332031,0,12.0088,12.0088,28000
mlp.linear_fc2,48,3296,0.515625,0,0.135922,1,28000
self_attention.linear_proj,61,84.5,0.480469,0,5.30177,5.30177,28000
self_attention.linear_qkv,61,56.7573,0.212891,0,7.89325,7.89325,28000
mlp.linear_fc1,61,66.6815,0.423828,0,6.7185,6.7185,28000
mlp.linear_fc2,61,18944,1.07812,0,0.0236486,1,28000
self_attention.linear_proj,62,91.5,0.542969,0,4.89617,4.89617,28000
self_attention.linear_qkv,62,62.1133,0.249023,0,7.21262,7.21262,28000
mlp.linear_fc1,62,69.6377,0.292969,0,6.43329,6.43329,28000
mlp.linear_fc2,62,32256,1.125,0,0.0138889,1,28000
self_attention.linear_proj,63,29.625,0.515625,0,15.1224,15.1224,28000
self_attention.linear_qkv,63,65.3344,0.189453,0,6.85703,6.85703,28000
mlp.linear_fc1,63,71.5383,0.470703,0,6.26238,6.26238,28000
mlp.linear_fc2,63,344064,0.988281,0,0.00130208,1,28000
self_attention.linear_proj,0,14.625,0.996094,0,30.6325,30.6325,32000
self_attention.linear_qkv,0,20.4974,0.273438,0,21.8564,21.8564,32000
mlp.linear_fc1,0,6.6989,0.400391,0,66.8767,66.8767,32000
mlp.linear_fc2,0,1104,1.70312,0,0.405797,1,32000
self_attention.linear_proj,1,9.1875,1.67969,0,48.7619,48.7619,32000
self_attention.linear_qkv,1,14.4422,0.314453,0,31.0202,31.0202,32000
mlp.linear_fc1,1,9.95377,0.574219,0,45.0081,45.0081,32000
mlp.linear_fc2,1,8640,2.0625,0,0.0518519,1,32000
self_attention.linear_proj,2,12,1.83594,0,37.3333,37.3333,32000
self_attention.linear_qkv,2,12.1755,0.339844,0,36.7951,36.7951,32000
mlp.linear_fc1,2,9.05284,0.527344,0,49.4873,49.4873,32000
mlp.linear_fc2,2,632,1.39844,0,0.708861,1,32000
self_attention.linear_proj,3,12.6875,2.01562,0,35.3103,35.3103,32000
self_attention.linear_qkv,3,18.7642,0.34375,0,23.8752,23.8752,32000
mlp.linear_fc1,3,8.54033,0.578125,0,52.457,52.457,32000
mlp.linear_fc2,3,752,1.10156,0,0.595745,1,32000
self_attention.linear_proj,4,15.625,2.375,0,28.672,28.672,32000
self_attention.linear_qkv,4,19.0784,0.365234,0,23.4821,23.4821,32000
mlp.linear_fc1,4,8.34033,0.507812,0,53.7149,53.7149,32000
mlp.linear_fc2,4,776,1.38281,0,0.57732,1,32000
self_attention.linear_proj,17,47,0.789062,0,9.53191,9.53191,32000
self_attention.linear_qkv,17,52.275,0.294922,0,8.57007,8.57007,32000
mlp.linear_fc1,17,9.73781,0.304688,0,46.0063,46.0063,32000
mlp.linear_fc2,17,490,1.17188,0,0.914286,1,32000
self_attention.linear_proj,18,30.625,0.855469,0,14.6286,14.6286,32000
self_attention.linear_qkv,18,46.1943,0.302734,0,9.69818,9.69818,32000
mlp.linear_fc1,18,9.96808,0.400391,0,44.9434,44.9434,32000
mlp.linear_fc2,18,640,1.00781,0,0.7,1,32000
self_attention.linear_proj,19,39.75,0.59375,0,11.2704,11.2704,32000
self_attention.linear_qkv,19,49.7393,0.365234,0,9.00696,9.00696,32000
mlp.linear_fc1,19,11.4179,0.400391,0,39.2366,39.2366,32000
mlp.linear_fc2,19,820,0.976562,0,0.546341,1,32000
self_attention.linear_proj,20,43.25,0.601562,0,10.3584,10.3584,32000
self_attention.linear_qkv,20,43.9408,0.292969,0,10.1955,10.1955,32000
mlp.linear_fc1,20,11.7756,0.324219,0,38.0449,38.0449,32000
mlp.linear_fc2,20,648,0.917969,0,0.691358,1,32000
self_attention.linear_proj,33,65.5,0.408203,0,6.83969,6.83969,32000
self_attention.linear_qkv,33,35.3453,0.275391,0,12.675,12.675,32000
mlp.linear_fc1,33,18.063,0.341797,0,24.8021,24.8021,32000
mlp.linear_fc2,33,1824,1.19531,0,0.245614,1,32000
self_attention.linear_proj,34,79.5,0.410156,0,5.63522,5.63522,32000
self_attention.linear_qkv,34,39.9184,0.292969,0,11.2229,11.2229,32000
mlp.linear_fc1,34,20.6616,0.3125,0,21.6828,21.6828,32000
mlp.linear_fc2,34,1872,0.882812,0,0.239316,1,32000
self_attention.linear_proj,35,63.25,0.470703,0,7.083,7.083,32000
self_attention.linear_qkv,35,42.5084,0.255859,0,10.5391,10.5391,32000
mlp.linear_fc1,35,23.628,0.306641,0,18.9606,18.9606,32000
mlp.linear_fc2,35,1880,1.08594,0,0.238298,1,32000
self_attention.linear_proj,36,55.5,0.384766,0,8.07207,8.07207,32000
self_attention.linear_qkv,36,31.1355,0.238281,0,14.3887,14.3887,32000
mlp.linear_fc1,36,27.0606,0.427734,0,16.5554,16.5554,32000
mlp.linear_fc2,36,1640,1.20312,0,0.273171,1,32000
self_attention.linear_proj,49,64.5,0.390625,0,6.94574,6.94574,32000
self_attention.linear_qkv,49,41.0179,0.25,0,10.9221,10.9221,32000
mlp.linear_fc1,49,30.8482,0.330078,0,14.5228,14.5228,32000
mlp.linear_fc2,49,2784,0.507812,0,0.16092,1,32000
self_attention.linear_proj,50,48.5,0.439453,0,9.23711,9.23711,32000
self_attention.linear_qkv,50,41.8535,0.216797,0,10.704,10.704,32000
mlp.linear_fc1,50,30.3276,0.472656,0,14.772,14.772,32000
mlp.linear_fc2,50,4672,0.554688,0,0.0958904,1,32000
self_attention.linear_proj,51,51.75,0.3125,0,8.657,8.657,32000
self_attention.linear_qkv,51,37.6661,0.225586,0,11.894,11.894,32000
mlp.linear_fc1,51,30.5124,0.339844,0,14.6826,14.6826,32000
mlp.linear_fc2,51,4736,0.597656,0,0.0945946,1,32000
self_attention.linear_proj,52,60.5,0.416016,0,7.40496,7.40496,32000
self_attention.linear_qkv,52,44.0807,0.25,0,10.1632,10.1632,32000
mlp.linear_fc1,52,29.4029,0.412109,0,15.2366,15.2366,32000
mlp.linear_fc2,52,4128,0.503906,0,0.108527,1,32000
self_attention.linear_proj,5,33.5,1.91406,0,13.3731,13.3731,32000
self_attention.linear_qkv,5,20.1574,0.353516,0,22.2251,22.2251,32000
mlp.linear_fc1,5,13.0946,0.498047,0,34.2125,34.2125,32000
mlp.linear_fc2,5,9216,2.0625,0,0.0486111,1,32000
self_attention.linear_proj,6,43.75,0.816406,0,10.24,10.24,32000
self_attention.linear_qkv,6,30.304,0.378906,0,14.7835,14.7835,32000
mlp.linear_fc1,6,9.11048,0.714844,0,49.1741,49.1741,32000
mlp.linear_fc2,6,1012,1.1875,0,0.442688,1,32000
self_attention.linear_proj,7,36.25,0.984375,0,12.3586,12.3586,32000
self_attention.linear_qkv,7,41.8132,0.337891,0,10.7143,10.7143,32000
mlp.linear_fc1,7,8.7363,0.335938,0,51.2803,51.2803,32000
mlp.linear_fc2,7,512,1.60938,0,0.875,1,32000
self_attention.linear_proj,8,28.875,0.550781,0,15.5152,15.5152,32000
self_attention.linear_qkv,8,26.7971,0.363281,0,16.7182,16.7182,32000
mlp.linear_fc1,8,8.30389,0.296875,0,53.9506,53.9506,32000
mlp.linear_fc2,8,1088,1.89844,0,0.411765,1,32000
self_attention.linear_proj,21,43.5,0.910156,0,10.2989,10.2989,32000
self_attention.linear_qkv,21,47.4801,0.263672,0,9.43554,9.43554,32000
mlp.linear_fc1,21,12.5693,0.390625,0,35.6423,35.6423,32000
mlp.linear_fc2,21,1020,1.21875,0,0.439216,1,32000
self_attention.linear_proj,22,73.5,0.625,0,6.09524,6.09524,32000
self_attention.linear_qkv,22,56.179,0.306641,0,7.9745,7.9745,32000
mlp.linear_fc1,22,11.8286,0.316406,0,37.8743,37.8743,32000
mlp.linear_fc2,22,752,1.02344,0,0.595745,1,32000
self_attention.linear_proj,23,65,0.8125,0,6.89231,6.89231,32000
self_attention.linear_qkv,23,50.5919,0.369141,0,8.85517,8.85517,32000
mlp.linear_fc1,23,12.3319,0.298828,0,36.3287,36.3287,32000
mlp.linear_fc2,23,1368,1.32031,0,0.327485,1,32000
self_attention.linear_proj,24,57.75,0.40625,0,7.75758,7.75758,32000
self_attention.linear_qkv,24,48.8699,0.369141,0,9.16719,9.16719,32000
mlp.linear_fc1,24,11.9174,0.470703,0,37.5922,37.5922,32000
mlp.linear_fc2,24,1104,1.09375,0,0.405797,1,32000
self_attention.linear_proj,37,28.625,0.455078,0,15.6507,15.6507,32000
self_attention.linear_qkv,37,29.1155,0.206055,0,15.387,15.387,32000
mlp.linear_fc1,37,25.3167,0.341797,0,17.6958,17.6958,32000
mlp.linear_fc2,37,1600,0.953125,0,0.28,1,32000
self_attention.linear_proj,38,44.25,0.451172,0,10.1243,10.1243,32000
self_attention.linear_qkv,38,40.4205,0.248047,0,11.0835,11.0835,32000
mlp.linear_fc1,38,23.9042,0.318359,0,18.7414,18.7414,32000
mlp.linear_fc2,38,2096,1.09375,0,0.21374,1,32000
self_attention.linear_proj,39,38.25,0.394531,0,11.7124,11.7124,32000
self_attention.linear_qkv,39,30.9545,0.193359,0,14.4729,14.4729,32000
mlp.linear_fc1,39,23.8722,0.40625,0,18.7666,18.7666,32000
mlp.linear_fc2,39,1584,0.699219,0,0.282828,1,32000
self_attention.linear_proj,40,54.5,0.427734,0,8.22018,8.22018,32000
self_attention.linear_qkv,40,28.8708,0.236328,0,15.5174,15.5174,32000
mlp.linear_fc1,40,22.0277,0.375,0,20.338,20.338,32000
mlp.linear_fc2,40,1576,0.820312,0,0.284264,1,32000
self_attention.linear_proj,53,63.25,0.322266,0,7.083,7.083,32000
self_attention.linear_qkv,53,40.7292,0.263672,0,10.9995,10.9995,32000
mlp.linear_fc1,53,28.2904,0.449219,0,15.8358,15.8358,32000
mlp.linear_fc2,53,4736,0.546875,0,0.0945946,1,32000
self_attention.linear_proj,54,69.5,0.511719,0,6.44604,6.44604,32000
self_attention.linear_qkv,54,44.9082,0.227539,0,9.9759,9.9759,32000
mlp.linear_fc1,54,27.0618,0.470703,0,16.5547,16.5547,32000
mlp.linear_fc2,54,3696,0.667969,0,0.121212,1,32000
self_attention.linear_proj,55,77.5,0.65625,0,5.78065,5.78065,32000
self_attention.linear_qkv,55,51.0371,0.302734,0,8.77793,8.77793,32000
mlp.linear_fc1,55,27.3024,0.519531,0,16.4088,16.4088,32000
mlp.linear_fc2,55,4640,0.652344,0,0.0965517,1,32000
self_attention.linear_proj,56,55.75,0.601562,0,8.03587,8.03587,32000
self_attention.linear_qkv,56,49.3517,0.279297,0,9.07771,9.07771,32000
mlp.linear_fc1,56,30.7775,0.527344,0,14.5561,14.5561,32000
mlp.linear_fc2,56,4640,0.816406,0,0.0965517,1,32000
self_attention.linear_proj,9,25.25,1.91406,0,17.7426,17.7426,32000
self_attention.linear_qkv,9,26.2897,0.333984,0,17.0409,17.0409,32000
mlp.linear_fc1,9,7.72334,0.410156,0,58.006,58.006,32000
mlp.linear_fc2,9,996,1.95312,0,0.449799,1,32000
self_attention.linear_proj,10,25.75,0.785156,0,17.3981,17.3981,32000
self_attention.linear_qkv,10,30.7232,0.337891,0,14.5818,14.5818,32000
mlp.linear_fc1,10,6.94621,0.294922,0,64.4956,64.4956,32000
mlp.linear_fc2,10,504,1.71875,0,0.888889,1,32000
self_attention.linear_proj,11,27.125,1.41406,0,16.5161,16.5161,32000
self_attention.linear_qkv,11,32.0285,0.316406,0,13.9875,13.9875,32000
mlp.linear_fc1,11,6.56294,0.310547,0,68.2621,68.2621,32000
mlp.linear_fc2,11,568,1.69531,0,0.788732,1,32000
self_attention.linear_proj,12,34,0.722656,0,13.1765,13.1765,32000
self_attention.linear_qkv,12,32.6129,0.326172,0,13.7369,13.7369,32000
mlp.linear_fc1,12,6.55652,0.269531,0,68.3289,68.3289,32000
mlp.linear_fc2,12,664,1.5625,0,0.674699,1,32000
self_attention.linear_proj,25,56.5,0.390625,0,7.9292,7.9292,32000
self_attention.linear_qkv,25,37.8997,0.261719,0,11.8207,11.8207,32000
mlp.linear_fc1,25,12.2393,0.261719,0,36.6035,36.6035,32000
mlp.linear_fc2,25,1320,1.33594,0,0.339394,1,32000
self_attention.linear_proj,26,61,0.462891,0,7.34426,7.34426,32000
self_attention.linear_qkv,26,40.2186,0.308594,0,11.1391,11.1391,32000
mlp.linear_fc1,26,12.7445,0.291016,0,35.1524,35.1524,32000
mlp.linear_fc2,26,1152,1.21875,0,0.388889,1,32000
self_attention.linear_proj,27,74.5,0.400391,0,6.01342,6.01342,32000
self_attention.linear_qkv,27,49.3645,0.273438,0,9.07535,9.07535,32000
mlp.linear_fc1,27,13.0771,0.371094,0,34.2583,34.2583,32000
mlp.linear_fc2,27,1728,1.17969,0,0.259259,1,32000
self_attention.linear_proj,28,67,0.455078,0,6.68657,6.68657,32000
self_attention.linear_qkv,28,40.0809,0.3125,0,11.1774,11.1774,32000
mlp.linear_fc1,28,13.4635,0.322266,0,33.2752,33.2752,32000
mlp.linear_fc2,28,1616,1.38281,0,0.277228,1,32000
self_attention.linear_proj,41,33.25,0.314453,0,13.4737,13.4737,32000
self_attention.linear_qkv,41,26.6422,0.193359,0,16.8154,16.8154,32000
mlp.linear_fc1,41,23.8719,0.460938,0,18.7668,18.7668,32000
mlp.linear_fc2,41,1768,0.585938,0,0.253394,1,32000
self_attention.linear_proj,42,37.25,0.292969,0,12.0268,12.0268,32000
self_attention.linear_qkv,42,28.457,0.177734,0,15.7431,15.7431,32000
mlp.linear_fc1,42,24.7841,0.332031,0,18.0761,18.0761,32000
mlp.linear_fc2,42,1768,1.01562,0,0.253394,1,32000
self_attention.linear_proj,43,43,0.351562,0,10.4186,10.4186,32000
self_attention.linear_qkv,43,32.2261,0.198242,0,13.9018,13.9018,32000
mlp.linear_fc1,43,25.635,0.455078,0,17.4761,17.4761,32000
mlp.linear_fc2,43,2112,1.1875,0,0.212121,1,32000
self_attention.linear_proj,44,35.75,0.237305,0,12.5315,12.5315,32000
self_attention.linear_qkv,44,31.251,0.198242,0,14.3356,14.3356,32000
mlp.linear_fc1,44,27.2994,0.337891,0,16.4106,16.4106,32000
mlp.linear_fc2,44,2400,1.10156,0,0.186667,1,32000
self_attention.linear_proj,57,68,0.445312,0,6.58824,6.58824,32000
self_attention.linear_qkv,57,45.9942,0.231445,0,9.74035,9.74035,32000
mlp.linear_fc1,57,34.7159,0.578125,0,12.9047,12.9047,32000
mlp.linear_fc2,57,4800,0.6875,0,0.0933333,1,32000
self_attention.linear_proj,58,79,0.660156,0,5.67089,5.67089,32000
self_attention.linear_qkv,58,50.707,0.25,0,8.83508,8.83508,32000
mlp.linear_fc1,58,40.6521,0.964844,0,11.0203,11.0203,32000
mlp.linear_fc2,58,9024,1.08594,0,0.0496454,1,32000
self_attention.linear_proj,59,72.5,0.464844,0,6.17931,6.17931,32000
self_attention.linear_qkv,59,47.9152,0.263672,0,9.34985,9.34985,32000
mlp.linear_fc1,59,45.845,0.675781,0,9.77205,9.77205,32000
mlp.linear_fc2,59,8768,1.13281,0,0.0510949,1,32000
self_attention.linear_proj,60,102,0.574219,0,4.39216,4.39216,32000
self_attention.linear_qkv,60,49.716,0.217773,0,9.01119,9.01119,32000
mlp.linear_fc1,60,52.9365,0.539062,0,8.46297,8.46297,32000
mlp.linear_fc2,60,14720,1.13281,0,0.0304348,1,32000
self_attention.linear_proj,13,61.25,0.65625,0,7.31429,7.31429,32000
self_attention.linear_qkv,13,31.2276,0.326172,0,14.3463,14.3463,32000
mlp.linear_fc1,13,6.76493,0.291016,0,66.2239,66.2239,32000
mlp.linear_fc2,13,772,1.39844,0,0.580311,1,32000
self_attention.linear_proj,14,22,1.47656,0,20.3636,20.3636,32000
self_attention.linear_qkv,14,34.2844,0.373047,0,13.0672,13.0672,32000
mlp.linear_fc1,14,6.93594,0.289062,0,64.5911,64.5911,32000
mlp.linear_fc2,14,572,1.17188,0,0.783217,1,32000
self_attention.linear_proj,15,24.25,0.660156,0,18.4742,18.4742,32000
self_attention.linear_qkv,15,40.7518,0.339844,0,10.9934,10.9934,32000
mlp.linear_fc1,15,7.50583,0.351562,0,59.6869,59.6869,32000
mlp.linear_fc2,15,776,1.34375,0,0.57732,1,32000
self_attention.linear_proj,16,26,1.40625,0,17.2308,17.2308,32000
self_attention.linear_qkv,16,45.6911,0.347656,0,9.80497,9.80497,32000
mlp.linear_fc1,16,8.93373,0.320312,0,50.147,50.147,32000
mlp.linear_fc2,16,988,1.10938,0,0.453441,1,32000
self_attention.linear_proj,29,72.5,0.488281,0,6.17931,6.17931,32000
self_attention.linear_qkv,29,39.9443,0.277344,0,11.2156,11.2156,32000
mlp.linear_fc1,29,14.2799,0.271484,0,31.3728,31.3728,32000
mlp.linear_fc2,29,1784,1.23438,0,0.251121,1,32000
self_attention.linear_proj,30,70,0.472656,0,6.4,6.4,32000
self_attention.linear_qkv,30,47.5026,0.294922,0,9.43107,9.43107,32000
mlp.linear_fc1,30,16.1053,0.28125,0,27.8169,27.8169,32000
mlp.linear_fc2,30,1632,1.25781,0,0.27451,1,32000
self_attention.linear_proj,31,55.75,0.464844,0,8.03587,8.03587,32000
self_attention.linear_qkv,31,41.6271,0.261719,0,10.7622,10.7622,32000
mlp.linear_fc1,31,16.4882,0.335938,0,27.1709,27.1709,32000
mlp.linear_fc2,31,2352,1.42188,0,0.190476,1,32000
self_attention.linear_proj,32,66,0.458984,0,6.78788,6.78788,32000
self_attention.linear_qkv,32,42.2491,0.261719,0,10.6038,10.6038,32000
mlp.linear_fc1,32,17.6091,0.310547,0,25.4413,25.4413,32000
mlp.linear_fc2,32,1760,1.22656,0,0.254545,1,32000
self_attention.linear_proj,45,45.25,0.287109,0,9.90055,9.90055,32000
self_attention.linear_qkv,45,34.8802,0.21875,0,12.844,12.844,32000
mlp.linear_fc1,45,27.8095,0.328125,0,16.1096,16.1096,32000
mlp.linear_fc2,45,1808,0.546875,0,0.247788,1,32000
self_attention.linear_proj,46,55.5,0.322266,0,8.07207,8.07207,32000
self_attention.linear_qkv,46,35.3006,0.232422,0,12.691,12.691,32000
mlp.linear_fc1,46,28.8288,0.429688,0,15.54,15.54,32000
mlp.linear_fc2,46,2912,0.808594,0,0.153846,1,32000
self_attention.linear_proj,47,63.5,0.308594,0,7.05512,7.05512,32000
self_attention.linear_qkv,47,38.5087,0.207031,0,11.6337,11.6337,32000
mlp.linear_fc1,47,29.9811,0.550781,0,14.9427,14.9427,32000
mlp.linear_fc2,47,2528,1.09375,0,0.177215,1,32000
self_attention.linear_proj,48,73.5,0.341797,0,6.09524,6.09524,32000
self_attention.linear_qkv,48,38.7866,0.229492,0,11.5504,11.5504,32000
mlp.linear_fc1,48,30.4502,0.384766,0,14.7126,14.7126,32000
mlp.linear_fc2,48,3488,0.546875,0,0.12844,1,32000
self_attention.linear_proj,61,87,0.492188,0,5.14943,5.14943,32000
self_attention.linear_qkv,61,56.6024,0.209961,0,7.91486,7.91486,32000
mlp.linear_fc1,61,61.1012,0.496094,0,7.33209,7.33209,32000
mlp.linear_fc2,61,33024,1.33594,0,0.0135659,1,32000
self_attention.linear_proj,62,94.5,0.582031,0,4.74074,4.74074,32000
self_attention.linear_qkv,62,61.3921,0.291016,0,7.29736,7.29736,32000
mlp.linear_fc1,62,66.0404,0.314453,0,6.78373,6.78373,32000
mlp.linear_fc2,62,22784,1.39844,0,0.0196629,1,32000
self_attention.linear_proj,63,23,0.550781,0,19.4783,19.4783,32000
self_attention.linear_qkv,63,61.8669,0.202148,0,7.24136,7.24136,32000
mlp.linear_fc1,63,70.5124,0.496094,0,6.35349,6.35349,32000
mlp.linear_fc2,63,270336,1.10156,0,0.0016572,1,32000
self_attention.linear_proj,0,13.75,1.09375,0,32.5818,32.5818,34454
self_attention.linear_qkv,0,19.0196,0.275391,0,23.5547,23.5547,34454
mlp.linear_fc1,0,7.0236,0.433594,0,63.785,63.785,34454
mlp.linear_fc2,0,2048,1.78125,0,0.21875,1,34454
self_attention.linear_proj,1,12.3125,1.80469,0,36.3858,36.3858,34454
self_attention.linear_qkv,1,12.5524,0.337891,0,35.6903,35.6903,34454
mlp.linear_fc1,1,10.4279,0.632812,0,42.9618,42.9618,34454
mlp.linear_fc2,1,21248,2.23438,0,0.0210843,1,34454
self_attention.linear_proj,2,11.375,1.98438,0,39.3846,39.3846,34454
self_attention.linear_qkv,2,12.7446,0.357422,0,35.1522,35.1522,34454
mlp.linear_fc1,2,17.9081,0.578125,0,25.0166,25.0166,34454
mlp.linear_fc2,2,708,1.49219,0,0.632768,1,34454
self_attention.linear_proj,3,15.125,2.1875,0,29.6198,29.6198,34454
self_attention.linear_qkv,3,18.5869,0.365234,0,24.103,24.103,34454
mlp.linear_fc1,3,17.249,0.632812,0,25.9725,25.9725,34454
mlp.linear_fc2,3,572,1.15625,0,0.783217,1,34454
self_attention.linear_proj,4,15,2.51562,0,29.8667,29.8667,34454
self_attention.linear_qkv,4,19.911,0.382812,0,22.5001,22.5001,34454
mlp.linear_fc1,4,19.3974,0.566406,0,23.0958,23.0958,34454
mlp.linear_fc2,4,732,1.48438,0,0.612022,1,34454
self_attention.linear_proj,17,47,0.902344,0,9.53191,9.53191,34454
self_attention.linear_qkv,17,51.998,0.320312,0,8.61572,8.61572,34454
mlp.linear_fc1,17,13.5286,0.324219,0,33.1151,33.1151,34454
mlp.linear_fc2,17,520,1.26562,0,0.861538,1,34454
self_attention.linear_proj,18,34,0.984375,0,13.1765,13.1765,34454
self_attention.linear_qkv,18,46.2156,0.302734,0,9.69369,9.69369,34454
mlp.linear_fc1,18,12.1742,0.433594,0,36.7992,36.7992,34454
mlp.linear_fc2,18,652,1.07031,0,0.687117,1,34454
self_attention.linear_proj,19,38.5,0.625,0,11.6364,11.6364,34454
self_attention.linear_qkv,19,49.7697,0.371094,0,9.00146,9.00146,34454
mlp.linear_fc1,19,13.431,0.439453,0,33.3557,33.3557,34454
mlp.linear_fc2,19,1784,1.0625,0,0.251121,1,34454
self_attention.linear_proj,20,47,0.675781,0,9.53191,9.53191,34454
self_attention.linear_qkv,20,43.9336,0.306641,0,10.1972,10.1972,34454
mlp.linear_fc1,20,14.1875,0.34375,0,31.577,31.577,34454
mlp.linear_fc2,20,720,0.964844,0,0.622222,1,34454
self_attention.linear_proj,33,68.5,0.431641,0,6.54015,6.54015,34454
self_attention.linear_qkv,33,35.0288,0.300781,0,12.7895,12.7895,34454
mlp.linear_fc1,33,19.6653,0.367188,0,22.7812,22.7812,34454
mlp.linear_fc2,33,2224,1.28125,0,0.201439,1,34454
self_attention.linear_proj,34,86,0.429688,0,5.2093,5.2093,34454
self_attention.linear_qkv,34,39.8638,0.28125,0,11.2383,11.2383,34454
mlp.linear_fc1,34,22.703,0.326172,0,19.7331,19.7331,34454
mlp.linear_fc2,34,2288,0.898438,0,0.195804,1,34454
self_attention.linear_proj,35,78,0.507812,0,5.74359,5.74359,34454
self_attention.linear_qkv,35,42.1952,0.261719,0,10.6173,10.6173,34454
mlp.linear_fc1,35,25.4846,0.333984,0,17.5792,17.5792,34454
mlp.linear_fc2,35,2144,1.14844,0,0.208955,1,34454
self_attention.linear_proj,36,52.75,0.412109,0,8.49289,8.49289,34454
self_attention.linear_qkv,36,30.3261,0.25,0,14.7727,14.7727,34454
mlp.linear_fc1,36,28.4182,0.431641,0,15.7645,15.7645,34454
mlp.linear_fc2,36,1656,1.29688,0,0.270531,1,34454
self_attention.linear_proj,49,67,0.388672,0,6.68657,6.68657,34454
self_attention.linear_qkv,49,40.1842,0.25,0,11.1487,11.1487,34454
mlp.linear_fc1,49,35.7002,0.369141,0,12.549,12.549,34454
mlp.linear_fc2,49,3584,0.523438,0,0.125,1,34454
self_attention.linear_proj,50,52,0.464844,0,8.61539,8.61539,34454
self_attention.linear_qkv,50,41.2992,0.233398,0,10.8477,10.8477,34454
mlp.linear_fc1,50,36.9226,0.496094,0,12.1335,12.1335,34454
mlp.linear_fc2,50,4768,0.578125,0,0.0939597,1,34454
self_attention.linear_proj,51,52.75,0.333984,0,8.49289,8.49289,34454
self_attention.linear_qkv,51,36.5538,0.236328,0,12.2559,12.2559,34454
mlp.linear_fc1,51,40.6578,0.359375,0,11.0188,11.0188,34454
mlp.linear_fc2,51,4928,0.644531,0,0.0909091,1,34454
self_attention.linear_proj,52,60.25,0.455078,0,7.43568,7.43568,34454
self_attention.linear_qkv,52,43.8073,0.253906,0,10.2266,10.2266,34454
mlp.linear_fc1,52,42.2507,0.425781,0,10.6034,10.6034,34454
mlp.linear_fc2,52,3504,0.539062,0,0.127854,1,34454
self_attention.linear_proj,5,34.75,2.03125,0,12.8921,12.8921,34454
self_attention.linear_qkv,5,22.8165,0.378906,0,19.6349,19.6349,34454
mlp.linear_fc1,5,24.8792,0.539062,0,18.007,18.007,34454
mlp.linear_fc2,5,9024,2.23438,0,0.0496454,1,34454
self_attention.linear_proj,6,41.5,0.914062,0,10.7952,10.7952,34454
self_attention.linear_qkv,6,27.344,0.400391,0,16.3839,16.3839,34454
mlp.linear_fc1,6,18.1254,0.777344,0,24.7167,24.7167,34454
mlp.linear_fc2,6,524,1.27344,0,0.854962,1,34454
self_attention.linear_proj,7,36.5,1.10938,0,12.274,12.274,34454
self_attention.linear_qkv,7,39.1861,0.345703,0,11.4326,11.4326,34454
mlp.linear_fc1,7,17.6892,0.369141,0,25.3262,25.3262,34454
mlp.linear_fc2,7,1088,1.72656,0,0.411765,1,34454
self_attention.linear_proj,8,30.625,0.585938,0,14.6286,14.6286,34454
self_attention.linear_qkv,8,24.7744,0.376953,0,18.0832,18.0832,34454
mlp.linear_fc1,8,16.8912,0.324219,0,26.5226,26.5226,34454
mlp.linear_fc2,8,2032,2.03125,0,0.220472,1,34454
self_attention.linear_proj,21,41,0.996094,0,10.9268,10.9268,34454
self_attention.linear_qkv,21,47.4809,0.279297,0,9.43538,9.43538,34454
mlp.linear_fc1,21,14.9666,0.408203,0,29.9332,29.9332,34454
mlp.linear_fc2,21,996,1.30469,0,0.449799,1,34454
self_attention.linear_proj,22,73.5,0.6875,0,6.09524,6.09524,34454
self_attention.linear_qkv,22,55.8589,0.314453,0,8.0202,8.0202,34454
mlp.linear_fc1,22,13.3111,0.345703,0,33.6561,33.6561,34454
mlp.linear_fc2,22,788,1.07812,0,0.568528,1,34454
self_attention.linear_proj,23,69.5,0.910156,0,6.44604,6.44604,34454
self_attention.linear_qkv,23,50.3788,0.386719,0,8.89263,8.89263,34454
mlp.linear_fc1,23,14.3174,0.341797,0,31.2906,31.2906,34454
mlp.linear_fc2,23,1344,1.42188,0,0.333333,1,34454
self_attention.linear_proj,24,65,0.423828,0,6.89231,6.89231,34454
self_attention.linear_qkv,24,48.6442,0.382812,0,9.20973,9.20973,34454
mlp.linear_fc1,24,13.9744,0.503906,0,32.0586,32.0586,34454
mlp.linear_fc2,24,1096,1.13281,0,0.408759,1,34454
self_attention.linear_proj,37,30.625,0.5,0,14.6286,14.6286,34454
self_attention.linear_qkv,37,28.1306,0.21582,0,15.9257,15.9257,34454
mlp.linear_fc1,37,27.4861,0.351562,0,16.2992,16.2992,34454
mlp.linear_fc2,37,1744,1.02344,0,0.256881,1,34454
self_attention.linear_proj,38,45.75,0.492188,0,9.79235,9.79235,34454
self_attention.linear_qkv,38,39.2965,0.261719,0,11.4005,11.4005,34454
mlp.linear_fc1,38,26.6008,0.335938,0,16.8416,16.8416,34454
mlp.linear_fc2,38,2272,1.19531,0,0.197183,1,34454
self_attention.linear_proj,39,43.25,0.423828,0,10.3584,10.3584,34454
self_attention.linear_qkv,39,29.9735,0.199219,0,14.9465,14.9465,34454
mlp.linear_fc1,39,26.3421,0.441406,0,17.007,17.007,34454
mlp.linear_fc2,39,1992,0.726562,0,0.2249,1,34454
self_attention.linear_proj,40,58.75,0.439453,0,7.62553,7.62553,34454
self_attention.linear_qkv,40,28.3081,0.257812,0,15.8259,15.8259,34454
mlp.linear_fc1,40,26.7133,0.408203,0,16.7707,16.7707,34454
mlp.linear_fc2,40,1704,0.859375,0,0.262911,1,34454
self_attention.linear_proj,53,62.5,0.332031,0,7.168,7.168,34454
self_attention.linear_qkv,53,40.1771,0.275391,0,11.1506,11.1506,34454
mlp.linear_fc1,53,43.916,0.447266,0,10.2013,10.2013,34454
mlp.linear_fc2,53,5376,0.601562,0,0.0833333,1,34454
self_attention.linear_proj,54,83,0.542969,0,5.39759,5.39759,34454
self_attention.linear_qkv,54,43.7994,0.239258,0,10.2284,10.2284,34454
mlp.linear_fc1,54,46.2348,0.511719,0,9.68967,9.68967,34454
mlp.linear_fc2,54,3968,0.695312,0,0.112903,1,34454
self_attention.linear_proj,55,83,0.71875,0,5.39759,5.39759,34454
self_attention.linear_qkv,55,50.4885,0.316406,0,8.8733,8.8733,34454
mlp.linear_fc1,55,47.2818,0.546875,0,9.4751,9.4751,34454
mlp.linear_fc2,55,5088,0.816406,0,0.0880503,1,34454
self_attention.linear_proj,56,62.75,0.65625,0,7.13944,7.13944,34454
self_attention.linear_qkv,56,48.8038,0.302734,0,9.1796,9.1796,34454
mlp.linear_fc1,56,50.9988,0.539062,0,8.78452,8.78452,34454
mlp.linear_fc2,56,4800,0.925781,0,0.0933333,1,34454
self_attention.linear_proj,9,23.5,2.17188,0,19.0638,19.0638,34454
self_attention.linear_qkv,9,24.5054,0.355469,0,18.2817,18.2817,34454
mlp.linear_fc1,9,16.6598,0.449219,0,26.8911,26.8911,34454
mlp.linear_fc2,9,1032,2.10938,0,0.434109,1,34454
self_attention.linear_proj,10,24.875,0.925781,0,18.01,18.01,34454
self_attention.linear_qkv,10,28.5115,0.353516,0,15.7129,15.7129,34454
mlp.linear_fc1,10,15.9009,0.324219,0,28.1745,28.1745,34454
mlp.linear_fc2,10,612,1.86719,0,0.732026,1,34454
self_attention.linear_proj,11,25.25,1.5625,0,17.7426,17.7426,34454
self_attention.linear_qkv,11,30.5167,0.351562,0,14.6805,14.6805,34454
mlp.linear_fc1,11,15.1859,0.347656,0,29.5011,29.5011,34454
mlp.linear_fc2,11,572,1.82031,0,0.783217,1,34454
self_attention.linear_proj,12,34.25,0.773438,0,13.0803,13.0803,34454
self_attention.linear_qkv,12,30.5529,0.351562,0,14.6631,14.6631,34454
mlp.linear_fc1,12,14.8258,0.283203,0,30.2177,30.2177,34454
mlp.linear_fc2,12,624,1.67969,0,0.717949,1,34454
self_attention.linear_proj,25,57.5,0.419922,0,7.7913,7.7913,34454
self_attention.linear_qkv,25,37.3991,0.275391,0,11.9789,11.9789,34454
mlp.linear_fc1,25,14.5992,0.267578,0,30.6867,30.6867,34454
mlp.linear_fc2,25,1320,1.39844,0,0.339394,1,34454
self_attention.linear_proj,26,60.25,0.5,0,7.43568,7.43568,34454
self_attention.linear_qkv,26,38.4498,0.3125,0,11.6515,11.6515,34454
mlp.linear_fc1,26,15.4486,0.322266,0,28.9993,28.9993,34454
mlp.linear_fc2,26,1056,1.28125,0,0.424242,1,34454
self_attention.linear_proj,27,77.5,0.416016,0,5.78065,5.78065,34454
self_attention.linear_qkv,27,47.6883,0.279297,0,9.39434,9.39434,34454
mlp.linear_fc1,27,15.3307,0.410156,0,29.2224,29.2224,34454
mlp.linear_fc2,27,2016,1.23438,0,0.222222,1,34454
self_attention.linear_proj,28,69.5,0.480469,0,6.44604,6.44604,34454
self_attention.linear_qkv,28,38.5444,0.347656,0,11.623,11.623,34454
mlp.linear_fc1,28,15.9992,0.335938,0,28.0015,28.0015,34454
mlp.linear_fc2,28,2208,1.45312,0,0.202899,1,34454
self_attention.linear_proj,41,36,0.332031,0,12.4444,12.4444,34454
self_attention.linear_qkv,41,26.0801,0.199219,0,17.1778,17.1778,34454
mlp.linear_fc1,41,27.3343,0.494141,0,16.3896,16.3896,34454
mlp.linear_fc2,41,1960,0.617188,0,0.228571,1,34454
self_attention.linear_proj,42,40.75,0.310547,0,10.9939,10.9939,34454
self_attention.linear_qkv,42,27.619,0.193359,0,16.2207,16.2207,34454
mlp.linear_fc1,42,27.9545,0.341797,0,16.026,16.026,34454
mlp.linear_fc2,42,2000,1.08594,0,0.224,1,34454
self_attention.linear_proj,43,45.75,0.382812,0,9.79235,9.79235,34454
self_attention.linear_qkv,43,31.2497,0.195312,0,14.3362,14.3362,34454
mlp.linear_fc1,43,28.7052,0.490234,0,15.607,15.607,34454
mlp.linear_fc2,43,3152,1.25781,0,0.142132,1,34454
self_attention.linear_proj,44,37.25,0.248047,0,12.0268,12.0268,34454
self_attention.linear_qkv,44,30.2733,0.204102,0,14.7985,14.7985,34454
mlp.linear_fc1,44,28.4402,0.355469,0,15.7523,15.7523,34454
mlp.linear_fc2,44,2576,1.16406,0,0.173913,1,34454
self_attention.linear_proj,57,72.5,0.458984,0,6.17931,6.17931,34454
self_attention.linear_qkv,57,45.7239,0.243164,0,9.79795,9.79795,34454
mlp.linear_fc1,57,53.4653,0.570312,0,8.37926,8.37926,34454
mlp.linear_fc2,57,5184,0.765625,0,0.0864198,1,34454
self_attention.linear_proj,58,90,0.683594,0,4.97778,4.97778,34454
self_attention.linear_qkv,58,50.1567,0.25,0,8.932,8.932,34454
mlp.linear_fc1,58,57.5904,0.953125,0,7.77908,7.77908,34454
mlp.linear_fc2,58,11328,1.20312,0,0.039548,1,34454
self_attention.linear_proj,59,75,0.474609,0,5.97333,5.97333,34454
self_attention.linear_qkv,59,48.7384,0.273438,0,9.19194,9.19194,34454
mlp.linear_fc1,59,57.8103,0.714844,0,7.74949,7.74949,34454
mlp.linear_fc2,59,13440,1.20312,0,0.0333333,1,34454
self_attention.linear_proj,60,112,0.605469,0,4,4,34454
self_attention.linear_qkv,60,52.3802,0.21875,0,8.55286,8.55286,34454
mlp.linear_fc1,60,61.1449,0.5625,0,7.32686,7.32686,34454
mlp.linear_fc2,60,19456,1.21094,0,0.0230263,1,34454
self_attention.linear_proj,13,61.5,0.738281,0,7.28455,7.28455,34454
self_attention.linear_qkv,13,30.0108,0.353516,0,14.928,14.928,34454
mlp.linear_fc1,13,14.1236,0.322266,0,31.7201,31.7201,34454
mlp.linear_fc2,13,620,1.49219,0,0.722581,1,34454
self_attention.linear_proj,14,21.875,1.61719,0,20.48,20.48,34454
self_attention.linear_qkv,14,33.1649,0.402344,0,13.5083,13.5083,34454
mlp.linear_fc1,14,14.0557,0.322266,0,31.8731,31.8731,34454
mlp.linear_fc2,14,580,1.25781,0,0.772414,1,34454
self_attention.linear_proj,15,24,0.660156,0,18.6667,18.6667,34454
self_attention.linear_qkv,15,39.9118,0.378906,0,11.2248,11.2248,34454
mlp.linear_fc1,15,14.6497,0.390625,0,30.5808,30.5808,34454
mlp.linear_fc2,15,960,1.42969,0,0.466667,1,34454
self_attention.linear_proj,16,26.875,1.49219,0,16.6698,16.6698,34454
self_attention.linear_qkv,16,45.4157,0.367188,0,9.86444,9.86444,34454
mlp.linear_fc1,16,14.6166,0.355469,0,30.6501,30.6501,34454
mlp.linear_fc2,16,868,1.19531,0,0.516129,1,34454
self_attention.linear_proj,29,76,0.519531,0,5.89474,5.89474,34454
self_attention.linear_qkv,29,38.9784,0.314453,0,11.4935,11.4935,34454
mlp.linear_fc1,29,16.2769,0.306641,0,27.5237,27.5237,34454
mlp.linear_fc2,29,1864,1.29688,0,0.240343,1,34454
self_attention.linear_proj,30,72,0.498047,0,6.22222,6.22222,34454
self_attention.linear_qkv,30,46.3894,0.291016,0,9.65738,9.65738,34454
mlp.linear_fc1,30,17.756,0.292969,0,25.2309,25.2309,34454
mlp.linear_fc2,30,1760,1.32812,0,0.254545,1,34454
self_attention.linear_proj,31,59.5,0.484375,0,7.52941,7.52941,34454
self_attention.linear_qkv,31,40.6437,0.279297,0,11.0226,11.0226,34454
mlp.linear_fc1,31,18.1561,0.357422,0,24.6749,24.6749,34454
mlp.linear_fc2,31,2304,1.49219,0,0.194444,1,34454
self_attention.linear_proj,32,67,0.476562,0,6.68657,6.68657,34454
self_attention.linear_qkv,32,41.3462,0.265625,0,10.8353,10.8353,34454
mlp.linear_fc1,32,19.2925,0.333984,0,23.2215,23.2215,34454
mlp.linear_fc2,32,1984,1.28906,0,0.225806,1,34454
self_attention.linear_proj,45,47.5,0.294922,0,9.43158,9.43158,34454
self_attention.linear_qkv,45,34.1823,0.229492,0,13.1062,13.1062,34454
mlp.linear_fc1,45,29.3135,0.359375,0,15.2831,15.2831,34454
mlp.linear_fc2,45,2096,0.613281,0,0.21374,1,34454
self_attention.linear_proj,46,62.25,0.365234,0,7.19679,7.19679,34454
self_attention.linear_qkv,46,34.4634,0.246094,0,12.9993,12.9993,34454
mlp.linear_fc1,46,30.1233,0.466797,0,14.8722,14.8722,34454
mlp.linear_fc2,46,3200,0.84375,0,0.14,1,34454
self_attention.linear_proj,47,69,0.341797,0,6.49275,6.49275,34454
self_attention.linear_qkv,47,37.9522,0.216797,0,11.8043,11.8043,34454
mlp.linear_fc1,47,31.9911,0.609375,0,14.0039,14.0039,34454
mlp.linear_fc2,47,2496,1.17969,0,0.179487,1,34454
self_attention.linear_proj,48,84.5,0.345703,0,5.30177,5.30177,34454
self_attention.linear_qkv,48,38.2321,0.246094,0,11.7179,11.7179,34454
mlp.linear_fc1,48,33.189,0.425781,0,13.4985,13.4985,34454
mlp.linear_fc2,48,3920,0.546875,0,0.114286,1,34454
self_attention.linear_proj,61,89,0.511719,0,5.03371,5.03371,34454
self_attention.linear_qkv,61,56.1099,0.22168,0,7.98433,7.98433,34454
mlp.linear_fc1,61,63.6376,0.527344,0,7.03987,7.03987,34454
mlp.linear_fc2,61,30080,1.45312,0,0.0148936,1,34454
self_attention.linear_proj,62,128,0.582031,0,3.5,3.5,34454
self_attention.linear_qkv,62,64.4937,0.300781,0,6.94641,6.94641,34454
mlp.linear_fc1,62,68.1684,0.324219,0,6.57196,6.57196,34454
mlp.linear_fc2,62,49920,1.46875,0,0.00897436,1,34454
self_attention.linear_proj,63,33.5,0.570312,0,13.3731,13.3731,34454
self_attention.linear_qkv,63,66.7487,0.226562,0,6.71174,6.71174,34454
mlp.linear_fc1,63,72.4854,0.554688,0,6.18056,6.18056,34454
mlp.linear_fc2,63,651264,1.22656,0,0.000687893,1,34454
self_attention.linear_proj,0,12.25,1.14062,0,36.5714,36.5714,36000
self_attention.linear_qkv,0,18.0025,0.285156,0,24.8854,24.8854,36000
mlp.linear_fc1,0,6.24437,0.466797,0,71.7446,71.7446,36000
mlp.linear_fc2,0,1864,1.83594,0,0.240343,1,36000
self_attention.linear_proj,1,10.875,1.92188,0,41.1954,41.1954,36000
self_attention.linear_qkv,1,11.3527,0.347656,0,39.4621,39.4621,36000
mlp.linear_fc1,1,9.47081,0.664062,0,47.3032,47.3032,36000
mlp.linear_fc2,1,14400,2.3125,0,0.0311111,1,36000
self_attention.linear_proj,2,14.9375,2.09375,0,29.9916,29.9916,36000
self_attention.linear_qkv,2,8.18573,0.371094,0,54.7294,54.7294,36000
mlp.linear_fc1,2,9.18051,0.605469,0,48.7991,48.7991,36000
mlp.linear_fc2,2,6880,1.57031,0,0.0651163,1,36000
self_attention.linear_proj,3,14.625,2.28125,0,30.6325,30.6325,36000
self_attention.linear_qkv,3,16.6637,0.382812,0,26.8847,26.8847,36000
mlp.linear_fc1,3,9.01408,0.675781,0,49.7,49.7,36000
mlp.linear_fc2,3,1280,1.20312,0,0.35,1,36000
self_attention.linear_proj,4,17.625,2.57812,0,25.4184,25.4184,36000
self_attention.linear_qkv,4,17.4302,0.396484,0,25.7025,25.7025,36000
mlp.linear_fc1,4,8.78823,0.613281,0,50.9773,50.9773,36000
mlp.linear_fc2,4,2176,1.54688,0,0.205882,1,36000
self_attention.linear_proj,17,46.25,0.964844,0,9.68649,9.68649,36000
self_attention.linear_qkv,17,52.2675,0.330078,0,8.57129,8.57129,36000
mlp.linear_fc1,17,10.3053,0.335938,0,43.473,43.473,36000
mlp.linear_fc2,17,1012,1.32031,0,0.442688,1,36000
self_attention.linear_proj,18,36,1.05469,0,12.4444,12.4444,36000
self_attention.linear_qkv,18,46.4711,0.316406,0,9.64041,9.64041,36000
mlp.linear_fc1,18,10.9848,0.453125,0,40.7836,40.7836,36000
mlp.linear_fc2,18,612,1.10938,0,0.732026,1,36000
self_attention.linear_proj,19,38.75,0.632812,0,11.5613,11.5613,36000
self_attention.linear_qkv,19,49.7448,0.392578,0,9.00596,9.00596,36000
mlp.linear_fc1,19,12.5434,0.449219,0,35.7161,35.7161,36000
mlp.linear_fc2,19,1880,1.13281,0,0.238298,1,36000
self_attention.linear_proj,20,46.5,0.726562,0,9.63441,9.63441,36000
self_attention.linear_qkv,20,44.1866,0.324219,0,10.1388,10.1388,36000
mlp.linear_fc1,20,13.338,0.361328,0,33.5883,33.5883,36000
mlp.linear_fc2,20,656,0.964844,0,0.682927,1,36000
self_attention.linear_proj,33,70.5,0.449219,0,6.35461,6.35461,36000
self_attention.linear_qkv,33,35.1976,0.298828,0,12.7281,12.7281,36000
mlp.linear_fc1,33,20.3516,0.384766,0,22.013,22.013,36000
mlp.linear_fc2,33,2464,1.32812,0,0.181818,1,36000
self_attention.linear_proj,34,88,0.4375,0,5.09091,5.09091,36000
self_attention.linear_qkv,34,39.8939,0.285156,0,11.2298,11.2298,36000
mlp.linear_fc1,34,23.6405,0.335938,0,18.9506,18.9506,36000
mlp.linear_fc2,34,1800,0.945312,0,0.248889,1,36000
self_attention.linear_proj,35,74,0.523438,0,6.05405,6.05405,36000
self_attention.linear_qkv,35,42.4892,0.271484,0,10.5439,10.5439,36000
mlp.linear_fc1,35,26.6554,0.337891,0,16.8071,16.8071,36000
mlp.linear_fc2,35,1888,1.21875,0,0.237288,1,36000
self_attention.linear_proj,36,59.75,0.425781,0,7.49791,7.49791,36000
self_attention.linear_qkv,36,30.3266,0.255859,0,14.7725,14.7725,36000
mlp.linear_fc1,36,30.2632,0.443359,0,14.8034,14.8034,36000
mlp.linear_fc2,36,1904,1.375,0,0.235294,1,36000
self_attention.linear_proj,49,68,0.416016,0,6.58824,6.58824,36000
self_attention.linear_qkv,49,40.1805,0.25,0,11.1497,11.1497,36000
mlp.linear_fc1,49,34.3359,0.386719,0,13.0476,13.0476,36000
mlp.linear_fc2,49,3552,0.542969,0,0.126126,1,36000
self_attention.linear_proj,50,56.25,0.451172,0,7.96444,7.96444,36000
self_attention.linear_qkv,50,41.2965,0.240234,0,10.8484,10.8484,36000
mlp.linear_fc1,50,35.3566,0.511719,0,12.6709,12.6709,36000
mlp.linear_fc2,50,3984,0.589844,0,0.11245,1,36000
self_attention.linear_proj,51,52.25,0.339844,0,8.57416,8.57416,36000
self_attention.linear_qkv,51,36.273,0.237305,0,12.3508,12.3508,36000
mlp.linear_fc1,51,38.4638,0.369141,0,11.6473,11.6473,36000
mlp.linear_fc2,51,4992,0.675781,0,0.0897436,1,36000
self_attention.linear_proj,52,62,0.466797,0,7.22581,7.22581,36000
self_attention.linear_qkv,52,43.8053,0.265625,0,10.2271,10.2271,36000
mlp.linear_fc1,52,40.252,0.447266,0,11.1299,11.1299,36000
mlp.linear_fc2,52,3936,0.578125,0,0.113821,1,36000
self_attention.linear_proj,5,39,2.10938,0,11.4872,11.4872,36000
self_attention.linear_qkv,5,19.8474,0.427734,0,22.5722,22.5722,36000
mlp.linear_fc1,5,13.9677,0.558594,0,32.0739,32.0739,36000
mlp.linear_fc2,5,18688,2.32812,0,0.0239726,1,36000
self_attention.linear_proj,6,42.75,0.964844,0,10.4795,10.4795,36000
self_attention.linear_qkv,6,25.8458,0.414062,0,17.3336,17.3336,36000
mlp.linear_fc1,6,8.30073,0.804688,0,53.9712,53.9712,36000
mlp.linear_fc2,6,704,1.32812,0,0.636364,1,36000
self_attention.linear_proj,7,35.5,1.1875,0,12.6197,12.6197,36000
self_attention.linear_qkv,7,37.8372,0.341797,0,11.8402,11.8402,36000
mlp.linear_fc1,7,8.04393,0.388672,0,55.6942,55.6942,36000
mlp.linear_fc2,7,668,1.78906,0,0.670659,1,36000
self_attention.linear_proj,8,27.75,0.632812,0,16.1441,16.1441,36000
self_attention.linear_qkv,8,23.8458,0.384766,0,18.7874,18.7874,36000
mlp.linear_fc1,8,7.64092,0.349609,0,58.6317,58.6317,36000
mlp.linear_fc2,8,820,2.07812,0,0.546341,1,36000
self_attention.linear_proj,21,43.25,1.03906,0,10.3584,10.3584,36000
self_attention.linear_qkv,21,47.7339,0.287109,0,9.38535,9.38535,36000
mlp.linear_fc1,21,14.0945,0.404297,0,31.7855,31.7855,36000
mlp.linear_fc2,21,988,1.35938,0,0.453441,1,36000
self_attention.linear_proj,22,72,0.734375,0,6.22222,6.22222,36000
self_attention.linear_qkv,22,55.9222,0.330078,0,8.01113,8.01113,36000
mlp.linear_fc1,22,12.5112,0.351562,0,35.8079,35.8079,36000
mlp.linear_fc2,22,820,1.125,0,0.546341,1,36000
self_attention.linear_proj,23,76.5,0.953125,0,5.85621,5.85621,36000
self_attention.linear_qkv,23,50.6457,0.386719,0,8.84577,8.84577,36000
mlp.linear_fc1,23,13.5803,0.367188,0,32.9889,32.9889,36000
mlp.linear_fc2,23,1264,1.49219,0,0.35443,1,36000
self_attention.linear_proj,24,61.75,0.433594,0,7.25506,7.25506,36000
self_attention.linear_qkv,24,48.9282,0.394531,0,9.15627,9.15627,36000
mlp.linear_fc1,24,13.0236,0.519531,0,34.3992,34.3992,36000
mlp.linear_fc2,24,984,1.15625,0,0.455285,1,36000
self_attention.linear_proj,37,32.5,0.519531,0,13.7846,13.7846,36000
self_attention.linear_qkv,37,27.5702,0.213867,0,16.2494,16.2494,36000
mlp.linear_fc1,37,30.4452,0.363281,0,14.715,14.715,36000
mlp.linear_fc2,37,1904,1.07812,0,0.235294,1,36000
self_attention.linear_proj,38,45.5,0.519531,0,9.84615,9.84615,36000
self_attention.linear_qkv,38,39.2904,0.261719,0,11.4023,11.4023,36000
mlp.linear_fc1,38,28.813,0.353516,0,15.5485,15.5485,36000
mlp.linear_fc2,38,1984,1.29688,0,0.225806,1,36000
self_attention.linear_proj,39,44.75,0.445312,0,10.0112,10.0112,36000
self_attention.linear_qkv,39,29.6886,0.200195,0,15.09,15.09,36000
mlp.linear_fc1,39,27.5456,0.455078,0,16.2639,16.2639,36000
mlp.linear_fc2,39,2048,0.765625,0,0.21875,1,36000
self_attention.linear_proj,40,62.25,0.441406,0,7.19679,7.19679,36000
self_attention.linear_qkv,40,28.3028,0.261719,0,15.8288,15.8288,36000
mlp.linear_fc1,40,27.6408,0.427734,0,16.2079,16.2079,36000
mlp.linear_fc2,40,1648,0.90625,0,0.271845,1,36000
self_attention.linear_proj,53,69.5,0.333984,0,6.44604,6.44604,36000
self_attention.linear_qkv,53,40.1719,0.291016,0,11.1521,11.1521,36000
mlp.linear_fc1,53,42.304,0.486328,0,10.59,10.59,36000
mlp.linear_fc2,53,4896,0.640625,0,0.0915033,1,36000
self_attention.linear_proj,54,84.5,0.566406,0,5.30177,5.30177,36000
self_attention.linear_qkv,54,43.2417,0.238281,0,10.3604,10.3604,36000
mlp.linear_fc1,54,43.8285,0.53125,0,10.2217,10.2217,36000
mlp.linear_fc2,54,6464,0.714844,0,0.0693069,1,36000
self_attention.linear_proj,55,82,0.730469,0,5.46341,5.46341,36000
self_attention.linear_qkv,55,50.4886,0.324219,0,8.87329,8.87329,36000
mlp.linear_fc1,55,45.5903,0.550781,0,9.82664,9.82664,36000
mlp.linear_fc2,55,5088,0.859375,0,0.0880503,1,36000
self_attention.linear_proj,56,63,0.699219,0,7.11111,7.11111,36000
self_attention.linear_qkv,56,48.529,0.308594,0,9.23159,9.23159,36000
mlp.linear_fc1,56,48.5995,0.539062,0,9.21821,9.21821,36000
mlp.linear_fc2,56,5728,0.972656,0,0.0782123,1,36000
self_attention.linear_proj,9,25.625,2.32812,0,17.4829,17.4829,36000
self_attention.linear_qkv,9,23.5919,0.373047,0,18.9895,18.9895,36000
mlp.linear_fc1,9,8.10189,0.474609,0,55.2958,55.2958,36000
mlp.linear_fc2,9,1184,2.20312,0,0.378378,1,36000
self_attention.linear_proj,10,26.5,0.984375,0,16.9057,16.9057,36000
self_attention.linear_qkv,10,27.4542,0.357422,0,16.3181,16.3181,36000
mlp.linear_fc1,10,6.70478,0.341797,0,66.818,66.818,36000
mlp.linear_fc2,10,540,1.95312,0,0.82963,1,36000
self_attention.linear_proj,11,25.25,1.64844,0,17.7426,17.7426,36000
self_attention.linear_qkv,11,29.9641,0.365234,0,14.9512,14.9512,36000
mlp.linear_fc1,11,6.39219,0.375,0,70.0855,70.0855,36000
mlp.linear_fc2,11,564,1.88281,0,0.794326,1,36000
self_attention.linear_proj,12,34,0.824219,0,13.1765,13.1765,36000
self_attention.linear_qkv,12,29.5921,0.365234,0,15.1392,15.1392,36000
mlp.linear_fc1,12,6.44531,0.300781,0,69.5079,69.5079,36000
mlp.linear_fc2,12,648,1.71875,0,0.691358,1,36000
self_attention.linear_proj,25,54.25,0.439453,0,8.25806,8.25806,36000
self_attention.linear_qkv,25,37.6675,0.291016,0,11.8936,11.8936,36000
mlp.linear_fc1,25,13.7729,0.28125,0,32.5275,32.5275,36000
mlp.linear_fc2,25,1416,1.4375,0,0.316384,1,36000
self_attention.linear_proj,26,59,0.523438,0,7.59322,7.59322,36000
self_attention.linear_qkv,26,39.7456,0.308594,0,11.2717,11.2717,36000
mlp.linear_fc1,26,14.4376,0.337891,0,31.0301,31.0301,36000
mlp.linear_fc2,26,1136,1.32031,0,0.394366,1,36000
self_attention.linear_proj,27,79,0.425781,0,5.67089,5.67089,36000
self_attention.linear_qkv,27,48.0839,0.298828,0,9.31705,9.31705,36000
mlp.linear_fc1,27,14.4878,0.431641,0,30.9226,30.9226,36000
mlp.linear_fc2,27,1960,1.27344,0,0.228571,1,36000
self_attention.linear_proj,28,72,0.488281,0,6.22222,6.22222,36000
self_attention.linear_qkv,28,38.0712,0.373047,0,11.7674,11.7674,36000
mlp.linear_fc1,28,15.1993,0.347656,0,29.4751,29.4751,36000
mlp.linear_fc2,28,1936,1.5,0,0.231405,1,36000
self_attention.linear_proj,41,38,0.341797,0,11.7895,11.7895,36000
self_attention.linear_qkv,41,26.0754,0.205078,0,17.181,17.181,36000
mlp.linear_fc1,41,28.2421,0.5,0,15.8629,15.8629,36000
mlp.linear_fc2,41,1760,0.640625,0,0.254545,1,36000
self_attention.linear_proj,42,41.5,0.318359,0,10.7952,10.7952,36000
self_attention.linear_qkv,42,27.3331,0.19043,0,16.3904,16.3904,36000
mlp.linear_fc1,42,28.4381,0.34375,0,15.7535,15.7535,36000
mlp.linear_fc2,42,2024,1.13281,0,0.221344,1,36000
self_attention.linear_proj,43,47.75,0.396484,0,9.3822,9.3822,36000
self_attention.linear_qkv,43,30.9631,0.204102,0,14.4688,14.4688,36000
mlp.linear_fc1,43,29.0329,0.507812,0,15.4308,15.4308,36000
mlp.linear_fc2,43,2208,1.32031,0,0.202899,1,36000
self_attention.linear_proj,44,38.75,0.253906,0,11.5613,11.5613,36000
self_attention.linear_qkv,44,29.9886,0.219727,0,14.939,14.939,36000
mlp.linear_fc1,44,29.0989,0.371094,0,15.3957,15.3957,36000
mlp.linear_fc2,44,2624,1.23438,0,0.170732,1,36000
self_attention.linear_proj,57,67.5,0.470703,0,6.63704,6.63704,36000
self_attention.linear_qkv,57,45.7313,0.253906,0,9.79635,9.79635,36000
mlp.linear_fc1,57,51.5882,0.585938,0,8.68415,8.68415,36000
mlp.linear_fc2,57,5024,0.789062,0,0.089172,1,36000
self_attention.linear_proj,58,89,0.683594,0,5.03371,5.03371,36000
self_attention.linear_qkv,58,49.8939,0.255859,0,8.97905,8.97905,36000
mlp.linear_fc1,58,54.523,0.902344,0,8.21672,8.21672,36000
mlp.linear_fc2,58,12864,1.28125,0,0.0348259,1,36000
self_attention.linear_proj,59,78,0.476562,0,5.74359,5.74359,36000
self_attention.linear_qkv,59,47.0697,0.275391,0,9.51779,9.51779,36000
mlp.linear_fc1,59,55.1669,0.710938,0,8.12081,8.12081,36000
mlp.linear_fc2,59,11968,1.21875,0,0.0374332,1,36000
self_attention.linear_proj,60,141,0.609375,0,3.1773,3.1773,36000
self_attention.linear_qkv,60,49.8806,0.228516,0,8.98144,8.98144,36000
mlp.linear_fc1,60,58.0937,0.578125,0,7.71169,7.71169,36000
mlp.linear_fc2,60,7424,1.23438,0,0.0603448,1,36000
self_attention.linear_proj,13,61.75,0.785156,0,7.25506,7.25506,36000
self_attention.linear_qkv,13,29.4697,0.376953,0,15.202,15.202,36000
mlp.linear_fc1,13,6.04412,0.359375,0,74.1216,74.1216,36000
mlp.linear_fc2,13,652,1.52344,0,0.687117,1,36000
self_attention.linear_proj,14,22.25,1.69531,0,20.1348,20.1348,36000
self_attention.linear_qkv,14,32.6055,0.416016,0,13.74,13.74,36000
mlp.linear_fc1,14,6.69693,0.330078,0,66.8963,66.8963,36000
mlp.linear_fc2,14,652,1.27344,0,0.687117,1,36000
self_attention.linear_proj,15,26,0.65625,0,17.2308,17.2308,36000
self_attention.linear_qkv,15,39.6371,0.402344,0,11.3026,11.3026,36000
mlp.linear_fc1,15,7.20096,0.390625,0,62.2139,62.2139,36000
mlp.linear_fc2,15,876,1.46875,0,0.511416,1,36000
self_attention.linear_proj,16,25.5,1.54688,0,17.5686,17.5686,36000
self_attention.linear_qkv,16,45.4036,0.375,0,9.86707,9.86707,36000
mlp.linear_fc1,16,9.46354,0.373047,0,47.3396,47.3396,36000
mlp.linear_fc2,16,696,1.22656,0,0.643678,1,36000
self_attention.linear_proj,29,73.5,0.53125,0,6.09524,6.09524,36000
self_attention.linear_qkv,29,38.4345,0.335938,0,11.6562,11.6562,36000
mlp.linear_fc1,29,15.9901,0.322266,0,28.0174,28.0174,36000
mlp.linear_fc2,29,1808,1.32812,0,0.247788,1,36000
self_attention.linear_proj,30,78.5,0.503906,0,5.70701,5.70701,36000
self_attention.linear_qkv,30,46.5099,0.308594,0,9.63235,9.63235,36000
mlp.linear_fc1,30,18.0831,0.302734,0,24.7745,24.7745,36000
mlp.linear_fc2,30,1760,1.36719,0,0.254545,1,36000
self_attention.linear_proj,31,61.5,0.486328,0,7.28455,7.28455,36000
self_attention.linear_qkv,31,40.5588,0.285156,0,11.0457,11.0457,36000
mlp.linear_fc1,31,18.6228,0.363281,0,24.0565,24.0565,36000
mlp.linear_fc2,31,2000,1.53906,0,0.224,1,36000
self_attention.linear_proj,32,68,0.482422,0,6.58824,6.58824,36000
self_attention.linear_qkv,32,41.7214,0.277344,0,10.7379,10.7379,36000
mlp.linear_fc1,32,19.9479,0.347656,0,22.4585,22.4585,36000
mlp.linear_fc2,32,1968,1.33594,0,0.227642,1,36000
self_attention.linear_proj,45,49.5,0.298828,0,9.0505,9.0505,36000
self_attention.linear_qkv,45,34.0362,0.226562,0,13.1625,13.1625,36000
mlp.linear_fc1,45,29.6878,0.375,0,15.0904,15.0904,36000
mlp.linear_fc2,45,1936,0.65625,0,0.231405,1,36000
self_attention.linear_proj,46,64.5,0.396484,0,6.94574,6.94574,36000
self_attention.linear_qkv,46,34.4573,0.245117,0,13.0016,13.0016,36000
mlp.linear_fc1,46,29.8759,0.486328,0,14.9954,14.9954,36000
mlp.linear_fc2,46,2752,0.875,0,0.162791,1,36000
self_attention.linear_proj,47,71,0.353516,0,6.30986,6.30986,36000
self_attention.linear_qkv,47,37.9457,0.220703,0,11.8064,11.8064,36000
mlp.linear_fc1,47,30.6724,0.636719,0,14.606,14.606,36000
mlp.linear_fc2,47,2544,1.22656,0,0.176101,1,36000
self_attention.linear_proj,48,82.5,0.347656,0,5.4303,5.4303,36000
self_attention.linear_qkv,48,38.5059,0.24707,0,11.6346,11.6346,36000
mlp.linear_fc1,48,31.6043,0.466797,0,14.1753,14.1753,36000
mlp.linear_fc2,48,3760,0.574219,0,0.119149,1,36000
self_attention.linear_proj,61,86.5,0.523438,0,5.17919,5.17919,36000
self_attention.linear_qkv,61,55.953,0.21582,0,8.00672,8.00672,36000
mlp.linear_fc1,61,60.677,0.527344,0,7.38335,7.38335,36000
mlp.linear_fc2,61,35328,1.52344,0,0.0126812,1,36000
self_attention.linear_proj,62,133,0.59375,0,3.36842,3.36842,36000
self_attention.linear_qkv,62,61.8705,0.308594,0,7.24093,7.24093,36000
mlp.linear_fc1,62,65.6527,0.337891,0,6.82379,6.82379,36000
mlp.linear_fc2,62,18048,1.5,0,0.0248227,1,36000
self_attention.linear_proj,63,25.625,0.574219,0,17.4829,17.4829,36000
self_attention.linear_qkv,63,63.8802,0.228516,0,7.01313,7.01313,36000
mlp.linear_fc1,63,69.6636,0.550781,0,6.4309,6.4309,36000
mlp.linear_fc2,63,325632,1.32031,0,0.00137579,1,36000
self_attention.linear_proj,0,10.5625,1.28125,6.625,42.4142,42.4142,40000
self_attention.linear_qkv,0,14.5796,0.308594,14.4771,30.7278,30.7278,40000
mlp.linear_fc1,0,4.82575,0.535156,3.73521,92.8353,92.8353,40000
mlp.linear_fc2,0,2752,1.96094,156,0.162791,1,40000
self_attention.linear_proj,1,14.4375,2.15625,7.90625,31.0303,31.0303,40000
self_attention.linear_qkv,1,9.89557,0.386719,9.02369,45.2728,45.2728,40000
mlp.linear_fc1,1,9.92015,0.734375,4.68447,45.1606,45.1606,40000
mlp.linear_fc2,1,36608,2.53125,2608,0.0122378,1,40000
self_attention.linear_proj,2,12.4375,2.34375,7.09375,36.0201,36.0201,40000
self_attention.linear_qkv,2,9.50625,0.425781,7.15991,47.1269,47.1269,40000
mlp.linear_fc1,2,10.8697,0.683594,5.70807,41.2153,41.2153,40000
mlp.linear_fc2,2,976,1.73438,512,0.459016,1,40000
self_attention.linear_proj,3,15.625,2.51562,8.375,28.672,28.672,40000
self_attention.linear_qkv,3,15.4326,0.443359,14.3328,29.0295,29.0295,40000
mlp.linear_fc1,3,7.65997,0.765625,5.00763,58.4859,58.4859,40000
mlp.linear_fc2,3,5536,1.36719,108,0.0809249,1,40000
self_attention.linear_proj,4,17.125,2.75,9.875,26.1606,26.1606,40000
self_attention.linear_qkv,4,16.3919,0.445312,15.1925,27.3305,27.3305,40000
mlp.linear_fc1,4,8.00092,0.722656,5.25264,55.9936,55.9936,40000
mlp.linear_fc2,4,7104,1.73438,127.5,0.0630631,1,40000
self_attention.linear_proj,17,49.25,1.14062,27.875,9.09645,9.09645,40000
self_attention.linear_qkv,17,52.0011,0.365234,51.784,8.6152,8.6152,40000
mlp.linear_fc1,17,8.92521,0.361328,6.88344,50.1949,50.1949,40000
mlp.linear_fc2,17,796,1.46875,228,0.562814,1,40000
self_attention.linear_proj,18,41.5,1.26562,23.5,10.7952,10.7952,40000
self_attention.linear_qkv,18,46.5037,0.320312,46.3075,9.63364,9.63364,40000
mlp.linear_fc1,18,9.7318,0.5,6.24472,46.0346,46.0346,40000
mlp.linear_fc2,18,684,1.19531,298,0.654971,1,40000
self_attention.linear_proj,19,37.75,0.648438,25,11.8675,11.8675,40000
self_attention.linear_qkv,19,49.7841,0.431641,49.577,8.99886,8.99886,40000
mlp.linear_fc1,19,11.1576,0.511719,7.10554,40.1519,40.1519,40000
mlp.linear_fc2,19,1592,1.22656,520,0.281407,1,40000
self_attention.linear_proj,20,47.5,0.851562,23.625,9.43158,9.43158,40000
self_attention.linear_qkv,20,44.2338,0.333984,44.0816,10.128,10.128,40000
mlp.linear_fc1,20,11.9016,0.412109,7.54887,37.6419,37.6419,40000
mlp.linear_fc2,20,656,1.03125,334,0.682927,1,40000
self_attention.linear_proj,33,75.5,0.472656,28.125,5.93377,5.93377,40000
self_attention.linear_qkv,33,34.651,0.300781,34.5938,12.9289,12.9289,40000
mlp.linear_fc1,33,19.1481,0.417969,11.4025,23.3966,23.3966,40000
mlp.linear_fc2,33,2224,1.45312,912,0.201439,1,40000
self_attention.linear_proj,34,94.5,0.458984,68.5,4.74074,4.74074,40000
self_attention.linear_qkv,34,39.8951,0.291016,39.5878,11.2295,11.2295,40000
mlp.linear_fc1,34,22.2992,0.363281,13.117,20.0904,20.0904,40000
mlp.linear_fc2,34,2160,1.03906,1184,0.207407,1,40000
self_attention.linear_proj,35,79,0.582031,55.5,5.67089,5.67089,40000
self_attention.linear_qkv,35,42.2124,0.291016,42.1945,10.613,10.613,40000
mlp.linear_fc1,35,26.5342,0.345703,14.9221,16.8839,16.8839,40000
mlp.linear_fc2,35,2304,1.35938,1200,0.194444,1,40000
self_attention.linear_proj,36,61.25,0.445312,41,7.31429,7.31429,40000
self_attention.linear_qkv,36,29.7697,0.257812,29.7514,15.0488,15.0488,40000
mlp.linear_fc1,36,34.43,0.460938,18.2486,13.0119,13.0119,40000
mlp.linear_fc2,36,2048,1.54688,1328,0.21875,1,40000
self_attention.linear_proj,49,77.5,0.4375,40.75,5.78065,5.78065,40000
self_attention.linear_qkv,49,39.0676,0.261719,39.0628,11.4673,11.4673,40000
mlp.linear_fc1,49,33.7149,0.423828,13.136,13.2879,13.2879,40000
mlp.linear_fc2,49,3648,0.644531,1432,0.122807,1,40000
self_attention.linear_proj,50,56.25,0.5,53.75,7.96444,7.96444,40000
self_attention.linear_qkv,50,40.7431,0.314453,40.7376,10.9957,10.9957,40000
mlp.linear_fc1,50,34.7447,0.546875,12.6048,12.8941,12.8941,40000
mlp.linear_fc2,50,5184,0.628906,1896,0.0864198,1,40000
self_attention.linear_proj,51,68,0.339844,55.25,6.58824,6.58824,40000
self_attention.linear_qkv,51,35.1626,0.251953,35.1566,12.7408,12.7408,40000
mlp.linear_fc1,51,38.2413,0.400391,12.5746,11.7151,11.7151,40000
mlp.linear_fc2,51,5440,0.746094,1624,0.0823529,1,40000
self_attention.linear_proj,52,65,0.558594,43.25,6.89231,6.89231,40000
self_attention.linear_qkv,52,43.2551,0.300781,43.2476,10.3572,10.3572,40000
mlp.linear_fc1,52,39.3388,0.511719,13.3013,11.3883,11.3883,40000
mlp.linear_fc2,52,4576,0.671875,1856,0.0979021,1,40000
self_attention.linear_proj,5,32.25,2.28125,13.3125,13.8915,13.8915,40000
self_attention.linear_qkv,5,18.9982,0.511719,16.9636,23.5812,23.5812,40000
mlp.linear_fc1,5,12.045,0.617188,8.68233,37.1938,37.1938,40000
mlp.linear_fc2,5,6912,2.65625,344,0.0648148,1,40000
self_attention.linear_proj,6,41,1.08594,13.25,10.9268,10.9268,40000
self_attention.linear_qkv,6,22.0842,0.439453,22.0056,20.286,20.286,40000
mlp.linear_fc1,6,8.44307,0.882812,8.21549,53.0613,53.0613,40000
mlp.linear_fc2,6,1248,1.46094,117.5,0.358974,1,40000
self_attention.linear_proj,7,33.5,1.39844,13.8125,13.3731,13.3731,40000
self_attention.linear_qkv,7,33.9115,0.361328,33.7745,13.2108,13.2108,40000
mlp.linear_fc1,7,8.06023,0.449219,7.834,55.5815,55.5815,40000
mlp.linear_fc2,7,444,1.94531,190,1.00901,1.00901,40000
self_attention.linear_proj,8,26.125,0.769531,16.125,17.1483,17.1483,40000
self_attention.linear_qkv,8,21.2659,0.410156,21.078,21.0666,21.0666,40000
mlp.linear_fc1,8,7.66224,0.404297,7.35779,58.4686,58.4686,40000
mlp.linear_fc2,8,784,2.21875,328,0.571429,1,40000
self_attention.linear_proj,21,45,1.16406,29.75,9.95556,9.95556,40000
self_attention.linear_qkv,21,48.0378,0.308594,47.8923,9.326,9.326,40000
mlp.linear_fc1,21,12.3992,0.390625,7.80938,36.1314,36.1314,40000
mlp.linear_fc2,21,1040,1.49219,496,0.430769,1,40000
self_attention.linear_proj,22,77,0.828125,53.25,5.81818,5.81818,40000
self_attention.linear_qkv,22,55.6563,0.365234,55.5366,8.04941,8.04941,40000
mlp.linear_fc1,22,10.9122,0.371094,6.84846,41.0551,41.0551,40000
mlp.linear_fc2,22,880,1.20312,536,0.509091,1,40000
self_attention.linear_proj,23,70,1.07031,45.5,6.4,6.4,40000
self_attention.linear_qkv,23,50.6886,0.394531,50.5723,8.83828,8.83828,40000
mlp.linear_fc1,23,11.904,0.419922,7.44625,37.6345,37.6345,40000
mlp.linear_fc2,23,1320,1.65625,466,0.339394,1,40000
self_attention.linear_proj,24,68.5,0.462891,50,6.54015,6.54015,40000
self_attention.linear_qkv,24,49.0211,0.408203,48.6153,9.13892,9.13892,40000
mlp.linear_fc1,24,11.7801,0.546875,7.28511,38.0302,38.0302,40000
mlp.linear_fc2,24,1112,1.19531,632,0.402878,1,40000
self_attention.linear_proj,37,36,0.574219,24.125,12.4444,12.4444,40000
self_attention.linear_qkv,37,26.0414,0.21875,26.0207,17.2034,17.2034,40000
mlp.linear_fc1,37,37.6211,0.40625,17.8548,11.9082,11.9082,40000
mlp.linear_fc2,37,2352,1.1875,880,0.190476,1,40000
self_attention.linear_proj,38,48.75,0.566406,29.625,9.18974,9.18974,40000
self_attention.linear_qkv,38,37.9034,0.267578,37.6053,11.8195,11.8195,40000
mlp.linear_fc1,38,35.8263,0.376953,17.8503,12.5048,12.5048,40000
mlp.linear_fc2,38,2496,1.55469,1136,0.179487,1,40000
self_attention.linear_proj,39,45.75,0.542969,34.5,9.79235,9.79235,40000
self_attention.linear_qkv,39,28.2971,0.21582,28.2901,15.832,15.832,40000
mlp.linear_fc1,39,34.5535,0.488281,14.8054,12.9654,12.9654,40000
mlp.linear_fc2,39,2208,0.847656,684,0.202899,1,40000
self_attention.linear_proj,40,64,0.503906,30,7,7,40000
self_attention.linear_qkv,40,27.4683,0.275391,27.4638,16.3097,16.3097,40000
mlp.linear_fc1,40,34.2834,0.474609,14.3772,13.0676,13.0676,40000
mlp.linear_fc2,40,1720,1.01562,1184,0.260465,1,40000
self_attention.linear_proj,53,69,0.380859,41.5,6.49275,6.49275,40000
self_attention.linear_qkv,53,39.0665,0.318359,39.0594,11.4676,11.4676,40000
mlp.linear_fc1,53,42.2351,0.546875,15.1702,10.6073,10.6073,40000
mlp.linear_fc2,53,5824,0.714844,1848,0.0769231,1,40000
self_attention.linear_proj,54,79,0.625,75.5,5.67089,5.67089,40000
self_attention.linear_qkv,54,41.576,0.251953,41.5673,10.7755,10.7755,40000
mlp.linear_fc1,54,44.4246,0.5625,18.1057,10.0845,10.0845,40000
mlp.linear_fc2,54,4864,0.875,3248,0.0921053,1,40000
self_attention.linear_proj,55,90,0.734375,71,4.97778,4.97778,40000
self_attention.linear_qkv,55,49.3851,0.328125,49.3757,9.07157,9.07157,40000
mlp.linear_fc1,55,45.6727,0.574219,20.4955,9.80892,9.80892,40000
mlp.linear_fc2,55,5056,0.914062,2864,0.0886076,1,40000
self_attention.linear_proj,56,67,0.746094,34.5,6.68657,6.68657,40000
self_attention.linear_qkv,56,47.4238,0.326172,47.4153,9.44673,9.44673,40000
mlp.linear_fc1,56,48.9548,0.542969,23.9974,9.1513,9.1513,40000
mlp.linear_fc2,56,7392,1.07031,3296,0.0606061,1,40000
self_attention.linear_proj,9,24,2.6875,13.875,18.6667,18.6667,40000
self_attention.linear_qkv,9,21.2628,0.429688,21.0702,21.0696,21.0696,40000
mlp.linear_fc1,9,8.70421,0.53125,6.81934,51.4694,51.4694,40000
mlp.linear_fc2,9,1512,2.42188,824,0.296296,1,40000
self_attention.linear_proj,10,26.25,1.15625,15.1875,17.0667,17.0667,40000
self_attention.linear_qkv,10,24.6019,0.376953,24.5307,18.21,18.21,40000
mlp.linear_fc1,10,7.30998,0.378906,6.1951,61.2861,61.2861,40000
mlp.linear_fc2,10,560,2.1875,266,0.8,1,40000
self_attention.linear_proj,11,25.625,1.875,12.8125,17.4829,17.4829,40000
self_attention.linear_qkv,11,28.209,0.394531,27.9767,15.8815,15.8815,40000
mlp.linear_fc1,11,6.54989,0.425781,5.75896,68.3981,68.3981,40000
mlp.linear_fc2,11,512,2.0625,207,0.875,1,40000
self_attention.linear_proj,12,33.25,0.917969,14.75,13.4737,13.4737,40000
self_attention.linear_qkv,12,27.2591,0.398438,27.0437,16.4349,16.4349,40000
mlp.linear_fc1,12,6.22153,0.333984,5.60083,72.008,72.008,40000
mlp.linear_fc2,12,688,1.85938,253,0.651163,1,40000
self_attention.linear_proj,25,59.25,0.503906,24.625,7.56118,7.56118,40000
self_attention.linear_qkv,25,37.1991,0.326172,37.0736,12.0433,12.0433,40000
mlp.linear_fc1,25,12.5255,0.324219,7.69071,35.7671,35.7671,40000
mlp.linear_fc2,25,1344,1.52344,520,0.333333,1,40000
self_attention.linear_proj,26,63.25,0.582031,34,7.083,7.083,40000
self_attention.linear_qkv,26,39.43,0.318359,38.3527,11.3619,11.3619,40000
mlp.linear_fc1,26,13.0829,0.386719,8.00486,34.2433,34.2433,40000
mlp.linear_fc2,26,1256,1.41406,752,0.356688,1,40000
self_attention.linear_proj,27,90,0.449219,50.5,4.97778,4.97778,40000
self_attention.linear_qkv,27,46.3967,0.320312,45.7789,9.65585,9.65585,40000
mlp.linear_fc1,27,13.2062,0.482422,8.05385,33.9234,33.9234,40000
mlp.linear_fc2,27,2144,1.375,864,0.208955,1,40000
self_attention.linear_proj,28,73,0.511719,54,6.13699,6.13699,40000
self_attention.linear_qkv,28,36.5387,0.419922,36.272,12.261,12.261,40000
mlp.linear_fc1,28,14.0741,0.355469,8.54756,31.8315,31.8315,40000
mlp.linear_fc2,28,2352,1.61719,716,0.190476,1,40000
self_attention.linear_proj,41,39.75,0.361328,29.25,11.2704,11.2704,40000
self_attention.linear_qkv,41,25.1028,0.219727,24.9592,17.8466,17.8466,40000
mlp.linear_fc1,41,34.1952,0.542969,14.1912,13.1012,13.1012,40000
mlp.linear_fc2,41,2024,0.6875,1064,0.221344,1,40000
self_attention.linear_proj,42,46,0.341797,33.5,9.73913,9.73913,40000
self_attention.linear_qkv,42,26.0828,0.212891,26.0775,17.1761,17.1761,40000
mlp.linear_fc1,42,34.5088,0.361328,14.2289,12.9822,12.9822,40000
mlp.linear_fc2,42,1992,1.28906,1176,0.2249,1,40000
self_attention.linear_proj,43,49.75,0.457031,36.75,9.00502,9.00502,40000
self_attention.linear_qkv,43,29.7118,0.22168,29.5667,15.0782,15.0782,40000
mlp.linear_fc1,43,34.6179,0.527344,14.0107,12.9413,12.9413,40000
mlp.linear_fc2,43,2528,1.44531,1248,0.177215,1,40000
self_attention.linear_proj,44,44,0.273438,31.125,10.1818,10.1818,40000
self_attention.linear_qkv,44,28.7372,0.217773,28.7315,15.5896,15.5896,40000
mlp.linear_fc1,44,34.0506,0.410156,13.6461,13.1569,13.1569,40000
mlp.linear_fc2,44,2320,1.39844,1240,0.193103,1,40000
self_attention.linear_proj,57,75.5,0.589844,67,5.93377,5.93377,40000
self_attention.linear_qkv,57,45.1859,0.259766,44.8988,9.9146,9.9146,40000
mlp.linear_fc1,57,51.7662,0.585938,27.453,8.65429,8.65429,40000
mlp.linear_fc2,57,8832,0.941406,4128,0.0507246,1,40000
self_attention.linear_proj,58,84.5,0.675781,34.75,5.30177,5.30177,40000
self_attention.linear_qkv,58,48.8003,0.255859,48.7911,9.18028,9.18028,40000
mlp.linear_fc1,58,55.474,0.824219,32.4739,8.07586,8.07586,40000
mlp.linear_fc2,58,15488,1.40625,8512,0.0289256,1,40000
self_attention.linear_proj,59,86.5,0.476562,68,5.17919,5.17919,40000
self_attention.linear_qkv,59,47.381,0.271484,45.9769,9.45527,9.45527,40000
mlp.linear_fc1,59,56.9296,0.675781,37.7691,7.86936,7.86936,40000
mlp.linear_fc2,59,15424,1.21094,8032,0.0290456,1,40000
self_attention.linear_proj,60,142,0.558594,40.5,3.15493,3.15493,40000
self_attention.linear_qkv,60,50.2356,0.25,45.3655,8.91797,8.91797,40000
mlp.linear_fc1,60,59.5816,0.609375,45.0271,7.5191,7.5191,40000
mlp.linear_fc2,60,17536,1.21094,4064,0.0255474,1,40000
self_attention.linear_proj,13,61.5,0.894531,13.9375,7.28455,7.28455,40000
self_attention.linear_qkv,13,27.6651,0.414062,27.4463,16.1937,16.1937,40000
mlp.linear_fc1,13,5.88553,0.421875,5.34102,76.1189,76.1189,40000
mlp.linear_fc2,13,712,1.625,183,0.629214,1,40000
self_attention.linear_proj,14,24.125,1.84375,15.25,18.5699,18.5699,40000
self_attention.linear_qkv,14,31.0902,0.441406,30.881,14.4097,14.4097,40000
mlp.linear_fc1,14,6.12518,0.392578,5.18137,73.1407,73.1407,40000
mlp.linear_fc2,14,772,1.32031,348,0.580311,1,40000
self_attention.linear_proj,15,27,0.746094,18.125,16.5926,16.5926,40000
self_attention.linear_qkv,15,38.5402,0.431641,38.4358,11.6242,11.6242,40000
mlp.linear_fc1,15,6.10824,0.416016,5.25521,73.3435,73.3435,40000
mlp.linear_fc2,15,588,1.58594,239,0.761905,1,40000
self_attention.linear_proj,16,28,1.64844,12.875,16,16,40000
self_attention.linear_qkv,16,44.5661,0.394531,44.1441,10.0525,10.0525,40000
mlp.linear_fc1,16,8.05676,0.421875,5.58904,55.6055,55.6055,40000
mlp.linear_fc2,16,816,1.3125,175,0.54902,1,40000
self_attention.linear_proj,29,80,0.570312,66.5,5.6,5.6,40000
self_attention.linear_qkv,29,36.9616,0.376953,36.8938,12.1207,12.1207,40000
mlp.linear_fc1,29,15.0641,0.363281,9.13073,29.7397,29.7397,40000
mlp.linear_fc2,29,1920,1.39844,912,0.233333,1,40000
self_attention.linear_proj,30,78,0.539062,64.5,5.74359,5.74359,40000
self_attention.linear_qkv,30,45.1555,0.320312,45.0773,9.92126,9.92126,40000
mlp.linear_fc1,30,16.8531,0.345703,10.1786,26.5827,26.5827,40000
mlp.linear_fc2,30,1976,1.47656,984,0.226721,1,40000
self_attention.linear_proj,31,67.5,0.511719,42.25,6.63704,6.63704,40000
self_attention.linear_qkv,31,39.4755,0.285156,39.4123,11.3488,11.3488,40000
mlp.linear_fc1,31,17.2876,0.375,10.3572,25.9146,25.9146,40000
mlp.linear_fc2,31,2064,1.69531,1048,0.217054,1,40000
self_attention.linear_proj,32,76.5,0.488281,51.5,5.85621,5.85621,40000
self_attention.linear_qkv,32,40.8934,0.291016,40.8211,10.9553,10.9553,40000
mlp.linear_fc1,32,18.4658,0.378906,11.0289,24.261,24.261,40000
mlp.linear_fc2,32,1840,1.45312,924,0.243478,1,40000
self_attention.linear_proj,45,55.75,0.320312,46.25,8.03587,8.03587,40000
self_attention.linear_qkv,45,32.9259,0.235352,32.9171,13.6063,13.6063,40000
mlp.linear_fc1,45,34.7266,0.408203,13.8026,12.9008,12.9008,40000
mlp.linear_fc2,45,2272,0.753906,1048,0.197183,1,40000
self_attention.linear_proj,46,69.5,0.404297,55.5,6.44604,6.44604,40000
self_attention.linear_qkv,46,33.6258,0.242188,33.6183,13.3231,13.3231,40000
mlp.linear_fc1,46,33.8689,0.515625,13.3764,13.2275,13.2275,40000
mlp.linear_fc2,46,3264,0.953125,1008,0.137255,1,40000
self_attention.linear_proj,47,74,0.398438,59,6.05405,6.05405,40000
self_attention.linear_qkv,47,37.3937,0.223633,37.3869,11.9806,11.9806,40000
mlp.linear_fc1,47,34.3071,0.667969,13.6158,13.0585,13.0585,40000
mlp.linear_fc2,47,2480,1.33594,1232,0.180645,1,40000
self_attention.linear_proj,48,88,0.359375,46,5.09091,5.09091,40000
self_attention.linear_qkv,48,37.9509,0.261719,37.667,11.8047,11.8047,40000
mlp.linear_fc1,48,33.7298,0.554688,13.277,13.282,13.282,40000
mlp.linear_fc2,48,3584,0.636719,1488,0.125,1,40000
self_attention.linear_proj,61,95.5,0.486328,92,4.6911,4.6911,40000
self_attention.linear_qkv,61,55.2402,0.275391,55.1655,8.11004,8.11004,40000
mlp.linear_fc1,61,62.9673,0.535156,53.3966,7.1148,7.1148,40000
mlp.linear_fc2,61,46336,1.66406,22272,0.00966851,1,40000
self_attention.linear_proj,62,125,0.703125,36.75,3.584,3.584,40000
self_attention.linear_qkv,62,64.7137,0.326172,59.8734,6.9228,6.9228,40000
mlp.linear_fc1,62,68.1808,0.347656,59.8461,6.57076,6.57076,40000
mlp.linear_fc2,62,57600,1.57812,40704,0.00777778,1,40000
self_attention.linear_proj,63,36.5,0.550781,15.0625,12.274,12.274,40000
self_attention.linear_qkv,63,67.7135,0.232422,63.4344,6.61611,6.61611,40000
mlp.linear_fc1,63,74.0894,0.5625,65.4384,6.04675,6.04675,40000
mlp.linear_fc2,63,1.27795e+06,1.49219,1.0281e+06,0.000350561,1,40000
self_attention.linear_proj,0,8.625,1.39844,0,51.942,51.942,43200
self_attention.linear_qkv,0,11.9071,0.320312,0,37.6247,37.6247,43200
mlp.linear_fc1,0,4.27632,0.578125,0,104.763,104.763,43200
mlp.linear_fc2,0,2416,2.04688,0,0.18543,1,43200
self_attention.linear_proj,1,13.875,2.3125,0,32.2883,32.2883,43200
self_attention.linear_qkv,1,10.0761,0.414062,0,44.4617,44.4617,43200
mlp.linear_fc1,1,9.65212,0.765625,0,46.4147,46.4147,43200
mlp.linear_fc2,1,18432,2.6875,0,0.0243056,1,43200
self_attention.linear_proj,2,10.9375,2.51562,0,40.96,40.96,43200
self_attention.linear_qkv,2,11.1303,0.466797,0,40.2505,40.2505,43200
mlp.linear_fc1,2,16.4249,0.738281,0,27.2756,27.2756,43200
mlp.linear_fc2,2,560,1.85156,0,0.8,1,43200
self_attention.linear_proj,3,14.1875,2.67188,0,31.5771,31.5771,43200
self_attention.linear_qkv,3,15.3888,0.527344,0,29.1122,29.1122,43200
mlp.linear_fc1,3,13.2773,0.839844,0,33.7418,33.7418,43200
mlp.linear_fc2,3,464,1.44531,0,0.965517,1,43200
self_attention.linear_proj,4,17.625,2.89062,0,25.4184,25.4184,43200
self_attention.linear_qkv,4,15.835,0.46875,0,28.2918,28.2918,43200
mlp.linear_fc1,4,13.701,0.792969,0,32.6983,32.6983,43200
mlp.linear_fc2,4,704,1.84375,0,0.636364,1,43200
self_attention.linear_proj,17,50.25,1.28125,0,8.91542,8.91542,43200
self_attention.linear_qkv,17,52.0294,0.373047,0,8.61052,8.61052,43200
mlp.linear_fc1,17,8.18689,0.376953,0,54.7216,54.7216,43200
mlp.linear_fc2,17,788,1.57812,0,0.568528,1,43200
self_attention.linear_proj,18,45,1.41406,0,9.95556,9.95556,43200
self_attention.linear_qkv,18,46.5215,0.324219,0,9.62995,9.62995,43200
mlp.linear_fc1,18,8.81347,0.539062,0,50.8313,50.8313,43200
mlp.linear_fc2,18,720,1.25,0,0.622222,1,43200
self_attention.linear_proj,19,39.5,0.714844,0,11.3418,11.3418,43200
self_attention.linear_qkv,19,49.5182,0.458984,0,9.04717,9.04717,43200
mlp.linear_fc1,19,10.2405,0.558594,0,43.7478,43.7478,43200
mlp.linear_fc2,19,1888,1.28906,0,0.237288,1,43200
self_attention.linear_proj,20,47.25,0.949219,0,9.48148,9.48148,43200
self_attention.linear_qkv,20,44.538,0.357422,0,10.0588,10.0588,43200
mlp.linear_fc1,20,11.0754,0.453125,0,40.4499,40.4499,43200
mlp.linear_fc2,20,716,1.10156,0,0.625698,1,43200
self_attention.linear_proj,33,87.5,0.488281,0,5.12,5.12,43200
self_attention.linear_qkv,33,34.6282,0.322266,0,12.9374,12.9374,43200
mlp.linear_fc1,33,18.6927,0.435547,0,23.9666,23.9666,43200
mlp.linear_fc2,33,2576,1.53125,0,0.173913,1,43200
self_attention.linear_proj,34,101,0.478516,0,4.43564,4.43564,43200
self_attention.linear_qkv,34,39.8931,0.302734,0,11.23,11.23,43200
mlp.linear_fc1,34,21.7517,0.376953,0,20.5961,20.5961,43200
mlp.linear_fc2,34,2112,1.10156,0,0.212121,1,43200
self_attention.linear_proj,35,82.5,0.617188,0,5.4303,5.4303,43200
self_attention.linear_qkv,35,42.2011,0.292969,0,10.6158,10.6158,43200
mlp.linear_fc1,35,25.9161,0.349609,0,17.2866,17.2866,43200
mlp.linear_fc2,35,2256,1.45312,0,0.198582,1,43200
self_attention.linear_proj,36,62.5,0.470703,0,7.168,7.168,43200
self_attention.linear_qkv,36,29.6286,0.279297,0,15.1205,15.1205,43200
mlp.linear_fc1,36,34.7822,0.478516,0,12.8802,12.8802,43200
mlp.linear_fc2,36,2192,1.65625,0,0.20438,1,43200
self_attention.linear_proj,49,75.5,0.460938,0,5.93377,5.93377,43200
self_attention.linear_qkv,49,38.7835,0.269531,0,11.5513,11.5513,43200
mlp.linear_fc1,49,31.4199,0.457031,0,14.2585,14.2585,43200
mlp.linear_fc2,49,4992,0.679688,0,0.0897436,1,43200
self_attention.linear_proj,50,60,0.566406,0,7.46667,7.46667,43200
self_attention.linear_qkv,50,40.7368,0.330078,0,10.9974,10.9974,43200
mlp.linear_fc1,50,30.4633,0.578125,0,14.7062,14.7062,43200
mlp.linear_fc2,50,5760,0.671875,0,0.0777778,1,43200
self_attention.linear_proj,51,66,0.332031,0,6.78788,6.78788,43200
self_attention.linear_qkv,51,34.7374,0.261719,0,12.8968,12.8968,43200
mlp.linear_fc1,51,33.2563,0.421875,0,13.4712,13.4712,43200
mlp.linear_fc2,51,6240,0.816406,0,0.0717949,1,43200
self_attention.linear_proj,52,67.5,0.574219,0,6.63704,6.63704,43200
self_attention.linear_qkv,52,43.525,0.310547,0,10.2929,10.2929,43200
mlp.linear_fc1,52,34.6843,0.550781,0,12.9165,12.9165,43200
mlp.linear_fc2,52,5216,0.726562,0,0.0858896,1,43200
self_attention.linear_proj,5,33.25,2.40625,0,13.4737,13.4737,43200
self_attention.linear_qkv,5,18.552,0.570312,0,24.1484,24.1484,43200
mlp.linear_fc1,5,16.6018,0.691406,0,26.9851,26.9851,43200
mlp.linear_fc2,5,5664,2.9375,0,0.079096,1,43200
self_attention.linear_proj,6,40.25,1.1875,0,11.1304,11.1304,43200
self_attention.linear_qkv,6,19.7516,0.447266,0,22.6818,22.6818,43200
mlp.linear_fc1,6,11.5985,0.925781,0,38.6256,38.6256,43200
mlp.linear_fc2,6,1072,1.55469,0,0.41791,1,43200
self_attention.linear_proj,7,32.25,1.53125,0,13.8915,13.8915,43200
self_attention.linear_qkv,7,31.21,0.380859,0,14.3544,14.3544,43200
mlp.linear_fc1,7,10.8259,0.484375,0,41.3824,41.3824,43200
mlp.linear_fc2,7,544,2.0625,0,0.823529,1,43200
self_attention.linear_proj,8,24.5,0.894531,0,18.2857,18.2857,43200
self_attention.linear_qkv,8,19.6574,0.4375,0,22.7904,22.7904,43200
mlp.linear_fc1,8,9.88774,0.447266,0,45.3086,45.3086,43200
mlp.linear_fc2,8,1360,2.3125,0,0.329412,1,43200
self_attention.linear_proj,21,46.25,1.24219,0,9.68649,9.68649,43200
self_attention.linear_qkv,21,48.3623,0.341797,0,9.26342,9.26342,43200
mlp.linear_fc1,21,11.4937,0.423828,0,38.9778,38.9778,43200
mlp.linear_fc2,21,1024,1.57812,0,0.4375,1,43200
self_attention.linear_proj,22,73,0.902344,0,6.13699,6.13699,43200
self_attention.linear_qkv,22,55.4525,0.390625,0,8.07898,8.07898,43200
mlp.linear_fc1,22,10.1246,0.392578,0,44.2488,44.2488,43200
mlp.linear_fc2,22,840,1.25,0,0.533333,1,43200
self_attention.linear_proj,23,71.5,1.15625,0,6.26573,6.26573,43200
self_attention.linear_qkv,23,50.7436,0.410156,0,8.8287,8.8287,43200
mlp.linear_fc1,23,11.1971,0.451172,0,40.0104,40.0104,43200
mlp.linear_fc2,23,1200,1.77344,0,0.373333,1,43200
self_attention.linear_proj,24,69.5,0.484375,0,6.44604,6.44604,43200
self_attention.linear_qkv,24,49.0473,0.423828,0,9.13405,9.13405,43200
mlp.linear_fc1,24,10.9573,0.5625,0,40.886,40.886,43200
mlp.linear_fc2,24,1096,1.21094,0,0.408759,1,43200
self_attention.linear_proj,37,37.5,0.609375,0,11.9467,11.9467,43200
self_attention.linear_qkv,37,25.2051,0.227539,0,17.7742,17.7742,43200
mlp.linear_fc1,37,34.4088,0.433594,0,13.0199,13.0199,43200
mlp.linear_fc2,37,2304,1.25781,0,0.194444,1,43200
self_attention.linear_proj,38,54,0.609375,0,8.2963,8.2963,43200
self_attention.linear_qkv,38,36.7836,0.275391,0,12.1793,12.1793,43200
mlp.linear_fc1,38,31.7653,0.396484,0,14.1035,14.1035,43200
mlp.linear_fc2,38,2160,1.71094,0,0.207407,1,43200
self_attention.linear_proj,39,53.25,0.617188,0,8.41315,8.41315,43200
self_attention.linear_qkv,39,27.4613,0.224609,0,16.3139,16.3139,43200
mlp.linear_fc1,39,30.6261,0.503906,0,14.6281,14.6281,43200
mlp.linear_fc2,39,2560,0.902344,0,0.175,1,43200
self_attention.linear_proj,40,64.5,0.539062,0,6.94574,6.94574,43200
self_attention.linear_qkv,40,27.1907,0.296875,0,16.4762,16.4762,43200
mlp.linear_fc1,40,30.2172,0.498047,0,14.826,14.826,43200
mlp.linear_fc2,40,2144,1.10938,0,0.208955,1,43200
self_attention.linear_proj,53,75.5,0.400391,0,5.93377,5.93377,43200
self_attention.linear_qkv,53,38.7798,0.3125,0,11.5524,11.5524,43200
mlp.linear_fc1,53,38.1387,0.585938,0,11.7466,11.7466,43200
mlp.linear_fc2,53,7040,0.78125,0,0.0636364,1,43200
self_attention.linear_proj,54,86.5,0.683594,0,5.17919,5.17919,43200
self_attention.linear_qkv,54,40.7292,0.251953,0,10.9995,10.9995,43200
mlp.linear_fc1,54,39.3183,0.574219,0,11.3942,11.3942,43200
mlp.linear_fc2,54,5184,0.957031,0,0.0864198,1,43200
self_attention.linear_proj,55,97.5,0.765625,0,4.59487,4.59487,43200
self_attention.linear_qkv,55,49.091,0.332031,0,9.1259,9.1259,43200
mlp.linear_fc1,55,41.2352,0.621094,0,10.8645,10.8645,43200
mlp.linear_fc2,55,6208,0.953125,0,0.0721649,1,43200
self_attention.linear_proj,56,75.5,0.804688,0,5.93377,5.93377,43200
self_attention.linear_qkv,56,47.1277,0.339844,0,9.50609,9.50609,43200
mlp.linear_fc1,56,44.1545,0.539062,0,10.1462,10.1462,43200
mlp.linear_fc2,56,6176,1.14062,0,0.0725389,1,43200
self_attention.linear_proj,9,23.25,2.9375,0,19.2688,19.2688,43200
self_attention.linear_qkv,9,19.8003,0.449219,0,22.6259,22.6259,43200
mlp.linear_fc1,9,9.68621,0.597656,0,46.2513,46.2513,43200
mlp.linear_fc2,9,2928,2.5625,0,0.153005,1,43200
self_attention.linear_proj,10,27.25,1.27344,0,16.4404,16.4404,43200
self_attention.linear_qkv,10,22.9905,0.398438,0,19.4863,19.4863,43200
mlp.linear_fc1,10,8.05343,0.417969,0,55.6285,55.6285,43200
mlp.linear_fc2,10,792,2.35938,0,0.565657,1,43200
self_attention.linear_proj,11,24.875,2.03125,0,18.01,18.01,43200
self_attention.linear_qkv,11,27.1289,0.402344,0,16.5137,16.5137,43200
mlp.linear_fc1,11,7.30944,0.462891,0,61.2906,61.2906,43200
mlp.linear_fc2,11,548,2.1875,0,0.817518,1,43200
self_attention.linear_proj,12,33.5,0.96875,0,13.3731,13.3731,43200
self_attention.linear_qkv,12,25.5035,0.417969,0,17.5662,17.5662,43200
mlp.linear_fc1,12,7.18065,0.355469,0,62.3899,62.3899,43200
mlp.linear_fc2,12,760,1.94531,0,0.589474,1,43200
self_attention.linear_proj,25,57.75,0.539062,0,7.75758,7.75758,43200
self_attention.linear_qkv,25,36.9446,0.349609,0,12.1263,12.1263,43200
mlp.linear_fc1,25,11.8517,0.345703,0,37.8005,37.8005,43200
mlp.linear_fc2,25,1320,1.58594,0,0.339394,1,43200
self_attention.linear_proj,26,59.5,0.613281,0,7.52941,7.52941,43200
self_attention.linear_qkv,26,39.7312,0.335938,0,11.2758,11.2758,43200
mlp.linear_fc1,26,12.3864,0.417969,0,36.1687,36.1687,43200
mlp.linear_fc2,26,1296,1.47656,0,0.345679,1,43200
self_attention.linear_proj,27,89,0.453125,0,5.03371,5.03371,43200
self_attention.linear_qkv,27,45.3292,0.337891,0,9.88326,9.88326,43200
mlp.linear_fc1,27,12.6231,0.515625,0,35.4904,35.4904,43200
mlp.linear_fc2,27,2128,1.42188,0,0.210526,1,43200
self_attention.linear_proj,28,81,0.527344,0,5.53086,5.53086,43200
self_attention.linear_qkv,28,35.7396,0.445312,0,12.5351,12.5351,43200
mlp.linear_fc1,28,13.4531,0.363281,0,33.3008,33.3008,43200
mlp.linear_fc2,28,2320,1.6875,0,0.193103,1,43200
self_attention.linear_proj,41,42.5,0.373047,0,10.5412,10.5412,43200
self_attention.linear_qkv,41,24.8241,0.234375,0,18.047,18.047,43200
mlp.linear_fc1,41,30.8602,0.558594,0,14.5171,14.5171,43200
mlp.linear_fc2,41,2496,0.71875,0,0.179487,1,43200
self_attention.linear_proj,42,48.25,0.363281,0,9.28497,9.28497,43200
self_attention.linear_qkv,42,25.3839,0.217773,0,17.649,17.649,43200
mlp.linear_fc1,42,30.7526,0.359375,0,14.5679,14.5679,43200
mlp.linear_fc2,42,2144,1.4375,0,0.208955,1,43200
self_attention.linear_proj,43,55.5,0.482422,0,8.07207,8.07207,43200
self_attention.linear_qkv,43,28.8741,0.228516,0,15.5156,15.5156,43200
mlp.linear_fc1,43,31.0386,0.535156,0,14.4336,14.4336,43200
mlp.linear_fc2,43,2480,1.53125,0,0.180645,1,43200
self_attention.linear_proj,44,47,0.289062,0,9.53191,9.53191,43200
self_attention.linear_qkv,44,28.0388,0.228516,0,15.9779,15.9779,43200
mlp.linear_fc1,44,30.8225,0.433594,0,14.5348,14.5348,43200
mlp.linear_fc2,44,2896,1.51562,0,0.154696,1,43200
self_attention.linear_proj,57,85.5,0.644531,0,5.23977,5.23977,43200
self_attention.linear_qkv,57,44.8893,0.261719,0,9.98011,9.98011,43200
mlp.linear_fc1,57,46.8033,0.566406,0,9.57198,9.57198,43200
mlp.linear_fc2,57,5760,1.00781,0,0.0777778,1,43200
self_attention.linear_proj,58,86.5,0.644531,0,5.17919,5.17919,43200
self_attention.linear_qkv,58,49.962,0.257812,0,8.96682,8.96682,43200
mlp.linear_fc1,58,50.4298,0.878906,0,8.88364,8.88364,43200
mlp.linear_fc2,58,19328,1.49219,0,0.0231788,1,43200
self_attention.linear_proj,59,85.5,0.46875,0,5.23977,5.23977,43200
self_attention.linear_qkv,59,45.9722,0.269531,0,9.74502,9.74502,43200
mlp.linear_fc1,59,51.1871,0.679688,0,8.7522,8.7522,43200
mlp.linear_fc2,59,15744,1.22656,0,0.0284553,1,43200
self_attention.linear_proj,60,157,0.558594,0,2.8535,2.8535,43200
self_attention.linear_qkv,60,48.5829,0.28125,0,9.22135,9.22135,43200
mlp.linear_fc1,60,53.155,0.617188,0,8.42819,8.42819,43200
mlp.linear_fc2,60,9472,1.17969,0,0.0472973,1,43200
self_attention.linear_proj,13,60.25,0.984375,0,7.43568,7.43568,43200
self_attention.linear_qkv,13,26.6062,0.435547,0,16.8382,16.8382,43200
mlp.linear_fc1,13,7.33676,0.464844,0,61.0623,61.0623,43200
mlp.linear_fc2,13,540,1.75,0,0.82963,1,43200
self_attention.linear_proj,14,25,1.9375,0,17.92,17.92,43200
self_attention.linear_qkv,14,29.913,0.462891,0,14.9768,14.9768,43200
mlp.linear_fc1,14,6.89127,0.416016,0,65.0098,65.0098,43200
mlp.linear_fc2,14,596,1.35938,0,0.751678,1,43200
self_attention.linear_proj,15,27.125,0.839844,0,16.5161,16.5161,43200
self_attention.linear_qkv,15,37.762,0.423828,0,11.8638,11.8638,43200
mlp.linear_fc1,15,7.40311,0.425781,0,60.5151,60.5151,43200
mlp.linear_fc2,15,936,1.65625,0,0.478632,1,43200
self_attention.linear_proj,16,26.75,1.72656,0,16.7477,16.7477,43200
self_attention.linear_qkv,16,44.3599,0.410156,0,10.0992,10.0992,43200
mlp.linear_fc1,16,7.42976,0.464844,0,60.298,60.298,43200
mlp.linear_fc2,16,804,1.36719,0,0.557214,1,43200
self_attention.linear_proj,29,76.5,0.585938,0,5.85621,5.85621,43200
self_attention.linear_qkv,29,35.6621,0.40625,0,12.5624,12.5624,43200
mlp.linear_fc1,29,14.284,0.396484,0,31.3638,31.3638,43200
mlp.linear_fc2,29,1904,1.4375,0,0.235294,1,43200
self_attention.linear_proj,30,83,0.570312,0,5.39759,5.39759,43200
self_attention.linear_qkv,30,44.5529,0.316406,0,10.0555,10.0555,43200
mlp.linear_fc1,30,16.1349,0.376953,0,27.7659,27.7659,43200
mlp.linear_fc2,30,1816,1.54688,0,0.246696,1,43200
self_attention.linear_proj,31,67.5,0.535156,0,6.63704,6.63704,43200
self_attention.linear_qkv,31,38.8919,0.322266,0,11.5191,11.5191,43200
mlp.linear_fc1,31,16.7426,0.376953,0,26.7581,26.7581,43200
mlp.linear_fc2,31,2528,1.79688,0,0.177215,1,43200
self_attention.linear_proj,32,80,0.5,0,5.6,5.6,43200
self_attention.linear_qkv,32,40.3378,0.320312,0,11.1062,11.1062,43200
mlp.linear_fc1,32,17.8323,0.388672,0,25.1229,25.1229,43200
mlp.linear_fc2,32,2400,1.50781,0,0.186667,1,43200
self_attention.linear_proj,45,63,0.333984,0,7.11111,7.11111,43200
self_attention.linear_qkv,45,32.504,0.238281,0,13.7829,13.7829,43200
mlp.linear_fc1,45,31.0105,0.431641,0,14.4467,14.4467,43200
mlp.linear_fc2,45,3456,0.832031,0,0.12963,1,43200
self_attention.linear_proj,46,74.5,0.404297,0,6.01342,6.01342,43200
self_attention.linear_qkv,46,33.3433,0.265625,0,13.436,13.436,43200
mlp.linear_fc1,46,30.5997,0.542969,0,14.6406,14.6406,43200
mlp.linear_fc2,46,3648,1.00781,0,0.122807,1,43200
self_attention.linear_proj,47,76,0.427734,0,5.89474,5.89474,43200
self_attention.linear_qkv,47,37.1108,0.236328,0,12.072,12.072,43200
mlp.linear_fc1,47,31.0777,0.675781,0,14.4155,14.4155,43200
mlp.linear_fc2,47,3584,1.44531,0,0.125,1,43200
self_attention.linear_proj,48,91,0.384766,0,4.92308,4.92308,43200
self_attention.linear_qkv,48,37.9461,0.291016,0,11.8062,11.8062,43200
mlp.linear_fc1,48,30.5439,0.601562,0,14.6674,14.6674,43200
mlp.linear_fc2,48,4192,0.675781,0,0.10687,1,43200
self_attention.linear_proj,61,111,0.478516,0,4.03604,4.03604,43200
self_attention.linear_qkv,61,55.3136,0.273438,0,8.09927,8.09927,43200
mlp.linear_fc1,61,57.2889,0.550781,0,7.82002,7.82002,43200
mlp.linear_fc2,61,55808,1.82031,0,0.00802752,1,43200
self_attention.linear_proj,62,129,0.675781,0,3.47287,3.47287,43200
self_attention.linear_qkv,62,61.9862,0.345703,0,7.22742,7.22742,43200
mlp.linear_fc1,62,66.5148,0.349609,0,6.73534,6.73534,43200
mlp.linear_fc2,62,48128,1.67969,0,0.00930851,1,43200
self_attention.linear_proj,63,42.5,0.539062,0,10.5412,10.5412,43200
self_attention.linear_qkv,63,64.598,0.225586,0,6.93519,6.93519,43200
mlp.linear_fc1,63,74.5294,0.691406,0,6.01105,6.01105,43200
mlp.linear_fc2,63,2.53952e+06,1.57812,0,0.000176411,1,43200
self_attention.linear_proj,0,8.875,1.42969,0,50.4789,50.4789,44000
self_attention.linear_qkv,0,11.3048,0.322266,0,39.6293,39.6293,44000
mlp.linear_fc1,0,4.14531,0.59375,0,108.074,108.074,44000
mlp.linear_fc2,0,1568,2.07812,0,0.285714,1,44000
self_attention.linear_proj,1,9.5,2.34375,0,47.1579,47.1579,44000
self_attention.linear_qkv,1,7.67941,0.419922,0,58.3378,58.3378,44000
mlp.linear_fc1,1,6.69666,0.789062,0,66.899,66.899,44000
mlp.linear_fc2,1,13248,2.71875,0,0.0338164,1,44000
self_attention.linear_proj,2,9.625,2.5625,0,46.5455,46.5455,44000
self_attention.linear_qkv,2,10.3001,0.484375,0,43.4946,43.4946,44000
mlp.linear_fc1,2,11.9804,0.765625,0,37.3945,37.3945,44000
mlp.linear_fc2,2,470,1.88281,0,0.953192,1,44000
self_attention.linear_proj,3,14.75,2.70312,0,30.3729,30.3729,44000
self_attention.linear_qkv,3,13.6869,0.53125,0,32.7321,32.7321,44000
mlp.linear_fc1,3,11.35,0.871094,0,39.4714,39.4714,44000
mlp.linear_fc2,3,390,1.45312,0,1.14872,1.14872,44000
self_attention.linear_proj,4,14.6875,2.9375,0,30.5021,30.5021,44000
self_attention.linear_qkv,4,15.2659,0.472656,0,29.3465,29.3465,44000
mlp.linear_fc1,4,7.5573,0.804688,0,59.2804,59.2804,44000
mlp.linear_fc2,4,768,1.86719,0,0.583333,1,44000
self_attention.linear_proj,17,44.25,1.32031,0,10.1243,10.1243,44000
self_attention.linear_qkv,17,52.0507,0.378906,0,8.607,8.607,44000
mlp.linear_fc1,17,8.23117,0.382812,0,54.4273,54.4273,44000
mlp.linear_fc2,17,740,1.60156,0,0.605405,1,44000
self_attention.linear_proj,18,36.25,1.45312,0,12.3586,12.3586,44000
self_attention.linear_qkv,18,46.8028,0.326172,0,9.57207,9.57207,44000
mlp.linear_fc1,18,9.08428,0.542969,0,49.316,49.316,44000
mlp.linear_fc2,18,1040,1.25781,0,0.430769,1,44000
self_attention.linear_proj,19,39.75,0.730469,0,11.2704,11.2704,44000
self_attention.linear_qkv,19,49.5342,0.464844,0,9.04426,9.04426,44000
mlp.linear_fc1,19,10.5129,0.574219,0,42.6141,42.6141,44000
mlp.linear_fc2,19,1608,1.30469,0,0.278607,1,44000
self_attention.linear_proj,20,67.5,0.972656,0,6.63704,6.63704,44000
self_attention.linear_qkv,20,44.5464,0.363281,0,10.0569,10.0569,44000
mlp.linear_fc1,20,11.399,0.462891,0,39.3017,39.3017,44000
mlp.linear_fc2,20,1088,1.11719,0,0.411765,1,44000
self_attention.linear_proj,33,83,0.494141,0,5.39759,5.39759,44000
self_attention.linear_qkv,33,34.7887,0.339844,0,12.8778,12.8778,44000
mlp.linear_fc1,33,19.156,0.4375,0,23.387,23.387,44000
mlp.linear_fc2,33,2176,1.55469,0,0.205882,1,44000
self_attention.linear_proj,34,103,0.478516,0,4.34951,4.34951,44000
self_attention.linear_qkv,34,40.1507,0.306641,0,11.158,11.158,44000
mlp.linear_fc1,34,22.383,0.376953,0,20.0152,20.0152,44000
mlp.linear_fc2,34,2176,1.11719,0,0.205882,1,44000
self_attention.linear_proj,35,87.5,0.625,0,5.12,5.12,44000
self_attention.linear_qkv,35,42.2115,0.294922,0,10.6132,10.6132,44000
mlp.linear_fc1,35,26.8164,0.347656,0,16.7062,16.7062,44000
mlp.linear_fc2,35,2144,1.47656,0,0.208955,1,44000
self_attention.linear_proj,36,67.5,0.474609,0,6.63704,6.63704,44000
self_attention.linear_qkv,36,29.6356,0.285156,0,15.117,15.117,44000
mlp.linear_fc1,36,35.2807,0.482422,0,12.6981,12.6981,44000
mlp.linear_fc2,36,2256,1.67969,0,0.198582,1,44000
self_attention.linear_proj,49,75.5,0.464844,0,5.93377,5.93377,44000
self_attention.linear_qkv,49,38.5052,0.269531,0,11.6348,11.6348,44000
mlp.linear_fc1,49,35.0611,0.464844,0,12.7777,12.7777,44000
mlp.linear_fc2,49,4768,0.691406,0,0.0939597,1,44000
self_attention.linear_proj,50,62.75,0.585938,0,7.13944,7.13944,44000
self_attention.linear_qkv,50,40.7363,0.332031,0,10.9976,10.9976,44000
mlp.linear_fc1,50,34.0441,0.582031,0,13.1594,13.1594,44000
mlp.linear_fc2,50,5792,0.675781,0,0.0773481,1,44000
self_attention.linear_proj,51,66,0.335938,0,6.78788,6.78788,44000
self_attention.linear_qkv,51,34.7369,0.263672,0,12.897,12.897,44000
mlp.linear_fc1,51,33.8119,0.421875,0,13.2498,13.2498,44000
mlp.linear_fc2,51,6528,0.832031,0,0.0686275,1,44000
self_attention.linear_proj,52,68,0.59375,0,6.58824,6.58824,44000
self_attention.linear_qkv,52,43.5243,0.3125,0,10.2931,10.2931,44000
mlp.linear_fc1,52,34.0752,0.558594,0,13.1474,13.1474,44000
mlp.linear_fc2,52,4768,0.753906,0,0.0939597,1,44000
self_attention.linear_proj,5,37.75,2.4375,0,11.8675,11.8675,44000
self_attention.linear_qkv,5,17.9486,0.582031,0,24.9602,24.9602,44000
mlp.linear_fc1,5,12.3326,0.710938,0,36.3264,36.3264,44000
mlp.linear_fc2,5,11712,3,0,0.0382514,1,44000
self_attention.linear_proj,6,39.25,1.20312,0,11.414,11.414,44000
self_attention.linear_qkv,6,19.0871,0.449219,0,23.4714,23.4714,44000
mlp.linear_fc1,6,8.4855,0.9375,0,52.7959,52.7959,44000
mlp.linear_fc2,6,1280,1.57812,0,0.35,1,44000
self_attention.linear_proj,7,33,1.57031,0,13.5758,13.5758,44000
self_attention.linear_qkv,7,30.5431,0.386719,0,14.6678,14.6678,44000
mlp.linear_fc1,7,8.03838,0.496094,0,55.7326,55.7326,44000
mlp.linear_fc2,7,908,2.09375,0,0.493392,1,44000
self_attention.linear_proj,8,25.25,0.929688,0,17.7426,17.7426,44000
self_attention.linear_qkv,8,19.2425,0.447266,0,23.2817,23.2817,44000
mlp.linear_fc1,8,8.06619,0.455078,0,55.5405,55.5405,44000
mlp.linear_fc2,8,1648,2.34375,0,0.271845,1,44000
self_attention.linear_proj,21,43.75,1.25781,0,10.24,10.24,44000
self_attention.linear_qkv,21,48.3682,0.349609,0,9.26228,9.26228,44000
mlp.linear_fc1,21,11.8,0.4375,0,37.9661,37.9661,44000
mlp.linear_fc2,21,1112,1.59375,0,0.402878,1,44000
self_attention.linear_proj,22,73,0.921875,0,6.13699,6.13699,44000
self_attention.linear_qkv,22,55.4657,0.396484,0,8.07707,8.07707,44000
mlp.linear_fc1,22,10.3347,0.394531,0,43.3489,43.3489,44000
mlp.linear_fc2,22,980,1.25781,0,0.457143,1,44000
self_attention.linear_proj,23,77,1.17188,0,5.81818,5.81818,44000
self_attention.linear_qkv,23,50.7596,0.414062,0,8.82592,8.82592,44000
mlp.linear_fc1,23,11.4373,0.462891,0,39.1702,39.1702,44000
mlp.linear_fc2,23,1336,1.79688,0,0.335329,1,44000
self_attention.linear_proj,24,74,0.492188,0,6.05405,6.05405,44000
self_attention.linear_qkv,24,49.0678,0.439453,0,9.13023,9.13023,44000
mlp.linear_fc1,24,11.2508,0.582031,0,39.8193,39.8193,44000
mlp.linear_fc2,24,1144,1.21875,0,0.391608,1,44000
self_attention.linear_proj,37,38.5,0.621094,0,11.6364,11.6364,44000
self_attention.linear_qkv,37,25.0691,0.226562,0,17.8706,17.8706,44000
mlp.linear_fc1,37,38.5151,0.443359,0,11.6318,11.6318,44000
mlp.linear_fc2,37,2432,1.28125,0,0.184211,1,44000
self_attention.linear_proj,38,53.75,0.617188,0,8.33488,8.33488,44000
self_attention.linear_qkv,38,36.5097,0.279297,0,12.2707,12.2707,44000
mlp.linear_fc1,38,35.9242,0.398438,0,12.4707,12.4707,44000
mlp.linear_fc2,38,2416,1.73438,0,0.18543,1,44000
self_attention.linear_proj,39,50,0.632812,0,8.96,8.96,44000
self_attention.linear_qkv,39,27.3242,0.225586,0,16.3957,16.3957,44000
mlp.linear_fc1,39,34.2995,0.511719,0,13.0614,13.0614,44000
mlp.linear_fc2,39,2384,0.917969,0,0.187919,1,44000
self_attention.linear_proj,40,71.5,0.542969,0,6.26573,6.26573,44000
self_attention.linear_qkv,40,27.1936,0.296875,0,16.4745,16.4745,44000
mlp.linear_fc1,40,34.7798,0.507812,0,12.8811,12.8811,44000
mlp.linear_fc2,40,2128,1.13281,0,0.210526,1,44000
self_attention.linear_proj,53,78,0.40625,0,5.67089,5.67089,44000
self_attention.linear_qkv,53,38.7799,0.318359,0,11.5524,11.5524,44000
mlp.linear_fc1,53,37.4458,0.59375,0,11.964,11.964,44000
mlp.linear_fc2,53,6784,0.816406,0,0.0660377,1,44000
self_attention.linear_proj,54,85,0.691406,0,5.27059,5.27059,44000
self_attention.linear_qkv,54,40.4508,0.257812,0,11.0752,11.0752,44000
mlp.linear_fc1,54,38.7842,0.574219,0,11.5511,11.5511,44000
mlp.linear_fc2,54,5408,0.972656,0,0.0828402,1,44000
self_attention.linear_proj,55,98.5,0.777344,0,4.54822,4.54822,44000
self_attention.linear_qkv,55,48.8144,0.333984,0,9.17762,9.17762,44000
mlp.linear_fc1,55,40.3573,0.644531,0,11.1008,11.1008,44000
mlp.linear_fc2,55,6528,0.960938,0,0.0686275,1,44000
self_attention.linear_proj,56,74.5,0.8125,0,6.01342,6.01342,44000
self_attention.linear_qkv,56,46.8508,0.337891,0,9.56227,9.56227,44000
mlp.linear_fc1,56,43.6774,0.570312,0,10.257,10.257,44000
mlp.linear_fc2,56,5888,1.14844,0,0.076087,1,44000
self_attention.linear_proj,9,23.75,3,0,18.8632,18.8632,44000
self_attention.linear_qkv,9,19.5286,0.460938,0,22.9407,22.9407,44000
mlp.linear_fc1,9,9.73239,0.601562,0,46.0319,46.0319,44000
mlp.linear_fc2,9,1952,2.60938,0,0.229508,1,44000
self_attention.linear_proj,10,26.875,1.3125,0,16.6698,16.6698,44000
self_attention.linear_qkv,10,22.5773,0.404297,0,19.8429,19.8429,44000
mlp.linear_fc1,10,7.74909,0.425781,0,57.8133,57.8133,44000
mlp.linear_fc2,10,528,2.40625,0,0.848485,1,44000
self_attention.linear_proj,11,24,2.07812,0,18.6667,18.6667,44000
self_attention.linear_qkv,11,26.8542,0.402344,0,16.6827,16.6827,44000
mlp.linear_fc1,11,6.84329,0.476562,0,65.4656,65.4656,44000
mlp.linear_fc2,11,492,2.21875,0,0.910569,1,44000
self_attention.linear_proj,12,33.25,0.984375,0,13.4737,13.4737,44000
self_attention.linear_qkv,12,25.2204,0.423828,0,17.7634,17.7634,44000
mlp.linear_fc1,12,6.55881,0.355469,0,68.3051,68.3051,44000
mlp.linear_fc2,12,632,1.96875,0,0.708861,1,44000
self_attention.linear_proj,25,59.75,0.558594,0,7.49791,7.49791,44000
self_attention.linear_qkv,25,36.947,0.355469,0,12.1255,12.1255,44000
mlp.linear_fc1,25,12.1055,0.353516,0,37.0078,37.0078,44000
mlp.linear_fc2,25,1560,1.60156,0,0.287179,1,44000
self_attention.linear_proj,26,62.5,0.621094,0,7.168,7.168,44000
self_attention.linear_qkv,26,40.0925,0.339844,0,11.1742,11.1742,44000
mlp.linear_fc1,26,12.6588,0.421875,0,35.3905,35.3905,44000
mlp.linear_fc2,26,1592,1.49219,0,0.281407,1,44000
self_attention.linear_proj,27,96,0.457031,0,4.66667,4.66667,44000
self_attention.linear_qkv,27,45.2877,0.345703,0,9.89232,9.89232,44000
mlp.linear_fc1,27,12.9681,0.523438,0,34.5462,34.5462,44000
mlp.linear_fc2,27,2128,1.44531,0,0.210526,1,44000
self_attention.linear_proj,28,81,0.53125,0,5.53086,5.53086,44000
self_attention.linear_qkv,28,35.8175,0.451172,0,12.5079,12.5079,44000
mlp.linear_fc1,28,13.8925,0.367188,0,32.2476,32.2476,44000
mlp.linear_fc2,28,2096,1.71094,0,0.21374,1,44000
self_attention.linear_proj,41,41.25,0.373047,0,10.8606,10.8606,44000
self_attention.linear_qkv,41,24.8271,0.233398,0,18.0448,18.0448,44000
mlp.linear_fc1,41,34.7146,0.558594,0,12.9052,12.9052,44000
mlp.linear_fc2,41,2480,0.722656,0,0.180645,1,44000
self_attention.linear_proj,42,48.25,0.365234,0,9.28497,9.28497,44000
self_attention.linear_qkv,42,25.2481,0.21875,0,17.7439,17.7439,44000
mlp.linear_fc1,42,34.8864,0.357422,0,12.8417,12.8417,44000
mlp.linear_fc2,42,2256,1.46094,0,0.198582,1,44000
self_attention.linear_proj,43,54,0.492188,0,8.2963,8.2963,44000
self_attention.linear_qkv,43,28.7377,0.232422,0,15.5893,15.5893,44000
mlp.linear_fc1,43,34.786,0.539062,0,12.8787,12.8787,44000
mlp.linear_fc2,43,2608,1.54688,0,0.171779,1,44000
self_attention.linear_proj,44,47.25,0.285156,0,9.48148,9.48148,44000
self_attention.linear_qkv,44,27.902,0.232422,0,16.0562,16.0562,44000
mlp.linear_fc1,44,34.3258,0.439453,0,13.0514,13.0514,44000
mlp.linear_fc2,44,2560,1.53125,0,0.175,1,44000
self_attention.linear_proj,57,86.5,0.644531,0,5.17919,5.17919,44000
self_attention.linear_qkv,57,44.8897,0.265625,0,9.98001,9.98001,44000
mlp.linear_fc1,57,45.9158,0.566406,0,9.75699,9.75699,44000
mlp.linear_fc2,57,6656,1.01562,0,0.0673077,1,44000
self_attention.linear_proj,58,83.5,0.636719,0,5.36527,5.36527,44000
self_attention.linear_qkv,58,47.9432,0.255859,0,9.34439,9.34439,44000
mlp.linear_fc1,58,49.5518,0.886719,0,9.04105,9.04105,44000
mlp.linear_fc2,58,16768,1.50781,0,0.0267176,1,44000
self_attention.linear_proj,59,85,0.478516,0,5.27059,5.27059,44000
self_attention.linear_qkv,59,45.1364,0.271484,0,9.92547,9.92547,44000
mlp.linear_fc1,59,50.0009,0.683594,0,8.95984,8.95984,44000
mlp.linear_fc2,59,13056,1.21094,0,0.0343137,1,44000
self_attention.linear_proj,60,159,0.558594,0,2.81761,2.81761,44000
self_attention.linear_qkv,60,47.7015,0.283203,0,9.39173,9.39173,44000
mlp.linear_fc1,60,55.4218,0.621094,0,8.08346,8.08346,44000
mlp.linear_fc2,60,13696,1.17188,0,0.0327103,1,44000
self_attention.linear_proj,13,61.25,1.00781,0,7.31429,7.31429,44000
self_attention.linear_qkv,13,26.4646,0.443359,0,16.9283,16.9283,44000
mlp.linear_fc1,13,6.1398,0.478516,0,72.9665,72.9665,44000
mlp.linear_fc2,13,660,1.78125,0,0.678788,1,44000
self_attention.linear_proj,14,24.25,1.96094,0,18.4742,18.4742,44000
self_attention.linear_qkv,14,29.7697,0.466797,0,15.0488,15.0488,44000
mlp.linear_fc1,14,5.90051,0.417969,0,75.9257,75.9257,44000
mlp.linear_fc2,14,636,1.36719,0,0.704403,1,44000
self_attention.linear_proj,15,27,0.871094,0,16.5926,16.5926,44000
self_attention.linear_qkv,15,37.7463,0.423828,0,11.8687,11.8687,44000
mlp.linear_fc1,15,5.94044,0.429688,0,75.4153,75.4153,44000
mlp.linear_fc2,15,784,1.67969,0,0.571429,1,44000
self_attention.linear_proj,16,27.875,1.74219,0,16.0717,16.0717,44000
self_attention.linear_qkv,16,44.0874,0.412109,0,10.1616,10.1616,44000
mlp.linear_fc1,16,7.41678,0.472656,0,60.4036,60.4036,44000
mlp.linear_fc2,16,692,1.39062,0,0.647399,1,44000
self_attention.linear_proj,29,82,0.589844,0,5.46341,5.46341,44000
self_attention.linear_qkv,29,35.4252,0.414062,0,12.6464,12.6464,44000
mlp.linear_fc1,29,14.761,0.40625,0,30.3503,30.3503,44000
mlp.linear_fc2,29,1864,1.44531,0,0.240343,1,44000
self_attention.linear_proj,30,86,0.570312,0,5.2093,5.2093,44000
self_attention.linear_qkv,30,44.6069,0.322266,0,10.0433,10.0433,44000
mlp.linear_fc1,30,16.6297,0.384766,0,26.9398,26.9398,44000
mlp.linear_fc2,30,2192,1.5625,0,0.20438,1,44000
self_attention.linear_proj,31,72,0.542969,0,6.22222,6.22222,44000
self_attention.linear_qkv,31,38.9019,0.328125,0,11.5161,11.5161,44000
mlp.linear_fc1,31,17.1866,0.376953,0,26.0668,26.0668,44000
mlp.linear_fc2,31,2288,1.82031,0,0.195804,1,44000
self_attention.linear_proj,32,77.5,0.5,0,5.78065,5.78065,44000
self_attention.linear_qkv,32,40.3227,0.333984,0,11.1104,11.1104,44000
mlp.linear_fc1,32,18.536,0.390625,0,24.1692,24.1692,44000
mlp.linear_fc2,32,2048,1.52344,0,0.21875,1,44000
self_attention.linear_proj,45,64.5,0.337891,0,6.94574,6.94574,44000
self_attention.linear_qkv,45,32.3667,0.243164,0,13.8414,13.8414,44000
mlp.linear_fc1,45,34.8121,0.431641,0,12.8691,12.8691,44000
mlp.linear_fc2,45,2736,0.851562,0,0.163743,1,44000
self_attention.linear_proj,46,74,0.404297,0,6.05405,6.05405,44000
self_attention.linear_qkv,46,33.3434,0.275391,0,13.4359,13.4359,44000
mlp.linear_fc1,46,34.7489,0.546875,0,12.8925,12.8925,44000
mlp.linear_fc2,46,4080,1.01562,0,0.109804,1,44000
self_attention.linear_proj,47,80.5,0.435547,0,5.56522,5.56522,44000
self_attention.linear_qkv,47,37.1113,0.238281,0,12.0718,12.0718,44000
mlp.linear_fc1,47,35.242,0.683594,0,12.7121,12.7121,44000
mlp.linear_fc2,47,2928,1.46875,0,0.153005,1,44000
self_attention.linear_proj,48,95.5,0.388672,0,4.6911,4.6911,44000
self_attention.linear_qkv,48,37.9481,0.287109,0,11.8056,11.8056,44000
mlp.linear_fc1,48,34.7039,0.613281,0,12.9092,12.9092,44000
mlp.linear_fc2,48,4384,0.683594,0,0.10219,1,44000
self_attention.linear_proj,61,113.5,0.478516,0,3.94714,3.94714,44000
self_attention.linear_qkv,61,55.8964,0.273438,0,8.01483,8.01483,44000
mlp.linear_fc1,61,59.5629,0.550781,0,7.52146,7.52146,44000
mlp.linear_fc2,61,56064,1.88281,0,0.00799087,1,44000
self_attention.linear_proj,62,129,0.699219,0,3.47287,3.47287,44000
self_attention.linear_qkv,62,62.2784,0.345703,0,7.19351,7.19351,44000
mlp.linear_fc1,62,66.024,0.353516,0,6.78541,6.78541,44000
mlp.linear_fc2,62,79872,1.71094,0,0.00560897,1,44000
self_attention.linear_proj,63,44.5,0.539062,0,10.0674,10.0674,44000
self_attention.linear_qkv,63,65.7009,0.224609,0,6.81878,6.81878,44000
mlp.linear_fc1,63,74.5926,0.746094,0,6.00595,6.00595,44000
mlp.linear_fc2,63,3.14573e+06,1.59375,0,0.000142415,1,44000
self_attention.linear_proj,0,7,1.55469,0,64,64,48000
self_attention.linear_qkv,0,9.05609,0.339844,0,49.4695,49.4695,48000
mlp.linear_fc1,0,3.89958,0.644531,0,114.884,114.884,48000
mlp.linear_fc2,0,1800,2.17188,0,0.248889,1,48000
self_attention.linear_proj,1,8.6875,2.51562,0,51.5683,51.5683,48000
self_attention.linear_qkv,1,10.9818,0.453125,0,40.7948,40.7948,48000
mlp.linear_fc1,1,9.34978,0.851562,0,47.9156,47.9156,48000
mlp.linear_fc2,1,7808,2.92188,0,0.057377,1,48000
self_attention.linear_proj,2,13,2.71875,0,34.4615,34.4615,48000
self_attention.linear_qkv,2,12.2208,0.542969,0,36.6589,36.6589,48000
mlp.linear_fc1,2,19.2483,0.824219,0,23.2748,23.2748,48000
mlp.linear_fc2,2,1872,2.01562,0,0.239316,1,48000
self_attention.linear_proj,3,16,2.89062,0,28,28,48000
self_attention.linear_qkv,3,17.6714,0.597656,0,25.3517,25.3517,48000
mlp.linear_fc1,3,16.4554,0.960938,0,27.2251,27.2251,48000
mlp.linear_fc2,3,992,1.52344,0,0.451613,1,48000
self_attention.linear_proj,4,18.5,3.10938,0,24.2162,24.2162,48000
self_attention.linear_qkv,4,16.2861,0.498047,0,27.5082,27.5082,48000
mlp.linear_fc1,4,16.5377,0.882812,0,27.0896,27.0896,48000
mlp.linear_fc2,4,2112,1.99219,0,0.212121,1,48000
self_attention.linear_proj,17,43.5,1.49219,0,10.2989,10.2989,48000
self_attention.linear_qkv,17,51.4934,0.384766,0,8.70015,8.70015,48000
mlp.linear_fc1,17,7.80758,0.396484,0,57.3801,57.3801,48000
mlp.linear_fc2,17,1440,1.73438,0,0.311111,1,48000
self_attention.linear_proj,18,46.25,1.61719,0,9.68649,9.68649,48000
self_attention.linear_qkv,18,46.2657,0.328125,0,9.68321,9.68321,48000
mlp.linear_fc1,18,8.37901,0.574219,0,53.467,53.467,48000
mlp.linear_fc2,18,708,1.32812,0,0.632768,1,48000
self_attention.linear_proj,19,39,0.800781,0,11.4872,11.4872,48000
self_attention.linear_qkv,19,49.262,0.494141,0,9.09424,9.09424,48000
mlp.linear_fc1,19,9.54869,0.609375,0,46.9175,46.9175,48000
mlp.linear_fc2,19,1360,1.41406,0,0.329412,1,48000
self_attention.linear_proj,20,59.25,1.07812,0,7.56118,7.56118,48000
self_attention.linear_qkv,20,44.8203,0.359375,0,9.99546,9.99546,48000
mlp.linear_fc1,20,10.4752,0.5,0,42.7676,42.7676,48000
mlp.linear_fc2,20,1472,1.23438,0,0.304348,1,48000
self_attention.linear_proj,33,85,0.515625,0,5.27059,5.27059,48000
self_attention.linear_qkv,33,34.5017,0.371094,0,12.9849,12.9849,48000
mlp.linear_fc1,33,16.6658,0.449219,0,26.8815,26.8815,48000
mlp.linear_fc2,33,2288,1.64062,0,0.195804,1,48000
self_attention.linear_proj,34,109.5,0.488281,0,4.09132,4.09132,48000
self_attention.linear_qkv,34,40.1573,0.326172,0,11.1561,11.1561,48000
mlp.linear_fc1,34,19.2769,0.390625,0,23.2402,23.2402,48000
mlp.linear_fc2,34,2544,1.17188,0,0.176101,1,48000
self_attention.linear_proj,35,94,0.667969,0,4.76596,4.76596,48000
self_attention.linear_qkv,35,42.1939,0.332031,0,10.6176,10.6176,48000
mlp.linear_fc1,35,22.7662,0.363281,0,19.6783,19.6783,48000
mlp.linear_fc2,35,2352,1.5625,0,0.190476,1,48000
self_attention.linear_proj,36,68.5,0.498047,0,6.54015,6.54015,48000
self_attention.linear_qkv,36,29.3467,0.291016,0,15.2657,15.2657,48000
mlp.linear_fc1,36,26.7923,0.498047,0,16.7212,16.7212,48000
mlp.linear_fc2,36,2256,1.8125,0,0.198582,1,48000
self_attention.linear_proj,49,82.5,0.476562,0,5.4303,5.4303,48000
self_attention.linear_qkv,49,37.9598,0.273438,0,11.802,11.802,48000
mlp.linear_fc1,49,29.4073,0.494141,0,15.2343,15.2343,48000
mlp.linear_fc2,49,4480,0.753906,0,0.1,1,48000
self_attention.linear_proj,50,74,0.664062,0,6.05405,6.05405,48000
self_attention.linear_qkv,50,40.7514,0.382812,0,10.9935,10.9935,48000
mlp.linear_fc1,50,29.0753,0.632812,0,15.4082,15.4082,48000
mlp.linear_fc2,50,5024,0.738281,0,0.089172,1,48000
self_attention.linear_proj,51,70,0.332031,0,6.4,6.4,48000
self_attention.linear_qkv,51,33.914,0.279297,0,13.2099,13.2099,48000
mlp.linear_fc1,51,28.5348,0.431641,0,15.7001,15.7001,48000
mlp.linear_fc2,51,6208,0.9375,0,0.0721649,1,48000
self_attention.linear_proj,52,83,0.6875,0,5.39759,5.39759,48000
self_attention.linear_qkv,52,43.5432,0.332031,0,10.2886,10.2886,48000
mlp.linear_fc1,52,28.528,0.597656,0,15.7039,15.7039,48000
mlp.linear_fc2,52,4608,0.871094,0,0.0972222,1,48000
self_attention.linear_proj,5,35,2.59375,0,12.8,12.8,48000
self_attention.linear_qkv,5,17.6534,0.625,0,25.3775,25.3775,48000
mlp.linear_fc1,5,19.1575,0.777344,0,23.3851,23.3851,48000
mlp.linear_fc2,5,6912,3.3125,0,0.0648148,1,48000
self_attention.linear_proj,6,38.75,1.32031,0,11.5613,11.5613,48000
self_attention.linear_qkv,6,18.7327,0.470703,0,23.9155,23.9155,48000
mlp.linear_fc1,6,13.3158,0.96875,0,33.6441,33.6441,48000
mlp.linear_fc2,6,648,1.67188,0,0.691358,1,48000
self_attention.linear_proj,7,31.625,1.75,0,14.166,14.166,48000
self_attention.linear_qkv,7,27.4272,0.423828,0,16.3342,16.3342,48000
mlp.linear_fc1,7,12.5168,0.542969,0,35.7919,35.7919,48000
mlp.linear_fc2,7,1328,2.21875,0,0.337349,1,48000
self_attention.linear_proj,8,23.875,1.07031,0,18.7644,18.7644,48000
self_attention.linear_qkv,8,17.4075,0.476562,0,25.736,25.736,48000
mlp.linear_fc1,8,12.0821,0.511719,0,37.0797,37.0797,48000
mlp.linear_fc2,8,2288,2.4375,0,0.195804,1,48000
self_attention.linear_proj,21,44,1.34375,0,10.1818,10.1818,48000
self_attention.linear_qkv,21,48.6592,0.351562,0,9.2069,9.2069,48000
mlp.linear_fc1,21,10.766,0.482422,0,41.6125,41.6125,48000
mlp.linear_fc2,21,1160,1.70312,0,0.386207,1,48000
self_attention.linear_proj,22,71.5,0.992188,0,6.26573,6.26573,48000
self_attention.linear_qkv,22,54.9412,0.425781,0,8.15418,8.15418,48000
mlp.linear_fc1,22,9.43288,0.412109,0,47.4934,47.4934,48000
mlp.linear_fc2,22,964,1.3125,0,0.46473,1,48000
self_attention.linear_proj,23,74,1.26562,0,6.05405,6.05405,48000
self_attention.linear_qkv,23,51.041,0.453125,0,8.77726,8.77726,48000
mlp.linear_fc1,23,10.4702,0.490234,0,42.788,42.788,48000
mlp.linear_fc2,23,1280,1.92188,0,0.35,1,48000
self_attention.linear_proj,24,78.5,0.511719,0,5.70701,5.70701,48000
self_attention.linear_qkv,24,48.8042,0.453125,0,9.17953,9.17953,48000
mlp.linear_fc1,24,10.24,0.671875,0,43.7499,43.7499,48000
mlp.linear_fc2,24,1136,1.23438,0,0.394366,1,48000
self_attention.linear_proj,37,42.5,0.664062,0,10.5412,10.5412,48000
self_attention.linear_qkv,37,24.2304,0.228516,0,18.4892,18.4892,48000
mlp.linear_fc1,37,28.0864,0.476562,0,15.9508,15.9508,48000
mlp.linear_fc2,37,2512,1.36719,0,0.178344,1,48000
self_attention.linear_proj,38,57.75,0.660156,0,7.75758,7.75758,48000
self_attention.linear_qkv,38,35.5326,0.283203,0,12.6081,12.6081,48000
mlp.linear_fc1,38,28.5102,0.40625,0,15.7137,15.7137,48000
mlp.linear_fc2,38,2848,1.92969,0,0.157303,1,48000
self_attention.linear_proj,39,55,0.722656,0,8.14545,8.14545,48000
self_attention.linear_qkv,39,26.7627,0.235352,0,16.7397,16.7397,48000
mlp.linear_fc1,39,27.425,0.546875,0,16.3355,16.3355,48000
mlp.linear_fc2,39,2040,0.980469,0,0.219608,1,48000
self_attention.linear_proj,40,76.5,0.582031,0,5.85621,5.85621,48000
self_attention.linear_qkv,40,26.4948,0.292969,0,16.909,16.909,48000
mlp.linear_fc1,40,27.8859,0.542969,0,16.0655,16.0655,48000
mlp.linear_fc2,40,2144,1.23438,0,0.208955,1,48000
self_attention.linear_proj,53,87.5,0.4375,0,5.12,5.12,48000
self_attention.linear_qkv,53,37.9588,0.318359,0,11.8023,11.8023,48000
mlp.linear_fc1,53,31.2276,0.667969,0,14.3463,14.3463,48000
mlp.linear_fc2,53,6432,0.964844,0,0.0696517,1,48000
self_attention.linear_proj,54,89,0.742188,0,5.03371,5.03371,48000
self_attention.linear_qkv,54,39.3516,0.259766,0,11.3845,11.3845,48000
mlp.linear_fc1,54,32.0011,0.582031,0,13.9995,13.9995,48000
mlp.linear_fc2,54,5184,1.09375,0,0.0864198,1,48000
self_attention.linear_proj,55,95,0.832031,0,4.71579,4.71579,48000
self_attention.linear_qkv,55,48.2774,0.337891,0,9.27971,9.27971,48000
mlp.linear_fc1,55,33.6225,0.695312,0,13.3244,13.3244,48000
mlp.linear_fc2,55,6368,0.976562,0,0.0703518,1,48000
self_attention.linear_proj,56,81,0.875,0,5.53086,5.53086,48000
self_attention.linear_qkv,56,46.3136,0.351562,0,9.67317,9.67317,48000
mlp.linear_fc1,56,36.2172,0.5625,0,12.3698,12.3698,48000
mlp.linear_fc2,56,8064,1.21094,0,0.0555556,1,48000
self_attention.linear_proj,9,24,3.26562,0,18.6667,18.6667,48000
self_attention.linear_qkv,9,17.5481,0.484375,0,25.5298,25.5298,48000
mlp.linear_fc1,9,11.9773,0.648438,0,37.4041,37.4041,48000
mlp.linear_fc2,9,2672,2.78125,0,0.167665,1,48000
self_attention.linear_proj,10,25.375,1.46094,0,17.6552,17.6552,48000
self_attention.linear_qkv,10,20.6475,0.425781,0,21.6975,21.6975,48000
mlp.linear_fc1,10,11.1557,0.462891,0,40.1587,40.1587,48000
mlp.linear_fc2,10,572,2.625,0,0.783217,1,48000
self_attention.linear_proj,11,23,2.28125,0,19.4783,19.4783,48000
self_attention.linear_qkv,11,25.2203,0.404297,0,17.7634,17.7634,48000
mlp.linear_fc1,11,9.5487,0.523438,0,46.9174,46.9174,48000
mlp.linear_fc2,11,446,2.34375,0,1.00448,1.00448,48000
self_attention.linear_proj,12,33.25,1.05469,0,13.4737,13.4737,48000
self_attention.linear_qkv,12,23.4447,0.451172,0,19.1088,19.1088,48000
mlp.linear_fc1,12,8.82053,0.378906,0,50.7906,50.7906,48000
mlp.linear_fc2,12,732,2.07812,0,0.612022,1,48000
self_attention.linear_proj,25,63.25,0.589844,0,7.083,7.083,48000
self_attention.linear_qkv,25,36.7075,0.375,0,12.2046,12.2046,48000
mlp.linear_fc1,25,11.1463,0.384766,0,40.1928,40.1928,48000
mlp.linear_fc2,25,1560,1.67969,0,0.287179,1,48000
self_attention.linear_proj,26,66,0.664062,0,6.78788,6.78788,48000
self_attention.linear_qkv,26,40.1978,0.380859,0,11.1449,11.1449,48000
mlp.linear_fc1,26,11.6413,0.453125,0,38.4836,38.4836,48000
mlp.linear_fc2,26,1536,1.5625,0,0.291667,1,48000
self_attention.linear_proj,27,95,0.46875,0,4.71579,4.71579,48000
self_attention.linear_qkv,27,44.3419,0.359375,0,10.1033,10.1033,48000
mlp.linear_fc1,27,11.7837,0.550781,0,38.0185,38.0185,48000
mlp.linear_fc2,27,2040,1.50781,0,0.219608,1,48000
self_attention.linear_proj,28,82.5,0.542969,0,5.4303,5.4303,48000
self_attention.linear_qkv,28,35.0432,0.482422,0,12.7842,12.7842,48000
mlp.linear_fc1,28,12.8298,0.376953,0,34.9188,34.9188,48000
mlp.linear_fc2,28,2008,1.78125,0,0.223108,1,48000
self_attention.linear_proj,41,45.5,0.375,0,9.84615,9.84615,48000
self_attention.linear_qkv,41,24.2677,0.241211,0,18.4608,18.4608,48000
mlp.linear_fc1,41,28.2491,0.597656,0,15.8589,15.8589,48000
mlp.linear_fc2,41,2288,0.761719,0,0.195804,1,48000
self_attention.linear_proj,42,49,0.376953,0,9.14286,9.14286,48000
self_attention.linear_qkv,42,24.5501,0.238281,0,18.2484,18.2484,48000
mlp.linear_fc1,42,28.6483,0.375,0,15.6379,15.6379,48000
mlp.linear_fc2,42,2352,1.625,0,0.190476,1,48000
self_attention.linear_proj,43,59,0.535156,0,7.59322,7.59322,48000
self_attention.linear_qkv,43,28.0411,0.232422,0,15.9765,15.9765,48000
mlp.linear_fc1,43,28.6143,0.5625,0,15.6565,15.6565,48000
mlp.linear_fc2,43,2960,1.63281,0,0.151351,1,48000
self_attention.linear_proj,44,50.75,0.304688,0,8.82759,8.82759,48000
self_attention.linear_qkv,44,27.2059,0.237305,0,16.467,16.467,48000
mlp.linear_fc1,44,28.2776,0.46875,0,15.8429,15.8429,48000
mlp.linear_fc2,44,2576,1.65625,0,0.173913,1,48000
self_attention.linear_proj,57,79,0.699219,0,5.67089,5.67089,48000
self_attention.linear_qkv,57,44.3534,0.291016,0,10.1007,10.1007,48000
mlp.linear_fc1,57,37.8509,0.554688,0,11.8359,11.8359,48000
mlp.linear_fc2,57,6368,1.14844,0,0.0703518,1,48000
self_attention.linear_proj,58,93,0.578125,0,4.8172,4.8172,48000
self_attention.linear_qkv,58,47.1328,0.263672,0,9.50507,9.50507,48000
mlp.linear_fc1,58,40.094,0.835938,0,11.1737,11.1737,48000
mlp.linear_fc2,58,18688,1.59375,0,0.0239726,1,48000
self_attention.linear_proj,59,83,0.511719,0,5.39759,5.39759,48000
self_attention.linear_qkv,59,44.6063,0.277344,0,10.0434,10.0434,48000
mlp.linear_fc1,59,49.2116,0.691406,0,9.10354,9.10354,48000
mlp.linear_fc2,59,10816,1.24219,0,0.0414201,1,48000
self_attention.linear_proj,60,162,0.5625,0,2.76543,2.76543,48000
self_attention.linear_qkv,60,49.398,0.316406,0,9.06919,9.06919,48000
mlp.linear_fc1,60,58.2258,0.691406,0,7.69418,7.69418,48000
mlp.linear_fc2,60,7584,1.1875,0,0.0590717,1,48000
self_attention.linear_proj,13,63.25,1.11719,0,7.083,7.083,48000
self_attention.linear_qkv,13,25.1111,0.462891,0,17.8407,17.8407,48000
mlp.linear_fc1,13,8.55713,0.527344,0,52.354,52.354,48000
mlp.linear_fc2,13,524,1.95312,0,0.854962,1,48000
self_attention.linear_proj,14,23.875,2.0625,0,18.7644,18.7644,48000
self_attention.linear_qkv,14,28.5424,0.494141,0,15.6959,15.6959,48000
mlp.linear_fc1,14,7.69259,0.449219,0,58.2378,58.2378,48000
mlp.linear_fc2,14,632,1.40625,0,0.708861,1,48000
self_attention.linear_proj,15,24.75,0.988281,0,18.101,18.101,48000
self_attention.linear_qkv,15,36.677,0.40625,0,12.2148,12.2148,48000
mlp.linear_fc1,15,7.94102,0.439453,0,56.4159,56.4159,48000
mlp.linear_fc2,15,840,1.78125,0,0.533333,1,48000
self_attention.linear_proj,16,26.625,1.82812,0,16.8263,16.8263,48000
self_attention.linear_qkv,16,43.5473,0.417969,0,10.2877,10.2877,48000
mlp.linear_fc1,16,7.47096,0.507812,0,59.9655,59.9655,48000
mlp.linear_fc2,16,636,1.49219,0,0.704403,1,48000
self_attention.linear_proj,29,81.5,0.601562,0,5.49693,5.49693,48000
self_attention.linear_qkv,29,34.1025,0.449219,0,13.1369,13.1369,48000
mlp.linear_fc1,29,13.4395,0.451172,0,33.3345,33.3345,48000
mlp.linear_fc2,29,1992,1.48438,0,0.2249,1,48000
self_attention.linear_proj,30,90.5,0.597656,0,4.95028,4.95028,48000
self_attention.linear_qkv,30,44.096,0.339844,0,10.1597,10.1597,48000
mlp.linear_fc1,30,14.8242,0.419922,0,30.2208,30.2208,48000
mlp.linear_fc2,30,2144,1.64062,0,0.208955,1,48000
self_attention.linear_proj,31,73,0.570312,0,6.13699,6.13699,48000
self_attention.linear_qkv,31,38.3444,0.363281,0,11.6836,11.6836,48000
mlp.linear_fc1,31,15.1667,0.386719,0,29.5383,29.5383,48000
mlp.linear_fc2,31,2448,1.9375,0,0.183007,1,48000
self_attention.linear_proj,32,83.5,0.519531,0,5.36527,5.36527,48000
self_attention.linear_qkv,32,40.0268,0.363281,0,11.1925,11.1925,48000
mlp.linear_fc1,32,16.0852,0.398438,0,27.8516,27.8516,48000
mlp.linear_fc2,32,2272,1.57812,0,0.197183,1,48000
self_attention.linear_proj,45,69,0.361328,0,6.49275,6.49275,48000
self_attention.linear_qkv,45,31.6715,0.253906,0,14.1452,14.1452,48000
mlp.linear_fc1,45,29.0072,0.457031,0,15.4444,15.4444,48000
mlp.linear_fc2,45,2832,0.941406,0,0.158192,1,48000
self_attention.linear_proj,46,78,0.412109,0,5.74359,5.74359,48000
self_attention.linear_qkv,46,32.375,0.269531,0,13.8378,13.8378,48000
mlp.linear_fc1,46,28.6786,0.570312,0,15.6214,15.6214,48000
mlp.linear_fc2,46,3568,1.07812,0,0.125561,1,48000
self_attention.linear_proj,47,84.5,0.476562,0,5.30177,5.30177,48000
self_attention.linear_qkv,47,36.841,0.248047,0,12.1604,12.1604,48000
mlp.linear_fc1,47,29.4169,0.691406,0,15.2293,15.2293,48000
mlp.linear_fc2,47,2928,1.59375,0,0.153005,1,48000
self_attention.linear_proj,48,97,0.392578,0,4.61856,4.61856,48000
self_attention.linear_qkv,48,37.4011,0.292969,0,11.9783,11.9783,48000
mlp.linear_fc1,48,29.4976,0.660156,0,15.1877,15.1877,48000
mlp.linear_fc2,48,3648,0.75,0,0.122807,1,48000
self_attention.linear_proj,61,109,0.486328,0,4.11009,4.11009,48000
self_attention.linear_qkv,61,57.0459,0.28125,0,7.85332,7.85332,48000
mlp.linear_fc1,61,63.7623,0.535156,0,7.0261,7.0261,48000
mlp.linear_fc2,61,64256,2.07812,0,0.00697211,1,48000
self_attention.linear_proj,62,138,0.726562,0,3.24638,3.24638,48000
self_attention.linear_qkv,62,63.5856,0.353516,0,7.04562,7.04562,48000
mlp.linear_fc1,62,71.7544,0.398438,0,6.24352,6.24352,48000
mlp.linear_fc2,62,80896,1.82031,0,0.00553797,1,48000
self_attention.linear_proj,63,52.5,0.570312,0,8.53333,8.53333,48000
self_attention.linear_qkv,63,65.4658,0.22168,0,6.84327,6.84327,48000
mlp.linear_fc1,63,80.4798,0.753906,0,5.56661,5.56661,48000
mlp.linear_fc2,63,2.80166e+06,1.67188,0,0.000159905,1,48000
self_attention.linear_proj,0,5.90625,1.6875,0,75.8519,75.8519,52000
self_attention.linear_qkv,0,7.3895,0.341797,0,60.6266,60.6266,52000
mlp.linear_fc1,0,4.00184,0.691406,0,109.585,109.585,52000
mlp.linear_fc2,0,2816,2.23438,0,0.159091,1,52000
self_attention.linear_proj,1,13.6875,2.65625,0,32.7306,32.7306,52000
self_attention.linear_qkv,1,10.6393,0.478516,0,42.1079,42.1079,52000
mlp.linear_fc1,1,8.79877,0.914062,0,50.9162,50.9162,52000
mlp.linear_fc2,1,15040,3.14062,0,0.0297872,1,52000
self_attention.linear_proj,2,11.875,2.875,0,37.7263,37.7263,52000
self_attention.linear_qkv,2,11.7785,0.597656,0,38.0352,38.0352,52000
mlp.linear_fc1,2,17.1122,0.898438,0,26.1801,26.1801,52000
mlp.linear_fc2,2,460,2.15625,0,0.973913,1,52000
self_attention.linear_proj,3,11.3125,3.04688,0,39.6022,39.6022,52000
self_attention.linear_qkv,3,18.1409,0.644531,0,24.6956,24.6956,52000
mlp.linear_fc1,3,15.5084,1.03125,0,28.8875,28.8875,52000
mlp.linear_fc2,3,520,1.57031,0,0.861538,1,52000
self_attention.linear_proj,4,19.25,3.28125,0,23.2727,23.2727,52000
self_attention.linear_qkv,4,18.4392,0.527344,0,24.2961,24.2961,52000
mlp.linear_fc1,4,17.1259,0.964844,0,26.1592,26.1592,52000
mlp.linear_fc2,4,632,2.09375,0,0.708861,1,52000
self_attention.linear_proj,17,41.5,1.65625,0,10.7952,10.7952,52000
self_attention.linear_qkv,17,50.9734,0.410156,0,8.7889,8.7889,52000
mlp.linear_fc1,17,7.44383,0.416016,0,60.1841,60.1841,52000
mlp.linear_fc2,17,844,1.85156,0,0.530806,1,52000
self_attention.linear_proj,18,45.75,1.75781,0,9.79235,9.79235,52000
self_attention.linear_qkv,18,45.9702,0.345703,0,9.74544,9.74544,52000
mlp.linear_fc1,18,8.31918,0.609375,0,53.8515,53.8515,52000
mlp.linear_fc2,18,1288,1.38281,0,0.347826,1,52000
self_attention.linear_proj,19,42.5,0.878906,0,10.5412,10.5412,52000
self_attention.linear_qkv,19,48.7315,0.511719,0,9.19322,9.19322,52000
mlp.linear_fc1,19,9.70785,0.644531,0,46.1482,46.1482,52000
mlp.linear_fc2,19,4192,1.50781,0,0.10687,1,52000
self_attention.linear_proj,20,51.5,1.1875,0,8.69903,8.69903,52000
self_attention.linear_qkv,20,44.8388,0.367188,0,9.99135,9.99135,52000
mlp.linear_fc1,20,10.7951,0.542969,0,41.5002,41.5002,52000
mlp.linear_fc2,20,896,1.35938,0,0.5,1,52000
self_attention.linear_proj,33,98,0.539062,0,4.57143,4.57143,52000
self_attention.linear_qkv,33,34.7434,0.417969,0,12.8945,12.8945,52000
mlp.linear_fc1,33,18.3555,0.460938,0,24.4068,24.4068,52000
mlp.linear_fc2,33,2384,1.71875,0,0.187919,1,52000
self_attention.linear_proj,34,114,0.507812,0,3.92982,3.92982,52000
self_attention.linear_qkv,34,40.1375,0.333984,0,11.1616,11.1616,52000
mlp.linear_fc1,34,21.4114,0.402344,0,20.9235,20.9235,52000
mlp.linear_fc2,34,2240,1.22656,0,0.2,1,52000
self_attention.linear_proj,35,97,0.695312,0,4.61856,4.61856,52000
self_attention.linear_qkv,35,42.1836,0.367188,0,10.6202,10.6202,52000
mlp.linear_fc1,35,26.3086,0.386719,0,17.0287,17.0287,52000
mlp.linear_fc2,35,2224,1.67188,0,0.201439,1,52000
self_attention.linear_proj,36,72.5,0.515625,0,6.17931,6.17931,52000
self_attention.linear_qkv,36,29.2042,0.310547,0,15.3403,15.3403,52000
mlp.linear_fc1,36,36.013,0.515625,0,12.44,12.44,52000
mlp.linear_fc2,36,2416,1.94531,0,0.18543,1,52000
self_attention.linear_proj,49,83.5,0.535156,0,5.36527,5.36527,52000
self_attention.linear_qkv,49,37.4025,0.285156,0,11.9778,11.9778,52000
mlp.linear_fc1,49,27.6382,0.511719,0,16.2095,16.2095,52000
mlp.linear_fc2,49,5472,0.804688,0,0.0818713,1,52000
self_attention.linear_proj,50,79.5,0.757812,0,5.63522,5.63522,52000
self_attention.linear_qkv,50,40.7522,0.390625,0,10.9933,10.9933,52000
mlp.linear_fc1,50,29.5941,0.683594,0,15.1381,15.1381,52000
mlp.linear_fc2,50,4608,0.804688,0,0.0972222,1,52000
self_attention.linear_proj,51,77.5,0.345703,0,5.78065,5.78065,52000
self_attention.linear_qkv,51,33.4951,0.289062,0,13.3751,13.3751,52000
mlp.linear_fc1,51,32.0749,0.443359,0,13.9673,13.9673,52000
mlp.linear_fc2,51,7168,1.01562,0,0.0625,1,52000
self_attention.linear_proj,52,82,0.785156,0,5.46341,5.46341,52000
self_attention.linear_qkv,52,43.8221,0.345703,0,10.2232,10.2232,52000
mlp.linear_fc1,52,32.9409,0.65625,0,13.6001,13.6001,52000
mlp.linear_fc2,52,5952,0.976562,0,0.0752688,1,52000
self_attention.linear_proj,5,37.5,2.75,0,11.9467,11.9467,52000
self_attention.linear_qkv,5,20.3188,0.679688,0,22.0485,22.0485,52000
mlp.linear_fc1,5,21.4573,0.828125,0,20.8787,20.8787,52000
mlp.linear_fc2,5,7360,3.60938,0,0.0608696,1,52000
self_attention.linear_proj,6,36.5,1.4375,0,12.274,12.274,52000
self_attention.linear_qkv,6,19.4174,0.482422,0,23.072,23.072,52000
mlp.linear_fc1,6,13.6637,1.00781,0,32.7876,32.7876,52000
mlp.linear_fc2,6,868,1.79688,0,0.516129,1,52000
self_attention.linear_proj,7,30.125,1.9375,0,14.8714,14.8714,52000
self_attention.linear_qkv,7,24.3921,0.455078,0,18.3666,18.3666,52000
mlp.linear_fc1,7,13.1868,0.582031,0,33.9733,33.9733,52000
mlp.linear_fc2,7,864,2.34375,0,0.518519,1,52000
self_attention.linear_proj,8,25.5,1.22656,0,17.5686,17.5686,52000
self_attention.linear_qkv,8,16.9848,0.5,0,26.3764,26.3764,52000
mlp.linear_fc1,8,12.4555,0.5625,0,35.9681,35.9681,52000
mlp.linear_fc2,8,1112,2.53125,0,0.402878,1,52000
self_attention.linear_proj,21,44.25,1.42188,0,10.1243,10.1243,52000
self_attention.linear_qkv,21,48.9487,0.373047,0,9.15244,9.15244,52000
mlp.linear_fc1,21,10.9167,0.53125,0,41.038,41.038,52000
mlp.linear_fc2,21,1152,1.82031,0,0.388889,1,52000
self_attention.linear_proj,22,73.5,1.07031,0,6.09524,6.09524,52000
self_attention.linear_qkv,22,54.4028,0.453125,0,8.23487,8.23487,52000
mlp.linear_fc1,22,9.53071,0.429688,0,47.0059,47.0059,52000
mlp.linear_fc2,22,872,1.33594,0,0.513761,1,52000
self_attention.linear_proj,23,73,1.32812,0,6.13699,6.13699,52000
self_attention.linear_qkv,23,51.0825,0.472656,0,8.77012,8.77012,52000
mlp.linear_fc1,23,10.7976,0.507812,0,41.4908,41.4908,52000
mlp.linear_fc2,23,1200,2.01562,0,0.373333,1,52000
self_attention.linear_proj,24,74,0.542969,0,6.05405,6.05405,52000
self_attention.linear_qkv,24,48.8552,0.476562,0,9.16995,9.16995,52000
mlp.linear_fc1,24,10.6138,0.75,0,42.2091,42.2091,52000
mlp.linear_fc2,24,1056,1.23438,0,0.424242,1,52000
self_attention.linear_proj,37,43.25,0.707031,0,10.3584,10.3584,52000
self_attention.linear_qkv,37,23.3923,0.259766,0,19.1516,19.1516,52000
mlp.linear_fc1,37,31.9476,0.494141,0,14.023,14.023,52000
mlp.linear_fc2,37,2960,1.46094,0,0.151351,1,52000
self_attention.linear_proj,38,63.25,0.691406,0,7.083,7.083,52000
self_attention.linear_qkv,38,34.5509,0.308594,0,12.9664,12.9664,52000
mlp.linear_fc1,38,30.0359,0.423828,0,14.9155,14.9155,52000
mlp.linear_fc2,38,2416,2.09375,0,0.18543,1,52000
self_attention.linear_proj,39,56,0.804688,0,8,8,52000
self_attention.linear_qkv,39,26.0639,0.257812,0,17.1885,17.1885,52000
mlp.linear_fc1,39,28.154,0.566406,0,15.9125,15.9125,52000
mlp.linear_fc2,39,2592,1.05469,0,0.17284,1,52000
self_attention.linear_proj,40,81.5,0.636719,0,5.49693,5.49693,52000
self_attention.linear_qkv,40,26.2118,0.300781,0,17.0916,17.0916,52000
mlp.linear_fc1,40,27.9219,0.550781,0,16.0447,16.0447,52000
mlp.linear_fc2,40,2368,1.33594,0,0.189189,1,52000
self_attention.linear_proj,53,89.5,0.451172,0,5.00559,5.00559,52000
self_attention.linear_qkv,53,37.6792,0.326172,0,11.8899,11.8899,52000
mlp.linear_fc1,53,36.3357,0.679688,0,12.3295,12.3295,52000
mlp.linear_fc2,53,7296,1.08594,0,0.0614035,1,52000
self_attention.linear_proj,54,99.5,0.792969,0,4.50251,4.50251,52000
self_attention.linear_qkv,54,38.5142,0.267578,0,11.6321,11.6321,52000
mlp.linear_fc1,54,38.1478,0.632812,0,11.7438,11.7438,52000
mlp.linear_fc2,54,6272,1.19531,0,0.0714286,1,52000
self_attention.linear_proj,55,102,0.878906,0,4.39216,4.39216,52000
self_attention.linear_qkv,55,47.7211,0.320312,0,9.38788,9.38788,52000
mlp.linear_fc1,55,40.4519,0.726562,0,11.0749,11.0749,52000
mlp.linear_fc2,55,7264,0.980469,0,0.061674,1,52000
self_attention.linear_proj,56,94,0.929688,0,4.76596,4.76596,52000
self_attention.linear_qkv,56,46.0415,0.396484,0,9.73036,9.73036,52000
mlp.linear_fc1,56,44.1052,0.660156,0,10.1575,10.1575,52000
mlp.linear_fc2,56,7968,1.23438,0,0.0562249,1,52000
self_attention.linear_proj,9,23.125,3.51562,0,19.373,19.373,52000
self_attention.linear_qkv,9,15.8391,0.503906,0,28.2845,28.2845,52000
mlp.linear_fc1,9,12.6778,0.710938,0,35.3372,35.3372,52000
mlp.linear_fc2,9,1840,2.95312,0,0.243478,1,52000
self_attention.linear_proj,10,26,1.59375,0,17.2308,17.2308,52000
self_attention.linear_qkv,10,18.8868,0.4375,0,23.7203,23.7203,52000
mlp.linear_fc1,10,9.98945,0.496094,0,44.8473,44.8473,52000
mlp.linear_fc2,10,454,2.82812,0,0.986784,1,52000
self_attention.linear_proj,11,25.75,2.45312,0,17.3981,17.3981,52000
self_attention.linear_qkv,11,23.9843,0.435547,0,18.6789,18.6789,52000
mlp.linear_fc1,11,8.48285,0.558594,0,52.8125,52.8125,52000
mlp.linear_fc2,11,436,2.46875,0,1.02752,1.02752,52000
self_attention.linear_proj,12,34.5,1.11719,0,12.9855,12.9855,52000
self_attention.linear_qkv,12,21.7885,0.474609,0,20.5613,20.5613,52000
mlp.linear_fc1,12,8.00209,0.412109,0,55.9854,55.9854,52000
mlp.linear_fc2,12,800,2.17188,0,0.56,1,52000
self_attention.linear_proj,25,59,0.628906,0,7.59322,7.59322,52000
self_attention.linear_qkv,25,36.4727,0.394531,0,12.2832,12.2832,52000
mlp.linear_fc1,25,11.4566,0.410156,0,39.104,39.104,52000
mlp.linear_fc2,25,1504,1.71875,0,0.297872,1,52000
self_attention.linear_proj,26,63.5,0.6875,0,7.05512,7.05512,52000
self_attention.linear_qkv,26,40.5748,0.414062,0,11.0413,11.0413,52000
mlp.linear_fc1,26,12.2995,0.482422,0,36.4242,36.4242,52000
mlp.linear_fc2,26,1520,1.60938,0,0.294737,1,52000
self_attention.linear_proj,27,100,0.474609,0,4.48,4.48,52000
self_attention.linear_qkv,27,43.2464,0.390625,0,10.3592,10.3592,52000
mlp.linear_fc1,27,12.481,0.570312,0,35.8946,35.8946,52000
mlp.linear_fc2,27,2352,1.57031,0,0.190476,1,52000
self_attention.linear_proj,28,89,0.550781,0,5.03371,5.03371,52000
self_attention.linear_qkv,28,34.7353,0.511719,0,12.8976,12.8976,52000
mlp.linear_fc1,28,13.5019,0.408203,0,33.1806,33.1806,52000
mlp.linear_fc2,28,2176,1.84375,0,0.205882,1,52000
self_attention.linear_proj,41,47.5,0.386719,0,9.43158,9.43158,52000
self_attention.linear_qkv,41,24.1252,0.246094,0,18.5698,18.5698,52000
mlp.linear_fc1,41,27.6253,0.621094,0,16.217,16.217,52000
mlp.linear_fc2,41,3072,0.785156,0,0.145833,1,52000
self_attention.linear_proj,42,50.5,0.398438,0,8.87129,8.87129,52000
self_attention.linear_qkv,42,23.9897,0.238281,0,18.6747,18.6747,52000
mlp.linear_fc1,42,27.0857,0.417969,0,16.5401,16.5401,52000
mlp.linear_fc2,42,2800,1.76562,0,0.16,1,52000
self_attention.linear_proj,43,63.25,0.574219,0,7.083,7.083,52000
self_attention.linear_qkv,43,27.481,0.232422,0,16.3022,16.3022,52000
mlp.linear_fc1,43,26.7461,0.558594,0,16.7501,16.7501,52000
mlp.linear_fc2,43,2640,1.69531,0,0.169697,1,52000
self_attention.linear_proj,44,53.75,0.332031,0,8.33488,8.33488,52000
self_attention.linear_qkv,44,26.5085,0.251953,0,16.9002,16.9002,52000
mlp.linear_fc1,44,25.9495,0.507812,0,17.2643,17.2643,52000
mlp.linear_fc2,44,3328,1.75781,0,0.134615,1,52000
self_attention.linear_proj,57,88,0.714844,0,5.09091,5.09091,52000
self_attention.linear_qkv,57,44.081,0.292969,0,10.1631,10.1631,52000
mlp.linear_fc1,57,46.9071,0.558594,0,9.55079,9.55079,52000
mlp.linear_fc2,57,7104,1.20312,0,0.0630631,1,52000
self_attention.linear_proj,58,100,0.609375,0,4.48,4.48,52000
self_attention.linear_qkv,58,46.3069,0.269531,0,9.67458,9.67458,52000
mlp.linear_fc1,58,50.7401,0.78125,0,8.8293,8.8293,52000
mlp.linear_fc2,58,20864,1.71875,0,0.0214724,1,52000
self_attention.linear_proj,59,85.5,0.511719,0,5.23977,5.23977,52000
self_attention.linear_qkv,59,43.782,0.291016,0,10.2325,10.2325,52000
mlp.linear_fc1,59,51.5261,0.695312,0,8.69462,8.69462,52000
mlp.linear_fc2,59,12672,1.17969,0,0.0353535,1,52000
self_attention.linear_proj,60,175,0.558594,0,2.56,2.56,52000
self_attention.linear_qkv,60,50.4165,0.337891,0,8.88598,8.88598,52000
mlp.linear_fc1,60,54.1739,0.667969,0,8.26966,8.26966,52000
mlp.linear_fc2,60,9664,1.23438,0,0.0463576,1,52000
self_attention.linear_proj,13,60.25,1.25781,0,7.43568,7.43568,52000
self_attention.linear_qkv,13,24.0001,0.478516,0,18.6666,18.6666,52000
mlp.linear_fc1,13,7.5183,0.578125,0,59.588,59.588,52000
mlp.linear_fc2,13,496,2.125,0,0.903226,1,52000
self_attention.linear_proj,14,24.375,2.14062,0,18.3795,18.3795,52000
self_attention.linear_qkv,14,27.4472,0.519531,0,16.3223,16.3223,52000
mlp.linear_fc1,14,6.83088,0.474609,0,65.5845,65.5845,52000
mlp.linear_fc2,14,656,1.4375,0,0.682927,1,52000
self_attention.linear_proj,15,27.25,1.10938,0,16.4404,16.4404,52000
self_attention.linear_qkv,15,35.5781,0.429688,0,12.592,12.592,52000
mlp.linear_fc1,15,6.95331,0.460938,0,64.4297,64.4297,52000
mlp.linear_fc2,15,768,1.89062,0,0.583333,1,52000
self_attention.linear_proj,16,36,1.92188,0,12.4444,12.4444,52000
self_attention.linear_qkv,16,42.7235,0.431641,0,10.486,10.486,52000
mlp.linear_fc1,16,6.6773,0.535156,0,67.093,67.093,52000
mlp.linear_fc2,16,848,1.59375,0,0.528302,1,52000
self_attention.linear_proj,29,88,0.613281,0,5.09091,5.09091,52000
self_attention.linear_qkv,29,32.9238,0.488281,0,13.6072,13.6072,52000
mlp.linear_fc1,29,14.4074,0.494141,0,31.0951,31.0951,52000
mlp.linear_fc2,29,1944,1.50781,0,0.230453,1,52000
self_attention.linear_proj,30,92,0.617188,0,4.86957,4.86957,52000
self_attention.linear_qkv,30,43.6571,0.365234,0,10.2618,10.2618,52000
mlp.linear_fc1,30,16.0488,0.458984,0,27.9149,27.9149,52000
mlp.linear_fc2,30,2080,1.70312,0,0.215385,1,52000
self_attention.linear_proj,31,76.5,0.601562,0,5.85621,5.85621,52000
self_attention.linear_qkv,31,37.9834,0.412109,0,11.7946,11.7946,52000
mlp.linear_fc1,31,16.5864,0.394531,0,27.0101,27.0101,52000
mlp.linear_fc2,31,2896,2.03125,0,0.154696,1,52000
self_attention.linear_proj,32,88.5,0.523438,0,5.06215,5.06215,52000
self_attention.linear_qkv,32,39.9773,0.408203,0,11.2064,11.2064,52000
mlp.linear_fc1,32,17.7255,0.449219,0,25.2744,25.2744,52000
mlp.linear_fc2,32,2640,1.60938,0,0.169697,1,52000
self_attention.linear_proj,45,76,0.386719,0,5.89474,5.89474,52000
self_attention.linear_qkv,45,31.1152,0.271484,0,14.3981,14.3981,52000
mlp.linear_fc1,45,26.0312,0.490234,0,17.2101,17.2101,52000
mlp.linear_fc2,45,2800,1.01562,0,0.16,1,52000
self_attention.linear_proj,46,84,0.423828,0,5.33333,5.33333,52000
self_attention.linear_qkv,46,32.0957,0.283203,0,13.9582,13.9582,52000
mlp.linear_fc1,46,25.2963,0.59375,0,17.7101,17.7101,52000
mlp.linear_fc2,46,3456,1.125,0,0.12963,1,52000
self_attention.linear_proj,47,88,0.507812,0,5.09091,5.09091,52000
self_attention.linear_qkv,47,36.8405,0.259766,0,12.1605,12.1605,52000
mlp.linear_fc1,47,25.5154,0.710938,0,17.558,17.558,52000
mlp.linear_fc2,47,3808,1.69531,0,0.117647,1,52000
self_attention.linear_proj,48,106,0.400391,0,4.22642,4.22642,52000
self_attention.linear_qkv,48,37.4022,0.333984,0,11.9779,11.9779,52000
mlp.linear_fc1,48,25.4014,0.703125,0,17.6368,17.6368,52000
mlp.linear_fc2,48,4320,0.804688,0,0.103704,1,52000
self_attention.linear_proj,61,101.5,0.482422,0,4.41379,4.41379,52000
self_attention.linear_qkv,61,58.3345,0.292969,0,7.67984,7.67984,52000
mlp.linear_fc1,61,57.5204,0.558594,0,7.78854,7.78854,52000
mlp.linear_fc2,61,67072,2.26562,0,0.00667939,1,52000
self_attention.linear_proj,62,145,0.6875,0,3.08966,3.08966,52000
self_attention.linear_qkv,62,64.9155,0.416016,0,6.90128,6.90128,52000
mlp.linear_fc1,62,65.2106,0.416016,0,6.87005,6.87005,52000
mlp.linear_fc2,62,131072,1.94531,0,0.00341797,1,52000
self_attention.linear_proj,63,58.25,0.582031,0,7.69099,7.69099,52000
self_attention.linear_qkv,63,66.5136,0.226562,0,6.73546,6.73546,52000
mlp.linear_fc1,63,74.3144,0.757812,0,6.02844,6.02844,52000
mlp.linear_fc2,63,2.32653e+06,1.73438,0,0.000192562,1,52000
self_attention.linear_proj,0,5.25,1.83594,0,85.3333,85.3333,56000
self_attention.linear_qkv,0,6.08479,0.347656,0,73.6262,73.6262,56000
mlp.linear_fc1,0,4.49172,0.746094,0,99.7392,99.7392,56000
mlp.linear_fc2,0,1792,2.3125,0,0.25,1,56000
self_attention.linear_proj,1,8.3125,2.8125,0,53.8947,53.8947,56000
self_attention.linear_qkv,1,9.34542,0.5,0,47.9379,47.9379,56000
mlp.linear_fc1,1,7.34296,0.949219,0,61.0108,61.0108,56000
mlp.linear_fc2,1,11584,3.375,0,0.038674,1,56000
self_attention.linear_proj,2,9.375,3.01562,0,47.7867,47.7867,56000
self_attention.linear_qkv,2,10.5097,0.652344,0,42.6274,42.6274,56000
mlp.linear_fc1,2,18.4757,0.964844,0,24.2481,24.2481,56000
mlp.linear_fc2,2,692,2.3125,0,0.647399,1,56000
self_attention.linear_proj,3,13.625,3.25,0,32.8807,32.8807,56000
self_attention.linear_qkv,3,16.9532,0.695312,0,26.4257,26.4257,56000
mlp.linear_fc1,3,16.3313,1.11719,0,27.4319,27.4319,56000
mlp.linear_fc2,3,684,1.61719,0,0.654971,1,56000
self_attention.linear_proj,4,14.75,3.45312,0,30.3729,30.3729,56000
self_attention.linear_qkv,4,16.1639,0.550781,0,27.7161,27.7161,56000
mlp.linear_fc1,4,17.8223,1.03906,0,25.1371,25.1371,56000
mlp.linear_fc2,4,568,2.1875,0,0.788732,1,56000
self_attention.linear_proj,17,40.25,1.8125,0,11.1304,11.1304,56000
self_attention.linear_qkv,17,50.4477,0.427734,0,8.88048,8.88048,56000
mlp.linear_fc1,17,7.819,0.435547,0,57.2964,57.2964,56000
mlp.linear_fc2,17,1312,1.96094,0,0.341463,1,56000
self_attention.linear_proj,18,43.75,1.89062,0,10.24,10.24,56000
self_attention.linear_qkv,18,45.72,0.363281,0,9.79878,9.79878,56000
mlp.linear_fc1,18,8.81017,0.636719,0,50.8503,50.8503,56000
mlp.linear_fc2,18,664,1.42188,0,0.674699,1,56000
self_attention.linear_proj,19,36.25,0.957031,0,12.3586,12.3586,56000
self_attention.linear_qkv,19,48.1872,0.535156,0,9.29707,9.29707,56000
mlp.linear_fc1,19,10.3023,0.675781,0,43.4853,43.4853,56000
mlp.linear_fc2,19,1784,1.60156,0,0.251121,1,56000
self_attention.linear_proj,20,48,1.28906,0,9.33333,9.33333,56000
self_attention.linear_qkv,20,44.8555,0.378906,0,9.98762,9.98762,56000
mlp.linear_fc1,20,11.5442,0.582031,0,38.8074,38.8074,56000
mlp.linear_fc2,20,896,1.49219,0,0.5,1,56000
self_attention.linear_proj,33,93.5,0.5625,0,4.79144,4.79144,56000
self_attention.linear_qkv,33,34.992,0.449219,0,12.8029,12.8029,56000
mlp.linear_fc1,33,19.683,0.46875,0,22.7608,22.7608,56000
mlp.linear_fc2,33,2640,1.78906,0,0.169697,1,56000
self_attention.linear_proj,34,122.5,0.511719,0,3.65714,3.65714,56000
self_attention.linear_qkv,34,40.6676,0.365234,0,11.0161,11.0161,56000
mlp.linear_fc1,34,22.7552,0.404297,0,19.6878,19.6878,56000
mlp.linear_fc2,34,2528,1.25781,0,0.177215,1,56000
self_attention.linear_proj,35,107,0.722656,0,4.18692,4.18692,56000
self_attention.linear_qkv,35,42.4377,0.400391,0,10.5566,10.5566,56000
mlp.linear_fc1,35,26.5371,0.419922,0,16.882,16.882,56000
mlp.linear_fc2,35,2208,1.74219,0,0.202899,1,56000
self_attention.linear_proj,36,76,0.527344,0,5.89474,5.89474,56000
self_attention.linear_qkv,36,29.4725,0.345703,0,15.2006,15.2006,56000
mlp.linear_fc1,36,36.5675,0.53125,0,12.2513,12.2513,56000
mlp.linear_fc2,36,2592,2.04688,0,0.17284,1,56000
self_attention.linear_proj,49,91,0.566406,0,4.92308,4.92308,56000
self_attention.linear_qkv,49,37.1246,0.310547,0,12.0675,12.0675,56000
mlp.linear_fc1,49,31.5263,0.523438,0,14.2104,14.2104,56000
mlp.linear_fc2,49,4640,0.859375,0,0.0965517,1,56000
self_attention.linear_proj,50,90,0.832031,0,4.97778,4.97778,56000
self_attention.linear_qkv,50,41.3114,0.416016,0,10.8445,10.8445,56000
mlp.linear_fc1,50,31.4881,0.714844,0,14.2276,14.2276,56000
mlp.linear_fc2,50,5408,0.839844,0,0.0828402,1,56000
self_attention.linear_proj,51,81,0.353516,0,5.53086,5.53086,56000
self_attention.linear_qkv,51,33.3582,0.304688,0,13.43,13.43,56000
mlp.linear_fc1,51,31.4593,0.451172,0,14.2406,14.2406,56000
mlp.linear_fc2,51,6208,1.09375,0,0.0721649,1,56000
self_attention.linear_proj,52,88,0.847656,0,5.09091,5.09091,56000
self_attention.linear_qkv,52,44.384,0.351562,0,10.0937,10.0937,56000
mlp.linear_fc1,52,32.1184,0.726562,0,13.9484,13.9484,56000
mlp.linear_fc2,52,6336,1.0625,0,0.0707071,1,56000
self_attention.linear_proj,5,39.75,2.89062,0,11.2704,11.2704,56000
self_attention.linear_qkv,5,16.035,0.71875,0,27.9388,27.9388,56000
mlp.linear_fc1,5,21.8901,0.882812,0,20.4658,20.4658,56000
mlp.linear_fc2,5,5120,3.92188,0,0.0875,1,56000
self_attention.linear_proj,6,37.25,1.5625,0,12.0268,12.0268,56000
self_attention.linear_qkv,6,17.0079,0.492188,0,26.3408,26.3408,56000
mlp.linear_fc1,6,9.14439,1.03125,0,48.9918,48.9918,56000
mlp.linear_fc2,6,390,1.89844,0,1.14872,1.14872,56000
self_attention.linear_proj,7,31,2.10938,0,14.4516,14.4516,56000
self_attention.linear_qkv,7,21.6506,0.476562,0,20.6923,20.6923,56000
mlp.linear_fc1,7,8.62381,0.636719,0,51.9492,51.9492,56000
mlp.linear_fc2,7,520,2.45312,0,0.861538,1,56000
self_attention.linear_proj,8,28.25,1.375,0,15.8584,15.8584,56000
self_attention.linear_qkv,8,14.3248,0.527344,0,31.2744,31.2744,56000
mlp.linear_fc1,8,8.60887,0.609375,0,52.0394,52.0394,56000
mlp.linear_fc2,8,856,2.60938,0,0.523364,1,56000
self_attention.linear_proj,21,46.5,1.49219,0,9.63441,9.63441,56000
self_attention.linear_qkv,21,49.2324,0.386719,0,9.09969,9.09969,56000
mlp.linear_fc1,21,11.5953,0.5625,0,38.6364,38.6364,56000
mlp.linear_fc2,21,1072,1.91406,0,0.41791,1,56000
self_attention.linear_proj,22,72,1.17969,0,6.22222,6.22222,56000
self_attention.linear_qkv,22,53.8885,0.474609,0,8.31346,8.31346,56000
mlp.linear_fc1,22,10.1453,0.460938,0,44.1583,44.1583,56000
mlp.linear_fc2,22,868,1.32031,0,0.516129,1,56000
self_attention.linear_proj,23,68,1.39844,0,6.58824,6.58824,56000
self_attention.linear_qkv,23,50.8203,0.494141,0,8.81537,8.81537,56000
mlp.linear_fc1,23,11.5313,0.511719,0,38.8508,38.8508,56000
mlp.linear_fc2,23,1296,2.07812,0,0.345679,1,56000
self_attention.linear_proj,24,85.5,0.558594,0,5.23977,5.23977,56000
self_attention.linear_qkv,24,48.8665,0.488281,0,9.16783,9.16783,56000
mlp.linear_fc1,24,11.3947,0.816406,0,39.3164,39.3164,56000
mlp.linear_fc2,24,1168,1.22656,0,0.383562,1,56000
self_attention.linear_proj,37,45,0.738281,0,9.95556,9.95556,56000
self_attention.linear_qkv,37,22.8284,0.271484,0,19.6247,19.6247,56000
mlp.linear_fc1,37,35.364,0.511719,0,12.6682,12.6682,56000
mlp.linear_fc2,37,2960,1.57031,0,0.151351,1,56000
self_attention.linear_proj,38,70,0.730469,0,6.4,6.4,56000
self_attention.linear_qkv,38,33.9898,0.318359,0,13.1804,13.1804,56000
mlp.linear_fc1,38,33.4034,0.443359,0,13.4118,13.4118,56000
mlp.linear_fc2,38,2560,2.21875,0,0.175,1,56000
self_attention.linear_proj,39,58.75,0.863281,0,7.62553,7.62553,56000
self_attention.linear_qkv,39,25.9225,0.283203,0,17.2823,17.2823,56000
mlp.linear_fc1,39,32.0747,0.566406,0,13.9674,13.9674,56000
mlp.linear_fc2,39,2880,1.10938,0,0.155556,1,56000
self_attention.linear_proj,40,85,0.65625,0,5.27059,5.27059,56000
self_attention.linear_qkv,40,25.9327,0.298828,0,17.2755,17.2755,56000
mlp.linear_fc1,40,32.4183,0.5625,0,13.8193,13.8193,56000
mlp.linear_fc2,40,2800,1.42188,0,0.16,1,56000
self_attention.linear_proj,53,99.5,0.476562,0,4.50251,4.50251,56000
self_attention.linear_qkv,53,37.6822,0.326172,0,11.8889,11.8889,56000
mlp.linear_fc1,53,36.1015,0.6875,0,12.4095,12.4095,56000
mlp.linear_fc2,53,7136,1.21875,0,0.0627803,1,56000
self_attention.linear_proj,54,104,0.832031,0,4.30769,4.30769,56000
self_attention.linear_qkv,54,37.9601,0.289062,0,11.8019,11.8019,56000
mlp.linear_fc1,54,38.2139,0.75,0,11.7235,11.7235,56000
mlp.linear_fc2,54,5536,1.28906,0,0.0809249,1,56000
self_attention.linear_proj,55,97.5,0.863281,0,4.59487,4.59487,56000
self_attention.linear_qkv,55,47.4473,0.314453,0,9.44206,9.44206,56000
mlp.linear_fc1,55,40.58,0.695312,0,11.0399,11.0399,56000
mlp.linear_fc2,55,6336,1.03906,0,0.0707071,1,56000
self_attention.linear_proj,56,92.5,0.945312,0,4.84324,4.84324,56000
self_attention.linear_qkv,56,45.7621,0.462891,0,9.78976,9.78976,56000
mlp.linear_fc1,56,43.763,0.742188,0,10.2369,10.2369,56000
mlp.linear_fc2,56,7264,1.25,0,0.061674,1,56000
self_attention.linear_proj,9,23.75,3.71875,0,18.8632,18.8632,56000
self_attention.linear_qkv,9,14.3894,0.515625,0,31.1341,31.1341,56000
mlp.linear_fc1,9,10.8825,0.757812,0,41.167,41.167,56000
mlp.linear_fc2,9,3360,3.10938,0,0.133333,1,56000
self_attention.linear_proj,10,26.5,1.71875,0,16.9057,16.9057,56000
self_attention.linear_qkv,10,17.2931,0.445312,0,25.9063,25.9063,56000
mlp.linear_fc1,10,8.09749,0.527344,0,55.3258,55.3258,56000
mlp.linear_fc2,10,716,3.01562,0,0.625698,1,56000
self_attention.linear_proj,11,23.125,2.60938,0,19.373,19.373,56000
self_attention.linear_qkv,11,22.6358,0.466797,0,19.7917,19.7917,56000
mlp.linear_fc1,11,6.89855,0.605469,0,64.9412,64.9412,56000
mlp.linear_fc2,11,454,2.57812,0,0.986784,1,56000
self_attention.linear_proj,12,32.5,1.24219,0,13.7846,13.7846,56000
self_attention.linear_qkv,12,20.428,0.496094,0,21.9307,21.9307,56000
mlp.linear_fc1,12,6.78711,0.474609,0,66.0075,66.0075,56000
mlp.linear_fc2,12,736,2.25,0,0.608696,1,56000
self_attention.linear_proj,25,62.75,0.65625,0,7.13944,7.13944,56000
self_attention.linear_qkv,25,36.2186,0.40625,0,12.3693,12.3693,56000
mlp.linear_fc1,25,12.4533,0.429688,0,35.9745,35.9745,56000
mlp.linear_fc2,25,1352,1.75,0,0.331361,1,56000
self_attention.linear_proj,26,69,0.734375,0,6.49275,6.49275,56000
self_attention.linear_qkv,26,40.8899,0.431641,0,10.9562,10.9562,56000
mlp.linear_fc1,26,13.316,0.503906,0,33.6438,33.6438,56000
mlp.linear_fc2,26,1792,1.64844,0,0.25,1,56000
self_attention.linear_proj,27,104.5,0.496094,0,4.28708,4.28708,56000
self_attention.linear_qkv,27,43.063,0.40625,0,10.4034,10.4034,56000
mlp.linear_fc1,27,13.3189,0.578125,0,33.6364,33.6364,56000
mlp.linear_fc2,27,2032,1.625,0,0.220472,1,56000
self_attention.linear_proj,28,83,0.5625,0,5.39759,5.39759,56000
self_attention.linear_qkv,28,34.826,0.527344,0,12.864,12.864,56000
mlp.linear_fc1,28,14.4422,0.455078,0,31.0202,31.0202,56000
mlp.linear_fc2,28,1752,1.89062,0,0.255708,1,56000
self_attention.linear_proj,41,51,0.408203,0,8.78431,8.78431,56000
self_attention.linear_qkv,41,23.9862,0.269531,0,18.6774,18.6774,56000
mlp.linear_fc1,41,33.0404,0.628906,0,13.5592,13.5592,56000
mlp.linear_fc2,41,2304,0.808594,0,0.194444,1,56000
self_attention.linear_proj,42,54.25,0.427734,0,8.25806,8.25806,56000
self_attention.linear_qkv,42,23.5716,0.248047,0,19.0059,19.0059,56000
mlp.linear_fc1,42,33.2315,0.458984,0,13.4812,13.4812,56000
mlp.linear_fc2,42,2864,1.89844,0,0.156425,1,56000
self_attention.linear_proj,43,69.5,0.585938,0,6.44604,6.44604,56000
self_attention.linear_qkv,43,26.9237,0.240234,0,16.6396,16.6396,56000
mlp.linear_fc1,43,32.6263,0.574219,0,13.7312,13.7312,56000
mlp.linear_fc2,43,2736,1.75,0,0.163743,1,56000
self_attention.linear_proj,44,57.25,0.353516,0,7.82533,7.82533,56000
self_attention.linear_qkv,44,26.2305,0.261719,0,17.0793,17.0793,56000
mlp.linear_fc1,44,32.1007,0.53125,0,13.9561,13.9561,56000
mlp.linear_fc2,44,2864,1.84375,0,0.156425,1,56000
self_attention.linear_proj,57,97,0.71875,0,4.61856,4.61856,56000
self_attention.linear_qkv,57,43.8031,0.3125,0,10.2276,10.2276,56000
mlp.linear_fc1,57,46.39,0.617188,0,9.65725,9.65725,56000
mlp.linear_fc2,57,21504,1.22656,0,0.0208333,1,56000
self_attention.linear_proj,58,113,0.621094,0,3.9646,3.9646,56000
self_attention.linear_qkv,58,45.7507,0.271484,0,9.79219,9.79219,56000
mlp.linear_fc1,58,50.0637,0.75,0,8.9486,8.9486,56000
mlp.linear_fc2,58,18944,1.85156,0,0.0236486,1,56000
self_attention.linear_proj,59,89,0.511719,0,5.03371,5.03371,56000
self_attention.linear_qkv,59,43.5024,0.306641,0,10.2983,10.2983,56000
mlp.linear_fc1,59,52.3715,0.667969,0,8.55427,8.55427,56000
mlp.linear_fc2,59,9024,1.32031,0,0.0496454,1,56000
self_attention.linear_proj,60,181,0.570312,0,2.47514,2.47514,56000
self_attention.linear_qkv,60,50.3848,0.363281,0,8.89157,8.89157,56000
mlp.linear_fc1,60,54.3179,0.628906,0,8.24775,8.24775,56000
mlp.linear_fc2,60,6976,1.28906,0,0.0642202,1,56000
self_attention.linear_proj,13,55.5,1.375,0,8.07207,8.07207,56000
self_attention.linear_qkv,13,23.0547,0.486328,0,19.4321,19.4321,56000
mlp.linear_fc1,13,6.32835,0.613281,0,70.7926,70.7926,56000
mlp.linear_fc2,13,498,2.28125,0,0.899598,1,56000
self_attention.linear_proj,14,26.125,2.20312,0,17.1483,17.1483,56000
self_attention.linear_qkv,14,26.5054,0.539062,0,16.9022,16.9022,56000
mlp.linear_fc1,14,6.8305,0.498047,0,65.5882,65.5882,56000
mlp.linear_fc2,14,588,1.50781,0,0.761905,1,56000
self_attention.linear_proj,15,28.375,1.21875,0,15.7885,15.7885,56000
self_attention.linear_qkv,15,34.6036,0.460938,0,12.9466,12.9466,56000
mlp.linear_fc1,15,6.71176,0.523438,0,66.7485,66.7485,56000
mlp.linear_fc2,15,780,1.98438,0,0.574359,1,56000
self_attention.linear_proj,16,28.625,2,0,15.6507,15.6507,56000
self_attention.linear_qkv,16,42.2228,0.470703,0,10.6104,10.6104,56000
mlp.linear_fc1,16,6.91852,0.5625,0,64.7537,64.7537,56000
mlp.linear_fc2,16,660,1.69531,0,0.678788,1,56000
self_attention.linear_proj,29,90,0.617188,0,4.97778,4.97778,56000
self_attention.linear_qkv,29,33.356,0.515625,0,13.4309,13.4309,56000
mlp.linear_fc1,29,15.5075,0.535156,0,28.8893,28.8893,56000
mlp.linear_fc2,29,2160,1.53125,0,0.207407,1,56000
self_attention.linear_proj,30,97.5,0.628906,0,4.59487,4.59487,56000
self_attention.linear_qkv,30,43.3492,0.390625,0,10.3347,10.3347,56000
mlp.linear_fc1,30,17.1558,0.488281,0,26.1137,26.1137,56000
mlp.linear_fc2,30,1856,1.75,0,0.241379,1,56000
self_attention.linear_proj,31,82.5,0.621094,0,5.4303,5.4303,56000
self_attention.linear_qkv,31,37.6562,0.443359,0,11.8971,11.8971,56000
mlp.linear_fc1,31,17.8206,0.408203,0,25.1395,25.1395,56000
mlp.linear_fc2,31,2624,2.10938,0,0.170732,1,56000
self_attention.linear_proj,32,96,0.53125,0,4.66667,4.66667,56000
self_attention.linear_qkv,32,39.9419,0.441406,0,11.2163,11.2163,56000
mlp.linear_fc1,32,19.2787,0.5,0,23.238,23.238,56000
mlp.linear_fc2,32,2512,1.625,0,0.178344,1,56000
self_attention.linear_proj,45,84,0.419922,0,5.33333,5.33333,56000
self_attention.linear_qkv,45,30.8376,0.28125,0,14.5277,14.5277,56000
mlp.linear_fc1,45,32.5741,0.527344,0,13.7532,13.7532,56000
mlp.linear_fc2,45,2592,1.09375,0,0.17284,1,56000
self_attention.linear_proj,46,91,0.398438,0,4.92308,4.92308,56000
self_attention.linear_qkv,46,32.0961,0.304688,0,13.9581,13.9581,56000
mlp.linear_fc1,46,31.5931,0.605469,0,14.1803,14.1803,56000
mlp.linear_fc2,46,3840,1.17969,0,0.116667,1,56000
self_attention.linear_proj,47,94.5,0.554688,0,4.74074,4.74074,56000
self_attention.linear_qkv,47,36.8419,0.285156,0,12.1601,12.1601,56000
mlp.linear_fc1,47,32.5097,0.730469,0,13.7805,13.7805,56000
mlp.linear_fc2,47,3456,1.77344,0,0.12963,1,56000
self_attention.linear_proj,48,104.5,0.417969,0,4.28708,4.28708,56000
self_attention.linear_qkv,48,37.6823,0.376953,0,11.8889,11.8889,56000
mlp.linear_fc1,48,31.6844,0.757812,0,14.1395,14.1395,56000
mlp.linear_fc2,48,3952,0.855469,0,0.11336,1,56000
self_attention.linear_proj,61,100,0.492188,0,4.48,4.48,56000
self_attention.linear_qkv,61,58.9709,0.302734,0,7.59697,7.59697,56000
mlp.linear_fc1,61,60.903,0.558594,0,7.35596,7.35596,56000
mlp.linear_fc2,61,29312,2.40625,0,0.0152838,1,56000
self_attention.linear_proj,62,140,0.65625,0,3.2,3.2,56000
self_attention.linear_qkv,62,64.3635,0.470703,0,6.96046,6.96046,56000
mlp.linear_fc1,62,71.5259,0.449219,0,6.26346,6.26346,56000
mlp.linear_fc2,62,66560,2.03125,0,0.00673077,1,56000
self_attention.linear_proj,63,62.75,0.589844,0,7.13944,7.13944,56000
self_attention.linear_qkv,63,66.204,0.233398,0,6.76696,6.76696,56000
mlp.linear_fc1,63,81.3853,0.882812,0,5.50468,5.50468,56000
mlp.linear_fc2,63,1.68755e+06,1.70312,0,0.000265473,1,56000
self_attention.linear_proj,0,5,1.89062,0,89.6,89.6,57940
self_attention.linear_qkv,0,5.5422,0.353516,0,80.8343,80.8343,57940
mlp.linear_fc1,0,4.6413,0.761719,0,96.5246,96.5246,57940
mlp.linear_fc2,0,2880,2.32812,0,0.155556,1,57940
self_attention.linear_proj,1,9.5,2.84375,0,47.1579,47.1579,57940
self_attention.linear_qkv,1,9.69652,0.515625,0,46.2021,46.2021,57940
mlp.linear_fc1,1,7.33847,0.964844,0,61.0482,61.0482,57940
mlp.linear_fc2,1,64256,3.46875,0,0.00697211,1,57940
self_attention.linear_proj,2,13.25,3.03125,0,33.8113,33.8113,57940
self_attention.linear_qkv,2,10.6305,0.667969,0,42.1431,42.1431,57940
mlp.linear_fc1,2,15.948,0.984375,0,28.0913,28.0913,57940
mlp.linear_fc2,2,5920,2.375,0,0.0756757,1,57940
self_attention.linear_proj,3,15.375,3.3125,0,29.1382,29.1382,57940
self_attention.linear_qkv,3,16.2673,0.71875,0,27.5399,27.5399,57940
mlp.linear_fc1,3,13.8275,1.14844,0,32.3991,32.3991,57940
mlp.linear_fc2,3,7520,1.63281,0,0.0595745,1,57940
self_attention.linear_proj,4,18.375,3.51562,0,24.381,24.381,57940
self_attention.linear_qkv,4,16.6727,0.558594,0,26.8702,26.8702,57940
mlp.linear_fc1,4,14.8473,1.05469,0,30.1739,30.1739,57940
mlp.linear_fc2,4,4896,2.23438,0,0.0915033,1,57940
self_attention.linear_proj,17,39.5,1.875,0,11.3418,11.3418,57940
self_attention.linear_qkv,17,50.158,0.429688,0,8.93178,8.93178,57940
mlp.linear_fc1,17,10.2838,0.441406,0,43.5638,43.5638,57940
mlp.linear_fc2,17,1032,2,0,0.434109,1,57940
self_attention.linear_proj,18,42,1.9375,0,10.6667,10.6667,57940
self_attention.linear_qkv,18,45.4683,0.371094,0,9.85303,9.85303,57940
mlp.linear_fc1,18,11.6974,0.644531,0,38.2992,38.2992,57940
mlp.linear_fc2,18,732,1.45312,0,0.612022,1,57940
self_attention.linear_proj,19,37.5,1,0,11.9467,11.9467,57940
self_attention.linear_qkv,19,47.9234,0.539062,0,9.34826,9.34826,57940
mlp.linear_fc1,19,13.6544,0.699219,0,32.8099,32.8099,57940
mlp.linear_fc2,19,1856,1.64844,0,0.241379,1,57940
self_attention.linear_proj,20,69.5,1.32812,0,6.44604,6.44604,57940
self_attention.linear_qkv,20,45.1364,0.388672,0,9.92547,9.92547,57940
mlp.linear_fc1,20,15.3396,0.589844,0,29.2054,29.2054,57940
mlp.linear_fc2,20,688,1.54688,0,0.651163,1,57940
self_attention.linear_proj,33,98.5,0.566406,0,4.54822,4.54822,57940
self_attention.linear_qkv,33,35.2774,0.462891,0,12.6994,12.6994,57940
mlp.linear_fc1,33,26.4267,0.470703,0,16.9525,16.9525,57940
mlp.linear_fc2,33,2640,1.82031,0,0.169697,1,57940
self_attention.linear_proj,34,126,0.519531,0,3.55556,3.55556,57940
self_attention.linear_qkv,34,40.9541,0.376953,0,10.9391,10.9391,57940
mlp.linear_fc1,34,30.5379,0.408203,0,14.6703,14.6703,57940
mlp.linear_fc2,34,2544,1.26562,0,0.176101,1,57940
self_attention.linear_proj,35,110,0.734375,0,4.07273,4.07273,57940
self_attention.linear_qkv,35,42.4423,0.414062,0,10.5555,10.5555,57940
mlp.linear_fc1,35,35.5209,0.433594,0,12.6123,12.6123,57940
mlp.linear_fc2,35,2880,1.76562,0,0.155556,1,57940
self_attention.linear_proj,36,78,0.527344,0,5.74359,5.74359,57940
self_attention.linear_qkv,36,29.6105,0.357422,0,15.1298,15.1298,57940
mlp.linear_fc1,36,41.0771,0.542969,0,10.9063,10.9063,57940
mlp.linear_fc2,36,2448,2.09375,0,0.183007,1,57940
self_attention.linear_proj,49,90.5,0.566406,0,4.95028,4.95028,57940
self_attention.linear_qkv,49,45.9969,0.318359,0,9.73978,9.73978,57940
mlp.linear_fc1,49,41.7149,0.527344,0,10.7396,10.7396,57940
mlp.linear_fc2,49,4800,0.886719,0,0.0933333,1,57940
self_attention.linear_proj,50,92,0.867188,0,4.86957,4.86957,57940
self_attention.linear_qkv,50,43.456,0.419922,0,10.3093,10.3093,57940
mlp.linear_fc1,50,41.8528,0.734375,0,10.7042,10.7042,57940
mlp.linear_fc2,50,6144,0.871094,0,0.0729167,1,57940
self_attention.linear_proj,51,84,0.355469,0,5.33333,5.33333,57940
self_attention.linear_qkv,51,42.5145,0.308594,0,10.5376,10.5376,57940
mlp.linear_fc1,51,41.8243,0.453125,0,10.7115,10.7115,57940
mlp.linear_fc2,51,6656,1.14062,0,0.0673077,1,57940
self_attention.linear_proj,52,94,0.875,0,4.76596,4.76596,57940
self_attention.linear_qkv,52,45.3272,0.361328,0,9.8837,9.8837,57940
mlp.linear_fc1,52,42.1267,0.761719,0,10.6346,10.6346,57940
mlp.linear_fc2,52,5376,1.07812,0,0.0833333,1,57940
self_attention.linear_proj,5,33.25,2.95312,0,13.4737,13.4737,57940
self_attention.linear_qkv,5,19.4181,0.734375,0,23.0712,23.0712,57940
mlp.linear_fc1,5,20.4531,0.921875,0,21.9038,21.9038,57940
mlp.linear_fc2,5,5536,4.0625,0,0.0809249,1,57940
self_attention.linear_proj,6,35.75,1.60156,0,12.5315,12.5315,57940
self_attention.linear_qkv,6,21.4829,0.492188,0,20.8538,20.8538,57940
mlp.linear_fc1,6,9.60904,1.03906,0,46.6228,46.6228,57940
mlp.linear_fc2,6,1304,1.9375,0,0.343558,1,57940
self_attention.linear_proj,7,33.25,2.17188,0,13.4737,13.4737,57940
self_attention.linear_qkv,7,20.6808,0.490234,0,21.6626,21.6626,57940
mlp.linear_fc1,7,8.8113,0.664062,0,50.8438,50.8438,57940
mlp.linear_fc2,7,772,2.5,0,0.580311,1,57940
self_attention.linear_proj,8,26.5,1.45312,0,16.9057,16.9057,57940
self_attention.linear_qkv,8,14.9744,0.542969,0,29.9178,29.9178,57940
mlp.linear_fc1,8,8.63328,0.628906,0,51.8922,51.8922,57940
mlp.linear_fc2,8,3376,2.64062,0,0.132701,1,57940
self_attention.linear_proj,21,47.5,1.52344,0,9.43158,9.43158,57940
self_attention.linear_qkv,21,49.2351,0.394531,0,9.0992,9.0992,57940
mlp.linear_fc1,21,15.695,0.582031,0,28.5441,28.5441,57940
mlp.linear_fc2,21,1112,1.95312,0,0.402878,1,57940
self_attention.linear_proj,22,76,1.23438,0,5.89474,5.89474,57940
self_attention.linear_qkv,22,53.6095,0.480469,0,8.35673,8.35673,57940
mlp.linear_fc1,22,13.5506,0.476562,0,33.0613,33.0613,57940
mlp.linear_fc2,22,928,1.33594,0,0.482759,1,57940
self_attention.linear_proj,23,69.5,1.42969,0,6.44604,6.44604,57940
self_attention.linear_qkv,23,51.0981,0.507812,0,8.76746,8.76746,57940
mlp.linear_fc1,23,15.4279,0.515625,0,29.0383,29.0383,57940
mlp.linear_fc2,23,1592,2.125,0,0.281407,1,57940
self_attention.linear_proj,24,73.5,0.578125,0,6.09524,6.09524,57940
self_attention.linear_qkv,24,48.8526,0.498047,0,9.17045,9.17045,57940
mlp.linear_fc1,24,15.4198,0.851562,0,29.0536,29.0536,57940
mlp.linear_fc2,24,1896,1.22656,0,0.236287,1,57940
self_attention.linear_proj,37,47,0.757812,0,9.53191,9.53191,57940
self_attention.linear_qkv,37,22.6876,0.273438,0,19.7465,19.7465,57940
mlp.linear_fc1,37,36.9924,0.519531,0,12.1106,12.1106,57940
mlp.linear_fc2,37,2800,1.60156,0,0.16,1,57940
self_attention.linear_proj,38,70.5,0.746094,0,6.35461,6.35461,57940
self_attention.linear_qkv,38,33.8492,0.322266,0,13.2352,13.2352,57940
mlp.linear_fc1,38,35.5728,0.453125,0,12.5939,12.5939,57940
mlp.linear_fc2,38,3168,2.28125,0,0.141414,1,57940
self_attention.linear_proj,39,60.5,0.886719,0,7.40496,7.40496,57940
self_attention.linear_qkv,39,25.7822,0.298828,0,17.3763,17.3763,57940
mlp.linear_fc1,39,34.3227,0.566406,0,13.0526,13.0526,57940
mlp.linear_fc2,39,2512,1.125,0,0.178344,1,57940
self_attention.linear_proj,40,87.5,0.660156,0,5.12,5.12,57940
self_attention.linear_qkv,40,26.2098,0.314453,0,17.0929,17.0929,57940
mlp.linear_fc1,40,35.0333,0.558594,0,12.7878,12.7878,57940
mlp.linear_fc2,40,2576,1.45312,0,0.173913,1,57940
self_attention.linear_proj,53,99.5,0.484375,0,4.50251,4.50251,57940
self_attention.linear_qkv,53,48.6285,0.333984,0,9.21271,9.21271,57940
mlp.linear_fc1,53,42.0607,0.683594,0,10.6513,10.6513,57940
mlp.linear_fc2,53,8832,1.28125,0,0.0507246,1,57940
self_attention.linear_proj,54,104,0.851562,0,4.30769,4.30769,57940
self_attention.linear_qkv,54,46.0623,0.294922,0,9.72596,9.72596,57940
mlp.linear_fc1,54,42.5179,0.792969,0,10.5367,10.5367,57940
mlp.linear_fc2,54,7680,1.32812,0,0.0583333,1,57940
self_attention.linear_proj,55,101,0.847656,0,4.43564,4.43564,57940
self_attention.linear_qkv,55,53.385,0.318359,0,8.39187,8.39187,57940
mlp.linear_fc1,55,42.9581,0.664062,0,10.4288,10.4288,57940
mlp.linear_fc2,55,6272,1.07031,0,0.0714286,1,57940
self_attention.linear_proj,56,97,0.941406,0,4.61856,4.61856,57940
self_attention.linear_qkv,56,53.6159,0.472656,0,8.35573,8.35573,57940
mlp.linear_fc1,56,44.6662,0.769531,0,10.03,10.03,57940
mlp.linear_fc2,56,8128,1.25781,0,0.0551181,1,57940
self_attention.linear_proj,9,24.875,3.79688,0,18.01,18.01,57940
self_attention.linear_qkv,9,16.6214,0.535156,0,26.9532,26.9532,57940
mlp.linear_fc1,9,13.1802,0.773438,0,33.9903,33.9903,57940
mlp.linear_fc2,9,3392,3.17188,0,0.132075,1,57940
self_attention.linear_proj,10,46.75,1.78125,0,9.58289,9.58289,57940
self_attention.linear_qkv,10,18.0789,0.443359,0,24.7803,24.7803,57940
mlp.linear_fc1,10,16.3244,0.542969,0,27.4436,27.4436,57940
mlp.linear_fc2,10,1632,3.10938,0,0.27451,1,57940
self_attention.linear_proj,11,23.75,2.67188,0,18.8632,18.8632,57940
self_attention.linear_qkv,11,22.3459,0.478516,0,20.0484,20.0484,57940
mlp.linear_fc1,11,13.9979,0.621094,0,32.0047,32.0047,57940
mlp.linear_fc2,11,864,2.60938,0,0.518519,1,57940
self_attention.linear_proj,12,30.75,1.3125,0,14.5691,14.5691,57940
self_attention.linear_qkv,12,19.9823,0.507812,0,22.4199,22.4199,57940
mlp.linear_fc1,12,12.9269,0.498047,0,34.6564,34.6564,57940
mlp.linear_fc2,12,812,2.29688,0,0.551724,1,57940
self_attention.linear_proj,25,60,0.65625,0,7.46667,7.46667,57940
self_attention.linear_qkv,25,35.9297,0.410156,0,12.4688,12.4688,57940
mlp.linear_fc1,25,16.8443,0.4375,0,26.5965,26.5965,57940
mlp.linear_fc2,25,1424,1.77344,0,0.314607,1,57940
self_attention.linear_proj,26,67.5,0.746094,0,6.63704,6.63704,57940
self_attention.linear_qkv,26,41.0423,0.4375,0,10.9156,10.9156,57940
mlp.linear_fc1,26,17.9182,0.515625,0,25.0025,25.0025,57940
mlp.linear_fc2,26,1832,1.67188,0,0.244541,1,57940
self_attention.linear_proj,27,105.5,0.503906,0,4.24645,4.24645,57940
self_attention.linear_qkv,27,42.8026,0.417969,0,10.4667,10.4667,57940
mlp.linear_fc1,27,18.0096,0.582031,0,24.8756,24.8756,57940
mlp.linear_fc2,27,2096,1.65625,0,0.21374,1,57940
self_attention.linear_proj,28,84,0.570312,0,5.33333,5.33333,57940
self_attention.linear_qkv,28,34.6999,0.535156,0,12.9107,12.9107,57940
mlp.linear_fc1,28,19.6138,0.478516,0,22.8411,22.8411,57940
mlp.linear_fc2,28,2144,1.91406,0,0.208955,1,57940
self_attention.linear_proj,41,53,0.412109,0,8.45283,8.45283,57940
self_attention.linear_qkv,41,24.123,0.269531,0,18.5715,18.5715,57940
mlp.linear_fc1,41,36.4581,0.640625,0,12.2881,12.2881,57940
mlp.linear_fc2,41,3792,0.824219,0,0.118143,1,57940
self_attention.linear_proj,42,55.5,0.4375,0,8.07207,8.07207,57940
self_attention.linear_qkv,42,23.4302,0.25,0,19.1206,19.1206,57940
mlp.linear_fc1,42,37.1647,0.482422,0,12.0545,12.0545,57940
mlp.linear_fc2,42,3184,1.96094,0,0.140704,1,57940
self_attention.linear_proj,43,70.5,0.59375,0,6.35461,6.35461,57940
self_attention.linear_qkv,43,26.7819,0.243164,0,16.7277,16.7277,57940
mlp.linear_fc1,43,37.3343,0.601562,0,11.9997,11.9997,57940
mlp.linear_fc2,43,2864,1.76562,0,0.156425,1,57940
self_attention.linear_proj,44,59.5,0.369141,0,7.52941,7.52941,57940
self_attention.linear_qkv,44,26.227,0.265625,0,17.0816,17.0816,57940
mlp.linear_fc1,44,37.1603,0.539062,0,12.0559,12.0559,57940
mlp.linear_fc2,44,3184,1.89062,0,0.140704,1,57940
self_attention.linear_proj,57,93.5,0.722656,0,4.79144,4.79144,57940
self_attention.linear_qkv,57,55.7661,0.320312,0,8.03355,8.03355,57940
mlp.linear_fc1,57,47.596,0.640625,0,9.41256,9.41256,57940
mlp.linear_fc2,57,8192,1.25781,0,0.0546875,1,57940
self_attention.linear_proj,58,114.5,0.617188,0,3.91266,3.91266,57940
self_attention.linear_qkv,58,58.4723,0.271484,0,7.66175,7.66175,57940
mlp.linear_fc1,58,50.789,0.75,0,8.8208,8.8208,57940
mlp.linear_fc2,58,10816,1.88281,0,0.0414201,1,57940
self_attention.linear_proj,59,87.5,0.515625,0,5.12,5.12,57940
self_attention.linear_qkv,59,54.4851,0.322266,0,8.22243,8.22243,57940
mlp.linear_fc1,59,52.8932,0.652344,0,8.4699,8.4699,57940
mlp.linear_fc2,59,7840,1.45312,0,0.0571429,1,57940
self_attention.linear_proj,60,200,0.5625,0,2.24,2.24,57940
self_attention.linear_qkv,60,50.0324,0.367188,0,8.95419,8.95419,57940
mlp.linear_fc1,60,54.7018,0.625,0,8.18986,8.18986,57940
mlp.linear_fc2,60,8576,1.28906,0,0.0522388,1,57940
self_attention.linear_proj,13,58.5,1.42188,0,7.65812,7.65812,57940
self_attention.linear_qkv,13,22.7494,0.488281,0,19.6928,19.6928,57940
mlp.linear_fc1,13,11.0786,0.621094,0,40.4385,40.4385,57940
mlp.linear_fc2,13,544,2.34375,0,0.823529,1,57940
self_attention.linear_proj,14,25.625,2.23438,0,17.4829,17.4829,57940
self_attention.linear_qkv,14,26.2275,0.550781,0,17.0813,17.0813,57940
mlp.linear_fc1,14,9.32161,0.507812,0,48.0604,48.0604,57940
mlp.linear_fc2,14,708,1.54688,0,0.632768,1,57940
self_attention.linear_proj,15,28.75,1.27344,0,15.5826,15.5826,57940
self_attention.linear_qkv,15,34.0815,0.46875,0,13.145,13.145,57940
mlp.linear_fc1,15,8.40915,0.558594,0,53.2753,53.2753,57940
mlp.linear_fc2,15,836,2.03125,0,0.535885,1,57940
self_attention.linear_proj,16,30.375,2.03125,0,14.749,14.749,57940
self_attention.linear_qkv,16,41.9224,0.478516,0,10.6864,10.6864,57940
mlp.linear_fc1,16,9.22309,0.570312,0,48.5737,48.5737,57940
mlp.linear_fc2,16,760,1.75,0,0.589474,1,57940
self_attention.linear_proj,29,94,0.625,0,4.76596,4.76596,57940
self_attention.linear_qkv,29,33.5031,0.523438,0,13.3719,13.3719,57940
mlp.linear_fc1,29,21.1359,0.546875,0,21.1962,21.1962,57940
mlp.linear_fc2,29,2256,1.52344,0,0.198582,1,57940
self_attention.linear_proj,30,103,0.632812,0,4.34951,4.34951,57940
self_attention.linear_qkv,30,43.2261,0.408203,0,10.3641,10.3641,57940
mlp.linear_fc1,30,23.2007,0.503906,0,19.3098,19.3098,57940
mlp.linear_fc2,30,1864,1.77344,0,0.240343,1,57940
self_attention.linear_proj,31,85,0.632812,0,5.27059,5.27059,57940
self_attention.linear_qkv,31,37.6088,0.455078,0,11.9121,11.9121,57940
mlp.linear_fc1,31,24.1014,0.412109,0,18.5882,18.5882,57940
mlp.linear_fc2,31,2992,2.15625,0,0.149733,1,57940
self_attention.linear_proj,32,93.5,0.535156,0,4.79144,4.79144,57940
self_attention.linear_qkv,32,40.1953,0.460938,0,11.1456,11.1456,57940
mlp.linear_fc1,32,25.8909,0.523438,0,17.3034,17.3034,57940
mlp.linear_fc2,32,2432,1.64062,0,0.184211,1,57940
self_attention.linear_proj,45,87.5,0.4375,0,5.12,5.12,57940
self_attention.linear_qkv,45,30.9726,0.291016,0,14.4644,14.4644,57940
mlp.linear_fc1,45,39.6552,0.53125,0,11.2974,11.2974,57940
mlp.linear_fc2,45,2544,1.13281,0,0.176101,1,57940
self_attention.linear_proj,46,91,0.398438,0,4.92308,4.92308,57940
self_attention.linear_qkv,46,37.8558,0.310547,0,11.8344,11.8344,57940
mlp.linear_fc1,46,38.9242,0.605469,0,11.5096,11.5096,57940
mlp.linear_fc2,46,3616,1.20312,0,0.123894,1,57940
self_attention.linear_proj,47,91.5,0.578125,0,4.89617,4.89617,57940
self_attention.linear_qkv,47,37.1138,0.296875,0,12.071,12.071,57940
mlp.linear_fc1,47,40.8687,0.738281,0,10.9619,10.9619,57940
mlp.linear_fc2,47,3936,1.80469,0,0.113821,1,57940
self_attention.linear_proj,48,109.5,0.447266,0,4.09132,4.09132,57940
self_attention.linear_qkv,48,45.1283,0.394531,0,9.92725,9.92725,57940
mlp.linear_fc1,48,40.6663,0.785156,0,11.0165,11.0165,57940
mlp.linear_fc2,48,3728,0.882812,0,0.120172,1,57940
self_attention.linear_proj,61,101,0.492188,0,4.43564,4.43564,57940
self_attention.linear_qkv,61,58.7784,0.294922,0,7.62184,7.62184,57940
mlp.linear_fc1,61,60.8007,0.546875,0,7.36833,7.36833,57940
mlp.linear_fc2,61,40192,2.4375,0,0.0111465,1,57940
self_attention.linear_proj,62,139,0.660156,0,3.22302,3.22302,57940
self_attention.linear_qkv,62,65.6324,0.472656,0,6.8259,6.8259,57940
mlp.linear_fc1,62,72.1331,0.474609,0,6.21074,6.21074,57940
mlp.linear_fc2,62,55552,2.0625,0,0.00806452,1,57940
self_attention.linear_proj,63,62.75,0.605469,0,7.13944,7.13944,57940
self_attention.linear_qkv,63,67.3162,0.234375,0,6.65516,6.65516,57940
mlp.linear_fc1,63,80.8758,0.90625,0,5.53936,5.53936,57940
mlp.linear_fc2,63,1.14688e+06,1.67188,0,0.000390625,1,57940
self_attention.linear_proj,0,4.75,1.95312,3.28125,94.3158,94.3158,60000
self_attention.linear_qkv,0,5.16247,0.355469,5.16129,86.7802,86.7802,60000
mlp.linear_fc1,0,4.48522,0.777344,2.2046,99.8836,99.8836,60000
mlp.linear_fc2,0,1352,2.375,64,0.331361,1,60000
self_attention.linear_proj,1,7.84375,2.89062,3.35938,57.1155,57.1155,60000
self_attention.linear_qkv,1,10.4127,0.527344,4.7172,43.0246,43.0246,60000
mlp.linear_fc1,1,8.45463,0.984375,4.02836,52.9887,52.9887,60000
mlp.linear_fc2,1,104960,3.57812,4016,0.00426829,1,60000
self_attention.linear_proj,2,9.9375,3.07812,4.1875,45.0818,45.0818,60000
self_attention.linear_qkv,2,11.3656,0.691406,4.37028,39.4173,39.4173,60000
mlp.linear_fc1,2,17.4014,1,7.03331,25.745,25.745,60000
mlp.linear_fc2,2,644,2.42188,92,0.695652,1,60000
self_attention.linear_proj,3,14.3125,3.39062,5.75,31.3013,31.3013,60000
self_attention.linear_qkv,3,17.8646,0.742188,9.00052,25.0775,25.0775,60000
mlp.linear_fc1,3,15.8304,1.17188,6.08127,28.3,28.3,60000
mlp.linear_fc2,3,1512,1.65625,121.5,0.296296,1,60000
self_attention.linear_proj,4,17.5,3.57812,12.1875,25.6,25.6,60000
self_attention.linear_qkv,4,16.0805,0.574219,10.8865,27.8599,27.8599,60000
mlp.linear_fc1,4,17.1437,1.09375,6.52958,26.1321,26.1321,60000
mlp.linear_fc2,4,996,2.28125,136,0.449799,1,60000
self_attention.linear_proj,17,40.5,1.9375,23,11.0617,11.0617,60000
self_attention.linear_qkv,17,49.8778,0.433594,49.7445,8.98196,8.98196,60000
mlp.linear_fc1,17,6.71833,0.447266,5.07009,66.6833,66.6833,60000
mlp.linear_fc2,17,1000,2.0625,320,0.448,1,60000
self_attention.linear_proj,18,55.5,1.97656,19.75,8.07207,8.07207,60000
self_attention.linear_qkv,18,45.2428,0.384766,45.0737,9.90213,9.90213,60000
mlp.linear_fc1,18,7.73023,0.652344,5.78023,57.9543,57.9543,60000
mlp.linear_fc2,18,676,1.46875,240,0.662722,1,60000
self_attention.linear_proj,19,36.75,1.03906,28.875,12.1905,12.1905,60000
self_attention.linear_qkv,19,47.9646,0.546875,47.8084,9.34021,9.34021,60000
mlp.linear_fc1,19,8.86138,0.714844,6.4178,50.5564,50.5564,60000
mlp.linear_fc2,19,1896,1.67969,468,0.236287,1,60000
self_attention.linear_proj,20,55.75,1.36719,29.75,8.03587,8.03587,60000
self_attention.linear_qkv,20,45.1373,0.396484,45.0478,9.92527,9.92527,60000
mlp.linear_fc1,20,10.1108,0.605469,7.03555,44.3091,44.3091,60000
mlp.linear_fc2,20,856,1.625,402,0.523364,1,60000
self_attention.linear_proj,33,93.5,0.574219,42.5,4.79144,4.79144,60000
self_attention.linear_qkv,33,35.2527,0.480469,35.1939,12.7083,12.7083,60000
mlp.linear_fc1,33,18.6618,0.474609,7.39478,24.0063,24.0063,60000
mlp.linear_fc2,33,2816,1.85156,1320,0.159091,1,60000
self_attention.linear_proj,34,129,0.523438,89.5,3.47287,3.47287,60000
self_attention.linear_qkv,34,41.2112,0.394531,40.8747,10.8708,10.8708,60000
mlp.linear_fc1,34,21.6107,0.408203,9.30453,20.7305,20.7305,60000
mlp.linear_fc2,34,2624,1.28906,1160,0.170732,1,60000
self_attention.linear_proj,35,114.5,0.75,86,3.91266,3.91266,60000
self_attention.linear_qkv,35,42.4318,0.433594,42.376,10.5581,10.5581,60000
mlp.linear_fc1,35,25.9377,0.435547,11.4835,17.2721,17.2721,60000
mlp.linear_fc2,35,2608,1.79688,1920,0.171779,1,60000
self_attention.linear_proj,36,78,0.542969,55,5.74359,5.74359,60000
self_attention.linear_qkv,36,29.746,0.365234,29.5748,15.0609,15.0609,60000
mlp.linear_fc1,36,37.1926,0.558594,14.5887,12.0454,12.0454,60000
mlp.linear_fc2,36,3712,2.14062,1328,0.12069,1,60000
self_attention.linear_proj,49,88.5,0.566406,57.5,5.06215,5.06215,60000
self_attention.linear_qkv,49,40.3631,0.332031,36.8241,11.0993,11.0993,60000
mlp.linear_fc1,49,36.0499,0.539062,13.7499,12.4272,12.4272,60000
mlp.linear_fc2,49,5280,0.898438,2944,0.0848485,1,60000
self_attention.linear_proj,50,89.5,0.910156,88,5.00559,5.00559,60000
self_attention.linear_qkv,50,41.578,0.427734,41.5672,10.7749,10.7749,60000
mlp.linear_fc1,50,35.6012,0.742188,15.9268,12.5839,12.5839,60000
mlp.linear_fc2,50,7360,0.898438,2192,0.0608696,1,60000
self_attention.linear_proj,51,87,0.361328,69.5,5.14943,5.14943,60000
self_attention.linear_qkv,51,36.1939,0.316406,33.1998,12.3778,12.3778,60000
mlp.linear_fc1,51,35.0534,0.455078,17.9926,12.7805,12.7805,60000
mlp.linear_fc2,51,7296,1.17188,2304,0.0614035,1,60000
self_attention.linear_proj,52,98.5,0.902344,58,4.54822,4.54822,60000
self_attention.linear_qkv,52,44.9282,0.369141,44.9177,9.97147,9.97147,60000
mlp.linear_fc1,52,34.5358,0.773438,20.8926,12.9721,12.9721,60000
mlp.linear_fc2,52,5760,1.10156,3440,0.0777778,1,60000
self_attention.linear_proj,5,40,3,12.875,11.2,11.2,60000
self_attention.linear_qkv,5,15.7451,0.761719,14.0645,28.4533,28.4533,60000
mlp.linear_fc1,5,22.8467,0.949219,12.9218,19.609,19.609,60000
mlp.linear_fc2,5,23424,4.1875,243,0.0191257,1,60000
self_attention.linear_proj,6,37,1.65625,11.5,12.1081,12.1081,60000
self_attention.linear_qkv,6,20.0709,0.482422,14.4996,22.3208,22.3208,60000
mlp.linear_fc1,6,12.5613,1.04688,9.10046,35.6652,35.6652,60000
mlp.linear_fc2,6,572,1.97656,144,0.783217,1,60000
self_attention.linear_proj,7,30.75,2.23438,11,14.5691,14.5691,60000
self_attention.linear_qkv,7,19.7002,0.498047,19.5014,22.7409,22.7409,60000
mlp.linear_fc1,7,11.5863,0.699219,8.5497,38.6665,38.6665,60000
mlp.linear_fc2,7,1520,2.54688,152,0.294737,1,60000
self_attention.linear_proj,8,24.875,1.51562,15.125,18.01,18.01,60000
self_attention.linear_qkv,8,15.9267,0.558594,13.3913,28.1288,28.1288,60000
mlp.linear_fc1,8,10.5774,0.644531,7.91784,42.3546,42.3546,60000
mlp.linear_fc2,8,1568,2.67188,251,0.285714,1,60000
self_attention.linear_proj,21,52.75,1.54688,33.75,8.49289,8.49289,60000
self_attention.linear_qkv,21,49.5373,0.394531,49.4398,9.0437,9.0437,60000
mlp.linear_fc1,21,10.41,0.597656,6.76743,43.0355,43.0355,60000
mlp.linear_fc2,21,1072,1.99219,444,0.41791,1,60000
self_attention.linear_proj,22,78,1.26562,59.5,5.74359,5.74359,60000
self_attention.linear_qkv,22,53.6342,0.490234,53.2691,8.35288,8.35288,60000
mlp.linear_fc1,22,9.12653,0.494141,5.58559,49.0877,49.0877,60000
mlp.linear_fc2,22,844,1.36719,478,0.530806,1,60000
self_attention.linear_proj,23,78.5,1.47656,50.5,5.70701,5.70701,60000
self_attention.linear_qkv,23,50.8275,0.519531,50.7209,8.81413,8.81413,60000
mlp.linear_fc1,23,10.436,0.519531,5.88633,42.9282,42.9282,60000
mlp.linear_fc2,23,1296,2.15625,556,0.345679,1,60000
self_attention.linear_proj,24,70.5,0.59375,45.75,6.35461,6.35461,60000
self_attention.linear_qkv,24,48.8639,0.511719,48.7972,9.16831,9.16831,60000
mlp.linear_fc1,24,10.543,0.882812,5.96239,42.4928,42.4928,60000
mlp.linear_fc2,24,1104,1.21094,708,0.405797,1,60000
self_attention.linear_proj,37,50,0.777344,36.75,8.96,8.96,60000
self_attention.linear_qkv,37,22.5598,0.275391,22.5307,19.8583,19.8583,60000
mlp.linear_fc1,37,40.4856,0.535156,14.7905,11.0657,11.0657,60000
mlp.linear_fc2,37,2992,1.63281,1144,0.149733,1,60000
self_attention.linear_proj,38,71,0.753906,40.75,6.30986,6.30986,60000
self_attention.linear_qkv,38,33.7077,0.324219,33.686,13.2907,13.2907,60000
mlp.linear_fc1,38,37.9376,0.458984,14.7462,11.8089,11.8089,60000
mlp.linear_fc2,38,2528,2.34375,1512,0.177215,1,60000
self_attention.linear_proj,39,61.75,0.914062,46.25,7.25506,7.25506,60000
self_attention.linear_qkv,39,25.7805,0.3125,25.6242,17.3775,17.3775,60000
mlp.linear_fc1,39,36.1008,0.5625,11.7661,12.4097,12.4097,60000
mlp.linear_fc2,39,2496,1.15625,1352,0.179487,1,60000
self_attention.linear_proj,40,92,0.664062,45.75,4.86957,4.86957,60000
self_attention.linear_qkv,40,26.0716,0.320312,26.0535,17.1835,17.1835,60000
mlp.linear_fc1,40,35.4691,0.558594,9.31153,12.6307,12.6307,60000
mlp.linear_fc2,40,2176,1.49219,1288,0.205882,1,60000
self_attention.linear_proj,53,99.5,0.494141,68,4.50251,4.50251,60000
self_attention.linear_qkv,53,39.744,0.347656,37.6648,11.2721,11.2721,60000
mlp.linear_fc1,53,36.6856,0.6875,23.0402,12.2119,12.2119,60000
mlp.linear_fc2,53,9280,1.33594,6912,0.0482759,1,60000
self_attention.linear_proj,54,103,0.871094,100.5,4.34951,4.34951,60000
self_attention.linear_qkv,54,37.1137,0.294922,37.106,12.071,12.071,60000
mlp.linear_fc1,54,38.3154,0.835938,26.7325,11.6924,11.6924,60000
mlp.linear_fc2,54,7520,1.36719,5376,0.0595745,1,60000
self_attention.linear_proj,55,111.5,0.851562,78.5,4.01794,4.01794,60000
self_attention.linear_qkv,55,47.1564,0.326172,47.1464,9.50029,9.50029,60000
mlp.linear_fc1,55,41.3038,0.632812,27.8072,10.8465,10.8465,60000
mlp.linear_fc2,55,7296,1.10156,4448,0.0614035,1,60000
self_attention.linear_proj,56,102.5,0.980469,51.25,4.37073,4.37073,60000
self_attention.linear_qkv,56,45.753,0.492188,45.7439,9.79171,9.79171,60000
mlp.linear_fc1,56,44.0204,0.800781,29.2222,10.1771,10.1771,60000
mlp.linear_fc2,56,8096,1.25781,5472,0.055336,1,60000
self_attention.linear_proj,9,23.25,3.875,18.5,19.2688,19.2688,60000
self_attention.linear_qkv,9,16.1549,0.550781,13.3894,27.7315,27.7315,60000
mlp.linear_fc1,9,13.5691,0.792969,7.59618,33.0161,33.0161,60000
mlp.linear_fc2,9,2736,3.23438,1816,0.163743,1,60000
self_attention.linear_proj,10,27.25,1.82812,12.0625,16.4404,16.4404,60000
self_attention.linear_qkv,10,17.7189,0.443359,16.0099,25.2837,25.2837,60000
mlp.linear_fc1,10,10.5784,0.546875,7.09276,42.3504,42.3504,60000
mlp.linear_fc2,10,688,3.1875,460,0.651163,1,60000
self_attention.linear_proj,11,24.375,2.73438,12.5,18.3795,18.3795,60000
self_attention.linear_qkv,11,21.9229,0.494141,21.747,20.4353,20.4353,60000
mlp.linear_fc1,11,8.55884,0.636719,6.02456,52.3436,52.3436,60000
mlp.linear_fc2,11,390,2.67188,223,1.14872,1.14872,60000
self_attention.linear_proj,12,30.625,1.39844,12.6875,14.6286,14.6286,60000
self_attention.linear_qkv,12,19.78,0.519531,19.4189,22.6491,22.6491,60000
mlp.linear_fc1,12,8.05699,0.53125,5.80379,55.6039,55.6039,60000
mlp.linear_fc2,12,772,2.32812,308,0.580311,1,60000
self_attention.linear_proj,25,61.75,0.660156,48.75,7.25506,7.25506,60000
self_attention.linear_qkv,25,35.9399,0.417969,35.8873,12.4653,12.4653,60000
mlp.linear_fc1,25,11.445,0.447266,6.19269,39.1436,39.1436,60000
mlp.linear_fc2,25,1440,1.78906,596,0.311111,1,60000
self_attention.linear_proj,26,68.5,0.761719,54.75,6.54015,6.54015,60000
self_attention.linear_qkv,26,40.5399,0.445312,38.1938,11.0508,11.0508,60000
mlp.linear_fc1,26,12.1737,0.527344,6.16116,36.8008,36.8008,60000
mlp.linear_fc2,26,2208,1.70312,848,0.202899,1,60000
self_attention.linear_proj,27,107.5,0.507812,65.5,4.16744,4.16744,60000
self_attention.linear_qkv,27,42.7259,0.425781,40.9895,10.4854,10.4854,60000
mlp.linear_fc1,27,12.2895,0.582031,5.81232,36.4539,36.4539,60000
mlp.linear_fc2,27,2176,1.67969,836,0.205882,1,60000
self_attention.linear_proj,28,84,0.578125,62.75,5.33333,5.33333,60000
self_attention.linear_qkv,28,34.7516,0.546875,33.9807,12.8915,12.8915,60000
mlp.linear_fc1,28,13.5119,0.503906,5.97737,33.1558,33.1558,60000
mlp.linear_fc2,28,2016,1.92969,1168,0.222222,1,60000
self_attention.linear_proj,41,52.5,0.416016,41.75,8.53333,8.53333,60000
self_attention.linear_qkv,41,24.1243,0.283203,24.1098,18.5705,18.5705,60000
mlp.linear_fc1,41,36.7467,0.652344,9.57429,12.1916,12.1916,60000
mlp.linear_fc2,41,3712,0.832031,1424,0.12069,1,60000
self_attention.linear_proj,42,56,0.449219,46.5,8,8,60000
self_attention.linear_qkv,42,23.4275,0.251953,23.2791,19.1229,19.1229,60000
mlp.linear_fc1,42,36.5481,0.498047,9.15406,12.2578,12.2578,60000
mlp.linear_fc2,42,3360,2.01562,1544,0.133333,1,60000
self_attention.linear_proj,43,70.5,0.605469,49.5,6.35461,6.35461,60000
self_attention.linear_qkv,43,26.6411,0.245117,26.6302,16.8161,16.8161,60000
mlp.linear_fc1,43,35.6954,0.617188,9.71341,12.5506,12.5506,60000
mlp.linear_fc2,43,4016,1.78906,1496,0.111554,1,60000
self_attention.linear_proj,44,58.5,0.373047,46.5,7.65812,7.65812,60000
self_attention.linear_qkv,44,26.0856,0.265625,26.0765,17.1742,17.1742,60000
mlp.linear_fc1,44,35.5253,0.542969,9.2141,12.6107,12.6107,60000
mlp.linear_fc2,44,3328,1.92969,1416,0.134615,1,60000
self_attention.linear_proj,57,103,0.753906,84.5,4.34951,4.34951,60000
self_attention.linear_qkv,57,43.7951,0.318359,43.7863,10.2295,10.2295,60000
mlp.linear_fc1,57,47.0086,0.652344,32.171,9.53017,9.53017,60000
mlp.linear_fc2,57,39424,1.26562,4416,0.0113636,1,60000
self_attention.linear_proj,58,124,0.625,53.25,3.6129,3.6129,60000
self_attention.linear_qkv,58,45.1849,0.279297,45.1745,9.91483,9.91483,60000
mlp.linear_fc1,58,51.3548,0.753906,35.723,8.72363,8.72363,60000
mlp.linear_fc2,58,36352,1.92188,5856,0.0123239,1,60000
self_attention.linear_proj,59,89,0.527344,78,5.03371,5.03371,60000
self_attention.linear_qkv,59,43.2162,0.3125,42.9306,10.3665,10.3665,60000
mlp.linear_fc1,59,52.7111,0.648438,43.6429,8.49916,8.49916,60000
mlp.linear_fc2,59,18304,1.45312,5440,0.0244755,1,60000
self_attention.linear_proj,60,196,0.574219,62,2.28571,2.28571,60000
self_attention.linear_qkv,60,50.1255,0.371094,48.0533,8.93757,8.93757,60000
mlp.linear_fc1,60,55.1527,0.625,47.4931,8.1229,8.1229,60000
mlp.linear_fc2,60,7968,1.32031,3872,0.0562249,1,60000
self_attention.linear_proj,13,59.75,1.47656,12,7.49791,7.49791,60000
self_attention.linear_qkv,13,22.3526,0.490234,22.3071,20.0424,20.0424,60000
mlp.linear_fc1,13,7.43735,0.644531,5.49117,60.2365,60.2365,60000
mlp.linear_fc2,13,804,2.40625,195,0.557214,1,60000
self_attention.linear_proj,14,27.875,2.28125,18.5,16.0717,16.0717,60000
self_attention.linear_qkv,14,25.8152,0.558594,25.7614,17.3541,17.3541,60000
mlp.linear_fc1,14,6.78389,0.523438,5.71959,66.0388,66.0388,60000
mlp.linear_fc2,14,584,1.58594,314,0.767123,1,60000
self_attention.linear_proj,15,28.25,1.32812,20.375,15.8584,15.8584,60000
self_attention.linear_qkv,15,33.5161,0.474609,33.3322,13.3667,13.3667,60000
mlp.linear_fc1,15,6.82844,0.59375,5.61606,65.608,65.608,60000
mlp.linear_fc2,15,712,2.0625,448,0.629214,1,60000
self_attention.linear_proj,16,29.125,2.0625,17.375,15.382,15.382,60000
self_attention.linear_qkv,16,41.7082,0.492188,41.5198,10.7413,10.7413,60000
mlp.linear_fc1,16,6.4922,0.574219,5.036,69.0059,69.0059,60000
mlp.linear_fc2,16,944,1.78906,177,0.474576,1,60000
self_attention.linear_proj,29,88.5,0.648438,62.75,5.06215,5.06215,60000
self_attention.linear_qkv,29,33.9335,0.527344,33.5245,13.2023,13.2023,60000
mlp.linear_fc1,29,14.5549,0.5625,6.18802,30.78,30.78,60000
mlp.linear_fc2,29,2128,1.53125,1032,0.210526,1,60000
self_attention.linear_proj,30,99,0.644531,80.5,4.52525,4.52525,60000
self_attention.linear_qkv,30,43.4509,0.425781,43.1918,10.3105,10.3105,60000
mlp.linear_fc1,30,16.072,0.519531,7.01815,27.8746,27.8746,60000
mlp.linear_fc2,30,2048,1.79688,1208,0.21875,1,60000
self_attention.linear_proj,31,81.5,0.644531,59,5.49693,5.49693,60000
self_attention.linear_qkv,31,37.5796,0.472656,37.457,11.9214,11.9214,60000
mlp.linear_fc1,31,16.7485,0.423828,7.12696,26.7487,26.7487,60000
mlp.linear_fc2,31,2896,2.1875,1248,0.154696,1,60000
self_attention.linear_proj,32,96.5,0.542969,54.5,4.64249,4.64249,60000
self_attention.linear_qkv,32,40.1807,0.46875,40.085,11.1496,11.1496,60000
mlp.linear_fc1,32,17.9048,0.546875,7.42657,25.0213,25.0213,60000
mlp.linear_fc2,32,2480,1.64062,1320,0.180645,1,60000
self_attention.linear_proj,45,88,0.458984,61.25,5.09091,5.09091,60000
self_attention.linear_qkv,45,30.8315,0.287109,30.8209,14.5306,14.5306,60000
mlp.linear_fc1,45,36.7642,0.539062,9.82943,12.1858,12.1858,60000
mlp.linear_fc2,45,2672,1.17188,1688,0.167665,1,60000
self_attention.linear_proj,46,89.5,0.386719,75,5.00559,5.00559,60000
self_attention.linear_qkv,46,34.3882,0.314453,32.218,13.0277,13.0277,60000
mlp.linear_fc1,46,35.4187,0.609375,10.1251,12.6487,12.6487,60000
mlp.linear_fc2,46,3808,1.23438,1528,0.117647,1,60000
self_attention.linear_proj,47,97.5,0.597656,72.5,4.59487,4.59487,60000
self_attention.linear_qkv,47,37.3917,0.298828,37.3799,11.9813,11.9813,60000
mlp.linear_fc1,47,36.725,0.746094,10.566,12.1988,12.1988,60000
mlp.linear_fc2,47,3680,1.82031,1776,0.121739,1,60000
self_attention.linear_proj,48,116,0.464844,58.75,3.86207,3.86207,60000
self_attention.linear_qkv,48,40.0197,0.410156,37.939,11.1945,11.1945,60000
mlp.linear_fc1,48,35.8283,0.804688,11.4535,12.5041,12.5041,60000
mlp.linear_fc2,48,4256,0.914062,1640,0.105263,1,60000
self_attention.linear_proj,61,102,0.5,92,4.39216,4.39216,60000
self_attention.linear_qkv,61,58.1863,0.283203,55.7409,7.6994,7.6994,60000
mlp.linear_fc1,61,59.4466,0.535156,56.7155,7.53617,7.53617,60000
mlp.linear_fc2,61,29184,2.46875,14912,0.0153509,1,60000
self_attention.linear_proj,62,148,0.660156,74,3.02703,3.02703,60000
self_attention.linear_qkv,62,64.916,0.474609,62.0263,6.90123,6.90123,60000
mlp.linear_fc1,62,70.1001,0.480469,66.8102,6.39086,6.39086,60000
mlp.linear_fc2,62,61952,2.09375,46336,0.00723141,1,60000
self_attention.linear_proj,63,64.5,0.617188,16.125,6.94574,6.94574,60000
self_attention.linear_qkv,63,68.7004,0.235352,62.3325,6.52107,6.52107,60000
mlp.linear_fc1,63,77.9508,0.9375,75.068,5.74722,5.74722,60000
mlp.linear_fc2,63,1.44998e+06,1.64062,983040,0.000308969,1,60000
self_attention.linear_proj,0,4.15625,2.0625,0,107.789,107.789,64000
self_attention.linear_qkv,0,4.62006,0.359375,0,96.9684,96.9684,64000
mlp.linear_fc1,0,4.6262,0.816406,0,96.8398,96.8398,64000
mlp.linear_fc2,0,1088,2.42188,0,0.411765,1,64000
self_attention.linear_proj,1,10.4375,2.96875,0,42.9222,42.9222,64000
self_attention.linear_qkv,1,9.93422,0.546875,0,45.0966,45.0966,64000
mlp.linear_fc1,1,8.28395,1.01562,0,54.0805,54.0805,64000
mlp.linear_fc2,1,14656,3.79688,0,0.0305677,1,64000
self_attention.linear_proj,2,9.4375,3.14062,0,47.4702,47.4702,64000
self_attention.linear_qkv,2,9.03859,0.734375,0,49.5653,49.5653,64000
mlp.linear_fc1,2,17.3079,1.05469,0,25.8841,25.8841,64000
mlp.linear_fc2,2,536,2.5625,0,0.835821,1,64000
self_attention.linear_proj,3,12.6875,3.5,0,35.3103,35.3103,64000
self_attention.linear_qkv,3,12.3855,0.769531,0,36.1712,36.1712,64000
mlp.linear_fc1,3,14.9537,1.21875,0,29.9592,29.9592,64000
mlp.linear_fc2,3,532,1.75781,0,0.842105,1,64000
self_attention.linear_proj,4,15.75,3.6875,0,28.4444,28.4444,64000
self_attention.linear_qkv,4,12.1937,0.597656,0,36.7402,36.7402,64000
mlp.linear_fc1,4,15.3832,1.14062,0,29.1227,29.1227,64000
mlp.linear_fc2,4,776,2.42188,0,0.57732,1,64000
self_attention.linear_proj,17,39.5,2.0625,0,11.3418,11.3418,64000
self_attention.linear_qkv,17,49.0587,0.443359,0,9.13192,9.13192,64000
mlp.linear_fc1,17,6.91857,0.488281,0,64.7532,64.7532,64000
mlp.linear_fc2,17,712,2.15625,0,0.629214,1,64000
self_attention.linear_proj,18,50.75,2.07812,0,8.82759,8.82759,64000
self_attention.linear_qkv,18,44.3942,0.394531,0,10.0914,10.0914,64000
mlp.linear_fc1,18,7.98219,0.671875,0,56.1249,56.1249,64000
mlp.linear_fc2,18,940,1.50781,0,0.476596,1,64000
self_attention.linear_proj,19,39.25,1.09375,0,11.414,11.414,64000
self_attention.linear_qkv,19,46.866,0.554688,0,9.55917,9.55917,64000
mlp.linear_fc1,19,8.97133,0.765625,0,49.9369,49.9369,64000
mlp.linear_fc2,19,1688,1.75781,0,0.265403,1,64000
self_attention.linear_proj,20,53.75,1.46094,0,8.33488,8.33488,64000
self_attention.linear_qkv,20,44.9254,0.390625,0,9.9721,9.9721,64000
mlp.linear_fc1,20,10.2486,0.640625,0,43.7133,43.7133,64000
mlp.linear_fc2,20,756,1.77344,0,0.592593,1,64000
self_attention.linear_proj,33,99,0.59375,0,4.52525,4.52525,64000
self_attention.linear_qkv,33,35.5337,0.523438,0,12.6077,12.6077,64000
mlp.linear_fc1,33,18.4025,0.511719,0,24.3446,24.3446,64000
mlp.linear_fc2,33,2688,1.95312,0,0.166667,1,64000
self_attention.linear_proj,34,136,0.539062,0,3.29412,3.29412,64000
self_attention.linear_qkv,34,41.5001,0.416016,0,10.7952,10.7952,64000
mlp.linear_fc1,34,21.0157,0.402344,0,21.3174,21.3174,64000
mlp.linear_fc2,34,2352,1.29688,0,0.190476,1,64000
self_attention.linear_proj,35,120,0.773438,0,3.73333,3.73333,64000
self_attention.linear_qkv,35,42.7117,0.449219,0,10.4889,10.4889,64000
mlp.linear_fc1,35,25.0182,0.460938,0,17.907,17.907,64000
mlp.linear_fc2,35,2352,1.85938,0,0.190476,1,64000
self_attention.linear_proj,36,82,0.550781,0,5.46341,5.46341,64000
self_attention.linear_qkv,36,29.5976,0.398438,0,15.1364,15.1364,64000
mlp.linear_fc1,36,36.7839,0.578125,0,12.1792,12.1792,64000
mlp.linear_fc2,36,2480,2.23438,0,0.180645,1,64000
self_attention.linear_proj,49,94,0.621094,0,4.76596,4.76596,64000
self_attention.linear_qkv,49,36.5579,0.345703,0,12.2545,12.2545,64000
mlp.linear_fc1,49,30.974,0.546875,0,14.4637,14.4637,64000
mlp.linear_fc2,49,4768,0.921875,0,0.0939597,1,64000
self_attention.linear_proj,50,94,0.953125,0,4.76596,4.76596,64000
self_attention.linear_qkv,50,41.8609,0.453125,0,10.7021,10.7021,64000
mlp.linear_fc1,50,30.1796,0.765625,0,14.8445,14.8445,64000
mlp.linear_fc2,50,10496,0.949219,0,0.0426829,1,64000
self_attention.linear_proj,51,91,0.369141,0,4.92308,4.92308,64000
self_attention.linear_qkv,51,32.9322,0.333984,0,13.6037,13.6037,64000
mlp.linear_fc1,51,30.5924,0.472656,0,14.6441,14.6441,64000
mlp.linear_fc2,51,6560,1.22656,0,0.0682927,1,64000
self_attention.linear_proj,52,97,0.953125,0,4.61856,4.61856,64000
self_attention.linear_qkv,52,44.9331,0.380859,0,9.97038,9.97038,64000
mlp.linear_fc1,52,31.8498,0.808594,0,14.066,14.066,64000
mlp.linear_fc2,52,5888,1.16406,0,0.076087,1,64000
self_attention.linear_proj,5,28.125,3.10938,0,15.9289,15.9289,64000
self_attention.linear_qkv,5,14.4807,0.789062,0,30.9377,30.9377,64000
mlp.linear_fc1,5,24.1236,0.984375,0,18.571,18.571,64000
mlp.linear_fc2,5,4992,4.5,0,0.0897436,1,64000
self_attention.linear_proj,6,36.25,1.75781,0,12.3586,12.3586,64000
self_attention.linear_qkv,6,18.3027,0.503906,0,24.4772,24.4772,64000
mlp.linear_fc1,6,16.2037,1.07031,0,27.6479,27.6479,64000
mlp.linear_fc2,6,568,2.0625,0,0.788732,1,64000
self_attention.linear_proj,7,30.625,2.39062,0,14.6286,14.6286,64000
self_attention.linear_qkv,7,17.8645,0.523438,0,25.0776,25.0776,64000
mlp.linear_fc1,7,15.301,0.773438,0,29.2791,29.2791,64000
mlp.linear_fc2,7,620,2.64062,0,0.722581,1,64000
self_attention.linear_proj,8,26.5,1.66406,0,16.9057,16.9057,64000
self_attention.linear_qkv,8,15.8764,0.59375,0,28.218,28.218,64000
mlp.linear_fc1,8,14.0035,0.679688,0,31.992,31.992,64000
mlp.linear_fc2,8,768,2.71875,0,0.583333,1,64000
self_attention.linear_proj,21,50,1.60938,0,8.96,8.96,64000
self_attention.linear_qkv,21,49.3282,0.408203,0,9.08203,9.08203,64000
mlp.linear_fc1,21,10.4337,0.644531,0,42.9378,42.9378,64000
mlp.linear_fc2,21,1020,2.0625,0,0.439216,1,64000
self_attention.linear_proj,22,72.5,1.35938,0,6.17931,6.17931,64000
self_attention.linear_qkv,22,52.5816,0.503906,0,8.52009,8.52009,64000
mlp.linear_fc1,22,9.0391,0.523438,0,49.5625,49.5625,64000
mlp.linear_fc2,22,1056,1.40625,0,0.424242,1,64000
self_attention.linear_proj,23,72,1.54688,0,6.22222,6.22222,64000
self_attention.linear_qkv,23,50.8839,0.539062,0,8.80435,8.80435,64000
mlp.linear_fc1,23,10.5766,0.519531,0,42.3578,42.3578,64000
mlp.linear_fc2,23,1264,2.23438,0,0.35443,1,64000
self_attention.linear_proj,24,74,0.640625,0,6.05405,6.05405,64000
self_attention.linear_qkv,24,48.4031,0.523438,0,9.2556,9.2556,64000
mlp.linear_fc1,24,10.5751,0.960938,0,42.3638,42.3638,64000
mlp.linear_fc2,24,1112,1.21094,0,0.402878,1,64000
self_attention.linear_proj,37,51,0.851562,0,8.78431,8.78431,64000
self_attention.linear_qkv,37,22.125,0.294922,0,20.2486,20.2486,64000
mlp.linear_fc1,37,35.2358,0.558594,0,12.7143,12.7143,64000
mlp.linear_fc2,37,3280,1.73438,0,0.136585,1,64000
self_attention.linear_proj,38,75.5,0.777344,0,5.93377,5.93377,64000
self_attention.linear_qkv,38,33.1403,0.337891,0,13.5183,13.5183,64000
mlp.linear_fc1,38,32.9257,0.480469,0,13.6064,13.6064,64000
mlp.linear_fc2,38,2448,2.46875,0,0.183007,1,64000
self_attention.linear_proj,39,66,0.980469,0,6.78788,6.78788,64000
self_attention.linear_qkv,39,25.4963,0.318359,0,17.5712,17.5712,64000
mlp.linear_fc1,39,31.6924,0.558594,0,14.1359,14.1359,64000
mlp.linear_fc2,39,2272,1.19531,0,0.197183,1,64000
self_attention.linear_proj,40,90.5,0.675781,0,4.95028,4.95028,64000
self_attention.linear_qkv,40,26.0618,0.316406,0,17.1899,17.1899,64000
mlp.linear_fc1,40,31.4415,0.558594,0,14.2487,14.2487,64000
mlp.linear_fc2,40,2704,1.5625,0,0.16568,1,64000
self_attention.linear_proj,53,100.5,0.507812,0,4.45771,4.45771,64000
self_attention.linear_qkv,53,37.1181,0.339844,0,12.0696,12.0696,64000
mlp.linear_fc1,53,35.5339,0.726562,0,12.6077,12.6077,64000
mlp.linear_fc2,53,12288,1.42188,0,0.0364583,1,64000
self_attention.linear_proj,54,109.5,0.902344,0,4.09132,4.09132,64000
self_attention.linear_qkv,54,36.2808,0.304688,0,12.3481,12.3481,64000
mlp.linear_fc1,54,37.3516,0.902344,0,11.9941,11.9941,64000
mlp.linear_fc2,54,14208,1.41406,0,0.0315315,1,64000
self_attention.linear_proj,55,105.5,0.839844,0,4.24645,4.24645,64000
self_attention.linear_qkv,55,46.6059,0.326172,0,9.61253,9.61253,64000
mlp.linear_fc1,55,39.9568,0.613281,0,11.2121,11.2121,64000
mlp.linear_fc2,55,7392,1.125,0,0.0606061,1,64000
self_attention.linear_proj,56,97.5,0.988281,0,4.59487,4.59487,64000
self_attention.linear_qkv,56,45.4759,0.535156,0,9.85138,9.85138,64000
mlp.linear_fc1,56,43.3603,0.839844,0,10.332,10.332,64000
mlp.linear_fc2,56,6560,1.27344,0,0.0682927,1,64000
self_attention.linear_proj,9,22.5,4.03125,0,19.9111,19.9111,64000
self_attention.linear_qkv,9,15.7952,0.585938,0,28.3631,28.3631,64000
mlp.linear_fc1,9,13.2812,0.832031,0,33.732,33.732,64000
mlp.linear_fc2,9,2544,3.35938,0,0.176101,1,64000
self_attention.linear_proj,10,29.875,1.9375,0,14.9958,14.9958,64000
self_attention.linear_qkv,10,16.127,0.458984,0,27.7796,27.7796,64000
mlp.linear_fc1,10,10.3877,0.574219,0,43.128,43.128,64000
mlp.linear_fc2,10,660,3.35938,0,0.678788,1,64000
self_attention.linear_proj,11,22.25,2.84375,0,20.1348,20.1348,64000
self_attention.linear_qkv,11,20.724,0.498047,0,21.6175,21.6175,64000
mlp.linear_fc1,11,8.5575,0.664062,0,52.3517,52.3517,64000
mlp.linear_fc2,11,536,2.75,0,0.835821,1,64000
self_attention.linear_proj,12,32.25,1.55469,0,13.8915,13.8915,64000
self_attention.linear_qkv,12,18.3763,0.542969,0,24.3792,24.3792,64000
mlp.linear_fc1,12,8.24242,0.59375,0,54.353,54.353,64000
mlp.linear_fc2,12,772,2.40625,0,0.580311,1,64000
self_attention.linear_proj,25,61.75,0.695312,0,7.25506,7.25506,64000
self_attention.linear_qkv,25,37.66,0.458984,0,11.8959,11.8959,64000
mlp.linear_fc1,25,11.3117,0.464844,0,39.605,39.605,64000
mlp.linear_fc2,25,1376,1.82031,0,0.325581,1,64000
self_attention.linear_proj,26,67,0.824219,0,6.68657,6.68657,64000
self_attention.linear_qkv,26,42.6403,0.455078,0,10.5065,10.5065,64000
mlp.linear_fc1,26,12.1074,0.546875,0,37.0022,37.0022,64000
mlp.linear_fc2,26,1912,1.73438,0,0.23431,1,64000
self_attention.linear_proj,27,105.5,0.539062,0,4.24645,4.24645,64000
self_attention.linear_qkv,27,42.511,0.433594,0,10.5384,10.5384,64000
mlp.linear_fc1,27,12.0439,0.589844,0,37.1973,37.1973,64000
mlp.linear_fc2,27,2176,1.73438,0,0.205882,1,64000
self_attention.linear_proj,28,85.5,0.585938,0,5.23977,5.23977,64000
self_attention.linear_qkv,28,34.6914,0.5625,0,12.9139,12.9139,64000
mlp.linear_fc1,28,13.3923,0.550781,0,33.452,33.452,64000
mlp.linear_fc2,28,1960,1.97656,0,0.228571,1,64000
self_attention.linear_proj,41,57.25,0.435547,0,7.82533,7.82533,64000
self_attention.linear_qkv,41,23.8376,0.296875,0,18.7939,18.7939,64000
mlp.linear_fc1,41,32.4889,0.667969,0,13.7893,13.7893,64000
mlp.linear_fc2,41,2960,0.847656,0,0.151351,1,64000
self_attention.linear_proj,42,59.75,0.474609,0,7.49791,7.49791,64000
self_attention.linear_qkv,42,23.0064,0.265625,0,19.4728,19.4728,64000
mlp.linear_fc1,42,32.3852,0.523438,0,13.8335,13.8335,64000
mlp.linear_fc2,42,2784,2.14062,0,0.16092,1,64000
self_attention.linear_proj,43,71.5,0.640625,0,6.26573,6.26573,64000
self_attention.linear_qkv,43,26.2188,0.251953,0,17.087,17.087,64000
mlp.linear_fc1,43,31.7942,0.660156,0,14.0906,14.0906,64000
mlp.linear_fc2,43,3232,1.82031,0,0.138614,1,64000
self_attention.linear_proj,44,60,0.394531,0,7.46667,7.46667,64000
self_attention.linear_qkv,44,25.665,0.277344,0,17.4557,17.4557,64000
mlp.linear_fc1,44,30.9091,0.566406,0,14.4941,14.4941,64000
mlp.linear_fc2,44,2976,2.01562,0,0.150538,1,64000
self_attention.linear_proj,57,108,0.78125,0,4.14815,4.14815,64000
self_attention.linear_qkv,57,43.5277,0.330078,0,10.2923,10.2923,64000
mlp.linear_fc1,57,46.4805,0.6875,0,9.63844,9.63844,64000
mlp.linear_fc2,57,54016,1.25781,0,0.00829384,1,64000
self_attention.linear_proj,58,131,0.621094,0,3.41985,3.41985,64000
self_attention.linear_qkv,58,46.1481,0.275391,0,9.70788,9.70788,64000
mlp.linear_fc1,58,49.8523,0.773438,0,8.98654,8.98654,64000
mlp.linear_fc2,58,37376,2,0,0.0119863,1,64000
self_attention.linear_proj,59,93.5,0.511719,0,4.79144,4.79144,64000
self_attention.linear_qkv,59,42.6756,0.308594,0,10.4978,10.4978,64000
mlp.linear_fc1,59,50.5623,0.691406,0,8.86035,8.86035,64000
mlp.linear_fc2,59,24576,1.44531,0,0.0182292,1,64000
self_attention.linear_proj,60,196,0.566406,0,2.28571,2.28571,64000
self_attention.linear_qkv,60,48.131,0.369141,0,9.30793,9.30793,64000
mlp.linear_fc1,60,52.8045,0.652344,0,8.48413,8.48413,64000
mlp.linear_fc2,60,14528,1.34375,0,0.030837,1,64000
self_attention.linear_proj,13,57,1.58594,0,7.85965,7.85965,64000
self_attention.linear_qkv,13,21.6776,0.511719,0,20.6665,20.6665,64000
mlp.linear_fc1,13,7.52115,0.664062,0,59.5654,59.5654,64000
mlp.linear_fc2,13,508,2.5625,0,0.88189,1,64000
self_attention.linear_proj,14,27.625,2.34375,0,16.2172,16.2172,64000
self_attention.linear_qkv,14,24.8538,0.574219,0,18.0254,18.0254,64000
mlp.linear_fc1,14,6.68396,0.542969,0,67.0261,67.0261,64000
mlp.linear_fc2,14,584,1.66406,0,0.767123,1,64000
self_attention.linear_proj,15,26.125,1.44531,0,17.1483,17.1483,64000
self_attention.linear_qkv,15,32.1668,0.490234,0,13.9274,13.9274,64000
mlp.linear_fc1,15,6.55744,0.660156,0,68.3194,68.3194,64000
mlp.linear_fc2,15,668,2.15625,0,0.670659,1,64000
self_attention.linear_proj,16,28.25,2.125,0,15.8584,15.8584,64000
self_attention.linear_qkv,16,40.8292,0.527344,0,10.9725,10.9725,64000
mlp.linear_fc1,16,6.04221,0.589844,0,74.145,74.145,64000
mlp.linear_fc2,16,664,1.875,0,0.674699,1,64000
self_attention.linear_proj,29,85,0.691406,0,5.27059,5.27059,64000
self_attention.linear_qkv,29,34.2179,0.542969,0,13.0926,13.0926,64000
mlp.linear_fc1,29,14.2489,0.585938,0,31.441,31.441,64000
mlp.linear_fc2,29,2144,1.5625,0,0.208955,1,64000
self_attention.linear_proj,30,100,0.648438,0,4.48,4.48,64000
self_attention.linear_qkv,30,43.2614,0.431641,0,10.3557,10.3557,64000
mlp.linear_fc1,30,15.8397,0.542969,0,28.2834,28.2834,64000
mlp.linear_fc2,30,1920,1.84375,0,0.233333,1,64000
self_attention.linear_proj,31,85.5,0.664062,0,5.23977,5.23977,64000
self_attention.linear_qkv,31,37.2339,0.5,0,12.032,12.032,64000
mlp.linear_fc1,31,16.6251,0.4375,0,26.9472,26.9472,64000
mlp.linear_fc2,31,2560,2.26562,0,0.175,1,64000
self_attention.linear_proj,32,96,0.550781,0,4.66667,4.66667,64000
self_attention.linear_qkv,32,40.1552,0.492188,0,11.1567,11.1567,64000
mlp.linear_fc1,32,17.6578,0.597656,0,25.3713,25.3713,64000
mlp.linear_fc2,32,2288,1.71094,0,0.195804,1,64000
self_attention.linear_proj,45,93,0.486328,0,4.8172,4.8172,64000
self_attention.linear_qkv,45,30.2716,0.298828,0,14.7993,14.7993,64000
mlp.linear_fc1,45,31.7877,0.554688,0,14.0935,14.0935,64000
mlp.linear_fc2,45,3120,1.24219,0,0.14359,1,64000
self_attention.linear_proj,46,94.5,0.369141,0,4.74074,4.74074,64000
self_attention.linear_qkv,46,31.8081,0.324219,0,14.0845,14.0845,64000
mlp.linear_fc1,46,30.8673,0.625,0,14.5138,14.5138,64000
mlp.linear_fc2,46,4320,1.26562,0,0.103704,1,64000
self_attention.linear_proj,47,93.5,0.644531,0,4.79144,4.79144,64000
self_attention.linear_qkv,47,37.1107,0.318359,0,12.072,12.072,64000
mlp.linear_fc1,47,31.1404,0.746094,0,14.3864,14.3864,64000
mlp.linear_fc2,47,3504,1.86719,0,0.127854,1,64000
self_attention.linear_proj,48,113.5,0.507812,0,3.94714,3.94714,64000
self_attention.linear_qkv,48,37.9518,0.431641,0,11.8044,11.8044,64000
mlp.linear_fc1,48,30.9693,0.832031,0,14.466,14.466,64000
mlp.linear_fc2,48,3712,0.957031,0,0.12069,1,64000
self_attention.linear_proj,61,101.5,0.570312,0,4.41379,4.41379,64000
self_attention.linear_qkv,61,55.4589,0.289062,0,8.07805,8.07805,64000
mlp.linear_fc1,61,56.6213,0.601562,0,7.91222,7.91222,64000
mlp.linear_fc2,61,23168,2.51562,0,0.019337,1,64000
self_attention.linear_proj,62,152,0.667969,0,2.94737,2.94737,64000
self_attention.linear_qkv,62,61.4642,0.472656,0,7.2888,7.2888,64000
mlp.linear_fc1,62,65.9357,0.472656,0,6.7945,6.7945,64000
mlp.linear_fc2,62,43264,2.17188,0,0.010355,1,64000
self_attention.linear_proj,63,71,0.644531,0,6.30986,6.30986,64000
self_attention.linear_qkv,63,67.9391,0.242188,0,6.59414,6.59414,64000
mlp.linear_fc1,63,72.6219,0.9375,0,6.16893,6.16893,64000
mlp.linear_fc2,63,1.28614e+06,1.73438,0,0.000348328,1,64000
self_attention.linear_proj,0,3.54688,2.21875,0,126.308,126.308,68000
self_attention.linear_qkv,0,4.42387,0.355469,0,101.269,101.269,68000
mlp.linear_fc1,0,4.18598,0.855469,0,107.024,107.024,68000
mlp.linear_fc2,0,1744,2.48438,0,0.256881,1,68000
self_attention.linear_proj,1,8.875,3.10938,0,50.4789,50.4789,68000
self_attention.linear_qkv,1,8.57175,0.566406,0,52.2647,52.2647,68000
mlp.linear_fc1,1,6.2613,1.04688,0,71.5507,71.5507,68000
mlp.linear_fc2,1,7328,4.09375,0,0.0611354,1,68000
self_attention.linear_proj,2,11.0625,3.25,0,40.4972,40.4972,68000
self_attention.linear_qkv,2,8.58997,0.78125,0,52.1538,52.1538,68000
mlp.linear_fc1,2,12.4655,1.10156,0,35.9392,35.9392,68000
mlp.linear_fc2,2,672,2.6875,0,0.666667,1,68000
self_attention.linear_proj,3,18.5,3.64062,0,24.2162,24.2162,68000
self_attention.linear_qkv,3,9.68109,0.8125,0,46.2758,46.2758,68000
mlp.linear_fc1,3,8.00591,1.28125,0,55.9587,55.9587,68000
mlp.linear_fc2,3,1056,1.875,0,0.424242,1,68000
self_attention.linear_proj,4,24.125,3.84375,0,18.5699,18.5699,68000
self_attention.linear_qkv,4,10.2256,0.632812,0,43.8117,43.8117,68000
mlp.linear_fc1,4,8.26697,1.17188,0,54.1915,54.1915,68000
mlp.linear_fc2,4,1144,2.5625,0,0.391608,1,68000
self_attention.linear_proj,17,51.75,2.20312,0,8.657,8.657,68000
self_attention.linear_qkv,17,47.4675,0.466797,0,9.43804,9.43804,68000
mlp.linear_fc1,17,6.37953,0.550781,0,70.2246,70.2246,68000
mlp.linear_fc2,17,952,2.25,0,0.470588,1,68000
self_attention.linear_proj,18,51.5,2.15625,0,8.69903,8.69903,68000
self_attention.linear_qkv,18,43.0675,0.410156,0,10.4023,10.4023,68000
mlp.linear_fc1,18,7.3756,0.742188,0,60.7409,60.7409,68000
mlp.linear_fc2,18,648,1.55469,0,0.691358,1,68000
self_attention.linear_proj,19,36,1.15625,0,12.4444,12.4444,68000
self_attention.linear_qkv,19,45.2661,0.558594,0,9.89703,9.89703,68000
mlp.linear_fc1,19,8.34367,0.824219,0,53.6934,53.6934,68000
mlp.linear_fc2,19,1528,1.82812,0,0.293194,1,68000
self_attention.linear_proj,20,41.5,1.54688,0,10.7952,10.7952,68000
self_attention.linear_qkv,20,44.4181,0.404297,0,10.086,10.086,68000
mlp.linear_fc1,20,9.67608,0.675781,0,46.2997,46.2997,68000
mlp.linear_fc2,20,1088,1.92188,0,0.411765,1,68000
self_attention.linear_proj,33,103.5,0.601562,0,4.3285,4.3285,68000
self_attention.linear_qkv,33,35.4889,0.550781,0,12.6237,12.6237,68000
mlp.linear_fc1,33,17.7582,0.546875,0,25.2277,25.2277,68000
mlp.linear_fc2,33,2880,2.03125,0,0.155556,1,68000
self_attention.linear_proj,34,135,0.558594,0,3.31852,3.31852,68000
self_attention.linear_qkv,34,41.756,0.431641,0,10.729,10.729,68000
mlp.linear_fc1,34,19.8505,0.416016,0,22.5687,22.5687,68000
mlp.linear_fc2,34,2752,1.32031,0,0.162791,1,68000
self_attention.linear_proj,35,112,0.796875,0,4,4,68000
self_attention.linear_qkv,35,42.7066,0.472656,0,10.4902,10.4902,68000
mlp.linear_fc1,35,23.3979,0.488281,0,19.147,19.147,68000
mlp.linear_fc2,35,2944,1.94531,0,0.152174,1,68000
self_attention.linear_proj,36,83.5,0.574219,0,5.36527,5.36527,68000
self_attention.linear_qkv,36,29.7387,0.431641,0,15.0646,15.0646,68000
mlp.linear_fc1,36,34.4793,0.613281,0,12.9933,12.9933,68000
mlp.linear_fc2,36,2368,2.35938,0,0.189189,1,68000
self_attention.linear_proj,49,92.5,0.605469,0,4.84324,4.84324,68000
self_attention.linear_qkv,49,44.2405,0.347656,0,10.1265,10.1265,68000
mlp.linear_fc1,49,37.3226,0.558594,0,12.0035,12.0035,68000
mlp.linear_fc2,49,4768,0.945312,0,0.0939597,1,68000
self_attention.linear_proj,50,94,0.988281,0,4.76596,4.76596,68000
self_attention.linear_qkv,50,41.861,0.470703,0,10.7021,10.7021,68000
mlp.linear_fc1,50,36.2479,0.789062,0,12.3593,12.3593,68000
mlp.linear_fc2,50,7072,0.984375,0,0.0633484,1,68000
self_attention.linear_proj,51,101.5,0.382812,0,4.41379,4.41379,68000
self_attention.linear_qkv,51,39.2693,0.339844,0,11.4084,11.4084,68000
mlp.linear_fc1,51,36.1646,0.488281,0,12.3878,12.3878,68000
mlp.linear_fc2,51,7488,1.27344,0,0.0598291,1,68000
self_attention.linear_proj,52,102,0.988281,0,4.39216,4.39216,68000
self_attention.linear_qkv,52,45.4918,0.375,0,9.84792,9.84792,68000
mlp.linear_fc1,52,35.0373,0.855469,0,12.7864,12.7864,68000
mlp.linear_fc2,52,5792,1.19531,0,0.0773481,1,68000
self_attention.linear_proj,5,24,3.23438,0,18.6667,18.6667,68000
self_attention.linear_qkv,5,13.3662,0.828125,0,33.5174,33.5174,68000
mlp.linear_fc1,5,17.3926,1.01562,0,25.7581,25.7581,68000
mlp.linear_fc2,5,5792,4.8125,0,0.0773481,1,68000
self_attention.linear_proj,6,37,1.85938,0,12.1081,12.1081,68000
self_attention.linear_qkv,6,14.5563,0.535156,0,30.7771,30.7771,68000
mlp.linear_fc1,6,9.29126,1.09375,0,48.2174,48.2174,68000
mlp.linear_fc2,6,1576,2.17188,0,0.284264,1,68000
self_attention.linear_proj,7,29,2.51562,0,15.4483,15.4483,68000
self_attention.linear_qkv,7,15.4438,0.554688,0,29.0084,29.0084,68000
mlp.linear_fc1,7,8.78559,0.847656,0,50.9926,50.9926,68000
mlp.linear_fc2,7,1696,2.6875,0,0.264151,1,68000
self_attention.linear_proj,8,24.75,1.80469,0,18.101,18.101,68000
self_attention.linear_qkv,8,15.5005,0.625,0,28.9023,28.9023,68000
mlp.linear_fc1,8,8.98448,0.71875,0,49.8638,49.8638,68000
mlp.linear_fc2,8,844,2.76562,0,0.530806,1,68000
self_attention.linear_proj,21,53,1.66406,0,8.45283,8.45283,68000
self_attention.linear_qkv,21,48.813,0.429688,0,9.17789,9.17789,68000
mlp.linear_fc1,21,9.94181,0.683594,0,45.0622,45.0622,68000
mlp.linear_fc2,21,1168,2.15625,0,0.383562,1,68000
self_attention.linear_proj,22,72,1.42188,0,6.22222,6.22222,68000
self_attention.linear_qkv,22,50.9886,0.515625,0,8.78628,8.78628,68000
mlp.linear_fc1,22,8.51698,0.554688,0,52.6008,52.6008,68000
mlp.linear_fc2,22,872,1.4375,0,0.513761,1,68000
self_attention.linear_proj,23,76,1.63281,0,5.89474,5.89474,68000
self_attention.linear_qkv,23,50.1228,0.558594,0,8.93804,8.93804,68000
mlp.linear_fc1,23,10.091,0.53125,0,44.3959,44.3959,68000
mlp.linear_fc2,23,1320,2.3125,0,0.339394,1,68000
self_attention.linear_proj,24,80,0.695312,0,5.6,5.6,68000
self_attention.linear_qkv,24,47.5935,0.539062,0,9.41304,9.41304,68000
mlp.linear_fc1,24,10.032,1,0,44.6573,44.6573,68000
mlp.linear_fc2,24,1256,1.27344,0,0.356688,1,68000
self_attention.linear_proj,37,53,0.910156,0,8.45283,8.45283,68000
self_attention.linear_qkv,37,22.0004,0.328125,0,20.3633,20.3633,68000
mlp.linear_fc1,37,39.3048,0.582031,0,11.3981,11.3981,68000
mlp.linear_fc2,37,3552,1.84375,0,0.126126,1,68000
self_attention.linear_proj,38,79,0.792969,0,5.67089,5.67089,68000
self_attention.linear_qkv,38,32.3021,0.341797,0,13.8691,13.8691,68000
mlp.linear_fc1,38,37.2876,0.519531,0,12.0147,12.0147,68000
mlp.linear_fc2,38,3920,2.60938,0,0.114286,1,68000
self_attention.linear_proj,39,65,1.03906,0,6.89231,6.89231,68000
self_attention.linear_qkv,39,25.2135,0.335938,0,17.7682,17.7682,68000
mlp.linear_fc1,39,35.4779,0.554688,0,12.6276,12.6276,68000
mlp.linear_fc2,39,2656,1.23438,0,0.168675,1,68000
self_attention.linear_proj,40,89.5,0.71875,0,5.00559,5.00559,68000
self_attention.linear_qkv,40,25.7793,0.326172,0,17.3783,17.3783,68000
mlp.linear_fc1,40,35.2393,0.558594,0,12.7131,12.7131,68000
mlp.linear_fc2,40,2832,1.63281,0,0.158192,1,68000
self_attention.linear_proj,53,113,0.515625,0,3.9646,3.9646,68000
self_attention.linear_qkv,53,43.4181,0.347656,0,10.3183,10.3183,68000
mlp.linear_fc1,53,34.8344,0.78125,0,12.8608,12.8608,68000
mlp.linear_fc2,53,11328,1.51562,0,0.039548,1,68000
self_attention.linear_proj,54,115,0.933594,0,3.89565,3.89565,68000
self_attention.linear_qkv,54,39.9454,0.308594,0,11.2153,11.2153,68000
mlp.linear_fc1,54,34.6919,0.96875,0,12.9137,12.9137,68000
mlp.linear_fc2,54,12544,1.4375,0,0.0357143,1,68000
self_attention.linear_proj,55,115.5,0.824219,0,3.87879,3.87879,68000
self_attention.linear_qkv,55,46.3241,0.341797,0,9.67098,9.67098,68000
mlp.linear_fc1,55,34.5269,0.617188,0,12.9754,12.9754,68000
mlp.linear_fc2,55,7232,1.15625,0,0.0619469,1,68000
self_attention.linear_proj,56,114,0.953125,0,3.92982,3.92982,68000
self_attention.linear_qkv,56,45.7654,0.535156,0,9.78905,9.78905,68000
mlp.linear_fc1,56,35.5793,0.875,0,12.5916,12.5916,68000
mlp.linear_fc2,56,12288,1.27344,0,0.0364583,1,68000
self_attention.linear_proj,9,23.375,4.1875,0,19.1658,19.1658,68000
self_attention.linear_qkv,9,15.5761,0.625,0,28.7621,28.7621,68000
mlp.linear_fc1,9,10.989,0.886719,0,40.768,40.768,68000
mlp.linear_fc2,9,2704,3.53125,0,0.16568,1,68000
self_attention.linear_proj,10,28.75,2.04688,0,15.5826,15.5826,68000
self_attention.linear_qkv,10,16.0992,0.484375,0,27.8275,27.8275,68000
mlp.linear_fc1,10,8.3602,0.625,0,53.5873,53.5873,68000
mlp.linear_fc2,10,680,3.54688,0,0.658824,1,68000
self_attention.linear_proj,11,25.375,2.95312,0,17.6552,17.6552,68000
self_attention.linear_qkv,11,19.0821,0.523438,0,23.4775,23.4775,68000
mlp.linear_fc1,11,6.8691,0.699219,0,65.2196,65.2196,68000
mlp.linear_fc2,11,744,2.84375,0,0.602151,1,68000
self_attention.linear_proj,12,32.5,1.70312,0,13.7846,13.7846,68000
self_attention.linear_qkv,12,16.9086,0.5625,0,26.4953,26.4953,68000
mlp.linear_fc1,12,6.7443,0.648438,0,66.4265,66.4265,68000
mlp.linear_fc2,12,804,2.51562,0,0.557214,1,68000
self_attention.linear_proj,25,62.75,0.726562,0,7.13944,7.13944,68000
self_attention.linear_qkv,25,34.7659,0.46875,0,12.8862,12.8862,68000
mlp.linear_fc1,25,10.7893,0.488281,0,41.5227,41.5227,68000
mlp.linear_fc2,25,1320,1.875,0,0.339394,1,68000
self_attention.linear_proj,26,69.5,0.921875,0,6.44604,6.44604,68000
self_attention.linear_qkv,26,41.24,0.46875,0,10.8632,10.8632,68000
mlp.linear_fc1,26,11.4296,0.574219,0,39.1963,39.1963,68000
mlp.linear_fc2,26,1672,1.78125,0,0.267943,1,68000
self_attention.linear_proj,27,109,0.5625,0,4.11009,4.11009,68000
self_attention.linear_qkv,27,42.2514,0.458984,0,10.6032,10.6032,68000
mlp.linear_fc1,27,11.4293,0.589844,0,39.1974,39.1974,68000
mlp.linear_fc2,27,2048,1.83594,0,0.21875,1,68000
self_attention.linear_proj,28,85,0.597656,0,5.27059,5.27059,68000
self_attention.linear_qkv,28,34.46,0.574219,0,13.0006,13.0006,68000
mlp.linear_fc1,28,12.7105,0.589844,0,35.2464,35.2464,68000
mlp.linear_fc2,28,1968,2.04688,0,0.227642,1,68000
self_attention.linear_proj,41,55.75,0.441406,0,8.03587,8.03587,68000
self_attention.linear_qkv,41,23.5548,0.304688,0,19.0195,19.0195,68000
mlp.linear_fc1,41,36.3798,0.691406,0,12.3145,12.3145,68000
mlp.linear_fc2,41,3248,0.863281,0,0.137931,1,68000
self_attention.linear_proj,42,59,0.492188,0,7.59322,7.59322,68000
self_attention.linear_qkv,42,22.4449,0.265625,0,19.96,19.96,68000
mlp.linear_fc1,42,37.0863,0.578125,0,12.0799,12.0799,68000
mlp.linear_fc2,42,3280,2.25,0,0.136585,1,68000
self_attention.linear_proj,43,71.5,0.652344,0,6.26573,6.26573,68000
self_attention.linear_qkv,43,25.936,0.265625,0,17.2733,17.2733,68000
mlp.linear_fc1,43,37.089,0.691406,0,12.0791,12.0791,68000
mlp.linear_fc2,43,3408,1.875,0,0.131455,1,68000
self_attention.linear_proj,44,65.5,0.419922,0,6.83969,6.83969,68000
self_attention.linear_qkv,44,25.5229,0.285156,0,17.5529,17.5529,68000
mlp.linear_fc1,44,36.2624,0.578125,0,12.3544,12.3544,68000
mlp.linear_fc2,44,3600,2.125,0,0.124444,1,68000
self_attention.linear_proj,57,115,0.769531,0,3.89565,3.89565,68000
self_attention.linear_qkv,57,46.2354,0.337891,0,9.68954,9.68954,68000
mlp.linear_fc1,57,36.212,0.703125,0,12.3716,12.3716,68000
mlp.linear_fc2,57,26880,1.24219,0,0.0166667,1,68000
self_attention.linear_proj,58,135,0.609375,0,3.31852,3.31852,68000
self_attention.linear_qkv,58,47.1889,0.271484,0,9.49375,9.49375,68000
mlp.linear_fc1,58,38.2139,0.769531,0,11.7235,11.7235,68000
mlp.linear_fc2,58,18176,2.07812,0,0.0246479,1,68000
self_attention.linear_proj,59,91.5,0.53125,0,4.89617,4.89617,68000
self_attention.linear_qkv,59,42.7509,0.302734,0,10.4793,10.4793,68000
mlp.linear_fc1,59,42.0881,0.773438,0,10.6443,10.6443,68000
mlp.linear_fc2,59,14912,1.41406,0,0.0300429,1,68000
self_attention.linear_proj,60,206,0.554688,0,2.17476,2.17476,68000
self_attention.linear_qkv,60,46.1772,0.367188,0,9.70176,9.70176,68000
mlp.linear_fc1,60,47.8824,0.6875,0,9.35625,9.35625,68000
mlp.linear_fc2,60,16384,1.42969,0,0.0273438,1,68000
self_attention.linear_proj,13,56.25,1.6875,0,7.96444,7.96444,68000
self_attention.linear_qkv,13,20.3359,0.554688,0,22.03,22.03,68000
mlp.linear_fc1,13,6.40271,0.691406,0,69.9704,69.9704,68000
mlp.linear_fc2,13,532,2.73438,0,0.842105,1,68000
self_attention.linear_proj,14,27.125,2.42188,0,16.5161,16.5161,68000
self_attention.linear_qkv,14,23.386,0.597656,0,19.1567,19.1567,68000
mlp.linear_fc1,14,6.46118,0.558594,0,69.3372,69.3372,68000
mlp.linear_fc2,14,552,1.75,0,0.811594,1,68000
self_attention.linear_proj,15,25.625,1.55469,0,17.4829,17.4829,68000
self_attention.linear_qkv,15,30.4263,0.511719,0,14.7241,14.7241,68000
mlp.linear_fc1,15,6.38303,0.734375,0,70.1861,70.1861,68000
mlp.linear_fc2,15,680,2.26562,0,0.658824,1,68000
self_attention.linear_proj,16,30.875,2.1875,0,14.5101,14.5101,68000
self_attention.linear_qkv,16,39.2691,0.554688,0,11.4085,11.4085,68000
mlp.linear_fc1,16,5.62823,0.617188,0,79.5987,79.5987,68000
mlp.linear_fc2,16,796,1.98438,0,0.562814,1,68000
self_attention.linear_proj,29,89.5,0.722656,0,5.00559,5.00559,68000
self_attention.linear_qkv,29,34.8169,0.550781,0,12.8673,12.8673,68000
mlp.linear_fc1,29,13.5234,0.609375,0,33.1279,33.1279,68000
mlp.linear_fc2,29,2400,1.61719,0,0.186667,1,68000
self_attention.linear_proj,30,104,0.667969,0,4.30769,4.30769,68000
self_attention.linear_qkv,30,42.8434,0.451172,0,10.4567,10.4567,68000
mlp.linear_fc1,30,15.1999,0.574219,0,29.474,29.474,68000
mlp.linear_fc2,30,2032,1.91406,0,0.220472,1,68000
self_attention.linear_proj,31,83.5,0.6875,0,5.36527,5.36527,68000
self_attention.linear_qkv,31,37.1524,0.527344,0,12.0584,12.0584,68000
mlp.linear_fc1,31,15.9359,0.449219,0,28.1127,28.1127,68000
mlp.linear_fc2,31,2784,2.39062,0,0.16092,1,68000
self_attention.linear_proj,32,100.5,0.5625,0,4.45771,4.45771,68000
self_attention.linear_qkv,32,40.3694,0.503906,0,11.0975,11.0975,68000
mlp.linear_fc1,32,17.0199,0.632812,0,26.3222,26.3222,68000
mlp.linear_fc2,32,2960,1.79688,0,0.151351,1,68000
self_attention.linear_proj,45,93,0.498047,0,4.8172,4.8172,68000
self_attention.linear_qkv,45,30.1971,0.310547,0,14.8359,14.8359,68000
mlp.linear_fc1,45,37.8655,0.570312,0,11.8314,11.8314,68000
mlp.linear_fc2,45,3024,1.30469,0,0.148148,1,68000
self_attention.linear_proj,46,93,0.394531,0,4.8172,4.8172,68000
self_attention.linear_qkv,46,36.6668,0.351562,0,12.2181,12.2181,68000
mlp.linear_fc1,46,36.8733,0.632812,0,12.1497,12.1497,68000
mlp.linear_fc2,46,5152,1.3125,0,0.0869565,1,68000
self_attention.linear_proj,47,98,0.6875,0,4.57143,4.57143,68000
self_attention.linear_qkv,47,37.3873,0.335938,0,11.9827,11.9827,68000
mlp.linear_fc1,47,37.3689,0.75,0,11.9886,11.9886,68000
mlp.linear_fc2,47,4480,1.95312,0,0.1,1,68000
self_attention.linear_proj,48,117.5,0.527344,0,3.81277,3.81277,68000
self_attention.linear_qkv,48,43.1359,0.449219,0,10.3858,10.3858,68000
mlp.linear_fc1,48,37.0861,0.867188,0,12.08,12.08,68000
mlp.linear_fc2,48,4352,0.984375,0,0.102941,1,68000
self_attention.linear_proj,61,103,0.558594,0,4.34951,4.34951,68000
self_attention.linear_qkv,61,53.6595,0.287109,0,8.34895,8.34895,68000
mlp.linear_fc1,61,57.443,0.625,0,7.79904,7.79904,68000
mlp.linear_fc2,61,26368,2.54688,0,0.0169903,1,68000
self_attention.linear_proj,62,136,0.683594,0,3.29412,3.29412,68000
self_attention.linear_qkv,62,60.3275,0.482422,0,7.42614,7.42614,68000
mlp.linear_fc1,62,67.7617,0.488281,0,6.6114,6.6114,68000
mlp.linear_fc2,62,59392,2.20312,0,0.0075431,1,68000
self_attention.linear_proj,63,75,0.726562,0,5.97333,5.97333,68000
self_attention.linear_qkv,63,64.5566,0.257812,0,6.93965,6.93965,68000
mlp.linear_fc1,63,75.5485,0.957031,0,5.92996,5.92996,68000
mlp.linear_fc2,63,1.19603e+06,2.0625,0,0.000374572,1,68000
self_attention.linear_proj,0,3.35938,2.4375,0,113.778,113.778,72000
self_attention.linear_qkv,0,4.26809,0.365234,0,104.965,104.965,72000
mlp.linear_fc1,0,5.40671,0.933594,0,82.86,82.86,72000
mlp.linear_fc2,0,1056,2.64062,0,0.424242,1,72000
self_attention.linear_proj,1,7.03125,3.28125,0,63.7156,63.7156,72000
self_attention.linear_qkv,1,8.89773,0.59375,0,49.7408,49.7408,72000
mlp.linear_fc1,1,6.49039,1.09375,0,69.0252,69.0252,72000
mlp.linear_fc2,1,31744,4.46875,0,0.0141129,1,72000
self_attention.linear_proj,2,11.125,3.40625,0,40.2697,40.2697,72000
self_attention.linear_qkv,2,10.797,0.835938,0,41.4928,41.4928,72000
mlp.linear_fc1,2,24.0444,1.15625,0,18.6322,18.6322,72000
mlp.linear_fc2,2,1760,2.8125,0,0.254545,1,72000
self_attention.linear_proj,3,17.5,3.8125,0,25.6,25.6,72000
self_attention.linear_qkv,3,12.4213,0.84375,0,36.0671,36.0671,72000
mlp.linear_fc1,3,11.3317,1.35156,0,39.5352,39.5352,72000
mlp.linear_fc2,3,2976,1.96875,0,0.150538,1,72000
self_attention.linear_proj,4,27.875,4.03125,0,16.0717,16.0717,72000
self_attention.linear_qkv,4,12.3468,0.65625,0,36.2847,36.2847,72000
mlp.linear_fc1,4,14.1137,1.27344,0,31.7423,31.7423,72000
mlp.linear_fc2,4,3648,2.71875,0,0.122807,1,72000
self_attention.linear_proj,17,47.25,2.29688,0,9.48148,9.48148,72000
self_attention.linear_qkv,17,45.3404,0.498047,0,9.8808,9.8808,72000
mlp.linear_fc1,17,7.48819,0.585938,0,59.8275,59.8275,72000
mlp.linear_fc2,17,1072,2.35938,0,0.41791,1,72000
self_attention.linear_proj,18,52,2.3125,0,8.61539,8.61539,72000
self_attention.linear_qkv,18,41.1622,0.419922,0,10.8838,10.8838,72000
mlp.linear_fc1,18,7.44819,0.824219,0,60.1489,60.1489,72000
mlp.linear_fc2,18,676,1.61719,0,0.662722,1,72000
self_attention.linear_proj,19,42.5,1.20312,0,10.5412,10.5412,72000
self_attention.linear_qkv,19,43.0661,0.546875,0,10.4026,10.4026,72000
mlp.linear_fc1,19,8.49469,0.894531,0,52.7388,52.7388,72000
mlp.linear_fc2,19,4128,1.89844,0,0.108527,1,72000
self_attention.linear_proj,20,62.25,1.61719,0,7.19679,7.19679,72000
self_attention.linear_qkv,20,43.0212,0.435547,0,10.4135,10.4135,72000
mlp.linear_fc1,20,9.95422,0.730469,0,45.006,45.006,72000
mlp.linear_fc2,20,1680,2.03125,0,0.266667,1,72000
self_attention.linear_proj,33,111,0.613281,0,4.03604,4.03604,72000
self_attention.linear_qkv,33,35.7286,0.578125,0,12.539,12.539,72000
mlp.linear_fc1,33,16.8334,0.59375,0,26.6137,26.6137,72000
mlp.linear_fc2,33,2736,2.125,0,0.163743,1,72000
self_attention.linear_proj,34,146,0.589844,0,3.06849,3.06849,72000
self_attention.linear_qkv,34,41.9886,0.457031,0,10.6696,10.6696,72000
mlp.linear_fc1,34,18.5379,0.421875,0,24.1668,24.1668,72000
mlp.linear_fc2,34,2752,1.34375,0,0.162791,1,72000
self_attention.linear_proj,35,117,0.835938,0,3.82906,3.82906,72000
self_attention.linear_qkv,35,43.2191,0.488281,0,10.3658,10.3658,72000
mlp.linear_fc1,35,21.9872,0.515625,0,20.3755,20.3755,72000
mlp.linear_fc2,35,3248,2,0,0.137931,1,72000
self_attention.linear_proj,36,81.5,0.601562,0,5.49693,5.49693,72000
self_attention.linear_qkv,36,30.5545,0.470703,0,14.6623,14.6623,72000
mlp.linear_fc1,36,33.5862,0.664062,0,13.3388,13.3388,72000
mlp.linear_fc2,36,2896,2.45312,0,0.154696,1,72000
self_attention.linear_proj,49,92,0.554688,0,4.86957,4.86957,72000
self_attention.linear_qkv,49,42.5752,0.365234,0,10.5226,10.5226,72000
mlp.linear_fc1,49,35.1542,0.570312,0,12.7439,12.7439,72000
mlp.linear_fc2,49,5280,0.949219,0,0.0848485,1,72000
self_attention.linear_proj,50,98,1.02344,0,4.57143,4.57143,72000
self_attention.linear_qkv,50,42.3988,0.486328,0,10.5663,10.5663,72000
mlp.linear_fc1,50,34.3417,0.820312,0,13.0454,13.0454,72000
mlp.linear_fc2,50,6432,1.01562,0,0.0696517,1,72000
self_attention.linear_proj,51,104.5,0.396484,0,4.28708,4.28708,72000
self_attention.linear_qkv,51,38.2857,0.353516,0,11.7015,11.7015,72000
mlp.linear_fc1,51,34.6647,0.498047,0,12.9238,12.9238,72000
mlp.linear_fc2,51,7232,1.3125,0,0.0619469,1,72000
self_attention.linear_proj,52,113,1.05469,0,3.9646,3.9646,72000
self_attention.linear_qkv,52,45.7509,0.367188,0,9.79215,9.79215,72000
mlp.linear_fc1,52,34.2343,0.90625,0,13.0863,13.0863,72000
mlp.linear_fc2,52,5792,1.24219,0,0.0773481,1,72000
self_attention.linear_proj,5,24.375,3.40625,0,18.3795,18.3795,72000
self_attention.linear_qkv,5,14.2934,0.851562,0,31.3431,31.3431,72000
mlp.linear_fc1,5,26.8199,1.09375,0,16.704,16.704,72000
mlp.linear_fc2,5,4864,5.15625,0,0.0921053,1,72000
self_attention.linear_proj,6,36.25,1.96094,0,12.3586,12.3586,72000
self_attention.linear_qkv,6,15.6978,0.578125,0,28.5391,28.5391,72000
mlp.linear_fc1,6,16.4915,1.125,0,27.1656,27.1656,72000
mlp.linear_fc2,6,2480,2.29688,0,0.180645,1,72000
self_attention.linear_proj,7,28.75,2.64062,0,15.5826,15.5826,72000
self_attention.linear_qkv,7,16.2787,0.582031,0,27.5206,27.5206,72000
mlp.linear_fc1,7,15.6837,0.953125,0,28.5646,28.5646,72000
mlp.linear_fc2,7,708,2.75,0,0.632768,1,72000
self_attention.linear_proj,8,25.75,1.96875,0,17.3981,17.3981,72000
self_attention.linear_qkv,8,15.8142,0.660156,0,28.3289,28.3289,72000
mlp.linear_fc1,8,16.3247,0.761719,0,27.4431,27.4431,72000
mlp.linear_fc2,8,896,2.84375,0,0.5,1,72000
self_attention.linear_proj,21,52.75,1.73438,0,8.49289,8.49289,72000
self_attention.linear_qkv,21,47.728,0.449219,0,9.38652,9.38652,72000
mlp.linear_fc1,21,9.66607,0.742188,0,46.3477,46.3477,72000
mlp.linear_fc2,21,2944,2.25,0,0.152174,1,72000
self_attention.linear_proj,22,73.5,1.47656,0,6.09524,6.09524,72000
self_attention.linear_qkv,22,48.8259,0.53125,0,9.17545,9.17545,72000
mlp.linear_fc1,22,7.92766,0.570312,0,56.511,56.511,72000
mlp.linear_fc2,22,868,1.48438,0,0.516129,1,72000
self_attention.linear_proj,23,75,1.71875,0,5.97333,5.97333,72000
self_attention.linear_qkv,23,48.523,0.589844,0,9.23274,9.23274,72000
mlp.linear_fc1,23,9.51566,0.554688,0,47.0803,47.0803,72000
mlp.linear_fc2,23,1020,2.42188,0,0.439216,1,72000
self_attention.linear_proj,24,72.5,0.746094,0,6.17931,6.17931,72000
self_attention.linear_qkv,24,46.2961,0.558594,0,9.67684,9.67684,72000
mlp.linear_fc1,24,9.52619,1.05469,0,47.0282,47.0282,72000
mlp.linear_fc2,24,1272,1.32812,0,0.352201,1,72000
self_attention.linear_proj,37,56,0.957031,0,8,8,72000
self_attention.linear_qkv,37,22.1122,0.347656,0,20.2603,20.2603,72000
mlp.linear_fc1,37,36.3798,0.625,0,12.3145,12.3145,72000
mlp.linear_fc2,37,3456,1.98438,0,0.12963,1,72000
self_attention.linear_proj,38,83,0.8125,0,5.39759,5.39759,72000
self_attention.linear_qkv,38,32.572,0.341797,0,13.7542,13.7542,72000
mlp.linear_fc1,38,34.362,0.554688,0,13.0377,13.0377,72000
mlp.linear_fc2,38,2784,2.79688,0,0.16092,1,72000
self_attention.linear_proj,39,67,1.08594,0,6.68657,6.68657,72000
self_attention.linear_qkv,39,25.9036,0.355469,0,17.2949,17.2949,72000
mlp.linear_fc1,39,33.3513,0.550781,0,13.4328,13.4328,72000
mlp.linear_fc2,39,2640,1.27344,0,0.169697,1,72000
self_attention.linear_proj,40,91.5,0.730469,0,4.89617,4.89617,72000
self_attention.linear_qkv,40,26.33,0.335938,0,17.0148,17.0148,72000
mlp.linear_fc1,40,34.0103,0.578125,0,13.1725,13.1725,72000
mlp.linear_fc2,40,3408,1.6875,0,0.131455,1,72000
self_attention.linear_proj,53,109.5,0.523438,0,4.09132,4.09132,72000
self_attention.linear_qkv,53,43.5688,0.337891,0,10.2826,10.2826,72000
mlp.linear_fc1,53,34.2784,0.855469,0,13.0695,13.0695,72000
mlp.linear_fc2,53,7904,1.57031,0,0.0566802,1,72000
self_attention.linear_proj,54,117.5,0.976562,0,3.81277,3.81277,72000
self_attention.linear_qkv,54,40.2492,0.316406,0,11.1306,11.1306,72000
mlp.linear_fc1,54,34.9536,1.04688,0,12.817,12.817,72000
mlp.linear_fc2,54,9344,1.45312,0,0.0472973,1,72000
self_attention.linear_proj,55,113.5,0.832031,0,3.94714,3.94714,72000
self_attention.linear_qkv,55,46.6827,0.363281,0,9.5967,9.5967,72000
mlp.linear_fc1,55,37.9467,0.648438,0,11.806,11.806,72000
mlp.linear_fc2,55,7520,1.17969,0,0.0595745,1,72000
self_attention.linear_proj,56,114,0.902344,0,3.92982,3.92982,72000
self_attention.linear_qkv,56,47.6103,0.570312,0,9.40973,9.40973,72000
mlp.linear_fc1,56,41.4927,0.914062,0,10.7971,10.7971,72000
mlp.linear_fc2,56,7168,1.28125,0,0.0625,1,72000
self_attention.linear_proj,9,23.25,4.34375,0,19.2688,19.2688,72000
self_attention.linear_qkv,9,16.3539,0.660156,0,27.3941,27.3941,72000
mlp.linear_fc1,9,18.6159,0.945312,0,24.0654,24.0654,72000
mlp.linear_fc2,9,3840,3.75,0,0.116667,1,72000
self_attention.linear_proj,10,28,2.15625,0,16,16,72000
self_attention.linear_qkv,10,17.0917,0.523438,0,26.2116,26.2116,72000
mlp.linear_fc1,10,13.8273,0.683594,0,32.3997,32.3997,72000
mlp.linear_fc2,10,744,3.78125,0,0.602151,1,72000
self_attention.linear_proj,11,25.5,3.10938,0,17.5686,17.5686,72000
self_attention.linear_qkv,11,17.6228,0.515625,0,25.2198,25.2198,72000
mlp.linear_fc1,11,10.1772,0.746094,0,40.2472,40.2472,72000
mlp.linear_fc2,11,446,2.95312,0,1.00448,1.00448,72000
self_attention.linear_proj,12,35,1.85156,0,12.8,12.8,72000
self_attention.linear_qkv,12,17.3978,0.589844,0,23.564,23.564,72000
mlp.linear_fc1,12,9.78114,0.703125,0,43.7902,43.7902,72000
mlp.linear_fc2,12,804,2.65625,0,0.557214,1,72000
self_attention.linear_proj,25,65.5,0.761719,0,6.83969,6.83969,72000
self_attention.linear_qkv,25,34.9714,0.492188,0,12.8105,12.8105,72000
mlp.linear_fc1,25,10.2843,0.535156,0,43.5617,43.5617,72000
mlp.linear_fc2,25,1320,1.96875,0,0.339394,1,72000
self_attention.linear_proj,26,66.5,1.01562,0,6.73684,6.73684,72000
self_attention.linear_qkv,26,42.09,0.476562,0,10.6439,10.6439,72000
mlp.linear_fc1,26,10.8798,0.59375,0,41.1773,41.1773,72000
mlp.linear_fc2,26,2096,1.83594,0,0.21374,1,72000
self_attention.linear_proj,27,110.5,0.589844,0,4.0543,4.0543,72000
self_attention.linear_qkv,27,42.2106,0.480469,0,10.6134,10.6134,72000
mlp.linear_fc1,27,10.7538,0.589844,0,41.6598,41.6598,72000
mlp.linear_fc2,27,2512,1.92969,0,0.178344,1,72000
self_attention.linear_proj,28,87,0.632812,0,5.14943,5.14943,72000
self_attention.linear_qkv,28,34.7651,0.582031,0,12.8865,12.8865,72000
mlp.linear_fc1,28,11.7493,0.640625,0,38.13,38.13,72000
mlp.linear_fc2,28,2640,2.14062,0,0.169697,1,72000
self_attention.linear_proj,41,55.75,0.441406,0,8.03587,8.03587,72000
self_attention.linear_qkv,41,24.246,0.322266,0,18.4773,18.4773,72000
mlp.linear_fc1,41,34.3069,0.699219,0,13.0586,13.0586,72000
mlp.linear_fc2,41,3120,0.886719,0,0.14359,1,72000
self_attention.linear_proj,42,61.25,0.511719,0,7.31429,7.31429,72000
self_attention.linear_qkv,42,22.8563,0.269531,0,19.6007,19.6007,72000
mlp.linear_fc1,42,34.2493,0.636719,0,13.0806,13.0806,72000
mlp.linear_fc2,42,3488,2.375,0,0.12844,1,72000
self_attention.linear_proj,43,75,0.667969,0,5.97333,5.97333,72000
self_attention.linear_qkv,43,25.9268,0.265625,0,17.2794,17.2794,72000
mlp.linear_fc1,43,34.4469,0.722656,0,13.0055,13.0055,72000
mlp.linear_fc2,43,3136,1.94531,0,0.142857,1,72000
self_attention.linear_proj,44,68,0.441406,0,6.58824,6.58824,72000
self_attention.linear_qkv,44,25.648,0.296875,0,17.4672,17.4672,72000
mlp.linear_fc1,44,33.5746,0.59375,0,13.3434,13.3434,72000
mlp.linear_fc2,44,3520,2.23438,0,0.127273,1,72000
self_attention.linear_proj,57,115.5,0.75,0,3.87879,3.87879,72000
self_attention.linear_qkv,57,47.2229,0.339844,0,9.48692,9.48692,72000
mlp.linear_fc1,57,45.5856,0.722656,0,9.82767,9.82767,72000
mlp.linear_fc2,57,8000,1.30469,0,0.056,1,72000
self_attention.linear_proj,58,138,0.617188,0,3.24638,3.24638,72000
self_attention.linear_qkv,58,49.6147,0.291016,0,9.02958,9.02958,72000
mlp.linear_fc1,58,49.561,0.761719,0,9.03936,9.03936,72000
mlp.linear_fc2,58,10624,2.09375,0,0.0421687,1,72000
self_attention.linear_proj,59,92.5,0.535156,0,4.84324,4.84324,72000
self_attention.linear_qkv,59,44.5795,0.306641,0,10.0495,10.0495,72000
mlp.linear_fc1,59,51.0349,0.855469,0,8.77831,8.77831,72000
mlp.linear_fc2,59,8768,1.38281,0,0.0510949,1,72000
self_attention.linear_proj,60,201,0.558594,0,2.22886,2.22886,72000
self_attention.linear_qkv,60,44.4569,0.363281,0,10.0772,10.0772,72000
mlp.linear_fc1,60,54.2717,0.695312,0,8.25476,8.25476,72000
mlp.linear_fc2,60,14144,1.55469,0,0.0316742,1,72000
self_attention.linear_proj,13,61,1.82031,0,7.34426,7.34426,72000
self_attention.linear_qkv,13,18.7935,0.601562,0,23.6477,23.6477,72000
mlp.linear_fc1,13,8.97075,0.730469,0,47.2081,47.2081,72000
mlp.linear_fc2,13,536,2.90625,0,0.835821,1,72000
self_attention.linear_proj,14,25.875,2.51562,0,17.314,17.314,72000
self_attention.linear_qkv,14,21.8629,0.625,0,20.4913,20.4913,72000
mlp.linear_fc1,14,7.45824,0.601562,0,59.4401,59.4401,72000
mlp.linear_fc2,14,724,1.85156,0,0.618785,1,72000
self_attention.linear_proj,15,27.125,1.64844,0,16.5161,16.5161,72000
self_attention.linear_qkv,15,28.6316,0.539062,0,15.647,15.647,72000
mlp.linear_fc1,15,7.92935,0.792969,0,56.499,56.499,72000
mlp.linear_fc2,15,708,2.39062,0,0.632768,1,72000
self_attention.linear_proj,16,31.625,2.26562,0,14.166,14.166,72000
self_attention.linear_qkv,16,37.3396,0.59375,0,11.998,11.998,72000
mlp.linear_fc1,16,7.24675,0.65625,0,61.8209,61.8209,72000
mlp.linear_fc2,16,880,2.07812,0,0.509091,1,72000
self_attention.linear_proj,29,88,0.71875,0,5.09091,5.09091,72000
self_attention.linear_qkv,29,35.0435,0.546875,0,12.7841,12.7841,72000
mlp.linear_fc1,29,12.7422,0.632812,0,35.1588,35.1588,72000
mlp.linear_fc2,29,2144,1.67188,0,0.208955,1,72000
self_attention.linear_proj,30,94.5,0.699219,0,4.74074,4.74074,72000
self_attention.linear_qkv,30,42.5038,0.466797,0,10.5402,10.5402,72000
mlp.linear_fc1,30,14.2858,0.601562,0,31.3598,31.3598,72000
mlp.linear_fc2,30,2224,2.01562,0,0.201439,1,72000
self_attention.linear_proj,31,85,0.703125,0,5.27059,5.27059,72000
self_attention.linear_qkv,31,37.0103,0.542969,0,12.1047,12.1047,72000
mlp.linear_fc1,31,15.1752,0.474609,0,29.5219,29.5219,72000
mlp.linear_fc2,31,3744,2.54688,0,0.119658,1,72000
self_attention.linear_proj,32,101,0.589844,0,4.43564,4.43564,72000
self_attention.linear_qkv,32,40.5108,0.515625,0,11.0588,11.0588,72000
mlp.linear_fc1,32,15.9632,0.667969,0,28.0646,28.0646,72000
mlp.linear_fc2,32,2464,1.88281,0,0.181818,1,72000
self_attention.linear_proj,45,100.5,0.515625,0,4.45771,4.45771,72000
self_attention.linear_qkv,45,29.9777,0.3125,0,14.9444,14.9444,72000
mlp.linear_fc1,45,34.8153,0.570312,0,12.8679,12.8679,72000
mlp.linear_fc2,45,4128,1.35938,0,0.108527,1,72000
self_attention.linear_proj,46,93.5,0.417969,0,4.79144,4.79144,72000
self_attention.linear_qkv,46,34.5823,0.373047,0,12.9546,12.9546,72000
mlp.linear_fc1,46,34.627,0.640625,0,12.9379,12.9379,72000
mlp.linear_fc2,46,4640,1.32812,0,0.0965517,1,72000
self_attention.linear_proj,47,100.5,0.71875,0,4.45771,4.45771,72000
self_attention.linear_qkv,47,37.931,0.347656,0,11.8109,11.8109,72000
mlp.linear_fc1,47,34.9105,0.761719,0,12.8328,12.8328,72000
mlp.linear_fc2,47,4608,2.03125,0,0.0972222,1,72000
self_attention.linear_proj,48,129,0.527344,0,3.47287,3.47287,72000
self_attention.linear_qkv,48,42.0685,0.470703,0,10.6493,10.6493,72000
mlp.linear_fc1,48,34.3592,0.914062,0,13.0387,13.0387,72000
mlp.linear_fc2,48,4352,1.01562,0,0.102941,1,72000
self_attention.linear_proj,61,109.5,0.574219,0,4.09132,4.09132,72000
self_attention.linear_qkv,61,54.09,0.300781,0,8.2825,8.2825,72000
mlp.linear_fc1,61,58.7612,0.640625,0,7.62407,7.62407,72000
mlp.linear_fc2,61,26880,2.5625,0,0.0166667,1,72000
self_attention.linear_proj,62,115,0.71875,0,3.89565,3.89565,72000
self_attention.linear_qkv,62,64.9401,0.484375,0,6.89866,6.89866,72000
mlp.linear_fc1,62,69.3984,0.515625,0,6.45548,6.45548,72000
mlp.linear_fc2,62,37376,2.21875,0,0.0119863,1,72000
self_attention.linear_proj,63,81,0.777344,0,5.53086,5.53086,72000
self_attention.linear_qkv,63,68.2473,0.257812,0,6.56436,6.56436,72000
mlp.linear_fc1,63,75.4693,0.910156,0,5.93619,5.93619,72000
mlp.linear_fc2,63,112640,2.46875,0,0.00397727,1,72000
self_attention.linear_proj,0,3.14062,2.625,0,142.647,142.647,75126
self_attention.linear_qkv,0,4.12022,0.373047,0,108.732,108.732,75126
mlp.linear_fc1,0,4.28747,0.972656,0,104.49,104.49,75126
mlp.linear_fc2,0,720,2.78125,0,0.622222,1,75126
self_attention.linear_proj,1,6.1875,3.40625,0,72.404,72.404,75126
self_attention.linear_qkv,1,9.06049,0.617188,0,49.4454,49.4454,75126
mlp.linear_fc1,1,6.55906,1.10938,0,68.3024,68.3024,75126
mlp.linear_fc2,1,6240,4.84375,0,0.0717949,1,75126
self_attention.linear_proj,2,10.1875,3.53125,0,43.9755,43.9755,75126
self_attention.linear_qkv,2,7.01817,0.886719,0,63.8343,63.8343,75126
mlp.linear_fc1,2,10.4294,1.16406,0,42.9557,42.9557,75126
mlp.linear_fc2,2,820,2.95312,0,0.546341,1,75126
self_attention.linear_proj,3,18.5,3.9375,0,24.2162,24.2162,75126
self_attention.linear_qkv,3,8.90555,0.863281,0,50.3057,50.3057,75126
mlp.linear_fc1,3,6.99447,1.375,0,64.0506,64.0506,75126
mlp.linear_fc2,3,884,2.04688,0,0.506787,1,75126
self_attention.linear_proj,4,24.25,4.1875,0,18.4742,18.4742,75126
self_attention.linear_qkv,4,11.1686,0.695312,0,40.1123,40.1123,75126
mlp.linear_fc1,4,9.58494,1.34375,0,46.74,46.74,75126
mlp.linear_fc2,4,1384,2.85938,0,0.323699,1,75126
self_attention.linear_proj,17,59,2.39062,0,7.59322,7.59322,75126
self_attention.linear_qkv,17,42.8319,0.527344,0,10.4595,10.4595,75126
mlp.linear_fc1,17,6.1895,0.617188,0,72.3806,72.3806,75126
mlp.linear_fc2,17,1344,2.45312,0,0.333333,1,75126
self_attention.linear_proj,18,47,2.42188,0,9.53191,9.53191,75126
self_attention.linear_qkv,18,38.9612,0.4375,0,11.4986,11.4986,75126
mlp.linear_fc1,18,7.43772,0.886719,0,60.2336,60.2336,75126
mlp.linear_fc2,18,660,1.6875,0,0.678788,1,75126
self_attention.linear_proj,19,38,1.21875,0,11.7895,11.7895,75126
self_attention.linear_qkv,19,40.6028,0.53125,0,11.0337,11.0337,75126
mlp.linear_fc1,19,8.54295,0.953125,0,52.4409,52.4409,75126
mlp.linear_fc2,19,1464,1.9375,0,0.306011,1,75126
self_attention.linear_proj,20,44.5,1.66406,0,10.0674,10.0674,75126
self_attention.linear_qkv,20,41.1395,0.460938,0,10.8898,10.8898,75126
mlp.linear_fc1,20,9.90628,0.777344,0,45.2238,45.2238,75126
mlp.linear_fc2,20,696,2.14062,0,0.643678,1,75126
self_attention.linear_proj,33,105,0.632812,0,4.26667,4.26667,75126
self_attention.linear_qkv,33,35.6756,0.597656,0,12.5576,12.5576,75126
mlp.linear_fc1,33,17.7666,0.613281,0,25.2158,25.2158,75126
mlp.linear_fc2,33,2608,2.17188,0,0.167665,1,75126
self_attention.linear_proj,34,137,0.613281,0,3.27007,3.27007,75126
self_attention.linear_qkv,34,42.5033,0.488281,0,10.5404,10.5404,75126
mlp.linear_fc1,34,19.8533,0.439453,0,22.5656,22.5656,75126
mlp.linear_fc2,34,3424,1.375,0,0.130841,1,75126
self_attention.linear_proj,35,112,0.894531,0,4,4,75126
self_attention.linear_qkv,35,42.9174,0.503906,0,10.4386,10.4386,75126
mlp.linear_fc1,35,23.2869,0.554688,0,19.2383,19.2383,75126
mlp.linear_fc2,35,2624,2.0625,0,0.170732,1,75126
self_attention.linear_proj,36,82,0.625,0,5.46341,5.46341,75126
self_attention.linear_qkv,36,30.7981,0.492188,0,14.5464,14.5464,75126
mlp.linear_fc1,36,34.4547,0.695312,0,13.0026,13.0026,75126
mlp.linear_fc2,36,2656,2.5625,0,0.168675,1,75126
self_attention.linear_proj,49,89.5,0.546875,0,5.00559,5.00559,75126
self_attention.linear_qkv,49,39.8933,0.373047,0,11.23,11.23,75126
mlp.linear_fc1,49,33.0715,0.585938,0,13.5464,13.5464,75126
mlp.linear_fc2,49,4960,0.953125,0,0.0903226,1,75126
self_attention.linear_proj,50,94.5,1.05469,0,4.74074,4.74074,75126
self_attention.linear_qkv,50,42.1181,0.464844,0,10.6368,10.6368,75126
mlp.linear_fc1,50,31.7464,0.847656,0,14.1118,14.1118,75126
mlp.linear_fc2,50,5248,1.01562,0,0.0853659,1,75126
self_attention.linear_proj,51,100,0.40625,0,4.48,4.48,75126
self_attention.linear_qkv,51,36.5486,0.351562,0,12.2576,12.2576,75126
mlp.linear_fc1,51,31.6683,0.511719,0,14.1467,14.1467,75126
mlp.linear_fc2,51,7424,1.32031,0,0.0603448,1,75126
self_attention.linear_proj,52,106.5,1.11719,0,4.20657,4.20657,75126
self_attention.linear_qkv,52,45.7458,0.376953,0,9.79325,9.79325,75126
mlp.linear_fc1,52,31.1894,0.941406,0,14.3638,14.3638,75126
mlp.linear_fc2,52,8384,1.25781,0,0.0534351,1,75126
self_attention.linear_proj,5,22.375,3.53125,0,20.0223,20.0223,75126
self_attention.linear_qkv,5,15.306,0.902344,0,29.2696,29.2696,75126
mlp.linear_fc1,5,16.3782,1.10938,0,27.3534,27.3534,75126
mlp.linear_fc2,5,4832,5.4375,0,0.0927152,1,75126
self_attention.linear_proj,6,33.25,2.03125,0,13.4737,13.4737,75126
self_attention.linear_qkv,6,13.4366,0.601562,0,33.3417,33.3417,75126
mlp.linear_fc1,6,9.08239,1.16406,0,49.3262,49.3262,75126
mlp.linear_fc2,6,1328,2.40625,0,0.337349,1,75126
self_attention.linear_proj,7,28,2.75,0,16,16,75126
self_attention.linear_qkv,7,12.1795,0.617188,0,36.7832,36.7832,75126
mlp.linear_fc1,7,8.54893,1.03125,0,52.4042,52.4042,75126
mlp.linear_fc2,7,728,2.8125,0,0.615385,1,75126
self_attention.linear_proj,8,24.5,2.07812,0,18.2857,18.2857,75126
self_attention.linear_qkv,8,15.4941,0.683594,0,28.9141,28.9141,75126
mlp.linear_fc1,8,9.28654,0.808594,0,48.2419,48.2419,75126
mlp.linear_fc2,8,612,2.9375,0,0.732026,1,75126
self_attention.linear_proj,21,57,1.79688,0,7.85965,7.85965,75126
self_attention.linear_qkv,21,46.0954,0.472656,0,9.71898,9.71898,75126
mlp.linear_fc1,21,10.0314,0.785156,0,44.6596,44.6596,75126
mlp.linear_fc2,21,876,2.34375,0,0.511416,1,75126
self_attention.linear_proj,22,80.5,1.50781,0,5.56522,5.56522,75126
self_attention.linear_qkv,22,46.3596,0.546875,0,9.66358,9.66358,75126
mlp.linear_fc1,22,8.53443,0.589844,0,52.4933,52.4933,75126
mlp.linear_fc2,22,800,1.53125,0,0.56,1,75126
self_attention.linear_proj,23,74.5,1.79688,0,6.01342,6.01342,75126
self_attention.linear_qkv,23,46.606,0.621094,0,9.6125,9.6125,75126
mlp.linear_fc1,23,10.3114,0.570312,0,43.4472,43.4472,75126
mlp.linear_fc2,23,1080,2.51562,0,0.414815,1,75126
self_attention.linear_proj,24,68.5,0.777344,0,6.54015,6.54015,75126
self_attention.linear_qkv,24,44.3902,0.582031,0,10.0923,10.0923,75126
mlp.linear_fc1,24,10.3094,1.10156,0,43.4553,43.4553,75126
mlp.linear_fc2,24,1192,1.39062,0,0.375839,1,75126
self_attention.linear_proj,37,57.5,0.988281,0,7.7913,7.7913,75126
self_attention.linear_qkv,37,21.9615,0.357422,0,20.3993,20.3993,75126
mlp.linear_fc1,37,33.9298,0.660156,0,13.2037,13.2037,75126
mlp.linear_fc2,37,3616,2.125,0,0.123894,1,75126
self_attention.linear_proj,38,84.5,0.816406,0,5.30177,5.30177,75126
self_attention.linear_qkv,38,32.565,0.345703,0,13.7571,13.7571,75126
mlp.linear_fc1,38,31.9079,0.578125,0,14.0404,14.0404,75126
mlp.linear_fc2,38,3424,2.98438,0,0.130841,1,75126
self_attention.linear_proj,39,67.5,1.125,0,6.63704,6.63704,75126
self_attention.linear_qkv,39,26.0267,0.375,0,17.2131,17.2131,75126
mlp.linear_fc1,39,31.1478,0.546875,0,14.383,14.383,75126
mlp.linear_fc2,39,3040,1.29688,0,0.147368,1,75126
self_attention.linear_proj,40,86.5,0.742188,0,5.17919,5.17919,75126
self_attention.linear_qkv,40,26.7456,0.351562,0,16.7504,16.7504,75126
mlp.linear_fc1,40,31.1859,0.566406,0,14.3654,14.3654,75126
mlp.linear_fc2,40,2896,1.71875,0,0.154696,1,75126
self_attention.linear_proj,53,118.5,0.542969,0,3.78059,3.78059,75126
self_attention.linear_qkv,53,40.8236,0.349609,0,10.974,10.974,75126
mlp.linear_fc1,53,31.1994,0.902344,0,14.3592,14.3592,75126
mlp.linear_fc2,53,8320,1.59375,0,0.0538462,1,75126
self_attention.linear_proj,54,119.5,0.992188,0,3.74895,3.74895,75126
self_attention.linear_qkv,54,37.4133,0.330078,0,11.9743,11.9743,75126
mlp.linear_fc1,54,35.4885,1.11719,0,12.6238,12.6238,75126
mlp.linear_fc2,54,6720,1.44531,0,0.0666667,1,75126
self_attention.linear_proj,55,115.5,0.851562,0,3.87879,3.87879,75126
self_attention.linear_qkv,55,45.4625,0.376953,0,9.85427,9.85427,75126
mlp.linear_fc1,55,37.3623,0.667969,0,11.9907,11.9907,75126
mlp.linear_fc2,55,7744,1.1875,0,0.0578512,1,75126
self_attention.linear_proj,56,104.5,0.882812,0,4.28708,4.28708,75126
self_attention.linear_qkv,56,44.1308,0.582031,0,10.1516,10.1516,75126
mlp.linear_fc1,56,39.6949,0.933594,0,11.2861,11.2861,75126
mlp.linear_fc2,56,6912,1.29688,0,0.0648148,1,75126
self_attention.linear_proj,9,24,4.4375,0,18.6667,18.6667,75126
self_attention.linear_qkv,9,16.0562,0.691406,0,27.9019,27.9019,75126
mlp.linear_fc1,9,11.1273,1,0,40.2612,40.2612,75126
mlp.linear_fc2,9,3072,3.98438,0,0.145833,1,75126
self_attention.linear_proj,10,29,2.26562,0,15.4483,15.4483,75126
self_attention.linear_qkv,10,16.714,0.546875,0,26.8038,26.8038,75126
mlp.linear_fc1,10,8.70625,0.726562,0,51.4573,51.4573,75126
mlp.linear_fc2,10,820,4,0,0.546341,1,75126
self_attention.linear_proj,11,24.375,3.21875,0,18.3795,18.3795,75126
self_attention.linear_qkv,11,16.3162,0.53125,0,27.4575,27.4575,75126
mlp.linear_fc1,11,6.9227,0.769531,0,64.7147,64.7147,75126
mlp.linear_fc2,11,792,3.0625,0,0.565657,1,75126
self_attention.linear_proj,12,35.75,1.97656,0,12.5315,12.5315,75126
self_attention.linear_qkv,12,14.9979,0.605469,0,29.8708,29.8708,75126
mlp.linear_fc1,12,6.83876,0.738281,0,65.509,65.509,75126
mlp.linear_fc2,12,792,2.78125,0,0.565657,1,75126
self_attention.linear_proj,25,63,0.773438,0,7.11111,7.11111,75126
self_attention.linear_qkv,25,33.3621,0.488281,0,13.4284,13.4284,75126
mlp.linear_fc1,25,10.8996,0.554688,0,41.1024,41.1024,75126
mlp.linear_fc2,25,1840,2.0625,0,0.243478,1,75126
self_attention.linear_proj,26,68.5,1.09375,0,6.54015,6.54015,75126
self_attention.linear_qkv,26,41.2554,0.488281,0,10.8592,10.8592,75126
mlp.linear_fc1,26,11.7279,0.613281,0,38.1995,38.1995,75126
mlp.linear_fc2,26,2144,1.875,0,0.208955,1,75126
self_attention.linear_proj,27,116.5,0.617188,0,3.84549,3.84549,75126
self_attention.linear_qkv,27,40.0879,0.511719,0,11.1754,11.1754,75126
mlp.linear_fc1,27,11.2525,0.605469,0,39.8132,39.8132,75126
mlp.linear_fc2,27,2128,1.99219,0,0.210526,1,75126
self_attention.linear_proj,28,88,0.652344,0,5.09091,5.09091,75126
self_attention.linear_qkv,28,34.1926,0.59375,0,13.1023,13.1023,75126
mlp.linear_fc1,28,12.6723,0.675781,0,35.3526,35.3526,75126
mlp.linear_fc2,28,2448,2.25,0,0.183007,1,75126
self_attention.linear_proj,41,56.5,0.453125,0,7.9292,7.9292,75126
self_attention.linear_qkv,41,24.381,0.326172,0,18.375,18.375,75126
mlp.linear_fc1,41,32.5565,0.722656,0,13.7607,13.7607,75126
mlp.linear_fc2,41,3680,0.914062,0,0.121739,1,75126
self_attention.linear_proj,42,63,0.535156,0,7.11111,7.11111,75126
self_attention.linear_qkv,42,22.9834,0.273438,0,19.4924,19.4924,75126
mlp.linear_fc1,42,32.0779,0.679688,0,13.966,13.966,75126
mlp.linear_fc2,42,3424,2.46875,0,0.130841,1,75126
self_attention.linear_proj,43,76.5,0.699219,0,5.85621,5.85621,75126
self_attention.linear_qkv,43,26.0631,0.273438,0,17.189,17.189,75126
mlp.linear_fc1,43,32.3871,0.714844,0,13.8327,13.8327,75126
mlp.linear_fc2,43,3856,2.01562,0,0.116183,1,75126
self_attention.linear_proj,44,70,0.462891,0,6.4,6.4,75126
self_attention.linear_qkv,44,25.5106,0.320312,0,17.5614,17.5614,75126
mlp.linear_fc1,44,31.5504,0.582031,0,14.1995,14.1995,75126
mlp.linear_fc2,44,3936,2.34375,0,0.113821,1,75126
self_attention.linear_proj,57,108.5,0.742188,0,4.12903,4.12903,75126
self_attention.linear_qkv,57,43.3917,0.349609,0,10.3245,10.3245,75126
mlp.linear_fc1,57,41.2602,0.75,0,10.8579,10.8579,75126
mlp.linear_fc2,57,8768,1.375,0,0.0510949,1,75126
self_attention.linear_proj,58,138,0.628906,0,3.24638,3.24638,75126
self_attention.linear_qkv,58,45.7651,0.287109,0,9.78912,9.78912,75126
mlp.linear_fc1,58,41.9602,0.8125,0,10.6768,10.6768,75126
mlp.linear_fc2,58,9216,2.14062,0,0.0486111,1,75126
self_attention.linear_proj,59,98,0.5625,0,4.57143,4.57143,75126
self_attention.linear_qkv,59,42.0848,0.3125,0,10.6452,10.6452,75126
mlp.linear_fc1,59,44.6723,0.886719,0,10.0286,10.0286,75126
mlp.linear_fc2,59,7744,1.35156,0,0.0578512,1,75126
self_attention.linear_proj,60,217,0.597656,0,2.06452,2.06452,75126
self_attention.linear_qkv,60,41.3363,0.361328,0,10.8379,10.8379,75126
mlp.linear_fc1,60,48.8452,0.714844,0,9.17183,9.17183,75126
mlp.linear_fc2,60,14464,1.65625,0,0.0309735,1,75126
self_attention.linear_proj,13,57.25,1.90625,0,7.82533,7.82533,75126
self_attention.linear_qkv,13,17.4866,0.644531,0,25.6196,25.6196,75126
mlp.linear_fc1,13,6.35581,0.753906,0,70.4867,70.4867,75126
mlp.linear_fc2,13,560,3.04688,0,0.8,1,75126
self_attention.linear_proj,14,27.875,2.60938,0,16.0717,16.0717,75126
self_attention.linear_qkv,14,20.4713,0.648438,0,21.8843,21.8843,75126
mlp.linear_fc1,14,6.61716,0.621094,0,67.7028,67.7028,75126
mlp.linear_fc2,14,592,1.92969,0,0.756757,1,75126
self_attention.linear_proj,15,26.625,1.73438,0,16.8263,16.8263,75126
self_attention.linear_qkv,15,26.8327,0.566406,0,16.696,16.696,75126
mlp.linear_fc1,15,6.38976,0.839844,0,70.1121,70.1121,75126
mlp.linear_fc2,15,696,2.51562,0,0.643678,1,75126
self_attention.linear_proj,16,32.75,2.34375,0,13.6794,13.6794,75126
self_attention.linear_qkv,16,35.112,0.625,0,12.7592,12.7592,75126
mlp.linear_fc1,16,5.63841,0.679688,0,79.455,79.455,75126
mlp.linear_fc2,16,816,2.1875,0,0.54902,1,75126
self_attention.linear_proj,29,82,0.742188,0,5.46341,5.46341,75126
self_attention.linear_qkv,29,34.7134,0.550781,0,12.9057,12.9057,75126
mlp.linear_fc1,29,13.7927,0.636719,0,32.4809,32.4809,75126
mlp.linear_fc2,29,2208,1.70312,0,0.202899,1,75126
self_attention.linear_proj,30,99.5,0.730469,0,4.50251,4.50251,75126
self_attention.linear_qkv,30,41.6595,0.484375,0,10.7538,10.7538,75126
mlp.linear_fc1,30,15.0907,0.621094,0,29.6871,29.6871,75126
mlp.linear_fc2,30,2096,2.125,0,0.21374,1,75126
self_attention.linear_proj,31,82.5,0.707031,0,5.4303,5.4303,75126
self_attention.linear_qkv,31,36.6275,0.558594,0,12.2313,12.2313,75126
mlp.linear_fc1,31,15.9111,0.494141,0,28.1564,28.1564,75126
mlp.linear_fc2,31,3232,2.70312,0,0.138614,1,75126
self_attention.linear_proj,32,105,0.605469,0,4.26667,4.26667,75126
self_attention.linear_qkv,32,40.2446,0.519531,0,11.1319,11.1319,75126
mlp.linear_fc1,32,17.3584,0.710938,0,25.8089,25.8089,75126
mlp.linear_fc2,32,2976,1.95312,0,0.150538,1,75126
self_attention.linear_proj,45,104,0.53125,0,4.30769,4.30769,75126
self_attention.linear_qkv,45,29.8368,0.328125,0,15.015,15.015,75126
mlp.linear_fc1,45,32.4943,0.582031,0,13.787,13.787,75126
mlp.linear_fc2,45,3392,1.38281,0,0.132075,1,75126
self_attention.linear_proj,46,98,0.439453,0,4.57143,4.57143,75126
self_attention.linear_qkv,46,34.0429,0.378906,0,13.1599,13.1599,75126
mlp.linear_fc1,46,32.4076,0.648438,0,13.8239,13.8239,75126
mlp.linear_fc2,46,5760,1.33594,0,0.0777778,1,75126
self_attention.linear_proj,47,100,0.742188,0,4.48,4.48,75126
self_attention.linear_qkv,47,37.9273,0.359375,0,11.8121,11.8121,75126
mlp.linear_fc1,47,32.1294,0.785156,0,13.9436,13.9436,75126
mlp.linear_fc2,47,4896,2.14062,0,0.0915033,1,75126
self_attention.linear_proj,48,127,0.535156,0,3.52756,3.52756,75126
self_attention.linear_qkv,48,40.0151,0.494141,0,11.1958,11.1958,75126
mlp.linear_fc1,48,31.7405,0.941406,0,14.1145,14.1145,75126
mlp.linear_fc2,48,4672,1.03906,0,0.0958904,1,75126
self_attention.linear_proj,61,109.5,0.589844,0,4.09132,4.09132,75126
self_attention.linear_qkv,61,57.1358,0.300781,0,7.84097,7.84097,75126
mlp.linear_fc1,61,59.1072,0.699219,0,7.57945,7.57945,75126
mlp.linear_fc2,61,26496,2.59375,0,0.0169082,1,75126
self_attention.linear_proj,62,119,0.761719,0,3.76471,3.76471,75126
self_attention.linear_qkv,62,63.3374,0.511719,0,7.07323,7.07323,75126
mlp.linear_fc1,62,70.0217,0.503906,0,6.39801,6.39801,75126
mlp.linear_fc2,62,29312,2.25,0,0.0152838,1,75126
self_attention.linear_proj,63,82.5,0.824219,0,5.4303,5.4303,75126
self_attention.linear_qkv,63,64.0106,0.259766,0,6.99885,6.99885,75126
mlp.linear_fc1,63,78.5231,0.867188,0,5.70532,5.70532,75126
mlp.linear_fc2,63,557056,2.75,0,0.000804228,1,75126
