run,iteration,norm_family,tensor,layer,numel,gain_rms,gain_abs_max,baseline_iteration,gain_rms_ratio_to_baseline,finite_frac,zero_frac,sample_relative_delta_rms,sample_cosine,sample_sign_flip_frac
flagship,4000,attention_input_norm,decoder.layers.self_attention.linear_qkv.layer_norm_weight,0,5120,0.986870231,1,4000,1,1,0,0,1,0
flagship,4000,attention_input_norm,decoder.layers.self_attention.linear_qkv.layer_norm_weight,1,5120,0.990053891,1,4000,1,1,0,0,1,0
flagship,4000,attention_input_norm,decoder.layers.self_attention.linear_qkv.layer_norm_weight,2,5120,1.00100116,1.015625,4000,1,1,0,0,1,0
flagship,4000,attention_input_norm,decoder.layers.self_attention.linear_qkv.layer_norm_weight,3,5120,1.00581596,1.0234375,4000,1,1,0,0,1,0
flagship,4000,attention_input_norm,decoder.layers.self_attention.linear_qkv.layer_norm_weight,4,5120,1.00003275,1.015625,4000,1,1,0,0,1,0
flagship,4000,attention_input_norm,decoder.layers.self_attention.linear_qkv.layer_norm_weight,5,5120,1.00404281,1.015625,4000,1,1,0,0,1,0
flagship,4000,attention_input_norm,decoder.layers.self_attention.linear_qkv.layer_norm_weight,6,5120,1.00592818,1.03125,4000,1,1,0,0,1,0
flagship,4000,attention_input_norm,decoder.layers.self_attention.linear_qkv.layer_norm_weight,7,5120,1.0118958,1.0390625,4000,1,1,0,0,1,0
flagship,4000,attention_input_norm,decoder.layers.self_attention.linear_qkv.layer_norm_weight,8,5120,0.990461326,1,4000,1,1,0,0,1,0
flagship,4000,attention_input_norm,decoder.layers.self_attention.linear_qkv.layer_norm_weight,9,5120,0.985668013,0.99609375,4000,1,1,0,0,1,0
flagship,4000,attention_input_norm,decoder.layers.self_attention.linear_qkv.layer_norm_weight,10,5120,0.984494617,0.99609375,4000,1,1,0,0,1,0
flagship,4000,attention_input_norm,decoder.layers.self_attention.linear_qkv.layer_norm_weight,11,5120,0.984101489,0.99609375,4000,1,1,0,0,1,0
flagship,4000,attention_input_norm,decoder.layers.self_attention.linear_qkv.layer_norm_weight,12,5120,0.984135046,0.99609375,4000,1,1,0,0,1,0
flagship,4000,attention_input_norm,decoder.layers.self_attention.linear_qkv.layer_norm_weight,13,5120,0.983968771,0.99609375,4000,1,1,0,0,1,0
flagship,4000,attention_input_norm,decoder.layers.self_attention.linear_qkv.layer_norm_weight,14,5120,0.982750836,0.99609375,4000,1,1,0,0,1,0
flagship,4000,attention_input_norm,decoder.layers.self_attention.linear_qkv.layer_norm_weight,15,5120,0.983070082,0.99609375,4000,1,1,0,0,1,0
flagship,4000,attention_input_norm,decoder.layers.self_attention.linear_qkv.layer_norm_weight,16,5120,0.982832307,0.99609375,4000,1,1,0,0,1,0
flagship,4000,attention_input_norm,decoder.layers.self_attention.linear_qkv.layer_norm_weight,17,5120,0.984034363,0.99609375,4000,1,1,0,0,1,0
flagship,4000,attention_input_norm,decoder.layers.self_attention.linear_qkv.layer_norm_weight,18,5120,0.982754116,0.99609375,4000,1,1,0,0,1,0
flagship,4000,attention_input_norm,decoder.layers.self_attention.linear_qkv.layer_norm_weight,19,5120,0.986068779,1,4000,1,1,0,0,1,0
flagship,4000,attention_input_norm,decoder.layers.self_attention.linear_qkv.layer_norm_weight,20,5120,0.982674207,0.99609375,4000,1,1,0,0,1,0
flagship,4000,attention_input_norm,decoder.layers.self_attention.linear_qkv.layer_norm_weight,21,5120,0.983309482,0.99609375,4000,1,1,0,0,1,0
flagship,4000,attention_input_norm,decoder.layers.self_attention.linear_qkv.layer_norm_weight,22,5120,0.988661564,1.0078125,4000,1,1,0,0,1,0
flagship,4000,attention_input_norm,decoder.layers.self_attention.linear_qkv.layer_norm_weight,23,5120,0.984985574,0.99609375,4000,1,1,0,0,1,0
flagship,4000,attention_input_norm,decoder.layers.self_attention.linear_qkv.layer_norm_weight,24,5120,0.99023878,1.0078125,4000,1,1,0,0,1,0
flagship,4000,attention_input_norm,decoder.layers.self_attention.linear_qkv.layer_norm_weight,25,5120,0.985512707,1,4000,1,1,0,0,1,0
flagship,4000,attention_input_norm,decoder.layers.self_attention.linear_qkv.layer_norm_weight,26,5120,0.982860767,0.99609375,4000,1,1,0,0,1,0
flagship,4000,attention_input_norm,decoder.layers.self_attention.linear_qkv.layer_norm_weight,27,5120,0.991628396,1.0078125,4000,1,1,0,0,1,0
flagship,4000,attention_input_norm,decoder.layers.self_attention.linear_qkv.layer_norm_weight,28,5120,0.983302674,0.99609375,4000,1,1,0,0,1,0
flagship,4000,attention_input_norm,decoder.layers.self_attention.linear_qkv.layer_norm_weight,29,5120,0.985046202,1,4000,1,1,0,0,1,0
flagship,4000,attention_input_norm,decoder.layers.self_attention.linear_qkv.layer_norm_weight,30,5120,0.984434895,1,4000,1,1,0,0,1,0
flagship,4000,attention_input_norm,decoder.layers.self_attention.linear_qkv.layer_norm_weight,31,5120,0.981882805,0.99609375,4000,1,1,0,0,1,0
flagship,4000,attention_input_norm,decoder.layers.self_attention.linear_qkv.layer_norm_weight,32,5120,0.982532302,0.99609375,4000,1,1,0,0,1,0
flagship,4000,attention_input_norm,decoder.layers.self_attention.linear_qkv.layer_norm_weight,33,5120,0.982043507,0.99609375,4000,1,1,0,0,1,0
flagship,4000,attention_input_norm,decoder.layers.self_attention.linear_qkv.layer_norm_weight,34,5120,0.983100698,0.99609375,4000,1,1,0,0,1,0
flagship,4000,attention_input_norm,decoder.layers.self_attention.linear_qkv.layer_norm_weight,35,5120,0.982188083,0.99609375,4000,1,1,0,0,1,0
flagship,4000,attention_input_norm,decoder.layers.self_attention.linear_qkv.layer_norm_weight,36,5120,0.981901532,0.99609375,4000,1,1,0,0,1,0
flagship,4000,attention_input_norm,decoder.layers.self_attention.linear_qkv.layer_norm_weight,37,5120,0.981531074,0.99609375,4000,1,1,0,0,1,0
flagship,4000,attention_input_norm,decoder.layers.self_attention.linear_qkv.layer_norm_weight,38,5120,0.982043103,0.99609375,4000,1,1,0,0,1,0
flagship,4000,attention_input_norm,decoder.layers.self_attention.linear_qkv.layer_norm_weight,39,5120,0.981688187,0.99609375,4000,1,1,0,0,1,0
flagship,4000,attention_input_norm,decoder.layers.self_attention.linear_qkv.layer_norm_weight,40,5120,0.982082763,0.99609375,4000,1,1,0,0,1,0
flagship,4000,attention_input_norm,decoder.layers.self_attention.linear_qkv.layer_norm_weight,41,5120,0.982041991,0.99609375,4000,1,1,0,0,1,0
flagship,4000,attention_input_norm,decoder.layers.self_attention.linear_qkv.layer_norm_weight,42,5120,0.98215522,0.99609375,4000,1,1,0,0,1,0
flagship,4000,attention_input_norm,decoder.layers.self_attention.linear_qkv.layer_norm_weight,43,5120,0.982644931,0.99609375,4000,1,1,0,0,1,0
flagship,4000,attention_input_norm,decoder.layers.self_attention.linear_qkv.layer_norm_weight,44,5120,0.982940786,0.99609375,4000,1,1,0,0,1,0
flagship,4000,attention_input_norm,decoder.layers.self_attention.linear_qkv.layer_norm_weight,45,5120,0.98546458,1,4000,1,1,0,0,1,0
flagship,4000,attention_input_norm,decoder.layers.self_attention.linear_qkv.layer_norm_weight,46,5120,0.988659481,1,4000,1,1,0,0,1,0
flagship,4000,attention_input_norm,decoder.layers.self_attention.linear_qkv.layer_norm_weight,47,5120,0.985461613,1,4000,1,1,0,0,1,0
flagship,4000,attention_input_norm,decoder.layers.self_attention.linear_qkv.layer_norm_weight,48,5120,0.991137885,1.0078125,4000,1,1,0,0,1,0
flagship,4000,attention_input_norm,decoder.layers.self_attention.linear_qkv.layer_norm_weight,49,5120,0.996217437,1.015625,4000,1,1,0,0,1,0
flagship,4000,attention_input_norm,decoder.layers.self_attention.linear_qkv.layer_norm_weight,50,5120,0.987914092,1,4000,1,1,0,0,1,0
flagship,4000,attention_input_norm,decoder.layers.self_attention.linear_qkv.layer_norm_weight,51,5120,0.988343372,1,4000,1,1,0,0,1,0
flagship,4000,attention_input_norm,decoder.layers.self_attention.linear_qkv.layer_norm_weight,52,5120,0.987995553,1,4000,1,1,0,0,1,0
flagship,4000,attention_input_norm,decoder.layers.self_attention.linear_qkv.layer_norm_weight,53,5120,0.993753525,1.0078125,4000,1,1,0,0,1,0
flagship,4000,attention_input_norm,decoder.layers.self_attention.linear_qkv.layer_norm_weight,54,5120,0.990808406,1.0078125,4000,1,1,0,0,1,0
flagship,4000,attention_input_norm,decoder.layers.self_attention.linear_qkv.layer_norm_weight,55,5120,0.997035353,1.015625,4000,1,1,0,0,1,0
flagship,4000,attention_input_norm,decoder.layers.self_attention.linear_qkv.layer_norm_weight,56,5120,0.992858011,1,4000,1,1,0,0,1,0
flagship,4000,attention_input_norm,decoder.layers.self_attention.linear_qkv.layer_norm_weight,57,5120,0.99842235,1.015625,4000,1,1,0,0,1,0
flagship,4000,attention_input_norm,decoder.layers.self_attention.linear_qkv.layer_norm_weight,58,5120,0.996936205,1.0078125,4000,1,1,0,0,1,0
flagship,4000,attention_input_norm,decoder.layers.self_attention.linear_qkv.layer_norm_weight,59,5120,0.999060325,1.015625,4000,1,1,0,0,1,0
flagship,4000,attention_input_norm,decoder.layers.self_attention.linear_qkv.layer_norm_weight,60,5120,0.994952105,1,4000,1,1,0,0,1,0
flagship,4000,attention_input_norm,decoder.layers.self_attention.linear_qkv.layer_norm_weight,61,5120,0.998212237,1.0078125,4000,1,1,0,0,1,0
flagship,4000,attention_input_norm,decoder.layers.self_attention.linear_qkv.layer_norm_weight,62,5120,0.995530838,1.0078125,4000,1,1,0,0,1,0
flagship,4000,attention_input_norm,decoder.layers.self_attention.linear_qkv.layer_norm_weight,63,5120,0.995993757,1.0078125,4000,1,1,0,0,1,0
flagship,4000,final_norm,decoder.final_layernorm.weight,-1,5120,1.10695637,1.2109375,4000,1,1,0,0,1,0
flagship,4000,k_norm,decoder.layers.self_attention.k_layernorm.weight,0,128,0.965630215,1.03125,4000,1,1,0,0,1,0
flagship,4000,k_norm,decoder.layers.self_attention.k_layernorm.weight,1,128,1.07968116,1.1328125,4000,1,1,0,0,1,0
flagship,4000,k_norm,decoder.layers.self_attention.k_layernorm.weight,2,128,1.12561739,1.1796875,4000,1,1,0,0,1,0
flagship,4000,k_norm,decoder.layers.self_attention.k_layernorm.weight,3,128,1.14233396,1.1875,4000,1,1,0,0,1,0
flagship,4000,k_norm,decoder.layers.self_attention.k_layernorm.weight,4,128,1.1110258,1.1484375,4000,1,1,0,0,1,0
flagship,4000,k_norm,decoder.layers.self_attention.k_layernorm.weight,5,128,1.12247948,1.1640625,4000,1,1,0,0,1,0
flagship,4000,k_norm,decoder.layers.self_attention.k_layernorm.weight,6,128,1.15834474,1.1953125,4000,1,1,0,0,1,0
flagship,4000,k_norm,decoder.layers.self_attention.k_layernorm.weight,7,128,1.15182494,1.1953125,4000,1,1,0,0,1,0
flagship,4000,k_norm,decoder.layers.self_attention.k_layernorm.weight,8,128,1.08850968,1.1328125,4000,1,1,0,0,1,0
flagship,4000,k_norm,decoder.layers.self_attention.k_layernorm.weight,9,128,1.0455874,1.125,4000,1,1,0,0,1,0
flagship,4000,k_norm,decoder.layers.self_attention.k_layernorm.weight,10,128,1.0331853,1.09375,4000,1,1,0,0,1,0
flagship,4000,k_norm,decoder.layers.self_attention.k_layernorm.weight,11,128,1.03054791,1.09375,4000,1,1,0,0,1,0
flagship,4000,k_norm,decoder.layers.self_attention.k_layernorm.weight,12,128,1.036671,1.09375,4000,1,1,0,0,1,0
flagship,4000,k_norm,decoder.layers.self_attention.k_layernorm.weight,13,128,1.02685425,1.0859375,4000,1,1,0,0,1,0
flagship,4000,k_norm,decoder.layers.self_attention.k_layernorm.weight,14,128,1.00596953,1.0546875,4000,1,1,0,0,1,0
flagship,4000,k_norm,decoder.layers.self_attention.k_layernorm.weight,15,128,1.01993339,1.0859375,4000,1,1,0,0,1,0
flagship,4000,k_norm,decoder.layers.self_attention.k_layernorm.weight,16,128,1.01119121,1.0703125,4000,1,1,0,0,1,0
flagship,4000,k_norm,decoder.layers.self_attention.k_layernorm.weight,17,128,1.04287056,1.1171875,4000,1,1,0,0,1,0
flagship,4000,k_norm,decoder.layers.self_attention.k_layernorm.weight,18,128,1.02180806,1.09375,4000,1,1,0,0,1,0
flagship,4000,k_norm,decoder.layers.self_attention.k_layernorm.weight,19,128,1.0528989,1.125,4000,1,1,0,0,1,0
flagship,4000,k_norm,decoder.layers.self_attention.k_layernorm.weight,20,128,1.02154436,1.09375,4000,1,1,0,0,1,0
flagship,4000,k_norm,decoder.layers.self_attention.k_layernorm.weight,21,128,1.03504327,1.109375,4000,1,1,0,0,1,0
flagship,4000,k_norm,decoder.layers.self_attention.k_layernorm.weight,22,128,1.06073238,1.140625,4000,1,1,0,0,1,0
flagship,4000,k_norm,decoder.layers.self_attention.k_layernorm.weight,23,128,1.05009682,1.125,4000,1,1,0,0,1,0
flagship,4000,k_norm,decoder.layers.self_attention.k_layernorm.weight,24,128,1.06534901,1.1328125,4000,1,1,0,0,1,0
flagship,4000,k_norm,decoder.layers.self_attention.k_layernorm.weight,25,128,1.0473107,1.1171875,4000,1,1,0,0,1,0
flagship,4000,k_norm,decoder.layers.self_attention.k_layernorm.weight,26,128,1.03128346,1.1015625,4000,1,1,0,0,1,0
flagship,4000,k_norm,decoder.layers.self_attention.k_layernorm.weight,27,128,1.06355525,1.1328125,4000,1,1,0,0,1,0
flagship,4000,k_norm,decoder.layers.self_attention.k_layernorm.weight,28,128,1.03463018,1.1171875,4000,1,1,0,0,1,0
flagship,4000,k_norm,decoder.layers.self_attention.k_layernorm.weight,29,128,1.04572113,1.1171875,4000,1,1,0,0,1,0
flagship,4000,k_norm,decoder.layers.self_attention.k_layernorm.weight,30,128,1.0459764,1.1171875,4000,1,1,0,0,1,0
flagship,4000,k_norm,decoder.layers.self_attention.k_layernorm.weight,31,128,1.02470564,1.09375,4000,1,1,0,0,1,0
flagship,4000,k_norm,decoder.layers.self_attention.k_layernorm.weight,32,128,1.03213706,1.109375,4000,1,1,0,0,1,0
flagship,4000,k_norm,decoder.layers.self_attention.k_layernorm.weight,33,128,1.02861032,1.1015625,4000,1,1,0,0,1,0
flagship,4000,k_norm,decoder.layers.self_attention.k_layernorm.weight,34,128,1.03540531,1.1171875,4000,1,1,0,0,1,0
flagship,4000,k_norm,decoder.layers.self_attention.k_layernorm.weight,35,128,1.02897503,1.109375,4000,1,1,0,0,1,0
flagship,4000,k_norm,decoder.layers.self_attention.k_layernorm.weight,36,128,1.02522762,1.1015625,4000,1,1,0,0,1,0
flagship,4000,k_norm,decoder.layers.self_attention.k_layernorm.weight,37,128,1.02082953,1.09375,4000,1,1,0,0,1,0
flagship,4000,k_norm,decoder.layers.self_attention.k_layernorm.weight,38,128,1.03329894,1.125,4000,1,1,0,0,1,0
flagship,4000,k_norm,decoder.layers.self_attention.k_layernorm.weight,39,128,1.02310105,1.09375,4000,1,1,0,0,1,0
flagship,4000,k_norm,decoder.layers.self_attention.k_layernorm.weight,40,128,1.02290849,1.1015625,4000,1,1,0,0,1,0
flagship,4000,k_norm,decoder.layers.self_attention.k_layernorm.weight,41,128,1.02760944,1.1015625,4000,1,1,0,0,1,0
flagship,4000,k_norm,decoder.layers.self_attention.k_layernorm.weight,42,128,1.02299612,1.1015625,4000,1,1,0,0,1,0
flagship,4000,k_norm,decoder.layers.self_attention.k_layernorm.weight,43,128,1.02538969,1.1171875,4000,1,1,0,0,1,0
flagship,4000,k_norm,decoder.layers.self_attention.k_layernorm.weight,44,128,1.02686719,1.1015625,4000,1,1,0,0,1,0
flagship,4000,k_norm,decoder.layers.self_attention.k_layernorm.weight,45,128,1.04870582,1.1328125,4000,1,1,0,0,1,0
flagship,4000,k_norm,decoder.layers.self_attention.k_layernorm.weight,46,128,1.04041804,1.140625,4000,1,1,0,0,1,0
flagship,4000,k_norm,decoder.layers.self_attention.k_layernorm.weight,47,128,1.02571772,1.109375,4000,1,1,0,0,1,0
flagship,4000,k_norm,decoder.layers.self_attention.k_layernorm.weight,48,128,1.07821097,1.1484375,4000,1,1,0,0,1,0
flagship,4000,k_norm,decoder.layers.self_attention.k_layernorm.weight,49,128,1.04156886,1.1328125,4000,1,1,0,0,1,0
flagship,4000,k_norm,decoder.layers.self_attention.k_layernorm.weight,50,128,1.0524116,1.1015625,4000,1,1,0,0,1,0
flagship,4000,k_norm,decoder.layers.self_attention.k_layernorm.weight,51,128,1.0528942,1.1328125,4000,1,1,0,0,1,0
flagship,4000,k_norm,decoder.layers.self_attention.k_layernorm.weight,52,128,1.05082992,1.1171875,4000,1,1,0,0,1,0
flagship,4000,k_norm,decoder.layers.self_attention.k_layernorm.weight,53,128,1.07623252,1.140625,4000,1,1,0,0,1,0
flagship,4000,k_norm,decoder.layers.self_attention.k_layernorm.weight,54,128,1.04337454,1.109375,4000,1,1,0,0,1,0
flagship,4000,k_norm,decoder.layers.self_attention.k_layernorm.weight,55,128,1.08699522,1.15625,4000,1,1,0,0,1,0
flagship,4000,k_norm,decoder.layers.self_attention.k_layernorm.weight,56,128,1.07353216,1.140625,4000,1,1,0,0,1,0
flagship,4000,k_norm,decoder.layers.self_attention.k_layernorm.weight,57,128,1.0696443,1.1328125,4000,1,1,0,0,1,0
flagship,4000,k_norm,decoder.layers.self_attention.k_layernorm.weight,58,128,1.07108185,1.140625,4000,1,1,0,0,1,0
flagship,4000,k_norm,decoder.layers.self_attention.k_layernorm.weight,59,128,1.09330413,1.1640625,4000,1,1,0,0,1,0
flagship,4000,k_norm,decoder.layers.self_attention.k_layernorm.weight,60,128,1.04826382,1.1171875,4000,1,1,0,0,1,0
flagship,4000,k_norm,decoder.layers.self_attention.k_layernorm.weight,61,128,1.05507466,1.1484375,4000,1,1,0,0,1,0
flagship,4000,k_norm,decoder.layers.self_attention.k_layernorm.weight,62,128,1.04091577,1.1171875,4000,1,1,0,0,1,0
flagship,4000,k_norm,decoder.layers.self_attention.k_layernorm.weight,63,128,1.02309161,1.0625,4000,1,1,0,0,1,0
flagship,4000,pre_mlp_norm,decoder.layers.mlp.linear_fc1.layer_norm_weight,0,5120,0.979513764,0.9921875,4000,1,1,0,0,1,0
flagship,4000,pre_mlp_norm,decoder.layers.mlp.linear_fc1.layer_norm_weight,1,5120,0.983934228,0.99609375,4000,1,1,0,0,1,0
flagship,4000,pre_mlp_norm,decoder.layers.mlp.linear_fc1.layer_norm_weight,2,5120,0.987109105,1,4000,1,1,0,0,1,0
flagship,4000,pre_mlp_norm,decoder.layers.mlp.linear_fc1.layer_norm_weight,3,5120,0.97952029,0.9921875,4000,1,1,0,0,1,0
flagship,4000,pre_mlp_norm,decoder.layers.mlp.linear_fc1.layer_norm_weight,4,5120,0.980845205,0.9921875,4000,1,1,0,0,1,0
flagship,4000,pre_mlp_norm,decoder.layers.mlp.linear_fc1.layer_norm_weight,5,5120,0.976556746,0.98828125,4000,1,1,0,0,1,0
flagship,4000,pre_mlp_norm,decoder.layers.mlp.linear_fc1.layer_norm_weight,6,5120,0.973454336,0.98828125,4000,1,1,0,0,1,0
flagship,4000,pre_mlp_norm,decoder.layers.mlp.linear_fc1.layer_norm_weight,7,5120,0.976200592,0.9921875,4000,1,1,0,0,1,0
flagship,4000,pre_mlp_norm,decoder.layers.mlp.linear_fc1.layer_norm_weight,8,5120,0.979251105,0.9921875,4000,1,1,0,0,1,0
flagship,4000,pre_mlp_norm,decoder.layers.mlp.linear_fc1.layer_norm_weight,9,5120,0.982336663,1,4000,1,1,0,0,1,0
flagship,4000,pre_mlp_norm,decoder.layers.mlp.linear_fc1.layer_norm_weight,10,5120,0.985011677,1,4000,1,1,0,0,1,0
flagship,4000,pre_mlp_norm,decoder.layers.mlp.linear_fc1.layer_norm_weight,11,5120,0.987548505,1,4000,1,1,0,0,1,0
flagship,4000,pre_mlp_norm,decoder.layers.mlp.linear_fc1.layer_norm_weight,12,5120,0.989606871,1,4000,1,1,0,0,1,0
flagship,4000,pre_mlp_norm,decoder.layers.mlp.linear_fc1.layer_norm_weight,13,5120,0.991688994,1.0078125,4000,1,1,0,0,1,0
flagship,4000,pre_mlp_norm,decoder.layers.mlp.linear_fc1.layer_norm_weight,14,5120,0.993506372,1.0078125,4000,1,1,0,0,1,0
flagship,4000,pre_mlp_norm,decoder.layers.mlp.linear_fc1.layer_norm_weight,15,5120,0.995426508,1.0078125,4000,1,1,0,0,1,0
flagship,4000,pre_mlp_norm,decoder.layers.mlp.linear_fc1.layer_norm_weight,16,5120,0.997002354,1.0078125,4000,1,1,0,0,1,0
flagship,4000,pre_mlp_norm,decoder.layers.mlp.linear_fc1.layer_norm_weight,17,5120,0.998751896,1.015625,4000,1,1,0,0,1,0
flagship,4000,pre_mlp_norm,decoder.layers.mlp.linear_fc1.layer_norm_weight,18,5120,1.00036463,1.015625,4000,1,1,0,0,1,0
flagship,4000,pre_mlp_norm,decoder.layers.mlp.linear_fc1.layer_norm_weight,19,5120,1.00237905,1.015625,4000,1,1,0,0,1,0
flagship,4000,pre_mlp_norm,decoder.layers.mlp.linear_fc1.layer_norm_weight,20,5120,1.00391977,1.015625,4000,1,1,0,0,1,0
flagship,4000,pre_mlp_norm,decoder.layers.mlp.linear_fc1.layer_norm_weight,21,5120,1.0057932,1.0234375,4000,1,1,0,0,1,0
flagship,4000,pre_mlp_norm,decoder.layers.mlp.linear_fc1.layer_norm_weight,22,5120,1.00743286,1.0234375,4000,1,1,0,0,1,0
flagship,4000,pre_mlp_norm,decoder.layers.mlp.linear_fc1.layer_norm_weight,23,5120,1.00917843,1.0234375,4000,1,1,0,0,1,0
flagship,4000,pre_mlp_norm,decoder.layers.mlp.linear_fc1.layer_norm_weight,24,5120,1.01085715,1.0234375,4000,1,1,0,0,1,0
flagship,4000,pre_mlp_norm,decoder.layers.mlp.linear_fc1.layer_norm_weight,25,5120,1.01264297,1.03125,4000,1,1,0,0,1,0
flagship,4000,pre_mlp_norm,decoder.layers.mlp.linear_fc1.layer_norm_weight,26,5120,1.01445817,1.03125,4000,1,1,0,0,1,0
flagship,4000,pre_mlp_norm,decoder.layers.mlp.linear_fc1.layer_norm_weight,27,5120,1.01622063,1.03125,4000,1,1,0,0,1,0
flagship,4000,pre_mlp_norm,decoder.layers.mlp.linear_fc1.layer_norm_weight,28,5120,1.01792437,1.03125,4000,1,1,0,0,1,0
flagship,4000,pre_mlp_norm,decoder.layers.mlp.linear_fc1.layer_norm_weight,29,5120,1.01989124,1.0390625,4000,1,1,0,0,1,0
flagship,4000,pre_mlp_norm,decoder.layers.mlp.linear_fc1.layer_norm_weight,30,5120,1.02157554,1.0390625,4000,1,1,0,0,1,0
flagship,4000,pre_mlp_norm,decoder.layers.mlp.linear_fc1.layer_norm_weight,31,5120,1.02331337,1.0390625,4000,1,1,0,0,1,0
flagship,4000,pre_mlp_norm,decoder.layers.mlp.linear_fc1.layer_norm_weight,32,5120,1.02509464,1.0390625,4000,1,1,0,0,1,0
flagship,4000,pre_mlp_norm,decoder.layers.mlp.linear_fc1.layer_norm_weight,33,5120,1.02698708,1.0390625,4000,1,1,0,0,1,0
flagship,4000,pre_mlp_norm,decoder.layers.mlp.linear_fc1.layer_norm_weight,34,5120,1.0288574,1.0390625,4000,1,1,0,0,1,0
flagship,4000,pre_mlp_norm,decoder.layers.mlp.linear_fc1.layer_norm_weight,35,5120,1.0305861,1.046875,4000,1,1,0,0,1,0
flagship,4000,pre_mlp_norm,decoder.layers.mlp.linear_fc1.layer_norm_weight,36,5120,1.03248206,1.046875,4000,1,1,0,0,1,0
flagship,4000,pre_mlp_norm,decoder.layers.mlp.linear_fc1.layer_norm_weight,37,5120,1.03425235,1.046875,4000,1,1,0,0,1,0
flagship,4000,pre_mlp_norm,decoder.layers.mlp.linear_fc1.layer_norm_weight,38,5120,1.03609848,1.0546875,4000,1,1,0,0,1,0
flagship,4000,pre_mlp_norm,decoder.layers.mlp.linear_fc1.layer_norm_weight,39,5120,1.03800352,1.0546875,4000,1,1,0,0,1,0
flagship,4000,pre_mlp_norm,decoder.layers.mlp.linear_fc1.layer_norm_weight,40,5120,1.03969144,1.0546875,4000,1,1,0,0,1,0
flagship,4000,pre_mlp_norm,decoder.layers.mlp.linear_fc1.layer_norm_weight,41,5120,1.0423547,1.0625,4000,1,1,0,0,1,0
flagship,4000,pre_mlp_norm,decoder.layers.mlp.linear_fc1.layer_norm_weight,42,5120,1.04301269,1.0625,4000,1,1,0,0,1,0
flagship,4000,pre_mlp_norm,decoder.layers.mlp.linear_fc1.layer_norm_weight,43,5120,1.04508554,1.0625,4000,1,1,0,0,1,0
flagship,4000,pre_mlp_norm,decoder.layers.mlp.linear_fc1.layer_norm_weight,44,5120,1.04625288,1.0625,4000,1,1,0,0,1,0
flagship,4000,pre_mlp_norm,decoder.layers.mlp.linear_fc1.layer_norm_weight,45,5120,1.04692246,1.0625,4000,1,1,0,0,1,0
flagship,4000,pre_mlp_norm,decoder.layers.mlp.linear_fc1.layer_norm_weight,46,5120,1.04813823,1.0625,4000,1,1,0,0,1,0
flagship,4000,pre_mlp_norm,decoder.layers.mlp.linear_fc1.layer_norm_weight,47,5120,1.04858231,1.0703125,4000,1,1,0,0,1,0
flagship,4000,pre_mlp_norm,decoder.layers.mlp.linear_fc1.layer_norm_weight,48,5120,1.04910391,1.0703125,4000,1,1,0,0,1,0
flagship,4000,pre_mlp_norm,decoder.layers.mlp.linear_fc1.layer_norm_weight,49,5120,1.04929881,1.0703125,4000,1,1,0,0,1,0
flagship,4000,pre_mlp_norm,decoder.layers.mlp.linear_fc1.layer_norm_weight,50,5120,1.04862907,1.078125,4000,1,1,0,0,1,0
flagship,4000,pre_mlp_norm,decoder.layers.mlp.linear_fc1.layer_norm_weight,51,5120,1.04818164,1.0703125,4000,1,1,0,0,1,0
flagship,4000,pre_mlp_norm,decoder.layers.mlp.linear_fc1.layer_norm_weight,52,5120,1.046866,1.0703125,4000,1,1,0,0,1,0
flagship,4000,pre_mlp_norm,decoder.layers.mlp.linear_fc1.layer_norm_weight,53,5120,1.04483311,1.0703125,4000,1,1,0,0,1,0
flagship,4000,pre_mlp_norm,decoder.layers.mlp.linear_fc1.layer_norm_weight,54,5120,1.04205571,1.0703125,4000,1,1,0,0,1,0
flagship,4000,pre_mlp_norm,decoder.layers.mlp.linear_fc1.layer_norm_weight,55,5120,1.03898861,1.0625,4000,1,1,0,0,1,0
flagship,4000,pre_mlp_norm,decoder.layers.mlp.linear_fc1.layer_norm_weight,56,5120,1.03562079,1.0625,4000,1,1,0,0,1,0
flagship,4000,pre_mlp_norm,decoder.layers.mlp.linear_fc1.layer_norm_weight,57,5120,1.03130543,1.0546875,4000,1,1,0,0,1,0
flagship,4000,pre_mlp_norm,decoder.layers.mlp.linear_fc1.layer_norm_weight,58,5120,1.02663449,1.0546875,4000,1,1,0,0,1,0
flagship,4000,pre_mlp_norm,decoder.layers.mlp.linear_fc1.layer_norm_weight,59,5120,1.02148721,1.046875,4000,1,1,0,0,1,0
flagship,4000,pre_mlp_norm,decoder.layers.mlp.linear_fc1.layer_norm_weight,60,5120,1.01557642,1.03125,4000,1,1,0,0,1,0
flagship,4000,pre_mlp_norm,decoder.layers.mlp.linear_fc1.layer_norm_weight,61,5120,1.01065374,1.0234375,4000,1,1,0,0,1,0
flagship,4000,pre_mlp_norm,decoder.layers.mlp.linear_fc1.layer_norm_weight,62,5120,1.00507235,1.015625,4000,1,1,0,0,1,0
flagship,4000,pre_mlp_norm,decoder.layers.mlp.linear_fc1.layer_norm_weight,63,5120,0.999681497,1.0078125,4000,1,1,0,0,1,0
flagship,4000,q_norm,decoder.layers.self_attention.q_layernorm.weight,0,128,0.965015412,1.0390625,4000,1,1,0,0,1,0
flagship,4000,q_norm,decoder.layers.self_attention.q_layernorm.weight,1,128,1.07998121,1.1328125,4000,1,1,0,0,1,0
flagship,4000,q_norm,decoder.layers.self_attention.q_layernorm.weight,2,128,1.12833166,1.1875,4000,1,1,0,0,1,0
flagship,4000,q_norm,decoder.layers.self_attention.q_layernorm.weight,3,128,1.14402828,1.1875,4000,1,1,0,0,1,0
flagship,4000,q_norm,decoder.layers.self_attention.q_layernorm.weight,4,128,1.11304694,1.1484375,4000,1,1,0,0,1,0
flagship,4000,q_norm,decoder.layers.self_attention.q_layernorm.weight,5,128,1.12392713,1.15625,4000,1,1,0,0,1,0
flagship,4000,q_norm,decoder.layers.self_attention.q_layernorm.weight,6,128,1.16029064,1.1875,4000,1,1,0,0,1,0
flagship,4000,q_norm,decoder.layers.self_attention.q_layernorm.weight,7,128,1.15280556,1.203125,4000,1,1,0,0,1,0
flagship,4000,q_norm,decoder.layers.self_attention.q_layernorm.weight,8,128,1.08914479,1.140625,4000,1,1,0,0,1,0
flagship,4000,q_norm,decoder.layers.self_attention.q_layernorm.weight,9,128,1.04531009,1.125,4000,1,1,0,0,1,0
flagship,4000,q_norm,decoder.layers.self_attention.q_layernorm.weight,10,128,1.0327908,1.09375,4000,1,1,0,0,1,0
flagship,4000,q_norm,decoder.layers.self_attention.q_layernorm.weight,11,128,1.02988963,1.1015625,4000,1,1,0,0,1,0
flagship,4000,q_norm,decoder.layers.self_attention.q_layernorm.weight,12,128,1.03655744,1.0859375,4000,1,1,0,0,1,0
flagship,4000,q_norm,decoder.layers.self_attention.q_layernorm.weight,13,128,1.02827777,1.078125,4000,1,1,0,0,1,0
flagship,4000,q_norm,decoder.layers.self_attention.q_layernorm.weight,14,128,1.0050318,1.0546875,4000,1,1,0,0,1,0
flagship,4000,q_norm,decoder.layers.self_attention.q_layernorm.weight,15,128,1.01906982,1.09375,4000,1,1,0,0,1,0
flagship,4000,q_norm,decoder.layers.self_attention.q_layernorm.weight,16,128,1.01026565,1.0703125,4000,1,1,0,0,1,0
flagship,4000,q_norm,decoder.layers.self_attention.q_layernorm.weight,17,128,1.04257498,1.109375,4000,1,1,0,0,1,0
flagship,4000,q_norm,decoder.layers.self_attention.q_layernorm.weight,18,128,1.02119293,1.09375,4000,1,1,0,0,1,0
flagship,4000,q_norm,decoder.layers.self_attention.q_layernorm.weight,19,128,1.05242559,1.125,4000,1,1,0,0,1,0
flagship,4000,q_norm,decoder.layers.self_attention.q_layernorm.weight,20,128,1.02084015,1.09375,4000,1,1,0,0,1,0
flagship,4000,q_norm,decoder.layers.self_attention.q_layernorm.weight,21,128,1.03397039,1.1171875,4000,1,1,0,0,1,0
flagship,4000,q_norm,decoder.layers.self_attention.q_layernorm.weight,22,128,1.06050377,1.1328125,4000,1,1,0,0,1,0
flagship,4000,q_norm,decoder.layers.self_attention.q_layernorm.weight,23,128,1.04996621,1.125,4000,1,1,0,0,1,0
flagship,4000,q_norm,decoder.layers.self_attention.q_layernorm.weight,24,128,1.0674893,1.1328125,4000,1,1,0,0,1,0
flagship,4000,q_norm,decoder.layers.self_attention.q_layernorm.weight,25,128,1.0477259,1.1171875,4000,1,1,0,0,1,0
flagship,4000,q_norm,decoder.layers.self_attention.q_layernorm.weight,26,128,1.03007504,1.1015625,4000,1,1,0,0,1,0
flagship,4000,q_norm,decoder.layers.self_attention.q_layernorm.weight,27,128,1.06342309,1.1328125,4000,1,1,0,0,1,0
flagship,4000,q_norm,decoder.layers.self_attention.q_layernorm.weight,28,128,1.0337779,1.109375,4000,1,1,0,0,1,0
flagship,4000,q_norm,decoder.layers.self_attention.q_layernorm.weight,29,128,1.04518806,1.1171875,4000,1,1,0,0,1,0
flagship,4000,q_norm,decoder.layers.self_attention.q_layernorm.weight,30,128,1.04507303,1.125,4000,1,1,0,0,1,0
flagship,4000,q_norm,decoder.layers.self_attention.q_layernorm.weight,31,128,1.02385354,1.1015625,4000,1,1,0,0,1,0
flagship,4000,q_norm,decoder.layers.self_attention.q_layernorm.weight,32,128,1.03113758,1.1015625,4000,1,1,0,0,1,0
flagship,4000,q_norm,decoder.layers.self_attention.q_layernorm.weight,33,128,1.02758171,1.1015625,4000,1,1,0,0,1,0
flagship,4000,q_norm,decoder.layers.self_attention.q_layernorm.weight,34,128,1.03422666,1.109375,4000,1,1,0,0,1,0
flagship,4000,q_norm,decoder.layers.self_attention.q_layernorm.weight,35,128,1.02811562,1.109375,4000,1,1,0,0,1,0
flagship,4000,q_norm,decoder.layers.self_attention.q_layernorm.weight,36,128,1.02434034,1.109375,4000,1,1,0,0,1,0
flagship,4000,q_norm,decoder.layers.self_attention.q_layernorm.weight,37,128,1.0197718,1.09375,4000,1,1,0,0,1,0
flagship,4000,q_norm,decoder.layers.self_attention.q_layernorm.weight,38,128,1.03232536,1.1171875,4000,1,1,0,0,1,0
flagship,4000,q_norm,decoder.layers.self_attention.q_layernorm.weight,39,128,1.02211023,1.09375,4000,1,1,0,0,1,0
flagship,4000,q_norm,decoder.layers.self_attention.q_layernorm.weight,40,128,1.02259617,1.1015625,4000,1,1,0,0,1,0
flagship,4000,q_norm,decoder.layers.self_attention.q_layernorm.weight,41,128,1.02649912,1.1015625,4000,1,1,0,0,1,0
flagship,4000,q_norm,decoder.layers.self_attention.q_layernorm.weight,42,128,1.02185624,1.1015625,4000,1,1,0,0,1,0
flagship,4000,q_norm,decoder.layers.self_attention.q_layernorm.weight,43,128,1.02434575,1.109375,4000,1,1,0,0,1,0
flagship,4000,q_norm,decoder.layers.self_attention.q_layernorm.weight,44,128,1.02591441,1.1015625,4000,1,1,0,0,1,0
flagship,4000,q_norm,decoder.layers.self_attention.q_layernorm.weight,45,128,1.04743954,1.1328125,4000,1,1,0,0,1,0
flagship,4000,q_norm,decoder.layers.self_attention.q_layernorm.weight,46,128,1.04003368,1.1328125,4000,1,1,0,0,1,0
flagship,4000,q_norm,decoder.layers.self_attention.q_layernorm.weight,47,128,1.02635807,1.109375,4000,1,1,0,0,1,0
flagship,4000,q_norm,decoder.layers.self_attention.q_layernorm.weight,48,128,1.07825491,1.1484375,4000,1,1,0,0,1,0
flagship,4000,q_norm,decoder.layers.self_attention.q_layernorm.weight,49,128,1.04215223,1.125,4000,1,1,0,0,1,0
flagship,4000,q_norm,decoder.layers.self_attention.q_layernorm.weight,50,128,1.05252492,1.09375,4000,1,1,0,0,1,0
flagship,4000,q_norm,decoder.layers.self_attention.q_layernorm.weight,51,128,1.05552702,1.1328125,4000,1,1,0,0,1,0
flagship,4000,q_norm,decoder.layers.self_attention.q_layernorm.weight,52,128,1.05156659,1.1171875,4000,1,1,0,0,1,0
flagship,4000,q_norm,decoder.layers.self_attention.q_layernorm.weight,53,128,1.07737352,1.140625,4000,1,1,0,0,1,0
flagship,4000,q_norm,decoder.layers.self_attention.q_layernorm.weight,54,128,1.04434919,1.109375,4000,1,1,0,0,1,0
flagship,4000,q_norm,decoder.layers.self_attention.q_layernorm.weight,55,128,1.09174097,1.1484375,4000,1,1,0,0,1,0
flagship,4000,q_norm,decoder.layers.self_attention.q_layernorm.weight,56,128,1.07648526,1.140625,4000,1,1,0,0,1,0
flagship,4000,q_norm,decoder.layers.self_attention.q_layernorm.weight,57,128,1.07128289,1.125,4000,1,1,0,0,1,0
flagship,4000,q_norm,decoder.layers.self_attention.q_layernorm.weight,58,128,1.07500615,1.1484375,4000,1,1,0,0,1,0
flagship,4000,q_norm,decoder.layers.self_attention.q_layernorm.weight,59,128,1.09780655,1.1796875,4000,1,1,0,0,1,0
flagship,4000,q_norm,decoder.layers.self_attention.q_layernorm.weight,60,128,1.04903156,1.1328125,4000,1,1,0,0,1,0
flagship,4000,q_norm,decoder.layers.self_attention.q_layernorm.weight,61,128,1.05687977,1.1171875,4000,1,1,0,0,1,0
flagship,4000,q_norm,decoder.layers.self_attention.q_layernorm.weight,62,128,1.04236325,1.125,4000,1,1,0,0,1,0
flagship,4000,q_norm,decoder.layers.self_attention.q_layernorm.weight,63,128,1.02262456,1.0703125,4000,1,1,0,0,1,0
flagship,8000,attention_input_norm,decoder.layers.self_attention.linear_qkv.layer_norm_weight,0,5120,0.946430209,1,4000,0.959021946,1,0,0.0430199419,0.999910578,0
flagship,8000,attention_input_norm,decoder.layers.self_attention.linear_qkv.layer_norm_weight,1,5120,0.938656237,0.98828125,4000,0.948086004,1,0,0.0530295656,0.999938259,0
flagship,8000,attention_input_norm,decoder.layers.self_attention.linear_qkv.layer_norm_weight,2,5120,0.985405965,1.0234375,4000,0.984420403,1,0,0.0175756964,0.999966386,0
flagship,8000,attention_input_norm,decoder.layers.self_attention.linear_qkv.layer_norm_weight,3,5120,1.01221853,1.0546875,4000,1.00636555,1,0,0.0115246405,0.999954143,0
flagship,8000,attention_input_norm,decoder.layers.self_attention.linear_qkv.layer_norm_weight,4,5120,1.00345782,1.0390625,4000,1.00342496,1,0,0.0096602205,0.999959344,0
flagship,8000,attention_input_norm,decoder.layers.self_attention.linear_qkv.layer_norm_weight,5,5120,1.03194173,1.078125,4000,1.02778658,1,0,0.0299938111,0.999937957,0
flagship,8000,attention_input_norm,decoder.layers.self_attention.linear_qkv.layer_norm_weight,6,5120,1.05162836,1.1171875,4000,1.04543086,1,0,0.0478388979,0.999892582,0
flagship,8000,attention_input_norm,decoder.layers.self_attention.linear_qkv.layer_norm_weight,7,5120,1.06291748,1.125,4000,1.05042187,1,0,0.0520640034,0.999919892,0
flagship,8000,attention_input_norm,decoder.layers.self_attention.linear_qkv.layer_norm_weight,8,5120,1.01965458,1.078125,4000,1.0294744,1,0,0.0322928287,0.999915449,0
flagship,8000,attention_input_norm,decoder.layers.self_attention.linear_qkv.layer_norm_weight,9,5120,0.969042165,1,4000,0.983132406,1,0,0.0185667963,0.999969378,0
flagship,8000,attention_input_norm,decoder.layers.self_attention.linear_qkv.layer_norm_weight,10,5120,0.987380139,1.0234375,4000,1.00293097,1,0,0.0099460523,0.999954965,0
flagship,8000,attention_input_norm,decoder.layers.self_attention.linear_qkv.layer_norm_weight,11,5120,0.971577459,1.0078125,4000,0.98727364,1,0,0.0153929574,0.999962025,0
flagship,8000,attention_input_norm,decoder.layers.self_attention.linear_qkv.layer_norm_weight,12,5120,0.963418744,0.99609375,4000,0.978949737,1,0,0.0226478214,0.999964344,0
flagship,8000,attention_input_norm,decoder.layers.self_attention.linear_qkv.layer_norm_weight,13,5120,0.962439034,1,4000,0.978119492,1,0,0.0234570856,0.999963461,0
flagship,8000,attention_input_norm,decoder.layers.self_attention.linear_qkv.layer_norm_weight,14,5120,0.947334416,0.98046875,4000,0.963961954,1,0,0.0370979606,0.999959792,0
flagship,8000,attention_input_norm,decoder.layers.self_attention.linear_qkv.layer_norm_weight,15,5120,0.966617483,0.99609375,4000,0.983264063,1,0,0.0188955363,0.99996087,0
flagship,8000,attention_input_norm,decoder.layers.self_attention.linear_qkv.layer_norm_weight,16,5120,0.956050515,0.98828125,4000,0.972750395,1,0,0.0284967395,0.999964265,0
flagship,8000,attention_input_norm,decoder.layers.self_attention.linear_qkv.layer_norm_weight,17,5120,1.02098282,1.0703125,4000,1.03754793,1,0,0.0398790631,0.99991302,0
flagship,8000,attention_input_norm,decoder.layers.self_attention.linear_qkv.layer_norm_weight,18,5120,0.967853681,1,4000,0.984838084,1,0,0.0173936487,0.999963113,0
flagship,8000,attention_input_norm,decoder.layers.self_attention.linear_qkv.layer_norm_weight,19,5120,1.01340936,1.0625,4000,1.02772685,1,0,0.0305060442,0.999921263,0
flagship,8000,attention_input_norm,decoder.layers.self_attention.linear_qkv.layer_norm_weight,20,5120,0.966346138,1,4000,0.983384046,1,0,0.018628664,0.999963932,0
flagship,8000,attention_input_norm,decoder.layers.self_attention.linear_qkv.layer_norm_weight,21,5120,0.981190359,1.015625,4000,0.997844907,1,0,0.00996685734,0.999952551,0
flagship,8000,attention_input_norm,decoder.layers.self_attention.linear_qkv.layer_norm_weight,22,5120,1.03757514,1.1171875,4000,1.04947454,1,0,0.0514762062,0.999903728,0
flagship,8000,attention_input_norm,decoder.layers.self_attention.linear_qkv.layer_norm_weight,23,5120,1.02853771,1.078125,4000,1.04421601,1,0,0.0462532922,0.999911747,0
flagship,8000,attention_input_norm,decoder.layers.self_attention.linear_qkv.layer_norm_weight,24,5120,1.02056641,1.078125,4000,1.03062658,1,0,0.0328589279,0.999931245,0
flagship,8000,attention_input_norm,decoder.layers.self_attention.linear_qkv.layer_norm_weight,25,5120,1.00101393,1.046875,4000,1.0157291,1,0,0.0189555203,0.999944913,0
flagship,8000,attention_input_norm,decoder.layers.self_attention.linear_qkv.layer_norm_weight,26,5120,0.978066224,1.015625,4000,0.995121849,1,0,0.0104253196,0.999957346,0
flagship,8000,attention_input_norm,decoder.layers.self_attention.linear_qkv.layer_norm_weight,27,5120,1.03612075,1.0859375,4000,1.04486797,1,0,0.0466092775,0.999923775,0
flagship,8000,attention_input_norm,decoder.layers.self_attention.linear_qkv.layer_norm_weight,28,5120,0.984785753,1.0234375,4000,1.00150826,1,0,0.00950340101,0.999956046,0
flagship,8000,attention_input_norm,decoder.layers.self_attention.linear_qkv.layer_norm_weight,29,5120,1.00072306,1.0390625,4000,1.01591485,1,0,0.0189763974,0.999947426,0
flagship,8000,attention_input_norm,decoder.layers.self_attention.linear_qkv.layer_norm_weight,30,5120,1.00672708,1.0546875,4000,1.02264465,1,0,0.0251016734,0.999942642,0
flagship,8000,attention_input_norm,decoder.layers.self_attention.linear_qkv.layer_norm_weight,31,5120,0.961644206,0.99609375,4000,0.979387969,1,0,0.0223269847,0.999962406,0
flagship,8000,attention_input_norm,decoder.layers.self_attention.linear_qkv.layer_norm_weight,32,5120,0.972281726,1.0078125,4000,0.989567187,1,0,0.0138866212,0.99995756,0
flagship,8000,attention_input_norm,decoder.layers.self_attention.linear_qkv.layer_norm_weight,33,5120,0.965598036,0.99609375,4000,0.983253826,1,0,0.0190541348,0.999957984,0
flagship,8000,attention_input_norm,decoder.layers.self_attention.linear_qkv.layer_norm_weight,34,5120,0.981771887,1.0234375,4000,0.998648347,1,0,0.00947383405,0.999955977,0
flagship,8000,attention_input_norm,decoder.layers.self_attention.linear_qkv.layer_norm_weight,35,5120,0.967479416,1,4000,0.985024592,1,0,0.0175107361,0.999958192,0
flagship,8000,attention_input_norm,decoder.layers.self_attention.linear_qkv.layer_norm_weight,36,5120,0.95690848,0.98828125,4000,0.974546275,1,0,0.0270056816,0.999958229,0
flagship,8000,attention_input_norm,decoder.layers.self_attention.linear_qkv.layer_norm_weight,37,5120,0.945961838,0.98046875,4000,0.963761477,1,0,0.0373415,0.999957896,0
flagship,8000,attention_input_norm,decoder.layers.self_attention.linear_qkv.layer_norm_weight,38,5120,0.962446549,0.99609375,4000,0.980045118,1,0,0.022014653,0.999955896,0
flagship,8000,attention_input_norm,decoder.layers.self_attention.linear_qkv.layer_norm_weight,39,5120,0.945757325,0.98046875,4000,0.963398906,1,0,0.0376790079,0.999958445,0
flagship,8000,attention_input_norm,decoder.layers.self_attention.linear_qkv.layer_norm_weight,40,5120,0.951206556,0.984375,4000,0.968560484,1,0,0.032671395,0.99995923,0
flagship,8000,attention_input_norm,decoder.layers.self_attention.linear_qkv.layer_norm_weight,41,5120,0.947265482,0.98046875,4000,0.964587554,1,0,0.0365028537,0.999959352,0
flagship,8000,attention_input_norm,decoder.layers.self_attention.linear_qkv.layer_norm_weight,42,5120,0.946514571,0.98046875,4000,0.963711796,1,0,0.0373839841,0.999958116,0
flagship,8000,attention_input_norm,decoder.layers.self_attention.linear_qkv.layer_norm_weight,43,5120,0.94801076,0.98828125,4000,0.964754135,1,0,0.0363795093,0.999957918,0
flagship,8000,attention_input_norm,decoder.layers.self_attention.linear_qkv.layer_norm_weight,44,5120,0.94929195,0.984375,4000,0.965767179,1,0,0.0353891236,0.999958321,0
flagship,8000,attention_input_norm,decoder.layers.self_attention.linear_qkv.layer_norm_weight,45,5120,0.968887232,1.0078125,4000,0.983178139,1,0,0.0191566144,0.999957281,0
flagship,8000,attention_input_norm,decoder.layers.self_attention.linear_qkv.layer_norm_weight,46,5120,0.977249566,1.015625,4000,0.988459206,1,0,0.0149057112,0.999954985,0
flagship,8000,attention_input_norm,decoder.layers.self_attention.linear_qkv.layer_norm_weight,47,5120,0.962472765,0.99609375,4000,0.976672001,1,0,0.0250304434,0.999957853,0
flagship,8000,attention_input_norm,decoder.layers.self_attention.linear_qkv.layer_norm_weight,48,5120,0.998015916,1.0390625,4000,1.00693953,1,0,0.0122330099,0.999949605,0
flagship,8000,attention_input_norm,decoder.layers.self_attention.linear_qkv.layer_norm_weight,49,5120,1.00663934,1.0546875,4000,1.01046147,1,0,0.0152416489,0.999939203,0
flagship,8000,attention_input_norm,decoder.layers.self_attention.linear_qkv.layer_norm_weight,50,5120,0.967967707,1.0078125,4000,0.979809596,1,0,0.0222051896,0.999956411,0
flagship,8000,attention_input_norm,decoder.layers.self_attention.linear_qkv.layer_norm_weight,51,5120,0.974976015,1.0078125,4000,0.986474987,1,0,0.0161702877,0.999960185,0
flagship,8000,attention_input_norm,decoder.layers.self_attention.linear_qkv.layer_norm_weight,52,5120,0.96569553,1,4000,0.977429025,1,0,0.0241972527,0.999961093,0
flagship,8000,attention_input_norm,decoder.layers.self_attention.linear_qkv.layer_norm_weight,53,5120,1.00053696,1.046875,4000,1.00682607,1,0,0.0133213981,0.999935011,0
flagship,8000,attention_input_norm,decoder.layers.self_attention.linear_qkv.layer_norm_weight,54,5120,0.984952122,1.0234375,4000,0.994089388,1,0,0.0112925244,0.999953432,0
flagship,8000,attention_input_norm,decoder.layers.self_attention.linear_qkv.layer_norm_weight,55,5120,1.01091149,1.0546875,4000,1.0139174,1,0,0.0182371353,0.999931504,0
flagship,8000,attention_input_norm,decoder.layers.self_attention.linear_qkv.layer_norm_weight,56,5120,0.988966202,1.0234375,4000,0.996080196,1,0,0.0103276663,0.999954172,0
flagship,8000,attention_input_norm,decoder.layers.self_attention.linear_qkv.layer_norm_weight,57,5120,1.01013053,1.0703125,4000,1.01172668,1,0,0.0177405548,0.999912421,0
flagship,8000,attention_input_norm,decoder.layers.self_attention.linear_qkv.layer_norm_weight,58,5120,1.00801367,1.0546875,4000,1.01111151,1,0,0.0164226707,0.999927684,0
flagship,8000,attention_input_norm,decoder.layers.self_attention.linear_qkv.layer_norm_weight,59,5120,1.01050789,1.0546875,4000,1.01145833,1,0,0.016676278,0.999927429,0
flagship,8000,attention_input_norm,decoder.layers.self_attention.linear_qkv.layer_norm_weight,60,5120,0.987018679,1.015625,4000,0.992026324,1,0,0.0118886195,0.999960808,0
flagship,8000,attention_input_norm,decoder.layers.self_attention.linear_qkv.layer_norm_weight,61,5120,0.999525998,1.0546875,4000,1.00131611,1,0,0.0112419388,0.999937757,0
flagship,8000,attention_input_norm,decoder.layers.self_attention.linear_qkv.layer_norm_weight,62,5120,0.988055991,1.015625,4000,0.992491597,1,0,0.0107412523,0.999970278,0
flagship,8000,attention_input_norm,decoder.layers.self_attention.linear_qkv.layer_norm_weight,63,5120,0.985982506,1.0078125,4000,0.98994848,1,0,0.0120943871,0.99997715,0
flagship,8000,final_norm,decoder.final_layernorm.weight,-1,5120,1.37607237,1.8359375,4000,1.24311347,1,0,0.248044859,0.999025797,0
flagship,8000,k_norm,decoder.layers.self_attention.k_layernorm.weight,0,128,0.979833268,1.0703125,4000,1.01470858,1,0,0.0387218575,0.999367779,0
flagship,8000,k_norm,decoder.layers.self_attention.k_layernorm.weight,1,128,1.19925593,1.390625,4000,1.11075008,1,0,0.115529104,0.999513214,0
flagship,8000,k_norm,decoder.layers.self_attention.k_layernorm.weight,2,128,1.26265075,1.4140625,4000,1.12174062,1,0,0.123915129,0.999761897,0
flagship,8000,k_norm,decoder.layers.self_attention.k_layernorm.weight,3,128,1.3260115,1.4765625,4000,1.16079146,1,0,0.164117602,0.999534501,0
flagship,8000,k_norm,decoder.layers.self_attention.k_layernorm.weight,4,128,1.27857152,1.375,4000,1.15080273,1,0,0.155272644,0.999405574,0
flagship,8000,k_norm,decoder.layers.self_attention.k_layernorm.weight,5,128,1.29897846,1.4140625,4000,1.15724027,1,0,0.160865035,0.999501808,0
flagship,8000,k_norm,decoder.layers.self_attention.k_layernorm.weight,6,128,1.38689359,1.515625,4000,1.19730642,1,0,0.202537143,0.999126593,0
flagship,8000,k_norm,decoder.layers.self_attention.k_layernorm.weight,7,128,1.36591454,1.5625,4000,1.18586991,1,0,0.207874361,0.996346933,0
flagship,8000,k_norm,decoder.layers.self_attention.k_layernorm.weight,8,128,1.33492236,1.4609375,4000,1.2263762,1,0,0.229597777,0.999401099,0
flagship,8000,k_norm,decoder.layers.self_attention.k_layernorm.weight,9,128,1.25446685,1.4140625,4000,1.19977235,1,0,0.205188513,0.999085936,0
flagship,8000,k_norm,decoder.layers.self_attention.k_layernorm.weight,10,128,1.2910485,1.4296875,4000,1.24958079,1,0,0.253766835,0.999156902,0
flagship,8000,k_norm,decoder.layers.self_attention.k_layernorm.weight,11,128,1.28665862,1.40625,4000,1.24851897,1,0,0.2519063,0.999321153,0
flagship,8000,k_norm,decoder.layers.self_attention.k_layernorm.weight,12,128,1.2196081,1.3671875,4000,1.17646592,1,0,0.182099003,0.99914157,0
flagship,8000,k_norm,decoder.layers.self_attention.k_layernorm.weight,13,128,1.21020638,1.375,4000,1.17855711,1,0,0.185379457,0.998946636,0
flagship,8000,k_norm,decoder.layers.self_attention.k_layernorm.weight,14,128,1.12126291,1.25,4000,1.11460922,1,0,0.121733138,0.99924472,0
flagship,8000,k_norm,decoder.layers.self_attention.k_layernorm.weight,15,128,1.2402165,1.3671875,4000,1.21597794,1,0,0.221568475,0.998994174,0
flagship,8000,k_norm,decoder.layers.self_attention.k_layernorm.weight,16,128,1.12778214,1.2578125,4000,1.11530058,1,0,0.126826775,0.998748853,0
flagship,8000,k_norm,decoder.layers.self_attention.k_layernorm.weight,17,128,1.33033927,1.4765625,4000,1.27565138,1,0,0.27824334,0.999437278,0
flagship,8000,k_norm,decoder.layers.self_attention.k_layernorm.weight,18,128,1.2414745,1.421875,4000,1.21497818,1,0,0.225451465,0.998101718,0
flagship,8000,k_norm,decoder.layers.self_attention.k_layernorm.weight,19,128,1.37626676,1.5234375,4000,1.30712147,1,0,0.310341928,0.999239356,0
flagship,8000,k_norm,decoder.layers.self_attention.k_layernorm.weight,20,128,1.20614359,1.3828125,4000,1.18070603,1,0,0.200346617,0.99683067,0
flagship,8000,k_norm,decoder.layers.self_attention.k_layernorm.weight,21,128,1.2640344,1.4765625,4000,1.22123822,1,0,0.244089051,0.995646584,0
flagship,8000,k_norm,decoder.layers.self_attention.k_layernorm.weight,22,128,1.33290908,1.515625,4000,1.25659319,1,0,0.277114094,0.995642122,0
flagship,8000,k_norm,decoder.layers.self_attention.k_layernorm.weight,23,128,1.34637603,1.4765625,4000,1.28214466,1,0,0.28475768,0.999422324,0
flagship,8000,k_norm,decoder.layers.self_attention.k_layernorm.weight,24,128,1.29827897,1.46875,4000,1.21864193,1,0,0.223971404,0.99903216,0
flagship,8000,k_norm,decoder.layers.self_attention.k_layernorm.weight,25,128,1.26218163,1.453125,4000,1.20516446,1,0,0.220689916,0.997256978,0
flagship,8000,k_norm,decoder.layers.self_attention.k_layernorm.weight,26,128,1.21520289,1.4140625,4000,1.17834033,1,0,0.21877262,0.993186948,0
flagship,8000,k_norm,decoder.layers.self_attention.k_layernorm.weight,27,128,1.29290172,1.5,4000,1.21564133,1,0,0.226778686,0.997973338,0
flagship,8000,k_norm,decoder.layers.self_attention.k_layernorm.weight,28,128,1.20020485,1.40625,4000,1.16003271,1,0,0.205514756,0.992833889,0
flagship,8000,k_norm,decoder.layers.self_attention.k_layernorm.weight,29,128,1.25621566,1.453125,4000,1.20129127,1,0,0.233665811,0.994139,0
flagship,8000,k_norm,decoder.layers.self_attention.k_layernorm.weight,30,128,1.30174394,1.4375,4000,1.24452515,1,0,0.251268777,0.998656738,0
flagship,8000,k_norm,decoder.layers.self_attention.k_layernorm.weight,31,128,1.13820019,1.328125,4000,1.1107582,1,0,0.155195996,0.994680022,0
flagship,8000,k_norm,decoder.layers.self_attention.k_layernorm.weight,32,128,1.22827845,1.3984375,4000,1.19003425,1,0,0.204115442,0.997668093,0
flagship,8000,k_norm,decoder.layers.self_attention.k_layernorm.weight,33,128,1.16124979,1.3671875,4000,1.12895016,1,0,0.183187744,0.992502059,0
flagship,8000,k_norm,decoder.layers.self_attention.k_layernorm.weight,34,128,1.18374824,1.390625,4000,1.1432704,1,0,0.190598974,0.993089315,0
flagship,8000,k_norm,decoder.layers.self_attention.k_layernorm.weight,35,128,1.21358137,1.359375,4000,1.17940799,1,0,0.197572506,0.99709699,0
flagship,8000,k_norm,decoder.layers.self_attention.k_layernorm.weight,36,128,1.15504418,1.4140625,4000,1.12662218,1,0,0.163051801,0.995316659,0
flagship,8000,k_norm,decoder.layers.self_attention.k_layernorm.weight,37,128,1.06841689,1.265625,4000,1.04661636,1,0,0.105610863,0.995709714,0
flagship,8000,k_norm,decoder.layers.self_attention.k_layernorm.weight,38,128,1.22498322,1.375,4000,1.18550709,1,0,0.202070458,0.99729247,0
flagship,8000,k_norm,decoder.layers.self_attention.k_layernorm.weight,39,128,1.07081609,1.2578125,4000,1.04663766,1,0,0.100978307,0.996167944,0
flagship,8000,k_norm,decoder.layers.self_attention.k_layernorm.weight,40,128,1.08853673,1.2734375,4000,1.06415847,1,0,0.12167782,0.994977635,0
flagship,8000,k_norm,decoder.layers.self_attention.k_layernorm.weight,41,128,1.07843947,1.2734375,4000,1.04946435,1,0,0.105761241,0.995836582,0
flagship,8000,k_norm,decoder.layers.self_attention.k_layernorm.weight,42,128,1.05869003,1.25,4000,1.03489154,1,0,0.0984099607,0.995909184,0
flagship,8000,k_norm,decoder.layers.self_attention.k_layernorm.weight,43,128,1.07149774,1.3125,4000,1.04496637,1,0,0.102634884,0.995927168,0
flagship,8000,k_norm,decoder.layers.self_attention.k_layernorm.weight,44,128,1.07578638,1.28125,4000,1.04763926,1,0,0.113849124,0.994897039,0
flagship,8000,k_norm,decoder.layers.self_attention.k_layernorm.weight,45,128,1.13290247,1.3515625,4000,1.08028624,1,0,0.137449318,0.994239289,0
flagship,8000,k_norm,decoder.layers.self_attention.k_layernorm.weight,46,128,1.12724525,1.3671875,4000,1.08345416,1,0,0.134734395,0.994836532,0
flagship,8000,k_norm,decoder.layers.self_attention.k_layernorm.weight,47,128,1.08976259,1.34375,4000,1.06243908,1,0,0.125201777,0.994457636,0
flagship,8000,k_norm,decoder.layers.self_attention.k_layernorm.weight,48,128,1.21059083,1.4453125,4000,1.12277733,1,0,0.150957128,0.996564866,0
flagship,8000,k_norm,decoder.layers.self_attention.k_layernorm.weight,49,128,1.11681066,1.2890625,4000,1.07223891,1,0,0.131613868,0.994355852,0
flagship,8000,k_norm,decoder.layers.self_attention.k_layernorm.weight,50,128,1.1531176,1.2890625,4000,1.0956907,1,0,0.109551554,0.998701809,0
flagship,8000,k_norm,decoder.layers.self_attention.k_layernorm.weight,51,128,1.19877984,1.3828125,4000,1.13855679,1,0,0.160409085,0.997130978,0
flagship,8000,k_norm,decoder.layers.self_attention.k_layernorm.weight,52,128,1.19600089,1.375,4000,1.13814887,1,0,0.156957942,0.99756153,0
flagship,8000,k_norm,decoder.layers.self_attention.k_layernorm.weight,53,128,1.208485,1.390625,4000,1.12288467,1,0,0.158011598,0.995606395,0
flagship,8000,k_norm,decoder.layers.self_attention.k_layernorm.weight,54,128,1.15305888,1.375,4000,1.10512461,1,0,0.156044694,0.993983138,0
flagship,8000,k_norm,decoder.layers.self_attention.k_layernorm.weight,55,128,1.24788621,1.4375,4000,1.14801444,1,0,0.153859649,0.999231491,0
flagship,8000,k_norm,decoder.layers.self_attention.k_layernorm.weight,56,128,1.23120541,1.4140625,4000,1.14687334,1,0,0.155036429,0.998925549,0
flagship,8000,k_norm,decoder.layers.self_attention.k_layernorm.weight,57,128,1.20723004,1.375,4000,1.12862756,1,0,0.140454516,0.998590137,0
flagship,8000,k_norm,decoder.layers.self_attention.k_layernorm.weight,58,128,1.22135647,1.3671875,4000,1.14030171,1,0,0.145625313,0.999332562,0
flagship,8000,k_norm,decoder.layers.self_attention.k_layernorm.weight,59,128,1.25111492,1.390625,4000,1.14434299,1,0,0.147747815,0.999565463,0
flagship,8000,k_norm,decoder.layers.self_attention.k_layernorm.weight,60,128,1.17373022,1.3828125,4000,1.11968972,1,0,0.128500441,0.999023508,0
flagship,8000,k_norm,decoder.layers.self_attention.k_layernorm.weight,61,128,1.16274315,1.4140625,4000,1.10204822,1,0,0.110832903,0.999151537,0
flagship,8000,k_norm,decoder.layers.self_attention.k_layernorm.weight,62,128,1.14660997,1.34375,4000,1.10153963,1,0,0.110704803,0.999117029,0
flagship,8000,k_norm,decoder.layers.self_attention.k_layernorm.weight,63,128,1.07747763,1.203125,4000,1.0531585,1,0,0.0597472243,0.999646822,0
flagship,8000,pre_mlp_norm,decoder.layers.mlp.linear_fc1.layer_norm_weight,0,5120,0.914527512,0.94921875,4000,0.93365458,1,0,0.0678201285,0.999894043,0
flagship,8000,pre_mlp_norm,decoder.layers.mlp.linear_fc1.layer_norm_weight,1,5120,0.907312358,0.95703125,4000,0.922127041,1,0,0.0794557634,0.999864975,0
flagship,8000,pre_mlp_norm,decoder.layers.mlp.linear_fc1.layer_norm_weight,2,5120,0.914166334,0.953125,4000,0.926104652,1,0,0.0751146713,0.999901906,0
flagship,8000,pre_mlp_norm,decoder.layers.mlp.linear_fc1.layer_norm_weight,3,5120,0.887662009,0.92578125,4000,0.906221155,1,0,0.0945359068,0.99992134,0
flagship,8000,pre_mlp_norm,decoder.layers.mlp.linear_fc1.layer_norm_weight,4,5120,0.892632244,0.94140625,4000,0.91006434,1,0,0.0906946235,0.99992468,0
flagship,8000,pre_mlp_norm,decoder.layers.mlp.linear_fc1.layer_norm_weight,5,5120,0.866935123,0.921875,4000,0.887746797,1,0,0.112889175,0.999919355,0
flagship,8000,pre_mlp_norm,decoder.layers.mlp.linear_fc1.layer_norm_weight,6,5120,0.854052365,0.9140625,4000,0.877341991,1,0,0.123354696,0.999902322,0
flagship,8000,pre_mlp_norm,decoder.layers.mlp.linear_fc1.layer_norm_weight,7,5120,0.865880939,0.91015625,4000,0.886990795,1,0,0.113551346,0.999930762,0
flagship,8000,pre_mlp_norm,decoder.layers.mlp.linear_fc1.layer_norm_weight,8,5120,0.875093164,0.91796875,4000,0.893635105,1,0,0.10689652,0.999936565,0
flagship,8000,pre_mlp_norm,decoder.layers.mlp.linear_fc1.layer_norm_weight,9,5120,0.888954616,0.93359375,4000,0.904938856,1,0,0.0955949569,0.999943767,0
flagship,8000,pre_mlp_norm,decoder.layers.mlp.linear_fc1.layer_norm_weight,10,5120,0.897883681,0.93359375,4000,0.91154623,1,0,0.0889849975,0.999948296,0
flagship,8000,pre_mlp_norm,decoder.layers.mlp.linear_fc1.layer_norm_weight,11,5120,0.909346898,0.94921875,4000,0.920812389,1,0,0.0797148226,0.99995451,0
flagship,8000,pre_mlp_norm,decoder.layers.mlp.linear_fc1.layer_norm_weight,12,5120,0.919109029,0.953125,4000,0.92876177,1,0,0.0718264417,0.999954697,0
flagship,8000,pre_mlp_norm,decoder.layers.mlp.linear_fc1.layer_norm_weight,13,5120,0.929593495,0.97265625,4000,0.9373841,1,0,0.0632757251,0.999955692,0
flagship,8000,pre_mlp_norm,decoder.layers.mlp.linear_fc1.layer_norm_weight,14,5120,0.93709043,0.97265625,4000,0.943215319,1,0,0.0575136979,0.999955829,0
flagship,8000,pre_mlp_norm,decoder.layers.mlp.linear_fc1.layer_norm_weight,15,5120,0.9439849,0.98046875,4000,0.948322043,1,0,0.052470177,0.999956498,0
flagship,8000,pre_mlp_norm,decoder.layers.mlp.linear_fc1.layer_norm_weight,16,5120,0.948175087,0.98828125,4000,0.951025926,1,0,0.0498429448,0.99995486,0
flagship,8000,pre_mlp_norm,decoder.layers.mlp.linear_fc1.layer_norm_weight,17,5120,0.949727891,0.984375,4000,0.950914731,1,0,0.049879417,0.999958675,0
flagship,8000,pre_mlp_norm,decoder.layers.mlp.linear_fc1.layer_norm_weight,18,5120,0.955228844,0.99609375,4000,0.954880666,1,0,0.045975144,0.999959178,0
flagship,8000,pre_mlp_norm,decoder.layers.mlp.linear_fc1.layer_norm_weight,19,5120,0.962433988,0.99609375,4000,0.960149744,1,0,0.0407796269,0.999960977,0
flagship,8000,pre_mlp_norm,decoder.layers.mlp.linear_fc1.layer_norm_weight,20,5120,0.966474158,1.0078125,4000,0.962700593,1,0,0.038322968,0.999959799,0
flagship,8000,pre_mlp_norm,decoder.layers.mlp.linear_fc1.layer_norm_weight,21,5120,0.97152173,1.0078125,4000,0.965925928,1,0,0.0351754332,0.99996052,0
flagship,8000,pre_mlp_norm,decoder.layers.mlp.linear_fc1.layer_norm_weight,22,5120,0.975970053,1.015625,4000,0.968769326,1,0,0.032404541,0.999961446,0
flagship,8000,pre_mlp_norm,decoder.layers.mlp.linear_fc1.layer_norm_weight,23,5120,0.978472433,1.015625,4000,0.969573273,1,0,0.0315824452,0.999963043,0
flagship,8000,pre_mlp_norm,decoder.layers.mlp.linear_fc1.layer_norm_weight,24,5120,0.984532427,1.0234375,4000,0.973958019,1,0,0.0274033492,0.999962648,0
flagship,8000,pre_mlp_norm,decoder.layers.mlp.linear_fc1.layer_norm_weight,25,5120,0.990332305,1.03125,4000,0.977967886,1,0,0.0235618431,0.999964341,0
flagship,8000,pre_mlp_norm,decoder.layers.mlp.linear_fc1.layer_norm_weight,26,5120,0.995020555,1.0234375,4000,0.980839412,1,0,0.0209391068,0.999963644,0
flagship,8000,pre_mlp_norm,decoder.layers.mlp.linear_fc1.layer_norm_weight,27,5120,1.00084068,1.0390625,4000,0.98486554,1,0,0.0172490975,0.999965234,0
flagship,8000,pre_mlp_norm,decoder.layers.mlp.linear_fc1.layer_norm_weight,28,5120,1.00605352,1.0390625,4000,0.988338181,1,0,0.0144683348,0.9999629,0
flagship,8000,pre_mlp_norm,decoder.layers.mlp.linear_fc1.layer_norm_weight,29,5120,1.01178817,1.046875,4000,0.992054967,1,0,0.0116162999,0.999963805,0
flagship,8000,pre_mlp_norm,decoder.layers.mlp.linear_fc1.layer_norm_weight,30,5120,1.01751527,1.046875,4000,0.996025482,1,0,0.00932682382,0.999964262,0
flagship,8000,pre_mlp_norm,decoder.layers.mlp.linear_fc1.layer_norm_weight,31,5120,1.02304664,1.0546875,4000,0.999739347,1,0,0.00841052854,0.999964656,0
flagship,8000,pre_mlp_norm,decoder.layers.mlp.linear_fc1.layer_norm_weight,32,5120,1.02702396,1.0625,4000,1.00188209,1,0,0.00855999928,0.9999652,0
flagship,8000,pre_mlp_norm,decoder.layers.mlp.linear_fc1.layer_norm_weight,33,5120,1.03255248,1.0703125,4000,1.00541915,1,0,0.0099731283,0.999965141,0
flagship,8000,pre_mlp_norm,decoder.layers.mlp.linear_fc1.layer_norm_weight,34,5120,1.03767535,1.0703125,4000,1.00857062,1,0,0.0118646483,0.999966629,0
flagship,8000,pre_mlp_norm,decoder.layers.mlp.linear_fc1.layer_norm_weight,35,5120,1.04309436,1.0859375,4000,1.01213704,1,0,0.0146028001,0.999967428,0
flagship,8000,pre_mlp_norm,decoder.layers.mlp.linear_fc1.layer_norm_weight,36,5120,1.04793539,1.0859375,4000,1.01496717,1,0,0.0171875623,0.999964828,0
flagship,8000,pre_mlp_norm,decoder.layers.mlp.linear_fc1.layer_norm_weight,37,5120,1.05339423,1.0859375,4000,1.01850794,1,0,0.0202746529,0.999966364,0
flagship,8000,pre_mlp_norm,decoder.layers.mlp.linear_fc1.layer_norm_weight,38,5120,1.05839023,1.09375,4000,1.02151509,1,0,0.0230969967,0.999965457,0
flagship,8000,pre_mlp_norm,decoder.layers.mlp.linear_fc1.layer_norm_weight,39,5120,1.06335582,1.1015625,4000,1.0244241,1,0,0.0259192307,0.999963262,0
flagship,8000,pre_mlp_norm,decoder.layers.mlp.linear_fc1.layer_norm_weight,40,5120,1.06813432,1.1015625,4000,1.02735704,1,0,0.02867193,0.999964145,0
flagship,8000,pre_mlp_norm,decoder.layers.mlp.linear_fc1.layer_norm_weight,41,5120,1.07370705,1.1171875,4000,1.03007839,1,0,0.0313284856,0.999962738,0
flagship,8000,pre_mlp_norm,decoder.layers.mlp.linear_fc1.layer_norm_weight,42,5120,1.07849587,1.1171875,4000,1.03401989,1,0,0.035194423,0.99996069,0
flagship,8000,pre_mlp_norm,decoder.layers.mlp.linear_fc1.layer_norm_weight,43,5120,1.08313254,1.125,4000,1.03640563,1,0,0.0376523705,0.999955456,0
flagship,8000,pre_mlp_norm,decoder.layers.mlp.linear_fc1.layer_norm_weight,44,5120,1.08787946,1.1328125,4000,1.03978635,1,0,0.0410110359,0.999952417,0
flagship,8000,pre_mlp_norm,decoder.layers.mlp.linear_fc1.layer_norm_weight,45,5120,1.0922282,1.1328125,4000,1.04327516,1,0,0.044532588,0.999947084,0
flagship,8000,pre_mlp_norm,decoder.layers.mlp.linear_fc1.layer_norm_weight,46,5120,1.09654111,1.140625,4000,1.04617986,1,0,0.0474994453,0.999940919,0
flagship,8000,pre_mlp_norm,decoder.layers.mlp.linear_fc1.layer_norm_weight,47,5120,1.10104198,1.140625,4000,1.05002914,1,0,0.0514265198,0.999932491,0
flagship,8000,pre_mlp_norm,decoder.layers.mlp.linear_fc1.layer_norm_weight,48,5120,1.10503495,1.1484375,4000,1.05331316,1,0,0.0547925862,0.99992408,0
flagship,8000,pre_mlp_norm,decoder.layers.mlp.linear_fc1.layer_norm_weight,49,5120,1.10911515,1.15625,4000,1.05700601,1,0,0.0586227942,0.999911568,0
flagship,8000,pre_mlp_norm,decoder.layers.mlp.linear_fc1.layer_norm_weight,50,5120,1.11192447,1.15625,4000,1.06036014,1,0,0.0620937768,0.999899897,0
flagship,8000,pre_mlp_norm,decoder.layers.mlp.linear_fc1.layer_norm_weight,51,5120,1.11457689,1.1640625,4000,1.06334327,1,0,0.0652715508,0.999883384,0
flagship,8000,pre_mlp_norm,decoder.layers.mlp.linear_fc1.layer_norm_weight,52,5120,1.117044,1.171875,4000,1.06703628,1,0,0.0691322415,0.999866263,0
flagship,8000,pre_mlp_norm,decoder.layers.mlp.linear_fc1.layer_norm_weight,53,5120,1.1192157,1.171875,4000,1.07119088,1,0,0.0734208574,0.999849475,0
flagship,8000,pre_mlp_norm,decoder.layers.mlp.linear_fc1.layer_norm_weight,54,5120,1.12054978,1.171875,4000,1.07532617,1,0,0.0776080118,0.999837737,0
flagship,8000,pre_mlp_norm,decoder.layers.mlp.linear_fc1.layer_norm_weight,55,5120,1.12041119,1.171875,4000,1.07836715,1,0,0.0808248745,0.999818591,0
flagship,8000,pre_mlp_norm,decoder.layers.mlp.linear_fc1.layer_norm_weight,56,5120,1.1203493,1.1875,4000,1.08181422,1,0,0.0843847942,0.999802541,0
flagship,8000,pre_mlp_norm,decoder.layers.mlp.linear_fc1.layer_norm_weight,57,5120,1.11644391,1.1796875,4000,1.08255409,1,0,0.0852085853,0.999794317,0
flagship,8000,pre_mlp_norm,decoder.layers.mlp.linear_fc1.layer_norm_weight,58,5120,1.11118696,1.171875,4000,1.08235888,1,0,0.0851293076,0.999785647,0
flagship,8000,pre_mlp_norm,decoder.layers.mlp.linear_fc1.layer_norm_weight,59,5120,1.10346912,1.1640625,4000,1.0802574,1,0,0.0830838667,0.999786311,0
flagship,8000,pre_mlp_norm,decoder.layers.mlp.linear_fc1.layer_norm_weight,60,5120,1.08970622,1.15625,4000,1.07299283,1,0,0.0759563466,0.999794307,0
flagship,8000,pre_mlp_norm,decoder.layers.mlp.linear_fc1.layer_norm_weight,61,5120,1.07205598,1.1328125,4000,1.06075497,1,0,0.0635653707,0.999835311,0
flagship,8000,pre_mlp_norm,decoder.layers.mlp.linear_fc1.layer_norm_weight,62,5120,1.04288499,1.09375,4000,1.03762181,1,0,0.0399680466,0.999912278,0
flagship,8000,pre_mlp_norm,decoder.layers.mlp.linear_fc1.layer_norm_weight,63,5120,1.01043234,1.046875,4000,1.01075427,1,0,0.0126252887,0.999978361,0
flagship,8000,q_norm,decoder.layers.self_attention.q_layernorm.weight,0,128,0.980220809,1.09375,4000,1.01575664,1,0,0.0409361704,0.999297323,0
flagship,8000,q_norm,decoder.layers.self_attention.q_layernorm.weight,1,128,1.20395562,1.390625,4000,1.11479312,1,0,0.120229956,0.999426897,0
flagship,8000,q_norm,decoder.layers.self_attention.q_layernorm.weight,2,128,1.26922585,1.3984375,4000,1.12486948,1,0,0.127147878,0.999744773,0
flagship,8000,q_norm,decoder.layers.self_attention.q_layernorm.weight,3,128,1.33236663,1.4765625,4000,1.16462736,1,0,0.167974043,0.999522117,0
flagship,8000,q_norm,decoder.layers.self_attention.q_layernorm.weight,4,128,1.28720773,1.3828125,4000,1.1564721,1,0,0.160309405,0.999474442,0
flagship,8000,q_norm,decoder.layers.self_attention.q_layernorm.weight,5,128,1.30419894,1.4296875,4000,1.16039457,1,0,0.163593839,0.999553373,0
flagship,8000,q_norm,decoder.layers.self_attention.q_layernorm.weight,6,128,1.39477349,1.515625,4000,1.20208975,1,0,0.207115994,0.999144503,0
flagship,8000,q_norm,decoder.layers.self_attention.q_layernorm.weight,7,128,1.37752639,1.5546875,4000,1.19493385,1,0,0.215582413,0.996453122,0
flagship,8000,q_norm,decoder.layers.self_attention.q_layernorm.weight,8,128,1.34247298,1.46875,4000,1.23259368,1,0,0.236053697,0.999342227,0
flagship,8000,q_norm,decoder.layers.self_attention.q_layernorm.weight,9,128,1.26480924,1.4453125,4000,1.20998472,1,0,0.21553122,0.999024731,0
flagship,8000,q_norm,decoder.layers.self_attention.q_layernorm.weight,10,128,1.30343531,1.421875,4000,1.26205163,1,0,0.266624003,0.999042314,0
flagship,8000,q_norm,decoder.layers.self_attention.q_layernorm.weight,11,128,1.29420914,1.4140625,4000,1.25664838,1,0,0.259712699,0.999370433,0
flagship,8000,q_norm,decoder.layers.self_attention.q_layernorm.weight,12,128,1.22659749,1.3515625,4000,1.18333769,1,0,0.188445096,0.999197674,0
flagship,8000,q_norm,decoder.layers.self_attention.q_layernorm.weight,13,128,1.21911664,1.34375,4000,1.18559078,1,0,0.191180271,0.999111854,0
flagship,8000,q_norm,decoder.layers.self_attention.q_layernorm.weight,14,128,1.12548023,1.2265625,4000,1.11984539,1,0,0.126185715,0.999303513,0
flagship,8000,q_norm,decoder.layers.self_attention.q_layernorm.weight,15,128,1.24772227,1.34375,4000,1.22437368,1,0,0.230308606,0.998898007,0
flagship,8000,q_norm,decoder.layers.self_attention.q_layernorm.weight,16,128,1.1324637,1.2734375,4000,1.12095635,1,0,0.131969723,0.998757505,0
flagship,8000,q_norm,decoder.layers.self_attention.q_layernorm.weight,17,128,1.3329597,1.484375,4000,1.27852646,1,0,0.28121467,0.99941155,0
flagship,8000,q_norm,decoder.layers.self_attention.q_layernorm.weight,18,128,1.25011434,1.3828125,4000,1.22417058,1,0,0.233606934,0.998235642,0
flagship,8000,q_norm,decoder.layers.self_attention.q_layernorm.weight,19,128,1.38672391,1.53125,4000,1.31764556,1,0,0.320280077,0.999362263,0
flagship,8000,q_norm,decoder.layers.self_attention.q_layernorm.weight,20,128,1.21202806,1.359375,4000,1.18728487,1,0,0.205641551,0.99696247,0
flagship,8000,q_norm,decoder.layers.self_attention.q_layernorm.weight,21,128,1.27364708,1.4765625,4000,1.23180228,1,0,0.251954276,0.996042926,0
flagship,8000,q_norm,decoder.layers.self_attention.q_layernorm.weight,22,128,1.34039633,1.515625,4000,1.26392415,1,0,0.284162296,0.99561198,0
flagship,8000,q_norm,decoder.layers.self_attention.q_layernorm.weight,23,128,1.3564186,1.484375,4000,1.29186881,1,0,0.29453251,0.999395451,0
flagship,8000,q_norm,decoder.layers.self_attention.q_layernorm.weight,24,128,1.30980041,1.484375,4000,1.22699161,1,0,0.232153724,0.999034158,0
flagship,8000,q_norm,decoder.layers.self_attention.q_layernorm.weight,25,128,1.27455034,1.4453125,4000,1.21649216,1,0,0.230360781,0.997452826,0
flagship,8000,q_norm,decoder.layers.self_attention.q_layernorm.weight,26,128,1.22167647,1.3984375,4000,1.18600725,1,0,0.224744563,0.993292022,0
flagship,8000,q_norm,decoder.layers.self_attention.q_layernorm.weight,27,128,1.30381449,1.4765625,4000,1.22605434,1,0,0.23497842,0.998322139,0
flagship,8000,q_norm,decoder.layers.self_attention.q_layernorm.weight,28,128,1.20557862,1.40625,4000,1.16618726,1,0,0.21022931,0.992892156,0
flagship,8000,q_norm,decoder.layers.self_attention.q_layernorm.weight,29,128,1.26657822,1.4921875,4000,1.21181849,1,0,0.241584406,0.99443153,0
flagship,8000,q_norm,decoder.layers.self_attention.q_layernorm.weight,30,128,1.31093304,1.4375,4000,1.25439371,1,0,0.258135473,0.999235584,0
flagship,8000,q_norm,decoder.layers.self_attention.q_layernorm.weight,31,128,1.14176508,1.3359375,4000,1.11516446,1,0,0.159451583,0.994547013,0
flagship,8000,q_norm,decoder.layers.self_attention.q_layernorm.weight,32,128,1.23596577,1.3984375,4000,1.19864293,1,0,0.209050129,0.998230106,0
flagship,8000,q_norm,decoder.layers.self_attention.q_layernorm.weight,33,128,1.1642375,1.3671875,4000,1.13298776,1,0,0.186110385,0.99251919,0
flagship,8000,q_norm,decoder.layers.self_attention.q_layernorm.weight,34,128,1.18618415,1.3828125,4000,1.14692861,1,0,0.192888887,0.993191336,0
flagship,8000,q_norm,decoder.layers.self_attention.q_layernorm.weight,35,128,1.22524614,1.375,4000,1.19173964,1,0,0.202478,0.998223918,0
flagship,8000,q_norm,decoder.layers.self_attention.q_layernorm.weight,36,128,1.15761954,1.3828125,4000,1.13011222,1,0,0.164344281,0.995540332,0
flagship,8000,q_norm,decoder.layers.self_attention.q_layernorm.weight,37,128,1.06695174,1.2578125,4000,1.04626519,1,0,0.105595095,0.995694277,0
flagship,8000,q_norm,decoder.layers.self_attention.q_layernorm.weight,38,128,1.23703161,1.34375,4000,1.19829625,1,0,0.212859633,0.997501529,0
flagship,8000,q_norm,decoder.layers.self_attention.q_layernorm.weight,39,128,1.07001809,1.2578125,4000,1.04687152,1,0,0.101507653,0.996128052,0
flagship,8000,q_norm,decoder.layers.self_attention.q_layernorm.weight,40,128,1.08854187,1.2734375,4000,1.06448851,1,0,0.121965268,0.99496624,0
flagship,8000,q_norm,decoder.layers.self_attention.q_layernorm.weight,41,128,1.07728749,1.2578125,4000,1.04947727,1,0,0.106276656,0.995785174,0
flagship,8000,q_norm,decoder.layers.self_attention.q_layernorm.weight,42,128,1.05789697,1.25,4000,1.03526986,1,0,0.100044503,0.995766834,0
flagship,8000,q_norm,decoder.layers.self_attention.q_layernorm.weight,43,128,1.07059263,1.296875,4000,1.04514772,1,0,0.103551255,0.995845303,0
flagship,8000,q_norm,decoder.layers.self_attention.q_layernorm.weight,44,128,1.07534609,1.2734375,4000,1.04818304,1,0,0.114948431,0.994804564,0
flagship,8000,q_norm,decoder.layers.self_attention.q_layernorm.weight,45,128,1.13722978,1.3515625,4000,1.08572355,1,0,0.138617734,0.994535281,0
flagship,8000,q_norm,decoder.layers.self_attention.q_layernorm.weight,46,128,1.12915733,1.359375,4000,1.08569304,1,0,0.133861977,0.995129503,0
flagship,8000,q_norm,decoder.layers.self_attention.q_layernorm.weight,47,128,1.09364994,1.3359375,4000,1.06556374,1,0,0.127692542,0.994365996,0
flagship,8000,q_norm,decoder.layers.self_attention.q_layernorm.weight,48,128,1.21532865,1.421875,4000,1.12712554,1,0,0.151111873,0.997039418,0
flagship,8000,q_norm,decoder.layers.self_attention.q_layernorm.weight,49,128,1.12534369,1.34375,4000,1.07982659,1,0,0.137246973,0.994228496,0
flagship,8000,q_norm,decoder.layers.self_attention.q_layernorm.weight,50,128,1.15414655,1.28125,4000,1.09655033,1,0,0.109575118,0.998775824,0
flagship,8000,q_norm,decoder.layers.self_attention.q_layernorm.weight,51,128,1.2114646,1.359375,4000,1.14773433,1,0,0.163328047,0.997886873,0
flagship,8000,q_norm,decoder.layers.self_attention.q_layernorm.weight,52,128,1.20380189,1.390625,4000,1.14477,1,0,0.15748521,0.998321394,0
flagship,8000,q_norm,decoder.layers.self_attention.q_layernorm.weight,53,128,1.21541334,1.3828125,4000,1.12812624,1,0,0.161775977,0.995676401,0
flagship,8000,q_norm,decoder.layers.self_attention.q_layernorm.weight,54,128,1.15833435,1.3515625,4000,1.10914468,1,0,0.1575002,0.994187525,0
flagship,8000,q_norm,decoder.layers.self_attention.q_layernorm.weight,55,128,1.25719479,1.40625,4000,1.15155044,1,0,0.156066572,0.999396796,0
flagship,8000,q_norm,decoder.layers.self_attention.q_layernorm.weight,56,128,1.24293946,1.421875,4000,1.15462748,1,0,0.161255309,0.99909338,0
flagship,8000,q_norm,decoder.layers.self_attention.q_layernorm.weight,57,128,1.21193782,1.34375,4000,1.13129579,1,0,0.140913196,0.998842944,0
flagship,8000,q_norm,decoder.layers.self_attention.q_layernorm.weight,58,128,1.23584418,1.46875,4000,1.14961592,1,0,0.156072075,0.99914164,0
flagship,8000,q_norm,decoder.layers.self_attention.q_layernorm.weight,59,128,1.26240526,1.515625,4000,1.14993417,1,0,0.15394236,0.999470406,0
flagship,8000,q_norm,decoder.layers.self_attention.q_layernorm.weight,60,128,1.18639463,1.3828125,4000,1.13094274,1,0,0.136692895,0.999319619,0
flagship,8000,q_norm,decoder.layers.self_attention.q_layernorm.weight,61,128,1.17114011,1.375,4000,1.10811101,1,0,0.118014323,0.998989546,0
flagship,8000,q_norm,decoder.layers.self_attention.q_layernorm.weight,62,128,1.1519245,1.3203125,4000,1.10510851,1,0,0.111994596,0.9993236,0
flagship,8000,q_norm,decoder.layers.self_attention.q_layernorm.weight,63,128,1.07676938,1.1875,4000,1.05294692,1,0,0.0590183525,0.999677197,0
flagship,12000,attention_input_norm,decoder.layers.self_attention.linear_qkv.layer_norm_weight,0,5120,0.855432518,0.9921875,4000,0.86681358,1,0,0.13781214,0.999276913,0
flagship,12000,attention_input_norm,decoder.layers.self_attention.linear_qkv.layer_norm_weight,1,5120,0.87607214,0.97265625,4000,0.884873185,1,0,0.116584436,0.999809155,0
flagship,12000,attention_input_norm,decoder.layers.self_attention.linear_qkv.layer_norm_weight,2,5120,0.960410949,1.03125,4000,0.959450386,1,0,0.0444965654,0.99982507,0
flagship,12000,attention_input_norm,decoder.layers.self_attention.linear_qkv.layer_norm_weight,3,5120,1.0087076,1.0859375,4000,1.00287492,1,0,0.0191990753,0.999820347,0
flagship,12000,attention_input_norm,decoder.layers.self_attention.linear_qkv.layer_norm_weight,4,5120,1.00237342,1.0703125,4000,1.00234059,1,0,0.0189453055,0.99982369,0
flagship,12000,attention_input_norm,decoder.layers.self_attention.linear_qkv.layer_norm_weight,5,5120,1.05355025,1.1328125,4000,1.0493081,1,0,0.0533663877,0.999801449,0
flagship,12000,attention_input_norm,decoder.layers.self_attention.linear_qkv.layer_norm_weight,6,5120,1.09329174,1.1953125,4000,1.08684871,1,0,0.0907857552,0.999678265,0
flagship,12000,attention_input_norm,decoder.layers.self_attention.linear_qkv.layer_norm_weight,7,5120,1.11482292,1.203125,4000,1.10171711,1,0,0.104313261,0.999757249,0
flagship,12000,attention_input_norm,decoder.layers.self_attention.linear_qkv.layer_norm_weight,8,5120,1.07525835,1.1640625,4000,1.08561366,1,0,0.0901092346,0.999636162,0
flagship,12000,attention_input_norm,decoder.layers.self_attention.linear_qkv.layer_norm_weight,9,5120,0.975532223,1.0390625,4000,0.989716832,1,0,0.0208255298,0.999834317,0
flagship,12000,attention_input_norm,decoder.layers.self_attention.linear_qkv.layer_norm_weight,10,5120,1.01137807,1.078125,4000,1.02730686,1,0,0.0339746798,0.999801123,0
flagship,12000,attention_input_norm,decoder.layers.self_attention.linear_qkv.layer_norm_weight,11,5120,0.99709964,1.0703125,4000,1.01320814,1,0,0.0251526061,0.999773887,0
flagship,12000,attention_input_norm,decoder.layers.self_attention.linear_qkv.layer_norm_weight,12,5120,0.97128309,1.03125,4000,0.986940861,1,0,0.0218413577,0.99984472,0
flagship,12000,attention_input_norm,decoder.layers.self_attention.linear_qkv.layer_norm_weight,13,5120,0.962526159,1.0234375,4000,0.978208036,1,0,0.0276685244,0.999851434,0
flagship,12000,attention_input_norm,decoder.layers.self_attention.linear_qkv.layer_norm_weight,14,5120,0.913976121,0.984375,4000,0.930018157,1,0,0.0718948189,0.999854085,0
flagship,12000,attention_input_norm,decoder.layers.self_attention.linear_qkv.layer_norm_weight,15,5120,0.983691093,1.0703125,4000,1.00063171,1,0,0.0193674938,0.999812768,0
flagship,12000,attention_input_norm,decoder.layers.self_attention.linear_qkv.layer_norm_weight,16,5120,0.94531046,0.99609375,4000,0.961822737,1,0,0.0409361242,0.999886537,0
flagship,12000,attention_input_norm,decoder.layers.self_attention.linear_qkv.layer_norm_weight,17,5120,1.09357037,1.1953125,4000,1.11131319,1,0,0.114213691,0.99970569,0
flagship,12000,attention_input_norm,decoder.layers.self_attention.linear_qkv.layer_norm_weight,18,5120,0.998650737,1.0703125,4000,1.01617558,1,0,0.0259485164,0.999797439,0
flagship,12000,attention_input_norm,decoder.layers.self_attention.linear_qkv.layer_norm_weight,19,5120,1.08197797,1.171875,4000,1.0972642,1,0,0.100515748,0.999706957,0
flagship,12000,attention_input_norm,decoder.layers.self_attention.linear_qkv.layer_norm_weight,20,5120,0.976078461,1.0390625,4000,0.993287963,1,0,0.0186900273,0.999846839,0
flagship,12000,attention_input_norm,decoder.layers.self_attention.linear_qkv.layer_norm_weight,21,5120,0.994364006,1.0546875,4000,1.01124216,1,0,0.0209931954,0.999844583,0
flagship,12000,attention_input_norm,decoder.layers.self_attention.linear_qkv.layer_norm_weight,22,5120,1.12982498,1.234375,4000,1.14278234,1,0,0.145476466,0.999660213,0
flagship,12000,attention_input_norm,decoder.layers.self_attention.linear_qkv.layer_norm_weight,23,5120,1.11620427,1.2109375,4000,1.1332189,1,0,0.135694954,0.999706216,0
flagship,12000,attention_input_norm,decoder.layers.self_attention.linear_qkv.layer_norm_weight,24,5120,1.08189663,1.1796875,4000,1.09256136,1,0,0.0955768555,0.999740367,0
flagship,12000,attention_input_norm,decoder.layers.self_attention.linear_qkv.layer_norm_weight,25,5120,1.04431629,1.1328125,4000,1.05966801,1,0,0.0635282147,0.999775608,0
flagship,12000,attention_input_norm,decoder.layers.self_attention.linear_qkv.layer_norm_weight,26,5120,1.00554247,1.0859375,4000,1.02307723,1,0,0.0302055922,0.999814374,0
flagship,12000,attention_input_norm,decoder.layers.self_attention.linear_qkv.layer_norm_weight,27,5120,1.12092372,1.2265625,4000,1.13038687,1,0,0.132826779,0.99971593,0
flagship,12000,attention_input_norm,decoder.layers.self_attention.linear_qkv.layer_norm_weight,28,5120,1.02914966,1.1171875,4000,1.04662551,1,0,0.0513268288,0.999780005,0
flagship,12000,attention_input_norm,decoder.layers.self_attention.linear_qkv.layer_norm_weight,29,5120,1.05635446,1.1328125,4000,1.07239078,1,0,0.0755422482,0.999782632,0
flagship,12000,attention_input_norm,decoder.layers.self_attention.linear_qkv.layer_norm_weight,30,5120,1.07570076,1.15625,4000,1.09270889,1,0,0.0954906075,0.999760449,0
flagship,12000,attention_input_norm,decoder.layers.self_attention.linear_qkv.layer_norm_weight,31,5120,0.955034048,1.0078125,4000,0.972655844,1,0,0.031708916,0.999867501,0
flagship,12000,attention_input_norm,decoder.layers.self_attention.linear_qkv.layer_norm_weight,32,5120,0.987234445,1.0546875,4000,1.00478574,1,0,0.0185971898,0.999839293,0
flagship,12000,attention_input_norm,decoder.layers.self_attention.linear_qkv.layer_norm_weight,33,5120,0.972719489,1.046875,4000,0.990505494,1,0,0.0205536853,0.999832253,0
flagship,12000,attention_input_norm,decoder.layers.self_attention.linear_qkv.layer_norm_weight,34,5120,1.01590314,1.0859375,4000,1.03336631,1,0,0.0383805761,0.999825929,0
flagship,12000,attention_input_norm,decoder.layers.self_attention.linear_qkv.layer_norm_weight,35,5120,0.98491875,1.0390625,4000,1.00278019,1,0,0.0178766092,0.99984451,0
flagship,12000,attention_input_norm,decoder.layers.self_attention.linear_qkv.layer_norm_weight,36,5120,0.938249335,0.9921875,4000,0.955543203,1,0,0.0476458011,0.99984631,0
flagship,12000,attention_input_norm,decoder.layers.self_attention.linear_qkv.layer_norm_weight,37,5120,0.893527325,0.94921875,4000,0.910340333,1,0,0.0913109338,0.999835869,0
flagship,12000,attention_input_norm,decoder.layers.self_attention.linear_qkv.layer_norm_weight,38,5120,0.954438644,1.0078125,4000,0.971890787,1,0,0.0332166151,0.999838863,0
flagship,12000,attention_input_norm,decoder.layers.self_attention.linear_qkv.layer_norm_weight,39,5120,0.893206115,0.953125,4000,0.909867437,1,0,0.091736788,0.999839669,0
flagship,12000,attention_input_norm,decoder.layers.self_attention.linear_qkv.layer_norm_weight,40,5120,0.914177987,0.96484375,4000,0.930856361,1,0,0.0711485618,0.999848916,0
flagship,12000,attention_input_norm,decoder.layers.self_attention.linear_qkv.layer_norm_weight,41,5120,0.899215819,0.953125,4000,0.915659236,1,0,0.0860110695,0.999844626,0
flagship,12000,attention_input_norm,decoder.layers.self_attention.linear_qkv.layer_norm_weight,42,5120,0.893532193,0.9609375,4000,0.909766781,1,0,0.0918914931,0.999834016,0
flagship,12000,attention_input_norm,decoder.layers.self_attention.linear_qkv.layer_norm_weight,43,5120,0.898354308,0.96484375,4000,0.914220671,1,0,0.087377811,0.999848621,0
flagship,12000,attention_input_norm,decoder.layers.self_attention.linear_qkv.layer_norm_weight,44,5120,0.904908765,0.96875,4000,0.920613711,1,0,0.0811292202,0.999848054,0
flagship,12000,attention_input_norm,decoder.layers.self_attention.linear_qkv.layer_norm_weight,45,5120,0.954158131,1.0234375,4000,0.968231787,1,0,0.0365191282,0.999832464,0
flagship,12000,attention_input_norm,decoder.layers.self_attention.linear_qkv.layer_norm_weight,46,5120,0.970221838,1.0390625,4000,0.981350866,1,0,0.0264270785,0.999821369,0
flagship,12000,attention_input_norm,decoder.layers.self_attention.linear_qkv.layer_norm_weight,47,5120,0.939968802,1,4000,0.953836039,1,0,0.0494421773,0.999835707,0
flagship,12000,attention_input_norm,decoder.layers.self_attention.linear_qkv.layer_norm_weight,48,5120,1.01720262,1.09375,4000,1.02629779,1,0,0.0333077383,0.999796437,0
flagship,12000,attention_input_norm,decoder.layers.self_attention.linear_qkv.layer_norm_weight,49,5120,1.02113009,1.1015625,4000,1.02500724,1,0,0.0335619173,0.999755592,0
flagship,12000,attention_input_norm,decoder.layers.self_attention.linear_qkv.layer_norm_weight,50,5120,0.952801191,1.0078125,4000,0.964457536,1,0,0.0398800356,0.999830397,0
flagship,12000,attention_input_norm,decoder.layers.self_attention.linear_qkv.layer_norm_weight,51,5120,0.975431564,1.046875,4000,0.986935909,1,0,0.0227749937,0.999823682,0
flagship,12000,attention_input_norm,decoder.layers.self_attention.linear_qkv.layer_norm_weight,52,5120,0.953480673,1.015625,4000,0.965065754,1,0,0.0387898976,0.999852728,0
flagship,12000,attention_input_norm,decoder.layers.self_attention.linear_qkv.layer_norm_weight,53,5120,1.02617194,1.1015625,4000,1.03262219,1,0,0.041290581,0.999689768,0
flagship,12000,attention_input_norm,decoder.layers.self_attention.linear_qkv.layer_norm_weight,54,5120,0.997034061,1.0703125,4000,1.00628341,1,0,0.0229846264,0.99975712,0
flagship,12000,attention_input_norm,decoder.layers.self_attention.linear_qkv.layer_norm_weight,55,5120,1.04044352,1.1171875,4000,1.04353724,1,0,0.049958121,0.999712361,0
flagship,12000,attention_input_norm,decoder.layers.self_attention.linear_qkv.layer_norm_weight,56,5120,1.00988145,1.078125,4000,1.01714589,1,0,0.0282718255,0.999751602,0
flagship,12000,attention_input_norm,decoder.layers.self_attention.linear_qkv.layer_norm_weight,57,5120,1.03939225,1.1484375,4000,1.04103464,1,0,0.0510325195,0.999557903,0
flagship,12000,attention_input_norm,decoder.layers.self_attention.linear_qkv.layer_norm_weight,58,5120,1.0441995,1.125,4000,1.04740855,1,0,0.0545211013,0.999653917,0
flagship,12000,attention_input_norm,decoder.layers.self_attention.linear_qkv.layer_norm_weight,59,5120,1.03731354,1.125,4000,1.03828919,1,0,0.0469162249,0.999646019,0
flagship,12000,attention_input_norm,decoder.layers.self_attention.linear_qkv.layer_norm_weight,60,5120,0.996857664,1.0546875,4000,1.00191523,1,0,0.0203896741,0.999794358,0
flagship,12000,attention_input_norm,decoder.layers.self_attention.linear_qkv.layer_norm_weight,61,5120,1.01480414,1.109375,4000,1.01662162,1,0,0.0295514953,0.999706374,0
flagship,12000,attention_input_norm,decoder.layers.self_attention.linear_qkv.layer_norm_weight,62,5120,0.992140251,1.0625,4000,0.996594192,1,0,0.0161396632,0.99987513,0
flagship,12000,attention_input_norm,decoder.layers.self_attention.linear_qkv.layer_norm_weight,63,5120,0.980129858,1.0234375,4000,0.984072291,1,0,0.0206442898,0.999912357,0
flagship,12000,final_norm,decoder.final_layernorm.weight,-1,5120,1.55901286,2.765625,4000,1.40837787,1,0,0.414599478,0.998182224,0
flagship,12000,k_norm,decoder.layers.self_attention.k_layernorm.weight,0,128,0.992257724,1.15625,4000,1.02757526,1,0,0.106505516,0.994850484,0
flagship,12000,k_norm,decoder.layers.self_attention.k_layernorm.weight,1,128,1.2978207,1.546875,4000,1.2020407,1,0,0.207779254,0.999021759,0
flagship,12000,k_norm,decoder.layers.self_attention.k_layernorm.weight,2,128,1.34894498,1.5625,4000,1.19840453,1,0,0.204085961,0.999045931,0
flagship,12000,k_norm,decoder.layers.self_attention.k_layernorm.weight,3,128,1.42539693,1.6328125,4000,1.24779353,1,0,0.256151413,0.998312257,0
flagship,12000,k_norm,decoder.layers.self_attention.k_layernorm.weight,4,128,1.37188802,1.53125,4000,1.23479403,1,0,0.244886878,0.998039612,0
flagship,12000,k_norm,decoder.layers.self_attention.k_layernorm.weight,5,128,1.37804457,1.5390625,4000,1.22767908,1,0,0.235846724,0.998458101,0
flagship,12000,k_norm,decoder.layers.self_attention.k_layernorm.weight,6,128,1.48632026,1.6640625,4000,1.28314155,1,0,0.296308451,0.997026999,0
flagship,12000,k_norm,decoder.layers.self_attention.k_layernorm.weight,7,128,1.46357529,1.828125,4000,1.27065775,1,0,0.320112943,0.988503326,0
flagship,12000,k_norm,decoder.layers.self_attention.k_layernorm.weight,8,128,1.42531195,1.6171875,4000,1.30941596,1,0,0.31948911,0.997580964,0
flagship,12000,k_norm,decoder.layers.self_attention.k_layernorm.weight,9,128,1.36936494,1.5625,4000,1.3096609,1,0,0.316372711,0.998395837,0
flagship,12000,k_norm,decoder.layers.self_attention.k_layernorm.weight,10,128,1.40369913,1.5546875,4000,1.35861315,1,0,0.364013794,0.998563736,0
flagship,12000,k_norm,decoder.layers.self_attention.k_layernorm.weight,11,128,1.4210119,1.5703125,4000,1.3788897,1,0,0.384266874,0.998511982,0
flagship,12000,k_norm,decoder.layers.self_attention.k_layernorm.weight,12,128,1.34383197,1.4921875,4000,1.29629552,1,0,0.300943716,0.998929222,0
flagship,12000,k_norm,decoder.layers.self_attention.k_layernorm.weight,13,128,1.3186138,1.546875,4000,1.28412947,1,0,0.296972024,0.997094207,0
flagship,12000,k_norm,decoder.layers.self_attention.k_layernorm.weight,14,128,1.22735672,1.3984375,4000,1.22007345,1,0,0.229397099,0.998282602,0
flagship,12000,k_norm,decoder.layers.self_attention.k_layernorm.weight,15,128,1.37815599,1.5859375,4000,1.35122156,1,0,0.355617224,0.998850289,0
flagship,12000,k_norm,decoder.layers.self_attention.k_layernorm.weight,16,128,1.22772424,1.4453125,4000,1.21413658,1,0,0.225248142,0.997989415,0
flagship,12000,k_norm,decoder.layers.self_attention.k_layernorm.weight,17,128,1.4486402,1.640625,4000,1.38908917,1,0,0.394449511,0.998488204,0
flagship,12000,k_norm,decoder.layers.self_attention.k_layernorm.weight,18,128,1.38342259,1.5859375,4000,1.35389673,1,0,0.372873711,0.994906588,0
flagship,12000,k_norm,decoder.layers.self_attention.k_layernorm.weight,19,128,1.4720978,1.6640625,4000,1.39813785,1,0,0.407698648,0.99724475,0
flagship,12000,k_norm,decoder.layers.self_attention.k_layernorm.weight,20,128,1.32865083,1.578125,4000,1.3006296,1,0,0.323712827,0.994459669,0
flagship,12000,k_norm,decoder.layers.self_attention.k_layernorm.weight,21,128,1.35471722,1.625,4000,1.30885081,1,0,0.351602584,0.989213608,0
flagship,12000,k_norm,decoder.layers.self_attention.k_layernorm.weight,22,128,1.44412668,1.6875,4000,1.36144301,1,0,0.41564754,0.984530445,0
flagship,12000,k_norm,decoder.layers.self_attention.k_layernorm.weight,23,128,1.45222737,1.6484375,4000,1.38294616,1,0,0.388978553,0.998316437,0
flagship,12000,k_norm,decoder.layers.self_attention.k_layernorm.weight,24,128,1.40191461,1.625,4000,1.31592051,1,0,0.325231615,0.997731687,0
flagship,12000,k_norm,decoder.layers.self_attention.k_layernorm.weight,25,128,1.36796367,1.6875,4000,1.30616795,1,0,0.353461735,0.988058051,0
flagship,12000,k_norm,decoder.layers.self_attention.k_layernorm.weight,26,128,1.30890026,1.6015625,4000,1.26919544,1,0,0.357367697,0.978236018,0
flagship,12000,k_norm,decoder.layers.self_attention.k_layernorm.weight,27,128,1.40400074,1.7265625,4000,1.32010137,1,0,0.371412896,0.986560633,0
flagship,12000,k_norm,decoder.layers.self_attention.k_layernorm.weight,28,128,1.27345367,1.5625,4000,1.23082981,1,0,0.327610018,0.978044926,0
flagship,12000,k_norm,decoder.layers.self_attention.k_layernorm.weight,29,128,1.35030015,1.625,4000,1.29126218,1,0,0.363501229,0.981684787,0
flagship,12000,k_norm,decoder.layers.self_attention.k_layernorm.weight,30,128,1.38110565,1.578125,4000,1.32039848,1,0,0.345925822,0.993558959,0
flagship,12000,k_norm,decoder.layers.self_attention.k_layernorm.weight,31,128,1.22024899,1.453125,4000,1.1908288,1,0,0.253403014,0.988328525,0
flagship,12000,k_norm,decoder.layers.self_attention.k_layernorm.weight,32,128,1.34480918,1.5625,4000,1.30293663,1,0,0.329421585,0.993572989,0
flagship,12000,k_norm,decoder.layers.self_attention.k_layernorm.weight,33,128,1.22495276,1.5234375,4000,1.19088127,1,0,0.297600515,0.978112676,0
flagship,12000,k_norm,decoder.layers.self_attention.k_layernorm.weight,34,128,1.2761212,1.578125,4000,1.2324847,1,0,0.308983507,0.983195867,0
flagship,12000,k_norm,decoder.layers.self_attention.k_layernorm.weight,35,128,1.33747387,1.515625,4000,1.29981178,1,0,0.337035771,0.990880986,0
flagship,12000,k_norm,decoder.layers.self_attention.k_layernorm.weight,36,128,1.24458997,1.59375,4000,1.21396453,1,0,0.273628292,0.988017929,0
flagship,12000,k_norm,decoder.layers.self_attention.k_layernorm.weight,37,128,1.11431553,1.40625,4000,1.09157846,1,0,0.182215346,0.988633059,0
flagship,12000,k_norm,decoder.layers.self_attention.k_layernorm.weight,38,128,1.34469279,1.609375,4000,1.30135892,1,0,0.323055422,0.994794821,0
flagship,12000,k_norm,decoder.layers.self_attention.k_layernorm.weight,39,128,1.13959603,1.4375,4000,1.11386459,1,0,0.18743289,0.990049983,0
flagship,12000,k_norm,decoder.layers.self_attention.k_layernorm.weight,40,128,1.14965885,1.4296875,4000,1.12391173,1,0,0.221587786,0.984986797,0
flagship,12000,k_norm,decoder.layers.self_attention.k_layernorm.weight,41,128,1.13876431,1.4375,4000,1.1081684,1,0,0.200099747,0.987213358,0
flagship,12000,k_norm,decoder.layers.self_attention.k_layernorm.weight,42,128,1.09968922,1.421875,4000,1.0749691,1,0,0.178261148,0.987833756,0
flagship,12000,k_norm,decoder.layers.self_attention.k_layernorm.weight,43,128,1.12569353,1.5234375,4000,1.09782022,1,0,0.188287595,0.988211446,0
flagship,12000,k_norm,decoder.layers.self_attention.k_layernorm.weight,44,128,1.12488725,1.4296875,4000,1.09545544,1,0,0.205960416,0.984797212,0
flagship,12000,k_norm,decoder.layers.self_attention.k_layernorm.weight,45,128,1.17695321,1.484375,4000,1.1222911,1,0,0.235895226,0.981871261,0
flagship,12000,k_norm,decoder.layers.self_attention.k_layernorm.weight,46,128,1.19192529,1.5546875,4000,1.14562151,1,0,0.240456857,0.984020081,0
flagship,12000,k_norm,decoder.layers.self_attention.k_layernorm.weight,47,128,1.13886051,1.5078125,4000,1.11030597,1,0,0.218822481,0.983916204,0
flagship,12000,k_norm,decoder.layers.self_attention.k_layernorm.weight,48,128,1.27401439,1.5625,4000,1.18160029,1,0,0.243023683,0.988963339,0
flagship,12000,k_norm,decoder.layers.self_attention.k_layernorm.weight,49,128,1.1655163,1.40625,4000,1.11900072,1,0,0.242228867,0.980110087,0
flagship,12000,k_norm,decoder.layers.self_attention.k_layernorm.weight,50,128,1.23586931,1.4375,4000,1.17432125,1,0,0.195379869,0.996685152,0
flagship,12000,k_norm,decoder.layers.self_attention.k_layernorm.weight,51,128,1.2644558,1.515625,4000,1.20093339,1,0,0.256705613,0.989373455,0
flagship,12000,k_norm,decoder.layers.self_attention.k_layernorm.weight,52,128,1.27308481,1.609375,4000,1.21150415,1,0,0.248269392,0.993023679,0
flagship,12000,k_norm,decoder.layers.self_attention.k_layernorm.weight,53,128,1.26529879,1.5234375,4000,1.17567418,1,0,0.252307472,0.98605156,0
flagship,12000,k_norm,decoder.layers.self_attention.k_layernorm.weight,54,128,1.21744179,1.5078125,4000,1.16683103,1,0,0.265284908,0.981769643,0
flagship,12000,k_norm,decoder.layers.self_attention.k_layernorm.weight,55,128,1.32857685,1.6328125,4000,1.22224719,1,0,0.234801594,0.997652694,0
flagship,12000,k_norm,decoder.layers.self_attention.k_layernorm.weight,56,128,1.31209871,1.546875,4000,1.22222581,1,0,0.238163742,0.996998239,0
flagship,12000,k_norm,decoder.layers.self_attention.k_layernorm.weight,57,128,1.28759748,1.5234375,4000,1.2037623,1,0,0.233530843,0.994592961,0
flagship,12000,k_norm,decoder.layers.self_attention.k_layernorm.weight,58,128,1.33189271,1.53125,4000,1.24350227,1,0,0.249891129,0.998732523,0
flagship,12000,k_norm,decoder.layers.self_attention.k_layernorm.weight,59,128,1.34601331,1.5234375,4000,1.23114262,1,0,0.237287721,0.998830943,0
flagship,12000,k_norm,decoder.layers.self_attention.k_layernorm.weight,60,128,1.26779667,1.5390625,4000,1.20942519,1,0,0.224456866,0.997303687,0
flagship,12000,k_norm,decoder.layers.self_attention.k_layernorm.weight,61,128,1.24517846,1.609375,4000,1.18018042,1,0,0.193585852,0.997877232,0
flagship,12000,k_norm,decoder.layers.self_attention.k_layernorm.weight,62,128,1.21564166,1.453125,4000,1.16785786,1,0,0.178843817,0.9983693,0
flagship,12000,k_norm,decoder.layers.self_attention.k_layernorm.weight,63,128,1.12156572,1.28125,4000,1.09625151,1,0,0.105605689,0.999138788,0
flagship,12000,pre_mlp_norm,decoder.layers.mlp.linear_fc1.layer_norm_weight,0,5120,0.855006439,0.93359375,4000,0.872888642,1,0,0.132347541,0.999221794,0
flagship,12000,pre_mlp_norm,decoder.layers.mlp.linear_fc1.layer_norm_weight,1,5120,0.898054579,0.9921875,4000,0.9127181,1,0,0.0968776064,0.999031935,0
flagship,12000,pre_mlp_norm,decoder.layers.mlp.linear_fc1.layer_norm_weight,2,5120,0.888193445,0.95703125,4000,0.899792577,1,0,0.105938062,0.999343546,0
flagship,12000,pre_mlp_norm,decoder.layers.mlp.linear_fc1.layer_norm_weight,3,5120,0.832211194,0.8984375,4000,0.84961098,1,0,0.15280476,0.999568957,0
flagship,12000,pre_mlp_norm,decoder.layers.mlp.linear_fc1.layer_norm_weight,4,5120,0.817261742,0.90234375,4000,0.833221937,1,0,0.168666984,0.999619772,0
flagship,12000,pre_mlp_norm,decoder.layers.mlp.linear_fc1.layer_norm_weight,5,5120,0.752663475,0.82421875,4000,0.77073194,1,0,0.230404071,0.999661236,0
flagship,12000,pre_mlp_norm,decoder.layers.mlp.linear_fc1.layer_norm_weight,6,5120,0.713712367,0.80078125,4000,0.733174984,1,0,0.267890135,0.999611597,0
flagship,12000,pre_mlp_norm,decoder.layers.mlp.linear_fc1.layer_norm_weight,7,5120,0.716313138,0.78125,4000,0.733776586,1,0,0.267197191,0.999646055,0
flagship,12000,pre_mlp_norm,decoder.layers.mlp.linear_fc1.layer_norm_weight,8,5120,0.728427465,0.78515625,4000,0.743861775,1,0,0.257086023,0.999673036,0
flagship,12000,pre_mlp_norm,decoder.layers.mlp.linear_fc1.layer_norm_weight,9,5120,0.748507518,0.80859375,4000,0.761966387,1,0,0.239019161,0.999691484,0
flagship,12000,pre_mlp_norm,decoder.layers.mlp.linear_fc1.layer_norm_weight,10,5120,0.753077617,0.8125,4000,0.764536741,1,0,0.23643199,0.999701035,0
flagship,12000,pre_mlp_norm,decoder.layers.mlp.linear_fc1.layer_norm_weight,11,5120,0.765957588,0.83203125,4000,0.775615156,1,0,0.22534797,0.99972077,0
flagship,12000,pre_mlp_norm,decoder.layers.mlp.linear_fc1.layer_norm_weight,12,5120,0.777985982,0.83203125,4000,0.786156609,1,0,0.214818798,0.999734073,0
flagship,12000,pre_mlp_norm,decoder.layers.mlp.linear_fc1.layer_norm_weight,13,5120,0.792627478,0.8515625,4000,0.799270218,1,0,0.201723897,0.999749718,0
flagship,12000,pre_mlp_norm,decoder.layers.mlp.linear_fc1.layer_norm_weight,14,5120,0.802255695,0.86328125,4000,0.807499295,1,0,0.193504601,0.999760056,0
flagship,12000,pre_mlp_norm,decoder.layers.mlp.linear_fc1.layer_norm_weight,15,5120,0.80876548,0.859375,4000,0.812481357,1,0,0.188489432,0.999775364,0
flagship,12000,pre_mlp_norm,decoder.layers.mlp.linear_fc1.layer_norm_weight,16,5120,0.810252237,0.875,4000,0.812688389,1,0,0.188286429,0.999774735,0
flagship,12000,pre_mlp_norm,decoder.layers.mlp.linear_fc1.layer_norm_weight,17,5120,0.804278266,0.86328125,4000,0.805283343,1,0,0.19559427,0.999787316,0
flagship,12000,pre_mlp_norm,decoder.layers.mlp.linear_fc1.layer_norm_weight,18,5120,0.812518703,0.875,4000,0.812222542,1,0,0.188656226,0.999796362,0
flagship,12000,pre_mlp_norm,decoder.layers.mlp.linear_fc1.layer_norm_weight,19,5120,0.826544834,0.890625,4000,0.82458311,1,0,0.176335497,0.999804069,0
flagship,12000,pre_mlp_norm,decoder.layers.mlp.linear_fc1.layer_norm_weight,20,5120,0.836526627,0.8984375,4000,0.833260438,1,0,0.167653779,0.999816559,0
flagship,12000,pre_mlp_norm,decoder.layers.mlp.linear_fc1.layer_norm_weight,21,5120,0.847365323,0.90625,4000,0.842484641,1,0,0.158434652,0.999827622,0
flagship,12000,pre_mlp_norm,decoder.layers.mlp.linear_fc1.layer_norm_weight,22,5120,0.859732739,0.92578125,4000,0.853389613,1,0,0.147539035,0.999839955,0
flagship,12000,pre_mlp_norm,decoder.layers.mlp.linear_fc1.layer_norm_weight,23,5120,0.865723804,0.92578125,4000,0.857850087,1,0,0.143066549,0.99984762,0
flagship,12000,pre_mlp_norm,decoder.layers.mlp.linear_fc1.layer_norm_weight,24,5120,0.877830999,0.9453125,4000,0.868402621,1,0,0.132605118,0.999846702,0
flagship,12000,pre_mlp_norm,decoder.layers.mlp.linear_fc1.layer_norm_weight,25,5120,0.891722097,0.95703125,4000,0.880588839,1,0,0.120435272,0.999860531,0
flagship,12000,pre_mlp_norm,decoder.layers.mlp.linear_fc1.layer_norm_weight,26,5120,0.902579093,0.96484375,4000,0.889715436,1,0,0.111373153,0.999864398,0
flagship,12000,pre_mlp_norm,decoder.layers.mlp.linear_fc1.layer_norm_weight,27,5120,0.915069703,0.97265625,4000,0.900463616,1,0,0.100676968,0.999873199,0
flagship,12000,pre_mlp_norm,decoder.layers.mlp.linear_fc1.layer_norm_weight,28,5120,0.925103676,0.98046875,4000,0.908813762,1,0,0.0923959119,0.999877822,0
flagship,12000,pre_mlp_norm,decoder.layers.mlp.linear_fc1.layer_norm_weight,29,5120,0.935425956,0.99609375,4000,0.917182067,1,0,0.0841315129,0.999880448,0
flagship,12000,pre_mlp_norm,decoder.layers.mlp.linear_fc1.layer_norm_weight,30,5120,0.945930949,0.99609375,4000,0.925953013,1,0,0.0754589431,0.999886012,0
flagship,12000,pre_mlp_norm,decoder.layers.mlp.linear_fc1.layer_norm_weight,31,5120,0.955384224,1.015625,4000,0.933618432,1,0,0.0679741871,0.999885404,0
flagship,12000,pre_mlp_norm,decoder.layers.mlp.linear_fc1.layer_norm_weight,32,5120,0.962541786,1.0078125,4000,0.93897846,1,0,0.0627373393,0.999886928,0
flagship,12000,pre_mlp_norm,decoder.layers.mlp.linear_fc1.layer_norm_weight,33,5120,0.970859538,1.03125,4000,0.945347373,1,0,0.0566821635,0.999880489,0
flagship,12000,pre_mlp_norm,decoder.layers.mlp.linear_fc1.layer_norm_weight,34,5120,0.980683447,1.0390625,4000,0.95317723,1,0,0.0491922112,0.999880661,0
flagship,12000,pre_mlp_norm,decoder.layers.mlp.linear_fc1.layer_norm_weight,35,5120,0.988919335,1.0390625,4000,0.959569836,1,0,0.0432804515,0.999875674,0
flagship,12000,pre_mlp_norm,decoder.layers.mlp.linear_fc1.layer_norm_weight,36,5120,0.9967065,1.046875,4000,0.965349945,1,0,0.0381251201,0.999869012,0
flagship,12000,pre_mlp_norm,decoder.layers.mlp.linear_fc1.layer_norm_weight,37,5120,1.00614353,1.0546875,4000,0.972822087,1,0,0.0319687483,0.999854361,0
flagship,12000,pre_mlp_norm,decoder.layers.mlp.linear_fc1.layer_norm_weight,38,5120,1.013257,1.0625,4000,0.977954335,1,0,0.0282955331,0.999839141,0
flagship,12000,pre_mlp_norm,decoder.layers.mlp.linear_fc1.layer_norm_weight,39,5120,1.02124774,1.0703125,4000,0.983857685,1,0,0.0247168219,0.999821952,0
flagship,12000,pre_mlp_norm,decoder.layers.mlp.linear_fc1.layer_norm_weight,40,5120,1.02952836,1.078125,4000,0.990224907,1,0,0.0217383208,0.999809638,0
flagship,12000,pre_mlp_norm,decoder.layers.mlp.linear_fc1.layer_norm_weight,41,5120,1.03820093,1.0859375,4000,0.996015013,1,0,0.0208950233,0.999788797,0
flagship,12000,pre_mlp_norm,decoder.layers.mlp.linear_fc1.layer_norm_weight,42,5120,1.04555902,1.09375,4000,1.00244132,1,0,0.021712294,0.999767835,0
flagship,12000,pre_mlp_norm,decoder.layers.mlp.linear_fc1.layer_norm_weight,43,5120,1.053854,1.1015625,4000,1.00839018,1,0,0.0242918344,0.999742313,0
flagship,12000,pre_mlp_norm,decoder.layers.mlp.linear_fc1.layer_norm_weight,44,5120,1.06091463,1.125,4000,1.01401358,1,0,0.0278477196,0.999714444,0
flagship,12000,pre_mlp_norm,decoder.layers.mlp.linear_fc1.layer_norm_weight,45,5120,1.06784692,1.125,4000,1.01998664,1,0,0.0320475588,0.999692359,0
flagship,12000,pre_mlp_norm,decoder.layers.mlp.linear_fc1.layer_norm_weight,46,5120,1.07518412,1.1328125,4000,1.02580374,1,0,0.0367605301,0.99966587,0
flagship,12000,pre_mlp_norm,decoder.layers.mlp.linear_fc1.layer_norm_weight,47,5120,1.08226268,1.140625,4000,1.03211991,1,0,0.0421415785,0.999639468,0
flagship,12000,pre_mlp_norm,decoder.layers.mlp.linear_fc1.layer_norm_weight,48,5120,1.08881169,1.1484375,4000,1.03784923,1,0,0.0475319214,0.999601715,0
flagship,12000,pre_mlp_norm,decoder.layers.mlp.linear_fc1.layer_norm_weight,49,5120,1.09702725,1.15625,4000,1.04548603,1,0,0.0543676516,0.999575861,0
flagship,12000,pre_mlp_norm,decoder.layers.mlp.linear_fc1.layer_norm_weight,50,5120,1.10330189,1.171875,4000,1.05213743,1,0,0.0606599479,0.99954316,0
flagship,12000,pre_mlp_norm,decoder.layers.mlp.linear_fc1.layer_norm_weight,51,5120,1.11002963,1.171875,4000,1.05900503,1,0,0.0673321482,0.999503296,0
flagship,12000,pre_mlp_norm,decoder.layers.mlp.linear_fc1.layer_norm_weight,52,5120,1.11694601,1.1953125,4000,1.06694267,1,0,0.0748380295,0.999475413,0
flagship,12000,pre_mlp_norm,decoder.layers.mlp.linear_fc1.layer_norm_weight,53,5120,1.12402067,1.1953125,4000,1.07578967,1,0,0.0829844019,0.99946907,0
flagship,12000,pre_mlp_norm,decoder.layers.mlp.linear_fc1.layer_norm_weight,54,5120,1.1312943,1.2109375,4000,1.08563706,1,0,0.0921145324,0.999469721,0
flagship,12000,pre_mlp_norm,decoder.layers.mlp.linear_fc1.layer_norm_weight,55,5120,1.1365441,1.2265625,4000,1.09389467,1,0,0.100135558,0.999446509,0
flagship,12000,pre_mlp_norm,decoder.layers.mlp.linear_fc1.layer_norm_weight,56,5120,1.14361611,1.2578125,4000,1.10428076,1,0,0.109818273,0.999463191,0
flagship,12000,pre_mlp_norm,decoder.layers.mlp.linear_fc1.layer_norm_weight,57,5120,1.15069473,1.265625,4000,1.11576522,1,0,0.12052898,0.99949557,0
flagship,12000,pre_mlp_norm,decoder.layers.mlp.linear_fc1.layer_norm_weight,58,5120,1.15558927,1.296875,4000,1.12560924,1,0,0.129905348,0.99951239,0
flagship,12000,pre_mlp_norm,decoder.layers.mlp.linear_fc1.layer_norm_weight,59,5120,1.15801172,1.3125,4000,1.13365269,1,0,0.137563179,0.999532225,0
flagship,12000,pre_mlp_norm,decoder.layers.mlp.linear_fc1.layer_norm_weight,60,5120,1.15408363,1.3359375,4000,1.13638285,1,0,0.140115684,0.999545873,0
flagship,12000,pre_mlp_norm,decoder.layers.mlp.linear_fc1.layer_norm_weight,61,5120,1.13924047,1.28125,4000,1.12723124,1,0,0.130660088,0.999607769,0
flagship,12000,pre_mlp_norm,decoder.layers.mlp.linear_fc1.layer_norm_weight,62,5120,1.09312239,1.203125,4000,1.08760567,1,0,0.090784776,0.999739279,0
flagship,12000,pre_mlp_norm,decoder.layers.mlp.linear_fc1.layer_norm_weight,63,5120,1.03039476,1.09375,4000,1.03072305,1,0,0.03298522,0.999930088,0
flagship,12000,q_norm,decoder.layers.self_attention.q_layernorm.weight,0,128,0.993920922,1.203125,4000,1.02995342,1,0,0.103969935,0.99518787,0
flagship,12000,q_norm,decoder.layers.self_attention.q_layernorm.weight,1,128,1.30802372,1.640625,4000,1.21115415,1,0,0.21882521,0.998638323,0
flagship,12000,q_norm,decoder.layers.self_attention.q_layernorm.weight,2,128,1.35876556,1.546875,4000,1.20422533,1,0,0.209620764,0.999072899,0
flagship,12000,q_norm,decoder.layers.self_attention.q_layernorm.weight,3,128,1.43599772,1.640625,4000,1.25521173,1,0,0.262400255,0.998517834,0
flagship,12000,q_norm,decoder.layers.self_attention.q_layernorm.weight,4,128,1.3824678,1.5234375,4000,1.24205705,1,0,0.250703658,0.998284818,0
flagship,12000,q_norm,decoder.layers.self_attention.q_layernorm.weight,5,128,1.3850903,1.5546875,4000,1.23236664,1,0,0.239429229,0.998648089,0
flagship,12000,q_norm,decoder.layers.self_attention.q_layernorm.weight,6,128,1.5011867,1.6953125,4000,1.2938023,1,0,0.30670095,0.99700662,0
flagship,12000,q_norm,decoder.layers.self_attention.q_layernorm.weight,7,128,1.48289592,1.765625,4000,1.28633654,1,0,0.329784709,0.989594738,0
flagship,12000,q_norm,decoder.layers.self_attention.q_layernorm.weight,8,128,1.43507645,1.6171875,4000,1.3176177,1,0,0.327085302,0.997683777,0
flagship,12000,q_norm,decoder.layers.self_attention.q_layernorm.weight,9,128,1.38789649,1.59375,4000,1.32773662,1,0,0.331192121,0.999142553,0
flagship,12000,q_norm,decoder.layers.self_attention.q_layernorm.weight,10,128,1.42176584,1.5703125,4000,1.3766252,1,0,0.379875954,0.999106802,0
flagship,12000,q_norm,decoder.layers.self_attention.q_layernorm.weight,11,128,1.43388892,1.5625,4000,1.39227435,1,0,0.394419142,0.999394053,0
flagship,12000,q_norm,decoder.layers.self_attention.q_layernorm.weight,12,128,1.35757063,1.4921875,4000,1.30969166,1,0,0.313714789,0.999042506,0
flagship,12000,q_norm,decoder.layers.self_attention.q_layernorm.weight,13,128,1.33047081,1.4921875,4000,1.29388269,1,0,0.302860104,0.997929795,0
flagship,12000,q_norm,decoder.layers.self_attention.q_layernorm.weight,14,128,1.23798634,1.4296875,4000,1.23178823,1,0,0.239963455,0.998434521,0
flagship,12000,q_norm,decoder.layers.self_attention.q_layernorm.weight,15,128,1.39171789,1.578125,4000,1.36567472,1,0,0.370050779,0.998821251,0
flagship,12000,q_norm,decoder.layers.self_attention.q_layernorm.weight,16,128,1.23386546,1.40625,4000,1.22132774,1,0,0.229141693,0.998558968,0
flagship,12000,q_norm,decoder.layers.self_attention.q_layernorm.weight,17,128,1.45387905,1.640625,4000,1.3945079,1,0,0.400023376,0.99842876,0
flagship,12000,q_norm,decoder.layers.self_attention.q_layernorm.weight,18,128,1.39611526,1.5703125,4000,1.36714153,1,0,0.382026554,0.99592164,0
flagship,12000,q_norm,decoder.layers.self_attention.q_layernorm.weight,19,128,1.48938268,1.671875,4000,1.41519048,1,0,0.421335541,0.998183814,0
flagship,12000,q_norm,decoder.layers.self_attention.q_layernorm.weight,20,128,1.3407266,1.53125,4000,1.31335606,1,0,0.333140718,0.995130522,0
flagship,12000,q_norm,decoder.layers.self_attention.q_layernorm.weight,21,128,1.36906274,1.6015625,4000,1.32408312,1,0,0.358119807,0.991231694,0
flagship,12000,q_norm,decoder.layers.self_attention.q_layernorm.weight,22,128,1.45908132,1.7265625,4000,1.37583794,1,0,0.430207288,0.984073649,0
flagship,12000,q_norm,decoder.layers.self_attention.q_layernorm.weight,23,128,1.46531519,1.6484375,4000,1.39558319,1,0,0.400018626,0.998735712,0
flagship,12000,q_norm,decoder.layers.self_attention.q_layernorm.weight,24,128,1.41876114,1.625,4000,1.32906357,1,0,0.336737542,0.998077844,0
flagship,12000,q_norm,decoder.layers.self_attention.q_layernorm.weight,25,128,1.38750573,1.6484375,4000,1.32430221,1,0,0.36460964,0.989515889,0
flagship,12000,q_norm,decoder.layers.self_attention.q_layernorm.weight,26,128,1.32111399,1.6015625,4000,1.2825415,1,0,0.36406461,0.979449655,0
flagship,12000,q_norm,decoder.layers.self_attention.q_layernorm.weight,27,128,1.42473507,1.703125,4000,1.33976315,1,0,0.380491219,0.989052331,0
flagship,12000,q_norm,decoder.layers.self_attention.q_layernorm.weight,28,128,1.2839358,1.578125,4000,1.24198418,1,0,0.332407178,0.979090642,0
flagship,12000,q_norm,decoder.layers.self_attention.q_layernorm.weight,29,128,1.37019881,1.6640625,4000,1.31095911,1,0,0.371879809,0.984134127,0
flagship,12000,q_norm,decoder.layers.self_attention.q_layernorm.weight,30,128,1.39625635,1.5859375,4000,1.33603711,1,0,0.348591864,0.996783268,0
flagship,12000,q_norm,decoder.layers.self_attention.q_layernorm.weight,31,128,1.22841165,1.46875,4000,1.19979236,1,0,0.256649096,0.98918489,0
flagship,12000,q_norm,decoder.layers.self_attention.q_layernorm.weight,32,128,1.36204902,1.5546875,4000,1.32091881,1,0,0.336029101,0.996242511,0
flagship,12000,q_norm,decoder.layers.self_attention.q_layernorm.weight,33,128,1.23513761,1.515625,4000,1.20198481,1,0,0.298922157,0.979801495,0
flagship,12000,q_norm,decoder.layers.self_attention.q_layernorm.weight,34,128,1.2843127,1.546875,4000,1.2418097,1,0,0.303807354,0.986379969,0
flagship,12000,q_norm,decoder.layers.self_attention.q_layernorm.weight,35,128,1.36302506,1.5,4000,1.32575076,1,0,0.34184846,0.995946894,0
flagship,12000,q_norm,decoder.layers.self_attention.q_layernorm.weight,36,128,1.25126241,1.53125,4000,1.22152996,1,0,0.269548017,0.990347919,0
flagship,12000,q_norm,decoder.layers.self_attention.q_layernorm.weight,37,128,1.11350074,1.40625,4000,1.09191168,1,0,0.183181022,0.988502949,0
flagship,12000,q_norm,decoder.layers.self_attention.q_layernorm.weight,38,128,1.36119607,1.6015625,4000,1.31857273,1,0,0.335243806,0.99586681,0
flagship,12000,q_norm,decoder.layers.self_attention.q_layernorm.weight,39,128,1.13910385,1.421875,4000,1.11446282,1,0,0.186327165,0.990302021,0
flagship,12000,q_norm,decoder.layers.self_attention.q_layernorm.weight,40,128,1.15339855,1.4296875,4000,1.12791206,1,0,0.221822035,0.985440567,0
flagship,12000,q_norm,decoder.layers.self_attention.q_layernorm.weight,41,128,1.13901485,1.4375,4000,1.10961113,1,0,0.201531008,0.987112535,0
flagship,12000,q_norm,decoder.layers.self_attention.q_layernorm.weight,42,128,1.09919197,1.421875,4000,1.07568161,1,0,0.180805471,0.987467058,0
flagship,12000,q_norm,decoder.layers.self_attention.q_layernorm.weight,43,128,1.12626894,1.484375,4000,1.09950077,1,0,0.188326319,0.988373633,0
flagship,12000,q_norm,decoder.layers.self_attention.q_layernorm.weight,44,128,1.1242491,1.4296875,4000,1.09585077,1,0,0.206078336,0.984815036,0
flagship,12000,q_norm,decoder.layers.self_attention.q_layernorm.weight,45,128,1.18607536,1.4765625,4000,1.13235687,1,0,0.233909245,0.983576206,0
flagship,12000,q_norm,decoder.layers.self_attention.q_layernorm.weight,46,128,1.19664839,1.5078125,4000,1.15058619,1,0,0.233824532,0.986095041,0
flagship,12000,q_norm,decoder.layers.self_attention.q_layernorm.weight,47,128,1.14611915,1.484375,4000,1.11668548,1,0,0.221633055,0.984102188,0
flagship,12000,q_norm,decoder.layers.self_attention.q_layernorm.weight,48,128,1.28448603,1.5390625,4000,1.19126379,1,0,0.239246309,0.991329813,0
flagship,12000,q_norm,decoder.layers.self_attention.q_layernorm.weight,49,128,1.17953733,1.484375,4000,1.13182825,1,0,0.246641727,0.980803865,0
flagship,12000,q_norm,decoder.layers.self_attention.q_layernorm.weight,50,128,1.23970965,1.4375,4000,1.17784351,1,0,0.196926794,0.996964008,0
flagship,12000,q_norm,decoder.layers.self_attention.q_layernorm.weight,51,128,1.28514526,1.5234375,4000,1.21753895,1,0,0.254188129,0.992900264,0
flagship,12000,q_norm,decoder.layers.self_attention.q_layernorm.weight,52,128,1.28418382,1.5625,4000,1.22121018,1,0,0.244233967,0.995612431,0
flagship,12000,q_norm,decoder.layers.self_attention.q_layernorm.weight,53,128,1.27439436,1.5,4000,1.18287143,1,0,0.255987894,0.986436463,0
flagship,12000,q_norm,decoder.layers.self_attention.q_layernorm.weight,54,128,1.22561332,1.5,4000,1.17356659,1,0,0.265938732,0.982703135,0
flagship,12000,q_norm,decoder.layers.self_attention.q_layernorm.weight,55,128,1.34275284,1.578125,4000,1.22991889,1,0,0.237620737,0.998536115,0
flagship,12000,q_norm,decoder.layers.self_attention.q_layernorm.weight,56,128,1.32764058,1.5703125,4000,1.23331051,1,0,0.242887812,0.998151035,0
flagship,12000,q_norm,decoder.layers.self_attention.q_layernorm.weight,57,128,1.29447025,1.5078125,4000,1.20833653,1,0,0.233671765,0.995366198,0
flagship,12000,q_norm,decoder.layers.self_attention.q_layernorm.weight,58,128,1.35107766,1.6328125,4000,1.25680924,1,0,0.264140104,0.998480673,0
flagship,12000,q_norm,decoder.layers.self_attention.q_layernorm.weight,59,128,1.35980639,1.7109375,4000,1.23865757,1,0,0.245353554,0.998691756,0
flagship,12000,q_norm,decoder.layers.self_attention.q_layernorm.weight,60,128,1.28868199,1.5390625,4000,1.22844921,1,0,0.236262548,0.998522142,0
flagship,12000,q_norm,decoder.layers.self_attention.q_layernorm.weight,61,128,1.26136666,1.6015625,4000,1.1934817,1,0,0.209044837,0.997375503,0
flagship,12000,q_norm,decoder.layers.self_attention.q_layernorm.weight,62,128,1.22757674,1.4453125,4000,1.17768613,1,0,0.187451975,0.998486064,0
flagship,12000,q_norm,decoder.layers.self_attention.q_layernorm.weight,63,128,1.12385739,1.2890625,4000,1.09899315,1,0,0.107862596,0.999165284,0
flagship,16000,attention_input_norm,decoder.layers.self_attention.linear_qkv.layer_norm_weight,0,5120,0.754953207,0.97265625,4000,0.764997447,1,0,0.241963309,0.99783003,0
flagship,16000,attention_input_norm,decoder.layers.self_attention.linear_qkv.layer_norm_weight,1,5120,0.8138167,0.94921875,4000,0.821992325,1,0,0.179644474,0.999643911,0
flagship,16000,attention_input_norm,decoder.layers.self_attention.linear_qkv.layer_norm_weight,2,5120,0.927810178,1.015625,4000,0.926882221,1,0,0.0777301071,0.999624677,0
flagship,16000,attention_input_norm,decoder.layers.self_attention.linear_qkv.layer_norm_weight,3,5120,0.988807844,1.1015625,4000,0.983090231,1,0,0.0307587927,0.999664241,0
flagship,16000,attention_input_norm,decoder.layers.self_attention.linear_qkv.layer_norm_weight,4,5120,0.986511127,1.09375,4000,0.98647882,1,0,0.0288804361,0.999669908,0
flagship,16000,attention_input_norm,decoder.layers.self_attention.linear_qkv.layer_norm_weight,5,5120,1.05032972,1.1328125,4000,1.04610053,1,0,0.0528348759,0.999681548,0
flagship,16000,attention_input_norm,decoder.layers.self_attention.linear_qkv.layer_norm_weight,6,5120,1.1010795,1.21875,4000,1.09459057,1,0,0.0996201205,0.99955381,0
flagship,16000,attention_input_norm,decoder.layers.self_attention.linear_qkv.layer_norm_weight,7,5120,1.13866009,1.2421875,4000,1.12527405,1,0,0.128373976,0.999650624,0
flagship,16000,attention_input_norm,decoder.layers.self_attention.linear_qkv.layer_norm_weight,8,5120,1.10492035,1.2109375,4000,1.11556133,1,0,0.120730128,0.999452588,0
flagship,16000,attention_input_norm,decoder.layers.self_attention.linear_qkv.layer_norm_weight,9,5120,0.996749406,1.0703125,4000,1.01124252,1,0,0.0299759773,0.99961821,0
flagship,16000,attention_input_norm,decoder.layers.self_attention.linear_qkv.layer_norm_weight,10,5120,1.03588427,1.1171875,4000,1.05219902,1,0,0.0592807043,0.99962485,0
flagship,16000,attention_input_norm,decoder.layers.self_attention.linear_qkv.layer_norm_weight,11,5120,1.03519061,1.125,4000,1.05191448,1,0,0.0609007266,0.999518124,0
flagship,16000,attention_input_norm,decoder.layers.self_attention.linear_qkv.layer_norm_weight,12,5120,0.993928967,1.0625,4000,1.00995181,1,0,0.026814689,0.99969306,0
flagship,16000,attention_input_norm,decoder.layers.self_attention.linear_qkv.layer_norm_weight,13,5120,0.981644366,1.0703125,4000,0.997637725,1,0,0.0250452008,0.999688423,0
flagship,16000,attention_input_norm,decoder.layers.self_attention.linear_qkv.layer_norm_weight,14,5120,0.923638001,0.99609375,4000,0.939849621,1,0,0.0642514464,0.999728584,0
flagship,16000,attention_input_norm,decoder.layers.self_attention.linear_qkv.layer_norm_weight,15,5120,1.02118948,1.125,4000,1.03877587,1,0,0.0479186656,0.999618478,0
flagship,16000,attention_input_norm,decoder.layers.self_attention.linear_qkv.layer_norm_weight,16,5120,0.965911568,1.046875,4000,0.982783697,1,0,0.0270294617,0.999779102,0
flagship,16000,attention_input_norm,decoder.layers.self_attention.linear_qkv.layer_norm_weight,17,5120,1.14770675,1.265625,4000,1.16632792,1,0,0.169180593,0.999589696,0
flagship,16000,attention_input_norm,decoder.layers.self_attention.linear_qkv.layer_norm_weight,18,5120,1.04701853,1.15625,4000,1.06539216,1,0,0.0719633046,0.999576408,0
flagship,16000,attention_input_norm,decoder.layers.self_attention.linear_qkv.layer_norm_weight,19,5120,1.13897549,1.25,4000,1.15506698,1,0,0.158296937,0.999561865,0
flagship,16000,attention_input_norm,decoder.layers.self_attention.linear_qkv.layer_norm_weight,20,5120,1.01301415,1.09375,4000,1.03087487,1,0,0.0403707289,0.999671862,0
flagship,16000,attention_input_norm,decoder.layers.self_attention.linear_qkv.layer_norm_weight,21,5120,1.01258646,1.1015625,4000,1.02977392,1,0,0.0375924157,0.999744263,0
flagship,16000,attention_input_norm,decoder.layers.self_attention.linear_qkv.layer_norm_weight,22,5120,1.19569802,1.3046875,4000,1.20941085,1,0,0.211961881,0.999555595,0
flagship,16000,attention_input_norm,decoder.layers.self_attention.linear_qkv.layer_norm_weight,23,5120,1.18175845,1.296875,4000,1.19977234,1,0,0.202162781,0.99959959,0
flagship,16000,attention_input_norm,decoder.layers.self_attention.linear_qkv.layer_norm_weight,24,5120,1.13238354,1.2421875,4000,1.14354594,1,0,0.146579013,0.999615245,0
flagship,16000,attention_input_norm,decoder.layers.self_attention.linear_qkv.layer_norm_weight,25,5120,1.08178495,1.1796875,4000,1.09768747,1,0,0.101860296,0.999620712,0
flagship,16000,attention_input_norm,decoder.layers.self_attention.linear_qkv.layer_norm_weight,26,5120,1.0398579,1.140625,4000,1.05799106,1,0,0.0642354956,0.999639299,0
flagship,16000,attention_input_norm,decoder.layers.self_attention.linear_qkv.layer_norm_weight,27,5120,1.18494997,1.3125,4000,1.19495365,1,0,0.197667662,0.999554133,0
flagship,16000,attention_input_norm,decoder.layers.self_attention.linear_qkv.layer_norm_weight,28,5120,1.07931864,1.1875,4000,1.0976464,1,0,0.102722365,0.999536707,0
flagship,16000,attention_input_norm,decoder.layers.self_attention.linear_qkv.layer_norm_weight,29,5120,1.11290288,1.2265625,4000,1.12979765,1,0,0.133486713,0.999570156,0
flagship,16000,attention_input_norm,decoder.layers.self_attention.linear_qkv.layer_norm_weight,30,5120,1.14801925,1.265625,4000,1.16617082,1,0,0.169470233,0.99952519,0
flagship,16000,attention_input_norm,decoder.layers.self_attention.linear_qkv.layer_norm_weight,31,5120,0.96754614,1.0390625,4000,0.985398802,1,0,0.0272696658,0.99973085,0
flagship,16000,attention_input_norm,decoder.layers.self_attention.linear_qkv.layer_norm_weight,32,5120,1.01543264,1.109375,4000,1.03348525,1,0,0.0421826806,0.999681603,0
flagship,16000,attention_input_norm,decoder.layers.self_attention.linear_qkv.layer_norm_weight,33,5120,0.997405105,1.0859375,4000,1.01564248,1,0,0.0320778095,0.99961389,0
flagship,16000,attention_input_norm,decoder.layers.self_attention.linear_qkv.layer_norm_weight,34,5120,1.05962823,1.15625,4000,1.07784302,1,0,0.0827735816,0.999632633,0
flagship,16000,attention_input_norm,decoder.layers.self_attention.linear_qkv.layer_norm_weight,35,5120,1.01750861,1.09375,4000,1.03596106,1,0,0.0446301929,0.999662798,0
flagship,16000,attention_input_norm,decoder.layers.self_attention.linear_qkv.layer_norm_weight,36,5120,0.937799886,1.015625,4000,0.95508547,1,0,0.0514282074,0.999671472,0
flagship,16000,attention_input_norm,decoder.layers.self_attention.linear_qkv.layer_norm_weight,37,5120,0.856065798,0.9296875,4000,0.872173913,1,0,0.130005499,0.999677862,0
flagship,16000,attention_input_norm,decoder.layers.self_attention.linear_qkv.layer_norm_weight,38,5120,0.954552121,1.03125,4000,0.972006339,1,0,0.03710488,0.999694895,0
flagship,16000,attention_input_norm,decoder.layers.self_attention.linear_qkv.layer_norm_weight,39,5120,0.858394934,0.93359375,4000,0.87440691,1,0,0.127786889,0.999682147,0
flagship,16000,attention_input_norm,decoder.layers.self_attention.linear_qkv.layer_norm_weight,40,5120,0.894110177,0.97265625,4000,0.910422431,1,0,0.0928743488,0.999669657,0
flagship,16000,attention_input_norm,decoder.layers.self_attention.linear_qkv.layer_norm_weight,41,5120,0.871142462,0.9453125,4000,0.887072518,1,0,0.115478798,0.999671539,0
flagship,16000,attention_input_norm,decoder.layers.self_attention.linear_qkv.layer_norm_weight,42,5120,0.85867171,0.94140625,4000,0.874272918,1,0,0.128051228,0.999662681,0
flagship,16000,attention_input_norm,decoder.layers.self_attention.linear_qkv.layer_norm_weight,43,5120,0.867973722,0.94921875,4000,0.883303515,1,0,0.119099462,0.999679265,0
flagship,16000,attention_input_norm,decoder.layers.self_attention.linear_qkv.layer_norm_weight,44,5120,0.881304581,0.95703125,4000,0.89659987,1,0,0.106058595,0.999689472,0
flagship,16000,attention_input_norm,decoder.layers.self_attention.linear_qkv.layer_norm_weight,45,5120,0.950513846,1.0390625,4000,0.964533749,1,0,0.0441883198,0.999639851,0
flagship,16000,attention_input_norm,decoder.layers.self_attention.linear_qkv.layer_norm_weight,46,5120,0.971657023,1.0546875,4000,0.982802514,1,0,0.0316374297,0.999641244,0
flagship,16000,attention_input_norm,decoder.layers.self_attention.linear_qkv.layer_norm_weight,47,5120,0.930546812,1.0234375,4000,0.944275048,1,0,0.061199619,0.999661051,0
flagship,16000,attention_input_norm,decoder.layers.self_attention.linear_qkv.layer_norm_weight,48,5120,1.03639779,1.125,4000,1.04566459,1,0,0.0545388983,0.999574798,0
flagship,16000,attention_input_norm,decoder.layers.self_attention.linear_qkv.layer_norm_weight,49,5120,1.03372103,1.140625,4000,1.03764599,1,0,0.049063031,0.999522978,0
flagship,16000,attention_input_norm,decoder.layers.self_attention.linear_qkv.layer_norm_weight,50,5120,0.954369792,1.0390625,4000,0.966045327,1,0,0.0424807229,0.999662701,0
flagship,16000,attention_input_norm,decoder.layers.self_attention.linear_qkv.layer_norm_weight,51,5120,0.989989638,1.0703125,4000,1.00166568,1,0,0.0283111268,0.999601291,0
flagship,16000,attention_input_norm,decoder.layers.self_attention.linear_qkv.layer_norm_weight,52,5120,0.961777006,1.03125,4000,0.97346289,1,0,0.0360634879,0.999693693,0
flagship,16000,attention_input_norm,decoder.layers.self_attention.linear_qkv.layer_norm_weight,53,5120,1.05608953,1.15625,4000,1.06272783,1,0,0.0730369566,0.999341498,0
flagship,16000,attention_input_norm,decoder.layers.self_attention.linear_qkv.layer_norm_weight,54,5120,1.01642469,1.1015625,4000,1.02585392,1,0,0.0424905878,0.999445816,0
flagship,16000,attention_input_norm,decoder.layers.self_attention.linear_qkv.layer_norm_weight,55,5120,1.07198631,1.1875,4000,1.07517382,1,0,0.0826408342,0.999451994,0
flagship,16000,attention_input_norm,decoder.layers.self_attention.linear_qkv.layer_norm_weight,56,5120,1.04166996,1.1171875,4000,1.04916307,1,0,0.0595924735,0.999459447,0
flagship,16000,attention_input_norm,decoder.layers.self_attention.linear_qkv.layer_norm_weight,57,5120,1.06833415,1.21875,4000,1.07002227,1,0,0.0823557517,0.999121817,0
flagship,16000,attention_input_norm,decoder.layers.self_attention.linear_qkv.layer_norm_weight,58,5120,1.08242947,1.1875,4000,1.085756,1,0,0.0937866205,0.999336021,0
flagship,16000,attention_input_norm,decoder.layers.self_attention.linear_qkv.layer_norm_weight,59,5120,1.06175424,1.15625,4000,1.06275288,1,0,0.073234324,0.99932941,0
flagship,16000,attention_input_norm,decoder.layers.self_attention.linear_qkv.layer_norm_weight,60,5120,1.01282597,1.0859375,4000,1.01796455,1,0,0.0345750194,0.999571347,0
flagship,16000,attention_input_norm,decoder.layers.self_attention.linear_qkv.layer_norm_weight,61,5120,1.02996913,1.1484375,4000,1.03181377,1,0,0.0463925608,0.9994475,0
flagship,16000,attention_input_norm,decoder.layers.self_attention.linear_qkv.layer_norm_weight,62,5120,0.997685166,1.078125,4000,1.002164,1,0,0.020807934,0.999786319,0
flagship,16000,attention_input_norm,decoder.layers.self_attention.linear_qkv.layer_norm_weight,63,5120,0.976929341,1.03125,4000,0.9808589,1,0,0.0254981167,0.999855345,0
flagship,16000,final_norm,decoder.final_layernorm.weight,-1,5120,1.65200356,3.5625,4000,1.49238362,1,0,0.500438126,0.997320838,0
flagship,16000,k_norm,decoder.layers.self_attention.k_layernorm.weight,0,128,1.01176154,1.265625,4000,1.04777328,1,0,0.162740378,0.988450677,0
flagship,16000,k_norm,decoder.layers.self_attention.k_layernorm.weight,1,128,1.35623525,1.59375,4000,1.25614422,1,0,0.261872568,0.998818855,0
flagship,16000,k_norm,decoder.layers.self_attention.k_layernorm.weight,2,128,1.39403211,1.6328125,4000,1.23846,1,0,0.248956753,0.997934413,0
flagship,16000,k_norm,decoder.layers.self_attention.k_layernorm.weight,3,128,1.4749521,1.7578125,4000,1.29117417,1,0,0.304291711,0.996975216,0
flagship,16000,k_norm,decoder.layers.self_attention.k_layernorm.weight,4,128,1.41011094,1.59375,4000,1.26919729,1,0,0.28423828,0.996720675,0
flagship,16000,k_norm,decoder.layers.self_attention.k_layernorm.weight,5,128,1.40925464,1.609375,4000,1.25548365,1,0,0.267461739,0.99750539,0
flagship,16000,k_norm,decoder.layers.self_attention.k_layernorm.weight,6,128,1.54808413,1.7890625,4000,1.33646235,1,0,0.354568662,0.995318976,0
flagship,16000,k_norm,decoder.layers.self_attention.k_layernorm.weight,7,128,1.51325084,1.921875,4000,1.31378544,1,0,0.371441183,0.984964345,0
flagship,16000,k_norm,decoder.layers.self_attention.k_layernorm.weight,8,128,1.47053914,1.6796875,4000,1.35096561,1,0,0.36759245,0.995578219,0
flagship,16000,k_norm,decoder.layers.self_attention.k_layernorm.weight,9,128,1.41447776,1.6171875,4000,1.35280681,1,0,0.366127908,0.996460322,0
flagship,16000,k_norm,decoder.layers.self_attention.k_layernorm.weight,10,128,1.4573912,1.8984375,4000,1.41058066,1,0,0.420046665,0.997212948,0
flagship,16000,k_norm,decoder.layers.self_attention.k_layernorm.weight,11,128,1.47847458,1.7578125,4000,1.43464905,1,0,0.446842979,0.996253839,0
flagship,16000,k_norm,decoder.layers.self_attention.k_layernorm.weight,12,128,1.40063628,1.5703125,4000,1.35109044,1,0,0.356376974,0.998615913,0
flagship,16000,k_norm,decoder.layers.self_attention.k_layernorm.weight,13,128,1.37012354,1.59375,4000,1.33429213,1,0,0.352626342,0.995280602,0
flagship,16000,k_norm,decoder.layers.self_attention.k_layernorm.weight,14,128,1.28792897,1.515625,4000,1.28028626,1,0,0.292339457,0.997304521,0
flagship,16000,k_norm,decoder.layers.self_attention.k_layernorm.weight,15,128,1.43661057,1.6640625,4000,1.40853372,1,0,0.414294885,0.998317236,0
flagship,16000,k_norm,decoder.layers.self_attention.k_layernorm.weight,16,128,1.29268816,1.59375,4000,1.27838152,1,0,0.291523129,0.997070725,0
flagship,16000,k_norm,decoder.layers.self_attention.k_layernorm.weight,17,128,1.4943013,1.7265625,4000,1.43287322,1,0,0.440494978,0.997677184,0
flagship,16000,k_norm,decoder.layers.self_attention.k_layernorm.weight,18,128,1.44488804,1.671875,4000,1.41405035,1,0,0.451550568,0.988522253,0
flagship,16000,k_norm,decoder.layers.self_attention.k_layernorm.weight,19,128,1.51225078,1.75,4000,1.43627349,1,0,0.455922994,0.99389698,0
flagship,16000,k_norm,decoder.layers.self_attention.k_layernorm.weight,20,128,1.38226041,1.65625,4000,1.35310855,1,0,0.386240648,0.990948182,0
flagship,16000,k_norm,decoder.layers.self_attention.k_layernorm.weight,21,128,1.39979693,1.703125,4000,1.35240426,1,0,0.410524115,0.983606497,0
flagship,16000,k_norm,decoder.layers.self_attention.k_layernorm.weight,22,128,1.50329578,1.7578125,4000,1.41722437,1,0,0.48279995,0.979177744,0
flagship,16000,k_norm,decoder.layers.self_attention.k_layernorm.weight,23,128,1.4809588,1.6875,4000,1.41030691,1,0,0.421914044,0.99657532,0
flagship,16000,k_norm,decoder.layers.self_attention.k_layernorm.weight,24,128,1.44092182,1.6796875,4000,1.352535,1,0,0.36772895,0.995954389,0
flagship,16000,k_norm,decoder.layers.self_attention.k_layernorm.weight,25,128,1.4183116,1.7734375,4000,1.35424149,1,0,0.429181947,0.978323618,0
flagship,16000,k_norm,decoder.layers.self_attention.k_layernorm.weight,26,128,1.33833703,1.6640625,4000,1.29773926,1,0,0.431089708,0.962554237,0
flagship,16000,k_norm,decoder.layers.self_attention.k_layernorm.weight,27,128,1.44927727,1.8203125,4000,1.36267229,1,0,0.438996669,0.977548937,0
flagship,16000,k_norm,decoder.layers.self_attention.k_layernorm.weight,28,128,1.29816375,1.625,4000,1.25471282,1,0,0.400246167,0.962015861,0
flagship,16000,k_norm,decoder.layers.self_attention.k_layernorm.weight,29,128,1.37599114,1.6875,4000,1.31582991,1,0,0.429895243,0.967677666,0
flagship,16000,k_norm,decoder.layers.self_attention.k_layernorm.weight,30,128,1.39388848,1.65625,4000,1.33261944,1,0,0.387361714,0.985212056,0
flagship,16000,k_norm,decoder.layers.self_attention.k_layernorm.weight,31,128,1.2588152,1.5234375,4000,1.22846518,1,0,0.308863356,0.982416989,0
flagship,16000,k_norm,decoder.layers.self_attention.k_layernorm.weight,32,128,1.38018641,1.6328125,4000,1.33721234,1,0,0.386093646,0.986779908,0
flagship,16000,k_norm,decoder.layers.self_attention.k_layernorm.weight,33,128,1.24620495,1.609375,4000,1.21154234,1,0,0.364854806,0.963530424,0
flagship,16000,k_norm,decoder.layers.self_attention.k_layernorm.weight,34,128,1.30858578,1.640625,4000,1.26383916,1,0,0.386205514,0.968530965,0
flagship,16000,k_norm,decoder.layers.self_attention.k_layernorm.weight,35,128,1.38362895,1.59375,4000,1.34466718,1,0,0.402813115,0.983838773,0
flagship,16000,k_norm,decoder.layers.self_attention.k_layernorm.weight,36,128,1.27916604,1.6640625,4000,1.2476898,1,0,0.33295435,0.980159987,0
flagship,16000,k_norm,decoder.layers.self_attention.k_layernorm.weight,37,128,1.13698058,1.4609375,4000,1.11378104,1,0,0.218760606,0.984328125,0
flagship,16000,k_norm,decoder.layers.self_attention.k_layernorm.weight,38,128,1.40666197,1.7578125,4000,1.36133109,1,0,0.38446922,0.993661928,0
flagship,16000,k_norm,decoder.layers.self_attention.k_layernorm.weight,39,128,1.19430929,1.5234375,4000,1.16734245,1,0,0.240272749,0.987267019,0
flagship,16000,k_norm,decoder.layers.self_attention.k_layernorm.weight,40,128,1.18361082,1.5078125,4000,1.15710333,1,0,0.277736609,0.977332981,0
flagship,16000,k_norm,decoder.layers.self_attention.k_layernorm.weight,41,128,1.17814272,1.515625,4000,1.14648881,1,0,0.252607194,0.981529945,0
flagship,16000,k_norm,decoder.layers.self_attention.k_layernorm.weight,42,128,1.12526784,1.5,4000,1.09997273,1,0,0.219776317,0.982587259,0
flagship,16000,k_norm,decoder.layers.self_attention.k_layernorm.weight,43,128,1.16333471,1.625,4000,1.13452936,1,0,0.234100749,0.983823684,0
flagship,16000,k_norm,decoder.layers.self_attention.k_layernorm.weight,44,128,1.15223517,1.4921875,4000,1.12208782,1,0,0.252711732,0.978184514,0
flagship,16000,k_norm,decoder.layers.self_attention.k_layernorm.weight,45,128,1.19996075,1.5625,4000,1.14423009,1,0,0.29719252,0.970494974,0
flagship,16000,k_norm,decoder.layers.self_attention.k_layernorm.weight,46,128,1.22641399,1.6484375,4000,1.1787704,1,0,0.311528458,0.972390244,0
flagship,16000,k_norm,decoder.layers.self_attention.k_layernorm.weight,47,128,1.16694939,1.59375,4000,1.13769058,1,0,0.274363074,0.975249684,0
flagship,16000,k_norm,decoder.layers.self_attention.k_layernorm.weight,48,128,1.30803318,1.6015625,4000,1.21315143,1,0,0.305211395,0.980332025,0
flagship,16000,k_norm,decoder.layers.self_attention.k_layernorm.weight,49,128,1.1937294,1.484375,4000,1.14608784,1,0,0.308541006,0.967779129,0
flagship,16000,k_norm,decoder.layers.self_attention.k_layernorm.weight,50,128,1.27821582,1.5,4000,1.21455885,1,0,0.244542778,0.994333057,0
flagship,16000,k_norm,decoder.layers.self_attention.k_layernorm.weight,51,128,1.29786185,1.6015625,4000,1.23266122,1,0,0.318121182,0.980907227,0
flagship,16000,k_norm,decoder.layers.self_attention.k_layernorm.weight,52,128,1.31127068,1.703125,4000,1.24784292,1,0,0.296617222,0.989359374,0
flagship,16000,k_norm,decoder.layers.self_attention.k_layernorm.weight,53,128,1.29215113,1.5859375,4000,1.2006245,1,0,0.309407726,0.976894129,0
flagship,16000,k_norm,decoder.layers.self_attention.k_layernorm.weight,54,128,1.24772562,1.5703125,4000,1.19585592,1,0,0.323226898,0.972356165,0
flagship,16000,k_norm,decoder.layers.self_attention.k_layernorm.weight,55,128,1.36884343,1.734375,4000,1.25929112,1,0,0.281299575,0.995276086,0
flagship,16000,k_norm,decoder.layers.self_attention.k_layernorm.weight,56,128,1.35050023,1.6796875,4000,1.25799699,1,0,0.281961005,0.994857078,0
flagship,16000,k_norm,decoder.layers.self_attention.k_layernorm.weight,57,128,1.32688042,1.6015625,4000,1.24048753,1,0,0.284480789,0.990691134,0
flagship,16000,k_norm,decoder.layers.self_attention.k_layernorm.weight,58,128,1.38672202,1.609375,4000,1.29469286,1,0,0.301172721,0.998508864,0
flagship,16000,k_norm,decoder.layers.self_attention.k_layernorm.weight,59,128,1.38925378,1.578125,4000,1.27069289,1,0,0.278605578,0.998289738,0
flagship,16000,k_norm,decoder.layers.self_attention.k_layernorm.weight,60,128,1.3177933,1.609375,4000,1.25711989,1,0,0.277624788,0.995638886,0
flagship,16000,k_norm,decoder.layers.self_attention.k_layernorm.weight,61,128,1.28868699,1.703125,4000,1.22141782,1,0,0.236929265,0.9970896,0
flagship,16000,k_norm,decoder.layers.self_attention.k_layernorm.weight,62,128,1.24778972,1.5078125,4000,1.19874226,1,0,0.210247799,0.998037255,0
flagship,16000,k_norm,decoder.layers.self_attention.k_layernorm.weight,63,128,1.14212731,1.3125,4000,1.11634901,1,0,0.126263151,0.998922698,0
flagship,16000,pre_mlp_norm,decoder.layers.mlp.linear_fc1.layer_norm_weight,0,5120,0.794282655,0.91796875,4000,0.810894838,1,0,0.195630657,0.998451962,0
flagship,16000,pre_mlp_norm,decoder.layers.mlp.linear_fc1.layer_norm_weight,1,5120,0.907699521,1.0078125,4000,0.922520525,1,0,0.095812302,0.998278126,0
flagship,16000,pre_mlp_norm,decoder.layers.mlp.linear_fc1.layer_norm_weight,2,5120,0.898529194,0.96875,4000,0.910263303,1,0,0.100388653,0.998887571,0
flagship,16000,pre_mlp_norm,decoder.layers.mlp.linear_fc1.layer_norm_weight,3,5120,0.830276712,0.9140625,4000,0.847636053,1,0,0.156870687,0.999177926,0
flagship,16000,pre_mlp_norm,decoder.layers.mlp.linear_fc1.layer_norm_weight,4,5120,0.804390915,0.890625,4000,0.820099758,1,0,0.183106581,0.999290377,0
flagship,16000,pre_mlp_norm,decoder.layers.mlp.linear_fc1.layer_norm_weight,5,5120,0.72675869,0.8046875,4000,0.744205283,1,0,0.257446918,0.999430279,0
flagship,16000,pre_mlp_norm,decoder.layers.mlp.linear_fc1.layer_norm_weight,6,5120,0.67444236,0.7421875,4000,0.692834101,1,0,0.308498996,0.999407693,0
flagship,16000,pre_mlp_norm,decoder.layers.mlp.linear_fc1.layer_norm_weight,7,5120,0.670157502,0.73828125,4000,0.686495693,1,0,0.314826416,0.999394954,0
flagship,16000,pre_mlp_norm,decoder.layers.mlp.linear_fc1.layer_norm_weight,8,5120,0.687119039,0.74609375,4000,0.701678084,1,0,0.299616871,0.999448249,0
flagship,16000,pre_mlp_norm,decoder.layers.mlp.linear_fc1.layer_norm_weight,9,5120,0.710278935,0.77734375,4000,0.723050418,1,0,0.278302104,0.999480679,0
flagship,16000,pre_mlp_norm,decoder.layers.mlp.linear_fc1.layer_norm_weight,10,5120,0.712976573,0.7734375,4000,0.723825503,1,0,0.277525079,0.999483427,0
flagship,16000,pre_mlp_norm,decoder.layers.mlp.linear_fc1.layer_norm_weight,11,5120,0.72543645,0.7890625,4000,0.734583108,1,0,0.266739292,0.999521005,0
flagship,16000,pre_mlp_norm,decoder.layers.mlp.linear_fc1.layer_norm_weight,12,5120,0.738549935,0.8046875,4000,0.746306394,1,0,0.255068653,0.999531311,0
flagship,16000,pre_mlp_norm,decoder.layers.mlp.linear_fc1.layer_norm_weight,13,5120,0.752448991,0.81640625,4000,0.758755008,1,0,0.242625502,0.999559813,0
flagship,16000,pre_mlp_norm,decoder.layers.mlp.linear_fc1.layer_norm_weight,14,5120,0.757975089,0.82421875,4000,0.762929268,1,0,0.238406855,0.999583647,0
flagship,16000,pre_mlp_norm,decoder.layers.mlp.linear_fc1.layer_norm_weight,15,5120,0.759501509,0.81640625,4000,0.762991042,1,0,0.238231948,0.999619121,0
flagship,16000,pre_mlp_norm,decoder.layers.mlp.linear_fc1.layer_norm_weight,16,5120,0.752472029,0.82421875,4000,0.754734456,1,0,0.246416219,0.999625189,0
flagship,16000,pre_mlp_norm,decoder.layers.mlp.linear_fc1.layer_norm_weight,17,5120,0.735379303,0.8046875,4000,0.73629828,1,0,0.264689545,0.999645552,0
flagship,16000,pre_mlp_norm,decoder.layers.mlp.linear_fc1.layer_norm_weight,18,5120,0.738758495,0.8046875,4000,0.73848922,1,0,0.26253083,0.99963808,0
flagship,16000,pre_mlp_norm,decoder.layers.mlp.linear_fc1.layer_norm_weight,19,5120,0.74953992,0.8125,4000,0.747760959,1,0,0.25330891,0.99963834,0
flagship,16000,pre_mlp_norm,decoder.layers.mlp.linear_fc1.layer_norm_weight,20,5120,0.759887194,0.8203125,4000,0.756920241,1,0,0.244138221,0.999659343,0
flagship,16000,pre_mlp_norm,decoder.layers.mlp.linear_fc1.layer_norm_weight,21,5120,0.765821092,0.828125,4000,0.761410091,1,0,0.23962973,0.999673459,0
flagship,16000,pre_mlp_norm,decoder.layers.mlp.linear_fc1.layer_norm_weight,22,5120,0.773594142,0.8515625,4000,0.767886549,1,0,0.23319721,0.999671642,0
flagship,16000,pre_mlp_norm,decoder.layers.mlp.linear_fc1.layer_norm_weight,23,5120,0.776631874,0.83984375,4000,0.769568444,1,0,0.231518527,0.999673761,0
flagship,16000,pre_mlp_norm,decoder.layers.mlp.linear_fc1.layer_norm_weight,24,5120,0.786454878,0.8515625,4000,0.778007929,1,0,0.223151903,0.999668195,0
flagship,16000,pre_mlp_norm,decoder.layers.mlp.linear_fc1.layer_norm_weight,25,5120,0.801860455,0.86328125,4000,0.79184913,1,0,0.209381546,0.99967554,0
flagship,16000,pre_mlp_norm,decoder.layers.mlp.linear_fc1.layer_norm_weight,26,5120,0.813385395,0.87890625,4000,0.801792936,1,0,0.19950827,0.999677279,0
flagship,16000,pre_mlp_norm,decoder.layers.mlp.linear_fc1.layer_norm_weight,27,5120,0.826309384,0.890625,4000,0.813120064,1,0,0.188288845,0.99967497,0
flagship,16000,pre_mlp_norm,decoder.layers.mlp.linear_fc1.layer_norm_weight,28,5120,0.837932941,0.90625,4000,0.823177994,1,0,0.17831369,0.999678229,0
flagship,16000,pre_mlp_norm,decoder.layers.mlp.linear_fc1.layer_norm_weight,29,5120,0.848734336,0.921875,4000,0.83218122,1,0,0.169415442,0.999676484,0
flagship,16000,pre_mlp_norm,decoder.layers.mlp.linear_fc1.layer_norm_weight,30,5120,0.863018268,0.921875,4000,0.844791437,1,0,0.156766097,0.999712408,0
flagship,16000,pre_mlp_norm,decoder.layers.mlp.linear_fc1.layer_norm_weight,31,5120,0.875177243,0.9296875,4000,0.855238746,1,0,0.146530046,0.999698778,0
flagship,16000,pre_mlp_norm,decoder.layers.mlp.linear_fc1.layer_norm_weight,32,5120,0.885681927,0.94140625,4000,0.864000154,1,0,0.138029208,0.999678181,0
flagship,16000,pre_mlp_norm,decoder.layers.mlp.linear_fc1.layer_norm_weight,33,5120,0.897763861,0.95703125,4000,0.874172498,1,0,0.128161022,0.999661001,0
flagship,16000,pre_mlp_norm,decoder.layers.mlp.linear_fc1.layer_norm_weight,34,5120,0.912441817,0.97265625,4000,0.886849642,1,0,0.11575966,0.999663249,0
flagship,16000,pre_mlp_norm,decoder.layers.mlp.linear_fc1.layer_norm_weight,35,5120,0.925180582,0.98828125,4000,0.897722744,1,0,0.105373772,0.999641874,0
flagship,16000,pre_mlp_norm,decoder.layers.mlp.linear_fc1.layer_norm_weight,36,5120,0.937393907,0.98828125,4000,0.907903336,1,0,0.0957464401,0.999622435,0
flagship,16000,pre_mlp_norm,decoder.layers.mlp.linear_fc1.layer_norm_weight,37,5120,0.950609299,1,4000,0.919127038,1,0,0.0854457231,0.999586273,0
flagship,16000,pre_mlp_norm,decoder.layers.mlp.linear_fc1.layer_norm_weight,38,5120,0.961412295,1.015625,4000,0.92791594,1,0,0.0776312537,0.999552492,0
flagship,16000,pre_mlp_norm,decoder.layers.mlp.linear_fc1.layer_norm_weight,39,5120,0.972027912,1.0234375,4000,0.9364399,1,0,0.0703105596,0.999517487,0
flagship,16000,pre_mlp_norm,decoder.layers.mlp.linear_fc1.layer_norm_weight,40,5120,0.982856,1.0390625,4000,0.94533432,1,0,0.0629455679,0.99948494,0
flagship,16000,pre_mlp_norm,decoder.layers.mlp.linear_fc1.layer_norm_weight,41,5120,0.993715082,1.0546875,4000,0.953336788,1,0,0.0568213392,0.999448669,0
flagship,16000,pre_mlp_norm,decoder.layers.mlp.linear_fc1.layer_norm_weight,42,5120,1.0031756,1.0625,4000,0.961805748,1,0,0.0507484631,0.999419526,0
flagship,16000,pre_mlp_norm,decoder.layers.mlp.linear_fc1.layer_norm_weight,43,5120,1.01340625,1.0703125,4000,0.969687371,1,0,0.045614202,0.999400941,0
flagship,16000,pre_mlp_norm,decoder.layers.mlp.linear_fc1.layer_norm_weight,44,5120,1.02180341,1.09375,4000,0.976631395,1,0,0.0423396891,0.999361808,0
flagship,16000,pre_mlp_norm,decoder.layers.mlp.linear_fc1.layer_norm_weight,45,5120,1.03026135,1.1015625,4000,0.984085631,1,0,0.0394668306,0.999337271,0
flagship,16000,pre_mlp_norm,decoder.layers.mlp.linear_fc1.layer_norm_weight,46,5120,1.0394119,1.1015625,4000,0.991674447,1,0,0.0379348651,0.999309381,0
flagship,16000,pre_mlp_norm,decoder.layers.mlp.linear_fc1.layer_norm_weight,47,5120,1.04732503,1.109375,4000,0.998800972,1,0,0.0377655743,0.999286744,0
flagship,16000,pre_mlp_norm,decoder.layers.mlp.linear_fc1.layer_norm_weight,48,5120,1.05463921,1.1328125,4000,1.00527622,1,0,0.0393445574,0.999243911,0
flagship,16000,pre_mlp_norm,decoder.layers.mlp.linear_fc1.layer_norm_weight,49,5120,1.06398997,1.140625,4000,1.01400093,1,0,0.0421153333,0.999222054,0
flagship,16000,pre_mlp_norm,decoder.layers.mlp.linear_fc1.layer_norm_weight,50,5120,1.07169274,1.140625,4000,1.02199412,1,0,0.0463419715,0.999185985,0
flagship,16000,pre_mlp_norm,decoder.layers.mlp.linear_fc1.layer_norm_weight,51,5120,1.07967146,1.1640625,4000,1.03004233,1,0,0.0513675562,0.999157276,0
flagship,16000,pre_mlp_norm,decoder.layers.mlp.linear_fc1.layer_norm_weight,52,5120,1.08622823,1.1796875,4000,1.03760007,1,0,0.05650527,0.999142695,0
flagship,16000,pre_mlp_norm,decoder.layers.mlp.linear_fc1.layer_norm_weight,53,5120,1.09445335,1.1796875,4000,1.04749107,1,0,0.0633822413,0.999158987,0
flagship,16000,pre_mlp_norm,decoder.layers.mlp.linear_fc1.layer_norm_weight,54,5120,1.10336232,1.2109375,4000,1.05883237,1,0,0.0719604998,0.99918917,0
flagship,16000,pre_mlp_norm,decoder.layers.mlp.linear_fc1.layer_norm_weight,55,5120,1.10882316,1.234375,4000,1.06721397,1,0,0.0791188019,0.999183825,0
flagship,16000,pre_mlp_norm,decoder.layers.mlp.linear_fc1.layer_norm_weight,56,5120,1.11751719,1.2578125,4000,1.07907952,1,0,0.0889538243,0.999231191,0
flagship,16000,pre_mlp_norm,decoder.layers.mlp.linear_fc1.layer_norm_weight,57,5120,1.12904443,1.2890625,4000,1.09477212,1,0,0.10250031,0.999303709,0
flagship,16000,pre_mlp_norm,decoder.layers.mlp.linear_fc1.layer_norm_weight,58,5120,1.13874338,1.3125,4000,1.10920039,1,0,0.115541139,0.999357632,0
flagship,16000,pre_mlp_norm,decoder.layers.mlp.linear_fc1.layer_norm_weight,59,5120,1.1496588,1.34375,4000,1.12547547,1,0,0.130775923,0.999396589,0
flagship,16000,pre_mlp_norm,decoder.layers.mlp.linear_fc1.layer_norm_weight,60,5120,1.15803391,1.3828125,4000,1.14027255,1,0,0.144934476,0.999416974,0
flagship,16000,pre_mlp_norm,decoder.layers.mlp.linear_fc1.layer_norm_weight,61,5120,1.15751482,1.3515625,4000,1.14531295,1,0,0.14925464,0.999493111,0
flagship,16000,pre_mlp_norm,decoder.layers.mlp.linear_fc1.layer_norm_weight,62,5120,1.11892495,1.296875,4000,1.11327801,1,0,0.116828084,0.999633114,0
flagship,16000,pre_mlp_norm,decoder.layers.mlp.linear_fc1.layer_norm_weight,63,5120,1.04562581,1.140625,4000,1.04595895,1,0,0.0485875886,0.999881196,0
flagship,16000,q_norm,decoder.layers.self_attention.q_layernorm.weight,0,128,1.01433882,1.2890625,4000,1.05111152,1,0,0.155010987,0.989812681,0
flagship,16000,q_norm,decoder.layers.self_attention.q_layernorm.weight,1,128,1.36858327,1.703125,4000,1.26722878,1,0,0.275246489,0.998283889,0
flagship,16000,q_norm,decoder.layers.self_attention.q_layernorm.weight,2,128,1.40555776,1.65625,4000,1.24569558,1,0,0.255220494,0.998084933,0
flagship,16000,q_norm,decoder.layers.self_attention.q_layernorm.weight,3,128,1.48812249,1.7265625,4000,1.30077422,1,0,0.311141511,0.997561487,0
flagship,16000,q_norm,decoder.layers.self_attention.q_layernorm.weight,4,128,1.42304257,1.59375,4000,1.27851083,1,0,0.291336943,0.997141625,0
flagship,16000,q_norm,decoder.layers.self_attention.q_layernorm.weight,5,128,1.4160786,1.6015625,4000,1.25993809,1,0,0.270432435,0.997791202,0
flagship,16000,q_norm,decoder.layers.self_attention.q_layernorm.weight,6,128,1.56736502,1.8046875,4000,1.35083829,1,0,0.368654253,0.995255368,0
flagship,16000,q_norm,decoder.layers.self_attention.q_layernorm.weight,7,128,1.53560114,1.875,4000,1.33205563,1,0,0.381361797,0.986796394,0
flagship,16000,q_norm,decoder.layers.self_attention.q_layernorm.weight,8,128,1.48167443,1.671875,4000,1.36040171,1,0,0.375992586,0.995780276,0
flagship,16000,q_norm,decoder.layers.self_attention.q_layernorm.weight,9,128,1.43769105,1.65625,4000,1.37537279,1,0,0.38160261,0.998285621,0
flagship,16000,q_norm,decoder.layers.self_attention.q_layernorm.weight,10,128,1.47830211,1.6640625,4000,1.43136646,1,0,0.435590125,0.998720896,0
flagship,16000,q_norm,decoder.layers.self_attention.q_layernorm.weight,11,128,1.49308518,1.6640625,4000,1.44975261,1,0,0.454099516,0.998644958,0
flagship,16000,q_norm,decoder.layers.self_attention.q_layernorm.weight,12,128,1.41799162,1.5859375,4000,1.36798171,1,0,0.372522035,0.998771135,0
flagship,16000,q_norm,decoder.layers.self_attention.q_layernorm.weight,13,128,1.38332177,1.5390625,4000,1.34528024,1,0,0.358998476,0.996409128,0
flagship,16000,q_norm,decoder.layers.self_attention.q_layernorm.weight,14,128,1.30103421,1.5390625,4000,1.29452044,1,0,0.304270866,0.997744929,0
flagship,16000,q_norm,decoder.layers.self_attention.q_layernorm.weight,15,128,1.45330465,1.65625,4000,1.42610901,1,0,0.430809534,0.998587779,0
flagship,16000,q_norm,decoder.layers.self_attention.q_layernorm.weight,16,128,1.29961813,1.484375,4000,1.28641227,1,0,0.293353336,0.998435887,0
flagship,16000,q_norm,decoder.layers.self_attention.q_layernorm.weight,17,128,1.50115668,1.7265625,4000,1.43985489,1,0,0.447398758,0.997675695,0
flagship,16000,q_norm,decoder.layers.self_attention.q_layernorm.weight,18,128,1.45997082,1.6640625,4000,1.42967188,1,0,0.458010529,0.991202276,0
flagship,16000,q_norm,decoder.layers.self_attention.q_layernorm.weight,19,128,1.53182218,1.7421875,4000,1.4555159,1,0,0.468831663,0.995771811,0
flagship,16000,q_norm,decoder.layers.self_attention.q_layernorm.weight,20,128,1.39730458,1.625,4000,1.36877902,1,0,0.396583642,0.992226421,0
flagship,16000,q_norm,decoder.layers.self_attention.q_layernorm.weight,21,128,1.41616644,1.6796875,4000,1.36963926,1,0,0.416421179,0.986575508,0
flagship,16000,q_norm,decoder.layers.self_attention.q_layernorm.weight,22,128,1.52164766,1.8125,4000,1.43483475,1,0,0.500605586,0.978560357,0
flagship,16000,q_norm,decoder.layers.self_attention.q_layernorm.weight,23,128,1.49534218,1.703125,4000,1.42418124,1,0,0.432371195,0.997537138,0
flagship,16000,q_norm,decoder.layers.self_attention.q_layernorm.weight,24,128,1.45965945,1.6875,4000,1.36737619,1,0,0.378397304,0.996994515,0
flagship,16000,q_norm,decoder.layers.self_attention.q_layernorm.weight,25,128,1.44129767,1.734375,4000,1.37564383,1,0,0.439331579,0.98113467,0
flagship,16000,q_norm,decoder.layers.self_attention.q_layernorm.weight,26,128,1.35180883,1.671875,4000,1.31234015,1,0,0.437215252,0.964338207,0
flagship,16000,q_norm,decoder.layers.self_attention.q_layernorm.weight,27,128,1.47375473,1.796875,4000,1.38585925,1,0,0.445134443,0.982228603,0
flagship,16000,q_norm,decoder.layers.self_attention.q_layernorm.weight,28,128,1.31135861,1.65625,4000,1.26851097,1,0,0.403905143,0.964114928,0
flagship,16000,q_norm,decoder.layers.self_attention.q_layernorm.weight,29,128,1.40039401,1.734375,4000,1.33984884,1,0,0.438622869,0.971305426,0
flagship,16000,q_norm,decoder.layers.self_attention.q_layernorm.weight,30,128,1.41140186,1.65625,4000,1.35052941,1,0,0.38325891,0.991108478,0
flagship,16000,q_norm,decoder.layers.self_attention.q_layernorm.weight,31,128,1.26965782,1.5234375,4000,1.24007758,1,0,0.309477965,0.984622186,0
flagship,16000,q_norm,decoder.layers.self_attention.q_layernorm.weight,32,128,1.40162953,1.640625,4000,1.35930409,1,0,0.388837245,0.99187269,0
flagship,16000,q_norm,decoder.layers.self_attention.q_layernorm.weight,33,128,1.26014072,1.6015625,4000,1.22631681,1,0,0.363743208,0.966937652,0
flagship,16000,q_norm,decoder.layers.self_attention.q_layernorm.weight,34,128,1.31957277,1.6328125,4000,1.27590288,1,0,0.371044523,0.975879183,0
flagship,16000,q_norm,decoder.layers.self_attention.q_layernorm.weight,35,128,1.41474287,1.59375,4000,1.37605425,1,0,0.399613468,0.993359954,0
flagship,16000,q_norm,decoder.layers.self_attention.q_layernorm.weight,36,128,1.28898593,1.578125,4000,1.25835709,1,0,0.323833475,0.984853371,0
flagship,16000,q_norm,decoder.layers.self_attention.q_layernorm.weight,37,128,1.13661052,1.4609375,4000,1.1145734,1,0,0.218623926,0.984447253,0
flagship,16000,q_norm,decoder.layers.self_attention.q_layernorm.weight,38,128,1.42496331,1.7578125,4000,1.38034322,1,0,0.396557573,0.995437026,0
flagship,16000,q_norm,decoder.layers.self_attention.q_layernorm.weight,39,128,1.19560398,1.5078125,4000,1.16974074,1,0,0.236586336,0.988390087,0
flagship,16000,q_norm,decoder.layers.self_attention.q_layernorm.weight,40,128,1.19082052,1.5078125,4000,1.16450712,1,0,0.276574301,0.978776105,0
flagship,16000,q_norm,decoder.layers.self_attention.q_layernorm.weight,41,128,1.1796968,1.5234375,4000,1.14924288,1,0,0.254391639,0.981534942,0
flagship,16000,q_norm,decoder.layers.self_attention.q_layernorm.weight,42,128,1.12454819,1.5,4000,1.1004955,1,0,0.222310536,0.982134125,0
flagship,16000,q_norm,decoder.layers.self_attention.q_layernorm.weight,43,128,1.16502034,1.5625,4000,1.13733116,1,0,0.229984786,0.98503815,0
flagship,16000,q_norm,decoder.layers.self_attention.q_layernorm.weight,44,128,1.15334682,1.5078125,4000,1.12421349,1,0,0.252902769,0.978415658,0
flagship,16000,q_norm,decoder.layers.self_attention.q_layernorm.weight,45,128,1.21167233,1.5390625,4000,1.15679453,1,0,0.29271908,0.973590845,0
flagship,16000,q_norm,decoder.layers.self_attention.q_layernorm.weight,46,128,1.23335136,1.5625,4000,1.18587637,1,0,0.299665185,0.976705329,0
flagship,16000,q_norm,decoder.layers.self_attention.q_layernorm.weight,47,128,1.17685916,1.5390625,4000,1.14663605,1,0,0.276958858,0.975927811,0
flagship,16000,q_norm,decoder.layers.self_attention.q_layernorm.weight,48,128,1.32198596,1.5859375,4000,1.22604214,1,0,0.295568132,0.985210348,0
flagship,16000,q_norm,decoder.layers.self_attention.q_layernorm.weight,49,128,1.2099994,1.5390625,4000,1.16105821,1,0,0.312241918,0.969185323,0
flagship,16000,q_norm,decoder.layers.self_attention.q_layernorm.weight,50,128,1.28458891,1.515625,4000,1.22048313,1,0,0.245977569,0.995128095,0
flagship,16000,q_norm,decoder.layers.self_attention.q_layernorm.weight,51,128,1.32294995,1.6015625,4000,1.25335489,1,0,0.307592111,0.987862892,0
flagship,16000,q_norm,decoder.layers.self_attention.q_layernorm.weight,52,128,1.32296446,1.65625,4000,1.2580891,1,0,0.288476051,0.993399336,0
flagship,16000,q_norm,decoder.layers.self_attention.q_layernorm.weight,53,128,1.30170611,1.5625,4000,1.20822174,1,0,0.311440245,0.977802612,0
flagship,16000,q_norm,decoder.layers.self_attention.q_layernorm.weight,54,128,1.25655572,1.5625,4000,1.203195,1,0,0.320878265,0.974370467,0
flagship,16000,q_norm,decoder.layers.self_attention.q_layernorm.weight,55,128,1.38561521,1.6875,4000,1.26917946,1,0,0.280573782,0.997532237,0
flagship,16000,q_norm,decoder.layers.self_attention.q_layernorm.weight,56,128,1.36770411,1.6484375,4000,1.27052748,1,0,0.283777293,0.997109692,0
flagship,16000,q_norm,decoder.layers.self_attention.q_layernorm.weight,57,128,1.33457897,1.5859375,4000,1.24577643,1,0,0.283870304,0.99190212,0
flagship,16000,q_norm,decoder.layers.self_attention.q_layernorm.weight,58,128,1.40635359,1.6796875,4000,1.30822841,1,0,0.314955035,0.998397864,0
flagship,16000,q_norm,decoder.layers.self_attention.q_layernorm.weight,59,128,1.4027745,1.7578125,4000,1.27779753,1,0,0.285993906,0.998191793,0
flagship,16000,q_norm,decoder.layers.self_attention.q_layernorm.weight,60,128,1.34245664,1.6171875,4000,1.27971044,1,0,0.290191985,0.997666091,0
flagship,16000,q_norm,decoder.layers.self_attention.q_layernorm.weight,61,128,1.30730591,1.6796875,4000,1.23694856,1,0,0.253651653,0.996687598,0
flagship,16000,q_norm,decoder.layers.self_attention.q_layernorm.weight,62,128,1.26240299,1.515625,4000,1.21109699,1,0,0.221613657,0.998121258,0
flagship,16000,q_norm,decoder.layers.self_attention.q_layernorm.weight,63,128,1.14511963,1.3359375,4000,1.11978499,1,0,0.129322654,0.998939124,0
flagship,20000,attention_input_norm,decoder.layers.self_attention.linear_qkv.layer_norm_weight,0,5120,0.643897211,0.95703125,4000,0.652463911,1,0,0.356498931,0.995164365,0
flagship,20000,attention_input_norm,decoder.layers.self_attention.linear_qkv.layer_norm_weight,1,5120,0.750804581,0.91796875,4000,0.758347185,1,0,0.24342636,0.999432773,0
flagship,20000,attention_input_norm,decoder.layers.self_attention.linear_qkv.layer_norm_weight,2,5120,0.890349614,0.98828125,4000,0.889459123,1,0,0.115311846,0.999394274,0
flagship,20000,attention_input_norm,decoder.layers.self_attention.linear_qkv.layer_norm_weight,3,5120,0.962493212,1.0859375,4000,0.956927758,1,0,0.0528320287,0.999510932,0
flagship,20000,attention_input_norm,decoder.layers.self_attention.linear_qkv.layer_norm_weight,4,5120,0.962969306,1.0703125,4000,0.96293777,1,0,0.0479391034,0.999519933,0
flagship,20000,attention_input_norm,decoder.layers.self_attention.linear_qkv.layer_norm_weight,5,5120,1.03422734,1.1328125,4000,1.03006299,1,0,0.042438279,0.999564481,0
flagship,20000,attention_input_norm,decoder.layers.self_attention.linear_qkv.layer_norm_weight,6,5120,1.09099256,1.21875,4000,1.08456307,1,0,0.0912609447,0.999457087,0
flagship,20000,attention_input_norm,decoder.layers.self_attention.linear_qkv.layer_norm_weight,7,5120,1.14533795,1.2578125,4000,1.13187341,1,0,0.135416902,0.999581605,0
flagship,20000,attention_input_norm,decoder.layers.self_attention.linear_qkv.layer_norm_weight,8,5120,1.11072185,1.2265625,4000,1.1214187,1,0,0.127406844,0.999335662,0
flagship,20000,attention_input_norm,decoder.layers.self_attention.linear_qkv.layer_norm_weight,9,5120,1.0071321,1.1015625,4000,1.02177618,1,0,0.04036968,0.999434559,0
flagship,20000,attention_input_norm,decoder.layers.self_attention.linear_qkv.layer_norm_weight,10,5120,1.04598033,1.1328125,4000,1.06245409,1,0,0.0706958804,0.999483557,0
flagship,20000,attention_input_norm,decoder.layers.self_attention.linear_qkv.layer_norm_weight,11,5120,1.05632023,1.171875,4000,1.07338546,1,0,0.0824583844,0.999341356,0
flagship,20000,attention_input_norm,decoder.layers.self_attention.linear_qkv.layer_norm_weight,12,5120,1.00733625,1.09375,4000,1.02357522,1,0,0.0377459796,0.999575523,0
flagship,20000,attention_input_norm,decoder.layers.self_attention.linear_qkv.layer_norm_weight,13,5120,0.99813336,1.1015625,4000,1.01439536,1,0,0.0337694794,0.999540046,0
flagship,20000,attention_input_norm,decoder.layers.self_attention.linear_qkv.layer_norm_weight,14,5120,0.938886656,1.0234375,4000,0.955365919,1,0,0.0525978413,0.999594746,0
flagship,20000,attention_input_norm,decoder.layers.self_attention.linear_qkv.layer_norm_weight,15,5120,1.04984,1.171875,4000,1.06791979,1,0,0.0756301314,0.999481787,0
flagship,20000,attention_input_norm,decoder.layers.self_attention.linear_qkv.layer_norm_weight,16,5120,0.99225712,1.078125,4000,1.00958944,1,0,0.0274221193,0.999673127,0
flagship,20000,attention_input_norm,decoder.layers.self_attention.linear_qkv.layer_norm_weight,17,5120,1.18078535,1.3125,4000,1.19994321,1,0,0.202651786,0.999545621,0
flagship,20000,attention_input_norm,decoder.layers.self_attention.linear_qkv.layer_norm_weight,18,5120,1.08666876,1.21875,4000,1.10573819,1,0,0.111498495,0.999434156,0
flagship,20000,attention_input_norm,decoder.layers.self_attention.linear_qkv.layer_norm_weight,19,5120,1.1806965,1.3046875,4000,1.19737743,1,0,0.200415996,0.999495263,0
flagship,20000,attention_input_norm,decoder.layers.self_attention.linear_qkv.layer_norm_weight,20,5120,1.04910113,1.140625,4000,1.06759811,1,0,0.0744783028,0.999542191,0
flagship,20000,attention_input_norm,decoder.layers.self_attention.linear_qkv.layer_norm_weight,21,5120,1.03358398,1.125,4000,1.05112785,1,0,0.0575201851,0.999669634,0
flagship,20000,attention_input_norm,decoder.layers.self_attention.linear_qkv.layer_norm_weight,22,5120,1.24819823,1.375,4000,1.26251315,1,0,0.264859701,0.999509903,0
flagship,20000,attention_input_norm,decoder.layers.self_attention.linear_qkv.layer_norm_weight,23,5120,1.22792014,1.359375,4000,1.24663769,1,0,0.248796547,0.999571017,0
flagship,20000,attention_input_norm,decoder.layers.self_attention.linear_qkv.layer_norm_weight,24,5120,1.17499794,1.296875,4000,1.18658041,1,0,0.189334008,0.999563824,0
flagship,20000,attention_input_norm,decoder.layers.self_attention.linear_qkv.layer_norm_weight,25,5120,1.11212012,1.2265625,4000,1.12846857,1,0,0.132562097,0.999526555,0
flagship,20000,attention_input_norm,decoder.layers.self_attention.linear_qkv.layer_norm_weight,26,5120,1.06910919,1.1796875,4000,1.08775243,1,0,0.0935385611,0.999517825,0
flagship,20000,attention_input_norm,decoder.layers.self_attention.linear_qkv.layer_norm_weight,27,5120,1.23122937,1.3828125,4000,1.24162375,1,0,0.244334539,0.999469513,0
flagship,20000,attention_input_norm,decoder.layers.self_attention.linear_qkv.layer_norm_weight,28,5120,1.12251624,1.234375,4000,1.14157753,1,0,0.146810195,0.999339056,0
flagship,20000,attention_input_norm,decoder.layers.self_attention.linear_qkv.layer_norm_weight,29,5120,1.15821407,1.2890625,4000,1.1757967,1,0,0.179653694,0.999417003,0
flagship,20000,attention_input_norm,decoder.layers.self_attention.linear_qkv.layer_norm_weight,30,5120,1.21109992,1.3515625,4000,1.23024887,1,0,0.233625037,0.999363496,0
flagship,20000,attention_input_norm,decoder.layers.self_attention.linear_qkv.layer_norm_weight,31,5120,0.993183546,1.0859375,4000,1.01150926,1,0,0.0310394199,0.999589236,0
flagship,20000,attention_input_norm,decoder.layers.self_attention.linear_qkv.layer_norm_weight,32,5120,1.05318329,1.1640625,4000,1.07190704,1,0,0.0783248465,0.999550259,0
flagship,20000,attention_input_norm,decoder.layers.self_attention.linear_qkv.layer_norm_weight,33,5120,1.03717549,1.1484375,4000,1.05614006,1,0,0.0666725622,0.999387617,0
flagship,20000,attention_input_norm,decoder.layers.self_attention.linear_qkv.layer_norm_weight,34,5120,1.11339383,1.234375,4000,1.13253284,1,0,0.137379205,0.999422493,0
flagship,20000,attention_input_norm,decoder.layers.self_attention.linear_qkv.layer_norm_weight,35,5120,1.06302358,1.15625,4000,1.08230144,1,0,0.0887988618,0.999486414,0
flagship,20000,attention_input_norm,decoder.layers.self_attention.linear_qkv.layer_norm_weight,36,5120,0.96072703,1.0546875,4000,0.978435208,1,0,0.038689674,0.999472704,0
flagship,20000,attention_input_norm,decoder.layers.self_attention.linear_qkv.layer_norm_weight,37,5120,0.843046478,0.9375,4000,0.858909616,1,0,0.143989147,0.999518938,0
flagship,20000,attention_input_norm,decoder.layers.self_attention.linear_qkv.layer_norm_weight,38,5120,0.971162053,1.0703125,4000,0.988919987,1,0,0.0310690356,0.999574021,0
flagship,20000,attention_input_norm,decoder.layers.self_attention.linear_qkv.layer_norm_weight,39,5120,0.851400604,0.9375,4000,0.867282112,1,0,0.135758301,0.999529404,0
flagship,20000,attention_input_norm,decoder.layers.self_attention.linear_qkv.layer_norm_weight,40,5120,0.899024474,0.98046875,4000,0.915426386,1,0,0.0899116964,0.999491266,0
flagship,20000,attention_input_norm,decoder.layers.self_attention.linear_qkv.layer_norm_weight,41,5120,0.870795657,0.95703125,4000,0.886719371,1,0,0.117167127,0.999494973,0
flagship,20000,attention_input_norm,decoder.layers.self_attention.linear_qkv.layer_norm_weight,42,5120,0.84994736,0.94140625,4000,0.865390055,1,0,0.137853441,0.999489401,0
flagship,20000,attention_input_norm,decoder.layers.self_attention.linear_qkv.layer_norm_weight,43,5120,0.864780879,0.953125,4000,0.880054282,1,0,0.123500468,0.999508331,0
flagship,20000,attention_input_norm,decoder.layers.self_attention.linear_qkv.layer_norm_weight,44,5120,0.884861317,0.984375,4000,0.900218334,1,0,0.10421137,0.999498106,0
flagship,20000,attention_input_norm,decoder.layers.self_attention.linear_qkv.layer_norm_weight,45,5120,0.962881069,1.0625,4000,0.977083386,1,0,0.0399409568,0.999452396,0
flagship,20000,attention_input_norm,decoder.layers.self_attention.linear_qkv.layer_norm_weight,46,5120,0.987186098,1.0859375,4000,0.998509716,1,0,0.0332356896,0.999447982,0
flagship,20000,attention_input_norm,decoder.layers.self_attention.linear_qkv.layer_norm_weight,47,5120,0.937391421,1.0390625,4000,0.951220635,1,0,0.0580243165,0.999480985,0
flagship,20000,attention_input_norm,decoder.layers.self_attention.linear_qkv.layer_norm_weight,48,5120,1.06347668,1.1640625,4000,1.0729856,1,0,0.0817540108,0.999367736,0
flagship,20000,attention_input_norm,decoder.layers.self_attention.linear_qkv.layer_norm_weight,49,5120,1.05389754,1.1640625,4000,1.05789911,1,0,0.0694935647,0.999301895,0
flagship,20000,attention_input_norm,decoder.layers.self_attention.linear_qkv.layer_norm_weight,50,5120,0.973000754,1.0625,4000,0.984904216,1,0,0.0353195958,0.999482391,0
flagship,20000,attention_input_norm,decoder.layers.self_attention.linear_qkv.layer_norm_weight,51,5120,1.01847421,1.125,4000,1.0304862,1,0,0.0479137072,0.999337053,0
flagship,20000,attention_input_norm,decoder.layers.self_attention.linear_qkv.layer_norm_weight,52,5120,0.988654277,1.0703125,4000,1.00066673,1,0,0.0310899998,0.99951725,0
flagship,20000,attention_input_norm,decoder.layers.self_attention.linear_qkv.layer_norm_weight,53,5120,1.09393519,1.2265625,4000,1.10081138,1,0,0.11122772,0.998996799,0
flagship,20000,attention_input_norm,decoder.layers.self_attention.linear_qkv.layer_norm_weight,54,5120,1.04429329,1.140625,4000,1.05398106,1,0,0.0689504892,0.999127017,0
flagship,20000,attention_input_norm,decoder.layers.self_attention.linear_qkv.layer_norm_weight,55,5120,1.10789667,1.2421875,4000,1.11119096,1,0,0.118808782,0.999211613,0
flagship,20000,attention_input_norm,decoder.layers.self_attention.linear_qkv.layer_norm_weight,56,5120,1.0830901,1.1796875,4000,1.09088116,1,0,0.100468186,0.999159179,0
flagship,20000,attention_input_norm,decoder.layers.self_attention.linear_qkv.layer_norm_weight,57,5120,1.09826716,1.2734375,4000,1.10000258,1,0,0.113241969,0.998716718,0
flagship,20000,attention_input_norm,decoder.layers.self_attention.linear_qkv.layer_norm_weight,58,5120,1.12077629,1.2421875,4000,1.12422067,1,0,0.132512658,0.999053198,0
flagship,20000,attention_input_norm,decoder.layers.self_attention.linear_qkv.layer_norm_weight,59,5120,1.08631836,1.1953125,4000,1.08734011,1,0,0.098801556,0.999018958,0
flagship,20000,attention_input_norm,decoder.layers.self_attention.linear_qkv.layer_norm_weight,60,5120,1.02980969,1.1171875,4000,1.03503444,1,0,0.0510341109,0.999334771,0
flagship,20000,attention_input_norm,decoder.layers.self_attention.linear_qkv.layer_norm_weight,61,5120,1.04391861,1.1796875,4000,1.04578823,1,0,0.0612154767,0.999210752,0
flagship,20000,attention_input_norm,decoder.layers.self_attention.linear_qkv.layer_norm_weight,62,5120,1.00248164,1.0859375,4000,1.00698201,1,0,0.0249799117,0.99971437,0
flagship,20000,attention_input_norm,decoder.layers.self_attention.linear_qkv.layer_norm_weight,63,5120,0.974942927,1.0390625,4000,0.978864496,1,0,0.0286625842,0.999808536,0
flagship,20000,final_norm,decoder.final_layernorm.weight,-1,5120,1.70081612,4.3125,4000,1.53647982,1,0,0.546696954,0.996398601,0
flagship,20000,k_norm,decoder.layers.self_attention.k_layernorm.weight,0,128,1.02306599,1.375,4000,1.05948009,1,0,0.196935287,0.983366547,0
flagship,20000,k_norm,decoder.layers.self_attention.k_layernorm.weight,1,128,1.39336836,1.625,4000,1.29053688,1,0,0.296924757,0.998546098,0
flagship,20000,k_norm,decoder.layers.self_attention.k_layernorm.weight,2,128,1.41679346,1.671875,4000,1.25868121,1,0,0.274080277,0.996741023,0
flagship,20000,k_norm,decoder.layers.self_attention.k_layernorm.weight,3,128,1.5049825,1.828125,4000,1.3174628,1,0,0.334459051,0.995794863,0
flagship,20000,k_norm,decoder.layers.self_attention.k_layernorm.weight,4,128,1.43191538,1.6328125,4000,1.2888228,1,0,0.307799609,0.995607622,0
flagship,20000,k_norm,decoder.layers.self_attention.k_layernorm.weight,5,128,1.42489421,1.65625,4000,1.26941671,1,0,0.284269982,0.996760695,0
flagship,20000,k_norm,decoder.layers.self_attention.k_layernorm.weight,6,128,1.59236013,1.859375,4000,1.37468586,1,0,0.396165022,0.993977812,0
flagship,20000,k_norm,decoder.layers.self_attention.k_layernorm.weight,7,128,1.54010817,1.9609375,4000,1.33710264,1,0,0.398547124,0.983097177,0
flagship,20000,k_norm,decoder.layers.self_attention.k_layernorm.weight,8,128,1.50190229,1.734375,4000,1.37977853,1,0,0.401647608,0.993807316,0
flagship,20000,k_norm,decoder.layers.self_attention.k_layernorm.weight,9,128,1.44318452,1.6796875,4000,1.38026197,1,0,0.401510586,0.993982449,0
flagship,20000,k_norm,decoder.layers.self_attention.k_layernorm.weight,10,128,1.49233688,2.125,4000,1.4444039,1,0,0.45782461,0.995808465,0
flagship,20000,k_norm,decoder.layers.self_attention.k_layernorm.weight,11,128,1.51038264,1.96875,4000,1.46561128,1,0,0.484292957,0.993945936,0
flagship,20000,k_norm,decoder.layers.self_attention.k_layernorm.weight,12,128,1.43694145,1.640625,4000,1.38611136,1,0,0.39293632,0.998082056,0
flagship,20000,k_norm,decoder.layers.self_attention.k_layernorm.weight,13,128,1.40343257,1.6171875,4000,1.36673006,1,0,0.390044863,0.993545155,0
flagship,20000,k_norm,decoder.layers.self_attention.k_layernorm.weight,14,128,1.3289371,1.5859375,4000,1.32105105,1,0,0.336348166,0.996193822,0
flagship,20000,k_norm,decoder.layers.self_attention.k_layernorm.weight,15,128,1.46878855,1.703125,4000,1.44008282,1,0,0.4483034,0.997464362,0
flagship,20000,k_norm,decoder.layers.self_attention.k_layernorm.weight,16,128,1.33036772,1.6875,4000,1.31564407,1,0,0.332203944,0.995922802,0
flagship,20000,k_norm,decoder.layers.self_attention.k_layernorm.weight,17,128,1.52265182,1.7734375,4000,1.4600583,1,0,0.469748387,0.996914538,0
flagship,20000,k_norm,decoder.layers.self_attention.k_layernorm.weight,18,128,1.49158104,1.78125,4000,1.45974679,1,0,0.50810991,0.983966891,0
flagship,20000,k_norm,decoder.layers.self_attention.k_layernorm.weight,19,128,1.55156894,1.8203125,4000,1.47361626,1,0,0.501695134,0.990708016,0
flagship,20000,k_norm,decoder.layers.self_attention.k_layernorm.weight,20,128,1.42063673,1.71875,4000,1.39067552,1,0,0.432377768,0.987659531,0
flagship,20000,k_norm,decoder.layers.self_attention.k_layernorm.weight,21,128,1.4341363,1.7421875,4000,1.38558101,1,0,0.450502445,0.980412645,0
flagship,20000,k_norm,decoder.layers.self_attention.k_layernorm.weight,22,128,1.54399872,1.8359375,4000,1.45559686,1,0,0.524202546,0.97690988,0
flagship,20000,k_norm,decoder.layers.self_attention.k_layernorm.weight,23,128,1.50387434,1.734375,4000,1.43212922,1,0,0.448810511,0.994869454,0
flagship,20000,k_norm,decoder.layers.self_attention.k_layernorm.weight,24,128,1.46849687,1.703125,4000,1.37841858,1,0,0.399118594,0.994161776,0
flagship,20000,k_norm,decoder.layers.self_attention.k_layernorm.weight,25,128,1.45142027,1.828125,4000,1.38585452,1,0,0.474107246,0.97261835,0
flagship,20000,k_norm,decoder.layers.self_attention.k_layernorm.weight,26,128,1.3564289,1.6953125,4000,1.31528232,1,0,0.473203564,0.952664659,0
flagship,20000,k_norm,decoder.layers.self_attention.k_layernorm.weight,27,128,1.47662799,1.875,4000,1.38838861,1,0,0.475532905,0.972887332,0
flagship,20000,k_norm,decoder.layers.self_attention.k_layernorm.weight,28,128,1.31890926,1.6640625,4000,1.27476395,1,0,0.445513944,0.9517607,0
flagship,20000,k_norm,decoder.layers.self_attention.k_layernorm.weight,29,128,1.3941788,1.71875,4000,1.33322237,1,0,0.469053459,0.959131348,0
flagship,20000,k_norm,decoder.layers.self_attention.k_layernorm.weight,30,128,1.40447404,1.6796875,4000,1.3427397,1,0,0.415631742,0.979415506,0
flagship,20000,k_norm,decoder.layers.self_attention.k_layernorm.weight,31,128,1.28378444,1.5625,4000,1.25283241,1,0,0.352122388,0.976027941,0
flagship,20000,k_norm,decoder.layers.self_attention.k_layernorm.weight,32,128,1.40743552,1.6640625,4000,1.36361301,1,0,0.429269703,0.980911721,0
flagship,20000,k_norm,decoder.layers.self_attention.k_layernorm.weight,33,128,1.26437653,1.640625,4000,1.22920848,1,0,0.414288571,0.951554804,0
flagship,20000,k_norm,decoder.layers.self_attention.k_layernorm.weight,34,128,1.33385794,1.7109375,4000,1.28824715,1,0,0.440429071,0.956960375,0
flagship,20000,k_norm,decoder.layers.self_attention.k_layernorm.weight,35,128,1.41543996,1.65625,4000,1.37558242,1,0,0.447721552,0.978411894,0
flagship,20000,k_norm,decoder.layers.self_attention.k_layernorm.weight,36,128,1.31177547,1.703125,4000,1.27949681,1,0,0.381405705,0.97368034,0
flagship,20000,k_norm,decoder.layers.self_attention.k_layernorm.weight,37,128,1.17380583,1.53125,4000,1.14985489,1,0,0.24718497,0.983196176,0
flagship,20000,k_norm,decoder.layers.self_attention.k_layernorm.weight,38,128,1.45826734,1.875,4000,1.41127343,1,0,0.433719207,0.993280354,0
flagship,20000,k_norm,decoder.layers.self_attention.k_layernorm.weight,39,128,1.25245021,1.609375,4000,1.22417058,1,0,0.288821397,0.986453951,0
flagship,20000,k_norm,decoder.layers.self_attention.k_layernorm.weight,40,128,1.22432553,1.5703125,4000,1.19690622,1,0,0.319258466,0.973617854,0
flagship,20000,k_norm,decoder.layers.self_attention.k_layernorm.weight,41,128,1.21892488,1.578125,4000,1.18617525,1,0,0.290123057,0.979130332,0
flagship,20000,k_norm,decoder.layers.self_attention.k_layernorm.weight,42,128,1.15760708,1.546875,4000,1.13158502,1,0,0.249378089,0.980171699,0
flagship,20000,k_norm,decoder.layers.self_attention.k_layernorm.weight,43,128,1.20198972,1.7109375,4000,1.17222723,1,0,0.271397696,0.981234657,0
flagship,20000,k_norm,decoder.layers.self_attention.k_layernorm.weight,44,128,1.18601571,1.578125,4000,1.15498452,1,0,0.291414618,0.973635023,0
flagship,20000,k_norm,decoder.layers.self_attention.k_layernorm.weight,45,128,1.22294773,1.609375,4000,1.16614946,1,0,0.341187848,0.961924476,0
flagship,20000,k_norm,decoder.layers.self_attention.k_layernorm.weight,46,128,1.25667771,1.71875,4000,1.20785844,1,0,0.36291727,0.963363332,0
flagship,20000,k_norm,decoder.layers.self_attention.k_layernorm.weight,47,128,1.19121785,1.6640625,4000,1.16135056,1,0,0.316354169,0.968120756,0
flagship,20000,k_norm,decoder.layers.self_attention.k_layernorm.weight,48,128,1.3403119,1.625,4000,1.24308873,1,0,0.353022512,0.973641156,0
flagship,20000,k_norm,decoder.layers.self_attention.k_layernorm.weight,49,128,1.21834745,1.53125,4000,1.16972338,1,0,0.350296801,0.959861527,0
flagship,20000,k_norm,decoder.layers.self_attention.k_layernorm.weight,50,128,1.31257452,1.5546875,4000,1.24720644,1,0,0.283492915,0.992279863,0
flagship,20000,k_norm,decoder.layers.self_attention.k_layernorm.weight,51,128,1.32648872,1.6484375,4000,1.25984996,1,0,0.363228819,0.974436175,0
flagship,20000,k_norm,decoder.layers.self_attention.k_layernorm.weight,52,128,1.34327464,1.75,4000,1.27829881,1,0,0.332613198,0.987021303,0
flagship,20000,k_norm,decoder.layers.self_attention.k_layernorm.weight,53,128,1.31606459,1.625,4000,1.2228441,1,0,0.349341311,0.970405117,0
flagship,20000,k_norm,decoder.layers.self_attention.k_layernorm.weight,54,128,1.27096467,1.609375,4000,1.21812889,1,0,0.362758001,0.96551549,0
flagship,20000,k_norm,decoder.layers.self_attention.k_layernorm.weight,55,128,1.39654387,1.796875,4000,1.28477462,1,0,0.314134075,0.993156919,0
flagship,20000,k_norm,decoder.layers.self_attention.k_layernorm.weight,56,128,1.37845512,1.7578125,4000,1.2840371,1,0,0.314868403,0.992809772,0
flagship,20000,k_norm,decoder.layers.self_attention.k_layernorm.weight,57,128,1.35644308,1.65625,4000,1.26812538,1,0,0.320513933,0.987841122,0
flagship,20000,k_norm,decoder.layers.self_attention.k_layernorm.weight,58,128,1.42147251,1.6640625,4000,1.32713715,1,0,0.334036006,0.998281513,0
flagship,20000,k_norm,decoder.layers.self_attention.k_layernorm.weight,59,128,1.41458289,1.625,4000,1.29386037,1,0,0.30339296,0.99779985,0
flagship,20000,k_norm,decoder.layers.self_attention.k_layernorm.weight,60,128,1.34563398,1.6484375,4000,1.28367874,1,0,0.308229729,0.994339729,0
flagship,20000,k_norm,decoder.layers.self_attention.k_layernorm.weight,61,128,1.31866967,1.7421875,4000,1.24983541,1,0,0.266574437,0.996541864,0
flagship,20000,k_norm,decoder.layers.self_attention.k_layernorm.weight,62,128,1.26705325,1.53125,4000,1.21724859,1,0,0.228924629,0.997860118,0
flagship,20000,k_norm,decoder.layers.self_attention.k_layernorm.weight,63,128,1.15164406,1.3359375,4000,1.12565097,1,0,0.135993712,0.998797974,0
flagship,20000,pre_mlp_norm,decoder.layers.mlp.linear_fc1.layer_norm_weight,0,5120,0.735812967,0.88671875,4000,0.751202274,1,0,0.2558101,0.997644776,0
flagship,20000,pre_mlp_norm,decoder.layers.mlp.linear_fc1.layer_norm_weight,1,5120,0.913414741,1.03125,4000,0.928329064,1,0,0.0960617261,0.997796508,0
flagship,20000,pre_mlp_norm,decoder.layers.mlp.linear_fc1.layer_norm_weight,2,5120,0.912335578,0.9921875,4000,0.924249988,1,0,0.0908546516,0.998638624,0
flagship,20000,pre_mlp_norm,decoder.layers.mlp.linear_fc1.layer_norm_weight,3,5120,0.838248139,0.91796875,4000,0.855774145,1,0,0.150417078,0.998934181,0
flagship,20000,pre_mlp_norm,decoder.layers.mlp.linear_fc1.layer_norm_weight,4,5120,0.806443523,0.8984375,4000,0.822192451,1,0,0.182007739,0.999080937,0
flagship,20000,pre_mlp_norm,decoder.layers.mlp.linear_fc1.layer_norm_weight,5,5120,0.721857336,0.80078125,4000,0.739186267,1,0,0.262823757,0.999288052,0
flagship,20000,pre_mlp_norm,decoder.layers.mlp.linear_fc1.layer_norm_weight,6,5120,0.664308923,0.7421875,4000,0.68242433,1,0,0.319182557,0.999250321,0
flagship,20000,pre_mlp_norm,decoder.layers.mlp.linear_fc1.layer_norm_weight,7,5120,0.65257042,0.7265625,4000,0.668479845,1,0,0.333086409,0.999221411,0
flagship,20000,pre_mlp_norm,decoder.layers.mlp.linear_fc1.layer_norm_weight,8,5120,0.66924554,0.73828125,4000,0.683425872,1,0,0.318115504,0.999284271,0
flagship,20000,pre_mlp_norm,decoder.layers.mlp.linear_fc1.layer_norm_weight,9,5120,0.692007633,0.76171875,4000,0.704450581,1,0,0.297112639,0.999342423,0
flagship,20000,pre_mlp_norm,decoder.layers.mlp.linear_fc1.layer_norm_weight,10,5120,0.692094967,0.765625,4000,0.702626155,1,0,0.29895095,0.999330749,0
flagship,20000,pre_mlp_norm,decoder.layers.mlp.linear_fc1.layer_norm_weight,11,5120,0.702818282,0.76953125,4000,0.711679759,1,0,0.289817104,0.999392007,0
flagship,20000,pre_mlp_norm,decoder.layers.mlp.linear_fc1.layer_norm_weight,12,5120,0.715979123,0.78125,4000,0.723498537,1,0,0.278072309,0.99939796,0
flagship,20000,pre_mlp_norm,decoder.layers.mlp.linear_fc1.layer_norm_weight,13,5120,0.728353033,0.796875,4000,0.73445711,1,0,0.267078629,0.999443148,0
flagship,20000,pre_mlp_norm,decoder.layers.mlp.linear_fc1.layer_norm_weight,14,5120,0.729907491,0.796875,4000,0.734678218,1,0,0.266773475,0.999474301,0
flagship,20000,pre_mlp_norm,decoder.layers.mlp.linear_fc1.layer_norm_weight,15,5120,0.728714032,0.796875,4000,0.732062112,1,0,0.269261984,0.999514178,0
flagship,20000,pre_mlp_norm,decoder.layers.mlp.linear_fc1.layer_norm_weight,16,5120,0.716418776,0.78515625,4000,0.718572803,1,0,0.28262363,0.999530424,0
flagship,20000,pre_mlp_norm,decoder.layers.mlp.linear_fc1.layer_norm_weight,17,5120,0.694909592,0.76171875,4000,0.695777995,1,0,0.305228412,0.99955923,0
flagship,20000,pre_mlp_norm,decoder.layers.mlp.linear_fc1.layer_norm_weight,18,5120,0.695492724,0.76171875,4000,0.695239219,1,0,0.305802248,0.999542689,0
flagship,20000,pre_mlp_norm,decoder.layers.mlp.linear_fc1.layer_norm_weight,19,5120,0.704945544,0.76953125,4000,0.703272424,1,0,0.297793092,0.999549626,0
flagship,20000,pre_mlp_norm,decoder.layers.mlp.linear_fc1.layer_norm_weight,20,5120,0.716337685,0.78125,4000,0.713540769,1,0,0.287505297,0.999579278,0
flagship,20000,pre_mlp_norm,decoder.layers.mlp.linear_fc1.layer_norm_weight,21,5120,0.719657266,0.78515625,4000,0.715512161,1,0,0.285520129,0.999588816,0
flagship,20000,pre_mlp_norm,decoder.layers.mlp.linear_fc1.layer_norm_weight,22,5120,0.723500061,0.80078125,4000,0.718162063,1,0,0.282922603,0.999573511,0
flagship,20000,pre_mlp_norm,decoder.layers.mlp.linear_fc1.layer_norm_weight,23,5120,0.726750108,0.796875,4000,0.72014035,1,0,0.280957976,0.999572334,0
flagship,20000,pre_mlp_norm,decoder.layers.mlp.linear_fc1.layer_norm_weight,24,5120,0.735607846,0.80859375,4000,0.727707022,1,0,0.273463566,0.999561048,0
flagship,20000,pre_mlp_norm,decoder.layers.mlp.linear_fc1.layer_norm_weight,25,5120,0.752751572,0.82421875,4000,0.743353378,1,0,0.257907162,0.999563723,0
flagship,20000,pre_mlp_norm,decoder.layers.mlp.linear_fc1.layer_norm_weight,26,5120,0.763582304,0.83203125,4000,0.752699645,1,0,0.248626686,0.999563063,0
flagship,20000,pre_mlp_norm,decoder.layers.mlp.linear_fc1.layer_norm_weight,27,5120,0.777701529,0.84765625,4000,0.765288074,1,0,0.236182062,0.999547702,0
flagship,20000,pre_mlp_norm,decoder.layers.mlp.linear_fc1.layer_norm_weight,28,5120,0.790165066,0.859375,4000,0.776251251,1,0,0.225311218,0.999548058,0
flagship,20000,pre_mlp_norm,decoder.layers.mlp.linear_fc1.layer_norm_weight,29,5120,0.80245869,0.87890625,4000,0.786808101,1,0,0.21486729,0.999544256,0
flagship,20000,pre_mlp_norm,decoder.layers.mlp.linear_fc1.layer_norm_weight,30,5120,0.819058292,0.87109375,4000,0.801759889,1,0,0.199851896,0.999599857,0
flagship,20000,pre_mlp_norm,decoder.layers.mlp.linear_fc1.layer_norm_weight,31,5120,0.835452042,0.88671875,4000,0.816418574,1,0,0.185481775,0.999570473,0
flagship,20000,pre_mlp_norm,decoder.layers.mlp.linear_fc1.layer_norm_weight,32,5120,0.848605368,0.90234375,4000,0.827831241,1,0,0.174316795,0.999550474,0
flagship,20000,pre_mlp_norm,decoder.layers.mlp.linear_fc1.layer_norm_weight,33,5120,0.864296666,0.92578125,4000,0.841584751,1,0,0.160880152,0.99953241,0
flagship,20000,pre_mlp_norm,decoder.layers.mlp.linear_fc1.layer_norm_weight,34,5120,0.883028534,0.9375,4000,0.858261343,1,0,0.144557914,0.99952978,0
flagship,20000,pre_mlp_norm,decoder.layers.mlp.linear_fc1.layer_norm_weight,35,5120,0.900256266,0.95703125,4000,0.873538141,1,0,0.129846017,0.999503521,0
flagship,20000,pre_mlp_norm,decoder.layers.mlp.linear_fc1.layer_norm_weight,36,5120,0.916356929,0.96875,4000,0.887528185,1,0,0.11651948,0.99947783,0
flagship,20000,pre_mlp_norm,decoder.layers.mlp.linear_fc1.layer_norm_weight,37,5120,0.931229812,0.98828125,4000,0.90038936,1,0,0.104568579,0.99943785,0
flagship,20000,pre_mlp_norm,decoder.layers.mlp.linear_fc1.layer_norm_weight,38,5120,0.943960243,0.99609375,4000,0.911071931,1,0,0.0949471247,0.999392608,0
flagship,20000,pre_mlp_norm,decoder.layers.mlp.linear_fc1.layer_norm_weight,39,5120,0.955345751,1.015625,4000,0.920368508,1,0,0.0868010922,0.999351751,0
flagship,20000,pre_mlp_norm,decoder.layers.mlp.linear_fc1.layer_norm_weight,40,5120,0.966806726,1.015625,4000,0.929897745,1,0,0.07872495,0.999309983,0
flagship,20000,pre_mlp_norm,decoder.layers.mlp.linear_fc1.layer_norm_weight,41,5120,0.977981055,1.03125,4000,0.938242093,1,0,0.0720049641,0.999269551,0
flagship,20000,pre_mlp_norm,decoder.layers.mlp.linear_fc1.layer_norm_weight,42,5120,0.98730771,1.0390625,4000,0.946592232,1,0,0.0656184737,0.999232302,0
flagship,20000,pre_mlp_norm,decoder.layers.mlp.linear_fc1.layer_norm_weight,43,5120,0.997447357,1.0546875,4000,0.954416953,1,0,0.0600216239,0.999201198,0
flagship,20000,pre_mlp_norm,decoder.layers.mlp.linear_fc1.layer_norm_weight,44,5120,1.00508907,1.0625,4000,0.960655965,1,0,0.0563158641,0.999154993,0
flagship,20000,pre_mlp_norm,decoder.layers.mlp.linear_fc1.layer_norm_weight,45,5120,1.01283509,1.078125,4000,0.967440406,1,0,0.0528098273,0.999106534,0
flagship,20000,pre_mlp_norm,decoder.layers.mlp.linear_fc1.layer_norm_weight,46,5120,1.02106768,1.0859375,4000,0.974172729,1,0,0.0498997955,0.999064364,0
flagship,20000,pre_mlp_norm,decoder.layers.mlp.linear_fc1.layer_norm_weight,47,5120,1.02799557,1.09375,4000,0.980367073,1,0,0.0476087003,0.999040596,0
flagship,20000,pre_mlp_norm,decoder.layers.mlp.linear_fc1.layer_norm_weight,48,5120,1.03381756,1.125,4000,0.985429136,1,0,0.0471390376,0.998980252,0
flagship,20000,pre_mlp_norm,decoder.layers.mlp.linear_fc1.layer_norm_weight,49,5120,1.04333,1.125,4000,0.99431162,1,0,0.0458384417,0.99895968,0
flagship,20000,pre_mlp_norm,decoder.layers.mlp.linear_fc1.layer_norm_weight,50,5120,1.04909298,1.125,4000,1.0004424,1,0,0.0465965663,0.998914958,0
flagship,20000,pre_mlp_norm,decoder.layers.mlp.linear_fc1.layer_norm_weight,51,5120,1.05579743,1.1484375,4000,1.00726572,1,0,0.0479177704,0.99888643,0
flagship,20000,pre_mlp_norm,decoder.layers.mlp.linear_fc1.layer_norm_weight,52,5120,1.0609195,1.171875,4000,1.01342435,1,0,0.0497951771,0.998865556,0
flagship,20000,pre_mlp_norm,decoder.layers.mlp.linear_fc1.layer_norm_weight,53,5120,1.06778189,1.1875,4000,1.02196406,1,0,0.0522685743,0.998899382,0
flagship,20000,pre_mlp_norm,decoder.layers.mlp.linear_fc1.layer_norm_weight,54,5120,1.07550987,1.2109375,4000,1.032104,1,0,0.0568660388,0.998932724,0
flagship,20000,pre_mlp_norm,decoder.layers.mlp.linear_fc1.layer_norm_weight,55,5120,1.07789334,1.21875,4000,1.03744481,1,0,0.060102759,0.998934773,0
flagship,20000,pre_mlp_norm,decoder.layers.mlp.linear_fc1.layer_norm_weight,56,5120,1.08369288,1.25,4000,1.04641862,1,0,0.0649648351,0.999012947,0
flagship,20000,pre_mlp_norm,decoder.layers.mlp.linear_fc1.layer_norm_weight,57,5120,1.09430425,1.3046875,4000,1.06108648,1,0,0.0752027697,0.999093429,0
flagship,20000,pre_mlp_norm,decoder.layers.mlp.linear_fc1.layer_norm_weight,58,5120,1.10318672,1.328125,4000,1.0745662,1,0,0.0854603031,0.999188814,0
flagship,20000,pre_mlp_norm,decoder.layers.mlp.linear_fc1.layer_norm_weight,59,5120,1.11500793,1.390625,4000,1.09155349,1,0,0.100229735,0.999237803,0
flagship,20000,pre_mlp_norm,decoder.layers.mlp.linear_fc1.layer_norm_weight,60,5120,1.1285521,1.4375,4000,1.11124291,1,0,0.118316998,0.999269319,0
flagship,20000,pre_mlp_norm,decoder.layers.mlp.linear_fc1.layer_norm_weight,61,5120,1.14194335,1.4296875,4000,1.12990563,1,0,0.135220369,0.999376463,0
flagship,20000,pre_mlp_norm,decoder.layers.mlp.linear_fc1.layer_norm_weight,62,5120,1.12092453,1.375,4000,1.1152675,1,0,0.119469457,0.999557795,0
flagship,20000,pre_mlp_norm,decoder.layers.mlp.linear_fc1.layer_norm_weight,63,5120,1.05368359,1.1953125,4000,1.0540193,1,0,0.0570971725,0.999837763,0
flagship,20000,q_norm,decoder.layers.self_attention.q_layernorm.weight,0,128,1.025744,1.3515625,4000,1.06293017,1,0,0.183772195,0.985976495,0
flagship,20000,q_norm,decoder.layers.self_attention.q_layernorm.weight,1,128,1.40589188,1.7578125,4000,1.30177439,1,0,0.310367217,0.997979669,0
flagship,20000,q_norm,decoder.layers.self_attention.q_layernorm.weight,2,128,1.42907635,1.7109375,4000,1.26653926,1,0,0.280245859,0.997041324,0
flagship,20000,q_norm,decoder.layers.self_attention.q_layernorm.weight,3,128,1.51898387,1.7734375,4000,1.32775028,1,0,0.340925876,0.996682282,0
flagship,20000,q_norm,decoder.layers.self_attention.q_layernorm.weight,4,128,1.44509144,1.6328125,4000,1.2983203,1,0,0.314255558,0.9962407,0
flagship,20000,q_norm,decoder.layers.self_attention.q_layernorm.weight,5,128,1.43215446,1.6328125,4000,1.27424138,1,0,0.287468067,0.997084714,0
flagship,20000,q_norm,decoder.layers.self_attention.q_layernorm.weight,6,128,1.61418766,1.8828125,4000,1.39119252,1,0,0.412027352,0.993985392,0
flagship,20000,q_norm,decoder.layers.self_attention.q_layernorm.weight,7,128,1.56511606,1.9140625,4000,1.35765832,1,0,0.409732148,0.985283132,0
flagship,20000,q_norm,decoder.layers.self_attention.q_layernorm.weight,8,128,1.51388596,1.7109375,4000,1.38997677,1,0,0.410487891,0.99409399,0
flagship,20000,q_norm,decoder.layers.self_attention.q_layernorm.weight,9,128,1.47124885,1.703125,4000,1.40747599,1,0,0.417662858,0.997013953,0
flagship,20000,q_norm,decoder.layers.self_attention.q_layernorm.weight,10,128,1.51342677,1.7265625,4000,1.46537592,1,0,0.471394274,0.998076327,0
flagship,20000,q_norm,decoder.layers.self_attention.q_layernorm.weight,11,128,1.52735905,1.71875,4000,1.48303178,1,0,0.49041328,0.997577435,0
flagship,20000,q_norm,decoder.layers.self_attention.q_layernorm.weight,12,128,1.45580578,1.6640625,4000,1.40446224,1,0,0.410445221,0.998264253,0
flagship,20000,q_norm,decoder.layers.self_attention.q_layernorm.weight,13,128,1.41780321,1.5859375,4000,1.37881344,1,0,0.396620335,0.994992772,0
flagship,20000,q_norm,decoder.layers.self_attention.q_layernorm.weight,14,128,1.34364323,1.6015625,4000,1.33691614,1,0,0.348192531,0.99711068,0
flagship,20000,q_norm,decoder.layers.self_attention.q_layernorm.weight,15,128,1.48735454,1.71875,4000,1.45952172,1,0,0.465695615,0.998043131,0
flagship,20000,q_norm,decoder.layers.self_attention.q_layernorm.weight,16,128,1.33787004,1.5546875,4000,1.32427549,1,0,0.332123436,0.99805502,0
flagship,20000,q_norm,decoder.layers.self_attention.q_layernorm.weight,17,128,1.5313962,1.7734375,4000,1.46885953,1,0,0.478173236,0.996997542,0
flagship,20000,q_norm,decoder.layers.self_attention.q_layernorm.weight,18,128,1.5089839,1.7265625,4000,1.47766779,1,0,0.512429814,0.988354014,0
flagship,20000,q_norm,decoder.layers.self_attention.q_layernorm.weight,19,128,1.57289924,1.8046875,4000,1.49454675,1,0,0.513793402,0.993507338,0
flagship,20000,q_norm,decoder.layers.self_attention.q_layernorm.weight,20,128,1.43874349,1.703125,4000,1.40937197,1,0,0.442550485,0.989972297,0
flagship,20000,q_norm,decoder.layers.self_attention.q_layernorm.weight,21,128,1.45313125,1.734375,4000,1.40538962,1,0,0.457559641,0.983983057,0
flagship,20000,q_norm,decoder.layers.self_attention.q_layernorm.weight,22,128,1.56453494,1.8671875,4000,1.47527523,1,0,0.543768801,0.976344088,0
flagship,20000,q_norm,decoder.layers.self_attention.q_layernorm.weight,23,128,1.51833337,1.78125,4000,1.44607832,1,0,0.457978992,0.99627998,0
flagship,20000,q_norm,decoder.layers.self_attention.q_layernorm.weight,24,128,1.48781356,1.7265625,4000,1.39375033,1,0,0.407272339,0.996114284,0
flagship,20000,q_norm,decoder.layers.self_attention.q_layernorm.weight,25,128,1.47647921,1.7734375,4000,1.40922278,1,0,0.484002826,0.976300607,0
flagship,20000,q_norm,decoder.layers.self_attention.q_layernorm.weight,26,128,1.37170286,1.703125,4000,1.33165333,1,0,0.479824405,0.954854043,0
flagship,20000,q_norm,decoder.layers.self_attention.q_layernorm.weight,27,128,1.50350241,1.859375,4000,1.41383277,1,0,0.480363065,0.978961049,0
flagship,20000,q_norm,decoder.layers.self_attention.q_layernorm.weight,28,128,1.33377876,1.6796875,4000,1.29019856,1,0,0.448588679,0.954651711,0
flagship,20000,q_norm,decoder.layers.self_attention.q_layernorm.weight,29,128,1.42108227,1.765625,4000,1.35964266,1,0,0.477153377,0.963838843,0
flagship,20000,q_norm,decoder.layers.self_attention.q_layernorm.weight,30,128,1.42318812,1.6796875,4000,1.36180734,1,0,0.40962793,0.986455319,0
flagship,20000,q_norm,decoder.layers.self_attention.q_layernorm.weight,31,128,1.29615281,1.5546875,4000,1.26595529,1,0,0.350666868,0.979369322,0
flagship,20000,q_norm,decoder.layers.self_attention.q_layernorm.weight,32,128,1.43121799,1.6953125,4000,1.38799906,1,0,0.430096556,0.987593733,0
flagship,20000,q_norm,decoder.layers.self_attention.q_layernorm.weight,33,128,1.28152987,1.640625,4000,1.24713184,1,0,0.413666165,0.955880547,0
flagship,20000,q_norm,decoder.layers.self_attention.q_layernorm.weight,34,128,1.34751219,1.703125,4000,1.30291767,1,0,0.422176229,0.966815382,0
flagship,20000,q_norm,decoder.layers.self_attention.q_layernorm.weight,35,128,1.4485979,1.65625,4000,1.40898346,1,0,0.439036383,0.990956075,0
flagship,20000,q_norm,decoder.layers.self_attention.q_layernorm.weight,36,128,1.325065,1.6328125,4000,1.29357885,1,0,0.371310393,0.980023304,0
flagship,20000,q_norm,decoder.layers.self_attention.q_layernorm.weight,37,128,1.17449988,1.515625,4000,1.15172814,1,0,0.246681821,0.98357664,0
flagship,20000,q_norm,decoder.layers.self_attention.q_layernorm.weight,38,128,1.47687717,1.8828125,4000,1.43063149,1,0,0.445854638,0.995336719,0
flagship,20000,q_norm,decoder.layers.self_attention.q_layernorm.weight,39,128,1.256547,1.59375,4000,1.22936545,1,0,0.283225399,0.988771394,0
flagship,20000,q_norm,decoder.layers.self_attention.q_layernorm.weight,40,128,1.23385527,1.5703125,4000,1.20659094,1,0,0.317883843,0.975811883,0
flagship,20000,q_norm,decoder.layers.self_attention.q_layernorm.weight,41,128,1.222957,1.578125,4000,1.19138631,1,0,0.293653714,0.979182326,0
flagship,20000,q_norm,decoder.layers.self_attention.q_layernorm.weight,42,128,1.15722177,1.546875,4000,1.13247023,1,0,0.252102429,0.979687205,0
flagship,20000,q_norm,decoder.layers.self_attention.q_layernorm.weight,43,128,1.20565589,1.625,4000,1.17700092,1,0,0.263410083,0.98383368,0
flagship,20000,q_norm,decoder.layers.self_attention.q_layernorm.weight,44,128,1.18867169,1.5625,4000,1.15864606,1,0,0.291081404,0.974297669,0
flagship,20000,q_norm,decoder.layers.self_attention.q_layernorm.weight,45,128,1.23638298,1.6015625,4000,1.18038601,1,0,0.336072402,0.965940995,0
flagship,20000,q_norm,decoder.layers.self_attention.q_layernorm.weight,46,128,1.2651334,1.6015625,4000,1.21643503,1,0,0.348736868,0.969265404,0
flagship,20000,q_norm,decoder.layers.self_attention.q_layernorm.weight,47,128,1.20299054,1.5859375,4000,1.17209634,1,0,0.318615496,0.969329021,0
flagship,20000,q_norm,decoder.layers.self_attention.q_layernorm.weight,48,128,1.35782939,1.6171875,4000,1.25928422,1,0,0.341069691,0.980504706,0
flagship,20000,q_norm,decoder.layers.self_attention.q_layernorm.weight,49,128,1.23550801,1.578125,4000,1.18553506,1,0,0.353246289,0.96189076,0
flagship,20000,q_norm,decoder.layers.self_attention.q_layernorm.weight,50,128,1.31942254,1.5703125,4000,1.25357843,1,0,0.283226359,0.993652113,0
flagship,20000,q_norm,decoder.layers.self_attention.q_layernorm.weight,51,128,1.35507412,1.6484375,4000,1.28378914,1,0,0.349953763,0.983668905,0
flagship,20000,q_norm,decoder.layers.self_attention.q_layernorm.weight,52,128,1.35523492,1.71875,4000,1.28877708,1,0,0.322176423,0.99208341,0
flagship,20000,q_norm,decoder.layers.self_attention.q_layernorm.weight,53,128,1.32693136,1.59375,4000,1.23163539,1,0,0.350173125,0.97200216,0
flagship,20000,q_norm,decoder.layers.self_attention.q_layernorm.weight,54,128,1.2803672,1.5859375,4000,1.2259953,1,0,0.358347983,0.968458526,0
flagship,20000,q_norm,decoder.layers.self_attention.q_layernorm.weight,55,128,1.41518615,1.765625,4000,1.2962655,1,0,0.310875171,0.996578583,0
flagship,20000,q_norm,decoder.layers.self_attention.q_layernorm.weight,56,128,1.39655168,1.6875,4000,1.29732541,1,0,0.313911045,0.99609283,0
flagship,20000,q_norm,decoder.layers.self_attention.q_layernorm.weight,57,128,1.36417886,1.6328125,4000,1.27340675,1,0,0.319711414,0.989216275,0
flagship,20000,q_norm,decoder.layers.self_attention.q_layernorm.weight,58,128,1.4421036,1.703125,4000,1.34148405,1,0,0.34809278,0.998301424,0
flagship,20000,q_norm,decoder.layers.self_attention.q_layernorm.weight,59,128,1.42803092,1.765625,4000,1.30080379,1,0,0.310356289,0.997755963,0
flagship,20000,q_norm,decoder.layers.self_attention.q_layernorm.weight,60,128,1.37102767,1.6640625,4000,1.30694607,1,0,0.319525361,0.996985122,0
flagship,20000,q_norm,decoder.layers.self_attention.q_layernorm.weight,61,128,1.33772595,1.71875,4000,1.26573144,1,0,0.282561361,0.996354785,0
flagship,20000,q_norm,decoder.layers.self_attention.q_layernorm.weight,62,128,1.28182524,1.5625,4000,1.22972989,1,0,0.240648864,0.997911713,0
flagship,20000,q_norm,decoder.layers.self_attention.q_layernorm.weight,63,128,1.15435285,1.359375,4000,1.12881393,1,0,0.139010633,0.998790355,0
flagship,24000,attention_input_norm,decoder.layers.self_attention.linear_qkv.layer_norm_weight,0,5120,0.543035703,0.94140625,4000,0.550260496,1,0,0.460458391,0.991134828,0
flagship,24000,attention_input_norm,decoder.layers.self_attention.linear_qkv.layer_norm_weight,1,5120,0.697277803,0.89453125,4000,0.704282675,1,0,0.29762537,0.999196257,0
flagship,24000,attention_input_norm,decoder.layers.self_attention.linear_qkv.layer_norm_weight,2,5120,0.854608403,0.96484375,4000,0.853753659,1,0,0.151046451,0.999164257,0
flagship,24000,attention_input_norm,decoder.layers.self_attention.linear_qkv.layer_norm_weight,3,5120,0.937340539,1.0703125,4000,0.931920526,1,0,0.0761562965,0.999374964,0
flagship,24000,attention_input_norm,decoder.layers.self_attention.linear_qkv.layer_norm_weight,4,5120,0.939136762,1.0625,4000,0.939106006,1,0,0.0699426617,0.999369668,0
flagship,24000,attention_input_norm,decoder.layers.self_attention.linear_qkv.layer_norm_weight,5,5120,1.01626486,1.1171875,4000,1.01217284,1,0,0.0356601295,0.999445022,0
flagship,24000,attention_input_norm,decoder.layers.self_attention.linear_qkv.layer_norm_weight,6,5120,1.07663869,1.2109375,4000,1.0702938,1,0,0.0796972405,0.999341101,0
flagship,24000,attention_input_norm,decoder.layers.self_attention.linear_qkv.layer_norm_weight,7,5120,1.14585737,1.2734375,4000,1.13238672,1,0,0.136540399,0.999506778,0
flagship,24000,attention_input_norm,decoder.layers.self_attention.linear_qkv.layer_norm_weight,8,5120,1.10881507,1.234375,4000,1.11949355,1,0,0.126687677,0.999208991,0
flagship,24000,attention_input_norm,decoder.layers.self_attention.linear_qkv.layer_norm_weight,9,5120,1.01083901,1.125,4000,1.02553699,1,0,0.0462505678,0.999275025,0
flagship,24000,attention_input_norm,decoder.layers.self_attention.linear_qkv.layer_norm_weight,10,5120,1.04852767,1.15625,4000,1.06504155,1,0,0.0747957836,0.999359647,0
flagship,24000,attention_input_norm,decoder.layers.self_attention.linear_qkv.layer_norm_weight,11,5120,1.06677426,1.203125,4000,1.08400838,1,0,0.0938232326,0.999194936,0
flagship,24000,attention_input_norm,decoder.layers.self_attention.linear_qkv.layer_norm_weight,12,5120,1.01402939,1.1015625,4000,1.03037626,1,0,0.0446357874,0.999480949,0
flagship,24000,attention_input_norm,decoder.layers.self_attention.linear_qkv.layer_norm_weight,13,5120,1.00996923,1.125,4000,1.02642407,1,0,0.0437806772,0.999406426,0
flagship,24000,attention_input_norm,decoder.layers.self_attention.linear_qkv.layer_norm_weight,14,5120,0.95261746,1.0546875,4000,0.969337725,1,0,0.0444459307,0.999465993,0
flagship,24000,attention_input_norm,decoder.layers.self_attention.linear_qkv.layer_norm_weight,15,5120,1.06960833,1.203125,4000,1.08802856,1,0,0.0955074633,0.999369204,0
flagship,24000,attention_input_norm,decoder.layers.self_attention.linear_qkv.layer_norm_weight,16,5120,1.01601918,1.1171875,4000,1.03376657,1,0,0.0449679569,0.999573436,0
flagship,24000,attention_input_norm,decoder.layers.self_attention.linear_qkv.layer_norm_weight,17,5120,1.20292644,1.34375,4000,1.22244353,1,0,0.225096033,0.999514456,0
flagship,24000,attention_input_norm,decoder.layers.self_attention.linear_qkv.layer_norm_weight,18,5120,1.11584343,1.2734375,4000,1.13542483,1,0,0.140862107,0.999338465,0
flagship,24000,attention_input_norm,decoder.layers.self_attention.linear_qkv.layer_norm_weight,19,5120,1.21140921,1.34375,4000,1.22852405,1,0,0.231433806,0.999455295,0
flagship,24000,attention_input_norm,decoder.layers.self_attention.linear_qkv.layer_norm_weight,20,5120,1.07786724,1.1953125,4000,1.09687141,1,0,0.102840366,0.999456604,0
flagship,24000,attention_input_norm,decoder.layers.self_attention.linear_qkv.layer_norm_weight,21,5120,1.05334036,1.1953125,4000,1.07121957,1,0,0.0769130704,0.99960634,0
flagship,24000,attention_input_norm,decoder.layers.self_attention.linear_qkv.layer_norm_weight,22,5120,1.28578978,1.4140625,4000,1.30053582,1,0,0.302738689,0.999489082,0
flagship,24000,attention_input_norm,decoder.layers.self_attention.linear_qkv.layer_norm_weight,23,5120,1.2636659,1.3984375,4000,1.28292833,1,0,0.284935763,0.999555725,0
flagship,24000,attention_input_norm,decoder.layers.self_attention.linear_qkv.layer_norm_weight,24,5120,1.21176428,1.3359375,4000,1.22370917,1,0,0.226253087,0.999532297,0
flagship,24000,attention_input_norm,decoder.layers.self_attention.linear_qkv.layer_norm_weight,25,5120,1.13737384,1.2578125,4000,1.15409353,1,0,0.158113551,0.999456248,0
flagship,24000,attention_input_norm,decoder.layers.self_attention.linear_qkv.layer_norm_weight,26,5120,1.0930054,1.203125,4000,1.11206535,1,0,0.117642616,0.999423981,0
flagship,24000,attention_input_norm,decoder.layers.self_attention.linear_qkv.layer_norm_weight,27,5120,1.27028911,1.4375,4000,1.28101325,1,0,0.283728425,0.9994015,0
flagship,24000,attention_input_norm,decoder.layers.self_attention.linear_qkv.layer_norm_weight,28,5120,1.15933505,1.296875,4000,1.17902156,1,0,0.184324435,0.999182891,0
flagship,24000,attention_input_norm,decoder.layers.self_attention.linear_qkv.layer_norm_weight,29,5120,1.19542603,1.3203125,4000,1.21357356,1,0,0.217486115,0.999305134,0
flagship,24000,attention_input_norm,decoder.layers.self_attention.linear_qkv.layer_norm_weight,30,5120,1.26448471,1.40625,4000,1.28447774,1,0,0.287857523,0.999247022,0
flagship,24000,attention_input_norm,decoder.layers.self_attention.linear_qkv.layer_norm_weight,31,5120,1.01943983,1.125,4000,1.03825001,1,0,0.050924978,0.999455675,0
flagship,24000,attention_input_norm,decoder.layers.self_attention.linear_qkv.layer_norm_weight,32,5120,1.08942798,1.203125,4000,1.1087961,1,0,0.114490685,0.999426618,0
flagship,24000,attention_input_norm,decoder.layers.self_attention.linear_qkv.layer_norm_weight,33,5120,1.07689418,1.2109375,4000,1.096585,1,0,0.10540562,0.999187622,0
flagship,24000,attention_input_norm,decoder.layers.self_attention.linear_qkv.layer_norm_weight,34,5120,1.16606347,1.3046875,4000,1.18610787,1,0,0.190810317,0.999252834,0
flagship,24000,attention_input_norm,decoder.layers.self_attention.linear_qkv.layer_norm_weight,35,5120,1.10760574,1.2265625,4000,1.1276921,1,0,0.133432713,0.999335361,0
flagship,24000,attention_input_norm,decoder.layers.self_attention.linear_qkv.layer_norm_weight,36,5120,0.989279799,1.1171875,4000,1.00751426,1,0,0.0387500374,0.999282838,0
flagship,24000,attention_input_norm,decoder.layers.self_attention.linear_qkv.layer_norm_weight,37,5120,0.839338273,0.9453125,4000,0.855131636,1,0,0.148575501,0.999363936,0
flagship,24000,attention_input_norm,decoder.layers.self_attention.linear_qkv.layer_norm_weight,38,5120,0.991134411,1.09375,4000,1.00925754,1,0,0.0338176547,0.999475886,0
flagship,24000,attention_input_norm,decoder.layers.self_attention.linear_qkv.layer_norm_weight,39,5120,0.854740538,0.9375,4000,0.870684347,1,0,0.133354076,0.99939084,0
flagship,24000,attention_input_norm,decoder.layers.self_attention.linear_qkv.layer_norm_weight,40,5120,0.911308531,1.0078125,4000,0.927934554,1,0,0.0803928978,0.999315906,0
flagship,24000,attention_input_norm,decoder.layers.self_attention.linear_qkv.layer_norm_weight,41,5120,0.879023364,0.9765625,4000,0.895097534,1,0,0.110613242,0.999312498,0
flagship,24000,attention_input_norm,decoder.layers.self_attention.linear_qkv.layer_norm_weight,42,5120,0.850011849,0.94921875,4000,0.865455716,1,0,0.139013705,0.99929364,0
flagship,24000,attention_input_norm,decoder.layers.self_attention.linear_qkv.layer_norm_weight,43,5120,0.869572465,0.9609375,4000,0.884930495,1,0,0.120151673,0.999324561,0
flagship,24000,attention_input_norm,decoder.layers.self_attention.linear_qkv.layer_norm_weight,44,5120,0.89570789,0.9921875,4000,0.911253153,1,0,0.0956798574,0.999298421,0
flagship,24000,attention_input_norm,decoder.layers.self_attention.linear_qkv.layer_norm_weight,45,5120,0.979356603,1.09375,4000,0.993801931,1,0,0.0383486556,0.999279432,0
flagship,24000,attention_input_norm,decoder.layers.self_attention.linear_qkv.layer_norm_weight,46,5120,1.00709076,1.1328125,4000,1.0186427,1,0,0.0426803627,0.999276457,0
flagship,24000,attention_input_norm,decoder.layers.self_attention.linear_qkv.layer_norm_weight,47,5120,0.947315935,1.0546875,4000,0.961291564,1,0,0.0529094773,0.99932327,0
flagship,24000,attention_input_norm,decoder.layers.self_attention.linear_qkv.layer_norm_weight,48,5120,1.09183792,1.2109375,4000,1.10160043,1,0,0.110096387,0.999183657,0
flagship,24000,attention_input_norm,decoder.layers.self_attention.linear_qkv.layer_norm_weight,49,5120,1.07551092,1.2109375,4000,1.07959455,1,0,0.0908065608,0.999115159,0
flagship,24000,attention_input_norm,decoder.layers.self_attention.linear_qkv.layer_norm_weight,50,5120,0.995090722,1.09375,4000,1.00726443,1,0,0.0378139219,0.999316406,0
flagship,24000,attention_input_norm,decoder.layers.self_attention.linear_qkv.layer_norm_weight,51,5120,1.04998431,1.171875,4000,1.06236794,1,0,0.0764988419,0.999076443,0
flagship,24000,attention_input_norm,decoder.layers.self_attention.linear_qkv.layer_norm_weight,52,5120,1.01959604,1.109375,4000,1.03198444,1,0,0.0490350221,0.999330693,0
flagship,24000,attention_input_norm,decoder.layers.self_attention.linear_qkv.layer_norm_weight,53,5120,1.13242685,1.265625,4000,1.13954499,1,0,0.149788572,0.998699563,0
flagship,24000,attention_input_norm,decoder.layers.self_attention.linear_qkv.layer_norm_weight,54,5120,1.07408821,1.1875,4000,1.08405238,1,0,0.0980894398,0.998820751,0
flagship,24000,attention_input_norm,decoder.layers.self_attention.linear_qkv.layer_norm_weight,55,5120,1.14348171,1.28125,4000,1.14688181,1,0,0.154445121,0.999006423,0
flagship,24000,attention_input_norm,decoder.layers.self_attention.linear_qkv.layer_norm_weight,56,5120,1.12509879,1.234375,4000,1.13319204,1,0,0.142416455,0.998878244,0
flagship,24000,attention_input_norm,decoder.layers.self_attention.linear_qkv.layer_norm_weight,57,5120,1.12824814,1.3203125,4000,1.13003093,1,0,0.14344599,0.998376722,0
flagship,24000,attention_input_norm,decoder.layers.self_attention.linear_qkv.layer_norm_weight,58,5120,1.15738064,1.2890625,4000,1.16093751,1,0,0.169309159,0.998809278,0
flagship,24000,attention_input_norm,decoder.layers.self_attention.linear_qkv.layer_norm_weight,59,5120,1.11019878,1.234375,4000,1.11124299,1,0,0.123343607,0.998722762,0
flagship,24000,attention_input_norm,decoder.layers.self_attention.linear_qkv.layer_norm_weight,60,5120,1.04636286,1.1484375,4000,1.05167159,1,0,0.0676860169,0.999091235,0
flagship,24000,attention_input_norm,decoder.layers.self_attention.linear_qkv.layer_norm_weight,61,5120,1.05755024,1.2109375,4000,1.05944428,1,0,0.0754356032,0.998982057,0
flagship,24000,attention_input_norm,decoder.layers.self_attention.linear_qkv.layer_norm_weight,62,5120,1.00631479,1.1015625,4000,1.01083236,1,0,0.0286239053,0.999652767,0
flagship,24000,attention_input_norm,decoder.layers.self_attention.linear_qkv.layer_norm_weight,63,5120,0.973760979,1.0625,4000,0.977677794,1,0,0.0309428871,0.999765167,0
flagship,24000,final_norm,decoder.final_layernorm.weight,-1,5120,1.7184089,4.84375,4000,1.55237275,1,0,0.56495866,0.995470601,0
flagship,24000,k_norm,decoder.layers.self_attention.k_layernorm.weight,0,128,1.04778764,1.46875,4000,1.08508166,1,0,0.220787424,0.980873238,0
flagship,24000,k_norm,decoder.layers.self_attention.k_layernorm.weight,1,128,1.42453057,1.65625,4000,1.3193993,1,0,0.326550267,0.998249521,0
flagship,24000,k_norm,decoder.layers.self_attention.k_layernorm.weight,2,128,1.43643746,1.71875,4000,1.27613297,1,0,0.295048448,0.995766833,0
flagship,24000,k_norm,decoder.layers.self_attention.k_layernorm.weight,3,128,1.52984508,1.890625,4000,1.33922752,1,0,0.359009868,0.994843008,0
flagship,24000,k_norm,decoder.layers.self_attention.k_layernorm.weight,4,128,1.45105818,1.6640625,4000,1.30605264,1,0,0.327602013,0.994772468,0
flagship,24000,k_norm,decoder.layers.self_attention.k_layernorm.weight,5,128,1.43950182,1.6953125,4000,1.28243041,1,0,0.299291757,0.99617577,0
flagship,24000,k_norm,decoder.layers.self_attention.k_layernorm.weight,6,128,1.62852755,1.9140625,4000,1.40590922,1,0,0.429150622,0.993097719,0
flagship,24000,k_norm,decoder.layers.self_attention.k_layernorm.weight,7,128,1.56396217,1.9921875,4000,1.35781239,1,0,0.420462868,0.982044898,0
flagship,24000,k_norm,decoder.layers.self_attention.k_layernorm.weight,8,128,1.52955771,1.78125,4000,1.40518522,1,0,0.430614455,0.992437387,0
flagship,24000,k_norm,decoder.layers.self_attention.k_layernorm.weight,9,128,1.46788938,1.7265625,4000,1.4038897,1,0,0.431727264,0.991715324,0
flagship,24000,k_norm,decoder.layers.self_attention.k_layernorm.weight,10,128,1.52173731,2.203125,4000,1.47286001,1,0,0.488606398,0.994860468,0
flagship,24000,k_norm,decoder.layers.self_attention.k_layernorm.weight,11,128,1.53596821,2,4000,1.49043843,1,0,0.513019129,0.992398619,0
flagship,24000,k_norm,decoder.layers.self_attention.k_layernorm.weight,12,128,1.46665594,1.6953125,4000,1.41477474,1,0,0.423389305,0.997448208,0
flagship,24000,k_norm,decoder.layers.self_attention.k_layernorm.weight,13,128,1.43176198,1.6953125,4000,1.3943186,1,0,0.421646209,0.992003848,0
flagship,24000,k_norm,decoder.layers.self_attention.k_layernorm.weight,14,128,1.36381114,1.640625,4000,1.35571814,1,0,0.374188522,0.995027855,0
flagship,24000,k_norm,decoder.layers.self_attention.k_layernorm.weight,15,128,1.4973958,1.7578125,4000,1.46813097,1,0,0.478515225,0.996652131,0
flagship,24000,k_norm,decoder.layers.self_attention.k_layernorm.weight,16,128,1.35910575,1.7734375,4000,1.34406405,1,0,0.363950462,0.994762202,0
flagship,24000,k_norm,decoder.layers.self_attention.k_layernorm.weight,17,128,1.54959688,1.828125,4000,1.4858957,1,0,0.497174663,0.99626891,0
flagship,24000,k_norm,decoder.layers.self_attention.k_layernorm.weight,18,128,1.52815243,1.859375,4000,1.49553766,1,0,0.548663001,0.981453655,0
flagship,24000,k_norm,decoder.layers.self_attention.k_layernorm.weight,19,128,1.58778167,1.8828125,4000,1.50800962,1,0,0.541544909,0.988329945,0
flagship,24000,k_norm,decoder.layers.self_attention.k_layernorm.weight,20,128,1.45320128,1.7734375,4000,1.42255328,1,0,0.469549881,0.985263887,0
flagship,24000,k_norm,decoder.layers.self_attention.k_layernorm.weight,21,128,1.46463386,1.78125,4000,1.41504602,1,0,0.48315728,0.97838312,0
flagship,24000,k_norm,decoder.layers.self_attention.k_layernorm.weight,22,128,1.57895525,1.8984375,4000,1.48855195,1,0,0.558135477,0.975535887,0
flagship,24000,k_norm,decoder.layers.self_attention.k_layernorm.weight,23,128,1.52625613,1.765625,4000,1.45344325,1,0,0.474452758,0.993293633,0
flagship,24000,k_norm,decoder.layers.self_attention.k_layernorm.weight,24,128,1.49410808,1.7421875,4000,1.40245879,1,0,0.427224707,0.992674336,0
flagship,24000,k_norm,decoder.layers.self_attention.k_layernorm.weight,25,128,1.47845947,1.859375,4000,1.41167227,1,0,0.50634142,0.969218217,0
flagship,24000,k_norm,decoder.layers.self_attention.k_layernorm.weight,26,128,1.37343208,1.71875,4000,1.33176972,1,0,0.499829972,0.947528894,0
flagship,24000,k_norm,decoder.layers.self_attention.k_layernorm.weight,27,128,1.49990165,1.9140625,4000,1.41027149,1,0,0.50281032,0.970042818,0
flagship,24000,k_norm,decoder.layers.self_attention.k_layernorm.weight,28,128,1.33939221,1.6953125,4000,1.29456132,1,0,0.477612993,0.945407067,0
flagship,24000,k_norm,decoder.layers.self_attention.k_layernorm.weight,29,128,1.41175922,1.7421875,4000,1.35003413,1,0,0.496759354,0.953984141,0
flagship,24000,k_norm,decoder.layers.self_attention.k_layernorm.weight,30,128,1.41873691,1.7109375,4000,1.35637564,1,0,0.439639042,0.97556765,0
flagship,24000,k_norm,decoder.layers.self_attention.k_layernorm.weight,31,128,1.30577402,1.6171875,4000,1.27429182,1,0,0.38965059,0.969947395,0
flagship,24000,k_norm,decoder.layers.self_attention.k_layernorm.weight,32,128,1.43188285,1.6953125,4000,1.38729913,1,0,0.461848852,0.97718454,0
flagship,24000,k_norm,decoder.layers.self_attention.k_layernorm.weight,33,128,1.28148022,1.671875,4000,1.24583644,1,0,0.453812174,0.941601511,0
flagship,24000,k_norm,decoder.layers.self_attention.k_layernorm.weight,34,128,1.3567977,1.7734375,4000,1.31040249,1,0,0.480469786,0.948679315,0
flagship,24000,k_norm,decoder.layers.self_attention.k_layernorm.weight,35,128,1.43841235,1.7265625,4000,1.39790793,1,0,0.481907686,0.973566105,0
flagship,24000,k_norm,decoder.layers.self_attention.k_layernorm.weight,36,128,1.33544175,1.75,4000,1.30258074,1,0,0.418403539,0.967945781,0
flagship,24000,k_norm,decoder.layers.self_attention.k_layernorm.weight,37,128,1.20264321,1.59375,4000,1.17810386,1,0,0.2668595,0.983238742,0
flagship,24000,k_norm,decoder.layers.self_attention.k_layernorm.weight,38,128,1.49371372,1.953125,4000,1.44557752,1,0,0.467731839,0.993001499,0
flagship,24000,k_norm,decoder.layers.self_attention.k_layernorm.weight,39,128,1.29700685,1.671875,4000,1.26772116,1,0,0.32607091,0.986334685,0
flagship,24000,k_norm,decoder.layers.self_attention.k_layernorm.weight,40,128,1.25382772,1.6328125,4000,1.22574769,1,0,0.348142495,0.97134762,0
flagship,24000,k_norm,decoder.layers.self_attention.k_layernorm.weight,41,128,1.2481549,1.6171875,4000,1.21461992,1,0,0.314072926,0.978355332,0
flagship,24000,k_norm,decoder.layers.self_attention.k_layernorm.weight,42,128,1.17921095,1.5625,4000,1.15270325,1,0,0.26720965,0.979143497,0
flagship,24000,k_norm,decoder.layers.self_attention.k_layernorm.weight,43,128,1.22733244,1.765625,4000,1.19694244,1,0,0.297845708,0.979144468,0
flagship,24000,k_norm,decoder.layers.self_attention.k_layernorm.weight,44,128,1.20882187,1.6484375,4000,1.17719398,1,0,0.315715763,0.970999367,0
flagship,24000,k_norm,decoder.layers.self_attention.k_layernorm.weight,45,128,1.24107142,1.6640625,4000,1.18343142,1,0,0.373850551,0.955165484,0
flagship,24000,k_norm,decoder.layers.self_attention.k_layernorm.weight,46,128,1.28291175,1.7734375,4000,1.23307334,1,0,0.400480701,0.956992984,0
flagship,24000,k_norm,decoder.layers.self_attention.k_layernorm.weight,47,128,1.21247143,1.7265625,4000,1.18207125,1,0,0.346973584,0.963098363,0
flagship,24000,k_norm,decoder.layers.self_attention.k_layernorm.weight,48,128,1.36712377,1.6484375,4000,1.26795572,1,0,0.386748858,0.969330787,0
flagship,24000,k_norm,decoder.layers.self_attention.k_layernorm.weight,49,128,1.24105728,1.5703125,4000,1.19152687,1,0,0.377048875,0.955736075,0
flagship,24000,k_norm,decoder.layers.self_attention.k_layernorm.weight,50,128,1.33816512,1.59375,4000,1.27152259,1,0,0.311594674,0.990811519,0
flagship,24000,k_norm,decoder.layers.self_attention.k_layernorm.weight,51,128,1.34950854,1.6796875,4000,1.28171334,1,0,0.397103146,0.969443829,0
flagship,24000,k_norm,decoder.layers.self_attention.k_layernorm.weight,52,128,1.37106781,1.8046875,4000,1.30474759,1,0,0.362156536,0.985328097,0
flagship,24000,k_norm,decoder.layers.self_attention.k_layernorm.weight,53,128,1.33873736,1.65625,4000,1.2439109,1,0,0.378785004,0.966241331,0
flagship,24000,k_norm,decoder.layers.self_attention.k_layernorm.weight,54,128,1.29001171,1.640625,4000,1.23638412,1,0,0.393250026,0.960057666,0
flagship,24000,k_norm,decoder.layers.self_attention.k_layernorm.weight,55,128,1.41788543,1.84375,4000,1.30440816,1,0,0.338627082,0.991565533,0
flagship,24000,k_norm,decoder.layers.self_attention.k_layernorm.weight,56,128,1.40448957,1.796875,4000,1.30828831,1,0,0.34344381,0.991243531,0
flagship,24000,k_norm,decoder.layers.self_attention.k_layernorm.weight,57,128,1.38267985,1.6875,4000,1.29265388,1,0,0.349261317,0.985944739,0
flagship,24000,k_norm,decoder.layers.self_attention.k_layernorm.weight,58,128,1.44970021,1.7109375,4000,1.35349153,1,0,0.360935748,0.998035321,0
flagship,24000,k_norm,decoder.layers.self_attention.k_layernorm.weight,59,128,1.43610148,1.65625,4000,1.31354254,1,0,0.324389999,0.99736592,0
flagship,24000,k_norm,decoder.layers.self_attention.k_layernorm.weight,60,128,1.36546854,1.6796875,4000,1.30260008,1,0,0.330104155,0.993320304,0
flagship,24000,k_norm,decoder.layers.self_attention.k_layernorm.weight,61,128,1.3450758,1.7890625,4000,1.27486315,1,0,0.292699701,0.996029625,0
flagship,24000,k_norm,decoder.layers.self_attention.k_layernorm.weight,62,128,1.28081207,1.546875,4000,1.23046658,1,0,0.242609742,0.997665667,0
flagship,24000,k_norm,decoder.layers.self_attention.k_layernorm.weight,63,128,1.15879742,1.3515625,4000,1.13264287,1,0,0.143397929,0.998689421,0
flagship,24000,pre_mlp_norm,decoder.layers.mlp.linear_fc1.layer_norm_weight,0,5120,0.690772543,0.86328125,4000,0.705219843,1,0,0.302176211,0.996869684,0
flagship,24000,pre_mlp_norm,decoder.layers.mlp.linear_fc1.layer_norm_weight,1,5120,0.914033564,1.03125,4000,0.928957991,1,0,0.0988262864,0.997459698,0
flagship,24000,pre_mlp_norm,decoder.layers.mlp.linear_fc1.layer_norm_weight,2,5120,0.921266766,1.0078125,4000,0.93329781,1,0,0.0855227033,0.998465147,0
flagship,24000,pre_mlp_norm,decoder.layers.mlp.linear_fc1.layer_norm_weight,3,5120,0.848222919,0.9296875,4000,0.865957477,1,0,0.141748886,0.998772833,0
flagship,24000,pre_mlp_norm,decoder.layers.mlp.linear_fc1.layer_norm_weight,4,5120,0.812021011,0.8984375,4000,0.827878861,1,0,0.177068747,0.998956578,0
flagship,24000,pre_mlp_norm,decoder.layers.mlp.linear_fc1.layer_norm_weight,5,5120,0.723896667,0.875,4000,0.741274555,1,0,0.261055366,0.999183131,0
flagship,24000,pre_mlp_norm,decoder.layers.mlp.linear_fc1.layer_norm_weight,6,5120,0.663736281,0.734375,4000,0.681836072,1,0,0.319989472,0.999145706,0
flagship,24000,pre_mlp_norm,decoder.layers.mlp.linear_fc1.layer_norm_weight,7,5120,0.647474417,0.72265625,4000,0.663259603,1,0,0.33850531,0.999101596,0
flagship,24000,pre_mlp_norm,decoder.layers.mlp.linear_fc1.layer_norm_weight,8,5120,0.661951251,0.734375,4000,0.675977027,1,0,0.325753573,0.999168238,0
flagship,24000,pre_mlp_norm,decoder.layers.mlp.linear_fc1.layer_norm_weight,9,5120,0.68205874,0.7578125,4000,0.694322798,1,0,0.307441146,0.999221179,0
flagship,24000,pre_mlp_norm,decoder.layers.mlp.linear_fc1.layer_norm_weight,10,5120,0.680103523,0.765625,4000,0.690452244,1,0,0.311270914,0.999225313,0
flagship,24000,pre_mlp_norm,decoder.layers.mlp.linear_fc1.layer_norm_weight,11,5120,0.68822064,0.7578125,4000,0.696898063,1,0,0.30472973,0.999290123,0
flagship,24000,pre_mlp_norm,decoder.layers.mlp.linear_fc1.layer_norm_weight,12,5120,0.699923415,0.765625,4000,0.707274207,1,0,0.294409803,0.999301019,0
flagship,24000,pre_mlp_norm,decoder.layers.mlp.linear_fc1.layer_norm_weight,13,5120,0.710502511,0.78125,4000,0.716456989,1,0,0.28517727,0.999351366,0
flagship,24000,pre_mlp_norm,decoder.layers.mlp.linear_fc1.layer_norm_weight,14,5120,0.708484022,0.77734375,4000,0.713114724,1,0,0.288421137,0.999380471,0
flagship,24000,pre_mlp_norm,decoder.layers.mlp.linear_fc1.layer_norm_weight,15,5120,0.704967898,0.76953125,4000,0.708206876,1,0,0.293156915,0.999436782,0
flagship,24000,pre_mlp_norm,decoder.layers.mlp.linear_fc1.layer_norm_weight,16,5120,0.689817627,0.76171875,4000,0.691891673,1,0,0.309325624,0.999456851,0
flagship,24000,pre_mlp_norm,decoder.layers.mlp.linear_fc1.layer_norm_weight,17,5120,0.666862909,0.734375,4000,0.667696263,1,0,0.333330126,0.99948839,0
flagship,24000,pre_mlp_norm,decoder.layers.mlp.linear_fc1.layer_norm_weight,18,5120,0.665764367,0.734375,4000,0.665521698,1,0,0.33550972,0.99948083,0
flagship,24000,pre_mlp_norm,decoder.layers.mlp.linear_fc1.layer_norm_weight,19,5120,0.674402032,0.74609375,4000,0.672801404,1,0,0.328239008,0.999493219,0
flagship,24000,pre_mlp_norm,decoder.layers.mlp.linear_fc1.layer_norm_weight,20,5120,0.686046303,0.7578125,4000,0.683367659,1,0,0.317645103,0.999529996,0
flagship,24000,pre_mlp_norm,decoder.layers.mlp.linear_fc1.layer_norm_weight,21,5120,0.688353216,0.75,4000,0.684388417,1,0,0.316622755,0.999532942,0
flagship,24000,pre_mlp_norm,decoder.layers.mlp.linear_fc1.layer_norm_weight,22,5120,0.689735212,0.77734375,4000,0.684646332,1,0,0.316437667,0.999499844,0
flagship,24000,pre_mlp_norm,decoder.layers.mlp.linear_fc1.layer_norm_weight,23,5120,0.692969645,0.75390625,4000,0.686667119,1,0,0.314417114,0.999504399,0
flagship,24000,pre_mlp_norm,decoder.layers.mlp.linear_fc1.layer_norm_weight,24,5120,0.702225827,0.7734375,4000,0.694683544,1,0,0.306468171,0.999492861,0
flagship,24000,pre_mlp_norm,decoder.layers.mlp.linear_fc1.layer_norm_weight,25,5120,0.720168418,0.78515625,4000,0.711177028,1,0,0.290097029,0.999481439,0
flagship,24000,pre_mlp_norm,decoder.layers.mlp.linear_fc1.layer_norm_weight,26,5120,0.731076089,0.8046875,4000,0.720656712,1,0,0.280679985,0.999480624,0
flagship,24000,pre_mlp_norm,decoder.layers.mlp.linear_fc1.layer_norm_weight,27,5120,0.746499027,0.8203125,4000,0.734583618,1,0,0.266905503,0.999460449,0
flagship,24000,pre_mlp_norm,decoder.layers.mlp.linear_fc1.layer_norm_weight,28,5120,0.760118559,0.8359375,4000,0.746733826,1,0,0.254854237,0.999459697,0
flagship,24000,pre_mlp_norm,decoder.layers.mlp.linear_fc1.layer_norm_weight,29,5120,0.773340309,0.84765625,4000,0.758257625,1,0,0.243453175,0.999452645,0
flagship,24000,pre_mlp_norm,decoder.layers.mlp.linear_fc1.layer_norm_weight,30,5120,0.792047476,0.8515625,4000,0.775319538,1,0,0.226339471,0.99951746,0
flagship,24000,pre_mlp_norm,decoder.layers.mlp.linear_fc1.layer_norm_weight,31,5120,0.810158979,0.86328125,4000,0.791701743,1,0,0.210233599,0.999488443,0
flagship,24000,pre_mlp_norm,decoder.layers.mlp.linear_fc1.layer_norm_weight,32,5120,0.824561352,0.875,4000,0.80437583,1,0,0.197812256,0.999464882,0
flagship,24000,pre_mlp_norm,decoder.layers.mlp.linear_fc1.layer_norm_weight,33,5120,0.841833115,0.89453125,4000,0.819711495,1,0,0.182801728,0.999443385,0
flagship,24000,pre_mlp_norm,decoder.layers.mlp.linear_fc1.layer_norm_weight,34,5120,0.862502526,0.9140625,4000,0.838311049,1,0,0.164576195,0.999438152,0
flagship,24000,pre_mlp_norm,decoder.layers.mlp.linear_fc1.layer_norm_weight,35,5120,0.883536887,0.94921875,4000,0.857314966,1,0,0.14616043,0.999414537,0
flagship,24000,pre_mlp_norm,decoder.layers.mlp.linear_fc1.layer_norm_weight,36,5120,0.901542663,0.953125,4000,0.873179979,1,0,0.130941634,0.999391652,0
flagship,24000,pre_mlp_norm,decoder.layers.mlp.linear_fc1.layer_norm_weight,37,5120,0.917532277,0.9765625,4000,0.88714546,1,0,0.117870873,0.999347686,0
flagship,24000,pre_mlp_norm,decoder.layers.mlp.linear_fc1.layer_norm_weight,38,5120,0.93158586,0.984375,4000,0.899128681,1,0,0.106908923,0.999302383,0
flagship,24000,pre_mlp_norm,decoder.layers.mlp.linear_fc1.layer_norm_weight,39,5120,0.943561302,1.0078125,4000,0.909015513,1,0,0.0981192261,0.999257875,0
flagship,24000,pre_mlp_norm,decoder.layers.mlp.linear_fc1.layer_norm_weight,40,5120,0.954976984,1.0078125,4000,0.918519618,1,0,0.0899909584,0.999205613,0
flagship,24000,pre_mlp_norm,decoder.layers.mlp.linear_fc1.layer_norm_weight,41,5120,0.966123383,1.015625,4000,0.926866241,1,0,0.0830526855,0.99916428,0
flagship,24000,pre_mlp_norm,decoder.layers.mlp.linear_fc1.layer_norm_weight,42,5120,0.975349216,1.03125,4000,0.935126893,1,0,0.0765965453,0.999113216,0
flagship,24000,pre_mlp_norm,decoder.layers.mlp.linear_fc1.layer_norm_weight,43,5120,0.984977379,1.0390625,4000,0.942484937,1,0,0.0710443023,0.999077274,0
flagship,24000,pre_mlp_norm,decoder.layers.mlp.linear_fc1.layer_norm_weight,44,5120,0.992084358,1.0546875,4000,0.948226167,1,0,0.0674070832,0.999017542,0
flagship,24000,pre_mlp_norm,decoder.layers.mlp.linear_fc1.layer_norm_weight,45,5120,0.99929755,1.078125,4000,0.954509611,1,0,0.0636133531,0.998964241,0
flagship,24000,pre_mlp_norm,decoder.layers.mlp.linear_fc1.layer_norm_weight,46,5120,1.00699755,1.078125,4000,0.960748803,1,0,0.0602857553,0.998910373,0
flagship,24000,pre_mlp_norm,decoder.layers.mlp.linear_fc1.layer_norm_weight,47,5120,1.01307019,1.1015625,4000,0.966133207,1,0,0.0575647571,0.998878653,0
flagship,24000,pre_mlp_norm,decoder.layers.mlp.linear_fc1.layer_norm_weight,48,5120,1.01779091,1.1015625,4000,0.970152623,1,0,0.056540983,0.998811518,0
flagship,24000,pre_mlp_norm,decoder.layers.mlp.linear_fc1.layer_norm_weight,49,5120,1.02704495,1.109375,4000,0.978791685,1,0,0.053178643,0.998785147,0
flagship,24000,pre_mlp_norm,decoder.layers.mlp.linear_fc1.layer_norm_weight,50,5120,1.03180528,1.1171875,4000,0.983956396,1,0,0.052415263,0.998734719,0
flagship,24000,pre_mlp_norm,decoder.layers.mlp.linear_fc1.layer_norm_weight,51,5120,1.0376329,1.1328125,4000,0.989936153,1,0,0.0516722131,0.998702575,0
flagship,24000,pre_mlp_norm,decoder.layers.mlp.linear_fc1.layer_norm_weight,52,5120,1.04140524,1.1484375,4000,0.994783707,1,0,0.0514929804,0.998680961,0
flagship,24000,pre_mlp_norm,decoder.layers.mlp.linear_fc1.layer_norm_weight,53,5120,1.04728628,1.1640625,4000,1.00234791,1,0,0.0507409452,0.998718444,0
flagship,24000,pre_mlp_norm,decoder.layers.mlp.linear_fc1.layer_norm_weight,54,5120,1.05421242,1.2265625,4000,1.01166608,1,0,0.0515787928,0.998752417,0
flagship,24000,pre_mlp_norm,decoder.layers.mlp.linear_fc1.layer_norm_weight,55,5120,1.05445037,1.2265625,4000,1.01488155,1,0,0.0525131929,0.998750507,0
flagship,24000,pre_mlp_norm,decoder.layers.mlp.linear_fc1.layer_norm_weight,56,5120,1.0592858,1.28125,4000,1.02285104,1,0,0.0538738285,0.998836478,0
flagship,24000,pre_mlp_norm,decoder.layers.mlp.linear_fc1.layer_norm_weight,57,5120,1.06860839,1.3359375,4000,1.03617062,1,0,0.0597621007,0.998907904,0
flagship,24000,pre_mlp_norm,decoder.layers.mlp.linear_fc1.layer_norm_weight,58,5120,1.07573166,1.375,4000,1.04782342,1,0,0.0660729358,0.999008156,0
flagship,24000,pre_mlp_norm,decoder.layers.mlp.linear_fc1.layer_norm_weight,59,5120,1.08375751,1.421875,4000,1.06096043,1,0,0.0755369285,0.999062334,0
flagship,24000,pre_mlp_norm,decoder.layers.mlp.linear_fc1.layer_norm_weight,60,5120,1.09808506,1.484375,4000,1.08124316,1,0,0.0925701725,0.999089573,0
flagship,24000,pre_mlp_norm,decoder.layers.mlp.linear_fc1.layer_norm_weight,61,5120,1.11983198,1.4765625,4000,1.10802734,1,0,0.115527271,0.999243411,0
flagship,24000,pre_mlp_norm,decoder.layers.mlp.linear_fc1.layer_norm_weight,62,5120,1.11586532,1.4375,4000,1.11023383,1,0,0.115215733,0.999494175,0
flagship,24000,pre_mlp_norm,decoder.layers.mlp.linear_fc1.layer_norm_weight,63,5120,1.06312706,1.2421875,4000,1.06346578,1,0,0.0668632586,0.999791817,0
flagship,24000,q_norm,decoder.layers.self_attention.q_layernorm.weight,0,128,1.04907512,1.40625,4000,1.08710711,1,0,0.206291123,0.983916774,0
flagship,24000,q_norm,decoder.layers.self_attention.q_layernorm.weight,1,128,1.43704681,1.8125,4000,1.33062205,1,0,0.339964878,0.997645769,0
flagship,24000,q_norm,decoder.layers.self_attention.q_layernorm.weight,2,128,1.4490437,1.75,4000,1.28423561,1,0,0.300824301,0.996221341,0
flagship,24000,q_norm,decoder.layers.self_attention.q_layernorm.weight,3,128,1.54504656,1.8046875,4000,1.35053179,1,0,0.36567222,0.995985421,0
flagship,24000,q_norm,decoder.layers.self_attention.q_layernorm.weight,4,128,1.4649043,1.671875,4000,1.31612086,1,0,0.334027476,0.995577172,0
flagship,24000,q_norm,decoder.layers.self_attention.q_layernorm.weight,5,128,1.44694303,1.6640625,4000,1.28739933,1,0,0.302361705,0.996572847,0
flagship,24000,q_norm,decoder.layers.self_attention.q_layernorm.weight,6,128,1.65205428,1.9453125,4000,1.42382798,1,0,0.446321555,0.993126706,0
flagship,24000,q_norm,decoder.layers.self_attention.q_layernorm.weight,7,128,1.58936142,1.9453125,4000,1.37868993,1,0,0.431613735,0.984447428,0
flagship,24000,q_norm,decoder.layers.self_attention.q_layernorm.weight,8,128,1.54298949,1.75,4000,1.41669822,1,0,0.440250727,0.992876643,0
flagship,24000,q_norm,decoder.layers.self_attention.q_layernorm.weight,9,128,1.4987444,1.75,4000,1.43377971,1,0,0.447973666,0.995635464,0
flagship,24000,q_norm,decoder.layers.self_attention.q_layernorm.weight,10,128,1.54474177,1.7734375,4000,1.49569668,1,0,0.503223544,0.997486545,0
flagship,24000,q_norm,decoder.layers.self_attention.q_layernorm.weight,11,128,1.55482632,1.765625,4000,1.50970189,1,0,0.519804781,0.996555284,0
flagship,24000,q_norm,decoder.layers.self_attention.q_layernorm.weight,12,128,1.48752637,1.734375,4000,1.4350641,1,0,0.442661405,0.997676637,0
flagship,24000,q_norm,decoder.layers.self_attention.q_layernorm.weight,13,128,1.44750754,1.625,4000,1.4077009,1,0,0.42940309,0.993547285,0
flagship,24000,q_norm,decoder.layers.self_attention.q_layernorm.weight,14,128,1.38030814,1.640625,4000,1.37339748,1,0,0.386815963,0.996286248,0
flagship,24000,q_norm,decoder.layers.self_attention.q_layernorm.weight,15,128,1.51716241,1.7734375,4000,1.4887718,1,0,0.496487587,0.997446873,0
flagship,24000,q_norm,decoder.layers.self_attention.q_layernorm.weight,16,128,1.3673879,1.625,4000,1.35349341,1,0,0.362434321,0.997635362,0
flagship,24000,q_norm,decoder.layers.self_attention.q_layernorm.weight,17,128,1.55980007,1.8125,4000,1.49610349,1,0,0.506860646,0.996394288,0
flagship,24000,q_norm,decoder.layers.self_attention.q_layernorm.weight,18,128,1.547127,1.765625,4000,1.5150193,1,0,0.552056638,0.986956718,0
flagship,24000,q_norm,decoder.layers.self_attention.q_layernorm.weight,19,128,1.61010127,1.859375,4000,1.52989559,1,0,0.552670872,0.991942014,0
flagship,24000,q_norm,decoder.layers.self_attention.q_layernorm.weight,20,128,1.47384014,1.765625,4000,1.44375213,1,0,0.479736894,0.98849126,0
flagship,24000,q_norm,decoder.layers.self_attention.q_layernorm.weight,21,128,1.48514382,1.796875,4000,1.43635044,1,0,0.490141342,0.982651573,0
flagship,24000,q_norm,decoder.layers.self_attention.q_layernorm.weight,22,128,1.60159445,1.921875,4000,1.51022042,1,0,0.578807141,0.975270887,0
flagship,24000,q_norm,decoder.layers.self_attention.q_layernorm.weight,23,128,1.54173308,1.8359375,4000,1.46836447,1,0,0.483348759,0.995144005,0
flagship,24000,q_norm,decoder.layers.self_attention.q_layernorm.weight,24,128,1.51373401,1.7734375,4000,1.41803202,1,0,0.433398828,0.995386645,0
flagship,24000,q_norm,decoder.layers.self_attention.q_layernorm.weight,25,128,1.50571988,1.796875,4000,1.43713149,1,0,0.516253065,0.973755604,0
flagship,24000,q_norm,decoder.layers.self_attention.q_layernorm.weight,26,128,1.39061487,1.75,4000,1.35001317,1,0,0.506582302,0.950327741,0
flagship,24000,q_norm,decoder.layers.self_attention.q_layernorm.weight,27,128,1.5281548,1.9140625,4000,1.43701488,1,0,0.506415888,0.97721838,0
flagship,24000,q_norm,decoder.layers.self_attention.q_layernorm.weight,28,128,1.355708,1.703125,4000,1.31141128,1,0,0.479383526,0.949355485,0
flagship,24000,q_norm,decoder.layers.self_attention.q_layernorm.weight,29,128,1.44091893,1.796875,4000,1.37862169,1,0,0.504637784,0.959631816,0
flagship,24000,q_norm,decoder.layers.self_attention.q_layernorm.weight,30,128,1.43820697,1.71875,4000,1.37617844,1,0,0.432604785,0.983419054,0
flagship,24000,q_norm,decoder.layers.self_attention.q_layernorm.weight,31,128,1.32113376,1.59375,4000,1.29035424,1,0,0.387972484,0.974341519,0
flagship,24000,q_norm,decoder.layers.self_attention.q_layernorm.weight,32,128,1.45802686,1.734375,4000,1.41399837,1,0,0.46252484,0.984959469,0
flagship,24000,q_norm,decoder.layers.self_attention.q_layernorm.weight,33,128,1.30096374,1.671875,4000,1.26604408,1,0,0.453962098,0.946564998,0
flagship,24000,q_norm,decoder.layers.self_attention.q_layernorm.weight,34,128,1.37278637,1.7578125,4000,1.32735543,1,0,0.461573361,0.960113023,0
flagship,24000,q_norm,decoder.layers.self_attention.q_layernorm.weight,35,128,1.4739277,1.71875,4000,1.43362057,1,0,0.472090628,0.98784798,0
flagship,24000,q_norm,decoder.layers.self_attention.q_layernorm.weight,36,128,1.35182713,1.671875,4000,1.31970506,1,0,0.407769363,0.97572771,0
flagship,24000,q_norm,decoder.layers.self_attention.q_layernorm.weight,37,128,1.20451235,1.5390625,4000,1.18115872,1,0,0.265846053,0.98397521,0
flagship,24000,q_norm,decoder.layers.self_attention.q_layernorm.weight,38,128,1.51383316,1.953125,4000,1.46643027,1,0,0.48123487,0.995216343,0
flagship,24000,q_norm,decoder.layers.self_attention.q_layernorm.weight,39,128,1.30387794,1.6640625,4000,1.27567253,1,0,0.3197759,0.989706886,0
flagship,24000,q_norm,decoder.layers.self_attention.q_layernorm.weight,40,128,1.26490876,1.6015625,4000,1.23695824,1,0,0.34499829,0.97458499,0
flagship,24000,q_norm,decoder.layers.self_attention.q_layernorm.weight,41,128,1.2540835,1.609375,4000,1.22170928,1,0,0.318104556,0.97870381,0
flagship,24000,q_norm,decoder.layers.self_attention.q_layernorm.weight,42,128,1.17997546,1.5703125,4000,1.15473725,1,0,0.269875846,0.978830961,0
flagship,24000,q_norm,decoder.layers.self_attention.q_layernorm.weight,43,128,1.23187495,1.6640625,4000,1.20259683,1,0,0.2843868,0.983439846,0
flagship,24000,q_norm,decoder.layers.self_attention.q_layernorm.weight,44,128,1.21304143,1.5859375,4000,1.18240023,1,0,0.315368911,0.972011295,0
flagship,24000,q_norm,decoder.layers.self_attention.q_layernorm.weight,45,128,1.25601745,1.6640625,4000,1.19913122,1,0,0.368908406,0.959787482,0
flagship,24000,q_norm,decoder.layers.self_attention.q_layernorm.weight,46,128,1.29247042,1.640625,4000,1.24271977,1,0,0.384836592,0.964116484,0
flagship,24000,q_norm,decoder.layers.self_attention.q_layernorm.weight,47,128,1.22670014,1.6171875,4000,1.19519705,1,0,0.349780189,0.964757153,0
flagship,24000,q_norm,decoder.layers.self_attention.q_layernorm.weight,48,128,1.38733115,1.65625,4000,1.28664487,1,0,0.375556256,0.977119863,0
flagship,24000,q_norm,decoder.layers.self_attention.q_layernorm.weight,49,128,1.25970835,1.625,4000,1.20875657,1,0,0.380745054,0.958061244,0
flagship,24000,q_norm,decoder.layers.self_attention.q_layernorm.weight,50,128,1.34525029,1.609375,4000,1.27811728,1,0,0.31022213,0.992610792,0
flagship,24000,q_norm,decoder.layers.self_attention.q_layernorm.weight,51,128,1.38104692,1.6796875,4000,1.30839561,1,0,0.381549429,0.980712213,0
flagship,24000,q_norm,decoder.layers.self_attention.q_layernorm.weight,52,128,1.38373931,1.75,4000,1.31588368,1,0,0.349418589,0.991522484,0
flagship,24000,q_norm,decoder.layers.self_attention.q_layernorm.weight,53,128,1.35015024,1.6328125,4000,1.25318677,1,0,0.377523108,0.968711705,0
flagship,24000,q_norm,decoder.layers.self_attention.q_layernorm.weight,54,128,1.2997516,1.6171875,4000,1.24455653,1,0,0.387707437,0.963637987,0
flagship,24000,q_norm,decoder.layers.self_attention.q_layernorm.weight,55,128,1.43764661,1.8203125,4000,1.31683856,1,0,0.33383557,0.995800733,0
flagship,24000,q_norm,decoder.layers.self_attention.q_layernorm.weight,56,128,1.42301212,1.7109375,4000,1.32190581,1,0,0.340962752,0.995221957,0
flagship,24000,q_norm,decoder.layers.self_attention.q_layernorm.weight,57,128,1.39172352,1.6796875,4000,1.29911859,1,0,0.350357033,0.987192041,0
flagship,24000,q_norm,decoder.layers.self_attention.q_layernorm.weight,58,128,1.47158977,1.71875,4000,1.36891288,1,0,0.375817974,0.99812171,0
flagship,24000,q_norm,decoder.layers.self_attention.q_layernorm.weight,59,128,1.45031286,1.7890625,4000,1.32110057,1,0,0.331731758,0.997373257,0
flagship,24000,q_norm,decoder.layers.self_attention.q_layernorm.weight,60,128,1.39212024,1.6875,4000,1.32705277,1,0,0.341144982,0.996452147,0
flagship,24000,q_norm,decoder.layers.self_attention.q_layernorm.weight,61,128,1.36498532,1.7578125,4000,1.29152375,1,0,0.308897054,0.995961631,0
flagship,24000,q_norm,decoder.layers.self_attention.q_layernorm.weight,62,128,1.29573689,1.609375,4000,1.24307614,1,0,0.254757248,0.997660947,0
flagship,24000,q_norm,decoder.layers.self_attention.q_layernorm.weight,63,128,1.1615258,1.375,4000,1.13582819,1,0,0.146457533,0.998679153,0
flagship,28000,attention_input_norm,decoder.layers.self_attention.linear_qkv.layer_norm_weight,0,5120,0.445913106,0.91796875,4000,0.451845736,1,0,0.559687965,0.985860749,0
flagship,28000,attention_input_norm,decoder.layers.self_attention.linear_qkv.layer_norm_weight,1,5120,0.645482326,0.875,4000,0.651966859,1,0,0.349982302,0.998956585,0
flagship,28000,attention_input_norm,decoder.layers.self_attention.linear_qkv.layer_norm_weight,2,5120,0.819199389,0.93359375,4000,0.81838006,1,0,0.186289799,0.998950313,0
flagship,28000,attention_input_norm,decoder.layers.self_attention.linear_qkv.layer_norm_weight,3,5120,0.912031719,1.046875,4000,0.90675805,1,0,0.100458729,0.99922918,0
flagship,28000,attention_input_norm,decoder.layers.self_attention.linear_qkv.layer_norm_weight,4,5120,0.915137973,1.0390625,4000,0.915108003,1,0,0.092853259,0.999226825,0
flagship,28000,attention_input_norm,decoder.layers.self_attention.linear_qkv.layer_norm_weight,5,5120,0.996869072,1.109375,4000,0.992855147,1,0,0.0374126216,0.99932082,0
flagship,28000,attention_input_norm,decoder.layers.self_attention.linear_qkv.layer_norm_weight,6,5120,1.05988244,1.203125,4000,1.05363629,1,0,0.0670293551,0.999233093,0
flagship,28000,attention_input_norm,decoder.layers.self_attention.linear_qkv.layer_norm_weight,7,5120,1.14395061,1.2734375,4000,1.13050238,1,0,0.135345966,0.999430492,0
flagship,28000,attention_input_norm,decoder.layers.self_attention.linear_qkv.layer_norm_weight,8,5120,1.10302292,1.234375,4000,1.11364562,1,0,0.122203437,0.999093809,0
flagship,28000,attention_input_norm,decoder.layers.self_attention.linear_qkv.layer_norm_weight,9,5120,1.01050848,1.140625,4000,1.02520166,1,0,0.0491917135,0.999129585,0
flagship,28000,attention_input_norm,decoder.layers.self_attention.linear_qkv.layer_norm_weight,10,5120,1.04617975,1.1640625,4000,1.06265665,1,0,0.0742393107,0.999253936,0
flagship,28000,attention_input_norm,decoder.layers.self_attention.linear_qkv.layer_norm_weight,11,5120,1.07143031,1.2109375,4000,1.08873965,1,0,0.099474354,0.999072128,0
flagship,28000,attention_input_norm,decoder.layers.self_attention.linear_qkv.layer_norm_weight,12,5120,1.01708035,1.1328125,4000,1.03347641,1,0,0.0486552281,0.99939686,0
flagship,28000,attention_input_norm,decoder.layers.self_attention.linear_qkv.layer_norm_weight,13,5120,1.01881448,1.140625,4000,1.03541343,1,0,0.0521725149,0.999291172,0
flagship,28000,attention_input_norm,decoder.layers.self_attention.linear_qkv.layer_norm_weight,14,5120,0.964753564,1.0703125,4000,0.981686841,1,0,0.0401898833,0.999348135,0
flagship,28000,attention_input_norm,decoder.layers.self_attention.linear_qkv.layer_norm_weight,15,5120,1.08472425,1.21875,4000,1.1034048,1,0,0.110773936,0.9992848,0
flagship,28000,attention_input_norm,decoder.layers.self_attention.linear_qkv.layer_norm_weight,16,5120,1.03759343,1.15625,4000,1.05571767,1,0,0.0645663763,0.999495908,0
flagship,28000,attention_input_norm,decoder.layers.self_attention.linear_qkv.layer_norm_weight,17,5120,1.21874667,1.375,4000,1.23852044,1,0,0.241163353,0.999488195,0
flagship,28000,attention_input_norm,decoder.layers.self_attention.linear_qkv.layer_norm_weight,18,5120,1.13883104,1.3203125,4000,1.15881584,1,0,0.164088824,0.99926534,0
flagship,28000,attention_input_norm,decoder.layers.self_attention.linear_qkv.layer_norm_weight,19,5120,1.23582251,1.375,4000,1.25328226,1,0,0.256113508,0.999424621,0
flagship,28000,attention_input_norm,decoder.layers.self_attention.linear_qkv.layer_norm_weight,20,5120,1.10179335,1.21875,4000,1.12121936,1,0,0.126623616,0.999402701,0
flagship,28000,attention_input_norm,decoder.layers.self_attention.linear_qkv.layer_norm_weight,21,5120,1.07371715,1.25,4000,1.09194223,1,0,0.0969754259,0.999564601,0
flagship,28000,attention_input_norm,decoder.layers.self_attention.linear_qkv.layer_norm_weight,22,5120,1.31611493,1.4453125,4000,1.33120876,1,0,0.333306801,0.999476346,0
flagship,28000,attention_input_norm,decoder.layers.self_attention.linear_qkv.layer_norm_weight,23,5120,1.29424372,1.4296875,4000,1.31397226,1,0,0.315871582,0.999544786,0
flagship,28000,attention_input_norm,decoder.layers.self_attention.linear_qkv.layer_norm_weight,24,5120,1.24356768,1.390625,4000,1.25582607,1,0,0.258161631,0.999522049,0
flagship,28000,attention_input_norm,decoder.layers.self_attention.linear_qkv.layer_norm_weight,25,5120,1.16170821,1.28125,4000,1.17878562,1,0,0.182681643,0.999402654,0
flagship,28000,attention_input_norm,decoder.layers.self_attention.linear_qkv.layer_norm_weight,26,5120,1.11536773,1.2421875,4000,1.13481763,1,0,0.140149442,0.999354049,0
flagship,28000,attention_input_norm,decoder.layers.self_attention.linear_qkv.layer_norm_weight,27,5120,1.30583095,1.46875,4000,1.31685514,1,0,0.319562161,0.999345867,0
flagship,28000,attention_input_norm,decoder.layers.self_attention.linear_qkv.layer_norm_weight,28,5120,1.19339155,1.3359375,4000,1.21365637,1,0,0.218940651,0.999058231,0
flagship,28000,attention_input_norm,decoder.layers.self_attention.linear_qkv.layer_norm_weight,29,5120,1.22851738,1.3671875,4000,1.24716727,1,0,0.251100269,0.999214344,0
flagship,28000,attention_input_norm,decoder.layers.self_attention.linear_qkv.layer_norm_weight,30,5120,1.31249004,1.46875,4000,1.33324209,1,0,0.336576723,0.999162343,0
flagship,28000,attention_input_norm,decoder.layers.self_attention.linear_qkv.layer_norm_weight,31,5120,1.04678116,1.1640625,4000,1.06609583,1,0,0.0760323874,0.999337646,0
flagship,28000,attention_input_norm,decoder.layers.self_attention.linear_qkv.layer_norm_weight,32,5120,1.12550925,1.2421875,4000,1.14551883,1,0,0.150786483,0.999318722,0
flagship,28000,attention_input_norm,decoder.layers.self_attention.linear_qkv.layer_norm_weight,33,5120,1.11632631,1.265625,4000,1.13673814,1,0,0.144611653,0.999025629,0
flagship,28000,attention_input_norm,decoder.layers.self_attention.linear_qkv.layer_norm_weight,34,5120,1.21938992,1.375,4000,1.24035099,1,0,0.244995787,0.99909125,0
flagship,28000,attention_input_norm,decoder.layers.self_attention.linear_qkv.layer_norm_weight,35,5120,1.15213131,1.2890625,4000,1.17302514,1,0,0.178311641,0.999208311,0
flagship,28000,attention_input_norm,decoder.layers.self_attention.linear_qkv.layer_norm_weight,36,5120,1.02091145,1.1484375,4000,1.03972895,1,0,0.0584291285,0.999117283,0
flagship,28000,attention_input_norm,decoder.layers.self_attention.linear_qkv.layer_norm_weight,37,5120,0.840015922,0.94921875,4000,0.855822036,1,0,0.148727451,0.999221468,0
flagship,28000,attention_input_norm,decoder.layers.self_attention.linear_qkv.layer_norm_weight,38,5120,1.01273267,1.1328125,4000,1.03125073,1,0,0.0470294635,0.999401134,0
flagship,28000,attention_input_norm,decoder.layers.self_attention.linear_qkv.layer_norm_weight,39,5120,0.862735437,0.96875,4000,0.878828378,1,0,0.12644494,0.999257101,0
flagship,28000,attention_input_norm,decoder.layers.self_attention.linear_qkv.layer_norm_weight,40,5120,0.927481993,1.0390625,4000,0.944403087,1,0,0.0682259975,0.999172086,0
flagship,28000,attention_input_norm,decoder.layers.self_attention.linear_qkv.layer_norm_weight,41,5120,0.891368364,0.9921875,4000,0.907668279,1,0,0.100196104,0.999165933,0
flagship,28000,attention_input_norm,decoder.layers.self_attention.linear_qkv.layer_norm_weight,42,5120,0.853912234,0.9765625,4000,0.869426967,1,0,0.136323115,0.999117422,0
flagship,28000,attention_input_norm,decoder.layers.self_attention.linear_qkv.layer_norm_weight,43,5120,0.877724707,0.98046875,4000,0.893226718,1,0,0.113635027,0.999153415,0
flagship,28000,attention_input_norm,decoder.layers.self_attention.linear_qkv.layer_norm_weight,44,5120,0.909869287,1.0234375,4000,0.925660325,1,0,0.0846751194,0.999112262,0
flagship,28000,attention_input_norm,decoder.layers.self_attention.linear_qkv.layer_norm_weight,45,5120,0.997297951,1.1171875,4000,1.01200791,1,0,0.0435940933,0.999132292,0
flagship,28000,attention_input_norm,decoder.layers.self_attention.linear_qkv.layer_norm_weight,46,5120,1.02925792,1.1484375,4000,1.04106413,1,0,0.0588354124,0.999147342,0
flagship,28000,attention_input_norm,decoder.layers.self_attention.linear_qkv.layer_norm_weight,47,5120,0.958673047,1.078125,4000,0.972816226,1,0,0.0484395314,0.999173826,0
flagship,28000,attention_input_norm,decoder.layers.self_attention.linear_qkv.layer_norm_weight,48,5120,1.12112621,1.25,4000,1.1311506,1,0,0.139165352,0.999042339,0
flagship,28000,attention_input_norm,decoder.layers.self_attention.linear_qkv.layer_norm_weight,49,5120,1.09856001,1.2421875,4000,1.10273116,1,0,0.113182492,0.99897682,0
flagship,28000,attention_input_norm,decoder.layers.self_attention.linear_qkv.layer_norm_weight,50,5120,1.01930656,1.125,4000,1.03177652,1,0,0.0519088408,0.999183553,0
flagship,28000,attention_input_norm,decoder.layers.self_attention.linear_qkv.layer_norm_weight,51,5120,1.08351393,1.203125,4000,1.09629301,1,0,0.108525018,0.99885736,0
flagship,28000,attention_input_norm,decoder.layers.self_attention.linear_qkv.layer_norm_weight,52,5120,1.05269929,1.15625,4000,1.06548991,1,0,0.0778268416,0.999170293,0
flagship,28000,attention_input_norm,decoder.layers.self_attention.linear_qkv.layer_norm_weight,53,5120,1.17267278,1.3046875,4000,1.18004389,1,0,0.189790841,0.998472616,0
flagship,28000,attention_input_norm,decoder.layers.self_attention.linear_qkv.layer_norm_weight,54,5120,1.10544314,1.234375,4000,1.11569818,1,0,0.128755425,0.998569555,0
flagship,28000,attention_input_norm,decoder.layers.self_attention.linear_qkv.layer_norm_weight,55,5120,1.17853435,1.3203125,4000,1.18203868,1,0,0.189424289,0.998839513,0
flagship,28000,attention_input_norm,decoder.layers.self_attention.linear_qkv.layer_norm_weight,56,5120,1.16769804,1.296875,4000,1.17609772,1,0,0.184836035,0.998659144,0
flagship,28000,attention_input_norm,decoder.layers.self_attention.linear_qkv.layer_norm_weight,57,5120,1.15852332,1.3515625,4000,1.16035395,1,0,0.173400052,0.998123767,0
flagship,28000,attention_input_norm,decoder.layers.self_attention.linear_qkv.layer_norm_weight,58,5120,1.19241939,1.34375,4000,1.19608395,1,0,0.204380114,0.998611169,0
flagship,28000,attention_input_norm,decoder.layers.self_attention.linear_qkv.layer_norm_weight,59,5120,1.13309905,1.2734375,4000,1.1341648,1,0,0.146573922,0.99846419,0
flagship,28000,attention_input_norm,decoder.layers.self_attention.linear_qkv.layer_norm_weight,60,5120,1.06210917,1.1796875,4000,1.06749779,1,0,0.0834272751,0.998873928,0
flagship,28000,attention_input_norm,decoder.layers.self_attention.linear_qkv.layer_norm_weight,61,5120,1.07008115,1.234375,4000,1.07199763,1,0,0.0882198691,0.998787736,0
flagship,28000,attention_input_norm,decoder.layers.self_attention.linear_qkv.layer_norm_weight,62,5120,1.00972322,1.1015625,4000,1.01425609,1,0,0.0319503893,0.99959695,0
flagship,28000,attention_input_norm,decoder.layers.self_attention.linear_qkv.layer_norm_weight,63,5120,0.973349735,1.078125,4000,0.977264896,1,0,0.0324059647,0.999727166,0
flagship,28000,final_norm,decoder.final_layernorm.weight,-1,5120,1.72692884,5.09375,4000,1.56006947,1,0,0.574359709,0.994804316,0
flagship,28000,k_norm,decoder.layers.self_attention.k_layernorm.weight,0,128,1.07120025,1.5625,4000,1.1093276,1,0,0.242220646,0.978942957,0
flagship,28000,k_norm,decoder.layers.self_attention.k_layernorm.weight,1,128,1.44924721,1.703125,4000,1.34229184,1,0,0.350446421,0.997895767,0
flagship,28000,k_norm,decoder.layers.self_attention.k_layernorm.weight,2,128,1.4513148,1.7578125,4000,1.28935002,1,0,0.311367963,0.994870837,0
flagship,28000,k_norm,decoder.layers.self_attention.k_layernorm.weight,3,128,1.54878014,1.9375,4000,1.35580329,1,0,0.377666152,0.994086257,0
flagship,28000,k_norm,decoder.layers.self_attention.k_layernorm.weight,4,128,1.4672555,1.6796875,4000,1.32063135,1,0,0.344268889,0.994049585,0
flagship,28000,k_norm,decoder.layers.self_attention.k_layernorm.weight,5,128,1.45254341,1.7265625,4000,1.29404897,1,0,0.312404407,0.995698881,0
flagship,28000,k_norm,decoder.layers.self_attention.k_layernorm.weight,6,128,1.65796375,1.96875,4000,1.43132152,1,0,0.455866049,0.992393181,0
flagship,28000,k_norm,decoder.layers.self_attention.k_layernorm.weight,7,128,1.5835092,2.015625,4000,1.37478287,1,0,0.43786291,0.981356429,0
flagship,28000,k_norm,decoder.layers.self_attention.k_layernorm.weight,8,128,1.55250969,1.8203125,4000,1.42627091,1,0,0.454561067,0.991264327,0
flagship,28000,k_norm,decoder.layers.self_attention.k_layernorm.weight,9,128,1.48920766,1.7734375,4000,1.42427851,1,0,0.457605976,0.989682152,0
flagship,28000,k_norm,decoder.layers.self_attention.k_layernorm.weight,10,128,1.54688752,2.234375,4000,1.49720241,1,0,0.514813418,0.994048027,0
flagship,28000,k_norm,decoder.layers.self_attention.k_layernorm.weight,11,128,1.55800153,2,4000,1.51181863,1,0,0.537401434,0.991122612,0
flagship,28000,k_norm,decoder.layers.self_attention.k_layernorm.weight,12,128,1.49195996,1.75,4000,1.43918366,1,0,0.449397027,0.99684703,0
flagship,28000,k_norm,decoder.layers.self_attention.k_layernorm.weight,13,128,1.45654747,1.7734375,4000,1.4184559,1,0,0.448202418,0.99091263,0
flagship,28000,k_norm,decoder.layers.self_attention.k_layernorm.weight,14,128,1.39277166,1.703125,4000,1.38450681,1,0,0.406483451,0.993722201,0
flagship,28000,k_norm,decoder.layers.self_attention.k_layernorm.weight,15,128,1.52254448,1.8125,4000,1.49278815,1,0,0.505071248,0.995894659,0
flagship,28000,k_norm,decoder.layers.self_attention.k_layernorm.weight,16,128,1.38263085,1.8515625,4000,1.36732879,1,0,0.390620849,0.993544269,0
flagship,28000,k_norm,decoder.layers.self_attention.k_layernorm.weight,17,128,1.57393918,1.8671875,4000,1.50923733,1,0,0.52172914,0.995733395,0
flagship,28000,k_norm,decoder.layers.self_attention.k_layernorm.weight,18,128,1.55524302,1.921875,4000,1.52205006,1,0,0.577664458,0.979908692,0
flagship,28000,k_norm,decoder.layers.self_attention.k_layernorm.weight,19,128,1.61728955,1.9296875,4000,1.53603499,1,0,0.572868025,0.986704644,0
flagship,28000,k_norm,decoder.layers.self_attention.k_layernorm.weight,20,128,1.48124502,1.8203125,4000,1.45000558,1,0,0.499715171,0.983720672,0
flagship,28000,k_norm,decoder.layers.self_attention.k_layernorm.weight,21,128,1.49036645,1.8203125,4000,1.43990739,1,0,0.509365482,0.977104539,0
flagship,28000,k_norm,decoder.layers.self_attention.k_layernorm.weight,22,128,1.60597129,1.9375,4000,1.51402118,1,0,0.583988117,0.974629038,0
flagship,28000,k_norm,decoder.layers.self_attention.k_layernorm.weight,23,128,1.54587242,1.7890625,4000,1.4721237,1,0,0.496987921,0.991815837,0
flagship,28000,k_norm,decoder.layers.self_attention.k_layernorm.weight,24,128,1.51653229,1.7890625,4000,1.42350749,1,0,0.451430617,0.991418727,0
flagship,28000,k_norm,decoder.layers.self_attention.k_layernorm.weight,25,128,1.50025303,1.8984375,4000,1.43248134,1,0,0.530960372,0.966883058,0
flagship,28000,k_norm,decoder.layers.self_attention.k_layernorm.weight,26,128,1.38768197,1.7421875,4000,1.34558734,1,0,0.519046486,0.944270192,0
flagship,28000,k_norm,decoder.layers.self_attention.k_layernorm.weight,27,128,1.51660546,1.9453125,4000,1.42597713,1,0,0.521946861,0.968101869,0
flagship,28000,k_norm,decoder.layers.self_attention.k_layernorm.weight,28,128,1.35605229,1.7109375,4000,1.31066377,1,0,0.499781866,0.941529652,0
flagship,28000,k_norm,decoder.layers.self_attention.k_layernorm.weight,29,128,1.42519325,1.7578125,4000,1.3628808,1,0,0.516091234,0.950594474,0
flagship,28000,k_norm,decoder.layers.self_attention.k_layernorm.weight,30,128,1.43176196,1.734375,4000,1.36882817,1,0,0.458106908,0.973032511,0
flagship,28000,k_norm,decoder.layers.self_attention.k_layernorm.weight,31,128,1.3245472,1.65625,4000,1.29261238,1,0,0.419604213,0.965014381,0
flagship,28000,k_norm,decoder.layers.self_attention.k_layernorm.weight,32,128,1.45446253,1.7109375,4000,1.40917576,1,0,0.489049554,0.974543751,0
flagship,28000,k_norm,decoder.layers.self_attention.k_layernorm.weight,33,128,1.2960596,1.6875,4000,1.2600103,1,0,0.482982579,0.934259737,0
flagship,28000,k_norm,decoder.layers.self_attention.k_layernorm.weight,34,128,1.37601166,1.8125,4000,1.32895944,1,0,0.50989245,0.942896675,0
flagship,28000,k_norm,decoder.layers.self_attention.k_layernorm.weight,35,128,1.45779049,1.78125,4000,1.41674039,1,0,0.509627018,0.969632001,0
flagship,28000,k_norm,decoder.layers.self_attention.k_layernorm.weight,36,128,1.35382252,1.7890625,4000,1.32050922,1,0,0.448948496,0.962579361,0
flagship,28000,k_norm,decoder.layers.self_attention.k_layernorm.weight,37,128,1.22323907,1.6484375,4000,1.19827947,1,0,0.282423049,0.983122456,0
flagship,28000,k_norm,decoder.layers.self_attention.k_layernorm.weight,38,128,1.51958005,2,4000,1.47061029,1,0,0.493169698,0.992607723,0
flagship,28000,k_norm,decoder.layers.self_attention.k_layernorm.weight,39,128,1.32936375,1.7265625,4000,1.29934746,1,0,0.354609174,0.986093494,0
flagship,28000,k_norm,decoder.layers.self_attention.k_layernorm.weight,40,128,1.27383258,1.6640625,4000,1.24530453,1,0,0.368503827,0.969637644,0
flagship,28000,k_norm,decoder.layers.self_attention.k_layernorm.weight,41,128,1.27104946,1.640625,4000,1.23689936,1,0,0.333107063,0.977832066,0
flagship,28000,k_norm,decoder.layers.self_attention.k_layernorm.weight,42,128,1.19316611,1.5703125,4000,1.16634471,1,0,0.281135531,0.977979656,0
flagship,28000,k_norm,decoder.layers.self_attention.k_layernorm.weight,43,128,1.24262513,1.796875,4000,1.21185647,1,0,0.317389724,0.976955573,0
flagship,28000,k_norm,decoder.layers.self_attention.k_layernorm.weight,44,128,1.22368552,1.703125,4000,1.19166873,1,0,0.333271865,0.968811283,0
flagship,28000,k_norm,decoder.layers.self_attention.k_layernorm.weight,45,128,1.25423445,1.6953125,4000,1.19598311,1,0,0.398507659,0.94966527,0
flagship,28000,k_norm,decoder.layers.self_attention.k_layernorm.weight,46,128,1.30203054,1.8203125,4000,1.25144941,1,0,0.427509269,0.952240429,0
flagship,28000,k_norm,decoder.layers.self_attention.k_layernorm.weight,47,128,1.22790391,1.78125,4000,1.1971168,1,0,0.371299749,0.958647112,0
flagship,28000,k_norm,decoder.layers.self_attention.k_layernorm.weight,48,128,1.3884983,1.6796875,4000,1.28777979,1,0,0.412636671,0.966045512,0
flagship,28000,k_norm,decoder.layers.self_attention.k_layernorm.weight,49,128,1.25880727,1.6171875,4000,1.20856846,1,0,0.398350848,0.952347509,0
flagship,28000,k_norm,decoder.layers.self_attention.k_layernorm.weight,50,128,1.35886501,1.609375,4000,1.29119159,1,0,0.334357076,0.989543724,0
flagship,28000,k_norm,decoder.layers.self_attention.k_layernorm.weight,51,128,1.36666823,1.6953125,4000,1.29801098,1,0,0.421615471,0.9657364,0
flagship,28000,k_norm,decoder.layers.self_attention.k_layernorm.weight,52,128,1.39298618,1.8359375,4000,1.32560575,1,0,0.384702803,0.984166807,0
flagship,28000,k_norm,decoder.layers.self_attention.k_layernorm.weight,53,128,1.35688953,1.6796875,4000,1.2607773,1,0,0.400609333,0.963323007,0
flagship,28000,k_norm,decoder.layers.self_attention.k_layernorm.weight,54,128,1.30557256,1.6640625,4000,1.25129808,1,0,0.418468765,0.955260308,0
flagship,28000,k_norm,decoder.layers.self_attention.k_layernorm.weight,55,128,1.43404034,1.8828125,4000,1.31927014,1,0,0.357440516,0.990210384,0
flagship,28000,k_norm,decoder.layers.self_attention.k_layernorm.weight,56,128,1.42603415,1.8203125,4000,1.32835718,1,0,0.366363118,0.990061595,0
flagship,28000,k_norm,decoder.layers.self_attention.k_layernorm.weight,57,128,1.40404777,1.71875,4000,1.31263054,1,0,0.371407545,0.98468506,0
flagship,28000,k_norm,decoder.layers.self_attention.k_layernorm.weight,58,128,1.4705102,1.734375,4000,1.37292047,1,0,0.38098802,0.997784945,0
flagship,28000,k_norm,decoder.layers.self_attention.k_layernorm.weight,59,128,1.45040195,1.6640625,4000,1.32662258,1,0,0.338365844,0.997056762,0
flagship,28000,k_norm,decoder.layers.self_attention.k_layernorm.weight,60,128,1.37719071,1.6953125,4000,1.31378255,1,0,0.344013692,0.9924318,0
flagship,28000,k_norm,decoder.layers.self_attention.k_layernorm.weight,61,128,1.36764527,1.8203125,4000,1.29625449,1,0,0.314749311,0.995641132,0
flagship,28000,k_norm,decoder.layers.self_attention.k_layernorm.weight,62,128,1.29081782,1.5703125,4000,1.24007903,1,0,0.252666571,0.997499171,0
flagship,28000,k_norm,decoder.layers.self_attention.k_layernorm.weight,63,128,1.16391446,1.359375,4000,1.13764442,1,0,0.148907963,0.998581456,0
flagship,28000,pre_mlp_norm,decoder.layers.mlp.linear_fc1.layer_norm_weight,0,5120,0.654352768,0.84375,4000,0.668038359,1,0,0.339663297,0.996128497,0
flagship,28000,pre_mlp_norm,decoder.layers.mlp.linear_fc1.layer_norm_weight,1,5120,0.914440192,1.0390625,4000,0.929371259,1,0,0.100936567,0.997202533,0
flagship,28000,pre_mlp_norm,decoder.layers.mlp.linear_fc1.layer_norm_weight,2,5120,0.925659992,1.0078125,4000,0.937748408,1,0,0.083603924,0.99833945,0
flagship,28000,pre_mlp_norm,decoder.layers.mlp.linear_fc1.layer_norm_weight,3,5120,0.856283686,0.94140625,4000,0.874186778,1,0,0.134713623,0.998673743,0
flagship,28000,pre_mlp_norm,decoder.layers.mlp.linear_fc1.layer_norm_weight,4,5120,0.818464166,0.90625,4000,0.834447843,1,0,0.171164126,0.998867729,0
flagship,28000,pre_mlp_norm,decoder.layers.mlp.linear_fc1.layer_norm_weight,5,5120,0.727683131,0.9609375,4000,0.745151917,1,0,0.257442663,0.999108115,0
flagship,28000,pre_mlp_norm,decoder.layers.mlp.linear_fc1.layer_norm_weight,6,5120,0.66606517,0.7890625,4000,0.684228469,1,0,0.31779723,0.999062141,0
flagship,28000,pre_mlp_norm,decoder.layers.mlp.linear_fc1.layer_norm_weight,7,5120,0.645942576,0.7734375,4000,0.661690416,1,0,0.340259821,0.999000008,0
flagship,28000,pre_mlp_norm,decoder.layers.mlp.linear_fc1.layer_norm_weight,8,5120,0.65856394,0.7421875,4000,0.672517944,1,0,0.329382831,0.999071733,0
flagship,28000,pre_mlp_norm,decoder.layers.mlp.linear_fc1.layer_norm_weight,9,5120,0.676037933,0.75,4000,0.688193731,1,0,0.313731288,0.999125122,0
flagship,28000,pre_mlp_norm,decoder.layers.mlp.linear_fc1.layer_norm_weight,10,5120,0.672090375,0.75,4000,0.682317165,1,0,0.319530737,0.999137126,0
flagship,28000,pre_mlp_norm,decoder.layers.mlp.linear_fc1.layer_norm_weight,11,5120,0.677644032,0.75,4000,0.6861881,1,0,0.315534682,0.999209964,0
flagship,28000,pre_mlp_norm,decoder.layers.mlp.linear_fc1.layer_norm_weight,12,5120,0.687921462,0.765625,4000,0.695146206,1,0,0.306623604,0.999221604,0
flagship,28000,pre_mlp_norm,decoder.layers.mlp.linear_fc1.layer_norm_weight,13,5120,0.695768085,0.765625,4000,0.701599079,1,0,0.300108661,0.999271593,0
flagship,28000,pre_mlp_norm,decoder.layers.mlp.linear_fc1.layer_norm_weight,14,5120,0.690624953,0.76953125,4000,0.695138927,1,0,0.306440425,0.999305563,0
flagship,28000,pre_mlp_norm,decoder.layers.mlp.linear_fc1.layer_norm_weight,15,5120,0.686343022,0.75390625,4000,0.689496428,1,0,0.31191062,0.999364923,0
flagship,28000,pre_mlp_norm,decoder.layers.mlp.linear_fc1.layer_norm_weight,16,5120,0.668843752,0.7421875,4000,0.670854737,1,0,0.330358526,0.999403633,0
flagship,28000,pre_mlp_norm,decoder.layers.mlp.linear_fc1.layer_norm_weight,17,5120,0.645389437,0.7109375,4000,0.646195957,1,0,0.354826355,0.999439457,0
flagship,28000,pre_mlp_norm,decoder.layers.mlp.linear_fc1.layer_norm_weight,18,5120,0.642451629,0.70703125,4000,0.642217457,1,0,0.358793212,0.999436156,0
flagship,28000,pre_mlp_norm,decoder.layers.mlp.linear_fc1.layer_norm_weight,19,5120,0.649836218,0.71875,4000,0.648293894,1,0,0.352706052,0.999456747,0
flagship,28000,pre_mlp_norm,decoder.layers.mlp.linear_fc1.layer_norm_weight,20,5120,0.661389413,0.7265625,4000,0.658807041,1,0,0.342168135,0.99949424,0
flagship,28000,pre_mlp_norm,decoder.layers.mlp.linear_fc1.layer_norm_weight,21,5120,0.662529795,0.7265625,4000,0.658713735,1,0,0.342272213,0.999488432,0
flagship,28000,pre_mlp_norm,decoder.layers.mlp.linear_fc1.layer_norm_weight,22,5120,0.662820312,0.74609375,4000,0.65793001,1,0,0.343132187,0.999446887,0
flagship,28000,pre_mlp_norm,decoder.layers.mlp.linear_fc1.layer_norm_weight,23,5120,0.666897525,0.7265625,4000,0.660832124,1,0,0.340225699,0.999456234,0
flagship,28000,pre_mlp_norm,decoder.layers.mlp.linear_fc1.layer_norm_weight,24,5120,0.675886557,0.73828125,4000,0.668627172,1,0,0.332510154,0.999435371,0
flagship,28000,pre_mlp_norm,decoder.layers.mlp.linear_fc1.layer_norm_weight,25,5120,0.694146145,0.75390625,4000,0.685479646,1,0,0.315771808,0.99942465,0
flagship,28000,pre_mlp_norm,decoder.layers.mlp.linear_fc1.layer_norm_weight,26,5120,0.705945906,0.77734375,4000,0.695884687,1,0,0.305431366,0.999423613,0
flagship,28000,pre_mlp_norm,decoder.layers.mlp.linear_fc1.layer_norm_weight,27,5120,0.722210558,0.7890625,4000,0.710682835,1,0,0.290790461,0.999398699,0
flagship,28000,pre_mlp_norm,decoder.layers.mlp.linear_fc1.layer_norm_weight,28,5120,0.736658901,0.80078125,4000,0.723687263,1,0,0.277887687,0.999396952,0
flagship,28000,pre_mlp_norm,decoder.layers.mlp.linear_fc1.layer_norm_weight,29,5120,0.750804486,0.83203125,4000,0.736161324,1,0,0.265515182,0.999397235,0
flagship,28000,pre_mlp_norm,decoder.layers.mlp.linear_fc1.layer_norm_weight,30,5120,0.770828918,0.8359375,4000,0.754549113,1,0,0.247103125,0.999460727,0
flagship,28000,pre_mlp_norm,decoder.layers.mlp.linear_fc1.layer_norm_weight,31,5120,0.790219274,0.84765625,4000,0.772216309,1,0,0.229693735,0.999434225,0
flagship,28000,pre_mlp_norm,decoder.layers.mlp.linear_fc1.layer_norm_weight,32,5120,0.805610593,0.859375,4000,0.785888992,1,0,0.216263733,0.999410555,0
flagship,28000,pre_mlp_norm,decoder.layers.mlp.linear_fc1.layer_norm_weight,33,5120,0.823663233,0.875,4000,0.80201908,1,0,0.200440454,0.999389085,0
flagship,28000,pre_mlp_norm,decoder.layers.mlp.linear_fc1.layer_norm_weight,34,5120,0.845880049,0.90625,4000,0.822154799,1,0,0.180656256,0.999387119,0
flagship,28000,pre_mlp_norm,decoder.layers.mlp.linear_fc1.layer_norm_weight,35,5120,0.869126175,0.9375,4000,0.84333194,1,0,0.16002361,0.999369954,0
flagship,28000,pre_mlp_norm,decoder.layers.mlp.linear_fc1.layer_norm_weight,36,5120,0.889540675,0.9375,4000,0.861555575,1,0,0.142428068,0.999350654,0
flagship,28000,pre_mlp_norm,decoder.layers.mlp.linear_fc1.layer_norm_weight,37,5120,0.906626926,0.95703125,4000,0.876601272,1,0,0.128259889,0.999302218,0
flagship,28000,pre_mlp_norm,decoder.layers.mlp.linear_fc1.layer_norm_weight,38,5120,0.92145712,0.9765625,4000,0.889352834,1,0,0.116407392,0.999264698,0
flagship,28000,pre_mlp_norm,decoder.layers.mlp.linear_fc1.layer_norm_weight,39,5120,0.93345958,0.9921875,4000,0.899283636,1,0,0.107487234,0.999216198,0
flagship,28000,pre_mlp_norm,decoder.layers.mlp.linear_fc1.layer_norm_weight,40,5120,0.945711085,1,4000,0.909607455,1,0,0.0984681522,0.999161636,0
flagship,28000,pre_mlp_norm,decoder.layers.mlp.linear_fc1.layer_norm_weight,41,5120,0.956491077,1.0078125,4000,0.917625331,1,0,0.0917069216,0.999114795,0
flagship,28000,pre_mlp_norm,decoder.layers.mlp.linear_fc1.layer_norm_weight,42,5120,0.966126295,1.015625,4000,0.926284315,1,0,0.0846966048,0.999061026,0
flagship,28000,pre_mlp_norm,decoder.layers.mlp.linear_fc1.layer_norm_weight,43,5120,0.9752585,1.03125,4000,0.933185335,1,0,0.0792637437,0.999025627,0
flagship,28000,pre_mlp_norm,decoder.layers.mlp.linear_fc1.layer_norm_weight,44,5120,0.982269683,1.0625,4000,0.93884538,1,0,0.0753969307,0.998964255,0
flagship,28000,pre_mlp_norm,decoder.layers.mlp.linear_fc1.layer_norm_weight,45,5120,0.988611005,1.0625,4000,0.944302031,1,0,0.071846948,0.998909395,0
flagship,28000,pre_mlp_norm,decoder.layers.mlp.linear_fc1.layer_norm_weight,46,5120,0.995734773,1.0859375,4000,0.950003296,1,0,0.0683980055,0.998853364,0
flagship,28000,pre_mlp_norm,decoder.layers.mlp.linear_fc1.layer_norm_weight,47,5120,1.00100656,1.078125,4000,0.954628502,1,0,0.0657238217,0.998815744,0
flagship,28000,pre_mlp_norm,decoder.layers.mlp.linear_fc1.layer_norm_weight,48,5120,1.0054838,1.0859375,4000,0.958421554,1,0,0.0643003916,0.998744929,0
flagship,28000,pre_mlp_norm,decoder.layers.mlp.linear_fc1.layer_norm_weight,49,5120,1.01399556,1.09375,4000,0.966355389,1,0,0.0601339324,0.998714691,0
flagship,28000,pre_mlp_norm,decoder.layers.mlp.linear_fc1.layer_norm_weight,50,5120,1.0183572,1.1171875,4000,0.971131956,1,0,0.058461672,0.998669386,0
flagship,28000,pre_mlp_norm,decoder.layers.mlp.linear_fc1.layer_norm_weight,51,5120,1.02403685,1.1328125,4000,0.976965071,1,0,0.0566808879,0.998627323,0
flagship,28000,pre_mlp_norm,decoder.layers.mlp.linear_fc1.layer_norm_weight,52,5120,1.02661686,1.15625,4000,0.980657372,1,0,0.0556174103,0.998613604,0
flagship,28000,pre_mlp_norm,decoder.layers.mlp.linear_fc1.layer_norm_weight,53,5120,1.03187744,1.1796875,4000,0.987600249,1,0,0.0529513582,0.998658317,0
flagship,28000,pre_mlp_norm,decoder.layers.mlp.linear_fc1.layer_norm_weight,54,5120,1.03871569,1.203125,4000,0.996794778,1,0,0.0512403765,0.998688144,0
flagship,28000,pre_mlp_norm,decoder.layers.mlp.linear_fc1.layer_norm_weight,55,5120,1.03723862,1.25,4000,0.998315679,1,0,0.0513552773,0.998680514,0
flagship,28000,pre_mlp_norm,decoder.layers.mlp.linear_fc1.layer_norm_weight,56,5120,1.04040238,1.3125,4000,1.00461712,1,0,0.0501257775,0.998760087,0
flagship,28000,pre_mlp_norm,decoder.layers.mlp.linear_fc1.layer_norm_weight,57,5120,1.04867523,1.3671875,4000,1.01684254,1,0,0.0519172302,0.998814109,0
flagship,28000,pre_mlp_norm,decoder.layers.mlp.linear_fc1.layer_norm_weight,58,5120,1.05341698,1.421875,4000,1.02608766,1,0,0.0541768941,0.998901375,0
flagship,28000,pre_mlp_norm,decoder.layers.mlp.linear_fc1.layer_norm_weight,59,5120,1.0576782,1.4609375,4000,1.0354297,1,0,0.0588152163,0.998935724,0
flagship,28000,pre_mlp_norm,decoder.layers.mlp.linear_fc1.layer_norm_weight,60,5120,1.07053629,1.5,4000,1.05411692,1,0,0.0716938233,0.998951083,0
flagship,28000,pre_mlp_norm,decoder.layers.mlp.linear_fc1.layer_norm_weight,61,5120,1.09610144,1.5078125,4000,1.08454696,1,0,0.0951979018,0.999117396,0
flagship,28000,pre_mlp_norm,decoder.layers.mlp.linear_fc1.layer_norm_weight,62,5120,1.107952,1.484375,4000,1.10236044,1,0,0.108393781,0.999423259,0
flagship,28000,pre_mlp_norm,decoder.layers.mlp.linear_fc1.layer_norm_weight,63,5120,1.09240667,1.2890625,4000,1.09275472,1,0,0.0976776251,0.999571047,0
flagship,28000,q_norm,decoder.layers.self_attention.q_layernorm.weight,0,128,1.07242068,1.4609375,4000,1.11129902,1,0,0.227913824,0.982202251,0
flagship,28000,q_norm,decoder.layers.self_attention.q_layernorm.weight,1,128,1.46161819,1.859375,4000,1.35337372,1,0,0.363698542,0.997264745,0
flagship,28000,q_norm,decoder.layers.self_attention.q_layernorm.weight,2,128,1.46411001,1.765625,4000,1.29758834,1,0,0.316419461,0.995544638,0
flagship,28000,q_norm,decoder.layers.self_attention.q_layernorm.weight,3,128,1.56443621,1.8359375,4000,1.36748037,1,0,0.383921506,0.995482969,0
flagship,28000,q_norm,decoder.layers.self_attention.q_layernorm.weight,4,128,1.48139446,1.7109375,4000,1.3309362,1,0,0.350031898,0.995114881,0
flagship,28000,q_norm,decoder.layers.self_attention.q_layernorm.weight,5,128,1.45973621,1.6875,4000,1.2987819,1,0,0.314997777,0.996168341,0
flagship,28000,q_norm,decoder.layers.self_attention.q_layernorm.weight,6,128,1.68229934,1.9921875,4000,1.44989478,1,0,0.47324911,0.992565179,0
flagship,28000,q_norm,decoder.layers.self_attention.q_layernorm.weight,7,128,1.60934452,1.9609375,4000,1.39602425,1,0,0.449293966,0.983872107,0
flagship,28000,q_norm,decoder.layers.self_attention.q_layernorm.weight,8,128,1.56616612,1.78125,4000,1.43797788,1,0,0.463843067,0.991889387,0
flagship,28000,q_norm,decoder.layers.self_attention.q_layernorm.weight,9,128,1.52203951,1.7890625,4000,1.45606507,1,0,0.474672093,0.994053064,0
flagship,28000,q_norm,decoder.layers.self_attention.q_layernorm.weight,10,128,1.57038037,1.8125,4000,1.52052126,1,0,0.529262561,0.996982458,0
flagship,28000,q_norm,decoder.layers.self_attention.q_layernorm.weight,11,128,1.57859165,1.8125,4000,1.5327775,1,0,0.545400762,0.995560306,0
flagship,28000,q_norm,decoder.layers.self_attention.q_layernorm.weight,12,128,1.51423455,1.8125,4000,1.46083033,1,0,0.469979928,0.997085037,0
flagship,28000,q_norm,decoder.layers.self_attention.q_layernorm.weight,13,128,1.47325476,1.6484375,4000,1.43274007,1,0,0.45666256,0.992574812,0
flagship,28000,q_norm,decoder.layers.self_attention.q_layernorm.weight,14,128,1.40997199,1.703125,4000,1.40291281,1,0,0.418776087,0.995354424,0
flagship,28000,q_norm,decoder.layers.self_attention.q_layernorm.weight,15,128,1.54363941,1.8203125,4000,1.51475334,1,0,0.524005755,0.996827528,0
flagship,28000,q_norm,decoder.layers.self_attention.q_layernorm.weight,16,128,1.39225528,1.6875,4000,1.3781081,1,0,0.388214465,0.997190086,0
flagship,28000,q_norm,decoder.layers.self_attention.q_layernorm.weight,17,128,1.58635913,1.8515625,4000,1.52157798,1,0,0.5333166,0.995930867,0
flagship,28000,q_norm,decoder.layers.self_attention.q_layernorm.weight,18,128,1.57570354,1.828125,4000,1.54300279,1,0,0.580993989,0.9861627,0
flagship,28000,q_norm,decoder.layers.self_attention.q_layernorm.weight,19,128,1.64109284,1.8984375,4000,1.55934335,1,0,0.584098614,0.990923678,0
flagship,28000,q_norm,decoder.layers.self_attention.q_layernorm.weight,20,128,1.50373297,1.8203125,4000,1.47303471,1,0,0.510565669,0.987469584,0
flagship,28000,q_norm,decoder.layers.self_attention.q_layernorm.weight,21,128,1.51236801,1.84375,4000,1.46268019,1,0,0.516828948,0.981869172,0
flagship,28000,q_norm,decoder.layers.self_attention.q_layernorm.weight,22,128,1.62935298,1.9609375,4000,1.53639527,1,0,0.604835503,0.974581381,0
flagship,28000,q_norm,decoder.layers.self_attention.q_layernorm.weight,23,128,1.5622473,1.890625,4000,1.48790245,1,0,0.50519124,0.994230343,0
flagship,28000,q_norm,decoder.layers.self_attention.q_layernorm.weight,24,128,1.53697404,1.796875,4000,1.43980276,1,0,0.456538137,0.994790744,0
flagship,28000,q_norm,decoder.layers.self_attention.q_layernorm.weight,25,128,1.5279042,1.828125,4000,1.45830527,1,0,0.539542014,0.972206824,0
flagship,28000,q_norm,decoder.layers.self_attention.q_layernorm.weight,26,128,1.40610133,1.796875,4000,1.36504747,1,0,0.52562968,0.947611016,0
flagship,28000,q_norm,decoder.layers.self_attention.q_layernorm.weight,27,128,1.54642097,1.9453125,4000,1.45419164,1,0,0.524918123,0.976189868,0
flagship,28000,q_norm,decoder.layers.self_attention.q_layernorm.weight,28,128,1.37374507,1.71875,4000,1.328859,1,0,0.500353174,0.946493551,0
flagship,28000,q_norm,decoder.layers.self_attention.q_layernorm.weight,29,128,1.45551292,1.8125,4000,1.39258472,1,0,0.521537403,0.957676364,0
flagship,28000,q_norm,decoder.layers.self_attention.q_layernorm.weight,30,128,1.45251656,1.765625,4000,1.38987087,1,0,0.450059567,0.981813306,0
flagship,28000,q_norm,decoder.layers.self_attention.q_layernorm.weight,31,128,1.34246695,1.625,4000,1.31119042,1,0,0.417451838,0.970474709,0
flagship,28000,q_norm,decoder.layers.self_attention.q_layernorm.weight,32,128,1.48215937,1.7578125,4000,1.43740215,1,0,0.488729954,0.983464502,0
flagship,28000,q_norm,decoder.layers.self_attention.q_layernorm.weight,33,128,1.31830887,1.6875,4000,1.28292364,1,0,0.484046544,0.939881351,0
flagship,28000,q_norm,decoder.layers.self_attention.q_layernorm.weight,34,128,1.39312997,1.796875,4000,1.34702578,1,0,0.490131247,0.955531011,0
flagship,28000,q_norm,decoder.layers.self_attention.q_layernorm.weight,35,128,1.49495489,1.765625,4000,1.45407273,1,0,0.499987143,0.984937102,0
flagship,28000,q_norm,decoder.layers.self_attention.q_layernorm.weight,36,128,1.3730216,1.71875,4000,1.34039591,1,0,0.436982118,0.971991858,0
flagship,28000,q_norm,decoder.layers.self_attention.q_layernorm.weight,37,128,1.22566652,1.546875,4000,1.20190274,1,0,0.28050628,0.984225406,0
flagship,28000,q_norm,decoder.layers.self_attention.q_layernorm.weight,38,128,1.54046907,1.9921875,4000,1.49223213,1,0,0.507070739,0.995031518,0
flagship,28000,q_norm,decoder.layers.self_attention.q_layernorm.weight,39,128,1.33776427,1.7109375,4000,1.30882583,1,0,0.347117676,0.990404649,0
flagship,28000,q_norm,decoder.layers.self_attention.q_layernorm.weight,40,128,1.28620928,1.6328125,4000,1.25778809,1,0,0.364420075,0.973625407,0
flagship,28000,q_norm,decoder.layers.self_attention.q_layernorm.weight,41,128,1.2784221,1.6171875,4000,1.24541958,1,0,0.3366422,0.978683005,0
flagship,28000,q_norm,decoder.layers.self_attention.q_layernorm.weight,42,128,1.19347365,1.5703125,4000,1.16794673,1,0,0.281950052,0.978042779,0
flagship,28000,q_norm,decoder.layers.self_attention.q_layernorm.weight,43,128,1.24867713,1.6875,4000,1.21899967,1,0,0.299408064,0.982902236,0
flagship,28000,q_norm,decoder.layers.self_attention.q_layernorm.weight,44,128,1.22827185,1.625,4000,1.19724593,1,0,0.331711578,0.970295738,0
flagship,28000,q_norm,decoder.layers.self_attention.q_layernorm.weight,45,128,1.27083904,1.703125,4000,1.21328152,1,0,0.394126257,0.954731654,0
flagship,28000,q_norm,decoder.layers.self_attention.q_layernorm.weight,46,128,1.31311626,1.6484375,4000,1.2625709,1,0,0.411026245,0.960398622,0
flagship,28000,q_norm,decoder.layers.self_attention.q_layernorm.weight,47,128,1.24302868,1.640625,4000,1.21110626,1,0,0.373504666,0.960804478,0
flagship,28000,q_norm,decoder.layers.self_attention.q_layernorm.weight,48,128,1.41104386,1.6875,4000,1.30863662,1,0,0.401770074,0.974720778,0
flagship,28000,q_norm,decoder.layers.self_attention.q_layernorm.weight,49,128,1.27907331,1.6640625,4000,1.22733827,1,0,0.402295347,0.955122863,0
flagship,28000,q_norm,decoder.layers.self_attention.q_layernorm.weight,50,128,1.3662102,1.6328125,4000,1.29803121,1,0,0.33179758,0.991807966,0
flagship,28000,q_norm,decoder.layers.self_attention.q_layernorm.weight,51,128,1.40021464,1.703125,4000,1.32655499,1,0,0.405196753,0.97830989,0
flagship,28000,q_norm,decoder.layers.self_attention.q_layernorm.weight,52,128,1.40723389,1.765625,4000,1.33822613,1,0,0.371281333,0.991237315,0
flagship,28000,q_norm,decoder.layers.self_attention.q_layernorm.weight,53,128,1.36875545,1.6640625,4000,1.27045581,1,0,0.398114983,0.96641001,0
flagship,28000,q_norm,decoder.layers.self_attention.q_layernorm.weight,54,128,1.31610444,1.640625,4000,1.26021493,1,0,0.411291203,0.959749468,0
flagship,28000,q_norm,decoder.layers.self_attention.q_layernorm.weight,55,128,1.45458845,1.8671875,4000,1.33235675,1,0,0.351638706,0.995050586,0
flagship,28000,q_norm,decoder.layers.self_attention.q_layernorm.weight,56,128,1.44421683,1.7265625,4000,1.34160391,1,0,0.362327869,0.99456313,0
flagship,28000,q_norm,decoder.layers.self_attention.q_layernorm.weight,57,128,1.4142934,1.765625,4000,1.32018668,1,0,0.374325152,0.985759662,0
flagship,28000,q_norm,decoder.layers.self_attention.q_layernorm.weight,58,128,1.49212614,1.7265625,4000,1.38801638,1,0,0.395354362,0.99792929,0
flagship,28000,q_norm,decoder.layers.self_attention.q_layernorm.weight,59,128,1.46473681,1.796875,4000,1.33423945,1,0,0.345603839,0.997104718,0
flagship,28000,q_norm,decoder.layers.self_attention.q_layernorm.weight,60,128,1.40464827,1.703125,4000,1.33899524,1,0,0.354346746,0.996025439,0
flagship,28000,q_norm,decoder.layers.self_attention.q_layernorm.weight,61,128,1.3881538,1.78125,4000,1.31344533,1,0,0.330802281,0.995743188,0
flagship,28000,q_norm,decoder.layers.self_attention.q_layernorm.weight,62,128,1.30585724,1.65625,4000,1.25278519,1,0,0.265310597,0.997410026,0
flagship,28000,q_norm,decoder.layers.self_attention.q_layernorm.weight,63,128,1.16644622,1.3828125,4000,1.14063975,1,0,0.151689444,0.998584062,0
flagship,32000,attention_input_norm,decoder.layers.self_attention.linear_qkv.layer_norm_weight,0,5120,0.355559812,0.890625,4000,0.360290341,1,0,0.651632175,0.978633837,0
flagship,32000,attention_input_norm,decoder.layers.self_attention.linear_qkv.layer_norm_weight,1,5120,0.597753191,0.86328125,4000,0.603758236,1,0,0.398196334,0.998714067,0
flagship,32000,attention_input_norm,decoder.layers.self_attention.linear_qkv.layer_norm_weight,2,5120,0.785267981,0.90234375,4000,0.784482588,1,0,0.220007418,0.998753631,0
flagship,32000,attention_input_norm,decoder.layers.self_attention.linear_qkv.layer_norm_weight,3,5120,0.885954521,1.015625,4000,0.880831639,1,0,0.125585966,0.999108378,0
flagship,32000,attention_input_norm,decoder.layers.self_attention.linear_qkv.layer_norm_weight,4,5120,0.891520288,1.03125,4000,0.891491092,1,0,0.115614474,0.99910682,0
flagship,32000,attention_input_norm,decoder.layers.self_attention.linear_qkv.layer_norm_weight,5,5120,0.977457427,1.09375,4000,0.973521664,1,0,0.047287782,0.999211609,0
flagship,32000,attention_input_norm,decoder.layers.self_attention.linear_qkv.layer_norm_weight,6,5120,1.04230405,1.1875,4000,1.0361615,1,0,0.0558178168,0.999127561,0
flagship,32000,attention_input_norm,decoder.layers.self_attention.linear_qkv.layer_norm_weight,7,5120,1.14027788,1.2734375,4000,1.12687283,1,0,0.13241045,0.999362921,0
flagship,32000,attention_input_norm,decoder.layers.self_attention.linear_qkv.layer_norm_weight,8,5120,1.09546491,1.234375,4000,1.10601482,1,0,0.116039711,0.998993652,0
flagship,32000,attention_input_norm,decoder.layers.self_attention.linear_qkv.layer_norm_weight,9,5120,1.00795536,1.140625,4000,1.02261141,1,0,0.050285271,0.999013637,0
flagship,32000,attention_input_norm,decoder.layers.self_attention.linear_qkv.layer_norm_weight,10,5120,1.04094611,1.203125,4000,1.05734058,1,0,0.0712012089,0.999157476,0
flagship,32000,attention_input_norm,decoder.layers.self_attention.linear_qkv.layer_norm_weight,11,5120,1.07293368,1.21875,4000,1.09026731,1,0,0.101962526,0.998968982,0
flagship,32000,attention_input_norm,decoder.layers.self_attention.linear_qkv.layer_norm_weight,12,5120,1.01734781,1.171875,4000,1.03374818,1,0,0.0502595113,0.999329102,0
flagship,32000,attention_input_norm,decoder.layers.self_attention.linear_qkv.layer_norm_weight,13,5120,1.02548412,1.15625,4000,1.04219173,1,0,0.0587097444,0.999200391,0
flagship,32000,attention_input_norm,decoder.layers.self_attention.linear_qkv.layer_norm_weight,14,5120,0.975152443,1.0859375,4000,0.992268241,1,0,0.0391458032,0.999257956,0
flagship,32000,attention_input_norm,decoder.layers.self_attention.linear_qkv.layer_norm_weight,15,5120,1.09638948,1.2421875,4000,1.11527093,1,0,0.122551557,0.999223732,0
flagship,32000,attention_input_norm,decoder.layers.self_attention.linear_qkv.layer_norm_weight,16,5120,1.0568012,1.1875,4000,1.07526095,1,0,0.0829548866,0.99943395,0
flagship,32000,attention_input_norm,decoder.layers.self_attention.linear_qkv.layer_norm_weight,17,5120,1.23000576,1.390625,4000,1.2499622,1,0,0.252654397,0.999458727,0
flagship,32000,attention_input_norm,decoder.layers.self_attention.linear_qkv.layer_norm_weight,18,5120,1.15764924,1.3359375,4000,1.17796428,1,0,0.183057007,0.999219592,0
flagship,32000,attention_input_norm,decoder.layers.self_attention.linear_qkv.layer_norm_weight,19,5120,1.25623031,1.3984375,4000,1.27397838,1,0,0.276749046,0.999401136,0
flagship,32000,attention_input_norm,decoder.layers.self_attention.linear_qkv.layer_norm_weight,20,5120,1.12220626,1.2421875,4000,1.14199218,1,0,0.146956515,0.999371959,0
flagship,32000,attention_input_norm,decoder.layers.self_attention.linear_qkv.layer_norm_weight,21,5120,1.09460774,1.3046875,4000,1.11318741,1,0,0.117771973,0.999524408,0
flagship,32000,attention_input_norm,decoder.layers.self_attention.linear_qkv.layer_norm_weight,22,5120,1.341353,1.4765625,4000,1.35673627,1,0,0.358747044,0.999469802,0
flagship,32000,attention_input_norm,decoder.layers.self_attention.linear_qkv.layer_norm_weight,23,5120,1.3208713,1.453125,4000,1.34100573,1,0,0.342833921,0.999533862,0
flagship,32000,attention_input_norm,decoder.layers.self_attention.linear_qkv.layer_norm_weight,24,5120,1.27230562,1.4140625,4000,1.2848473,1,0,0.287021017,0.999516253,0
flagship,32000,attention_input_norm,decoder.layers.self_attention.linear_qkv.layer_norm_weight,25,5120,1.18581647,1.3046875,4000,1.20324828,1,0,0.206958874,0.999367498,0
flagship,32000,attention_input_norm,decoder.layers.self_attention.linear_qkv.layer_norm_weight,26,5120,1.13791679,1.2734375,4000,1.15775991,1,0,0.162843516,0.999296131,0
flagship,32000,attention_input_norm,decoder.layers.self_attention.linear_qkv.layer_norm_weight,27,5120,1.33976245,1.5234375,4000,1.3510731,1,0,0.353726391,0.999307944,0
flagship,32000,attention_input_norm,decoder.layers.self_attention.linear_qkv.layer_norm_weight,28,5120,1.2256874,1.375,4000,1.24650063,1,0,0.251666092,0.998967806,0
flagship,32000,attention_input_norm,decoder.layers.self_attention.linear_qkv.layer_norm_weight,29,5120,1.26001979,1.421875,4000,1.27914791,1,0,0.28303172,0.999146543,0
flagship,32000,attention_input_norm,decoder.layers.self_attention.linear_qkv.layer_norm_weight,30,5120,1.35720112,1.5234375,4000,1.37866011,1,0,0.381950748,0.999092271,0
flagship,32000,attention_input_norm,decoder.layers.self_attention.linear_qkv.layer_norm_weight,31,5120,1.07513097,1.1953125,4000,1.09496873,1,0,0.103450808,0.99923148,0
flagship,32000,attention_input_norm,decoder.layers.self_attention.linear_qkv.layer_norm_weight,32,5120,1.16174133,1.2890625,4000,1.18239505,1,0,0.187272066,0.999237618,0
flagship,32000,attention_input_norm,decoder.layers.self_attention.linear_qkv.layer_norm_weight,33,5120,1.15646401,1.3203125,4000,1.17760975,1,0,0.184928627,0.998873407,0
flagship,32000,attention_input_norm,decoder.layers.self_attention.linear_qkv.layer_norm_weight,34,5120,1.27245584,1.453125,4000,1.2943291,1,0,0.298852487,0.998963482,0
flagship,32000,attention_input_norm,decoder.layers.self_attention.linear_qkv.layer_norm_weight,35,5120,1.1966908,1.34375,4000,1.21839271,1,0,0.223349726,0.999101389,0
flagship,32000,attention_input_norm,decoder.layers.self_attention.linear_qkv.layer_norm_weight,36,5120,1.05609688,1.203125,4000,1.07556292,1,0,0.0889188258,0.998978766,0
flagship,32000,attention_input_norm,decoder.layers.self_attention.linear_qkv.layer_norm_weight,37,5120,0.845914223,0.9609375,4000,0.861831322,1,0,0.143613632,0.999109865,0
flagship,32000,attention_input_norm,decoder.layers.self_attention.linear_qkv.layer_norm_weight,38,5120,1.03634425,1.171875,4000,1.05529406,1,0,0.066801686,0.999334293,0
flagship,32000,attention_input_norm,decoder.layers.self_attention.linear_qkv.layer_norm_weight,39,5120,0.875233872,0.9921875,4000,0.891559951,1,0,0.115265227,0.999143732,0
flagship,32000,attention_input_norm,decoder.layers.self_attention.linear_qkv.layer_norm_weight,40,5120,0.947710479,1.078125,4000,0.965000624,1,0,0.0555127871,0.999037973,0
flagship,32000,attention_input_norm,decoder.layers.self_attention.linear_qkv.layer_norm_weight,41,5120,0.907678684,1.0234375,4000,0.924276856,1,0,0.0868599911,0.999020497,0
flagship,32000,attention_input_norm,decoder.layers.self_attention.linear_qkv.layer_norm_weight,42,5120,0.861617672,1,4000,0.877272405,1,0,0.129948288,0.998960132,0
flagship,32000,attention_input_norm,decoder.layers.self_attention.linear_qkv.layer_norm_weight,43,5120,0.889387748,1.0078125,4000,0.905095747,1,0,0.10404462,0.998995429,0
flagship,32000,attention_input_norm,decoder.layers.self_attention.linear_qkv.layer_norm_weight,44,5120,0.927301654,1.0625,4000,0.943395235,1,0,0.0719624662,0.998953515,0
flagship,32000,attention_input_norm,decoder.layers.self_attention.linear_qkv.layer_norm_weight,45,5120,1.01837523,1.15625,4000,1.03339608,1,0,0.0562795485,0.999007114,0
flagship,32000,attention_input_norm,decoder.layers.self_attention.linear_qkv.layer_norm_weight,46,5120,1.05400259,1.1796875,4000,1.06609263,1,0,0.0801843723,0.999033247,0
flagship,32000,attention_input_norm,decoder.layers.self_attention.linear_qkv.layer_norm_weight,47,5120,0.972143501,1.0859375,4000,0.986485408,1,0,0.0453311391,0.999051041,0
flagship,32000,attention_input_norm,decoder.layers.self_attention.linear_qkv.layer_norm_weight,48,5120,1.1525323,1.296875,4000,1.1628375,1,0,0.170359304,0.99892236,0
flagship,32000,attention_input_norm,decoder.layers.self_attention.linear_qkv.layer_norm_weight,49,5120,1.12313226,1.28125,4000,1.12739671,1,0,0.137036758,0.998869453,0
flagship,32000,attention_input_norm,decoder.layers.self_attention.linear_qkv.layer_norm_weight,50,5120,1.04512996,1.1640625,4000,1.05791583,1,0,0.0730222948,0.999065138,0
flagship,32000,attention_input_norm,decoder.layers.self_attention.linear_qkv.layer_norm_weight,51,5120,1.11981672,1.2578125,4000,1.13302396,1,0,0.144033584,0.998653912,0
flagship,32000,attention_input_norm,decoder.layers.self_attention.linear_qkv.layer_norm_weight,52,5120,1.08696076,1.203125,4000,1.10016766,1,0,0.110312191,0.999029594,0
flagship,32000,attention_input_norm,decoder.layers.self_attention.linear_qkv.layer_norm_weight,53,5120,1.21407072,1.359375,4000,1.22170205,1,0,0.230936107,0.9982894,0
flagship,32000,attention_input_norm,decoder.layers.self_attention.linear_qkv.layer_norm_weight,54,5120,1.13867649,1.28125,4000,1.14923984,1,0,0.161429018,0.998352477,0
flagship,32000,attention_input_norm,decoder.layers.self_attention.linear_qkv.layer_norm_weight,55,5120,1.21237645,1.359375,4000,1.21598141,1,0,0.223132636,0.998708778,0
flagship,32000,attention_input_norm,decoder.layers.self_attention.linear_qkv.layer_norm_weight,56,5120,1.20987993,1.3671875,4000,1.21858304,1,0,0.226911253,0.998477668,0
flagship,32000,attention_input_norm,decoder.layers.self_attention.linear_qkv.layer_norm_weight,57,5120,1.18810524,1.390625,4000,1.18998262,1,0,0.202453081,0.997943728,0
flagship,32000,attention_input_norm,decoder.layers.self_attention.linear_qkv.layer_norm_weight,58,5120,1.22533589,1.3828125,4000,1.22910161,1,0,0.237226285,0.998458726,0
flagship,32000,attention_input_norm,decoder.layers.self_attention.linear_qkv.layer_norm_weight,59,5120,1.15499748,1.296875,4000,1.15608382,1,0,0.16842999,0.99826721,0
flagship,32000,attention_input_norm,decoder.layers.self_attention.linear_qkv.layer_norm_weight,60,5120,1.07564075,1.203125,4000,1.08109802,1,0,0.0968351772,0.998704945,0
flagship,32000,attention_input_norm,decoder.layers.self_attention.linear_qkv.layer_norm_weight,61,5120,1.07966973,1.2734375,4000,1.08160338,1,0,0.0978021621,0.998656554,0
flagship,32000,attention_input_norm,decoder.layers.self_attention.linear_qkv.layer_norm_weight,62,5120,1.01351608,1.1171875,4000,1.01806598,1,0,0.0353644056,0.99954607,0
flagship,32000,attention_input_norm,decoder.layers.self_attention.linear_qkv.layer_norm_weight,63,5120,0.973852277,1.0859375,4000,0.977769459,1,0,0.0330894691,0.999692813,0
flagship,32000,final_norm,decoder.final_layernorm.weight,-1,5120,1.72472618,5.3125,4000,1.55807964,1,0,0.573935125,0.994240142,0
flagship,32000,k_norm,decoder.layers.self_attention.k_layernorm.weight,0,128,1.08876398,1.6640625,4000,1.12751648,1,0,0.26106365,0.976987575,0
flagship,32000,k_norm,decoder.layers.self_attention.k_layernorm.weight,1,128,1.4677187,1.71875,4000,1.35940012,1,0,0.368707086,0.997507552,0
flagship,32000,k_norm,decoder.layers.self_attention.k_layernorm.weight,2,128,1.46057696,1.8046875,4000,1.29757853,1,0,0.32224416,0.994108905,0
flagship,32000,k_norm,decoder.layers.self_attention.k_layernorm.weight,3,128,1.5613622,1.96875,4000,1.36681763,1,0,0.390651847,0.993395721,0
flagship,32000,k_norm,decoder.layers.self_attention.k_layernorm.weight,4,128,1.47765233,1.703125,4000,1.32998921,1,0,0.35576998,0.993353556,0
flagship,32000,k_norm,decoder.layers.self_attention.k_layernorm.weight,5,128,1.45997384,1.75,4000,1.30066862,1,0,0.32058997,0.995242329,0
flagship,32000,k_norm,decoder.layers.self_attention.k_layernorm.weight,6,128,1.67963981,2,4000,1.45003448,1,0,0.475604259,0.991838682,0
flagship,32000,k_norm,decoder.layers.self_attention.k_layernorm.weight,7,128,1.5967491,2.03125,4000,1.38627759,1,0,0.450475741,0.980625087,0
flagship,32000,k_norm,decoder.layers.self_attention.k_layernorm.weight,8,128,1.56827866,1.84375,4000,1.44075766,1,0,0.471302447,0.990331936,0
flagship,32000,k_norm,decoder.layers.self_attention.k_layernorm.weight,9,128,1.50503245,1.796875,4000,1.43941334,1,0,0.477516252,0.987863913,0
flagship,32000,k_norm,decoder.layers.self_attention.k_layernorm.weight,10,128,1.56389765,2.25,4000,1.51366618,1,0,0.532905057,0.99334898,0
flagship,32000,k_norm,decoder.layers.self_attention.k_layernorm.weight,11,128,1.57549407,2,4000,1.52879265,1,0,0.557282432,0.989880232,0
flagship,32000,k_norm,decoder.layers.self_attention.k_layernorm.weight,12,128,1.51113415,1.7890625,4000,1.45767958,1,0,0.469544831,0.99622628,0
flagship,32000,k_norm,decoder.layers.self_attention.k_layernorm.weight,13,128,1.47631806,1.8359375,4000,1.43770945,1,0,0.470050938,0.989789898,0
flagship,32000,k_norm,decoder.layers.self_attention.k_layernorm.weight,14,128,1.4147831,1.75,4000,1.40638763,1,0,0.431976938,0.992372954,0
flagship,32000,k_norm,decoder.layers.self_attention.k_layernorm.weight,15,128,1.54359107,1.8515625,4000,1.51342341,1,0,0.527421197,0.995186565,0
flagship,32000,k_norm,decoder.layers.self_attention.k_layernorm.weight,16,128,1.40232059,1.921875,4000,1.38680061,1,0,0.413162246,0.992396768,0
flagship,32000,k_norm,decoder.layers.self_attention.k_layernorm.weight,17,128,1.59475228,1.8984375,4000,1.52919484,1,0,0.542669837,0.995277456,0
flagship,32000,k_norm,decoder.layers.self_attention.k_layernorm.weight,18,128,1.57601974,1.9609375,4000,1.54238335,1,0,0.599478732,0.978865486,0
flagship,32000,k_norm,decoder.layers.self_attention.k_layernorm.weight,19,128,1.6416248,1.9765625,4000,1.55914761,1,0,0.598218689,0.985498632,0
flagship,32000,k_norm,decoder.layers.self_attention.k_layernorm.weight,20,128,1.50328402,1.859375,4000,1.47157978,1,0,0.523077293,0.982596131,0
flagship,32000,k_norm,decoder.layers.self_attention.k_layernorm.weight,21,128,1.51118147,1.859375,4000,1.46001768,1,0,0.529996667,0.976274189,0
flagship,32000,k_norm,decoder.layers.self_attention.k_layernorm.weight,22,128,1.62598884,1.9765625,4000,1.53289262,1,0,0.603205615,0.97394388,0
flagship,32000,k_norm,decoder.layers.self_attention.k_layernorm.weight,23,128,1.56279684,1.8125,4000,1.48824071,1,0,0.51665685,0.990406355,0
flagship,32000,k_norm,decoder.layers.self_attention.k_layernorm.weight,24,128,1.53533561,1.8359375,4000,1.4411574,1,0,0.471371599,0.990434308,0
flagship,32000,k_norm,decoder.layers.self_attention.k_layernorm.weight,25,128,1.51725846,1.9375,4000,1.44871857,1,0,0.550001887,0.965088558,0
flagship,32000,k_norm,decoder.layers.self_attention.k_layernorm.weight,26,128,1.3990653,1.765625,4000,1.35662536,1,0,0.532935174,0.942195444,0
flagship,32000,k_norm,decoder.layers.self_attention.k_layernorm.weight,27,128,1.53023476,1.96875,4000,1.43879198,1,0,0.53737237,0.96655852,0
flagship,32000,k_norm,decoder.layers.self_attention.k_layernorm.weight,28,128,1.36950042,1.7265625,4000,1.32366177,1,0,0.516546004,0.938782387,0
flagship,32000,k_norm,decoder.layers.self_attention.k_layernorm.weight,29,128,1.4360184,1.7734375,4000,1.37323265,1,0,0.529980503,0.948451298,0
flagship,32000,k_norm,decoder.layers.self_attention.k_layernorm.weight,30,128,1.44299032,1.7578125,4000,1.37956298,1,0,0.472526319,0.971290524,0
flagship,32000,k_norm,decoder.layers.self_attention.k_layernorm.weight,31,128,1.3424018,1.6953125,4000,1.31003651,1,0,0.445041334,0.96109301,0
flagship,32000,k_norm,decoder.layers.self_attention.k_layernorm.weight,32,128,1.47258272,1.7421875,4000,1.42673176,1,0,0.509791044,0.972739475,0
flagship,32000,k_norm,decoder.layers.self_attention.k_layernorm.weight,33,128,1.31070059,1.703125,4000,1.27424406,1,0,0.506596788,0.928808574,0
flagship,32000,k_norm,decoder.layers.self_attention.k_layernorm.weight,34,128,1.39067932,1.8359375,4000,1.34312554,1,0,0.52999979,0.939259348,0
flagship,32000,k_norm,decoder.layers.self_attention.k_layernorm.weight,35,128,1.4742919,1.828125,4000,1.43277714,1,0,0.532561896,0.966384823,0
flagship,32000,k_norm,decoder.layers.self_attention.k_layernorm.weight,36,128,1.36869031,1.8203125,4000,1.33501116,1,0,0.474272816,0.957789781,0
flagship,32000,k_norm,decoder.layers.self_attention.k_layernorm.weight,37,128,1.24194943,1.6875,4000,1.21660806,1,0,0.297832829,0.982827115,0
flagship,32000,k_norm,decoder.layers.self_attention.k_layernorm.weight,38,128,1.53940842,2.03125,4000,1.48979967,1,0,0.512611324,0.992325593,0
flagship,32000,k_norm,decoder.layers.self_attention.k_layernorm.weight,39,128,1.3539914,1.7734375,4000,1.32341903,1,0,0.378022709,0.985529414,0
flagship,32000,k_norm,decoder.layers.self_attention.k_layernorm.weight,40,128,1.28806123,1.6875,4000,1.25921453,1,0,0.387146567,0.967165923,0
flagship,32000,k_norm,decoder.layers.self_attention.k_layernorm.weight,41,128,1.28754891,1.671875,4000,1.25295551,1,0,0.350545643,0.976497267,0
flagship,32000,k_norm,decoder.layers.self_attention.k_layernorm.weight,42,128,1.20519406,1.6171875,4000,1.17810228,1,0,0.295011805,0.976525151,0
flagship,32000,k_norm,decoder.layers.self_attention.k_layernorm.weight,43,128,1.25512964,1.828125,4000,1.22405136,1,0,0.33751641,0.973972366,0
flagship,32000,k_norm,decoder.layers.self_attention.k_layernorm.weight,44,128,1.23427258,1.7421875,4000,1.20197879,1,0,0.349435742,0.966176645,0
flagship,32000,k_norm,decoder.layers.self_attention.k_layernorm.weight,45,128,1.26611154,1.71875,4000,1.20730859,1,0,0.418408153,0.945296283,0
flagship,32000,k_norm,decoder.layers.self_attention.k_layernorm.weight,46,128,1.31987645,1.859375,4000,1.26860204,1,0,0.450928734,0.948293609,0
flagship,32000,k_norm,decoder.layers.self_attention.k_layernorm.weight,47,128,1.24100932,1.8203125,4000,1.20989361,1,0,0.392546128,0.954526111,0
flagship,32000,k_norm,decoder.layers.self_attention.k_layernorm.weight,48,128,1.40614363,1.7109375,4000,1.30414517,1,0,0.433361606,0.963463425,0
flagship,32000,k_norm,decoder.layers.self_attention.k_layernorm.weight,49,128,1.27436379,1.6484375,4000,1.22350412,1,0,0.413864359,0.95041716,0
flagship,32000,k_norm,decoder.layers.self_attention.k_layernorm.weight,50,128,1.3743146,1.625,4000,1.30587177,1,0,0.351692131,0.988463718,0
flagship,32000,k_norm,decoder.layers.self_attention.k_layernorm.weight,51,128,1.37964192,1.6953125,4000,1.31033291,1,0,0.44047245,0.962715786,0
flagship,32000,k_norm,decoder.layers.self_attention.k_layernorm.weight,52,128,1.4117262,1.859375,4000,1.34343929,1,0,0.404888944,0.982885526,0
flagship,32000,k_norm,decoder.layers.self_attention.k_layernorm.weight,53,128,1.37108544,1.703125,4000,1.27396767,1,0,0.417542241,0.961033846,0
flagship,32000,k_norm,decoder.layers.self_attention.k_layernorm.weight,54,128,1.31602283,1.671875,4000,1.26131392,1,0,0.437509669,0.951189887,0
flagship,32000,k_norm,decoder.layers.self_attention.k_layernorm.weight,55,128,1.44664046,1.90625,4000,1.33086184,1,0,0.372231574,0.989072198,0
flagship,32000,k_norm,decoder.layers.self_attention.k_layernorm.weight,56,128,1.4441092,1.8203125,4000,1.34519417,1,0,0.385498679,0.989053542,0
flagship,32000,k_norm,decoder.layers.self_attention.k_layernorm.weight,57,128,1.42387076,1.7421875,4000,1.33116285,1,0,0.39145345,0.983635749,0
flagship,32000,k_norm,decoder.layers.self_attention.k_layernorm.weight,58,128,1.48759272,1.7734375,4000,1.38886932,1,0,0.397612296,0.997524539,0
flagship,32000,k_norm,decoder.layers.self_attention.k_layernorm.weight,59,128,1.46062821,1.6875,4000,1.33597612,1,0,0.348988989,0.996664101,0
flagship,32000,k_norm,decoder.layers.self_attention.k_layernorm.weight,60,128,1.38779891,1.7109375,4000,1.32390233,1,0,0.356945797,0.991503305,0
flagship,32000,k_norm,decoder.layers.self_attention.k_layernorm.weight,61,128,1.38214168,1.8515625,4000,1.3099942,1,0,0.328886856,0.995393047,0
flagship,32000,k_norm,decoder.layers.self_attention.k_layernorm.weight,62,128,1.29926695,1.59375,4000,1.24819605,1,0,0.26098085,0.997392348,0
flagship,32000,k_norm,decoder.layers.self_attention.k_layernorm.weight,63,128,1.16842102,1.3671875,4000,1.14204926,1,0,0.153922996,0.998461407,0
flagship,32000,pre_mlp_norm,decoder.layers.mlp.linear_fc1.layer_norm_weight,0,5120,0.621683533,0.81640625,4000,0.634685857,1,0,0.372970118,0.995547178,0
flagship,32000,pre_mlp_norm,decoder.layers.mlp.linear_fc1.layer_norm_weight,1,5120,0.912698381,1.03125,4000,0.927601007,1,0,0.103584316,0.99704178,0
flagship,32000,pre_mlp_norm,decoder.layers.mlp.linear_fc1.layer_norm_weight,2,5120,0.925983825,1.0078125,4000,0.93807647,1,0,0.0841955482,0.998265404,0
flagship,32000,pre_mlp_norm,decoder.layers.mlp.linear_fc1.layer_norm_weight,3,5120,0.861858776,0.94921875,4000,0.879878431,1,0,0.129901446,0.998610493,0
flagship,32000,pre_mlp_norm,decoder.layers.mlp.linear_fc1.layer_norm_weight,4,5120,0.823486674,0.90625,4000,0.839568435,1,0,0.166562042,0.998806156,0
flagship,32000,pre_mlp_norm,decoder.layers.mlp.linear_fc1.layer_norm_weight,5,5120,0.732330615,1.0390625,4000,0.749910968,1,0,0.252915221,0.999052164,0
flagship,32000,pre_mlp_norm,decoder.layers.mlp.linear_fc1.layer_norm_weight,6,5120,0.669730501,0.83203125,4000,0.687993752,1,0,0.31421537,0.998994613,0
flagship,32000,pre_mlp_norm,decoder.layers.mlp.linear_fc1.layer_norm_weight,7,5120,0.646768393,0.80859375,4000,0.662536366,1,0,0.339569044,0.998924262,0
flagship,32000,pre_mlp_norm,decoder.layers.mlp.linear_fc1.layer_norm_weight,8,5120,0.657333435,0.77734375,4000,0.671261367,1,0,0.330781628,0.99899637,0
flagship,32000,pre_mlp_norm,decoder.layers.mlp.linear_fc1.layer_norm_weight,9,5120,0.672306898,0.75,4000,0.684395608,1,0,0.317641471,0.999057583,0
flagship,32000,pre_mlp_norm,decoder.layers.mlp.linear_fc1.layer_norm_weight,10,5120,0.666316181,0.73828125,4000,0.676455109,1,0,0.325486085,0.999068752,0
flagship,32000,pre_mlp_norm,decoder.layers.mlp.linear_fc1.layer_norm_weight,11,5120,0.669902776,0.7421875,4000,0.678349238,1,0,0.323457976,0.999140671,0
flagship,32000,pre_mlp_norm,decoder.layers.mlp.linear_fc1.layer_norm_weight,12,5120,0.678460374,0.75,4000,0.685585755,1,0,0.316249206,0.999156019,0
flagship,32000,pre_mlp_norm,decoder.layers.mlp.linear_fc1.layer_norm_weight,13,5120,0.683722435,0.75390625,4000,0.689452479,1,0,0.312290956,0.999212507,0
flagship,32000,pre_mlp_norm,decoder.layers.mlp.linear_fc1.layer_norm_weight,14,5120,0.676500986,0.75390625,4000,0.680922644,1,0,0.320664162,0.999254581,0
flagship,32000,pre_mlp_norm,decoder.layers.mlp.linear_fc1.layer_norm_weight,15,5120,0.670769258,0.734375,4000,0.673851111,1,0,0.327553243,0.999318819,0
flagship,32000,pre_mlp_norm,decoder.layers.mlp.linear_fc1.layer_norm_weight,16,5120,0.651309086,0.72265625,4000,0.65326735,1,0,0.347935363,0.999360533,0
flagship,32000,pre_mlp_norm,decoder.layers.mlp.linear_fc1.layer_norm_weight,17,5120,0.628141057,0.6953125,4000,0.628926022,1,0,0.372091518,0.999398815,0
flagship,32000,pre_mlp_norm,decoder.layers.mlp.linear_fc1.layer_norm_weight,18,5120,0.623865129,0.69140625,4000,0.623637732,1,0,0.377358371,0.999398062,0
flagship,32000,pre_mlp_norm,decoder.layers.mlp.linear_fc1.layer_norm_weight,19,5120,0.629445122,0.703125,4000,0.627951195,1,0,0.373010938,0.999429217,0
flagship,32000,pre_mlp_norm,decoder.layers.mlp.linear_fc1.layer_norm_weight,20,5120,0.640787216,0.70703125,4000,0.638285284,1,0,0.362652396,0.99946793,0
flagship,32000,pre_mlp_norm,decoder.layers.mlp.linear_fc1.layer_norm_weight,21,5120,0.641567142,0.70703125,4000,0.637871823,1,0,0.363071848,0.999463567,0
flagship,32000,pre_mlp_norm,decoder.layers.mlp.linear_fc1.layer_norm_weight,22,5120,0.640795486,0.71484375,4000,0.636067684,1,0,0.364962533,0.999409718,0
flagship,32000,pre_mlp_norm,decoder.layers.mlp.linear_fc1.layer_norm_weight,23,5120,0.644885639,0.703125,4000,0.639020435,1,0,0.361994591,0.999425811,0
flagship,32000,pre_mlp_norm,decoder.layers.mlp.linear_fc1.layer_norm_weight,24,5120,0.654102147,0.7265625,4000,0.647076738,1,0,0.35401597,0.999403101,0
flagship,32000,pre_mlp_norm,decoder.layers.mlp.linear_fc1.layer_norm_weight,25,5120,0.673790834,0.73046875,4000,0.665378474,1,0,0.335829869,0.999391222,0
flagship,32000,pre_mlp_norm,decoder.layers.mlp.linear_fc1.layer_norm_weight,26,5120,0.685779571,0.7578125,4000,0.676005765,1,0,0.325266995,0.999388795,0
flagship,32000,pre_mlp_norm,decoder.layers.mlp.linear_fc1.layer_norm_weight,27,5120,0.702921433,0.76171875,4000,0.691701597,1,0,0.309722255,0.99936391,0
flagship,32000,pre_mlp_norm,decoder.layers.mlp.linear_fc1.layer_norm_weight,28,5120,0.717881928,0.78125,4000,0.705240929,1,0,0.296298275,0.999355003,0
flagship,32000,pre_mlp_norm,decoder.layers.mlp.linear_fc1.layer_norm_weight,29,5120,0.73216378,0.81640625,4000,0.717884174,1,0,0.283752604,0.99935491,0
flagship,32000,pre_mlp_norm,decoder.layers.mlp.linear_fc1.layer_norm_weight,30,5120,0.753094,0.81640625,4000,0.737188755,1,0,0.264434952,0.999419354,0
flagship,32000,pre_mlp_norm,decoder.layers.mlp.linear_fc1.layer_norm_weight,31,5120,0.773300754,0.82421875,4000,0.755683231,1,0,0.246181489,0.999394825,0
flagship,32000,pre_mlp_norm,decoder.layers.mlp.linear_fc1.layer_norm_weight,32,5120,0.788712671,0.83984375,4000,0.769404736,1,0,0.232671937,0.999374807,0
flagship,32000,pre_mlp_norm,decoder.layers.mlp.linear_fc1.layer_norm_weight,33,5120,0.807517417,0.8671875,4000,0.786297542,1,0,0.216066079,0.999354055,0
flagship,32000,pre_mlp_norm,decoder.layers.mlp.linear_fc1.layer_norm_weight,34,5120,0.83017467,0.890625,4000,0.806889925,1,0,0.195817025,0.999347615,0
flagship,32000,pre_mlp_norm,decoder.layers.mlp.linear_fc1.layer_norm_weight,35,5120,0.855683928,0.92578125,4000,0.830288637,1,0,0.172958545,0.999329925,0
flagship,32000,pre_mlp_norm,decoder.layers.mlp.linear_fc1.layer_norm_weight,36,5120,0.877441251,0.92578125,4000,0.849836801,1,0,0.153998214,0.999313713,0
flagship,32000,pre_mlp_norm,decoder.layers.mlp.linear_fc1.layer_norm_weight,37,5120,0.895676736,0.9453125,4000,0.866013731,1,0,0.138643224,0.999266973,0
flagship,32000,pre_mlp_norm,decoder.layers.mlp.linear_fc1.layer_norm_weight,38,5120,0.911124361,0.96484375,4000,0.879380077,1,0,0.126177006,0.999220206,0
flagship,32000,pre_mlp_norm,decoder.layers.mlp.linear_fc1.layer_norm_weight,39,5120,0.923890648,0.984375,4000,0.890065043,1,0,0.116457322,0.999170502,0
flagship,32000,pre_mlp_norm,decoder.layers.mlp.linear_fc1.layer_norm_weight,40,5120,0.935373158,0.984375,4000,0.899664191,1,0,0.107991159,0.999113661,0
flagship,32000,pre_mlp_norm,decoder.layers.mlp.linear_fc1.layer_norm_weight,41,5120,0.946483178,1.0078125,4000,0.90802409,1,0,0.100714657,0.999072781,0
flagship,32000,pre_mlp_norm,decoder.layers.mlp.linear_fc1.layer_norm_weight,42,5120,0.955776364,1,4000,0.916361204,1,0,0.09383341,0.999012801,0
flagship,32000,pre_mlp_norm,decoder.layers.mlp.linear_fc1.layer_norm_weight,43,5120,0.96532028,1.0234375,4000,0.923675855,1,0,0.0878239354,0.998978176,0
flagship,32000,pre_mlp_norm,decoder.layers.mlp.linear_fc1.layer_norm_weight,44,5120,0.971946239,1.046875,4000,0.928978316,1,0,0.0840815832,0.998909752,0
flagship,32000,pre_mlp_norm,decoder.layers.mlp.linear_fc1.layer_norm_weight,45,5120,0.977781898,1.046875,4000,0.933958278,1,0,0.0806601636,0.998851901,0
flagship,32000,pre_mlp_norm,decoder.layers.mlp.linear_fc1.layer_norm_weight,46,5120,0.984083647,1.0703125,4000,0.938887275,1,0,0.0774027093,0.998798357,0
flagship,32000,pre_mlp_norm,decoder.layers.mlp.linear_fc1.layer_norm_weight,47,5120,0.989618669,1.078125,4000,0.943768228,1,0,0.0741669962,0.998760961,0
flagship,32000,pre_mlp_norm,decoder.layers.mlp.linear_fc1.layer_norm_weight,48,5120,0.993225786,1.0703125,4000,0.946737284,1,0,0.0729645908,0.998686587,0
flagship,32000,pre_mlp_norm,decoder.layers.mlp.linear_fc1.layer_norm_weight,49,5120,1.001567,1.09375,4000,0.954510756,1,0,0.0681136228,0.998653659,0
flagship,32000,pre_mlp_norm,decoder.layers.mlp.linear_fc1.layer_norm_weight,50,5120,1.00561569,1.109375,4000,0.95898132,1,0,0.0658676826,0.998615187,0
flagship,32000,pre_mlp_norm,decoder.layers.mlp.linear_fc1.layer_norm_weight,51,5120,1.01042573,1.1328125,4000,0.963979611,1,0,0.0637910778,0.998562297,0
flagship,32000,pre_mlp_norm,decoder.layers.mlp.linear_fc1.layer_norm_weight,52,5120,1.01302208,1.140625,4000,0.967671201,1,0,0.0619941743,0.998554196,0
flagship,32000,pre_mlp_norm,decoder.layers.mlp.linear_fc1.layer_norm_weight,53,5120,1.01763784,1.1640625,4000,0.973971661,1,0,0.0581614152,0.998611214,0
flagship,32000,pre_mlp_norm,decoder.layers.mlp.linear_fc1.layer_norm_weight,54,5120,1.02347939,1.21875,4000,0.982173391,1,0,0.0547479567,0.998635908,0
flagship,32000,pre_mlp_norm,decoder.layers.mlp.linear_fc1.layer_norm_weight,55,5120,1.0211567,1.25,4000,0.982837242,1,0,0.0546357267,0.998631257,0
flagship,32000,pre_mlp_norm,decoder.layers.mlp.linear_fc1.layer_norm_weight,56,5120,1.02245614,1.3203125,4000,0.987288156,1,0,0.0523362671,0.99869466,0
flagship,32000,pre_mlp_norm,decoder.layers.mlp.linear_fc1.layer_norm_weight,57,5120,1.03059464,1.3671875,4000,0.999310786,1,0,0.0502211958,0.998738284,0
flagship,32000,pre_mlp_norm,decoder.layers.mlp.linear_fc1.layer_norm_weight,58,5120,1.03258989,1.421875,4000,1.0058009,1,0,0.0490741856,0.998819535,0
flagship,32000,pre_mlp_norm,decoder.layers.mlp.linear_fc1.layer_norm_weight,59,5120,1.03452845,1.484375,4000,1.01276691,1,0,0.0502387015,0.998834414,0
flagship,32000,pre_mlp_norm,decoder.layers.mlp.linear_fc1.layer_norm_weight,60,5120,1.047006,1.5234375,4000,1.03094753,1,0,0.0580789621,0.998828545,0
flagship,32000,pre_mlp_norm,decoder.layers.mlp.linear_fc1.layer_norm_weight,61,5120,1.07580484,1.5703125,4000,1.06446431,1,0,0.0792814204,0.998999546,0
flagship,32000,pre_mlp_norm,decoder.layers.mlp.linear_fc1.layer_norm_weight,62,5120,1.09951301,1.5078125,4000,1.09396404,1,0,0.101141966,0.999359916,0
flagship,32000,pre_mlp_norm,decoder.layers.mlp.linear_fc1.layer_norm_weight,63,5120,1.10337492,1.3125,4000,1.10372646,1,0,0.109122213,0.999479727,0
flagship,32000,q_norm,decoder.layers.self_attention.q_layernorm.weight,0,128,1.0895745,1.5234375,4000,1.12907471,1,0,0.245392424,0.980711126,0
flagship,32000,q_norm,decoder.layers.self_attention.q_layernorm.weight,1,128,1.48102553,1.890625,4000,1.37134379,1,0,0.382924667,0.996815134,0
flagship,32000,q_norm,decoder.layers.self_attention.q_layernorm.weight,2,128,1.47272311,1.7734375,4000,1.30522183,1,0,0.32621545,0.994921878,0
flagship,32000,q_norm,decoder.layers.self_attention.q_layernorm.weight,3,128,1.5773912,1.84375,4000,1.37880438,1,0,0.396532641,0.995015473,0
flagship,32000,q_norm,decoder.layers.self_attention.q_layernorm.weight,4,128,1.49188325,1.734375,4000,1.34035969,1,0,0.360770817,0.99466156,0
flagship,32000,q_norm,decoder.layers.self_attention.q_layernorm.weight,5,128,1.4672841,1.703125,4000,1.30549754,1,0,0.323130303,0.995754703,0
flagship,32000,q_norm,decoder.layers.self_attention.q_layernorm.weight,6,128,1.70486309,2.03125,4000,1.46934141,1,0,0.493576497,0.992058892,0
flagship,32000,q_norm,decoder.layers.self_attention.q_layernorm.weight,7,128,1.62411642,1.984375,4000,1.40883812,1,0,0.462952057,0.983257127,0
flagship,32000,q_norm,decoder.layers.self_attention.q_layernorm.weight,8,128,1.58333458,1.8046875,4000,1.45374113,1,0,0.481373056,0.991112925,0
flagship,32000,q_norm,decoder.layers.self_attention.q_layernorm.weight,9,128,1.54032517,1.828125,4000,1.47355812,1,0,0.497182139,0.992218567,0
flagship,32000,q_norm,decoder.layers.self_attention.q_layernorm.weight,10,128,1.58753834,1.84375,4000,1.53713447,1,0,0.547046365,0.996504444,0
flagship,32000,q_norm,decoder.layers.self_attention.q_layernorm.weight,11,128,1.59785617,1.84375,4000,1.55148292,1,0,0.566712914,0.994511667,0
flagship,32000,q_norm,decoder.layers.self_attention.q_layernorm.weight,12,128,1.5351797,1.8984375,4000,1.48103679,1,0,0.492038742,0.99638573,0
flagship,32000,q_norm,decoder.layers.self_attention.q_layernorm.weight,13,128,1.49425349,1.6875,4000,1.45316133,1,0,0.479068923,0.991689896,0
flagship,32000,q_norm,decoder.layers.self_attention.q_layernorm.weight,14,128,1.43433076,1.7421875,4000,1.42714963,1,0,0.445517078,0.99438438,0
flagship,32000,q_norm,decoder.layers.self_attention.q_layernorm.weight,15,128,1.56658581,1.859375,4000,1.53727034,1,0,0.548074417,0.99618605,0
flagship,32000,q_norm,decoder.layers.self_attention.q_layernorm.weight,16,128,1.41242925,1.75,4000,1.39807708,1,0,0.409584256,0.996676184,0
flagship,32000,q_norm,decoder.layers.self_attention.q_layernorm.weight,17,128,1.609211,1.8984375,4000,1.54349666,1,0,0.556102671,0.99550969,0
flagship,32000,q_norm,decoder.layers.self_attention.q_layernorm.weight,18,128,1.59819741,1.875,4000,1.56502984,1,0,0.603658712,0.985576914,0
flagship,32000,q_norm,decoder.layers.self_attention.q_layernorm.weight,19,128,1.66603481,1.9453125,4000,1.58304285,1,0,0.608968953,0.990238985,0
flagship,32000,q_norm,decoder.layers.self_attention.q_layernorm.weight,20,128,1.52778715,1.859375,4000,1.49659783,1,0,0.53514973,0.986711247,0
flagship,32000,q_norm,decoder.layers.self_attention.q_layernorm.weight,21,128,1.53511291,1.890625,4000,1.48467783,1,0,0.539225538,0.981190669,0
flagship,32000,q_norm,decoder.layers.self_attention.q_layernorm.weight,22,128,1.65060929,1.9921875,4000,1.55643887,1,0,0.624551666,0.974158778,0
flagship,32000,q_norm,decoder.layers.self_attention.q_layernorm.weight,23,128,1.58021031,1.9140625,4000,1.50501063,1,0,0.523748588,0.99359578,0
flagship,32000,q_norm,decoder.layers.self_attention.q_layernorm.weight,24,128,1.55687514,1.8046875,4000,1.45844566,1,0,0.476382866,0.994251343,0
flagship,32000,q_norm,decoder.layers.self_attention.q_layernorm.weight,25,128,1.54723358,1.875,4000,1.47675416,1,0,0.559410235,0.971002187,0
flagship,32000,q_norm,decoder.layers.self_attention.q_layernorm.weight,26,128,1.41862747,1.828125,4000,1.37720789,1,0,0.538886451,0.946227138,0
flagship,32000,q_norm,decoder.layers.self_attention.q_layernorm.weight,27,128,1.56081955,1.9765625,4000,1.46773148,1,0,0.53952335,0.975365826,0
flagship,32000,q_norm,decoder.layers.self_attention.q_layernorm.weight,28,128,1.3886185,1.734375,4000,1.34324646,1,0,0.517216837,0.944278608,0
flagship,32000,q_norm,decoder.layers.self_attention.q_layernorm.weight,29,128,1.46697117,1.828125,4000,1.40354758,1,0,0.534084281,0.956397854,0
flagship,32000,q_norm,decoder.layers.self_attention.q_layernorm.weight,30,128,1.46410694,1.8125,4000,1.40096137,1,0,0.462834653,0.980925278,0
flagship,32000,q_norm,decoder.layers.self_attention.q_layernorm.weight,31,128,1.36174,1.6640625,4000,1.33001445,1,0,0.442527615,0.967323229,0
flagship,32000,q_norm,decoder.layers.self_attention.q_layernorm.weight,32,128,1.50195647,1.7890625,4000,1.45660143,1,0,0.509124669,0.982588559,0
flagship,32000,q_norm,decoder.layers.self_attention.q_layernorm.weight,33,128,1.33362439,1.703125,4000,1.29782807,1,0,0.507654683,0.934886707,0
flagship,32000,q_norm,decoder.layers.self_attention.q_layernorm.weight,34,128,1.40942915,1.8125,4000,1.36278555,1,0,0.510792917,0.952561853,0
flagship,32000,q_norm,decoder.layers.self_attention.q_layernorm.weight,35,128,1.51371703,1.8046875,4000,1.47232179,1,0,0.523545581,0.982676306,0
flagship,32000,q_norm,decoder.layers.self_attention.q_layernorm.weight,36,128,1.39031484,1.765625,4000,1.35727823,1,0,0.460536351,0.968891419,0
flagship,32000,q_norm,decoder.layers.self_attention.q_layernorm.weight,37,128,1.24551976,1.578125,4000,1.22137106,1,0,0.29526304,0.984372024,0
flagship,32000,q_norm,decoder.layers.self_attention.q_layernorm.weight,38,128,1.5608854,2.015625,4000,1.51200916,1,0,0.526967335,0.994860748,0
flagship,32000,q_norm,decoder.layers.self_attention.q_layernorm.weight,39,128,1.36443252,1.75,4000,1.33491719,1,0,0.369785501,0.990796511,0
flagship,32000,q_norm,decoder.layers.self_attention.q_layernorm.weight,40,128,1.30334921,1.671875,4000,1.27454928,1,0,0.382659267,0.972127084,0
flagship,32000,q_norm,decoder.layers.self_attention.q_layernorm.weight,41,128,1.2968921,1.6171875,4000,1.26341277,1,0,0.354154303,0.977822377,0
flagship,32000,q_norm,decoder.layers.self_attention.q_layernorm.weight,42,128,1.20632049,1.6015625,4000,1.18051879,1,0,0.295164185,0.976902163,0
flagship,32000,q_norm,decoder.layers.self_attention.q_layernorm.weight,43,128,1.26202181,1.703125,4000,1.23202718,1,0,0.312879748,0.982120068,0
flagship,32000,q_norm,decoder.layers.self_attention.q_layernorm.weight,44,128,1.24041694,1.65625,4000,1.20908424,1,0,0.347651446,0.968097629,0
flagship,32000,q_norm,decoder.layers.self_attention.q_layernorm.weight,45,128,1.28385857,1.71875,4000,1.22571139,1,0,0.414008171,0.950862359,0
flagship,32000,q_norm,decoder.layers.self_attention.q_layernorm.weight,46,128,1.33190206,1.6796875,4000,1.28063358,1,0,0.433233893,0.957467773,0
flagship,32000,q_norm,decoder.layers.self_attention.q_layernorm.weight,47,128,1.25733388,1.6875,4000,1.22504408,1,0,0.394681474,0.9570919,0
flagship,32000,q_norm,decoder.layers.self_attention.q_layernorm.weight,48,128,1.4300822,1.7109375,4000,1.32629324,1,0,0.422769334,0.972756165,0
flagship,32000,q_norm,decoder.layers.self_attention.q_layernorm.weight,49,128,1.29518516,1.6953125,4000,1.24279843,1,0,0.417286975,0.953662101,0
flagship,32000,q_norm,decoder.layers.self_attention.q_layernorm.weight,50,128,1.38188899,1.65625,4000,1.31292757,1,0,0.348293757,0.991094378,0
flagship,32000,q_norm,decoder.layers.self_attention.q_layernorm.weight,51,128,1.41521324,1.7265625,4000,1.34076458,1,0,0.423306457,0.976480636,0
flagship,32000,q_norm,decoder.layers.self_attention.q_layernorm.weight,52,128,1.42809294,1.7734375,4000,1.3580623,1,0,0.390572819,0.991039251,0
flagship,32000,q_norm,decoder.layers.self_attention.q_layernorm.weight,53,128,1.38435579,1.6875,4000,1.28493579,1,0,0.414161798,0.964845874,0
flagship,32000,q_norm,decoder.layers.self_attention.q_layernorm.weight,54,128,1.32720089,1.6484375,4000,1.27084016,1,0,0.429497573,0.95628334,0
flagship,32000,q_norm,decoder.layers.self_attention.q_layernorm.weight,55,128,1.46725505,1.90625,4000,1.34395895,1,0,0.366213581,0.994120124,0
flagship,32000,q_norm,decoder.layers.self_attention.q_layernorm.weight,56,128,1.46340526,1.7421875,4000,1.35942898,1,0,0.381328957,0.994033311,0
flagship,32000,q_norm,decoder.layers.self_attention.q_layernorm.weight,57,128,1.43456155,1.828125,4000,1.33910619,1,0,0.395537047,0.984520815,0
flagship,32000,q_norm,decoder.layers.self_attention.q_layernorm.weight,58,128,1.51043063,1.734375,4000,1.40504371,1,0,0.412775482,0.997749824,0
flagship,32000,q_norm,decoder.layers.self_attention.q_layernorm.weight,59,128,1.47567529,1.8046875,4000,1.34420339,1,0,0.356888484,0.996691939,0
flagship,32000,q_norm,decoder.layers.self_attention.q_layernorm.weight,60,128,1.41611446,1.71875,4000,1.34992551,1,0,0.366384591,0.995633164,0
flagship,32000,q_norm,decoder.layers.self_attention.q_layernorm.weight,61,128,1.40308703,1.8046875,4000,1.32757488,1,0,0.344834143,0.995629138,0
flagship,32000,q_norm,decoder.layers.self_attention.q_layernorm.weight,62,128,1.31415381,1.6953125,4000,1.26074457,1,0,0.273783546,0.99723588,0
flagship,32000,q_norm,decoder.layers.self_attention.q_layernorm.weight,63,128,1.17109191,1.390625,4000,1.14518266,1,0,0.157088253,0.99842876,0
flagship,34454,attention_input_norm,decoder.layers.self_attention.linear_qkv.layer_norm_weight,0,5120,0.308752704,0.87109375,4000,0.31286049,1,0,0.698982617,0.973764676,0
flagship,34454,attention_input_norm,decoder.layers.self_attention.linear_qkv.layer_norm_weight,1,5120,0.571452916,0.85546875,4000,0.577193748,1,0,0.424767261,0.99856019,0
flagship,34454,attention_input_norm,decoder.layers.self_attention.linear_qkv.layer_norm_weight,2,5120,0.765630609,0.890625,4000,0.764864857,1,0,0.239496689,0.998646736,0
flagship,34454,attention_input_norm,decoder.layers.self_attention.linear_qkv.layer_norm_weight,3,5120,0.870848693,1.0078125,4000,0.865813158,1,0,0.140179184,0.999050548,0
flagship,34454,attention_input_norm,decoder.layers.self_attention.linear_qkv.layer_norm_weight,4,5120,0.877562762,1.015625,4000,0.877534023,1,0,0.129187552,0.999036215,0
flagship,34454,attention_input_norm,decoder.layers.self_attention.linear_qkv.layer_norm_weight,5,5120,0.965682577,1.0859375,4000,0.961794226,1,0,0.0556414017,0.999149358,0
flagship,34454,attention_input_norm,decoder.layers.self_attention.linear_qkv.layer_norm_weight,6,5120,1.03138327,1.1796875,4000,1.02530508,1,0,0.0505405834,0.999066618,0
flagship,34454,attention_input_norm,decoder.layers.self_attention.linear_qkv.layer_norm_weight,7,5120,1.13756994,1.28125,4000,1.12419672,1,0,0.130241348,0.999315963,0
flagship,34454,attention_input_norm,decoder.layers.self_attention.linear_qkv.layer_norm_weight,8,5120,1.09051387,1.234375,4000,1.1010161,1,0,0.112068321,0.998930508,0
flagship,34454,attention_input_norm,decoder.layers.self_attention.linear_qkv.layer_norm_weight,9,5120,1.00562909,1.1484375,4000,1.02025132,1,0,0.0505996107,0.998946238,0
flagship,34454,attention_input_norm,decoder.layers.self_attention.linear_qkv.layer_norm_weight,10,5120,1.0371753,1.234375,4000,1.05351038,1,0,0.0689210715,0.99910454,0
flagship,34454,attention_input_norm,decoder.layers.self_attention.linear_qkv.layer_norm_weight,11,5120,1.07253952,1.21875,4000,1.08986678,1,0,0.102175896,0.998915521,0
flagship,34454,attention_input_norm,decoder.layers.self_attention.linear_qkv.layer_norm_weight,12,5120,1.01641441,1.1953125,4000,1.03279973,1,0,0.0504759242,0.999287376,0
flagship,34454,attention_input_norm,decoder.layers.self_attention.linear_qkv.layer_norm_weight,13,5120,1.02857487,1.171875,4000,1.04533284,1,0,0.0618535186,0.999153001,0
flagship,34454,attention_input_norm,decoder.layers.self_attention.linear_qkv.layer_norm_weight,14,5120,0.980278542,1.09375,4000,0.997484312,1,0,0.0397178528,0.999212429,0
flagship,34454,attention_input_norm,decoder.layers.self_attention.linear_qkv.layer_norm_weight,15,5120,1.10186589,1.2578125,4000,1.12084165,1,0,0.128165712,0.999186439,0
flagship,34454,attention_input_norm,decoder.layers.self_attention.linear_qkv.layer_norm_weight,16,5120,1.06694163,1.203125,4000,1.08557851,1,0,0.0928866945,0.999399281,0
flagship,34454,attention_input_norm,decoder.layers.self_attention.linear_qkv.layer_norm_weight,17,5120,1.23581024,1.390625,4000,1.25586086,1,0,0.258574097,0.999444292,0
flagship,34454,attention_input_norm,decoder.layers.self_attention.linear_qkv.layer_norm_weight,18,5120,1.16718445,1.3515625,4000,1.18766681,1,0,0.192710275,0.999192359,0
flagship,34454,attention_input_norm,decoder.layers.self_attention.linear_qkv.layer_norm_weight,19,5120,1.26683201,1.421875,4000,1.28472987,1,0,0.287483423,0.999386788,0
flagship,34454,attention_input_norm,decoder.layers.self_attention.linear_qkv.layer_norm_weight,20,5120,1.13291265,1.2578125,4000,1.15288734,1,0,0.157678861,0.999354626,0
flagship,34454,attention_input_norm,decoder.layers.self_attention.linear_qkv.layer_norm_weight,21,5120,1.10657434,1.328125,4000,1.12535713,1,0,0.129738029,0.999503471,0
flagship,34454,attention_input_norm,decoder.layers.self_attention.linear_qkv.layer_norm_weight,22,5120,1.35507257,1.4921875,4000,1.37061318,1,0,0.372599455,0.999461472,0
flagship,34454,attention_input_norm,decoder.layers.self_attention.linear_qkv.layer_norm_weight,23,5120,1.33558366,1.46875,4000,1.35594236,1,0,0.357741757,0.999526453,0
flagship,34454,attention_input_norm,decoder.layers.self_attention.linear_qkv.layer_norm_weight,24,5120,1.28837639,1.4296875,4000,1.30107648,1,0,0.303180033,0.999511526,0
flagship,34454,attention_input_norm,decoder.layers.self_attention.linear_qkv.layer_norm_weight,25,5120,1.20032083,1.328125,4000,1.21796586,1,0,0.221599793,0.999344253,0
flagship,34454,attention_input_norm,decoder.layers.self_attention.linear_qkv.layer_norm_weight,26,5120,1.15137757,1.3046875,4000,1.17145542,1,0,0.176414893,0.999263627,0
flagship,34454,attention_input_norm,decoder.layers.self_attention.linear_qkv.layer_norm_weight,27,5120,1.35963024,1.5625,4000,1.37110862,1,0,0.373750231,0.999282468,0
flagship,34454,attention_input_norm,decoder.layers.self_attention.linear_qkv.layer_norm_weight,28,5120,1.24420744,1.3828125,4000,1.26533515,1,0,0.270423992,0.99892266,0
flagship,34454,attention_input_norm,decoder.layers.self_attention.linear_qkv.layer_norm_weight,29,5120,1.27799242,1.453125,4000,1.29739338,1,0,0.301236275,0.999113427,0
flagship,34454,attention_input_norm,decoder.layers.self_attention.linear_qkv.layer_norm_weight,30,5120,1.38289769,1.546875,4000,1.40476297,1,0,0.408005613,0.999061935,0
flagship,34454,attention_input_norm,decoder.layers.self_attention.linear_qkv.layer_norm_weight,31,5120,1.09213726,1.2109375,4000,1.11228881,1,0,0.120233235,0.999169616,0
flagship,34454,attention_input_norm,decoder.layers.self_attention.linear_qkv.layer_norm_weight,32,5120,1.18320943,1.3203125,4000,1.20424481,1,0,0.208953316,0.999192214,0
flagship,34454,attention_input_norm,decoder.layers.self_attention.linear_qkv.layer_norm_weight,33,5120,1.17992494,1.3515625,4000,1.20149966,1,0,0.208563899,0.998794511,0
flagship,34454,attention_input_norm,decoder.layers.self_attention.linear_qkv.layer_norm_weight,34,5120,1.3040758,1.4765625,4000,1.3264926,1,0,0.330988549,0.998885782,0
flagship,34454,attention_input_norm,decoder.layers.self_attention.linear_qkv.layer_norm_weight,35,5120,1.22380904,1.3828125,4000,1.24600274,1,0,0.250810287,0.999041553,0
flagship,34454,attention_input_norm,decoder.layers.self_attention.linear_qkv.layer_norm_weight,36,5120,1.07761512,1.2421875,4000,1.09747779,1,0,0.109176633,0.998898557,0
flagship,34454,attention_input_norm,decoder.layers.self_attention.linear_qkv.layer_norm_weight,37,5120,0.850337593,0.97265625,4000,0.866337924,1,0,0.139790608,0.999032789,0
flagship,34454,attention_input_norm,decoder.layers.self_attention.linear_qkv.layer_norm_weight,38,5120,1.05093526,1.1796875,4000,1.07015187,1,0,0.0801824466,0.999295455,0
flagship,34454,attention_input_norm,decoder.layers.self_attention.linear_qkv.layer_norm_weight,39,5120,0.883845938,1.015625,4000,0.900332661,1,0,0.107653972,0.999080451,0
flagship,34454,attention_input_norm,decoder.layers.self_attention.linear_qkv.layer_norm_weight,40,5120,0.960800762,1.0859375,4000,0.978329728,1,0,0.0498148086,0.998971761,0
flagship,34454,attention_input_norm,decoder.layers.self_attention.linear_qkv.layer_norm_weight,41,5120,0.918305981,1.0390625,4000,0.935098488,1,0,0.0787023661,0.998940295,0
flagship,34454,attention_input_norm,decoder.layers.self_attention.linear_qkv.layer_norm_weight,42,5120,0.867340395,1.0234375,4000,0.883099104,1,0,0.125197401,0.998862772,0
flagship,34454,attention_input_norm,decoder.layers.self_attention.linear_qkv.layer_norm_weight,43,5120,0.897192042,1.015625,4000,0.913037877,1,0,0.0977465333,0.99890915,0
flagship,34454,attention_input_norm,decoder.layers.self_attention.linear_qkv.layer_norm_weight,44,5120,0.938538012,1.0859375,4000,0.954826603,1,0,0.0650332934,0.998853879,0
flagship,34454,attention_input_norm,decoder.layers.self_attention.linear_qkv.layer_norm_weight,45,5120,1.03129898,1.171875,4000,1.04651045,1,0,0.0662043972,0.998939427,0
flagship,34454,attention_input_norm,decoder.layers.self_attention.linear_qkv.layer_norm_weight,46,5120,1.06998519,1.203125,4000,1.08225856,1,0,0.0948878432,0.998966406,0
flagship,34454,attention_input_norm,decoder.layers.self_attention.linear_qkv.layer_norm_weight,47,5120,0.980684763,1.09375,4000,0.995152678,1,0,0.0452887744,0.998981274,0
flagship,34454,attention_input_norm,decoder.layers.self_attention.linear_qkv.layer_norm_weight,48,5120,1.17194513,1.3203125,4000,1.18242391,1,0,0.189662187,0.998861126,0
flagship,34454,attention_input_norm,decoder.layers.self_attention.linear_qkv.layer_norm_weight,49,5120,1.13874442,1.3046875,4000,1.14306815,1,0,0.1522477,0.998814214,0
flagship,34454,attention_input_norm,decoder.layers.self_attention.linear_qkv.layer_norm_weight,50,5120,1.0615324,1.1953125,4000,1.07451894,1,0,0.0876751747,0.99900706,0
flagship,34454,attention_input_norm,decoder.layers.self_attention.linear_qkv.layer_norm_weight,51,5120,1.14263165,1.296875,4000,1.15610797,1,0,0.16660223,0.998535342,0
flagship,34454,attention_input_norm,decoder.layers.self_attention.linear_qkv.layer_norm_weight,52,5120,1.10834258,1.2265625,4000,1.12180928,1,0,0.131114243,0.99895105,0
flagship,34454,attention_input_norm,decoder.layers.self_attention.linear_qkv.layer_norm_weight,53,5120,1.24030274,1.390625,4000,1.24809896,1,0,0.257059862,0.99818657,0
flagship,34454,attention_input_norm,decoder.layers.self_attention.linear_qkv.layer_norm_weight,54,5120,1.15978789,1.3046875,4000,1.17054708,1,0,0.182293812,0.998229577,0
flagship,34454,attention_input_norm,decoder.layers.self_attention.linear_qkv.layer_norm_weight,55,5120,1.23409977,1.3828125,4000,1.23776932,1,0,0.244780023,0.998633425,0
flagship,34454,attention_input_norm,decoder.layers.self_attention.linear_qkv.layer_norm_weight,56,5120,1.23647401,1.40625,4000,1.24536842,1,0,0.253482469,0.998374897,0
flagship,34454,attention_input_norm,decoder.layers.self_attention.linear_qkv.layer_norm_weight,57,5120,1.20767882,1.4140625,4000,1.20958713,1,0,0.221711399,0.997838444,0
flagship,34454,attention_input_norm,decoder.layers.self_attention.linear_qkv.layer_norm_weight,58,5120,1.24640508,1.4140625,4000,1.25023555,1,0,0.25826446,0.998367226,0
flagship,34454,attention_input_norm,decoder.layers.self_attention.linear_qkv.layer_norm_weight,59,5120,1.16951356,1.328125,4000,1.17061356,1,0,0.182939587,0.998138622,0
flagship,34454,attention_input_norm,decoder.layers.self_attention.linear_qkv.layer_norm_weight,60,5120,1.08482825,1.21875,4000,1.09033213,1,0,0.105987302,0.998590606,0
flagship,34454,attention_input_norm,decoder.layers.self_attention.linear_qkv.layer_norm_weight,61,5120,1.08653539,1.28125,4000,1.08848134,1,0,0.104354445,0.998593957,0
flagship,34454,attention_input_norm,decoder.layers.self_attention.linear_qkv.layer_norm_weight,62,5120,1.01597243,1.125,4000,1.02053336,1,0,0.0375750213,0.99951483,0
flagship,34454,attention_input_norm,decoder.layers.self_attention.linear_qkv.layer_norm_weight,63,5120,0.974122382,1.0859375,4000,0.978040651,1,0,0.0334900245,0.999673138,0
flagship,34454,final_norm,decoder.final_layernorm.weight,-1,5120,1.72029254,5.5,4000,1.55407439,1,0,0.57096506,0.993886177,0
flagship,34454,k_norm,decoder.layers.self_attention.k_layernorm.weight,0,128,1.10377964,1.71875,4000,1.14306659,1,0,0.27516202,0.975834266,0
flagship,34454,k_norm,decoder.layers.self_attention.k_layernorm.weight,1,128,1.47842967,1.75,4000,1.36932061,1,0,0.379417232,0.997239611,0
flagship,34454,k_norm,decoder.layers.self_attention.k_layernorm.weight,2,128,1.46687782,1.828125,4000,1.30317622,1,0,0.329151223,0.993698203,0
flagship,34454,k_norm,decoder.layers.self_attention.k_layernorm.weight,3,128,1.56934824,1.984375,4000,1.37380862,1,0,0.398643938,0.993017913,0
flagship,34454,k_norm,decoder.layers.self_attention.k_layernorm.weight,4,128,1.48507305,1.7265625,4000,1.33666837,1,0,0.363214027,0.993050318,0
flagship,34454,k_norm,decoder.layers.self_attention.k_layernorm.weight,5,128,1.46564057,1.7578125,4000,1.30571703,1,0,0.326384583,0.994997388,0
flagship,34454,k_norm,decoder.layers.self_attention.k_layernorm.weight,6,128,1.69157106,2.015625,4000,1.46033474,1,0,0.486257345,0.991598453,0
flagship,34454,k_norm,decoder.layers.self_attention.k_layernorm.weight,7,128,1.60575407,2.03125,4000,1.39409559,1,0,0.458245944,0.980389433,0
flagship,34454,k_norm,decoder.layers.self_attention.k_layernorm.weight,8,128,1.57799315,1.859375,4000,1.44968224,1,0,0.48109828,0.989914537,0
flagship,34454,k_norm,decoder.layers.self_attention.k_layernorm.weight,9,128,1.51669479,1.8203125,4000,1.4505672,1,0,0.490710045,0.986975596,0
flagship,34454,k_norm,decoder.layers.self_attention.k_layernorm.weight,10,128,1.573079,2.25,4000,1.52255263,1,0,0.542651112,0.992969382,0
flagship,34454,k_norm,decoder.layers.self_attention.k_layernorm.weight,11,128,1.58629097,1.9921875,4000,1.5392695,1,0,0.569317325,0.989179728,0
flagship,34454,k_norm,decoder.layers.self_attention.k_layernorm.weight,12,128,1.52200375,1.8125,4000,1.46816468,1,0,0.48087285,0.995892651,0
flagship,34454,k_norm,decoder.layers.self_attention.k_layernorm.weight,13,128,1.48708185,1.8671875,4000,1.44819175,1,0,0.481621214,0.989268289,0
flagship,34454,k_norm,decoder.layers.self_attention.k_layernorm.weight,14,128,1.42808497,1.765625,4000,1.41961056,1,0,0.447475634,0.991490125,0
flagship,34454,k_norm,decoder.layers.self_attention.k_layernorm.weight,15,128,1.55646402,1.875,4000,1.52604477,1,0,0.540934108,0.994794841,0
flagship,34454,k_norm,decoder.layers.self_attention.k_layernorm.weight,16,128,1.41393743,1.9609375,4000,1.39828889,1,0,0.426155672,0.991784737,0
flagship,34454,k_norm,decoder.layers.self_attention.k_layernorm.weight,17,128,1.60715224,1.921875,4000,1.54108506,1,0,0.555036192,0.995038515,0
flagship,34454,k_norm,decoder.layers.self_attention.k_layernorm.weight,18,128,1.58766319,1.984375,4000,1.5537783,1,0,0.611345855,0.978416051,0
flagship,34454,k_norm,decoder.layers.self_attention.k_layernorm.weight,19,128,1.6553353,2,4000,1.57216927,1,0,0.612152031,0.984940416,0
flagship,34454,k_norm,decoder.layers.self_attention.k_layernorm.weight,20,128,1.51616523,1.8828125,4000,1.48418932,1,0,0.536287184,0.982089671,0
flagship,34454,k_norm,decoder.layers.self_attention.k_layernorm.weight,21,128,1.52319249,1.8828125,4000,1.47162204,1,0,0.541789212,0.975840195,0
flagship,34454,k_norm,decoder.layers.self_attention.k_layernorm.weight,22,128,1.63711516,1.9921875,4000,1.5433819,1,0,0.613591894,0.97368405,0
flagship,34454,k_norm,decoder.layers.self_attention.k_layernorm.weight,23,128,1.57313289,1.828125,4000,1.49808366,1,0,0.528064854,0.98973183,0
flagship,34454,k_norm,decoder.layers.self_attention.k_layernorm.weight,24,128,1.54662526,1.859375,4000,1.45175454,1,0,0.482945582,0.989958952,0
flagship,34454,k_norm,decoder.layers.self_attention.k_layernorm.weight,25,128,1.52774096,1.96875,4000,1.45872754,1,0,0.561486782,0.964065789,0.0078125
flagship,34454,k_norm,decoder.layers.self_attention.k_layernorm.weight,26,128,1.40632899,1.7734375,4000,1.36366871,1,0,0.541447172,0.941001025,0
flagship,34454,k_norm,decoder.layers.self_attention.k_layernorm.weight,27,128,1.53851856,1.984375,4000,1.44658076,1,0,0.546150226,0.965834712,0
flagship,34454,k_norm,decoder.layers.self_attention.k_layernorm.weight,28,128,1.37760515,1.7421875,4000,1.33149523,1,0,0.526351964,0.937229479,0
flagship,34454,k_norm,decoder.layers.self_attention.k_layernorm.weight,29,128,1.44249675,1.78125,4000,1.37942775,1,0,0.53756387,0.947438533,0
flagship,34454,k_norm,decoder.layers.self_attention.k_layernorm.weight,30,128,1.45016407,1.7734375,4000,1.3864214,1,0,0.48088211,0.970454113,0
flagship,34454,k_norm,decoder.layers.self_attention.k_layernorm.weight,31,128,1.35193427,1.71875,4000,1.31933915,1,0,0.457207357,0.95942625,0
flagship,34454,k_norm,decoder.layers.self_attention.k_layernorm.weight,32,128,1.48320551,1.765625,4000,1.43702379,1,0,0.521135075,0.971958723,0
flagship,34454,k_norm,decoder.layers.self_attention.k_layernorm.weight,33,128,1.31846003,1.7109375,4000,1.28178767,1,0,0.516692397,0.926833929,0
flagship,34454,k_norm,decoder.layers.self_attention.k_layernorm.weight,34,128,1.40049777,1.84375,4000,1.35260826,1,0,0.542073439,0.937339198,0
flagship,34454,k_norm,decoder.layers.self_attention.k_layernorm.weight,35,128,1.48428386,1.8515625,4000,1.44248773,1,0,0.544884438,0.964955108,0
flagship,34454,k_norm,decoder.layers.self_attention.k_layernorm.weight,36,128,1.37858871,1.8359375,4000,1.34466599,1,0,0.487134509,0.955935011,0
flagship,34454,k_norm,decoder.layers.self_attention.k_layernorm.weight,37,128,1.25309223,1.7109375,4000,1.22752349,1,0,0.306966587,0.982704387,0
flagship,34454,k_norm,decoder.layers.self_attention.k_layernorm.weight,38,128,1.55000086,2.0625,4000,1.50005076,1,0,0.522940601,0.992194892,0
flagship,34454,k_norm,decoder.layers.self_attention.k_layernorm.weight,39,128,1.3668788,1.796875,4000,1.33601544,1,0,0.391361086,0.984933885,0
flagship,34454,k_norm,decoder.layers.self_attention.k_layernorm.weight,40,128,1.29781662,1.703125,4000,1.26875144,1,0,0.399290314,0.965633373,0
flagship,34454,k_norm,decoder.layers.self_attention.k_layernorm.weight,41,128,1.29832951,1.6875,4000,1.26344646,1,0,0.362527183,0.975455265,0
flagship,34454,k_norm,decoder.layers.self_attention.k_layernorm.weight,42,128,1.21219009,1.6484375,4000,1.18494104,1,0,0.303781344,0.975492487,0
flagship,34454,k_norm,decoder.layers.self_attention.k_layernorm.weight,43,128,1.26103163,1.84375,4000,1.22980721,1,0,0.347609415,0.972344871,0
flagship,34454,k_norm,decoder.layers.self_attention.k_layernorm.weight,44,128,1.24019828,1.7578125,4000,1.20774945,1,0,0.359841466,0.964261607,0
flagship,34454,k_norm,decoder.layers.self_attention.k_layernorm.weight,45,128,1.27304742,1.7421875,4000,1.21392234,1,0,0.429363476,0.942916353,0
flagship,34454,k_norm,decoder.layers.self_attention.k_layernorm.weight,46,128,1.33042105,1.875,4000,1.27873701,1,0,0.463152104,0.94650364,0
flagship,34454,k_norm,decoder.layers.self_attention.k_layernorm.weight,47,128,1.2485309,1.84375,4000,1.21722661,1,0,0.403692925,0.952440827,0
flagship,34454,k_norm,decoder.layers.self_attention.k_layernorm.weight,48,128,1.41655321,1.7265625,4000,1.31379966,1,0,0.444453889,0.962296753,0
flagship,34454,k_norm,decoder.layers.self_attention.k_layernorm.weight,49,128,1.28445288,1.671875,4000,1.23319055,1,0,0.423995469,0.949158579,0
flagship,34454,k_norm,decoder.layers.self_attention.k_layernorm.weight,50,128,1.38310175,1.6484375,4000,1.31422131,1,0,0.361710754,0.987787583,0
flagship,34454,k_norm,decoder.layers.self_attention.k_layernorm.weight,51,128,1.38812021,1.7109375,4000,1.31838528,1,0,0.451077327,0.961277794,0
flagship,34454,k_norm,decoder.layers.self_attention.k_layernorm.weight,52,128,1.42277826,1.8671875,4000,1.35395675,1,0,0.416494602,0.982206828,0
flagship,34454,k_norm,decoder.layers.self_attention.k_layernorm.weight,53,128,1.38090755,1.71875,4000,1.28309406,1,0,0.427418909,0.960040077,0
flagship,34454,k_norm,decoder.layers.self_attention.k_layernorm.weight,54,128,1.32453601,1.6875,4000,1.26947319,1,0,0.448497619,0.949374939,0
flagship,34454,k_norm,decoder.layers.self_attention.k_layernorm.weight,55,128,1.45523568,1.9296875,4000,1.33876916,1,0,0.381770351,0.988428156,0
flagship,34454,k_norm,decoder.layers.self_attention.k_layernorm.weight,56,128,1.45567351,1.828125,4000,1.35596637,1,0,0.397328094,0.988510939,0
flagship,34454,k_norm,decoder.layers.self_attention.k_layernorm.weight,57,128,1.4357624,1.7578125,4000,1.34228023,1,0,0.402970418,0.983152027,0
flagship,34454,k_norm,decoder.layers.self_attention.k_layernorm.weight,58,128,1.49855783,1.7890625,4000,1.39910673,1,0,0.408297582,0.997348049,0
flagship,34454,k_norm,decoder.layers.self_attention.k_layernorm.weight,59,128,1.46756144,1.6953125,4000,1.34231766,1,0,0.356203828,0.996386925,0
flagship,34454,k_norm,decoder.layers.self_attention.k_layernorm.weight,60,128,1.39428192,1.7265625,4000,1.33008685,1,0,0.364539884,0.991003593,0
flagship,34454,k_norm,decoder.layers.self_attention.k_layernorm.weight,61,128,1.3910332,1.8671875,4000,1.31842158,1,0,0.337775069,0.995183749,0
flagship,34454,k_norm,decoder.layers.self_attention.k_layernorm.weight,62,128,1.30584793,1.6015625,4000,1.25451835,1,0,0.267446897,0.997310422,0
flagship,34454,k_norm,decoder.layers.self_attention.k_layernorm.weight,63,128,1.17176523,1.3671875,4000,1.14531799,1,0,0.157273821,0.998420641,0
flagship,34454,pre_mlp_norm,decoder.layers.mlp.linear_fc1.layer_norm_weight,0,5120,0.606950542,0.796875,4000,0.61964473,1,0,0.388038268,0.99523633,0
flagship,34454,pre_mlp_norm,decoder.layers.mlp.linear_fc1.layer_norm_weight,1,5120,0.910290044,1.03125,4000,0.925153347,1,0,0.105907118,0.996965748,0
flagship,34454,pre_mlp_norm,decoder.layers.mlp.linear_fc1.layer_norm_weight,2,5120,0.924602095,1,4000,0.936676696,1,0,0.0856972336,0.99822021,0
flagship,34454,pre_mlp_norm,decoder.layers.mlp.linear_fc1.layer_norm_weight,3,5120,0.865001245,0.94921875,4000,0.883086603,1,0,0.127217463,0.998575712,0
flagship,34454,pre_mlp_norm,decoder.layers.mlp.linear_fc1.layer_norm_weight,4,5120,0.826858953,0.9140625,4000,0.843006571,1,0,0.163432064,0.998776342,0
flagship,34454,pre_mlp_norm,decoder.layers.mlp.linear_fc1.layer_norm_weight,5,5120,0.734981051,1.09375,4000,0.752625031,1,0,0.250335725,0.999021026,0
flagship,34454,pre_mlp_norm,decoder.layers.mlp.linear_fc1.layer_norm_weight,6,5120,0.672093161,0.8515625,4000,0.690420841,1,0,0.311893141,0.998958551,0
flagship,34454,pre_mlp_norm,decoder.layers.mlp.linear_fc1.layer_norm_weight,7,5120,0.64769134,0.83203125,4000,0.663481814,1,0,0.338695767,0.998891957,0
flagship,34454,pre_mlp_norm,decoder.layers.mlp.linear_fc1.layer_norm_weight,8,5120,0.657256549,0.80078125,4000,0.671182852,1,0,0.330934892,0.998959162,0
flagship,34454,pre_mlp_norm,decoder.layers.mlp.linear_fc1.layer_norm_weight,9,5120,0.671208541,0.7578125,4000,0.683277502,1,0,0.318845618,0.999012563,0
flagship,34454,pre_mlp_norm,decoder.layers.mlp.linear_fc1.layer_norm_weight,10,5120,0.663835945,0.74609375,4000,0.673937132,1,0,0.328073326,0.999024306,0
flagship,34454,pre_mlp_norm,decoder.layers.mlp.linear_fc1.layer_norm_weight,11,5120,0.66605024,0.7421875,4000,0.674448127,1,0,0.327399644,0.999105562,0
flagship,34454,pre_mlp_norm,decoder.layers.mlp.linear_fc1.layer_norm_weight,12,5120,0.673574182,0.75390625,4000,0.680648247,1,0,0.32120618,0.9991274,0
flagship,34454,pre_mlp_norm,decoder.layers.mlp.linear_fc1.layer_norm_weight,13,5120,0.677830002,0.74609375,4000,0.683510663,1,0,0.318260117,0.999177773,0
flagship,34454,pre_mlp_norm,decoder.layers.mlp.linear_fc1.layer_norm_weight,14,5120,0.669094847,0.73828125,4000,0.673468098,1,0,0.328119827,0.99922822,0
flagship,34454,pre_mlp_norm,decoder.layers.mlp.linear_fc1.layer_norm_weight,15,5120,0.662497738,0.7265625,4000,0.665541587,1,0,0.335864777,0.999291766,0
flagship,34454,pre_mlp_norm,decoder.layers.mlp.linear_fc1.layer_norm_weight,16,5120,0.642257249,0.71484375,4000,0.644188297,1,0,0.357012569,0.999335593,0
flagship,34454,pre_mlp_norm,decoder.layers.mlp.linear_fc1.layer_norm_weight,17,5120,0.619270733,0.6796875,4000,0.620044613,1,0,0.380971652,0.999376413,0
flagship,34454,pre_mlp_norm,decoder.layers.mlp.linear_fc1.layer_norm_weight,18,5120,0.61426133,0.68359375,4000,0.614037434,1,0,0.386943785,0.999382457,0
flagship,34454,pre_mlp_norm,decoder.layers.mlp.linear_fc1.layer_norm_weight,19,5120,0.619171643,0.6875,4000,0.617702099,1,0,0.383249607,0.999410252,0
flagship,34454,pre_mlp_norm,decoder.layers.mlp.linear_fc1.layer_norm_weight,20,5120,0.630199623,0.69140625,4000,0.62773903,1,0,0.373169947,0.999460302,0
flagship,34454,pre_mlp_norm,decoder.layers.mlp.linear_fc1.layer_norm_weight,21,5120,0.630318772,0.69140625,4000,0.626688242,1,0,0.374233367,0.999450328,0
flagship,34454,pre_mlp_norm,decoder.layers.mlp.linear_fc1.layer_norm_weight,22,5120,0.62935058,0.70703125,4000,0.624707219,1,0,0.376310792,0.999387601,0
flagship,34454,pre_mlp_norm,decoder.layers.mlp.linear_fc1.layer_norm_weight,23,5120,0.633533748,0.69140625,4000,0.627771789,1,0,0.373223455,0.999409097,0
flagship,34454,pre_mlp_norm,decoder.layers.mlp.linear_fc1.layer_norm_weight,24,5120,0.642973531,0.71484375,4000,0.636067649,1,0,0.365007431,0.999383973,0
flagship,34454,pre_mlp_norm,decoder.layers.mlp.linear_fc1.layer_norm_weight,25,5120,0.663035193,0.71875,4000,0.654757118,1,0,0.346433051,0.99937136,0
flagship,34454,pre_mlp_norm,decoder.layers.mlp.linear_fc1.layer_norm_weight,26,5120,0.67553108,0.74609375,4000,0.665903336,1,0,0.335354643,0.999367657,0
flagship,34454,pre_mlp_norm,decoder.layers.mlp.linear_fc1.layer_norm_weight,27,5120,0.692673965,0.75390625,4000,0.681617697,1,0,0.319791919,0.999340115,0
flagship,34454,pre_mlp_norm,decoder.layers.mlp.linear_fc1.layer_norm_weight,28,5120,0.708351284,0.77734375,4000,0.695878107,1,0,0.305637453,0.999336001,0
flagship,34454,pre_mlp_norm,decoder.layers.mlp.linear_fc1.layer_norm_weight,29,5120,0.7232245,0.796875,4000,0.709119239,1,0,0.292501192,0.999333448,0
flagship,34454,pre_mlp_norm,decoder.layers.mlp.linear_fc1.layer_norm_weight,30,5120,0.744241401,0.80859375,4000,0.728523121,1,0,0.273088444,0.999397685,0
flagship,34454,pre_mlp_norm,decoder.layers.mlp.linear_fc1.layer_norm_weight,31,5120,0.764723133,0.8203125,4000,0.747301028,1,0,0.254538528,0.999375693,0
flagship,34454,pre_mlp_norm,decoder.layers.mlp.linear_fc1.layer_norm_weight,32,5120,0.77982775,0.83203125,4000,0.760737321,1,0,0.24130593,0.999354625,0
flagship,34454,pre_mlp_norm,decoder.layers.mlp.linear_fc1.layer_norm_weight,33,5120,0.798605663,0.859375,4000,0.777619971,1,0,0.224690391,0.999335861,0
flagship,34454,pre_mlp_norm,decoder.layers.mlp.linear_fc1.layer_norm_weight,34,5120,0.821690463,0.87109375,4000,0.798643683,1,0,0.204001918,0.999328602,0
flagship,34454,pre_mlp_norm,decoder.layers.mlp.linear_fc1.layer_norm_weight,35,5120,0.847476694,0.90625,4000,0.82232498,1,0,0.180840267,0.999310011,0
flagship,34454,pre_mlp_norm,decoder.layers.mlp.linear_fc1.layer_norm_weight,36,5120,0.870260928,0.92578125,4000,0.842882372,1,0,0.160868625,0.999292448,0
flagship,34454,pre_mlp_norm,decoder.layers.mlp.linear_fc1.layer_norm_weight,37,5120,0.889010376,0.94140625,4000,0.859568147,1,0,0.145000301,0.99924149,0
flagship,34454,pre_mlp_norm,decoder.layers.mlp.linear_fc1.layer_norm_weight,38,5120,0.904935997,0.9609375,4000,0.87340732,1,0,0.132022832,0.999196067,0
flagship,34454,pre_mlp_norm,decoder.layers.mlp.linear_fc1.layer_norm_weight,39,5120,0.917516586,0.9765625,4000,0.883924349,1,0,0.122424534,0.999143473,0
flagship,34454,pre_mlp_norm,decoder.layers.mlp.linear_fc1.layer_norm_weight,40,5120,0.92906182,0.98046875,4000,0.893593795,1,0,0.113782953,0.999091153,0
flagship,34454,pre_mlp_norm,decoder.layers.mlp.linear_fc1.layer_norm_weight,41,5120,0.939978499,0.99609375,4000,0.90178372,1,0,0.106616577,0.999045971,0
flagship,34454,pre_mlp_norm,decoder.layers.mlp.linear_fc1.layer_norm_weight,42,5120,0.949809918,1,4000,0.910640807,1,0,0.0991850292,0.998982801,0
flagship,34454,pre_mlp_norm,decoder.layers.mlp.linear_fc1.layer_norm_weight,43,5120,0.959026298,1.0234375,4000,0.917653399,1,0,0.093322528,0.998949423,0
flagship,34454,pre_mlp_norm,decoder.layers.mlp.linear_fc1.layer_norm_weight,44,5120,0.965065539,1.03125,4000,0.922401799,1,0,0.0899349249,0.998879659,0
flagship,34454,pre_mlp_norm,decoder.layers.mlp.linear_fc1.layer_norm_weight,45,5120,0.971187883,1.0390625,4000,0.927659803,1,0,0.0861082921,0.998824174,0
flagship,34454,pre_mlp_norm,decoder.layers.mlp.linear_fc1.layer_norm_weight,46,5120,0.977492354,1.0625,4000,0.932598703,1,0,0.0827067833,0.998768239,0
flagship,34454,pre_mlp_norm,decoder.layers.mlp.linear_fc1.layer_norm_weight,47,5120,0.982845721,1.0703125,4000,0.937309081,1,0,0.0793804535,0.998735153,0
flagship,34454,pre_mlp_norm,decoder.layers.mlp.linear_fc1.layer_norm_weight,48,5120,0.986531289,1.0625,4000,0.940356126,1,0,0.0780022151,0.998656384,0
flagship,34454,pre_mlp_norm,decoder.layers.mlp.linear_fc1.layer_norm_weight,49,5120,0.994831832,1.078125,4000,0.948092023,1,0,0.0727682947,0.99862841,0
flagship,34454,pre_mlp_norm,decoder.layers.mlp.linear_fc1.layer_norm_weight,50,5120,0.99826515,1.1015625,4000,0.951971654,1,0,0.0706847659,0.998587345,0
flagship,34454,pre_mlp_norm,decoder.layers.mlp.linear_fc1.layer_norm_weight,51,5120,1.00362274,1.1171875,4000,0.957489334,1,0,0.067864224,0.99853868,0
flagship,34454,pre_mlp_norm,decoder.layers.mlp.linear_fc1.layer_norm_weight,52,5120,1.00496561,1.1328125,4000,0.959975403,1,0,0.0665210133,0.99852961,0
flagship,34454,pre_mlp_norm,decoder.layers.mlp.linear_fc1.layer_norm_weight,53,5120,1.01038709,1.15625,4000,0.967032036,1,0,0.0617104086,0.998592969,0
flagship,34454,pre_mlp_norm,decoder.layers.mlp.linear_fc1.layer_norm_weight,54,5120,1.01530793,1.203125,4000,0.974331718,1,0,0.0580144953,0.998610935,0
flagship,34454,pre_mlp_norm,decoder.layers.mlp.linear_fc1.layer_norm_weight,55,5120,1.0126276,1.2421875,4000,0.974628201,1,0,0.0579042326,0.998610151,0
flagship,34454,pre_mlp_norm,decoder.layers.mlp.linear_fc1.layer_norm_weight,56,5120,1.01384632,1.3125,4000,0.978974476,1,0,0.0551114562,0.998674531,0
flagship,34454,pre_mlp_norm,decoder.layers.mlp.linear_fc1.layer_norm_weight,57,5120,1.02184833,1.3671875,4000,0.990829972,1,0,0.0514098481,0.998708717,0
flagship,34454,pre_mlp_norm,decoder.layers.mlp.linear_fc1.layer_norm_weight,58,5120,1.02407149,1.421875,4000,0.997503493,1,0,0.0493815134,0.998780806,0
flagship,34454,pre_mlp_norm,decoder.layers.mlp.linear_fc1.layer_norm_weight,59,5120,1.02501056,1.4765625,4000,1.00344924,1,0,0.0495694447,0.998781586,0
flagship,34454,pre_mlp_norm,decoder.layers.mlp.linear_fc1.layer_norm_weight,60,5120,1.03765922,1.5390625,4000,1.0217441,1,0,0.0547237476,0.998765893,0
flagship,34454,pre_mlp_norm,decoder.layers.mlp.linear_fc1.layer_norm_weight,61,5120,1.06717119,1.5859375,4000,1.05592168,1,0,0.0734211591,0.998928219,0
flagship,34454,pre_mlp_norm,decoder.layers.mlp.linear_fc1.layer_norm_weight,62,5120,1.09448072,1.5234375,4000,1.08895715,1,0,0.0969205099,0.999320354,0
flagship,34454,pre_mlp_norm,decoder.layers.mlp.linear_fc1.layer_norm_weight,63,5120,1.10832429,1.3359375,4000,1.10867741,1,0,0.114269778,0.999437707,0
flagship,34454,q_norm,decoder.layers.self_attention.q_layernorm.weight,0,128,1.10453997,1.5625,4000,1.14458273,1,0,0.25860439,0.979917544,0
flagship,34454,q_norm,decoder.layers.self_attention.q_layernorm.weight,1,128,1.49122517,1.9140625,4000,1.38078807,1,0,0.392921269,0.996600645,0
flagship,34454,q_norm,decoder.layers.self_attention.q_layernorm.weight,2,128,1.47891532,1.7734375,4000,1.31070976,1,0,0.332662797,0.994612089,0
flagship,34454,q_norm,decoder.layers.self_attention.q_layernorm.weight,3,128,1.58477876,1.8515625,4000,1.38526187,1,0,0.403609883,0.994775637,0
flagship,34454,q_norm,decoder.layers.self_attention.q_layernorm.weight,4,128,1.49991576,1.7578125,4000,1.34757637,1,0,0.3684234,0.994461737,0
flagship,34454,q_norm,decoder.layers.self_attention.q_layernorm.weight,5,128,1.47224659,1.71875,4000,1.30991285,1,0,0.328127755,0.995563884,0
flagship,34454,q_norm,decoder.layers.self_attention.q_layernorm.weight,6,128,1.71740757,2.0625,4000,1.48015291,1,0,0.504514932,0.991896614,0
flagship,34454,q_norm,decoder.layers.self_attention.q_layernorm.weight,7,128,1.63358132,1.9921875,4000,1.41704844,1,0,0.47092127,0.983120746,0
flagship,34454,q_norm,decoder.layers.self_attention.q_layernorm.weight,8,128,1.59289993,1.8203125,4000,1.46252357,1,0,0.49058988,0.990854718,0
flagship,34454,q_norm,decoder.layers.self_attention.q_layernorm.weight,9,128,1.55285603,1.8515625,4000,1.48554582,1,0,0.51124849,0.991376812,0
flagship,34454,q_norm,decoder.layers.self_attention.q_layernorm.weight,10,128,1.5975485,1.859375,4000,1.54682681,1,0,0.557291517,0.996265172,0
flagship,34454,q_norm,decoder.layers.self_attention.q_layernorm.weight,11,128,1.60928178,1.8671875,4000,1.56257693,1,0,0.579125842,0.99395424,0
flagship,34454,q_norm,decoder.layers.self_attention.q_layernorm.weight,12,128,1.54635334,1.9609375,4000,1.49181635,1,0,0.503755857,0.996016051,0
flagship,34454,q_norm,decoder.layers.self_attention.q_layernorm.weight,13,128,1.50646994,1.703125,4000,1.46504182,1,0,0.491570308,0.991338998,0
flagship,34454,q_norm,decoder.layers.self_attention.q_layernorm.weight,14,128,1.44840598,1.7734375,4000,1.44115438,1,0,0.460857967,0.993833805,0
flagship,34454,q_norm,decoder.layers.self_attention.q_layernorm.weight,15,128,1.57959615,1.8828125,4000,1.55003722,1,0,0.561652292,0.995834825,0
flagship,34454,q_norm,decoder.layers.self_attention.q_layernorm.weight,16,128,1.42380267,1.78125,4000,1.40933493,1,0,0.421637751,0.996373005,0
flagship,34454,q_norm,decoder.layers.self_attention.q_layernorm.weight,17,128,1.62247917,1.9296875,4000,1.55622301,1,0,0.569175839,0.995316515,0
flagship,34454,q_norm,decoder.layers.self_attention.q_layernorm.weight,18,128,1.6101031,1.8984375,4000,1.57668845,1,0,0.615388207,0.985370264,0
flagship,34454,q_norm,decoder.layers.self_attention.q_layernorm.weight,19,128,1.68002097,1.96875,4000,1.59633231,1,0,0.622779928,0.989901033,0
flagship,34454,q_norm,decoder.layers.self_attention.q_layernorm.weight,20,128,1.54129881,1.875,4000,1.50983365,1,0,0.548729609,0.986364779,0
flagship,34454,q_norm,decoder.layers.self_attention.q_layernorm.weight,21,128,1.54726424,1.9140625,4000,1.49642993,1,0,0.550727981,0.981001904,0
flagship,34454,q_norm,decoder.layers.self_attention.q_layernorm.weight,22,128,1.66235967,2.03125,4000,1.56751887,1,0,0.635509603,0.973909473,0
flagship,34454,q_norm,decoder.layers.self_attention.q_layernorm.weight,23,128,1.59102664,1.9296875,4000,1.51531223,1,0,0.534774603,0.993256447,0
flagship,34454,q_norm,decoder.layers.self_attention.q_layernorm.weight,24,128,1.56865647,1.8125,4000,1.46948215,1,0,0.48803354,0.993955949,0
flagship,34454,q_norm,decoder.layers.self_attention.q_layernorm.weight,25,128,1.5578584,1.90625,4000,1.486895,1,0,0.569761964,0.970555433,0
flagship,34454,q_norm,decoder.layers.self_attention.q_layernorm.weight,26,128,1.42617039,1.84375,4000,1.38453058,1,0,0.546924645,0.945373977,0
flagship,34454,q_norm,decoder.layers.self_attention.q_layernorm.weight,27,128,1.56904366,2,4000,1.4754651,1,0,0.547448017,0.975047778,0
flagship,34454,q_norm,decoder.layers.self_attention.q_layernorm.weight,28,128,1.39749112,1.7421875,4000,1.35182917,1,0,0.52636023,0.943309655,0
flagship,34454,q_norm,decoder.layers.self_attention.q_layernorm.weight,29,128,1.4743124,1.8359375,4000,1.41057141,1,0,0.541015485,0.956000502,0
flagship,34454,q_norm,decoder.layers.self_attention.q_layernorm.weight,30,128,1.47164033,1.8359375,4000,1.40816985,1,0,0.470582829,0.98052594,0
flagship,34454,q_norm,decoder.layers.self_attention.q_layernorm.weight,31,128,1.37231007,1.6875,4000,1.34033826,1,0,0.455016968,0.965974891,0
flagship,34454,q_norm,decoder.layers.self_attention.q_layernorm.weight,32,128,1.51351602,1.8125,4000,1.46781191,1,0,0.52090656,0.982117717,0
flagship,34454,q_norm,decoder.layers.self_attention.q_layernorm.weight,33,128,1.34241583,1.7109375,4000,1.30638354,1,0,0.518044119,0.933213015,0
flagship,34454,q_norm,decoder.layers.self_attention.q_layernorm.weight,34,128,1.41990222,1.828125,4000,1.37291203,1,0,0.522977154,0.951037752,0
flagship,34454,q_norm,decoder.layers.self_attention.q_layernorm.weight,35,128,1.52483118,1.828125,4000,1.483132,1,0,0.536899803,0.981510454,0
flagship,34454,q_norm,decoder.layers.self_attention.q_layernorm.weight,36,128,1.40164623,1.796875,4000,1.36834036,1,0,0.473578434,0.967624316,0
flagship,34454,q_norm,decoder.layers.self_attention.q_layernorm.weight,37,128,1.25710945,1.59375,4000,1.23273604,1,0,0.303943528,0.984499682,0
flagship,34454,q_norm,decoder.layers.self_attention.q_layernorm.weight,38,128,1.57234721,2.03125,4000,1.52311206,1,0,0.538188301,0.994747459,0
flagship,34454,q_norm,decoder.layers.self_attention.q_layernorm.weight,39,128,1.37818631,1.765625,4000,1.34837346,1,0,0.382703432,0.990693286,0
flagship,34454,q_norm,decoder.layers.self_attention.q_layernorm.weight,40,128,1.31347724,1.6875,4000,1.28445351,1,0,0.394325378,0.970968702,0
flagship,34454,q_norm,decoder.layers.self_attention.q_layernorm.weight,41,128,1.30952034,1.640625,4000,1.27571501,1,0,0.366040522,0.977280624,0
flagship,34454,q_norm,decoder.layers.self_attention.q_layernorm.weight,42,128,1.21299264,1.609375,4000,1.18704823,1,0,0.302579078,0.976173227,0
flagship,34454,q_norm,decoder.layers.self_attention.q_layernorm.weight,43,128,1.26910553,1.7109375,4000,1.23894254,1,0,0.320404076,0.98161124,0
flagship,34454,q_norm,decoder.layers.self_attention.q_layernorm.weight,44,128,1.2472966,1.6796875,4000,1.21579012,1,0,0.358406057,0.966322509,0
flagship,34454,q_norm,decoder.layers.self_attention.q_layernorm.weight,45,128,1.29147227,1.734375,4000,1.23298025,1,0,0.424709374,0.948864449,0
flagship,34454,q_norm,decoder.layers.self_attention.q_layernorm.weight,46,128,1.3426653,1.6953125,4000,1.29098252,1,0,0.444681186,0.956207568,0
flagship,34454,q_norm,decoder.layers.self_attention.q_layernorm.weight,47,128,1.26561943,1.7109375,4000,1.23311685,1,0,0.405729895,0.955286767,0
flagship,34454,q_norm,decoder.layers.self_attention.q_layernorm.weight,48,128,1.44172564,1.71875,4000,1.33709165,1,0,0.433974968,0.972064933,0
flagship,34454,q_norm,decoder.layers.self_attention.q_layernorm.weight,49,128,1.30573724,1.7109375,4000,1.25292371,1,0,0.427029168,0.952757098,0
flagship,34454,q_norm,decoder.layers.self_attention.q_layernorm.weight,50,128,1.39003785,1.6640625,4000,1.32066978,1,0,0.357033175,0.990670044,0
flagship,34454,q_norm,decoder.layers.self_attention.q_layernorm.weight,51,128,1.42500925,1.75,4000,1.35004526,1,0,0.434475389,0.975468534,0
flagship,34454,q_norm,decoder.layers.self_attention.q_layernorm.weight,52,128,1.43952021,1.78125,4000,1.3689292,1,0,0.401267251,0.990902873,0
flagship,34454,q_norm,decoder.layers.self_attention.q_layernorm.weight,53,128,1.39510899,1.703125,4000,1.29491672,1,0,0.423971404,0.964176894,0
flagship,34454,q_norm,decoder.layers.self_attention.q_layernorm.weight,54,128,1.33602537,1.65625,4000,1.2792899,1,0,0.440079046,0.954792609,0
flagship,34454,q_norm,decoder.layers.self_attention.q_layernorm.weight,55,128,1.47576762,1.9296875,4000,1.3517562,1,0,0.375225769,0.993688966,0
flagship,34454,q_norm,decoder.layers.self_attention.q_layernorm.weight,56,128,1.47589262,1.75,4000,1.3710291,1,0,0.39373095,0.993668454,0
flagship,34454,q_norm,decoder.layers.self_attention.q_layernorm.weight,57,128,1.44676408,1.8671875,4000,1.35049677,1,0,0.407495509,0.984004181,0
flagship,34454,q_norm,decoder.layers.self_attention.q_layernorm.weight,58,128,1.52139255,1.7421875,4000,1.41524079,1,0,0.423243697,0.997629267,0
flagship,34454,q_norm,decoder.layers.self_attention.q_layernorm.weight,59,128,1.48264268,1.8125,4000,1.35055004,1,0,0.363940636,0.996457942,0
flagship,34454,q_norm,decoder.layers.self_attention.q_layernorm.weight,60,128,1.42252545,1.7265625,4000,1.35603685,1,0,0.372917834,0.995462707,0
flagship,34454,q_norm,decoder.layers.self_attention.q_layernorm.weight,61,128,1.41174599,1.8046875,4000,1.33576782,1,0,0.352811549,0.995607035,0
flagship,34454,q_norm,decoder.layers.self_attention.q_layernorm.weight,62,128,1.3210541,1.703125,4000,1.26736442,1,0,0.28035225,0.997193527,0
flagship,34454,q_norm,decoder.layers.self_attention.q_layernorm.weight,63,128,1.17349645,1.3984375,4000,1.147534,1,0,0.159836243,0.998352404,0
flagship,36000,attention_input_norm,decoder.layers.self_attention.linear_qkv.layer_norm_weight,0,5120,0.268029207,0.85546875,4000,0.271595189,1,0,0.740537632,0.967189375,0
flagship,36000,attention_input_norm,decoder.layers.self_attention.linear_qkv.layer_norm_weight,1,5120,0.550799173,0.8515625,4000,0.556332517,1,0,0.445598062,0.998457041,0
flagship,36000,attention_input_norm,decoder.layers.self_attention.linear_qkv.layer_norm_weight,2,5120,0.749260178,0.875,4000,0.748510799,1,0,0.255599618,0.998607671,0
flagship,36000,attention_input_norm,decoder.layers.self_attention.linear_qkv.layer_norm_weight,3,5120,0.857480733,0.99609375,4000,0.852522496,1,0,0.153063503,0.99901538,0
flagship,36000,attention_input_norm,decoder.layers.self_attention.linear_qkv.layer_norm_weight,4,5120,0.86488066,1.0078125,4000,0.864852336,1,0,0.141379944,0.999003646,0
flagship,36000,attention_input_norm,decoder.layers.self_attention.linear_qkv.layer_norm_weight,5,5120,0.955702182,1.0703125,4000,0.951854017,1,0,0.063330538,0.999110829,0
flagship,36000,attention_input_norm,decoder.layers.self_attention.linear_qkv.layer_norm_weight,6,5120,1.02252505,1.171875,4000,1.01649906,1,0,0.0472687002,0.999034868,0
flagship,36000,attention_input_norm,decoder.layers.self_attention.linear_qkv.layer_norm_weight,7,5120,1.13355647,1.2734375,4000,1.12023043,1,0,0.126662255,0.999291231,0
flagship,36000,attention_input_norm,decoder.layers.self_attention.linear_qkv.layer_norm_weight,8,5120,1.08542294,1.2265625,4000,1.09587615,1,0,0.107778355,0.998894064,0
flagship,36000,attention_input_norm,decoder.layers.self_attention.linear_qkv.layer_norm_weight,9,5120,1.00189591,1.1640625,4000,1.01646386,1,0,0.0498010808,0.998913346,0
flagship,36000,attention_input_norm,decoder.layers.self_attention.linear_qkv.layer_norm_weight,10,5120,1.03259363,1.25,4000,1.04885655,1,0,0.0657652733,0.999076085,0
flagship,36000,attention_input_norm,decoder.layers.self_attention.linear_qkv.layer_norm_weight,11,5120,1.0701451,1.2265625,4000,1.08743368,1,0,0.10033638,0.998886028,0
flagship,36000,attention_input_norm,decoder.layers.self_attention.linear_qkv.layer_norm_weight,12,5120,1.01382815,1.2109375,4000,1.03017178,1,0,0.0492071249,0.999266625,0
flagship,36000,attention_input_norm,decoder.layers.self_attention.linear_qkv.layer_norm_weight,13,5120,1.02811195,1.1640625,4000,1.04486238,1,0,0.0620498716,0.999120672,0
flagship,36000,attention_input_norm,decoder.layers.self_attention.linear_qkv.layer_norm_weight,14,5120,0.981327777,1.1015625,4000,0.998551964,1,0,0.0404748487,0.999180755,0
flagship,36000,attention_input_norm,decoder.layers.self_attention.linear_qkv.layer_norm_weight,15,5120,1.10297876,1.265625,4000,1.12197368,1,0,0.129421308,0.999165623,0
flagship,36000,attention_input_norm,decoder.layers.self_attention.linear_qkv.layer_norm_weight,16,5120,1.07121994,1.21875,4000,1.08993155,1,0,0.0971150324,0.99938361,0
flagship,36000,attention_input_norm,decoder.layers.self_attention.linear_qkv.layer_norm_weight,17,5120,1.23752201,1.3984375,4000,1.2576004,1,0,0.260351615,0.999433446,0
flagship,36000,attention_input_norm,decoder.layers.self_attention.linear_qkv.layer_norm_weight,18,5120,1.17116416,1.359375,4000,1.19171636,1,0,0.196773091,0.999175775,0
flagship,36000,attention_input_norm,decoder.layers.self_attention.linear_qkv.layer_norm_weight,19,5120,1.27217693,1.4296875,4000,1.2901503,1,0,0.292913306,0.999375651,0
flagship,36000,attention_input_norm,decoder.layers.self_attention.linear_qkv.layer_norm_weight,20,5120,1.13737482,1.2578125,4000,1.15742818,1,0,0.162158161,0.999346984,0
flagship,36000,attention_input_norm,decoder.layers.self_attention.linear_qkv.layer_norm_weight,21,5120,1.11200157,1.34375,4000,1.13087648,1,0,0.135164266,0.999495645,0
flagship,36000,attention_input_norm,decoder.layers.self_attention.linear_qkv.layer_norm_weight,22,5120,1.3611791,1.5,4000,1.37678974,1,0,0.378767016,0.999457454,0
flagship,36000,attention_input_norm,decoder.layers.self_attention.linear_qkv.layer_norm_weight,23,5120,1.34304557,1.4765625,4000,1.36351801,1,0,0.365304018,0.999522674,0
flagship,36000,attention_input_norm,decoder.layers.self_attention.linear_qkv.layer_norm_weight,24,5120,1.29632956,1.4375,4000,1.30910805,1,0,0.311165994,0.999512458,0
flagship,36000,attention_input_norm,decoder.layers.self_attention.linear_qkv.layer_norm_weight,25,5120,1.20733772,1.3359375,4000,1.2250859,1,0,0.228696608,0.99933128,0
flagship,36000,attention_input_norm,decoder.layers.self_attention.linear_qkv.layer_norm_weight,26,5120,1.15722326,1.328125,4000,1.17740305,1,0,0.182324579,0.999248171,0
flagship,36000,attention_input_norm,decoder.layers.self_attention.linear_qkv.layer_norm_weight,27,5120,1.36915059,1.5859375,4000,1.38070934,1,0,0.383345412,0.999270629,0
flagship,36000,attention_input_norm,decoder.layers.self_attention.linear_qkv.layer_norm_weight,28,5120,1.25231194,1.3984375,4000,1.27357727,1,0,0.278663179,0.998897341,0
flagship,36000,attention_input_norm,decoder.layers.self_attention.linear_qkv.layer_norm_weight,29,5120,1.28560699,1.46875,4000,1.30512354,1,0,0.308974763,0.999093946,0
flagship,36000,attention_input_norm,decoder.layers.self_attention.linear_qkv.layer_norm_weight,30,5120,1.39553219,1.5703125,4000,1.41759724,1,0,0.420808464,0.999050398,0
flagship,36000,attention_input_norm,decoder.layers.self_attention.linear_qkv.layer_norm_weight,31,5120,1.09933761,1.2265625,4000,1.11962202,1,0,0.127321602,0.999150891,0
flagship,36000,attention_input_norm,decoder.layers.self_attention.linear_qkv.layer_norm_weight,32,5120,1.19363664,1.3359375,4000,1.2148574,1,0,0.219506013,0.999168962,0
flagship,36000,attention_input_norm,decoder.layers.self_attention.linear_qkv.layer_norm_weight,33,5120,1.18996999,1.359375,4000,1.21172838,1,0,0.21872074,0.998758032,0
flagship,36000,attention_input_norm,decoder.layers.self_attention.linear_qkv.layer_norm_weight,34,5120,1.31917022,1.4921875,4000,1.34184649,1,0,0.346330301,0.998850221,0
flagship,36000,attention_input_norm,decoder.layers.self_attention.linear_qkv.layer_norm_weight,35,5120,1.23701612,1.3984375,4000,1.25944933,1,0,0.264161421,0.999020483,0
flagship,36000,attention_input_norm,decoder.layers.self_attention.linear_qkv.layer_norm_weight,36,5120,1.08610998,1.25,4000,1.10612922,1,0,0.117331875,0.998868416,0
flagship,36000,attention_input_norm,decoder.layers.self_attention.linear_qkv.layer_norm_weight,37,5120,0.849970315,0.97265625,4000,0.865963735,1,0,0.140369623,0.998996545,0
flagship,36000,attention_input_norm,decoder.layers.self_attention.linear_qkv.layer_norm_weight,38,5120,1.05699488,1.1953125,4000,1.07632229,1,0,0.0858696583,0.999280649,0
flagship,36000,attention_input_norm,decoder.layers.self_attention.linear_qkv.layer_norm_weight,39,5120,0.886168672,1.015625,4000,0.902698722,1,0,0.105860015,0.999036886,0
flagship,36000,attention_input_norm,decoder.layers.self_attention.linear_qkv.layer_norm_weight,40,5120,0.965251505,1.1015625,4000,0.98286167,1,0,0.0490409552,0.998925946,0
flagship,36000,attention_input_norm,decoder.layers.self_attention.linear_qkv.layer_norm_weight,41,5120,0.921603973,1.046875,4000,0.938456788,1,0,0.0765075006,0.998899347,0
flagship,36000,attention_input_norm,decoder.layers.self_attention.linear_qkv.layer_norm_weight,42,5120,0.86847617,1.015625,4000,0.884255515,1,0,0.124561255,0.998801975,0
flagship,36000,attention_input_norm,decoder.layers.self_attention.linear_qkv.layer_norm_weight,43,5120,0.899185423,1.015625,4000,0.915066465,1,0,0.0965466822,0.998848414,0
flagship,36000,attention_input_norm,decoder.layers.self_attention.linear_qkv.layer_norm_weight,44,5120,0.942253452,1.09375,4000,0.958606526,1,0,0.06334502,0.998800774,0
flagship,36000,attention_input_norm,decoder.layers.self_attention.linear_qkv.layer_norm_weight,45,5120,1.03595689,1.1796875,4000,1.05123706,1,0,0.0702506451,0.998901334,0
flagship,36000,attention_input_norm,decoder.layers.self_attention.linear_qkv.layer_norm_weight,46,5120,1.07628735,1.203125,4000,1.08863301,1,0,0.100831007,0.99893854,0
flagship,36000,attention_input_norm,decoder.layers.self_attention.linear_qkv.layer_norm_weight,47,5120,0.983383032,1.1015625,4000,0.997890754,1,0,0.04596467,0.998943621,0
flagship,36000,attention_input_norm,decoder.layers.self_attention.linear_qkv.layer_norm_weight,48,5120,1.17956963,1.3359375,4000,1.19011658,1,0,0.197314817,0.99882834,0
flagship,36000,attention_input_norm,decoder.layers.self_attention.linear_qkv.layer_norm_weight,49,5120,1.14499546,1.3125,4000,1.14934292,1,0,0.158427729,0.998783637,0
flagship,36000,attention_input_norm,decoder.layers.self_attention.linear_qkv.layer_norm_weight,50,5120,1.06769877,1.203125,4000,1.08076074,1,0,0.0935551663,0.998968194,0
flagship,36000,attention_input_norm,decoder.layers.self_attention.linear_qkv.layer_norm_weight,51,5120,1.15273303,1.296875,4000,1.16632849,1,0,0.176621365,0.99848673,0
flagship,36000,attention_input_norm,decoder.layers.self_attention.linear_qkv.layer_norm_weight,52,5120,1.11798646,1.25,4000,1.13157034,1,0,0.140655688,0.998907152,0
flagship,36000,attention_input_norm,decoder.layers.self_attention.linear_qkv.layer_norm_weight,53,5120,1.25116942,1.3984375,4000,1.25903394,1,0,0.267932927,0.998137671,0
flagship,36000,attention_input_norm,decoder.layers.self_attention.linear_qkv.layer_norm_weight,54,5120,1.16782135,1.328125,4000,1.17865507,1,0,0.190343729,0.998170328,0
flagship,36000,attention_input_norm,decoder.layers.self_attention.linear_qkv.layer_norm_weight,55,5120,1.24304357,1.40625,4000,1.24673971,1,0,0.253781937,0.9985864,0
flagship,36000,attention_input_norm,decoder.layers.self_attention.linear_qkv.layer_norm_weight,56,5120,1.24881856,1.4296875,4000,1.25780177,1,0,0.265833549,0.998328145,0
flagship,36000,attention_input_norm,decoder.layers.self_attention.linear_qkv.layer_norm_weight,57,5120,1.21563027,1.4375,4000,1.21755114,1,0,0.229613584,0.99778494,0
flagship,36000,attention_input_norm,decoder.layers.self_attention.linear_qkv.layer_norm_weight,58,5120,1.25536552,1.421875,4000,1.25922352,1,0,0.267288169,0.998313989,0
flagship,36000,attention_input_norm,decoder.layers.self_attention.linear_qkv.layer_norm_weight,59,5120,1.17456134,1.328125,4000,1.17566608,1,0,0.188135733,0.998070676,0
flagship,36000,attention_input_norm,decoder.layers.self_attention.linear_qkv.layer_norm_weight,60,5120,1.08730767,1.2265625,4000,1.09282413,1,0,0.108775555,0.998528674,0
flagship,36000,attention_input_norm,decoder.layers.self_attention.linear_qkv.layer_norm_weight,61,5120,1.08714986,1.2890625,4000,1.08909691,1,0,0.105319134,0.998552075,0
flagship,36000,attention_input_norm,decoder.layers.self_attention.linear_qkv.layer_norm_weight,62,5120,1.01636008,1.1171875,4000,1.02092275,1,0,0.0383749092,0.999493168,0
flagship,36000,attention_input_norm,decoder.layers.self_attention.linear_qkv.layer_norm_weight,63,5120,0.974037369,1.09375,4000,0.977955296,1,0,0.0339703641,0.999658463,0
flagship,36000,final_norm,decoder.final_layernorm.weight,-1,5120,1.71664638,5.5625,4000,1.55078052,1,0,0.568224331,0.993706493,0
flagship,36000,k_norm,decoder.layers.self_attention.k_layernorm.weight,0,128,1.10995831,1.765625,4000,1.14946518,1,0,0.286290267,0.974065209,0
flagship,36000,k_norm,decoder.layers.self_attention.k_layernorm.weight,1,128,1.4818159,1.75,4000,1.37245694,1,0,0.382842015,0.997142412,0
flagship,36000,k_norm,decoder.layers.self_attention.k_layernorm.weight,2,128,1.46561877,1.8515625,4000,1.30205768,1,0,0.329286687,0.993398574,0
flagship,36000,k_norm,decoder.layers.self_attention.k_layernorm.weight,3,128,1.5695837,1.9765625,4000,1.37401474,1,0,0.399809118,0.992736505,0
flagship,36000,k_norm,decoder.layers.self_attention.k_layernorm.weight,4,128,1.48454352,1.734375,4000,1.33619176,1,0,0.363649424,0.992809413,0
flagship,36000,k_norm,decoder.layers.self_attention.k_layernorm.weight,5,128,1.46310085,1.765625,4000,1.30345443,1,0,0.325129292,0.99477371,0
flagship,36000,k_norm,decoder.layers.self_attention.k_layernorm.weight,6,128,1.69539435,2.03125,4000,1.46363539,1,0,0.48989969,0.991444611,0
flagship,36000,k_norm,decoder.layers.self_attention.k_layernorm.weight,7,128,1.60711426,2.046875,4000,1.39527649,1,0,0.460397803,0.980031688,0
flagship,36000,k_norm,decoder.layers.self_attention.k_layernorm.weight,8,128,1.57720022,1.859375,4000,1.44895378,1,0,0.481285726,0.989621324,0
flagship,36000,k_norm,decoder.layers.self_attention.k_layernorm.weight,9,128,1.51870485,1.828125,4000,1.45248962,1,0,0.494114451,0.986436311,0
flagship,36000,k_norm,decoder.layers.self_attention.k_layernorm.weight,10,128,1.57503619,2.25,4000,1.52444696,1,0,0.545222591,0.992711108,0
flagship,36000,k_norm,decoder.layers.self_attention.k_layernorm.weight,11,128,1.58972209,1.984375,4000,1.54259892,1,0,0.573830279,0.988698419,0
flagship,36000,k_norm,decoder.layers.self_attention.k_layernorm.weight,12,128,1.52588461,1.8203125,4000,1.47190826,1,0,0.485126116,0.995702876,0
flagship,36000,k_norm,decoder.layers.self_attention.k_layernorm.weight,13,128,1.49070892,1.8984375,4000,1.45172396,1,0,0.486278064,0.988836784,0
flagship,36000,k_norm,decoder.layers.self_attention.k_layernorm.weight,14,128,1.42943209,1.7734375,4000,1.42094969,1,0,0.450353624,0.990984992,0
flagship,36000,k_norm,decoder.layers.self_attention.k_layernorm.weight,15,128,1.56031058,1.890625,4000,1.52981616,1,0,0.545269132,0.994570175,0
flagship,36000,k_norm,decoder.layers.self_attention.k_layernorm.weight,16,128,1.41658873,1.984375,4000,1.40091084,1,0,0.429874148,0.991411916,0
flagship,36000,k_norm,decoder.layers.self_attention.k_layernorm.weight,17,128,1.6089311,1.921875,4000,1.54279079,1,0,0.557069202,0.99491044,0
flagship,36000,k_norm,decoder.layers.self_attention.k_layernorm.weight,18,128,1.59046294,1.9921875,4000,1.5565183,1,0,0.614710916,0.97810598,0
flagship,36000,k_norm,decoder.layers.self_attention.k_layernorm.weight,19,128,1.65834376,1.9921875,4000,1.57502659,1,0,0.615699508,0.984625561,0
flagship,36000,k_norm,decoder.layers.self_attention.k_layernorm.weight,20,128,1.5188414,1.890625,4000,1.48680905,1,0,0.539803303,0.981704257,0
flagship,36000,k_norm,decoder.layers.self_attention.k_layernorm.weight,21,128,1.52601576,1.8828125,4000,1.47434972,1,0,0.545059106,0.975554726,0
flagship,36000,k_norm,decoder.layers.self_attention.k_layernorm.weight,22,128,1.63990045,1.9921875,4000,1.54600772,1,0,0.616532313,0.973484069,0
flagship,36000,k_norm,decoder.layers.self_attention.k_layernorm.weight,23,128,1.5744787,1.8359375,4000,1.49936527,1,0,0.530553093,0.989288495,0
flagship,36000,k_norm,decoder.layers.self_attention.k_layernorm.weight,24,128,1.54945884,1.8671875,4000,1.45441431,1,0,0.486347847,0.989672176,0
flagship,36000,k_norm,decoder.layers.self_attention.k_layernorm.weight,25,128,1.52950682,1.96875,4000,1.46041363,1,0,0.564619957,0.963429888,0.0078125
flagship,36000,k_norm,decoder.layers.self_attention.k_layernorm.weight,26,128,1.40483263,1.7734375,4000,1.36221775,1,0,0.541520665,0.940522378,0
flagship,36000,k_norm,decoder.layers.self_attention.k_layernorm.weight,27,128,1.53823143,1.9921875,4000,1.44631079,1,0,0.547483206,0.965241032,0
flagship,36000,k_norm,decoder.layers.self_attention.k_layernorm.weight,28,128,1.37607607,1.75,4000,1.33001733,1,0,0.527234347,0.936442701,0
flagship,36000,k_norm,decoder.layers.self_attention.k_layernorm.weight,29,128,1.43942137,1.78125,4000,1.37648684,1,0,0.537586847,0.946509739,0
flagship,36000,k_norm,decoder.layers.self_attention.k_layernorm.weight,30,128,1.44954321,1.78125,4000,1.38582784,1,0,0.481965405,0.969899751,0
flagship,36000,k_norm,decoder.layers.self_attention.k_layernorm.weight,31,128,1.35100096,1.71875,4000,1.31842834,1,0,0.460357115,0.958081884,0
flagship,36000,k_norm,decoder.layers.self_attention.k_layernorm.weight,32,128,1.48354493,1.765625,4000,1.43735264,1,0,0.523538998,0.97119157,0
flagship,36000,k_norm,decoder.layers.self_attention.k_layernorm.weight,33,128,1.31644944,1.7109375,4000,1.27983301,1,0,0.51891964,0.925392188,0
flagship,36000,k_norm,decoder.layers.self_attention.k_layernorm.weight,34,128,1.39882221,1.859375,4000,1.35098999,1,0,0.543850515,0.936128538,0
flagship,36000,k_norm,decoder.layers.self_attention.k_layernorm.weight,35,128,1.48418772,1.859375,4000,1.4423943,1,0,0.547881346,0.963788943,0
flagship,36000,k_norm,decoder.layers.self_attention.k_layernorm.weight,36,128,1.37747641,1.8359375,4000,1.34358106,1,0,0.491429904,0.954057328,0
flagship,36000,k_norm,decoder.layers.self_attention.k_layernorm.weight,37,128,1.2475649,1.6953125,4000,1.22210895,1,0,0.305722924,0.981943459,0
flagship,36000,k_norm,decoder.layers.self_attention.k_layernorm.weight,38,128,1.5510955,2.0625,4000,1.50111012,1,0,0.524257542,0.992094313,0
flagship,36000,k_norm,decoder.layers.self_attention.k_layernorm.weight,39,128,1.36401186,1.796875,4000,1.33321323,1,0,0.391992196,0.984013501,0
flagship,36000,k_norm,decoder.layers.self_attention.k_layernorm.weight,40,128,1.29386044,1.703125,4000,1.26488386,1,0,0.401015439,0.964166701,0
flagship,36000,k_norm,decoder.layers.self_attention.k_layernorm.weight,41,128,1.29323264,1.6796875,4000,1.25848653,1,0,0.36528037,0.9735339,0
flagship,36000,k_norm,decoder.layers.self_attention.k_layernorm.weight,42,128,1.20546633,1.640625,4000,1.17836843,1,0,0.303810779,0.974334982,0
flagship,36000,k_norm,decoder.layers.self_attention.k_layernorm.weight,43,128,1.25446571,1.8203125,4000,1.22340387,1,0,0.348641345,0.97072042,0
flagship,36000,k_norm,decoder.layers.self_attention.k_layernorm.weight,44,128,1.23358733,1.75,4000,1.20131147,1,0,0.363498096,0.961873101,0
flagship,36000,k_norm,decoder.layers.self_attention.k_layernorm.weight,45,128,1.27046639,1.7421875,4000,1.21146118,1,0,0.433199294,0.941002733,0
flagship,36000,k_norm,decoder.layers.self_attention.k_layernorm.weight,46,128,1.32795632,1.859375,4000,1.27636803,1,0,0.466698834,0.944597282,0
flagship,36000,k_norm,decoder.layers.self_attention.k_layernorm.weight,47,128,1.24235737,1.8203125,4000,1.21120787,1,0,0.403875261,0.95107922,0
flagship,36000,k_norm,decoder.layers.self_attention.k_layernorm.weight,48,128,1.41719457,1.734375,4000,1.3143945,1,0,0.447403334,0.961455318,0
flagship,36000,k_norm,decoder.layers.self_attention.k_layernorm.weight,49,128,1.28264824,1.6640625,4000,1.23145794,1,0,0.425406523,0.948273536,0
flagship,36000,k_norm,decoder.layers.self_attention.k_layernorm.weight,50,128,1.38161173,1.6484375,4000,1.31280549,1,0,0.363094485,0.987054317,0
flagship,36000,k_norm,decoder.layers.self_attention.k_layernorm.weight,51,128,1.38676412,1.7109375,4000,1.31709731,1,0,0.455083448,0.959551113,0
flagship,36000,k_norm,decoder.layers.self_attention.k_layernorm.weight,52,128,1.42351942,1.8671875,4000,1.35466206,1,0,0.41930551,0.981533426,0
flagship,36000,k_norm,decoder.layers.self_attention.k_layernorm.weight,53,128,1.37966535,1.703125,4000,1.28193985,1,0,0.42957126,0.959030297,0
flagship,36000,k_norm,decoder.layers.self_attention.k_layernorm.weight,54,128,1.32217644,1.6875,4000,1.26721171,1,0,0.451135298,0.947869423,0
flagship,36000,k_norm,decoder.layers.self_attention.k_layernorm.weight,55,128,1.45307634,1.8984375,4000,1.33678264,1,0,0.382374695,0.987736279,0
flagship,36000,k_norm,decoder.layers.self_attention.k_layernorm.weight,56,128,1.45728462,1.828125,4000,1.35746713,1,0,0.400389621,0.988018457,0
flagship,36000,k_norm,decoder.layers.self_attention.k_layernorm.weight,57,128,1.43642082,1.7578125,4000,1.34289578,1,0,0.404827869,0.982758124,0
flagship,36000,k_norm,decoder.layers.self_attention.k_layernorm.weight,58,128,1.501005,1.7890625,4000,1.4013915,1,0,0.41092271,0.997237625,0
flagship,36000,k_norm,decoder.layers.self_attention.k_layernorm.weight,59,128,1.46763828,1.6953125,4000,1.34238794,1,0,0.356753847,0.996258978,0
flagship,36000,k_norm,decoder.layers.self_attention.k_layernorm.weight,60,128,1.39381668,1.7265625,4000,1.32964303,1,0,0.365690203,0.990574613,0
flagship,36000,k_norm,decoder.layers.self_attention.k_layernorm.weight,61,128,1.39087786,1.8671875,4000,1.31827435,1,0,0.337454546,0.995229744,0
flagship,36000,k_norm,decoder.layers.self_attention.k_layernorm.weight,62,128,1.30654099,1.609375,4000,1.25518416,1,0,0.268174048,0.997291888,0
flagship,36000,k_norm,decoder.layers.self_attention.k_layernorm.weight,63,128,1.17135838,1.3671875,4000,1.14492033,1,0,0.15730749,0.998365062,0
flagship,36000,pre_mlp_norm,decoder.layers.mlp.linear_fc1.layer_norm_weight,0,5120,0.597951306,0.79296875,4000,0.610457278,1,0,0.397161569,0.995090746,0
flagship,36000,pre_mlp_norm,decoder.layers.mlp.linear_fc1.layer_norm_weight,1,5120,0.909965,1.0390625,4000,0.924822995,1,0,0.106242782,0.996952959,0
flagship,36000,pre_mlp_norm,decoder.layers.mlp.linear_fc1.layer_norm_weight,2,5120,0.927003939,1.0078125,4000,0.939109906,1,0,0.0839401843,0.998222598,0
flagship,36000,pre_mlp_norm,decoder.layers.mlp.linear_fc1.layer_norm_weight,3,5120,0.868004797,0.953125,4000,0.886152952,1,0,0.124418151,0.998578842,0
flagship,36000,pre_mlp_norm,decoder.layers.mlp.linear_fc1.layer_norm_weight,4,5120,0.829879225,0.91796875,4000,0.846085826,1,0,0.160508875,0.998774636,0
flagship,36000,pre_mlp_norm,decoder.layers.mlp.linear_fc1.layer_norm_weight,5,5120,0.738147442,1.125,4000,0.755867434,1,0,0.24715075,0.999019151,0
flagship,36000,pre_mlp_norm,decoder.layers.mlp.linear_fc1.layer_norm_weight,6,5120,0.67530971,0.86328125,4000,0.693725104,1,0,0.308629382,0.998956515,0
flagship,36000,pre_mlp_norm,decoder.layers.mlp.linear_fc1.layer_norm_weight,7,5120,0.649888472,0.83984375,4000,0.665732512,1,0,0.336486089,0.998882333,0
flagship,36000,pre_mlp_norm,decoder.layers.mlp.linear_fc1.layer_norm_weight,8,5120,0.658787222,0.80078125,4000,0.672745957,1,0,0.329425148,0.998940373,0
flagship,36000,pre_mlp_norm,decoder.layers.mlp.linear_fc1.layer_norm_weight,9,5120,0.671225556,0.75,4000,0.683294823,1,0,0.318862943,0.998996475,0
flagship,36000,pre_mlp_norm,decoder.layers.mlp.linear_fc1.layer_norm_weight,10,5120,0.663307176,0.7421875,4000,0.673400317,1,0,0.328623973,0.999015175,0
flagship,36000,pre_mlp_norm,decoder.layers.mlp.linear_fc1.layer_norm_weight,11,5120,0.6648139,0.7421875,4000,0.673196199,1,0,0.328684905,0.999084188,0
flagship,36000,pre_mlp_norm,decoder.layers.mlp.linear_fc1.layer_norm_weight,12,5120,0.671633713,0.74609375,4000,0.678687399,1,0,0.323182699,0.999112059,0
flagship,36000,pre_mlp_norm,decoder.layers.mlp.linear_fc1.layer_norm_weight,13,5120,0.675366437,0.75390625,4000,0.681026452,1,0,0.320740562,0.999170088,0
flagship,36000,pre_mlp_norm,decoder.layers.mlp.linear_fc1.layer_norm_weight,14,5120,0.665570087,0.7421875,4000,0.6699203,1,0,0.331673733,0.9992127,0
flagship,36000,pre_mlp_norm,decoder.layers.mlp.linear_fc1.layer_norm_weight,15,5120,0.658972856,0.73046875,4000,0.66200051,1,0,0.339407371,0.999279677,0
flagship,36000,pre_mlp_norm,decoder.layers.mlp.linear_fc1.layer_norm_weight,16,5120,0.638301769,0.7109375,4000,0.640220925,1,0,0.360967559,0.999331015,0
flagship,36000,pre_mlp_norm,decoder.layers.mlp.linear_fc1.layer_norm_weight,17,5120,0.615469176,0.6796875,4000,0.616238305,1,0,0.384765251,0.999374219,0
flagship,36000,pre_mlp_norm,decoder.layers.mlp.linear_fc1.layer_norm_weight,18,5120,0.610357613,0.6796875,4000,0.610135139,1,0,0.390833477,0.999380304,0
flagship,36000,pre_mlp_norm,decoder.layers.mlp.linear_fc1.layer_norm_weight,19,5120,0.614642443,0.68359375,4000,0.613183648,1,0,0.387755144,0.99940706,0
flagship,36000,pre_mlp_norm,decoder.layers.mlp.linear_fc1.layer_norm_weight,20,5120,0.625492952,0.6953125,4000,0.623050736,1,0,0.377853565,0.999452237,0
flagship,36000,pre_mlp_norm,decoder.layers.mlp.linear_fc1.layer_norm_weight,21,5120,0.626062956,0.69140625,4000,0.622456938,1,0,0.378464327,0.999440535,0
flagship,36000,pre_mlp_norm,decoder.layers.mlp.linear_fc1.layer_norm_weight,22,5120,0.624751452,0.703125,4000,0.620142023,1,0,0.380874237,0.999376674,0
flagship,36000,pre_mlp_norm,decoder.layers.mlp.linear_fc1.layer_norm_weight,23,5120,0.629175485,0.6875,4000,0.623453164,1,0,0.377531484,0.999404526,0
flagship,36000,pre_mlp_norm,decoder.layers.mlp.linear_fc1.layer_norm_weight,24,5120,0.638960514,0.70703125,4000,0.632097734,1,0,0.368974716,0.999374886,0
flagship,36000,pre_mlp_norm,decoder.layers.mlp.linear_fc1.layer_norm_weight,25,5120,0.65948451,0.7109375,4000,0.651250766,1,0,0.349935318,0.999363763,0
flagship,36000,pre_mlp_norm,decoder.layers.mlp.linear_fc1.layer_norm_weight,26,5120,0.672341928,0.74609375,4000,0.662759637,1,0,0.338492654,0.999361596,0
flagship,36000,pre_mlp_norm,decoder.layers.mlp.linear_fc1.layer_norm_weight,27,5120,0.689712887,0.75390625,4000,0.678703882,1,0,0.322701837,0.999333083,0
flagship,36000,pre_mlp_norm,decoder.layers.mlp.linear_fc1.layer_norm_weight,28,5120,0.705937826,0.765625,4000,0.693507147,1,0,0.308007294,0.999329045,0
flagship,36000,pre_mlp_norm,decoder.layers.mlp.linear_fc1.layer_norm_weight,29,5120,0.720671888,0.7890625,4000,0.706616411,1,0,0.295006652,0.999324248,0
flagship,36000,pre_mlp_norm,decoder.layers.mlp.linear_fc1.layer_norm_weight,30,5120,0.74200149,0.8046875,4000,0.726330517,1,0,0.275296936,0.99938498,0
flagship,36000,pre_mlp_norm,decoder.layers.mlp.linear_fc1.layer_norm_weight,31,5120,0.761964649,0.81640625,4000,0.744605388,1,0,0.25724172,0.999364164,0
flagship,36000,pre_mlp_norm,decoder.layers.mlp.linear_fc1.layer_norm_weight,32,5120,0.777330169,0.828125,4000,0.758300881,1,0,0.24374094,0.999346446,0
flagship,36000,pre_mlp_norm,decoder.layers.mlp.linear_fc1.layer_norm_weight,33,5120,0.795524083,0.85546875,4000,0.774619368,1,0,0.227687356,0.999325408,0
flagship,36000,pre_mlp_norm,decoder.layers.mlp.linear_fc1.layer_norm_weight,34,5120,0.818427662,0.87109375,4000,0.795472397,1,0,0.207157005,0.999319597,0
flagship,36000,pre_mlp_norm,decoder.layers.mlp.linear_fc1.layer_norm_weight,35,5120,0.844953878,0.9140625,4000,0.819877037,1,0,0.183289209,0.999298277,0
flagship,36000,pre_mlp_norm,decoder.layers.mlp.linear_fc1.layer_norm_weight,36,5120,0.867925045,0.91796875,4000,0.840619976,1,0,0.163121451,0.999282306,0
flagship,36000,pre_mlp_norm,decoder.layers.mlp.linear_fc1.layer_norm_weight,37,5120,0.886396062,0.9375,4000,0.857040414,1,0,0.147494331,0.99923158,0
flagship,36000,pre_mlp_norm,decoder.layers.mlp.linear_fc1.layer_norm_weight,38,5120,0.902429722,0.953125,4000,0.870988366,1,0,0.134410038,0.999183654,0
flagship,36000,pre_mlp_norm,decoder.layers.mlp.linear_fc1.layer_norm_weight,39,5120,0.91540761,0.97265625,4000,0.881892587,1,0,0.124448923,0.999127913,0
flagship,36000,pre_mlp_norm,decoder.layers.mlp.linear_fc1.layer_norm_weight,40,5120,0.926836157,0.98046875,4000,0.8914531,1,0,0.115875992,0.999077453,0
flagship,36000,pre_mlp_norm,decoder.layers.mlp.linear_fc1.layer_norm_weight,41,5120,0.937851909,0.99609375,4000,0.899743541,1,0,0.108619749,0.999029228,0
flagship,36000,pre_mlp_norm,decoder.layers.mlp.linear_fc1.layer_norm_weight,42,5120,0.947610982,1,4000,0.908532553,1,0,0.1011783,0.998970452,0
flagship,36000,pre_mlp_norm,decoder.layers.mlp.linear_fc1.layer_norm_weight,43,5120,0.956595927,1.0078125,4000,0.915327875,1,0,0.0954886101,0.998935515,0
flagship,36000,pre_mlp_norm,decoder.layers.mlp.linear_fc1.layer_norm_weight,44,5120,0.963350269,1.0234375,4000,0.920762358,1,0,0.0914949766,0.99886359,0
flagship,36000,pre_mlp_norm,decoder.layers.mlp.linear_fc1.layer_norm_weight,45,5120,0.969188214,1.0390625,4000,0.925749758,1,0,0.0878535469,0.998808994,0
flagship,36000,pre_mlp_norm,decoder.layers.mlp.linear_fc1.layer_norm_weight,46,5120,0.975421402,1.0703125,4000,0.930622865,1,0,0.0844504149,0.998754229,0
flagship,36000,pre_mlp_norm,decoder.layers.mlp.linear_fc1.layer_norm_weight,47,5120,0.980801645,1.0703125,4000,0.93535971,1,0,0.08105093,0.998721943,0
flagship,36000,pre_mlp_norm,decoder.layers.mlp.linear_fc1.layer_norm_weight,48,5120,0.984831105,1.0625,4000,0.93873552,1,0,0.0793679432,0.998643955,0
flagship,36000,pre_mlp_norm,decoder.layers.mlp.linear_fc1.layer_norm_weight,49,5120,0.992737186,1.078125,4000,0.946095789,1,0,0.0743604353,0.998613348,0
flagship,36000,pre_mlp_norm,decoder.layers.mlp.linear_fc1.layer_norm_weight,50,5120,0.996962554,1.09375,4000,0.950729464,1,0,0.0715986076,0.998580682,0
flagship,36000,pre_mlp_norm,decoder.layers.mlp.linear_fc1.layer_norm_weight,51,5120,1.00205829,1.1328125,4000,0.955996797,1,0,0.0689717315,0.998524672,0
flagship,36000,pre_mlp_norm,decoder.layers.mlp.linear_fc1.layer_norm_weight,52,5120,1.00354853,1.140625,4000,0.958621762,1,0,0.0674329266,0.998521293,0
flagship,36000,pre_mlp_norm,decoder.layers.mlp.linear_fc1.layer_norm_weight,53,5120,1.00854711,1.1640625,4000,0.965271009,1,0,0.0628128946,0.998581043,0
flagship,36000,pre_mlp_norm,decoder.layers.mlp.linear_fc1.layer_norm_weight,54,5120,1.01460241,1.2109375,4000,0.973654671,1,0,0.0583778439,0.998606335,0
flagship,36000,pre_mlp_norm,decoder.layers.mlp.linear_fc1.layer_norm_weight,55,5120,1.01167076,1.25,4000,0.973707267,1,0,0.0585180505,0.998596573,0
flagship,36000,pre_mlp_norm,decoder.layers.mlp.linear_fc1.layer_norm_weight,56,5120,1.01271998,1.3046875,4000,0.977886877,1,0,0.0557669363,0.998659885,0
flagship,36000,pre_mlp_norm,decoder.layers.mlp.linear_fc1.layer_norm_weight,57,5120,1.02122992,1.3671875,4000,0.990230334,1,0,0.0518434528,0.998691064,0
flagship,36000,pre_mlp_norm,decoder.layers.mlp.linear_fc1.layer_norm_weight,58,5120,1.02278955,1.421875,4000,0.996254811,1,0,0.0500361479,0.998750526,0
flagship,36000,pre_mlp_norm,decoder.layers.mlp.linear_fc1.layer_norm_weight,59,5120,1.02363376,1.484375,4000,1.0021014,1,0,0.0503112065,0.998739249,0
flagship,36000,pre_mlp_norm,decoder.layers.mlp.linear_fc1.layer_norm_weight,60,5120,1.03561594,1.546875,4000,1.01973216,1,0,0.0548684709,0.998714765,0
flagship,36000,pre_mlp_norm,decoder.layers.mlp.linear_fc1.layer_norm_weight,61,5120,1.06455841,1.6015625,4000,1.05333644,1,0,0.0721690959,0.99887804,0
flagship,36000,pre_mlp_norm,decoder.layers.mlp.linear_fc1.layer_norm_weight,62,5120,1.09298736,1.53125,4000,1.08747132,1,0,0.0959430491,0.999285574,0
flagship,36000,pre_mlp_norm,decoder.layers.mlp.linear_fc1.layer_norm_weight,63,5120,1.11351239,1.3671875,4000,1.11386716,1,0,0.11969063,0.999389462,0
flagship,36000,q_norm,decoder.layers.self_attention.q_layernorm.weight,0,128,1.11023477,1.578125,4000,1.15048398,1,0,0.268045222,0.978616472,0
flagship,36000,q_norm,decoder.layers.self_attention.q_layernorm.weight,1,128,1.49471082,1.90625,4000,1.38401558,1,0,0.39654673,0.996466314,0
flagship,36000,q_norm,decoder.layers.self_attention.q_layernorm.weight,2,128,1.47717821,1.7734375,4000,1.30917022,1,0,0.332129264,0.994376737,0
flagship,36000,q_norm,decoder.layers.self_attention.q_layernorm.weight,3,128,1.58554779,1.859375,4000,1.38593409,1,0,0.404690301,0.994650136,0
flagship,36000,q_norm,decoder.layers.self_attention.q_layernorm.weight,4,128,1.49878484,1.7578125,4000,1.34656032,1,0,0.36771231,0.994390046,0
flagship,36000,q_norm,decoder.layers.self_attention.q_layernorm.weight,5,128,1.46996744,1.71875,4000,1.307885,1,0,0.326801534,0.99541012,0
flagship,36000,q_norm,decoder.layers.self_attention.q_layernorm.weight,6,128,1.72120121,2.0625,4000,1.48342247,1,0,0.508016845,0.991781224,0
flagship,36000,q_norm,decoder.layers.self_attention.q_layernorm.weight,7,128,1.63434395,1.9921875,4000,1.41770998,1,0,0.472390656,0.982834536,0
flagship,36000,q_norm,decoder.layers.self_attention.q_layernorm.weight,8,128,1.59214494,1.8125,4000,1.46183038,1,0,0.490604142,0.990626434,0
flagship,36000,q_norm,decoder.layers.self_attention.q_layernorm.weight,9,128,1.55474612,1.859375,4000,1.48735398,1,0,0.514619428,0.990816156,0
flagship,36000,q_norm,decoder.layers.self_attention.q_layernorm.weight,10,128,1.5994225,1.8671875,4000,1.54864131,1,0,0.559410914,0.996147178,0
flagship,36000,q_norm,decoder.layers.self_attention.q_layernorm.weight,11,128,1.61198662,1.8671875,4000,1.56520327,1,0,0.582782008,0.993553513,0
flagship,36000,q_norm,decoder.layers.self_attention.q_layernorm.weight,12,128,1.5506807,1.9921875,4000,1.4959911,1,0,0.508547592,0.995784237,0
flagship,36000,q_norm,decoder.layers.self_attention.q_layernorm.weight,13,128,1.51007443,1.7265625,4000,1.46854719,1,0,0.495713077,0.991081327,0
flagship,36000,q_norm,decoder.layers.self_attention.q_layernorm.weight,14,128,1.45159844,1.7890625,4000,1.44433086,1,0,0.465063533,0.99347304,0
flagship,36000,q_norm,decoder.layers.self_attention.q_layernorm.weight,15,128,1.58395179,1.890625,4000,1.55431135,1,0,0.566464305,0.995618404,0
flagship,36000,q_norm,decoder.layers.self_attention.q_layernorm.weight,16,128,1.42665876,1.796875,4000,1.412162,1,0,0.425173259,0.996142516,0
flagship,36000,q_norm,decoder.layers.self_attention.q_layernorm.weight,17,128,1.6248207,1.9296875,4000,1.55846892,1,0,0.57171785,0.995196002,0
flagship,36000,q_norm,decoder.layers.self_attention.q_layernorm.weight,18,128,1.61345373,1.90625,4000,1.57996955,1,0,0.619093154,0.985154252,0
flagship,36000,q_norm,decoder.layers.self_attention.q_layernorm.weight,19,128,1.68287988,1.96875,4000,1.5990488,1,0,0.625847781,0.989735781,0
flagship,36000,q_norm,decoder.layers.self_attention.q_layernorm.weight,20,128,1.5445107,1.875,4000,1.51297997,1,0,0.552408286,0.98611797,0
flagship,36000,q_norm,decoder.layers.self_attention.q_layernorm.weight,21,128,1.55027092,1.9140625,4000,1.49933783,1,0,0.554158098,0.980740519,0
flagship,36000,q_norm,decoder.layers.self_attention.q_layernorm.weight,22,128,1.66575767,2.03125,4000,1.57072301,1,0,0.638706627,0.973826894,0
flagship,36000,q_norm,decoder.layers.self_attention.q_layernorm.weight,23,128,1.59230762,1.9296875,4000,1.51653225,1,0,0.536445329,0.993086854,0
flagship,36000,q_norm,decoder.layers.self_attention.q_layernorm.weight,24,128,1.57108857,1.8203125,4000,1.47176049,1,0,0.490702356,0.99380645,0
flagship,36000,q_norm,decoder.layers.self_attention.q_layernorm.weight,25,128,1.5594862,1.8984375,4000,1.48844865,1,0,0.572422811,0.970074279,0
flagship,36000,q_norm,decoder.layers.self_attention.q_layernorm.weight,26,128,1.42548284,1.8203125,4000,1.3838631,1,0,0.547417145,0.944967587,0
flagship,36000,q_norm,decoder.layers.self_attention.q_layernorm.weight,27,128,1.56937264,1.9921875,4000,1.47577446,1,0,0.548053581,0.974927948,0
flagship,36000,q_norm,decoder.layers.self_attention.q_layernorm.weight,28,128,1.39627379,1.7421875,4000,1.35065161,1,0,0.526204846,0.943014551,0
flagship,36000,q_norm,decoder.layers.self_attention.q_layernorm.weight,29,128,1.47196893,1.8125,4000,1.40832926,1,0,0.540125175,0.955620317,0
flagship,36000,q_norm,decoder.layers.self_attention.q_layernorm.weight,30,128,1.47151425,1.8359375,4000,1.40804921,1,0,0.471340118,0.980236008,0
flagship,36000,q_norm,decoder.layers.self_attention.q_layernorm.weight,31,128,1.37148546,1.6796875,4000,1.33953286,1,0,0.457260723,0.964986002,0
flagship,36000,q_norm,decoder.layers.self_attention.q_layernorm.weight,32,128,1.51501655,1.8046875,4000,1.46926713,1,0,0.52323572,0.981771872,0
flagship,36000,q_norm,decoder.layers.self_attention.q_layernorm.weight,33,128,1.34053736,1.7109375,4000,1.30455549,1,0,0.519520438,0.93210429,0
flagship,36000,q_norm,decoder.layers.self_attention.q_layernorm.weight,34,128,1.4183491,1.828125,4000,1.37141031,1,0,0.524422436,0.950024703,0
flagship,36000,q_norm,decoder.layers.self_attention.q_layernorm.weight,35,128,1.52499843,1.8359375,4000,1.48329468,1,0,0.539042381,0.980788392,0
flagship,36000,q_norm,decoder.layers.self_attention.q_layernorm.weight,36,128,1.40105967,1.7734375,4000,1.36776774,1,0,0.476525644,0.966433049,0
flagship,36000,q_norm,decoder.layers.self_attention.q_layernorm.weight,37,128,1.2514827,1.6015625,4000,1.22721838,1,0,0.301757452,0.983935475,0
flagship,36000,q_norm,decoder.layers.self_attention.q_layernorm.weight,38,128,1.57377251,2.015625,4000,1.52449273,1,0,0.539394122,0.994800438,0
flagship,36000,q_norm,decoder.layers.self_attention.q_layernorm.weight,39,128,1.37631886,1.7734375,4000,1.34654641,1,0,0.382252643,0.990337255,0
flagship,36000,q_norm,decoder.layers.self_attention.q_layernorm.weight,40,128,1.30972552,1.671875,4000,1.28078469,1,0,0.394666693,0.969970847,0
flagship,36000,q_norm,decoder.layers.self_attention.q_layernorm.weight,41,128,1.30378687,1.6328125,4000,1.27012955,1,0,0.366353635,0.975890251,0
flagship,36000,q_norm,decoder.layers.self_attention.q_layernorm.weight,42,128,1.20647499,1.5859375,4000,1.18066998,1,0,0.302425099,0.975090713,0
flagship,36000,q_norm,decoder.layers.self_attention.q_layernorm.weight,43,128,1.26222261,1.6875,4000,1.23222321,1,0,0.319072328,0.980571893,0
flagship,36000,q_norm,decoder.layers.self_attention.q_layernorm.weight,44,128,1.23993325,1.6484375,4000,1.20861276,1,0,0.359593269,0.964509711,0
flagship,36000,q_norm,decoder.layers.self_attention.q_layernorm.weight,45,128,1.28899456,1.734375,4000,1.23061476,1,0,0.427814813,0.947244927,0
flagship,36000,q_norm,decoder.layers.self_attention.q_layernorm.weight,46,128,1.34038843,1.6953125,4000,1.28879329,1,0,0.44716844,0.954780163,0
flagship,36000,q_norm,decoder.layers.self_attention.q_layernorm.weight,47,128,1.25913149,1.6796875,4000,1.22679553,1,0,0.405379982,0.95398715,0
flagship,36000,q_norm,decoder.layers.self_attention.q_layernorm.weight,48,128,1.44197306,1.71875,4000,1.33732112,1,0,0.436489162,0.971309338,0
flagship,36000,q_norm,decoder.layers.self_attention.q_layernorm.weight,49,128,1.30403821,1.7109375,4000,1.2512934,1,0,0.427825363,0.952095101,0
flagship,36000,q_norm,decoder.layers.self_attention.q_layernorm.weight,50,128,1.38858369,1.671875,4000,1.31928818,1,0,0.357663477,0.990154456,0
flagship,36000,q_norm,decoder.layers.self_attention.q_layernorm.weight,51,128,1.42399893,1.765625,4000,1.34908809,1,0,0.436150247,0.974662684,0
flagship,36000,q_norm,decoder.layers.self_attention.q_layernorm.weight,52,128,1.44065461,1.78125,4000,1.37000797,1,0,0.4032242,0.990626386,0
flagship,36000,q_norm,decoder.layers.self_attention.q_layernorm.weight,53,128,1.39378946,1.7109375,4000,1.29369196,1,0,0.424731342,0.963615085,0
flagship,36000,q_norm,decoder.layers.self_attention.q_layernorm.weight,54,128,1.33379539,1.65625,4000,1.27715462,1,0,0.44141938,0.953789313,0
flagship,36000,q_norm,decoder.layers.self_attention.q_layernorm.weight,55,128,1.47302456,1.8984375,4000,1.34924364,1,0,0.373667884,0.993456865,0
flagship,36000,q_norm,decoder.layers.self_attention.q_layernorm.weight,56,128,1.47695809,1.7578125,4000,1.37201887,1,0,0.395487489,0.993435836,0
flagship,36000,q_norm,decoder.layers.self_attention.q_layernorm.weight,57,128,1.44710987,1.84375,4000,1.35081955,1,0,0.408872142,0.983675811,0
flagship,36000,q_norm,decoder.layers.self_attention.q_layernorm.weight,58,128,1.52367176,1.734375,4000,1.41736097,1,0,0.425550349,0.997564871,0
flagship,36000,q_norm,decoder.layers.self_attention.q_layernorm.weight,59,128,1.48254169,1.8125,4000,1.35045805,1,0,0.364398037,0.99631048,0
flagship,36000,q_norm,decoder.layers.self_attention.q_layernorm.weight,60,128,1.42207587,1.734375,4000,1.35560828,1,0,0.373328931,0.995235629,0
flagship,36000,q_norm,decoder.layers.self_attention.q_layernorm.weight,61,128,1.41269922,1.796875,4000,1.33666975,1,0,0.353746377,0.995589792,0
flagship,36000,q_norm,decoder.layers.self_attention.q_layernorm.weight,62,128,1.32155339,1.703125,4000,1.26784342,1,0,0.28106439,0.997138016,0
flagship,36000,q_norm,decoder.layers.self_attention.q_layernorm.weight,63,128,1.17325506,1.3984375,4000,1.14729795,1,0,0.160055753,0.998291133,0
flagship,40000,attention_input_norm,decoder.layers.self_attention.linear_qkv.layer_norm_weight,0,5120,0.19997509,0.81640625,4000,0.202635649,1,0,0.80881963,0.954600075,0
flagship,40000,attention_input_norm,decoder.layers.self_attention.linear_qkv.layer_norm_weight,1,5120,0.508509971,0.83984375,4000,0.513618476,1,0,0.488264586,0.998213344,0
flagship,40000,attention_input_norm,decoder.layers.self_attention.linear_qkv.layer_norm_weight,2,5120,0.714977445,0.84375,4000,0.714262354,1,0,0.289439043,0.998509681,0
flagship,40000,attention_input_norm,decoder.layers.self_attention.linear_qkv.layer_norm_weight,3,5120,0.830981986,0.98046875,4000,0.826176974,1,0,0.178844719,0.998928202,0
flagship,40000,attention_input_norm,decoder.layers.self_attention.linear_qkv.layer_norm_weight,4,5120,0.840812766,0.984375,4000,0.84078523,1,0,0.164855099,0.998913004,0
flagship,40000,attention_input_norm,decoder.layers.self_attention.linear_qkv.layer_norm_weight,5,5120,0.935639704,1.0546875,4000,0.931872321,1,0,0.0804590274,0.999016885,0
flagship,40000,attention_input_norm,decoder.layers.self_attention.linear_qkv.layer_norm_weight,6,5120,1.00412671,1.15625,4000,0.998209147,1,0,0.0459719597,0.998943,0
flagship,40000,attention_input_norm,decoder.layers.self_attention.linear_qkv.layer_norm_weight,7,5120,1.12731051,1.2734375,4000,1.1140579,1,0,0.121454804,0.999218145,0
flagship,40000,attention_input_norm,decoder.layers.self_attention.linear_qkv.layer_norm_weight,8,5120,1.0754828,1.21875,4000,1.08584028,1,0,0.0998456607,0.998802493,0
flagship,40000,attention_input_norm,decoder.layers.self_attention.linear_qkv.layer_norm_weight,9,5120,0.99563993,1.1953125,4000,1.01011691,1,0,0.0498833047,0.998818952,0
flagship,40000,attention_input_norm,decoder.layers.self_attention.linear_qkv.layer_norm_weight,10,5120,1.02384373,1.28125,4000,1.03996885,1,0,0.0609913665,0.998979567,0
flagship,40000,attention_input_norm,decoder.layers.self_attention.linear_qkv.layer_norm_weight,11,5120,1.06667264,1.2578125,4000,1.08390512,1,0,0.0982567967,0.998794023,0
flagship,40000,attention_input_norm,decoder.layers.self_attention.linear_qkv.layer_norm_weight,12,5120,1.0102209,1.25,4000,1.02650638,1,0,0.0484297271,0.999199785,0
flagship,40000,attention_input_norm,decoder.layers.self_attention.linear_qkv.layer_norm_weight,13,5120,1.0300382,1.1796875,4000,1.04682001,1,0,0.0646928828,0.999048043,0
flagship,40000,attention_input_norm,decoder.layers.self_attention.linear_qkv.layer_norm_weight,14,5120,0.986570202,1.109375,4000,1.0038864,1,0,0.0425283482,0.999106694,0
flagship,40000,attention_input_norm,decoder.layers.self_attention.linear_qkv.layer_norm_weight,15,5120,1.10820343,1.265625,4000,1.12728833,1,0,0.134949887,0.999108856,0
flagship,40000,attention_input_norm,decoder.layers.self_attention.linear_qkv.layer_norm_weight,16,5120,1.08465637,1.2265625,4000,1.10360268,1,0,0.110429118,0.999338043,0
flagship,40000,attention_input_norm,decoder.layers.self_attention.linear_qkv.layer_norm_weight,17,5120,1.24396773,1.4140625,4000,1.2641507,1,0,0.266993109,0.999402869,0
flagship,40000,attention_input_norm,decoder.layers.self_attention.linear_qkv.layer_norm_weight,18,5120,1.18259141,1.3828125,4000,1.20334414,1,0,0.208440421,0.999128026,0
flagship,40000,attention_input_norm,decoder.layers.self_attention.linear_qkv.layer_norm_weight,19,5120,1.2861472,1.453125,4000,1.30431794,1,0,0.307079628,0.999352732,0
flagship,40000,attention_input_norm,decoder.layers.self_attention.linear_qkv.layer_norm_weight,20,5120,1.15164778,1.2734375,4000,1.17195279,1,0,0.176489992,0.999325504,0
flagship,40000,attention_input_norm,decoder.layers.self_attention.linear_qkv.layer_norm_weight,21,5120,1.12902897,1.3828125,4000,1.1481929,1,0,0.152232149,0.999471565,0
flagship,40000,attention_input_norm,decoder.layers.self_attention.linear_qkv.layer_norm_weight,22,5120,1.3794727,1.5390625,4000,1.39529314,1,0,0.39723455,0.99944864,0
flagship,40000,attention_input_norm,decoder.layers.self_attention.linear_qkv.layer_norm_weight,23,5120,1.36380205,1.5234375,4000,1.38459089,1,0,0.386341717,0.999512573,0
flagship,40000,attention_input_norm,decoder.layers.self_attention.linear_qkv.layer_norm_weight,24,5120,1.3190929,1.4609375,4000,1.33209578,1,0,0.334066279,0.99950729,0
flagship,40000,attention_input_norm,decoder.layers.self_attention.linear_qkv.layer_norm_weight,25,5120,1.22910316,1.3671875,4000,1.2471713,1,0,0.25066901,0.9993019,0
flagship,40000,attention_input_norm,decoder.layers.self_attention.linear_qkv.layer_norm_weight,26,5120,1.176296,1.375,4000,1.19680838,1,0,0.201555743,0.999209907,0
flagship,40000,attention_input_norm,decoder.layers.self_attention.linear_qkv.layer_norm_weight,27,5120,1.39725621,1.6484375,4000,1.40905224,1,0,0.411695148,0.999230275,0
flagship,40000,attention_input_norm,decoder.layers.self_attention.linear_qkv.layer_norm_weight,28,5120,1.27777772,1.4375,4000,1.29947549,1,0,0.304483926,0.998836111,0
flagship,40000,attention_input_norm,decoder.layers.self_attention.linear_qkv.layer_norm_weight,29,5120,1.31003436,1.5,4000,1.32992174,1,0,0.333738902,0.999047575,0
flagship,40000,attention_input_norm,decoder.layers.self_attention.linear_qkv.layer_norm_weight,30,5120,1.43185932,1.609375,4000,1.45449875,1,0,0.457646695,0.999012929,0
flagship,40000,attention_input_norm,decoder.layers.self_attention.linear_qkv.layer_norm_weight,31,5120,1.12362994,1.265625,4000,1.14436258,1,0,0.151528477,0.999073578,0
flagship,40000,attention_input_norm,decoder.layers.self_attention.linear_qkv.layer_norm_weight,32,5120,1.2251373,1.375,4000,1.24691809,1,0,0.251384925,0.999107465,0
flagship,40000,attention_input_norm,decoder.layers.self_attention.linear_qkv.layer_norm_weight,33,5120,1.22148847,1.40625,4000,1.24382317,1,0,0.250589001,0.998655311,0
flagship,40000,attention_input_norm,decoder.layers.self_attention.linear_qkv.layer_norm_weight,34,5120,1.36356091,1.5546875,4000,1.38700025,1,0,0.391445203,0.998752649,0
flagship,40000,attention_input_norm,decoder.layers.self_attention.linear_qkv.layer_norm_weight,35,5120,1.27531353,1.453125,4000,1.29844126,1,0,0.302990133,0.998946491,0
flagship,40000,attention_input_norm,decoder.layers.self_attention.linear_qkv.layer_norm_weight,36,5120,1.11302432,1.2890625,4000,1.13353965,1,0,0.143580734,0.99877261,0
flagship,40000,attention_input_norm,decoder.layers.self_attention.linear_qkv.layer_norm_weight,37,5120,0.853800065,0.98046875,4000,0.869865547,1,0,0.137278317,0.998901922,0
flagship,40000,attention_input_norm,decoder.layers.self_attention.linear_qkv.layer_norm_weight,38,5120,1.07574623,1.2109375,4000,1.09541651,1,0,0.103837851,0.999234086,0
flagship,40000,attention_input_norm,decoder.layers.self_attention.linear_qkv.layer_norm_weight,39,5120,0.895844748,1.03125,4000,0.91255529,1,0,0.0978073941,0.998948168,0
flagship,40000,attention_input_norm,decoder.layers.self_attention.linear_qkv.layer_norm_weight,40,5120,0.980834148,1.125,4000,0.998728605,1,0,0.0483626627,0.998829847,0
flagship,40000,attention_input_norm,decoder.layers.self_attention.linear_qkv.layer_norm_weight,41,5120,0.934348937,1.0625,4000,0.951434812,1,0,0.0682775865,0.998789591,0
flagship,40000,attention_input_norm,decoder.layers.self_attention.linear_qkv.layer_norm_weight,42,5120,0.874492556,1.03125,4000,0.890381213,1,0,0.119973325,0.998664999,0
flagship,40000,attention_input_norm,decoder.layers.self_attention.linear_qkv.layer_norm_weight,43,5120,0.907684992,1.0390625,4000,0.92371615,1,0,0.0904318255,0.998723261,0
flagship,40000,attention_input_norm,decoder.layers.self_attention.linear_qkv.layer_norm_weight,44,5120,0.955797672,1.1171875,4000,0.97238581,1,0,0.0578790919,0.998669537,0
flagship,40000,attention_input_norm,decoder.layers.self_attention.linear_qkv.layer_norm_weight,45,5120,1.05213592,1.1953125,4000,1.06765473,1,0,0.0843985951,0.998807685,0
flagship,40000,attention_input_norm,decoder.layers.self_attention.linear_qkv.layer_norm_weight,46,5120,1.09740046,1.25,4000,1.1099883,1,0,0.120904165,0.998864677,0
flagship,40000,attention_input_norm,decoder.layers.self_attention.linear_qkv.layer_norm_weight,47,5120,0.993801455,1.140625,4000,1.00846288,1,0,0.0490403014,0.998843125,0
flagship,40000,attention_input_norm,decoder.layers.self_attention.linear_qkv.layer_norm_weight,48,5120,1.20593308,1.3671875,4000,1.21671575,1,0,0.223622472,0.998750205,0
flagship,40000,attention_input_norm,decoder.layers.self_attention.linear_qkv.layer_norm_weight,49,5120,1.16642968,1.328125,4000,1.17085853,1,0,0.179453181,0.998714274,0
flagship,40000,attention_input_norm,decoder.layers.self_attention.linear_qkv.layer_norm_weight,50,5120,1.08974345,1.234375,4000,1.10307511,1,0,0.11451935,0.998871246,0
flagship,40000,attention_input_norm,decoder.layers.self_attention.linear_qkv.layer_norm_weight,51,5120,1.18473725,1.328125,4000,1.19871017,1,0,0.20835272,0.998362772,0
flagship,40000,attention_input_norm,decoder.layers.self_attention.linear_qkv.layer_norm_weight,52,5120,1.14753434,1.2734375,4000,1.16147723,1,0,0.169851344,0.998805581,0
flagship,40000,attention_input_norm,decoder.layers.self_attention.linear_qkv.layer_norm_weight,53,5120,1.28624974,1.4453125,4000,1.29433477,1,0,0.302907108,0.998022244,0
flagship,40000,attention_input_norm,decoder.layers.self_attention.linear_qkv.layer_norm_weight,54,5120,1.19671121,1.3671875,4000,1.20781294,1,0,0.218895389,0.99804234,0
flagship,40000,attention_input_norm,decoder.layers.self_attention.linear_qkv.layer_norm_weight,55,5120,1.27334254,1.4453125,4000,1.27712878,1,0,0.284010307,0.998488211,0
flagship,40000,attention_input_norm,decoder.layers.self_attention.linear_qkv.layer_norm_weight,56,5120,1.28629525,1.484375,4000,1.29554804,1,0,0.303309204,0.99820623,0
flagship,40000,attention_input_norm,decoder.layers.self_attention.linear_qkv.layer_norm_weight,57,5120,1.24185116,1.4609375,4000,1.24381346,1,0,0.255361288,0.997682778,0
flagship,40000,attention_input_norm,decoder.layers.self_attention.linear_qkv.layer_norm_weight,58,5120,1.28356412,1.46875,4000,1.28750878,1,0,0.295445565,0.998203203,0
flagship,40000,attention_input_norm,decoder.layers.self_attention.linear_qkv.layer_norm_weight,59,5120,1.19173482,1.3515625,4000,1.19285572,1,0,0.205327492,0.997918419,0
flagship,40000,attention_input_norm,decoder.layers.self_attention.linear_qkv.layer_norm_weight,60,5120,1.09704879,1.2421875,4000,1.10261467,1,0,0.118712073,0.998384392,0
flagship,40000,attention_input_norm,decoder.layers.self_attention.linear_qkv.layer_norm_weight,61,5120,1.09194751,1.3125,4000,1.09390315,1,0,0.11043433,0.998456015,0
flagship,40000,attention_input_norm,decoder.layers.self_attention.linear_qkv.layer_norm_weight,62,5120,1.01767856,1.1328125,4000,1.02224715,1,0,0.0403020115,0.99944763,0
flagship,40000,attention_input_norm,decoder.layers.self_attention.linear_qkv.layer_norm_weight,63,5120,0.974087235,1.09375,4000,0.978005362,1,0,0.0348750608,0.99962551,0
flagship,40000,final_norm,decoder.final_layernorm.weight,-1,5120,1.71175233,5.6875,4000,1.54635935,1,0,0.565011936,0.993297177,0
flagship,40000,k_norm,decoder.layers.self_attention.k_layernorm.weight,0,128,1.14079435,1.890625,4000,1.18139877,1,0,0.315214471,0.971874591,0
flagship,40000,k_norm,decoder.layers.self_attention.k_layernorm.weight,1,128,1.49660887,1.78125,4000,1.38615818,1,0,0.397414182,0.996818585,0
flagship,40000,k_norm,decoder.layers.self_attention.k_layernorm.weight,2,128,1.47373846,1.8984375,4000,1.30927123,1,0,0.338436611,0.992785815,0
flagship,40000,k_norm,decoder.layers.self_attention.k_layernorm.weight,3,128,1.5792876,1.9921875,4000,1.38250954,1,0,0.409611563,0.992235829,0
flagship,40000,k_norm,decoder.layers.self_attention.k_layernorm.weight,4,128,1.49550559,1.765625,4000,1.34605838,1,0,0.37447737,0.992393755,0
flagship,40000,k_norm,decoder.layers.self_attention.k_layernorm.weight,5,128,1.47010092,1.7890625,4000,1.30969069,1,0,0.332287158,0.994461886,0
flagship,40000,k_norm,decoder.layers.self_attention.k_layernorm.weight,6,128,1.71234258,2.046875,4000,1.47826681,1,0,0.505043454,0.991094383,0
flagship,40000,k_norm,decoder.layers.self_attention.k_layernorm.weight,7,128,1.61781403,2.046875,4000,1.4045659,1,0,0.469876806,0.979669645,0
flagship,40000,k_norm,decoder.layers.self_attention.k_layernorm.weight,8,128,1.58685859,1.8828125,4000,1.45782681,1,0,0.491126398,0.989162034,0
flagship,40000,k_norm,decoder.layers.self_attention.k_layernorm.weight,9,128,1.53462849,1.84375,4000,1.467719,1,0,0.511619993,0.985353476,0
flagship,40000,k_norm,decoder.layers.self_attention.k_layernorm.weight,10,128,1.58791217,2.25,4000,1.53690937,1,0,0.558723612,0.992224526,0
flagship,40000,k_norm,decoder.layers.self_attention.k_layernorm.weight,11,128,1.60659013,1.9765625,4000,1.55896695,1,0,0.592154485,0.987747369,0
flagship,40000,k_norm,decoder.layers.self_attention.k_layernorm.weight,12,128,1.54187869,1.859375,4000,1.48733657,1,0,0.501624018,0.995249992,0
flagship,40000,k_norm,decoder.layers.self_attention.k_layernorm.weight,13,128,1.5071245,1.96875,4000,1.46771024,1,0,0.503928859,0.988011455,0
flagship,40000,k_norm,decoder.layers.self_attention.k_layernorm.weight,14,128,1.44814618,1.8046875,4000,1.43955273,1,0,0.472123739,0.989686301,0
flagship,40000,k_norm,decoder.layers.self_attention.k_layernorm.weight,15,128,1.57944388,1.9375,4000,1.54857552,1,0,0.565305286,0.993983189,0
flagship,40000,k_norm,decoder.layers.self_attention.k_layernorm.weight,16,128,1.43240752,2.0625,4000,1.41655456,1,0,0.447923393,0.990428302,0
flagship,40000,k_norm,decoder.layers.self_attention.k_layernorm.weight,17,128,1.62343434,1.9453125,4000,1.55669783,1,0,0.571526558,0.994626402,0
flagship,40000,k_norm,decoder.layers.self_attention.k_layernorm.weight,18,128,1.60359506,2.015625,4000,1.56937014,1,0,0.628219566,0.977545943,0
flagship,40000,k_norm,decoder.layers.self_attention.k_layernorm.weight,19,128,1.67352604,2.015625,4000,1.58944609,1,0,0.630986265,0.984052002,0
flagship,40000,k_norm,decoder.layers.self_attention.k_layernorm.weight,20,128,1.53500381,1.921875,4000,1.5026306,1,0,0.556227249,0.98111604,0
flagship,40000,k_norm,decoder.layers.self_attention.k_layernorm.weight,21,128,1.54176194,1.8984375,4000,1.48956279,1,0,0.560303429,0.975070466,0
flagship,40000,k_norm,decoder.layers.self_attention.k_layernorm.weight,22,128,1.65421335,2.015625,4000,1.55950113,1,0,0.6300349,0.973099585,0
flagship,40000,k_norm,decoder.layers.self_attention.k_layernorm.weight,23,128,1.58775011,1.859375,4000,1.51200354,1,0,0.545290193,0.988361876,0
flagship,40000,k_norm,decoder.layers.self_attention.k_layernorm.weight,24,128,1.56567892,1.90625,4000,1.46963944,1,0,0.50279602,0.989030425,0
flagship,40000,k_norm,decoder.layers.self_attention.k_layernorm.weight,25,128,1.54196304,1.9921875,4000,1.47230716,1,0,0.578222539,0.962213304,0.0078125
flagship,40000,k_norm,decoder.layers.self_attention.k_layernorm.weight,26,128,1.41349371,1.7890625,4000,1.3706161,1,0,0.551636317,0.939098066,0
flagship,40000,k_norm,decoder.layers.self_attention.k_layernorm.weight,27,128,1.54929355,2.015625,4000,1.45671186,1,0,0.559039851,0.96432382,0
flagship,40000,k_norm,decoder.layers.self_attention.k_layernorm.weight,28,128,1.38588546,1.7734375,4000,1.33949839,1,0,0.537527663,0.935170946,0
flagship,40000,k_norm,decoder.layers.self_attention.k_layernorm.weight,29,128,1.4464118,1.7890625,4000,1.38317163,1,0,0.546715906,0.9450257,0
flagship,40000,k_norm,decoder.layers.self_attention.k_layernorm.weight,30,128,1.46043341,1.8046875,4000,1.39623935,1,0,0.494163773,0.968776055,0
flagship,40000,k_norm,decoder.layers.self_attention.k_layernorm.weight,31,128,1.36492249,1.7421875,4000,1.33201423,1,0,0.477562472,0.955769067,0
flagship,40000,k_norm,decoder.layers.self_attention.k_layernorm.weight,32,128,1.49939003,1.7890625,4000,1.45270438,1,0,0.540166711,0.970111327,0
flagship,40000,k_norm,decoder.layers.self_attention.k_layernorm.weight,33,128,1.32679058,1.71875,4000,1.28988651,1,0,0.533462161,0.922261501,0
flagship,40000,k_norm,decoder.layers.self_attention.k_layernorm.weight,34,128,1.41208469,1.890625,4000,1.36379896,1,0,0.559403589,0.933794242,0
flagship,40000,k_norm,decoder.layers.self_attention.k_layernorm.weight,35,128,1.49823811,1.890625,4000,1.45604905,1,0,0.56505755,0.961776941,0
flagship,40000,k_norm,decoder.layers.self_attention.k_layernorm.weight,36,128,1.39200473,1.8671875,4000,1.35775188,1,0,0.511441223,0.950806286,0
flagship,40000,k_norm,decoder.layers.self_attention.k_layernorm.weight,37,128,1.25861499,1.7109375,4000,1.23293356,1,0,0.321286492,0.980142092,0
flagship,40000,k_norm,decoder.layers.self_attention.k_layernorm.weight,38,128,1.56678204,2.0625,4000,1.51629115,1,0,0.540024119,0.991733284,0
flagship,40000,k_norm,decoder.layers.self_attention.k_layernorm.weight,39,128,1.3770674,1.8359375,4000,1.34597399,1,0,0.408978431,0.982330505,0
flagship,40000,k_norm,decoder.layers.self_attention.k_layernorm.weight,40,128,1.30455738,1.734375,4000,1.27534124,1,0,0.420034894,0.960553102,0
flagship,40000,k_norm,decoder.layers.self_attention.k_layernorm.weight,41,128,1.30391918,1.7109375,4000,1.26888595,1,0,0.384770894,0.970151382,0
flagship,40000,k_norm,decoder.layers.self_attention.k_layernorm.weight,42,128,1.21014772,1.6875,4000,1.18294458,1,0,0.31884712,0.971175841,0
flagship,40000,k_norm,decoder.layers.self_attention.k_layernorm.weight,43,128,1.25962075,1.828125,4000,1.22843126,1,0,0.366266541,0.966636172,0
flagship,40000,k_norm,decoder.layers.self_attention.k_layernorm.weight,44,128,1.23960239,1.765625,4000,1.20716915,1,0,0.380535523,0.957798694,0
flagship,40000,k_norm,decoder.layers.self_attention.k_layernorm.weight,45,128,1.28012086,1.765625,4000,1.22066726,1,0,0.448358456,0.937603279,0
flagship,40000,k_norm,decoder.layers.self_attention.k_layernorm.weight,46,128,1.34064322,1.8828125,4000,1.28856207,1,0,0.483495003,0.941601821,0
flagship,40000,k_norm,decoder.layers.self_attention.k_layernorm.weight,47,128,1.24877469,1.828125,4000,1.21746428,1,0,0.416132376,0.948304258,0
flagship,40000,k_norm,decoder.layers.self_attention.k_layernorm.weight,48,128,1.43243492,1.7578125,4000,1.32852935,1,0,0.463154997,0.959887596,0
flagship,40000,k_norm,decoder.layers.self_attention.k_layernorm.weight,49,128,1.29485725,1.6875,4000,1.24317969,1,0,0.437957638,0.946640645,0
flagship,40000,k_norm,decoder.layers.self_attention.k_layernorm.weight,50,128,1.39317425,1.6640625,4000,1.32379218,1,0,0.377271684,0.985838961,0
flagship,40000,k_norm,decoder.layers.self_attention.k_layernorm.weight,51,128,1.39769598,1.7265625,4000,1.32747999,1,0,0.468964431,0.957556991,0
flagship,40000,k_norm,decoder.layers.self_attention.k_layernorm.weight,52,128,1.43835212,1.8828125,4000,1.36877728,1,0,0.436116732,0.980200898,0
flagship,40000,k_norm,decoder.layers.self_attention.k_layernorm.weight,53,128,1.39251906,1.71875,4000,1.29388309,1,0,0.442698318,0.957641254,0
flagship,40000,k_norm,decoder.layers.self_attention.k_layernorm.weight,54,128,1.33281511,1.703125,4000,1.27740812,1,0,0.467355745,0.944627669,0
flagship,40000,k_norm,decoder.layers.self_attention.k_layernorm.weight,55,128,1.46254207,1.9140625,4000,1.3454908,1,0,0.393649815,0.986772007,0
flagship,40000,k_norm,decoder.layers.self_attention.k_layernorm.weight,56,128,1.47284394,1.8359375,4000,1.37196071,1,0,0.416332707,0.987252493,0
flagship,40000,k_norm,decoder.layers.self_attention.k_layernorm.weight,57,128,1.45005626,1.765625,4000,1.35564342,1,0,0.418845438,0.981946116,0
flagship,40000,k_norm,decoder.layers.self_attention.k_layernorm.weight,58,128,1.51769155,1.8203125,4000,1.41697065,1,0,0.427107076,0.99698091,0
flagship,40000,k_norm,decoder.layers.self_attention.k_layernorm.weight,59,128,1.4774558,1.71875,4000,1.35136762,1,0,0.366879693,0.995877691,0
flagship,40000,k_norm,decoder.layers.self_attention.k_layernorm.weight,60,128,1.40168441,1.7421875,4000,1.33714851,1,0,0.375780782,0.989701189,0
flagship,40000,k_norm,decoder.layers.self_attention.k_layernorm.weight,61,128,1.40190555,1.890625,4000,1.3287264,1,0,0.34872372,0.99490219,0
flagship,40000,k_norm,decoder.layers.self_attention.k_layernorm.weight,62,128,1.31504212,1.625,4000,1.26335114,1,0,0.276574309,0.997174371,0
flagship,40000,k_norm,decoder.layers.self_attention.k_layernorm.weight,63,128,1.17470737,1.375,4000,1.14819373,1,0,0.161696968,0.998177777,0
flagship,40000,pre_mlp_norm,decoder.layers.mlp.linear_fc1.layer_norm_weight,0,5120,0.57805258,0.765625,4000,0.590142376,1,0,0.417594669,0.994575855,0
flagship,40000,pre_mlp_norm,decoder.layers.mlp.linear_fc1.layer_norm_weight,1,5120,0.907244867,1.03125,4000,0.922058448,1,0,0.108549468,0.996904696,0
flagship,40000,pre_mlp_norm,decoder.layers.mlp.linear_fc1.layer_norm_weight,2,5120,0.922400586,1.0078125,4000,0.934446437,1,0,0.0872932035,0.998222031,0
flagship,40000,pre_mlp_norm,decoder.layers.mlp.linear_fc1.layer_norm_weight,3,5120,0.87097655,0.95703125,4000,0.889186839,1,0,0.121725527,0.998573108,0
flagship,40000,pre_mlp_norm,decoder.layers.mlp.linear_fc1.layer_norm_weight,4,5120,0.83415327,0.9296875,4000,0.850443338,1,0,0.156450676,0.998759695,0
flagship,40000,pre_mlp_norm,decoder.layers.mlp.linear_fc1.layer_norm_weight,5,5120,0.743052942,1.2109375,4000,0.760890696,1,0,0.242321566,0.998983768,0
flagship,40000,pre_mlp_norm,decoder.layers.mlp.linear_fc1.layer_norm_weight,6,5120,0.679718349,0.90625,4000,0.698253964,1,0,0.304221434,0.998925884,0
flagship,40000,pre_mlp_norm,decoder.layers.mlp.linear_fc1.layer_norm_weight,7,5120,0.652457917,0.87109375,4000,0.668364599,1,0,0.333963262,0.998840886,0
flagship,40000,pre_mlp_norm,decoder.layers.mlp.linear_fc1.layer_norm_weight,8,5120,0.659727034,0.82421875,4000,0.673705682,1,0,0.328570634,0.998893672,0
flagship,40000,pre_mlp_norm,decoder.layers.mlp.linear_fc1.layer_norm_weight,9,5120,0.67034952,0.76953125,4000,0.682403035,1,0,0.319860235,0.998942899,0
flagship,40000,pre_mlp_norm,decoder.layers.mlp.linear_fc1.layer_norm_weight,10,5120,0.66029167,0.7421875,4000,0.670338926,1,0,0.331773927,0.998957606,0
flagship,40000,pre_mlp_norm,decoder.layers.mlp.linear_fc1.layer_norm_weight,11,5120,0.660257051,0.734375,4000,0.668581895,1,0,0.333368326,0.999030425,0
flagship,40000,pre_mlp_norm,decoder.layers.mlp.linear_fc1.layer_norm_weight,12,5120,0.665384656,0.74609375,4000,0.672372712,1,0,0.329536245,0.999067112,0
flagship,40000,pre_mlp_norm,decoder.layers.mlp.linear_fc1.layer_norm_weight,13,5120,0.667110346,0.74609375,4000,0.672701169,1,0,0.329094668,0.999123849,0
flagship,40000,pre_mlp_norm,decoder.layers.mlp.linear_fc1.layer_norm_weight,14,5120,0.655723751,0.7265625,4000,0.660009608,1,0,0.341594702,0.999171623,0
flagship,40000,pre_mlp_norm,decoder.layers.mlp.linear_fc1.layer_norm_weight,15,5120,0.648169353,0.71875,4000,0.65114737,1,0,0.350259614,0.999244687,0
flagship,40000,pre_mlp_norm,decoder.layers.mlp.linear_fc1.layer_norm_weight,16,5120,0.626870058,0.703125,4000,0.628754842,1,0,0.372417235,0.99930686,0
flagship,40000,pre_mlp_norm,decoder.layers.mlp.linear_fc1.layer_norm_weight,17,5120,0.604415309,0.67578125,4000,0.605170625,1,0,0.395834098,0.999343658,0
flagship,40000,pre_mlp_norm,decoder.layers.mlp.linear_fc1.layer_norm_weight,18,5120,0.597981261,0.66015625,4000,0.597763299,1,0,0.403175762,0.999367366,0
flagship,40000,pre_mlp_norm,decoder.layers.mlp.linear_fc1.layer_norm_weight,19,5120,0.601208425,0.6640625,4000,0.599781515,1,0,0.401129983,0.999391088,0
flagship,40000,pre_mlp_norm,decoder.layers.mlp.linear_fc1.layer_norm_weight,20,5120,0.61198087,0.69140625,4000,0.609591412,1,0,0.391290456,0.999434577,0
flagship,40000,pre_mlp_norm,decoder.layers.mlp.linear_fc1.layer_norm_weight,21,5120,0.612022584,0.67578125,4000,0.608497437,1,0,0.39239427,0.999425628,0
flagship,40000,pre_mlp_norm,decoder.layers.mlp.linear_fc1.layer_norm_weight,22,5120,0.61018236,0.671875,4000,0.605680422,1,0,0.395309838,0.999354497,0
flagship,40000,pre_mlp_norm,decoder.layers.mlp.linear_fc1.layer_norm_weight,23,5120,0.615177481,0.67578125,4000,0.609582471,1,0,0.391388874,0.999377112,0
flagship,40000,pre_mlp_norm,decoder.layers.mlp.linear_fc1.layer_norm_weight,24,5120,0.625432856,0.6953125,4000,0.61871537,1,0,0.382334855,0.999351904,0
flagship,40000,pre_mlp_norm,decoder.layers.mlp.linear_fc1.layer_norm_weight,25,5120,0.647036006,0.703125,4000,0.638957683,1,0,0.362207475,0.999340566,0
flagship,40000,pre_mlp_norm,decoder.layers.mlp.linear_fc1.layer_norm_weight,26,5120,0.660534554,0.73046875,4000,0.651120543,1,0,0.350117107,0.999335672,0
flagship,40000,pre_mlp_norm,decoder.layers.mlp.linear_fc1.layer_norm_weight,27,5120,0.679237998,0.73828125,4000,0.668396191,1,0,0.332995396,0.99930816,0
flagship,40000,pre_mlp_norm,decoder.layers.mlp.linear_fc1.layer_norm_weight,28,5120,0.69616311,0.76171875,4000,0.683904552,1,0,0.31759513,0.999305215,0
flagship,40000,pre_mlp_norm,decoder.layers.mlp.linear_fc1.layer_norm_weight,29,5120,0.711356221,0.78515625,4000,0.697482431,1,0,0.304117358,0.999304293,0
flagship,40000,pre_mlp_norm,decoder.layers.mlp.linear_fc1.layer_norm_weight,30,5120,0.732971542,0.7890625,4000,0.71749128,1,0,0.284110123,0.999367669,0
flagship,40000,pre_mlp_norm,decoder.layers.mlp.linear_fc1.layer_norm_weight,31,5120,0.7540603,0.80859375,4000,0.736881118,1,0,0.264944698,0.999345793,0
flagship,40000,pre_mlp_norm,decoder.layers.mlp.linear_fc1.layer_norm_weight,32,5120,0.768268264,0.82421875,4000,0.749460815,1,0,0.252533303,0.999330729,0
flagship,40000,pre_mlp_norm,decoder.layers.mlp.linear_fc1.layer_norm_weight,33,5120,0.786548102,0.8515625,4000,0.765879257,1,0,0.236378027,0.999306647,0
flagship,40000,pre_mlp_norm,decoder.layers.mlp.linear_fc1.layer_norm_weight,34,5120,0.809273884,0.8671875,4000,0.786575364,1,0,0.215990195,0.999299693,0
flagship,40000,pre_mlp_norm,decoder.layers.mlp.linear_fc1.layer_norm_weight,35,5120,0.836110418,0.8984375,4000,0.811296036,1,0,0.191766946,0.999281781,0
flagship,40000,pre_mlp_norm,decoder.layers.mlp.linear_fc1.layer_norm_weight,36,5120,0.860444468,0.9140625,4000,0.83337474,1,0,0.170268816,0.999263541,0
flagship,40000,pre_mlp_norm,decoder.layers.mlp.linear_fc1.layer_norm_weight,37,5120,0.879324765,0.93359375,4000,0.850203304,1,0,0.154186439,0.999215242,0
flagship,40000,pre_mlp_norm,decoder.layers.mlp.linear_fc1.layer_norm_weight,38,5120,0.895292606,0.9453125,4000,0.864099913,1,0,0.14109905,0.9991667,0
flagship,40000,pre_mlp_norm,decoder.layers.mlp.linear_fc1.layer_norm_weight,39,5120,0.908751399,0.96484375,4000,0.875480074,1,0,0.130595557,0.999114778,0
flagship,40000,pre_mlp_norm,decoder.layers.mlp.linear_fc1.layer_norm_weight,40,5120,0.920228252,0.97265625,4000,0.885097459,1,0,0.121908915,0.999062708,0
flagship,40000,pre_mlp_norm,decoder.layers.mlp.linear_fc1.layer_norm_weight,41,5120,0.931238781,0.9921875,4000,0.893399129,1,0,0.114558915,0.999014999,0
flagship,40000,pre_mlp_norm,decoder.layers.mlp.linear_fc1.layer_norm_weight,42,5120,0.941170618,0.99609375,4000,0.902357782,1,0,0.10683429,0.998958526,0
flagship,40000,pre_mlp_norm,decoder.layers.mlp.linear_fc1.layer_norm_weight,43,5120,0.950507363,1.0078125,4000,0.909501975,1,0,0.100730796,0.998924246,0
flagship,40000,pre_mlp_norm,decoder.layers.mlp.linear_fc1.layer_norm_weight,44,5120,0.956781131,1.0234375,4000,0.914483629,1,0,0.0970450755,0.998849243,0
flagship,40000,pre_mlp_norm,decoder.layers.mlp.linear_fc1.layer_norm_weight,45,5120,0.962867269,1.03125,4000,0.919712114,1,0,0.0929742409,0.998805026,0
flagship,40000,pre_mlp_norm,decoder.layers.mlp.linear_fc1.layer_norm_weight,46,5120,0.969983912,1.0546875,4000,0.925435104,1,0,0.0887916386,0.998744357,0
flagship,40000,pre_mlp_norm,decoder.layers.mlp.linear_fc1.layer_norm_weight,47,5120,0.975384127,1.0703125,4000,0.930193193,1,0,0.0852039381,0.998717083,0
flagship,40000,pre_mlp_norm,decoder.layers.mlp.linear_fc1.layer_norm_weight,48,5120,0.979314063,1.0703125,4000,0.933476707,1,0,0.0835143377,0.998634515,0
flagship,40000,pre_mlp_norm,decoder.layers.mlp.linear_fc1.layer_norm_weight,49,5120,0.988246288,1.0859375,4000,0.941815886,1,0,0.0774874271,0.998609648,0
flagship,40000,pre_mlp_norm,decoder.layers.mlp.linear_fc1.layer_norm_weight,50,5120,0.991934964,1.09375,4000,0.945935024,1,0,0.0749948242,0.998572205,0
flagship,40000,pre_mlp_norm,decoder.layers.mlp.linear_fc1.layer_norm_weight,51,5120,0.996800968,1.125,4000,0.950981137,1,0,0.0722311269,0.998520219,0
flagship,40000,pre_mlp_norm,decoder.layers.mlp.linear_fc1.layer_norm_weight,52,5120,0.998648378,1.125,4000,0.95394098,1,0,0.0703460572,0.998518182,0
flagship,40000,pre_mlp_norm,decoder.layers.mlp.linear_fc1.layer_norm_weight,53,5120,1.00407532,1.1640625,4000,0.9609911,1,0,0.0651057077,0.998586325,0
flagship,40000,pre_mlp_norm,decoder.layers.mlp.linear_fc1.layer_norm_weight,54,5120,1.00996416,1.1953125,4000,0.969203614,1,0,0.0603910975,0.998607792,0
flagship,40000,pre_mlp_norm,decoder.layers.mlp.linear_fc1.layer_norm_weight,55,5120,1.00793134,1.2578125,4000,0.970108171,1,0,0.0601472067,0.998595948,0
flagship,40000,pre_mlp_norm,decoder.layers.mlp.linear_fc1.layer_norm_weight,56,5120,1.00797171,1.3203125,4000,0.973301926,1,0,0.0576903447,0.998656435,0
flagship,40000,pre_mlp_norm,decoder.layers.mlp.linear_fc1.layer_norm_weight,57,5120,1.01662085,1.390625,4000,0.985761173,1,0,0.0531432026,0.998670339,0
flagship,40000,pre_mlp_norm,decoder.layers.mlp.linear_fc1.layer_norm_weight,58,5120,1.01801552,1.4453125,4000,0.991604636,1,0,0.0513866245,0.998704069,0
flagship,40000,pre_mlp_norm,decoder.layers.mlp.linear_fc1.layer_norm_weight,59,5120,1.01671204,1.4921875,4000,0.995325277,1,0,0.0517470683,0.99866581,0
flagship,40000,pre_mlp_norm,decoder.layers.mlp.linear_fc1.layer_norm_weight,60,5120,1.02777626,1.5390625,4000,1.01201272,1,0,0.0542193702,0.998618874,0
flagship,40000,pre_mlp_norm,decoder.layers.mlp.linear_fc1.layer_norm_weight,61,5120,1.05583497,1.609375,4000,1.04470496,1,0,0.0674877613,0.998776657,0
flagship,40000,pre_mlp_norm,decoder.layers.mlp.linear_fc1.layer_norm_weight,62,5120,1.08829105,1.5390625,4000,1.08279872,1,0,0.0924034788,0.99922295,0
flagship,40000,pre_mlp_norm,decoder.layers.mlp.linear_fc1.layer_norm_weight,63,5120,1.12821988,1.453125,4000,1.12857934,1,0,0.135265432,0.999218446,0
flagship,40000,q_norm,decoder.layers.self_attention.q_layernorm.weight,0,128,1.1404729,1.6484375,4000,1.18181833,1,0,0.297285164,0.976595148,0
flagship,40000,q_norm,decoder.layers.self_attention.q_layernorm.weight,1,128,1.50944897,1.921875,4000,1.39766225,1,0,0.411023703,0.996134536,0
flagship,40000,q_norm,decoder.layers.self_attention.q_layernorm.weight,2,128,1.48502472,1.7890625,4000,1.3161243,1,0,0.340396091,0.993946271,0
flagship,40000,q_norm,decoder.layers.self_attention.q_layernorm.weight,3,128,1.5951656,1.8828125,4000,1.39434106,1,0,0.413711754,0.994387117,0
flagship,40000,q_norm,decoder.layers.self_attention.q_layernorm.weight,4,128,1.50933777,1.7890625,4000,1.35604144,1,0,0.377506452,0.994194271,0
flagship,40000,q_norm,decoder.layers.self_attention.q_layernorm.weight,5,128,1.47634632,1.7421875,4000,1.31356053,1,0,0.333494368,0.995090333,0
flagship,40000,q_norm,decoder.layers.self_attention.q_layernorm.weight,6,128,1.73813068,2.09375,4000,1.49801319,1,0,0.522634283,0.991612402,0
flagship,40000,q_norm,decoder.layers.self_attention.q_layernorm.weight,7,128,1.64599606,2.015625,4000,1.42781759,1,0,0.482507686,0.982565779,0
flagship,40000,q_norm,decoder.layers.self_attention.q_layernorm.weight,8,128,1.60174845,1.828125,4000,1.47064786,1,0,0.499902788,0.990346636,0
flagship,40000,q_norm,decoder.layers.self_attention.q_layernorm.weight,9,128,1.57140354,1.890625,4000,1.50328936,1,0,0.532476687,0.989944971,0
flagship,40000,q_norm,decoder.layers.self_attention.q_layernorm.weight,10,128,1.61234358,1.890625,4000,1.56115215,1,0,0.572619436,0.995836,0
flagship,40000,q_norm,decoder.layers.self_attention.q_layernorm.weight,11,128,1.62984683,1.8828125,4000,1.58254514,1,0,0.601742411,0.992816924,0
flagship,40000,q_norm,decoder.layers.self_attention.q_layernorm.weight,12,128,1.56806113,2.078125,4000,1.51275855,1,0,0.526486541,0.995284524,0
flagship,40000,q_norm,decoder.layers.self_attention.q_layernorm.weight,13,128,1.5275297,1.765625,4000,1.48552244,1,0,0.513481958,0.990598701,0
flagship,40000,q_norm,decoder.layers.self_attention.q_layernorm.weight,14,128,1.47046022,1.859375,4000,1.4630982,1,0,0.48589965,0.992605238,0
flagship,40000,q_norm,decoder.layers.self_attention.q_layernorm.weight,15,128,1.60370333,1.921875,4000,1.57369328,1,0,0.587107029,0.995052824,0
flagship,40000,q_norm,decoder.layers.self_attention.q_layernorm.weight,16,128,1.44332018,1.8515625,4000,1.42865412,1,0,0.443042817,0.995610352,0
flagship,40000,q_norm,decoder.layers.self_attention.q_layernorm.weight,17,128,1.64033956,1.96875,4000,1.57335404,1,0,0.587165453,0.994906296,0
flagship,40000,q_norm,decoder.layers.self_attention.q_layernorm.weight,18,128,1.62834758,1.9375,4000,1.5945543,1,0,0.633801032,0.984883258,0
flagship,40000,q_norm,decoder.layers.self_attention.q_layernorm.weight,19,128,1.69879142,2,4000,1.61416772,1,0,0.641477908,0.989377835,0
flagship,40000,q_norm,decoder.layers.self_attention.q_layernorm.weight,20,128,1.56181066,1.9140625,4000,1.52992676,1,0,0.569831008,0.985657806,0
flagship,40000,q_norm,decoder.layers.self_attention.q_layernorm.weight,21,128,1.56686707,1.9375,4000,1.51538872,1,0,0.5699209,0.980472237,0
flagship,40000,q_norm,decoder.layers.self_attention.q_layernorm.weight,22,128,1.67990381,2.0625,4000,1.58406208,1,0,0.65155347,0.973677355,0
flagship,40000,q_norm,decoder.layers.self_attention.q_layernorm.weight,23,128,1.60606871,1.9453125,4000,1.52963847,1,0,0.550273498,0.992715923,0
flagship,40000,q_norm,decoder.layers.self_attention.q_layernorm.weight,24,128,1.58689254,1.8203125,4000,1.48656529,1,0,0.506054425,0.99349329,0
flagship,40000,q_norm,decoder.layers.self_attention.q_layernorm.weight,25,128,1.57321971,1.9375,4000,1.50155657,1,0,0.585484122,0.969620638,0
flagship,40000,q_norm,decoder.layers.self_attention.q_layernorm.weight,26,128,1.4345587,1.8359375,4000,1.39267397,1,0,0.556772496,0.944063448,0
flagship,40000,q_norm,decoder.layers.self_attention.q_layernorm.weight,27,128,1.58144773,2,4000,1.48712939,1,0,0.558997908,0.974721897,0
flagship,40000,q_norm,decoder.layers.self_attention.q_layernorm.weight,28,128,1.40735721,1.75,4000,1.36137289,1,0,0.535540743,0.942626478,0
flagship,40000,q_norm,decoder.layers.self_attention.q_layernorm.weight,29,128,1.47957363,1.8125,4000,1.41560518,1,0,0.547741337,0.955039405,0
flagship,40000,q_norm,decoder.layers.self_attention.q_layernorm.weight,30,128,1.48266274,1.859375,4000,1.41871687,1,0,0.482559197,0.97972127,0
flagship,40000,q_norm,decoder.layers.self_attention.q_layernorm.weight,31,128,1.38673555,1.6953125,4000,1.35442766,1,0,0.473945077,0.963451363,0
flagship,40000,q_norm,decoder.layers.self_attention.q_layernorm.weight,32,128,1.53291788,1.828125,4000,1.48662789,1,0,0.540692155,0.981319704,0
flagship,40000,q_norm,decoder.layers.self_attention.q_layernorm.weight,33,128,1.35123003,1.71875,4000,1.31496115,1,0,0.533172151,0.929628333,0
flagship,40000,q_norm,decoder.layers.self_attention.q_layernorm.weight,34,128,1.43196704,1.84375,4000,1.38457757,1,0,0.539350801,0.948359928,0
flagship,40000,q_norm,decoder.layers.self_attention.q_layernorm.weight,35,128,1.54122489,1.8671875,4000,1.4990774,1,0,0.556910877,0.979630313,0
flagship,40000,q_norm,decoder.layers.self_attention.q_layernorm.weight,36,128,1.41817399,1.796875,4000,1.38447539,1,0,0.495926097,0.964563699,0
flagship,40000,q_norm,decoder.layers.self_attention.q_layernorm.weight,37,128,1.26312452,1.6328125,4000,1.23863449,1,0,0.315783159,0.982733976,0
flagship,40000,q_norm,decoder.layers.self_attention.q_layernorm.weight,38,128,1.59112213,2.015625,4000,1.54129908,1,0,0.556359907,0.994637105,0
flagship,40000,q_norm,decoder.layers.self_attention.q_layernorm.weight,39,128,1.39066177,1.796875,4000,1.36057905,1,0,0.397668818,0.989664977,0
flagship,40000,q_norm,decoder.layers.self_attention.q_layernorm.weight,40,128,1.32152731,1.6953125,4000,1.2923257,1,0,0.41248086,0.967234981,0
flagship,40000,q_norm,decoder.layers.self_attention.q_layernorm.weight,41,128,1.31606762,1.6640625,4000,1.28209328,1,0,0.383802351,0.973587089,0
flagship,40000,q_norm,decoder.layers.self_attention.q_layernorm.weight,42,128,1.21121459,1.6015625,4000,1.18530821,1,0,0.314723757,0.972702496,0
flagship,40000,q_norm,decoder.layers.self_attention.q_layernorm.weight,43,128,1.26855882,1.6953125,4000,1.23840883,1,0,0.331013103,0.978710219,0
flagship,40000,q_norm,decoder.layers.self_attention.q_layernorm.weight,44,128,1.24612562,1.6640625,4000,1.21464872,1,0,0.37549234,0.9609268,0
flagship,40000,q_norm,decoder.layers.self_attention.q_layernorm.weight,45,128,1.29891267,1.75,4000,1.24008367,1,0,0.442147147,0.94441749,0
flagship,40000,q_norm,decoder.layers.self_attention.q_layernorm.weight,46,128,1.35360172,1.7109375,4000,1.30149797,1,0,0.461481863,0.953106158,0
flagship,40000,q_norm,decoder.layers.self_attention.q_layernorm.weight,47,128,1.26541818,1.6796875,4000,1.23292077,1,0,0.41762614,0.951270386,0
flagship,40000,q_norm,decoder.layers.self_attention.q_layernorm.weight,48,128,1.45807368,1.734375,4000,1.35225323,1,0,0.452173201,0.970279875,0
flagship,40000,q_norm,decoder.layers.self_attention.q_layernorm.weight,49,128,1.31678002,1.7265625,4000,1.26351984,1,0,0.438750381,0.951303026,0
flagship,40000,q_norm,decoder.layers.self_attention.q_layernorm.weight,50,128,1.4010466,1.6875,4000,1.33112915,1,0,0.370795227,0.98954174,0
flagship,40000,q_norm,decoder.layers.self_attention.q_layernorm.weight,51,128,1.43638601,1.7890625,4000,1.36082353,1,0,0.44981903,0.973492691,0
flagship,40000,q_norm,decoder.layers.self_attention.q_layernorm.weight,52,128,1.4573216,1.7890625,4000,1.38585765,1,0,0.418803929,0.990435308,0
flagship,40000,q_norm,decoder.layers.self_attention.q_layernorm.weight,53,128,1.40635459,1.7265625,4000,1.3053547,1,0,0.436099045,0.962867992,0
flagship,40000,q_norm,decoder.layers.self_attention.q_layernorm.weight,54,128,1.34414307,1.671875,4000,1.28706287,1,0,0.455420718,0.951438685,0
flagship,40000,q_norm,decoder.layers.self_attention.q_layernorm.weight,55,128,1.48316927,1.8984375,4000,1.35853587,1,0,0.384506734,0.9928977,0
flagship,40000,q_norm,decoder.layers.self_attention.q_layernorm.weight,56,128,1.49268904,1.7734375,4000,1.38663212,1,0,0.411317798,0.992897203,0
flagship,40000,q_norm,decoder.layers.self_attention.q_layernorm.weight,57,128,1.46196042,1.8515625,4000,1.36468195,1,0,0.423046989,0.983155112,0
flagship,40000,q_norm,decoder.layers.self_attention.q_layernorm.weight,58,128,1.54026523,1.7578125,4000,1.43279667,1,0,0.44139736,0.997376225,0
flagship,40000,q_norm,decoder.layers.self_attention.q_layernorm.weight,59,128,1.49290361,1.84375,4000,1.3598968,1,0,0.37449807,0.996057386,0
flagship,40000,q_norm,decoder.layers.self_attention.q_layernorm.weight,60,128,1.42980073,1.7421875,4000,1.36297208,1,0,0.381247063,0.995010687,0
flagship,40000,q_norm,decoder.layers.self_attention.q_layernorm.weight,61,128,1.42430414,1.8046875,4000,1.34765011,1,0,0.364807919,0.995464617,0
flagship,40000,q_norm,decoder.layers.self_attention.q_layernorm.weight,62,128,1.33023532,1.71875,4000,1.27617251,1,0,0.289799217,0.996978334,0
flagship,40000,q_norm,decoder.layers.self_attention.q_layernorm.weight,63,128,1.17646243,1.40625,4000,1.15043436,1,0,0.164686484,0.998048067,0
flagship,43200,attention_input_norm,decoder.layers.self_attention.linear_qkv.layer_norm_weight,0,5120,0.158460797,0.78125,4000,0.160569031,1,0,0.850103731,0.94384969,0
flagship,43200,attention_input_norm,decoder.layers.self_attention.linear_qkv.layer_norm_weight,1,5120,0.47908636,0.83203125,4000,0.483899275,1,0,0.517931058,0.998044404,0
flagship,43200,attention_input_norm,decoder.layers.self_attention.linear_qkv.layer_norm_weight,2,5120,0.691859021,0.8125,4000,0.691167052,1,0,0.312338689,0.998424645,0
flagship,43200,attention_input_norm,decoder.layers.self_attention.linear_qkv.layer_norm_weight,3,5120,0.8097299,0.98828125,4000,0.805047774,1,0,0.19952128,0.998880581,0
flagship,43200,attention_input_norm,decoder.layers.self_attention.linear_qkv.layer_norm_weight,4,5120,0.82211947,0.96484375,4000,0.822092546,1,0,0.183188388,0.998840201,0
flagship,43200,attention_input_norm,decoder.layers.self_attention.linear_qkv.layer_norm_weight,5,5120,0.91940991,1.0546875,4000,0.915707877,1,0,0.0950419081,0.99894737,0
flagship,43200,attention_input_norm,decoder.layers.self_attention.linear_qkv.layer_norm_weight,6,5120,0.989169831,1.1484375,4000,0.983340412,1,0,0.0498192835,0.998879117,0
flagship,43200,attention_input_norm,decoder.layers.self_attention.linear_qkv.layer_norm_weight,7,5120,1.12206649,1.2734375,4000,1.10887553,1,0,0.117112863,0.999160617,0
flagship,43200,attention_input_norm,decoder.layers.self_attention.linear_qkv.layer_norm_weight,8,5120,1.06802626,1.2421875,4000,1.07831193,1,0,0.0942024249,0.998728875,0
flagship,43200,attention_input_norm,decoder.layers.self_attention.linear_qkv.layer_norm_weight,9,5120,0.991195777,1.21875,4000,1.00560814,1,0,0.0502743275,0.998758932,0
flagship,43200,attention_input_norm,decoder.layers.self_attention.linear_qkv.layer_norm_weight,10,5120,1.01717666,1.3125,4000,1.03319677,1,0,0.0576409831,0.998925443,0
flagship,43200,attention_input_norm,decoder.layers.self_attention.linear_qkv.layer_norm_weight,11,5120,1.06417819,1.28125,4000,1.08137037,1,0,0.0967270251,0.99873541,0
flagship,43200,attention_input_norm,decoder.layers.self_attention.linear_qkv.layer_norm_weight,12,5120,1.00753406,1.28125,4000,1.02377622,1,0,0.047928597,0.999154189,0
flagship,43200,attention_input_norm,decoder.layers.self_attention.linear_qkv.layer_norm_weight,13,5120,1.03203418,1.203125,4000,1.04884851,1,0,0.0669774279,0.998998998,0
flagship,43200,attention_input_norm,decoder.layers.self_attention.linear_qkv.layer_norm_weight,14,5120,0.991182516,1.1171875,4000,1.00857967,1,0,0.0444798764,0.999055678,0
flagship,43200,attention_input_norm,decoder.layers.self_attention.linear_qkv.layer_norm_weight,15,5120,1.11237621,1.28125,4000,1.13153297,1,0,0.139266956,0.999074546,0
flagship,43200,attention_input_norm,decoder.layers.self_attention.linear_qkv.layer_norm_weight,16,5120,1.09521382,1.25,4000,1.11434455,1,0,0.120881201,0.999310092,0
flagship,43200,attention_input_norm,decoder.layers.self_attention.linear_qkv.layer_norm_weight,17,5120,1.24890712,1.421875,4000,1.26917023,1,0,0.272036552,0.999388865,0
flagship,43200,attention_input_norm,decoder.layers.self_attention.linear_qkv.layer_norm_weight,18,5120,1.19201453,1.3828125,4000,1.21293263,1,0,0.217960814,0.999106869,0
flagship,43200,attention_input_norm,decoder.layers.self_attention.linear_qkv.layer_norm_weight,19,5120,1.29753439,1.46875,4000,1.31586601,1,0,0.318620549,0.999335906,0
flagship,43200,attention_input_norm,decoder.layers.self_attention.linear_qkv.layer_norm_weight,20,5120,1.16338682,1.3046875,4000,1.18389881,1,0,0.18830045,0.999308096,0
flagship,43200,attention_input_norm,decoder.layers.self_attention.linear_qkv.layer_norm_weight,21,5120,1.14379403,1.4140625,4000,1.16320858,1,0,0.167066903,0.999452245,0
flagship,43200,attention_input_norm,decoder.layers.self_attention.linear_qkv.layer_norm_weight,22,5120,1.39464877,1.546875,4000,1.41064326,1,0,0.412563303,0.999439762,0
flagship,43200,attention_input_norm,decoder.layers.self_attention.linear_qkv.layer_norm_weight,23,5120,1.38132624,1.5546875,4000,1.4023822,1,0,0.40409845,0.99950651,0
flagship,43200,attention_input_norm,decoder.layers.self_attention.linear_qkv.layer_norm_weight,24,5120,1.33842796,1.5,4000,1.35162143,1,0,0.35354605,0.999497944,0
flagship,43200,attention_input_norm,decoder.layers.self_attention.linear_qkv.layer_norm_weight,25,5120,1.24822906,1.390625,4000,1.26657835,1,0,0.269937348,0.999288574,0
flagship,43200,attention_input_norm,decoder.layers.self_attention.linear_qkv.layer_norm_weight,26,5120,1.19341488,1.4140625,4000,1.21422578,1,0,0.218848275,0.999175654,0
flagship,43200,attention_input_norm,decoder.layers.self_attention.linear_qkv.layer_norm_weight,27,5120,1.42151406,1.703125,4000,1.43351488,1,0,0.43613451,0.999205394,0
flagship,43200,attention_input_norm,decoder.layers.self_attention.linear_qkv.layer_norm_weight,28,5120,1.30007392,1.4609375,4000,1.32215029,1,0,0.327084489,0.998788544,0
flagship,43200,attention_input_norm,decoder.layers.self_attention.linear_qkv.layer_norm_weight,29,5120,1.33184781,1.5390625,4000,1.35206634,1,0,0.355821082,0.999017084,0
flagship,43200,attention_input_norm,decoder.layers.self_attention.linear_qkv.layer_norm_weight,30,5120,1.46353373,1.65625,4000,1.48667397,1,0,0.489777055,0.998980943,0
flagship,43200,attention_input_norm,decoder.layers.self_attention.linear_qkv.layer_norm_weight,31,5120,1.14578481,1.2890625,4000,1.16692624,1,0,0.173647776,0.99901914,0
flagship,43200,attention_input_norm,decoder.layers.self_attention.linear_qkv.layer_norm_weight,32,5120,1.25370066,1.40625,4000,1.27598925,1,0,0.280284699,0.99906369,0
flagship,43200,attention_input_norm,decoder.layers.self_attention.linear_qkv.layer_norm_weight,33,5120,1.25010545,1.4453125,4000,1.27296341,1,0,0.279464156,0.998589436,0
flagship,43200,attention_input_norm,decoder.layers.self_attention.linear_qkv.layer_norm_weight,34,5120,1.40343778,1.609375,4000,1.42756259,1,0,0.431951028,0.998678896,0
flagship,43200,attention_input_norm,decoder.layers.self_attention.linear_qkv.layer_norm_weight,35,5120,1.30971249,1.5,4000,1.33346404,1,0,0.337830471,0.998900923,0
flagship,43200,attention_input_norm,decoder.layers.self_attention.linear_qkv.layer_norm_weight,36,5120,1.13785781,1.296875,4000,1.15883087,1,0,0.168042365,0.99870085,0
flagship,43200,attention_input_norm,decoder.layers.self_attention.linear_qkv.layer_norm_weight,37,5120,0.859587452,1,4000,0.875761832,1,0,0.132179849,0.998837361,0
flagship,43200,attention_input_norm,decoder.layers.self_attention.linear_qkv.layer_norm_weight,38,5120,1.09313748,1.2421875,4000,1.11312576,1,0,0.120683098,0.999206302,0
flagship,43200,attention_input_norm,decoder.layers.self_attention.linear_qkv.layer_norm_weight,39,5120,0.906475693,1.0546875,4000,0.923384538,1,0,0.0889602094,0.998893208,0
flagship,43200,attention_input_norm,decoder.layers.self_attention.linear_qkv.layer_norm_weight,40,5120,0.996677967,1.1484375,4000,1.01486148,1,0,0.0522027753,0.998766203,0
flagship,43200,attention_input_norm,decoder.layers.self_attention.linear_qkv.layer_norm_weight,41,5120,0.947309541,1.0859375,4000,0.964632419,1,0,0.060895584,0.998726247,0
flagship,43200,attention_input_norm,decoder.layers.self_attention.linear_qkv.layer_norm_weight,42,5120,0.881623321,1.0390625,4000,0.897641537,1,0,0.114209448,0.998570396,0
flagship,43200,attention_input_norm,decoder.layers.self_attention.linear_qkv.layer_norm_weight,43,5120,0.917234045,1.046875,4000,0.933433854,1,0,0.0833884126,0.998648766,0
flagship,43200,attention_input_norm,decoder.layers.self_attention.linear_qkv.layer_norm_weight,44,5120,0.969643695,1.140625,4000,0.986472134,1,0,0.0546769229,0.998577475,0
flagship,43200,attention_input_norm,decoder.layers.self_attention.linear_qkv.layer_norm_weight,45,5120,1.06823367,1.21875,4000,1.08398992,1,0,0.0988599055,0.998745849,0
flagship,43200,attention_input_norm,decoder.layers.self_attention.linear_qkv.layer_norm_weight,46,5120,1.11813188,1.265625,4000,1.13095753,1,0,0.140838258,0.998812713,0
flagship,43200,attention_input_norm,decoder.layers.self_attention.linear_qkv.layer_norm_weight,47,5120,1.00392958,1.1484375,4000,1.01874042,1,0,0.0533235015,0.998776827,0
flagship,43200,attention_input_norm,decoder.layers.self_attention.linear_qkv.layer_norm_weight,48,5120,1.23137069,1.40625,4000,1.24238081,1,0,0.248912166,0.998708604,0
flagship,43200,attention_input_norm,decoder.layers.self_attention.linear_qkv.layer_norm_weight,49,5120,1.18663282,1.3671875,4000,1.19113838,1,0,0.199301487,0.998662118,0
flagship,43200,attention_input_norm,decoder.layers.self_attention.linear_qkv.layer_norm_weight,50,5120,1.11065569,1.2578125,4000,1.12424319,1,0,0.134529804,0.998816138,0
flagship,43200,attention_input_norm,decoder.layers.self_attention.linear_qkv.layer_norm_weight,51,5120,1.21458584,1.359375,4000,1.2289108,1,0,0.238033217,0.998266897,0
flagship,43200,attention_input_norm,decoder.layers.self_attention.linear_qkv.layer_norm_weight,52,5120,1.17508057,1.3046875,4000,1.18935816,1,0,0.197137241,0.998736049,0
flagship,43200,attention_input_norm,decoder.layers.self_attention.linear_qkv.layer_norm_weight,53,5120,1.31968914,1.4765625,4000,1.32798436,1,0,0.336138992,0.99796094,0
flagship,43200,attention_input_norm,decoder.layers.self_attention.linear_qkv.layer_norm_weight,54,5120,1.2238906,1.40625,4000,1.23524447,1,0,0.245670832,0.997970362,0
flagship,43200,attention_input_norm,decoder.layers.self_attention.linear_qkv.layer_norm_weight,55,5120,1.30059007,1.5,4000,1.30445733,1,0,0.311119366,0.998428083,0
flagship,43200,attention_input_norm,decoder.layers.self_attention.linear_qkv.layer_norm_weight,56,5120,1.31917107,1.5078125,4000,1.32866035,1,0,0.336132423,0.99813068,0
flagship,43200,attention_input_norm,decoder.layers.self_attention.linear_qkv.layer_norm_weight,57,5120,1.26618735,1.4765625,4000,1.26818811,1,0,0.279235052,0.997615752,0
flagship,43200,attention_input_norm,decoder.layers.self_attention.linear_qkv.layer_norm_weight,58,5120,1.30888495,1.5078125,4000,1.31290743,1,0,0.320684344,0.998123481,0
flagship,43200,attention_input_norm,decoder.layers.self_attention.linear_qkv.layer_norm_weight,59,5120,1.20762508,1.375,4000,1.20876092,1,0,0.220943358,0.997834624,0
flagship,43200,attention_input_norm,decoder.layers.self_attention.linear_qkv.layer_norm_weight,60,5120,1.10659541,1.265625,4000,1.11220973,1,0,0.128041999,0.998290012,0
flagship,43200,attention_input_norm,decoder.layers.self_attention.linear_qkv.layer_norm_weight,61,5120,1.09737549,1.328125,4000,1.09934085,1,0,0.115729988,0.998396846,0
flagship,43200,attention_input_norm,decoder.layers.self_attention.linear_qkv.layer_norm_weight,62,5120,1.02018693,1.1484375,4000,1.02476678,1,0,0.0426762819,0.99941066,0
flagship,43200,attention_input_norm,decoder.layers.self_attention.linear_qkv.layer_norm_weight,63,5120,0.974756166,1.1015625,4000,0.978676984,1,0,0.0352674759,0.999596842,0
flagship,43200,final_norm,decoder.final_layernorm.weight,-1,5120,1.70849279,5.78125,4000,1.54341475,1,0,0.563380691,0.992841133,0
flagship,43200,k_norm,decoder.layers.self_attention.k_layernorm.weight,0,128,1.15629068,1.984375,4000,1.19744666,1,0,0.331375252,0.970426919,0
flagship,43200,k_norm,decoder.layers.self_attention.k_layernorm.weight,1,128,1.50748784,1.796875,4000,1.39623427,1,0,0.40833011,0.996514956,0
flagship,43200,k_norm,decoder.layers.self_attention.k_layernorm.weight,2,128,1.48060885,1.9375,4000,1.31537489,1,0,0.345844413,0.992341714,0
flagship,43200,k_norm,decoder.layers.self_attention.k_layernorm.weight,3,128,1.58469775,2,4000,1.38724559,1,0,0.415697396,0.991765994,0
flagship,43200,k_norm,decoder.layers.self_attention.k_layernorm.weight,4,128,1.50109732,1.7890625,4000,1.35109132,1,0,0.380665781,0.991991169,0
flagship,43200,k_norm,decoder.layers.self_attention.k_layernorm.weight,5,128,1.47349723,1.796875,4000,1.31271641,1,0,0.336244182,0.99418435,0
flagship,43200,k_norm,decoder.layers.self_attention.k_layernorm.weight,6,128,1.72261172,2.0625,4000,1.48713216,1,0,0.514331908,0.990841577,0
flagship,43200,k_norm,decoder.layers.self_attention.k_layernorm.weight,7,128,1.62519407,2.0625,4000,1.41097316,1,0,0.476856142,0.979272163,0
flagship,43200,k_norm,decoder.layers.self_attention.k_layernorm.weight,8,128,1.59324977,1.890625,4000,1.4636983,1,0,0.497825899,0.988790549,0
flagship,43200,k_norm,decoder.layers.self_attention.k_layernorm.weight,9,128,1.54476471,1.8671875,4000,1.47741328,1,0,0.522807522,0.984633864,0
flagship,43200,k_norm,decoder.layers.self_attention.k_layernorm.weight,10,128,1.59651255,2.25,4000,1.54523351,1,0,0.567848016,0.991855023,0
flagship,43200,k_norm,decoder.layers.self_attention.k_layernorm.weight,11,128,1.61807544,1.9609375,4000,1.57011181,1,0,0.604654688,0.98707741,0
flagship,43200,k_norm,decoder.layers.self_attention.k_layernorm.weight,12,128,1.55130161,1.890625,4000,1.49642617,1,0,0.511720208,0.994848182,0
flagship,43200,k_norm,decoder.layers.self_attention.k_layernorm.weight,13,128,1.51741988,2.015625,4000,1.47773638,1,0,0.515428077,0.987333988,0
flagship,43200,k_norm,decoder.layers.self_attention.k_layernorm.weight,14,128,1.46119973,1.8203125,4000,1.45252882,1,0,0.487213462,0.988780042,0
flagship,43200,k_norm,decoder.layers.self_attention.k_layernorm.weight,15,128,1.59221037,1.96875,4000,1.5610925,1,0,0.578791743,0.99353815,0
flagship,43200,k_norm,decoder.layers.self_attention.k_layernorm.weight,16,128,1.4443536,2.109375,4000,1.42836843,1,0,0.461533426,0.989668774,0
flagship,43200,k_norm,decoder.layers.self_attention.k_layernorm.weight,17,128,1.63437694,1.9453125,4000,1.5671906,1,0,0.582429912,0.994410563,0
flagship,43200,k_norm,decoder.layers.self_attention.k_layernorm.weight,18,128,1.61376065,2.046875,4000,1.57931877,1,0,0.638472372,0.977193735,0
flagship,43200,k_norm,decoder.layers.self_attention.k_layernorm.weight,19,128,1.68463721,2.046875,4000,1.59999902,1,0,0.642186996,0.983623332,0
flagship,43200,k_norm,decoder.layers.self_attention.k_layernorm.weight,20,128,1.54690442,1.953125,4000,1.51428022,1,0,0.568156275,0.980744185,0
flagship,43200,k_norm,decoder.layers.self_attention.k_layernorm.weight,21,128,1.55265788,1.921875,4000,1.50008983,1,0,0.570825396,0.974750913,0
flagship,43200,k_norm,decoder.layers.self_attention.k_layernorm.weight,22,128,1.66354152,2.015625,4000,1.56829522,1,0,0.638739228,0.972891472,0
flagship,43200,k_norm,decoder.layers.self_attention.k_layernorm.weight,23,128,1.59736125,1.875,4000,1.52115616,1,0,0.555571485,0.987819815,0
flagship,43200,k_norm,decoder.layers.self_attention.k_layernorm.weight,24,128,1.57761931,1.9375,4000,1.4808474,1,0,0.514765019,0.988598147,0
flagship,43200,k_norm,decoder.layers.self_attention.k_layernorm.weight,25,128,1.55255909,2.015625,4000,1.48242455,1,0,0.588814989,0.961559716,0.0078125
flagship,43200,k_norm,decoder.layers.self_attention.k_layernorm.weight,26,128,1.42021867,1.8046875,4000,1.37713706,1,0,0.559366927,0.938038483,0
flagship,43200,k_norm,decoder.layers.self_attention.k_layernorm.weight,27,128,1.55644831,2.03125,4000,1.46343907,1,0,0.566646131,0.963677319,0.0078125
flagship,43200,k_norm,decoder.layers.self_attention.k_layernorm.weight,28,128,1.39278929,1.796875,4000,1.34617114,1,0,0.545332091,0.934052729,0
flagship,43200,k_norm,decoder.layers.self_attention.k_layernorm.weight,29,128,1.45235004,1.796875,4000,1.38885024,1,0,0.554155815,0.943880139,0
flagship,43200,k_norm,decoder.layers.self_attention.k_layernorm.weight,30,128,1.46753184,1.828125,4000,1.40302577,1,0,0.501843848,0.968134058,0
flagship,43200,k_norm,decoder.layers.self_attention.k_layernorm.weight,31,128,1.37611561,1.765625,4000,1.34293748,1,0,0.490812914,0.954096448,0
flagship,43200,k_norm,decoder.layers.self_attention.k_layernorm.weight,32,128,1.51098179,1.8125,4000,1.46393522,1,0,0.551933525,0.969467665,0
flagship,43200,k_norm,decoder.layers.self_attention.k_layernorm.weight,33,128,1.33523354,1.7265625,4000,1.29809464,1,0,0.543033832,0.920643178,0
flagship,43200,k_norm,decoder.layers.self_attention.k_layernorm.weight,34,128,1.42143877,1.890625,4000,1.37283319,1,0,0.570176201,0.932221803,0
flagship,43200,k_norm,decoder.layers.self_attention.k_layernorm.weight,35,128,1.51044844,1.9140625,4000,1.46791554,1,0,0.578197501,0.960703669,0
flagship,43200,k_norm,decoder.layers.self_attention.k_layernorm.weight,36,128,1.40454231,1.8984375,4000,1.36998095,1,0,0.525458466,0.949188821,0
flagship,43200,k_norm,decoder.layers.self_attention.k_layernorm.weight,37,128,1.26849652,1.734375,4000,1.24261347,1,0,0.334540864,0.978651328,0
flagship,43200,k_norm,decoder.layers.self_attention.k_layernorm.weight,38,128,1.57655869,2.078125,4000,1.52575274,1,0,0.549672227,0.991570187,0
flagship,43200,k_norm,decoder.layers.self_attention.k_layernorm.weight,39,128,1.3895687,1.8671875,4000,1.35819302,1,0,0.422851491,0.981408699,0
flagship,43200,k_norm,decoder.layers.self_attention.k_layernorm.weight,40,128,1.31470574,1.7578125,4000,1.28526232,1,0,0.434461875,0.958225444,0
flagship,43200,k_norm,decoder.layers.self_attention.k_layernorm.weight,41,128,1.31499097,1.7421875,4000,1.27966027,1,0,0.401077713,0.967704918,0
flagship,43200,k_norm,decoder.layers.self_attention.k_layernorm.weight,42,128,1.21758156,1.71875,4000,1.19021132,1,0,0.330527309,0.969304627,0
flagship,43200,k_norm,decoder.layers.self_attention.k_layernorm.weight,43,128,1.26779858,1.828125,4000,1.2364066,1,0,0.381185505,0.963841057,0
flagship,43200,k_norm,decoder.layers.self_attention.k_layernorm.weight,44,128,1.24789779,1.7890625,4000,1.2152475,1,0,0.394452365,0.955045708,0
flagship,43200,k_norm,decoder.layers.self_attention.k_layernorm.weight,45,128,1.28873301,1.7890625,4000,1.22887943,1,0,0.458297703,0.935855794,0
flagship,43200,k_norm,decoder.layers.self_attention.k_layernorm.weight,46,128,1.35249324,1.90625,4000,1.29995174,1,0,0.495782757,0.940063352,0
flagship,43200,k_norm,decoder.layers.self_attention.k_layernorm.weight,47,128,1.25711973,1.828125,4000,1.22560009,1,0,0.42474035,0.947165081,0
flagship,43200,k_norm,decoder.layers.self_attention.k_layernorm.weight,48,128,1.44366554,1.7734375,4000,1.33894533,1,0,0.475269135,0.958550657,0
flagship,43200,k_norm,decoder.layers.self_attention.k_layernorm.weight,49,128,1.30528251,1.703125,4000,1.25318888,1,0,0.447319425,0.945742391,0
flagship,43200,k_norm,decoder.layers.self_attention.k_layernorm.weight,50,128,1.40329166,1.6796875,4000,1.33340573,1,0,0.389032554,0.984930715,0
flagship,43200,k_norm,decoder.layers.self_attention.k_layernorm.weight,51,128,1.40754957,1.75,4000,1.33683856,1,0,0.480412613,0.956114349,0
flagship,43200,k_norm,decoder.layers.self_attention.k_layernorm.weight,52,128,1.45218955,1.8984375,4000,1.38194538,1,0,0.45039565,0.979386318,0
flagship,43200,k_norm,decoder.layers.self_attention.k_layernorm.weight,53,128,1.40336771,1.7265625,4000,1.3039633,1,0,0.452441566,0.956935259,0
flagship,43200,k_norm,decoder.layers.self_attention.k_layernorm.weight,54,128,1.34243914,1.7109375,4000,1.28663207,1,0,0.477637397,0.943270673,0
flagship,43200,k_norm,decoder.layers.self_attention.k_layernorm.weight,55,128,1.47154436,1.921875,4000,1.35377261,1,0,0.403703188,0.986031183,0
flagship,43200,k_norm,decoder.layers.self_attention.k_layernorm.weight,56,128,1.48561149,1.84375,4000,1.38385374,1,0,0.428921008,0.986765384,0
flagship,43200,k_norm,decoder.layers.self_attention.k_layernorm.weight,57,128,1.46157682,1.7890625,4000,1.36641388,1,0,0.429635463,0.981584094,0
flagship,43200,k_norm,decoder.layers.self_attention.k_layernorm.weight,58,128,1.52972118,1.84375,4000,1.42820194,1,0,0.438855139,0.99676624,0
flagship,43200,k_norm,decoder.layers.self_attention.k_layernorm.weight,59,128,1.48514513,1.7265625,4000,1.35840073,1,0,0.374672516,0.99560939,0
flagship,43200,k_norm,decoder.layers.self_attention.k_layernorm.weight,60,128,1.4073399,1.75,4000,1.34254362,1,0,0.383129318,0.989031289,0
flagship,43200,k_norm,decoder.layers.self_attention.k_layernorm.weight,61,128,1.41123135,1.8984375,4000,1.33756539,1,0,0.35759099,0.994796171,0
flagship,43200,k_norm,decoder.layers.self_attention.k_layernorm.weight,62,128,1.32308759,1.6328125,4000,1.27108036,1,0,0.284323146,0.997106757,0
flagship,43200,k_norm,decoder.layers.self_attention.k_layernorm.weight,63,128,1.17661294,1.375,4000,1.15005629,1,0,0.164375207,0.998042565,0
flagship,43200,pre_mlp_norm,decoder.layers.mlp.linear_fc1.layer_norm_weight,0,5120,0.565126854,0.75,4000,0.576946312,1,0,0.430660286,0.994372215,0
flagship,43200,pre_mlp_norm,decoder.layers.mlp.linear_fc1.layer_norm_weight,1,5120,0.898699102,1.0234375,4000,0.913373147,1,0,0.115064798,0.996860157,0
flagship,43200,pre_mlp_norm,decoder.layers.mlp.linear_fc1.layer_norm_weight,2,5120,0.922074285,1.0234375,4000,0.934115875,1,0,0.0879016798,0.998187598,0
flagship,43200,pre_mlp_norm,decoder.layers.mlp.linear_fc1.layer_norm_weight,3,5120,0.873002306,0.953125,4000,0.891254949,1,0,0.119962446,0.998560736,0
flagship,43200,pre_mlp_norm,decoder.layers.mlp.linear_fc1.layer_norm_weight,4,5120,0.836970829,0.953125,4000,0.853315921,1,0,0.153766114,0.998753218,0
flagship,43200,pre_mlp_norm,decoder.layers.mlp.linear_fc1.layer_norm_weight,5,5120,0.746263742,1.2890625,4000,0.764178574,1,0,0.239148664,0.998965988,0
flagship,43200,pre_mlp_norm,decoder.layers.mlp.linear_fc1.layer_norm_weight,6,5120,0.682966972,0.93359375,4000,0.701591176,1,0,0.300974386,0.998904095,0
flagship,43200,pre_mlp_norm,decoder.layers.mlp.linear_fc1.layer_norm_weight,7,5120,0.654524689,0.89453125,4000,0.670481758,1,0,0.331927989,0.998811364,0
flagship,43200,pre_mlp_norm,decoder.layers.mlp.linear_fc1.layer_norm_weight,8,5120,0.660409505,0.83984375,4000,0.674402614,1,0,0.327941587,0.99886416,0
flagship,43200,pre_mlp_norm,decoder.layers.mlp.linear_fc1.layer_norm_weight,9,5120,0.669248881,0.78515625,4000,0.681282605,1,0,0.32102714,0.998915541,0
flagship,43200,pre_mlp_norm,decoder.layers.mlp.linear_fc1.layer_norm_weight,10,5120,0.65778811,0.73828125,4000,0.667797271,1,0,0.334342058,0.998932342,0
flagship,43200,pre_mlp_norm,decoder.layers.mlp.linear_fc1.layer_norm_weight,11,5120,0.656368332,0.73046875,4000,0.664644145,1,0,0.337319166,0.999006483,0
flagship,43200,pre_mlp_norm,decoder.layers.mlp.linear_fc1.layer_norm_weight,12,5120,0.660629895,0.7421875,4000,0.667568016,1,0,0.334354394,0.999039921,0
flagship,43200,pre_mlp_norm,decoder.layers.mlp.linear_fc1.layer_norm_weight,13,5120,0.661092477,0.734375,4000,0.666632867,1,0,0.335163035,0.999099493,0
flagship,43200,pre_mlp_norm,decoder.layers.mlp.linear_fc1.layer_norm_weight,14,5120,0.647990209,0.71484375,4000,0.652225519,1,0,0.349365699,0.999149603,0
flagship,43200,pre_mlp_norm,decoder.layers.mlp.linear_fc1.layer_norm_weight,15,5120,0.640036314,0.71484375,4000,0.642976964,1,0,0.358411479,0.999227546,0
flagship,43200,pre_mlp_norm,decoder.layers.mlp.linear_fc1.layer_norm_weight,16,5120,0.617946673,0.6875,4000,0.619804628,1,0,0.381343719,0.999294527,0
flagship,43200,pre_mlp_norm,decoder.layers.mlp.linear_fc1.layer_norm_weight,17,5120,0.595254646,0.66015625,4000,0.595998514,1,0,0.404992202,0.999327613,0
flagship,43200,pre_mlp_norm,decoder.layers.mlp.linear_fc1.layer_norm_weight,18,5120,0.588371646,0.65625,4000,0.588157186,1,0,0.412768872,0.999350821,0
flagship,43200,pre_mlp_norm,decoder.layers.mlp.linear_fc1.layer_norm_weight,19,5120,0.590812232,0.66015625,4000,0.589409996,1,0,0.411474715,0.999383035,0
flagship,43200,pre_mlp_norm,decoder.layers.mlp.linear_fc1.layer_norm_weight,20,5120,0.601115626,0.6953125,4000,0.598768591,1,0,0.402079739,0.999430939,0
flagship,43200,pre_mlp_norm,decoder.layers.mlp.linear_fc1.layer_norm_weight,21,5120,0.600992601,0.67578125,4000,0.597530985,1,0,0.403335028,0.999416066,0
flagship,43200,pre_mlp_norm,decoder.layers.mlp.linear_fc1.layer_norm_weight,22,5120,0.599264566,0.66796875,4000,0.59484318,1,0,0.406124081,0.999340398,0
flagship,43200,pre_mlp_norm,decoder.layers.mlp.linear_fc1.layer_norm_weight,23,5120,0.604549007,0.6640625,4000,0.599050662,1,0,0.401889831,0.999369783,0
flagship,43200,pre_mlp_norm,decoder.layers.mlp.linear_fc1.layer_norm_weight,24,5120,0.615551106,0.68359375,4000,0.608939756,1,0,0.392089139,0.999338375,0
flagship,43200,pre_mlp_norm,decoder.layers.mlp.linear_fc1.layer_norm_weight,25,5120,0.637661741,0.69140625,4000,0.629700457,1,0,0.371441812,0.999327245,0
flagship,43200,pre_mlp_norm,decoder.layers.mlp.linear_fc1.layer_norm_weight,26,5120,0.652846696,0.71875,4000,0.643542253,1,0,0.357670124,0.999327321,0
flagship,43200,pre_mlp_norm,decoder.layers.mlp.linear_fc1.layer_norm_weight,27,5120,0.672285798,0.73046875,4000,0.66155496,1,0,0.339817668,0.999296354,0
flagship,43200,pre_mlp_norm,decoder.layers.mlp.linear_fc1.layer_norm_weight,28,5120,0.689588013,0.75,4000,0.677445234,1,0,0.324034912,0.999293636,0
flagship,43200,pre_mlp_norm,decoder.layers.mlp.linear_fc1.layer_norm_weight,29,5120,0.705806217,0.77734375,4000,0.69204067,1,0,0.309547162,0.999291591,0
flagship,43200,pre_mlp_norm,decoder.layers.mlp.linear_fc1.layer_norm_weight,30,5120,0.727489173,0.796875,4000,0.712124698,1,0,0.289476369,0.999350973,0
flagship,43200,pre_mlp_norm,decoder.layers.mlp.linear_fc1.layer_norm_weight,31,5120,0.748185109,0.8046875,4000,0.731139777,1,0,0.27067044,0.999332093,0
flagship,43200,pre_mlp_norm,decoder.layers.mlp.linear_fc1.layer_norm_weight,32,5120,0.762740825,0.80859375,4000,0.744068689,1,0,0.257900517,0.999320063,0
flagship,43200,pre_mlp_norm,decoder.layers.mlp.linear_fc1.layer_norm_weight,33,5120,0.780544585,0.8359375,4000,0.7600335,1,0,0.242183023,0.999296942,0
flagship,43200,pre_mlp_norm,decoder.layers.mlp.linear_fc1.layer_norm_weight,34,5120,0.803102499,0.85546875,4000,0.780577074,1,0,0.221924995,0.99929265,0
flagship,43200,pre_mlp_norm,decoder.layers.mlp.linear_fc1.layer_norm_weight,35,5120,0.830213915,0.8828125,4000,0.805574532,1,0,0.197413111,0.999273392,0
flagship,43200,pre_mlp_norm,decoder.layers.mlp.linear_fc1.layer_norm_weight,36,5120,0.85474713,0.90625,4000,0.827856641,1,0,0.175685553,0.999255863,0
flagship,43200,pre_mlp_norm,decoder.layers.mlp.linear_fc1.layer_norm_weight,37,5120,0.873736848,0.9296875,4000,0.844800447,1,0,0.15945087,0.999208287,0
flagship,43200,pre_mlp_norm,decoder.layers.mlp.linear_fc1.layer_norm_weight,38,5120,0.890011028,0.9453125,4000,0.859002349,1,0,0.146013882,0.999161984,0
flagship,43200,pre_mlp_norm,decoder.layers.mlp.linear_fc1.layer_norm_weight,39,5120,0.902677851,0.95703125,4000,0.869628892,1,0,0.136194832,0.999107431,0
flagship,43200,pre_mlp_norm,decoder.layers.mlp.linear_fc1.layer_norm_weight,40,5120,0.914869401,0.97265625,4000,0.879943189,1,0,0.126795854,0.99905474,0
flagship,43200,pre_mlp_norm,decoder.layers.mlp.linear_fc1.layer_norm_weight,41,5120,0.926302922,1,4000,0.888663832,1,0,0.119003026,0.999006386,0
flagship,43200,pre_mlp_norm,decoder.layers.mlp.linear_fc1.layer_norm_weight,42,5120,0.936929171,0.99609375,4000,0.898291248,1,0,0.110614847,0.99894746,0
flagship,43200,pre_mlp_norm,decoder.layers.mlp.linear_fc1.layer_norm_weight,43,5120,0.945655701,1,4000,0.904859617,1,0,0.104884014,0.998923057,0
flagship,43200,pre_mlp_norm,decoder.layers.mlp.linear_fc1.layer_norm_weight,44,5120,0.951875859,1.0234375,4000,0.90979521,1,0,0.101147665,0.998849221,0
flagship,43200,pre_mlp_norm,decoder.layers.mlp.linear_fc1.layer_norm_weight,45,5120,0.958574415,1.03125,4000,0.915611663,1,0,0.0964990801,0.998803706,0
flagship,43200,pre_mlp_norm,decoder.layers.mlp.linear_fc1.layer_norm_weight,46,5120,0.965429256,1.046875,4000,0.921089631,1,0,0.0924215139,0.998743396,0
flagship,43200,pre_mlp_norm,decoder.layers.mlp.linear_fc1.layer_norm_weight,47,5120,0.971739008,1.0625,4000,0.926716957,1,0,0.0880194878,0.998717501,0
flagship,43200,pre_mlp_norm,decoder.layers.mlp.linear_fc1.layer_norm_weight,48,5120,0.976007359,1.0703125,4000,0.930324775,1,0,0.086001188,0.998634043,0
flagship,43200,pre_mlp_norm,decoder.layers.mlp.linear_fc1.layer_norm_weight,49,5120,0.985298677,1.09375,4000,0.939006761,1,0,0.0795741958,0.998609234,0
flagship,43200,pre_mlp_norm,decoder.layers.mlp.linear_fc1.layer_norm_weight,50,5120,0.98958913,1.09375,4000,0.943697975,1,0,0.0764968937,0.99857907,0
flagship,43200,pre_mlp_norm,decoder.layers.mlp.linear_fc1.layer_norm_weight,51,5120,0.99474601,1.1328125,4000,0.949020639,1,0,0.0734041841,0.998530443,0
flagship,43200,pre_mlp_norm,decoder.layers.mlp.linear_fc1.layer_norm_weight,52,5120,0.996684262,1.1328125,4000,0.952064793,1,0,0.0713600975,0.998532411,0
flagship,43200,pre_mlp_norm,decoder.layers.mlp.linear_fc1.layer_norm_weight,53,5120,1.00218208,1.1640625,4000,0.959179098,1,0,0.0658831698,0.998605972,0
flagship,43200,pre_mlp_norm,decoder.layers.mlp.linear_fc1.layer_norm_weight,54,5120,1.00857015,1.2109375,4000,0.967865864,1,0,0.0608429521,0.998621058,0
flagship,43200,pre_mlp_norm,decoder.layers.mlp.linear_fc1.layer_norm_weight,55,5120,1.00620728,1.2734375,4000,0.968448807,1,0,0.060653673,0.998614594,0
flagship,43200,pre_mlp_norm,decoder.layers.mlp.linear_fc1.layer_norm_weight,56,5120,1.0066194,1.359375,4000,0.97199613,1,0,0.0582247443,0.998659509,0
flagship,43200,pre_mlp_norm,decoder.layers.mlp.linear_fc1.layer_norm_weight,57,5120,1.01508953,1.421875,4000,0.984276336,1,0,0.0536633206,0.998662714,0
flagship,43200,pre_mlp_norm,decoder.layers.mlp.linear_fc1.layer_norm_weight,58,5120,1.01541459,1.4765625,4000,0.989071183,1,0,0.0521301227,0.998686591,0
flagship,43200,pre_mlp_norm,decoder.layers.mlp.linear_fc1.layer_norm_weight,59,5120,1.01367582,1.53125,4000,0.992352924,1,0,0.0525999751,0.998635425,0
flagship,43200,pre_mlp_norm,decoder.layers.mlp.linear_fc1.layer_norm_weight,60,5120,1.02383596,1.59375,4000,1.00813286,1,0,0.0543201402,0.998569368,0
flagship,43200,pre_mlp_norm,decoder.layers.mlp.linear_fc1.layer_norm_weight,61,5120,1.05312917,1.6328125,4000,1.04202768,1,0,0.066660219,0.998715361,0
flagship,43200,pre_mlp_norm,decoder.layers.mlp.linear_fc1.layer_norm_weight,62,5120,1.08815492,1.5546875,4000,1.08266327,1,0,0.0927376361,0.999183933,0
flagship,43200,pre_mlp_norm,decoder.layers.mlp.linear_fc1.layer_norm_weight,63,5120,1.14758677,1.53125,4000,1.1479524,1,0,0.155633985,0.998984267,0
flagship,43200,q_norm,decoder.layers.self_attention.q_layernorm.weight,0,128,1.15550034,1.6875,4000,1.19739056,1,0,0.313274544,0.975288802,0
flagship,43200,q_norm,decoder.layers.self_attention.q_layernorm.weight,1,128,1.52023793,1.9375,4000,1.4076522,1,0,0.421612629,0.995887871,0
flagship,43200,q_norm,decoder.layers.self_attention.q_layernorm.weight,2,128,1.49144275,1.8046875,4000,1.32181237,1,0,0.347129364,0.9935938,0
flagship,43200,q_norm,decoder.layers.self_attention.q_layernorm.weight,3,128,1.60015316,1.8984375,4000,1.3987007,1,0,0.418963149,0.994077408,0
flagship,43200,q_norm,decoder.layers.self_attention.q_layernorm.weight,4,128,1.51535645,1.8125,4000,1.36144883,1,0,0.383563076,0.993949323,0
flagship,43200,q_norm,decoder.layers.self_attention.q_layernorm.weight,5,128,1.47976966,1.7578125,4000,1.31660641,1,0,0.337341973,0.9948504,0
flagship,43200,q_norm,decoder.layers.self_attention.q_layernorm.weight,6,128,1.74843514,2.109375,4000,1.50689412,1,0,0.531784065,0.991421876,0
flagship,43200,q_norm,decoder.layers.self_attention.q_layernorm.weight,7,128,1.65267379,2.03125,4000,1.43361018,1,0,0.488556238,0.982328039,0
flagship,43200,q_norm,decoder.layers.self_attention.q_layernorm.weight,8,128,1.60874728,1.84375,4000,1.47707384,1,0,0.506757781,0.990114236,0
flagship,43200,q_norm,decoder.layers.self_attention.q_layernorm.weight,9,128,1.582372,1.9296875,4000,1.51378238,1,0,0.544280476,0.989341633,0
flagship,43200,q_norm,decoder.layers.self_attention.q_layernorm.weight,10,128,1.62069131,1.9140625,4000,1.56923484,1,0,0.581245124,0.995597351,0
flagship,43200,q_norm,decoder.layers.self_attention.q_layernorm.weight,11,128,1.64225626,1.9140625,4000,1.59459442,1,0,0.614938751,0.992284204,0
flagship,43200,q_norm,decoder.layers.self_attention.q_layernorm.weight,12,128,1.57838865,2.140625,4000,1.52272184,1,0,0.537706206,0.994782419,0
flagship,43200,q_norm,decoder.layers.self_attention.q_layernorm.weight,13,128,1.53864622,1.796875,4000,1.49633325,1,0,0.524987695,0.99022097,0
flagship,43200,q_norm,decoder.layers.self_attention.q_layernorm.weight,14,128,1.48473197,1.90625,4000,1.4772985,1,0,0.501409869,0.992013125,0
flagship,43200,q_norm,decoder.layers.self_attention.q_layernorm.weight,15,128,1.61678814,1.9453125,4000,1.58653324,1,0,0.6009415,0.994607917,0
flagship,43200,q_norm,decoder.layers.self_attention.q_layernorm.weight,16,128,1.45600487,1.890625,4000,1.44120991,1,0,0.456761373,0.995155195,0
flagship,43200,q_norm,decoder.layers.self_attention.q_layernorm.weight,17,128,1.65184024,2,4000,1.58438508,1,0,0.598497617,0.994731877,0
flagship,43200,q_norm,decoder.layers.self_attention.q_layernorm.weight,18,128,1.63821298,1.9609375,4000,1.60421496,1,0,0.643567269,0.984695596,0
flagship,43200,q_norm,decoder.layers.self_attention.q_layernorm.weight,19,128,1.70962079,2.015625,4000,1.62445764,1,0,0.652176787,0.98910799,0
flagship,43200,q_norm,decoder.layers.self_attention.q_layernorm.weight,20,128,1.5747151,1.9453125,4000,1.54256776,1,0,0.582779016,0.985332375,0
flagship,43200,q_norm,decoder.layers.self_attention.q_layernorm.weight,21,128,1.5783526,1.9609375,4000,1.5264969,1,0,0.580834454,0.98029158,0
flagship,43200,q_norm,decoder.layers.self_attention.q_layernorm.weight,22,128,1.68975908,2.0625,4000,1.59335509,1,0,0.660722357,0.97348872,0
flagship,43200,q_norm,decoder.layers.self_attention.q_layernorm.weight,23,128,1.61602814,1.96875,4000,1.53912395,1,0,0.560197489,0.992474099,0
flagship,43200,q_norm,decoder.layers.self_attention.q_layernorm.weight,24,128,1.59860664,1.828125,4000,1.4975388,1,0,0.517436778,0.993256948,0
flagship,43200,q_norm,decoder.layers.self_attention.q_layernorm.weight,25,128,1.58363301,1.96875,4000,1.51149553,1,0,0.595375065,0.969287438,0
flagship,43200,q_norm,decoder.layers.self_attention.q_layernorm.weight,26,128,1.44249984,1.8515625,4000,1.40038326,1,0,0.564777034,0.943348956,0
flagship,43200,q_norm,decoder.layers.self_attention.q_layernorm.weight,27,128,1.58993696,2.03125,4000,1.49511232,1,0,0.566711811,0.974575129,0
flagship,43200,q_norm,decoder.layers.self_attention.q_layernorm.weight,28,128,1.41496516,1.7578125,4000,1.36873226,1,0,0.542489095,0.942161467,0
flagship,43200,q_norm,decoder.layers.self_attention.q_layernorm.weight,29,128,1.48609609,1.8203125,4000,1.42184564,1,0,0.553820867,0.954719487,0
flagship,43200,q_norm,decoder.layers.self_attention.q_layernorm.weight,30,128,1.49097935,1.890625,4000,1.42667479,1,0,0.490366047,0.979530207,0
flagship,43200,q_norm,decoder.layers.self_attention.q_layernorm.weight,31,128,1.39954048,1.71875,4000,1.36693426,1,0,0.486832146,0.9625568,0
flagship,43200,q_norm,decoder.layers.self_attention.q_layernorm.weight,32,128,1.545552,1.8515625,4000,1.49888049,1,0,0.552499524,0.981194641,0
flagship,43200,q_norm,decoder.layers.self_attention.q_layernorm.weight,33,128,1.36085509,1.7265625,4000,1.32432786,1,0,0.543147952,0.928333027,0
flagship,43200,q_norm,decoder.layers.self_attention.q_layernorm.weight,34,128,1.44300171,1.84375,4000,1.39524706,1,0,0.550604214,0.947340954,0
flagship,43200,q_norm,decoder.layers.self_attention.q_layernorm.weight,35,128,1.55353265,1.8828125,4000,1.51104858,1,0,0.569945419,0.978932798,0
flagship,43200,q_norm,decoder.layers.self_attention.q_layernorm.weight,36,128,1.43145665,1.8203125,4000,1.39744243,1,0,0.509287347,0.963714741,0
flagship,43200,q_norm,decoder.layers.self_attention.q_layernorm.weight,37,128,1.27363519,1.6640625,4000,1.24894137,1,0,0.327688266,0.981821489,0
flagship,43200,q_norm,decoder.layers.self_attention.q_layernorm.weight,38,128,1.60157649,2.015625,4000,1.55142608,1,0,0.566330298,0.994630981,0
flagship,43200,q_norm,decoder.layers.self_attention.q_layernorm.weight,39,128,1.4044641,1.8046875,4000,1.37408281,1,0,0.411206688,0.989391835,0
flagship,43200,q_norm,decoder.layers.self_attention.q_layernorm.weight,40,128,1.33227651,1.703125,4000,1.30283738,1,0,0.425838936,0.965602642,0
flagship,43200,q_norm,decoder.layers.self_attention.q_layernorm.weight,41,128,1.32834327,1.6875,4000,1.29405203,1,0,0.399066574,0.971876118,0
flagship,43200,q_norm,decoder.layers.self_attention.q_layernorm.weight,42,128,1.21900438,1.6328125,4000,1.19293139,1,0,0.32535402,0.971233586,0
flagship,43200,q_norm,decoder.layers.self_attention.q_layernorm.weight,43,128,1.27755507,1.734375,4000,1.24719126,1,0,0.341945166,0.977620522,0
flagship,43200,q_norm,decoder.layers.self_attention.q_layernorm.weight,44,128,1.25559164,1.6875,4000,1.22387563,1,0,0.3893029,0.958559331,0
flagship,43200,q_norm,decoder.layers.self_attention.q_layernorm.weight,45,128,1.30808752,1.7734375,4000,1.24884298,1,0,0.452276015,0.942894837,0
flagship,43200,q_norm,decoder.layers.self_attention.q_layernorm.weight,46,128,1.36708444,1.7265625,4000,1.3144617,1,0,0.473239716,0.95242552,0
flagship,43200,q_norm,decoder.layers.self_attention.q_layernorm.weight,47,128,1.27376936,1.6796875,4000,1.24105748,1,0,0.426845581,0.950006974,0
flagship,43200,q_norm,decoder.layers.self_attention.q_layernorm.weight,48,128,1.47052844,1.75,4000,1.36380407,1,0,0.463609694,0.96972419,0
flagship,43200,q_norm,decoder.layers.self_attention.q_layernorm.weight,49,128,1.32802006,1.7421875,4000,1.27430525,1,0,0.446989496,0.951127787,0
flagship,43200,q_norm,decoder.layers.self_attention.q_layernorm.weight,50,128,1.41090448,1.6953125,4000,1.34049508,1,0,0.381510373,0.988954356,0
flagship,43200,q_norm,decoder.layers.self_attention.q_layernorm.weight,51,128,1.44694907,1.8046875,4000,1.37083091,1,0,0.460726779,0.972734202,0
flagship,43200,q_norm,decoder.layers.self_attention.q_layernorm.weight,52,128,1.4721136,1.8046875,4000,1.39992428,1,0,0.432450597,0.990330162,0
flagship,43200,q_norm,decoder.layers.self_attention.q_layernorm.weight,53,128,1.41851021,1.7421875,4000,1.31663734,1,0,0.445320119,0.962764691,0
flagship,43200,q_norm,decoder.layers.self_attention.q_layernorm.weight,54,128,1.35416422,1.6796875,4000,1.29665847,1,0,0.464597273,0.950702372,0
flagship,43200,q_norm,decoder.layers.self_attention.q_layernorm.weight,55,128,1.49214064,1.90625,4000,1.36675336,1,0,0.393702421,0.99250283,0
flagship,43200,q_norm,decoder.layers.self_attention.q_layernorm.weight,56,128,1.50599776,1.7890625,4000,1.39899524,1,0,0.424353272,0.99253804,0
flagship,43200,q_norm,decoder.layers.self_attention.q_layernorm.weight,57,128,1.47314421,1.875,4000,1.37512157,1,0,0.433312934,0.982894637,0
flagship,43200,q_norm,decoder.layers.self_attention.q_layernorm.weight,58,128,1.55334307,1.765625,4000,1.44496203,1,0,0.453824455,0.997243726,0
flagship,43200,q_norm,decoder.layers.self_attention.q_layernorm.weight,59,128,1.50048916,1.84375,4000,1.36680653,1,0,0.382094895,0.995811595,0
flagship,43200,q_norm,decoder.layers.self_attention.q_layernorm.weight,60,128,1.43670599,1.7421875,4000,1.36955459,1,0,0.388215744,0.994837423,0
flagship,43200,q_norm,decoder.layers.self_attention.q_layernorm.weight,61,128,1.43305319,1.8359375,4000,1.3559283,1,0,0.373240524,0.995345056,0
flagship,43200,q_norm,decoder.layers.self_attention.q_layernorm.weight,62,128,1.33831077,1.71875,4000,1.28391976,1,0,0.297474669,0.996930979,0
flagship,43200,q_norm,decoder.layers.self_attention.q_layernorm.weight,63,128,1.17890758,1.4140625,4000,1.15282541,1,0,0.168095494,0.997874575,0
flagship,44000,attention_input_norm,decoder.layers.self_attention.linear_qkv.layer_norm_weight,0,5120,0.148278265,0.7734375,4000,0.150251026,1,0,0.860101123,0.941096496,0
flagship,44000,attention_input_norm,decoder.layers.self_attention.linear_qkv.layer_norm_weight,1,5120,0.471304383,0.828125,4000,0.47603912,1,0,0.525776938,0.99799766,0
flagship,44000,attention_input_norm,decoder.layers.self_attention.linear_qkv.layer_norm_weight,2,5120,0.685623496,0.81640625,4000,0.684937764,1,0,0.31850632,0.998407109,0
flagship,44000,attention_input_norm,decoder.layers.self_attention.linear_qkv.layer_norm_weight,3,5120,0.804139088,0.98828125,4000,0.79948929,1,0,0.204976816,0.998867433,0
flagship,44000,attention_input_norm,decoder.layers.self_attention.linear_qkv.layer_norm_weight,4,5120,0.817470778,0.95703125,4000,0.817444007,1,0,0.187726632,0.998828912,0
flagship,44000,attention_input_norm,decoder.layers.self_attention.linear_qkv.layer_norm_weight,5,5120,0.915513507,1.0390625,4000,0.911827163,1,0,0.0986008744,0.998931988,0
flagship,44000,attention_input_norm,decoder.layers.self_attention.linear_qkv.layer_norm_weight,6,5120,0.985490224,1.140625,4000,0.97968249,1,0,0.0514006039,0.998862274,0
flagship,44000,attention_input_norm,decoder.layers.self_attention.linear_qkv.layer_norm_weight,7,5120,1.1206401,1.2734375,4000,1.10746591,1,0,0.115904387,0.999149001,0
flagship,44000,attention_input_norm,decoder.layers.self_attention.linear_qkv.layer_norm_weight,8,5120,1.06623079,1.25,4000,1.07649916,1,0,0.0929037853,0.998709246,0
flagship,44000,attention_input_norm,decoder.layers.self_attention.linear_qkv.layer_norm_weight,9,5120,0.990108496,1.2265625,4000,1.00450505,1,0,0.0504250167,0.998744463,0
flagship,44000,attention_input_norm,decoder.layers.self_attention.linear_qkv.layer_norm_weight,10,5120,1.01565746,1.3203125,4000,1.03165364,1,0,0.0568984688,0.998916554,0
flagship,44000,attention_input_norm,decoder.layers.self_attention.linear_qkv.layer_norm_weight,11,5120,1.06357889,1.2890625,4000,1.08076139,1,0,0.0963956244,0.998718628,0
flagship,44000,attention_input_norm,decoder.layers.self_attention.linear_qkv.layer_norm_weight,12,5120,1.00690829,1.2890625,4000,1.02314036,1,0,0.0478367971,0.999143381,0
flagship,44000,attention_input_norm,decoder.layers.self_attention.linear_qkv.layer_norm_weight,13,5120,1.0324835,1.2109375,4000,1.04930515,1,0,0.0675055036,0.998986951,0
flagship,44000,attention_input_norm,decoder.layers.self_attention.linear_qkv.layer_norm_weight,14,5120,0.992448534,1.125,4000,1.00986791,1,0,0.0449528887,0.999047704,0
flagship,44000,attention_input_norm,decoder.layers.self_attention.linear_qkv.layer_norm_weight,15,5120,1.11338222,1.28125,4000,1.13255631,1,0,0.140327698,0.99906376,0
flagship,44000,attention_input_norm,decoder.layers.self_attention.linear_qkv.layer_norm_weight,16,5120,1.09783729,1.2578125,4000,1.11701384,1,0,0.123507789,0.999300844,0
flagship,44000,attention_input_norm,decoder.layers.self_attention.linear_qkv.layer_norm_weight,17,5120,1.25027609,1.4296875,4000,1.27056141,1,0,0.273444303,0.999382828,0
flagship,44000,attention_input_norm,decoder.layers.self_attention.linear_qkv.layer_norm_weight,18,5120,1.19437696,1.3984375,4000,1.21533651,1,0,0.220360582,0.999099438,0
flagship,44000,attention_input_norm,decoder.layers.self_attention.linear_qkv.layer_norm_weight,19,5120,1.30035893,1.46875,4000,1.31873046,1,0,0.321464296,0.999336411,0
flagship,44000,attention_input_norm,decoder.layers.self_attention.linear_qkv.layer_norm_weight,20,5120,1.16643121,1.3125,4000,1.18699687,1,0,0.191356911,0.999305122,0
flagship,44000,attention_input_norm,decoder.layers.self_attention.linear_qkv.layer_norm_weight,21,5120,1.1475889,1.421875,4000,1.16706787,1,0,0.170879518,0.999448131,0
flagship,44000,attention_input_norm,decoder.layers.self_attention.linear_qkv.layer_norm_weight,22,5120,1.39864803,1.5546875,4000,1.41468838,1,0,0.416603259,0.999437395,0
flagship,44000,attention_input_norm,decoder.layers.self_attention.linear_qkv.layer_norm_weight,23,5120,1.38594224,1.5625,4000,1.40706857,1,0,0.408784964,0.999502396,0
flagship,44000,attention_input_norm,decoder.layers.self_attention.linear_qkv.layer_norm_weight,24,5120,1.34342987,1.515625,4000,1.35667265,1,0,0.358576565,0.99949812,0
flagship,44000,attention_input_norm,decoder.layers.self_attention.linear_qkv.layer_norm_weight,25,5120,1.25345079,1.3984375,4000,1.27187684,1,0,0.275196936,0.999285961,0
flagship,44000,attention_input_norm,decoder.layers.self_attention.linear_qkv.layer_norm_weight,26,5120,1.19796282,1.4296875,4000,1.21885303,1,0,0.223422353,0.999170982,0
flagship,44000,attention_input_norm,decoder.layers.self_attention.linear_qkv.layer_norm_weight,27,5120,1.42823462,1.7109375,4000,1.44029218,1,0,0.4429032,0.999199453,0
flagship,44000,attention_input_norm,decoder.layers.self_attention.linear_qkv.layer_norm_weight,28,5120,1.30624148,1.46875,4000,1.32842258,1,0,0.333298954,0.998785478,0
flagship,44000,attention_input_norm,decoder.layers.self_attention.linear_qkv.layer_norm_weight,29,5120,1.3380439,1.5390625,4000,1.35835649,1,0,0.362096917,0.999008065,0
flagship,44000,attention_input_norm,decoder.layers.self_attention.linear_qkv.layer_norm_weight,30,5120,1.47219375,1.6640625,4000,1.49547091,1,0,0.498548397,0.998977219,0
flagship,44000,attention_input_norm,decoder.layers.self_attention.linear_qkv.layer_norm_weight,31,5120,1.15181413,1.296875,4000,1.17306681,1,0,0.179654315,0.999009625,0
flagship,44000,attention_input_norm,decoder.layers.self_attention.linear_qkv.layer_norm_weight,32,5120,1.26131446,1.421875,4000,1.28373841,1,0,0.288011961,0.999048326,0
flagship,44000,attention_input_norm,decoder.layers.self_attention.linear_qkv.layer_norm_weight,33,5120,1.25813802,1.453125,4000,1.28114285,1,0,0.287574738,0.998572398,0
flagship,44000,attention_input_norm,decoder.layers.self_attention.linear_qkv.layer_norm_weight,34,5120,1.41432733,1.6171875,4000,1.43863933,1,0,0.443025389,0.998656009,0
flagship,44000,attention_input_norm,decoder.layers.self_attention.linear_qkv.layer_norm_weight,35,5120,1.31910106,1.515625,4000,1.34302287,1,0,0.347349401,0.998887989,0
flagship,44000,attention_input_norm,decoder.layers.self_attention.linear_qkv.layer_norm_weight,36,5120,1.14503301,1.3125,4000,1.16613833,1,0,0.175119654,0.998685855,0
flagship,44000,attention_input_norm,decoder.layers.self_attention.linear_qkv.layer_norm_weight,37,5120,0.861424224,0.98828125,4000,0.877633166,1,0,0.130541642,0.998822128,0
flagship,44000,attention_input_norm,decoder.layers.self_attention.linear_qkv.layer_norm_weight,38,5120,1.0981022,1.2421875,4000,1.11818127,1,0,0.125557642,0.999196056,0
flagship,44000,attention_input_norm,decoder.layers.self_attention.linear_qkv.layer_norm_weight,39,5120,0.909519271,1.0625,4000,0.926484889,1,0,0.0865588865,0.998873177,0
flagship,44000,attention_input_norm,decoder.layers.self_attention.linear_qkv.layer_norm_weight,40,5120,1.00103696,1.15625,4000,1.0193,1,0,0.0539895788,0.998752877,0
flagship,44000,attention_input_norm,decoder.layers.self_attention.linear_qkv.layer_norm_weight,41,5120,0.95118543,1.078125,4000,0.968579184,1,0,0.0590922685,0.998707061,0
flagship,44000,attention_input_norm,decoder.layers.self_attention.linear_qkv.layer_norm_weight,42,5120,0.883816436,1.0390625,4000,0.899874498,1,0,0.112346895,0.998557183,0
flagship,44000,attention_input_norm,decoder.layers.self_attention.linear_qkv.layer_norm_weight,43,5120,0.919990697,1.0625,4000,0.936239193,1,0,0.0813897668,0.99863344,0
flagship,44000,attention_input_norm,decoder.layers.self_attention.linear_qkv.layer_norm_weight,44,5120,0.97363218,1.1484375,4000,0.990529841,1,0,0.0541849748,0.99856323,0
flagship,44000,attention_input_norm,decoder.layers.self_attention.linear_qkv.layer_norm_weight,45,5120,1.07295472,1.2265625,4000,1.0887806,1,0,0.103196443,0.998729078,0
flagship,44000,attention_input_norm,decoder.layers.self_attention.linear_qkv.layer_norm_weight,46,5120,1.1239435,1.265625,4000,1.13683581,1,0,0.14650536,0.998794997,0
flagship,44000,attention_input_norm,decoder.layers.self_attention.linear_qkv.layer_norm_weight,47,5120,1.00701949,1.15625,4000,1.02187592,1,0,0.0548540011,0.998761882,0
flagship,44000,attention_input_norm,decoder.layers.self_attention.linear_qkv.layer_norm_weight,48,5120,1.23841691,1.4140625,4000,1.24949003,1,0,0.255918362,0.998699898,0
flagship,44000,attention_input_norm,decoder.layers.self_attention.linear_qkv.layer_norm_weight,49,5120,1.1924789,1.375,4000,1.19700665,1,0,0.205039898,0.99865091,0
flagship,44000,attention_input_norm,decoder.layers.self_attention.linear_qkv.layer_norm_weight,50,5120,1.11641336,1.265625,4000,1.1300713,1,0,0.140092915,0.998802075,0
flagship,44000,attention_input_norm,decoder.layers.self_attention.linear_qkv.layer_norm_weight,51,5120,1.2229369,1.3828125,4000,1.23736035,1,0,0.246346978,0.998243479,0
flagship,44000,attention_input_norm,decoder.layers.self_attention.linear_qkv.layer_norm_weight,52,5120,1.18285077,1.3125,4000,1.19722277,1,0,0.204821616,0.998724099,0
flagship,44000,attention_input_norm,decoder.layers.self_attention.linear_qkv.layer_norm_weight,53,5120,1.32906891,1.5,4000,1.33742309,1,0,0.34547761,0.997943642,0
flagship,44000,attention_input_norm,decoder.layers.self_attention.linear_qkv.layer_norm_weight,54,5120,1.23146896,1.4140625,4000,1.24289313,1,0,0.253203965,0.99794223,0
flagship,44000,attention_input_norm,decoder.layers.self_attention.linear_qkv.layer_norm_weight,55,5120,1.30824199,1.5078125,4000,1.312132,1,0,0.318740866,0.998411228,0
flagship,44000,attention_input_norm,decoder.layers.self_attention.linear_qkv.layer_norm_weight,56,5120,1.32820824,1.5234375,4000,1.33776253,1,0,0.345194122,0.998103006,0
flagship,44000,attention_input_norm,decoder.layers.self_attention.linear_qkv.layer_norm_weight,57,5120,1.27283658,1.484375,4000,1.27484784,1,0,0.285777403,0.997596816,0
flagship,44000,attention_input_norm,decoder.layers.self_attention.linear_qkv.layer_norm_weight,58,5120,1.31604868,1.5234375,4000,1.32009317,1,0,0.327824579,0.998102667,0
flagship,44000,attention_input_norm,decoder.layers.self_attention.linear_qkv.layer_norm_weight,59,5120,1.21206216,1.375,4000,1.21320218,1,0,0.225297024,0.997814222,0
flagship,44000,attention_input_norm,decoder.layers.self_attention.linear_qkv.layer_norm_weight,60,5120,1.10937334,1.2734375,4000,1.11500175,1,0,0.130731148,0.998266716,0
flagship,44000,attention_input_norm,decoder.layers.self_attention.linear_qkv.layer_norm_weight,61,5120,1.09945062,1.328125,4000,1.1014197,1,0,0.117744065,0.998375864,0
flagship,44000,attention_input_norm,decoder.layers.self_attention.linear_qkv.layer_norm_weight,62,5120,1.02067223,1.15625,4000,1.02525426,1,0,0.0431605317,0.999402561,0
flagship,44000,attention_input_norm,decoder.layers.self_attention.linear_qkv.layer_norm_weight,63,5120,0.97495445,1.109375,4000,0.978876065,1,0,0.0353227176,0.999590615,0
flagship,44000,final_norm,decoder.final_layernorm.weight,-1,5120,1.7068239,5.84375,4000,1.54190711,1,0,0.562189774,0.992738208,0
flagship,44000,k_norm,decoder.layers.self_attention.k_layernorm.weight,0,128,1.1620639,2,4000,1.20342537,1,0,0.336496454,0.97014855,0
flagship,44000,k_norm,decoder.layers.self_attention.k_layernorm.weight,1,128,1.51022888,1.8046875,4000,1.39877302,1,0,0.411168773,0.996411201,0
flagship,44000,k_norm,decoder.layers.self_attention.k_layernorm.weight,2,128,1.48173996,1.9453125,4000,1.31637977,1,0,0.347304413,0.992204303,0
flagship,44000,k_norm,decoder.layers.self_attention.k_layernorm.weight,3,128,1.58635049,2,4000,1.3886924,1,0,0.417287607,0.991701847,0
flagship,44000,k_norm,decoder.layers.self_attention.k_layernorm.weight,4,128,1.50245406,1.7890625,4000,1.35231248,1,0,0.381981724,0.991944926,0
flagship,44000,k_norm,decoder.layers.self_attention.k_layernorm.weight,5,128,1.47452093,1.796875,4000,1.31362841,1,0,0.337370643,0.994116993,0
flagship,44000,k_norm,decoder.layers.self_attention.k_layernorm.weight,6,128,1.7250857,2.0625,4000,1.48926795,1,0,0.516545032,0.990788883,0
flagship,44000,k_norm,decoder.layers.self_attention.k_layernorm.weight,7,128,1.62654883,2.0625,4000,1.41214934,1,0,0.478248725,0.979161283,0
flagship,44000,k_norm,decoder.layers.self_attention.k_layernorm.weight,8,128,1.59519954,1.8984375,4000,1.46548953,1,0,0.499705928,0.988732262,0
flagship,44000,k_norm,decoder.layers.self_attention.k_layernorm.weight,9,128,1.5469817,1.875,4000,1.47953361,1,0,0.525128022,0.984519798,0
flagship,44000,k_norm,decoder.layers.self_attention.k_layernorm.weight,10,128,1.59841483,2.25,4000,1.54707469,1,0,0.569888558,0.991764377,0
flagship,44000,k_norm,decoder.layers.self_attention.k_layernorm.weight,11,128,1.62037754,1.9609375,4000,1.57234567,1,0,0.607104321,0.986963394,0
flagship,44000,k_norm,decoder.layers.self_attention.k_layernorm.weight,12,128,1.55406353,1.8984375,4000,1.49909039,1,0,0.514545461,0.994774891,0
flagship,44000,k_norm,decoder.layers.self_attention.k_layernorm.weight,13,128,1.52040307,2.03125,4000,1.48064155,1,0,0.518520451,0.98721934,0
flagship,44000,k_norm,decoder.layers.self_attention.k_layernorm.weight,14,128,1.46457404,1.828125,4000,1.4558831,1,0,0.49107082,0.988556381,0
flagship,44000,k_norm,decoder.layers.self_attention.k_layernorm.weight,15,128,1.59566644,1.984375,4000,1.56448103,1,0,0.582288162,0.993473659,0
flagship,44000,k_norm,decoder.layers.self_attention.k_layernorm.weight,16,128,1.44823247,2.125,4000,1.43220437,1,0,0.465707025,0.989497862,0
flagship,44000,k_norm,decoder.layers.self_attention.k_layernorm.weight,17,128,1.63699189,1.953125,4000,1.56969806,1,0,0.585074994,0.994343856,0
flagship,44000,k_norm,decoder.layers.self_attention.k_layernorm.weight,18,128,1.6153316,2.046875,4000,1.58085619,1,0,0.640169095,0.977093885,0
flagship,44000,k_norm,decoder.layers.self_attention.k_layernorm.weight,19,128,1.68703359,2.046875,4000,1.602275,1,0,0.644604205,0.983529858,0
flagship,44000,k_norm,decoder.layers.self_attention.k_layernorm.weight,20,128,1.5497625,1.953125,4000,1.51707802,1,0,0.571029478,0.980651959,0
flagship,44000,k_norm,decoder.layers.self_attention.k_layernorm.weight,21,128,1.55481206,1.9296875,4000,1.50217107,1,0,0.572931191,0.974678528,0
flagship,44000,k_norm,decoder.layers.self_attention.k_layernorm.weight,22,128,1.66574344,2.03125,4000,1.57037107,1,0,0.64073985,0.972864884,0
flagship,44000,k_norm,decoder.layers.self_attention.k_layernorm.weight,23,128,1.60001007,1.8828125,4000,1.52367862,1,0,0.558386749,0.987675725,0
flagship,44000,k_norm,decoder.layers.self_attention.k_layernorm.weight,24,128,1.58025383,1.9453125,4000,1.48332032,1,0,0.517454263,0.988485161,0
flagship,44000,k_norm,decoder.layers.self_attention.k_layernorm.weight,25,128,1.55419105,2.015625,4000,1.48398279,1,0,0.590494223,0.961440226,0.0078125
flagship,44000,k_norm,decoder.layers.self_attention.k_layernorm.weight,26,128,1.4216814,1.8125,4000,1.37855542,1,0,0.560755206,0.937926977,0
flagship,44000,k_norm,decoder.layers.self_attention.k_layernorm.weight,27,128,1.55887559,2.03125,4000,1.46572131,1,0,0.569173773,0.963477899,0.0078125
flagship,44000,k_norm,decoder.layers.self_attention.k_layernorm.weight,28,128,1.39448604,1.796875,4000,1.3478111,1,0,0.546801401,0.933959881,0
flagship,44000,k_norm,decoder.layers.self_attention.k_layernorm.weight,29,128,1.45312473,1.796875,4000,1.38959106,1,0,0.554966191,0.943794154,0
flagship,44000,k_norm,decoder.layers.self_attention.k_layernorm.weight,30,128,1.46947997,1.828125,4000,1.40488827,1,0,0.50360995,0.968079856,0.0078125
flagship,44000,k_norm,decoder.layers.self_attention.k_layernorm.weight,31,128,1.37896029,1.765625,4000,1.34571357,1,0,0.493378802,0.953963173,0
flagship,44000,k_norm,decoder.layers.self_attention.k_layernorm.weight,32,128,1.51398185,1.8203125,4000,1.46684186,1,0,0.554798855,0.969369419,0
flagship,44000,k_norm,decoder.layers.self_attention.k_layernorm.weight,33,128,1.33813272,1.7265625,4000,1.30091318,1,0,0.545920282,0.920255934,0
flagship,44000,k_norm,decoder.layers.self_attention.k_layernorm.weight,34,128,1.42415978,1.8984375,4000,1.37546115,1,0,0.57293545,0.931919576,0
flagship,44000,k_norm,decoder.layers.self_attention.k_layernorm.weight,35,128,1.51246015,1.9140625,4000,1.46987061,1,0,0.58066231,0.960407967,0
flagship,44000,k_norm,decoder.layers.self_attention.k_layernorm.weight,36,128,1.40779859,1.8984375,4000,1.3731571,1,0,0.528917189,0.948837913,0
flagship,44000,k_norm,decoder.layers.self_attention.k_layernorm.weight,37,128,1.27188634,1.7421875,4000,1.24593412,1,0,0.338042844,0.978414038,0
flagship,44000,k_norm,decoder.layers.self_attention.k_layernorm.weight,38,128,1.57937006,2.078125,4000,1.52847351,1,0,0.552604781,0.991466064,0
flagship,44000,k_norm,decoder.layers.self_attention.k_layernorm.weight,39,128,1.39295486,1.875,4000,1.36150272,1,0,0.42689207,0.981067746,0
flagship,44000,k_norm,decoder.layers.self_attention.k_layernorm.weight,40,128,1.31675561,1.7578125,4000,1.28726628,1,0,0.436873513,0.957919914,0
flagship,44000,k_norm,decoder.layers.self_attention.k_layernorm.weight,41,128,1.31789764,1.7578125,4000,1.28248884,1,0,0.405343927,0.967054781,0
flagship,44000,k_norm,decoder.layers.self_attention.k_layernorm.weight,42,128,1.21879196,1.734375,4000,1.19139451,1,0,0.332668118,0.968928756,0
flagship,44000,k_norm,decoder.layers.self_attention.k_layernorm.weight,43,128,1.27034916,1.8359375,4000,1.23889402,1,0,0.385260296,0.963130364,0
flagship,44000,k_norm,decoder.layers.self_attention.k_layernorm.weight,44,128,1.25054176,1.796875,4000,1.2178223,1,0,0.397883392,0.954482422,0
flagship,44000,k_norm,decoder.layers.self_attention.k_layernorm.weight,45,128,1.29094361,1.7890625,4000,1.23098736,1,0,0.460864898,0.935400922,0
flagship,44000,k_norm,decoder.layers.self_attention.k_layernorm.weight,46,128,1.35559238,1.90625,4000,1.30293048,1,0,0.49871526,0.939770372,0
flagship,44000,k_norm,decoder.layers.self_attention.k_layernorm.weight,47,128,1.25914013,1.828125,4000,1.22756983,1,0,0.427118117,0.946788422,0
flagship,44000,k_norm,decoder.layers.self_attention.k_layernorm.weight,48,128,1.44596997,1.78125,4000,1.3410826,1,0,0.477428002,0.958391767,0
flagship,44000,k_norm,decoder.layers.self_attention.k_layernorm.weight,49,128,1.30778659,1.7109375,4000,1.25559302,1,0,0.449809056,0.945443948,0.0078125
flagship,44000,k_norm,decoder.layers.self_attention.k_layernorm.weight,50,128,1.40599139,1.6875,4000,1.33597101,1,0,0.3923859,0.984621609,0
flagship,44000,k_norm,decoder.layers.self_attention.k_layernorm.weight,51,128,1.4104475,1.7578125,4000,1.33959091,1,0,0.482940429,0.955990494,0
flagship,44000,k_norm,decoder.layers.self_attention.k_layernorm.weight,52,128,1.45556425,1.8984375,4000,1.38515684,1,0,0.453864703,0.979191029,0
flagship,44000,k_norm,decoder.layers.self_attention.k_layernorm.weight,53,128,1.40601311,1.734375,4000,1.30642132,1,0,0.455086437,0.956671848,0
flagship,44000,k_norm,decoder.layers.self_attention.k_layernorm.weight,54,128,1.34437818,1.71875,4000,1.2884905,1,0,0.479943909,0.942910176,0
flagship,44000,k_norm,decoder.layers.self_attention.k_layernorm.weight,55,128,1.47385988,1.9296875,4000,1.35590282,1,0,0.406280024,0.98584093,0
flagship,44000,k_norm,decoder.layers.self_attention.k_layernorm.weight,56,128,1.48881165,1.84375,4000,1.3868347,1,0,0.432164217,0.986615265,0
flagship,44000,k_norm,decoder.layers.self_attention.k_layernorm.weight,57,128,1.46370144,1.7890625,4000,1.36840017,1,0,0.431853985,0.981445784,0
flagship,44000,k_norm,decoder.layers.self_attention.k_layernorm.weight,58,128,1.5330669,1.84375,4000,1.43132563,1,0,0.442013773,0.996739255,0
flagship,44000,k_norm,decoder.layers.self_attention.k_layernorm.weight,59,128,1.48660817,1.734375,4000,1.35973891,1,0,0.376247126,0.995532298,0
flagship,44000,k_norm,decoder.layers.self_attention.k_layernorm.weight,60,128,1.40991636,1.7578125,4000,1.34500145,1,0,0.385982097,0.988863885,0
flagship,44000,k_norm,decoder.layers.self_attention.k_layernorm.weight,61,128,1.41181139,1.8984375,4000,1.33811515,1,0,0.358076405,0.9948073,0
flagship,44000,k_norm,decoder.layers.self_attention.k_layernorm.weight,62,128,1.32430067,1.640625,4000,1.27224576,1,0,0.285614982,0.997068898,0
flagship,44000,k_norm,decoder.layers.self_attention.k_layernorm.weight,63,128,1.1773275,1.375,4000,1.15075472,1,0,0.165296208,0.998003115,0
flagship,44000,pre_mlp_norm,decoder.layers.mlp.linear_fc1.layer_norm_weight,0,5120,0.561233674,0.7421875,4000,0.572971708,1,0,0.434549678,0.994345044,0
flagship,44000,pre_mlp_norm,decoder.layers.mlp.linear_fc1.layer_norm_weight,1,5120,0.896362285,1.0234375,4000,0.910998174,1,0,0.116795871,0.996860614,0
flagship,44000,pre_mlp_norm,decoder.layers.mlp.linear_fc1.layer_norm_weight,2,5120,0.921680727,1.03125,4000,0.933717177,1,0,0.0881867773,0.998188159,0
flagship,44000,pre_mlp_norm,decoder.layers.mlp.linear_fc1.layer_norm_weight,3,5120,0.873258729,0.94921875,4000,0.891516733,1,0,0.119718752,0.998562023,0
flagship,44000,pre_mlp_norm,decoder.layers.mlp.linear_fc1.layer_norm_weight,4,5120,0.837565702,0.9609375,4000,0.853922411,1,0,0.153186474,0.998754317,0
flagship,44000,pre_mlp_norm,decoder.layers.mlp.linear_fc1.layer_norm_weight,5,5120,0.747099741,1.3125,4000,0.765034642,1,0,0.238319756,0.998962408,0
flagship,44000,pre_mlp_norm,decoder.layers.mlp.linear_fc1.layer_norm_weight,6,5120,0.684015535,0.9453125,4000,0.702668332,1,0,0.29992093,0.998899592,0
flagship,44000,pre_mlp_norm,decoder.layers.mlp.linear_fc1.layer_norm_weight,7,5120,0.654844893,0.90234375,4000,0.670809768,1,0,0.331594909,0.998815629,0
flagship,44000,pre_mlp_norm,decoder.layers.mlp.linear_fc1.layer_norm_weight,8,5120,0.660492059,0.84765625,4000,0.674486917,1,0,0.327869067,0.998858868,0
flagship,44000,pre_mlp_norm,decoder.layers.mlp.linear_fc1.layer_norm_weight,9,5120,0.669042777,0.79296875,4000,0.681072795,1,0,0.321240433,0.998912852,0
flagship,44000,pre_mlp_norm,decoder.layers.mlp.linear_fc1.layer_norm_weight,10,5120,0.657365448,0.73828125,4000,0.667368178,1,0,0.334778482,0.998926602,0
flagship,44000,pre_mlp_norm,decoder.layers.mlp.linear_fc1.layer_norm_weight,11,5120,0.655498393,0.73828125,4000,0.663763238,1,0,0.338208655,0.998998187,0
flagship,44000,pre_mlp_norm,decoder.layers.mlp.linear_fc1.layer_norm_weight,12,5120,0.659356851,0.7421875,4000,0.666281602,1,0,0.335637721,0.99903591,0
flagship,44000,pre_mlp_norm,decoder.layers.mlp.linear_fc1.layer_norm_weight,13,5120,0.659386961,0.73046875,4000,0.664913057,1,0,0.336878023,0.999094961,0
flagship,44000,pre_mlp_norm,decoder.layers.mlp.linear_fc1.layer_norm_weight,14,5120,0.646239197,0.71484375,4000,0.650463062,1,0,0.351126608,0.999143823,0
flagship,44000,pre_mlp_norm,decoder.layers.mlp.linear_fc1.layer_norm_weight,15,5120,0.637745164,0.70703125,4000,0.640675287,1,0,0.360710287,0.999221398,0
flagship,44000,pre_mlp_norm,decoder.layers.mlp.linear_fc1.layer_norm_weight,16,5120,0.615847215,0.6875,4000,0.617698858,1,0,0.383446055,0.999290338,0
flagship,44000,pre_mlp_norm,decoder.layers.mlp.linear_fc1.layer_norm_weight,17,5120,0.592864278,0.65625,4000,0.593605159,1,0,0.407377072,0.99932673,0
flagship,44000,pre_mlp_norm,decoder.layers.mlp.linear_fc1.layer_norm_weight,18,5120,0.585928405,0.6484375,4000,0.585714836,1,0,0.415192877,0.999357257,0
flagship,44000,pre_mlp_norm,decoder.layers.mlp.linear_fc1.layer_norm_weight,19,5120,0.588255276,0.65234375,4000,0.586859109,1,0,0.414021481,0.999379415,0
flagship,44000,pre_mlp_norm,decoder.layers.mlp.linear_fc1.layer_norm_weight,20,5120,0.598479395,0.6953125,4000,0.596142653,1,0,0.404704441,0.999425535,0
flagship,44000,pre_mlp_norm,decoder.layers.mlp.linear_fc1.layer_norm_weight,21,5120,0.59829636,0.67578125,4000,0.594850273,1,0,0.406009398,0.99941386,0
flagship,44000,pre_mlp_norm,decoder.layers.mlp.linear_fc1.layer_norm_weight,22,5120,0.596556905,0.6640625,4000,0.592155496,1,0,0.408801712,0.999339954,0
flagship,44000,pre_mlp_norm,decoder.layers.mlp.linear_fc1.layer_norm_weight,23,5120,0.601786667,0.65625,4000,0.596313446,1,0,0.404624244,0.999364475,0
flagship,44000,pre_mlp_norm,decoder.layers.mlp.linear_fc1.layer_norm_weight,24,5120,0.613323328,0.6796875,4000,0.606735905,1,0,0.394286857,0.999336219,0
flagship,44000,pre_mlp_norm,decoder.layers.mlp.linear_fc1.layer_norm_weight,25,5120,0.635426721,0.6875,4000,0.627493342,1,0,0.373644117,0.999323725,0
flagship,44000,pre_mlp_norm,decoder.layers.mlp.linear_fc1.layer_norm_weight,26,5120,0.650932109,0.71875,4000,0.641654953,1,0,0.359559668,0.999320519,0
flagship,44000,pre_mlp_norm,decoder.layers.mlp.linear_fc1.layer_norm_weight,27,5120,0.670787267,0.734375,4000,0.660080348,1,0,0.341278922,0.999298622,0
flagship,44000,pre_mlp_norm,decoder.layers.mlp.linear_fc1.layer_norm_weight,28,5120,0.688636076,0.75,4000,0.676510059,1,0,0.324972266,0.999289567,0
flagship,44000,pre_mlp_norm,decoder.layers.mlp.linear_fc1.layer_norm_weight,29,5120,0.70453068,0.7734375,4000,0.69079001,1,0,0.310791104,0.999290456,0
flagship,44000,pre_mlp_norm,decoder.layers.mlp.linear_fc1.layer_norm_weight,30,5120,0.726273983,0.7890625,4000,0.710935173,1,0,0.290662305,0.999348675,0
flagship,44000,pre_mlp_norm,decoder.layers.mlp.linear_fc1.layer_norm_weight,31,5120,0.747103074,0.8046875,4000,0.730082393,1,0,0.271720422,0.999331259,0
flagship,44000,pre_mlp_norm,decoder.layers.mlp.linear_fc1.layer_norm_weight,32,5120,0.761816179,0.8125,4000,0.743166679,1,0,0.258797831,0.999318483,0
flagship,44000,pre_mlp_norm,decoder.layers.mlp.linear_fc1.layer_norm_weight,33,5120,0.779905653,0.83984375,4000,0.759411358,1,0,0.242810429,0.999292867,0
flagship,44000,pre_mlp_norm,decoder.layers.mlp.linear_fc1.layer_norm_weight,34,5120,0.801438114,0.8515625,4000,0.778959372,1,0,0.223528558,0.999290042,0
flagship,44000,pre_mlp_norm,decoder.layers.mlp.linear_fc1.layer_norm_weight,35,5120,0.828719435,0.890625,4000,0.804124406,1,0,0.198841469,0.999272077,0
flagship,44000,pre_mlp_norm,decoder.layers.mlp.linear_fc1.layer_norm_weight,36,5120,0.852914263,0.90234375,4000,0.826081436,1,0,0.177408762,0.99925782,0
flagship,44000,pre_mlp_norm,decoder.layers.mlp.linear_fc1.layer_norm_weight,37,5120,0.872602302,0.92578125,4000,0.843703475,1,0,0.160516077,0.999207774,0
flagship,44000,pre_mlp_norm,decoder.layers.mlp.linear_fc1.layer_norm_weight,38,5120,0.888512112,0.9453125,4000,0.857555656,1,0,0.147430989,0.999157195,0
flagship,44000,pre_mlp_norm,decoder.layers.mlp.linear_fc1.layer_norm_weight,39,5120,0.90193021,0.94921875,4000,0.868908624,1,0,0.136875304,0.999108134,0
flagship,44000,pre_mlp_norm,decoder.layers.mlp.linear_fc1.layer_norm_weight,40,5120,0.913711852,0.96875,4000,0.878829831,1,0,0.127856284,0.999052707,0
flagship,44000,pre_mlp_norm,decoder.layers.mlp.linear_fc1.layer_norm_weight,41,5120,0.925001198,0.9921875,4000,0.887415002,1,0,0.120157278,0.99900701,0
flagship,44000,pre_mlp_norm,decoder.layers.mlp.linear_fc1.layer_norm_weight,42,5120,0.935796587,0.99609375,4000,0.897205371,1,0,0.111600353,0.998947898,0
flagship,44000,pre_mlp_norm,decoder.layers.mlp.linear_fc1.layer_norm_weight,43,5120,0.944715246,1.0078125,4000,0.903959733,1,0,0.105709086,0.998921037,0
flagship,44000,pre_mlp_norm,decoder.layers.mlp.linear_fc1.layer_norm_weight,44,5120,0.951090088,1.0234375,4000,0.909044177,1,0,0.101846092,0.998845125,0
flagship,44000,pre_mlp_norm,decoder.layers.mlp.linear_fc1.layer_norm_weight,45,5120,0.957684456,1.03125,4000,0.914761592,1,0,0.0972424561,0.998802689,0
flagship,44000,pre_mlp_norm,decoder.layers.mlp.linear_fc1.layer_norm_weight,46,5120,0.964713175,1.046875,4000,0.920406438,1,0,0.0929856785,0.998744467,0
flagship,44000,pre_mlp_norm,decoder.layers.mlp.linear_fc1.layer_norm_weight,47,5120,0.971166182,1.0625,4000,0.926170671,1,0,0.0884484111,0.998719268,0
flagship,44000,pre_mlp_norm,decoder.layers.mlp.linear_fc1.layer_norm_weight,48,5120,0.975588758,1.078125,4000,0.929925767,1,0,0.0863425955,0.998631802,0
flagship,44000,pre_mlp_norm,decoder.layers.mlp.linear_fc1.layer_norm_weight,49,5120,0.984398755,1.1015625,4000,0.93814912,1,0,0.0801836558,0.998612221,0
flagship,44000,pre_mlp_norm,decoder.layers.mlp.linear_fc1.layer_norm_weight,50,5120,0.988881489,1.09375,4000,0.94302315,1,0,0.0769869737,0.998578702,0
flagship,44000,pre_mlp_norm,decoder.layers.mlp.linear_fc1.layer_norm_weight,51,5120,0.994490556,1.125,4000,0.948776928,1,0,0.0735959064,0.99852834,0
flagship,44000,pre_mlp_norm,decoder.layers.mlp.linear_fc1.layer_norm_weight,52,5120,0.996534284,1.1328125,4000,0.95192153,1,0,0.071484998,0.998530044,0
flagship,44000,pre_mlp_norm,decoder.layers.mlp.linear_fc1.layer_norm_weight,53,5120,1.00200017,1.1640625,4000,0.959004994,1,0,0.0660307941,0.998602992,0
flagship,44000,pre_mlp_norm,decoder.layers.mlp.linear_fc1.layer_norm_weight,54,5120,1.00824968,1.2109375,4000,0.967558328,1,0,0.0610236532,0.998619502,0
flagship,44000,pre_mlp_norm,decoder.layers.mlp.linear_fc1.layer_norm_weight,55,5120,1.00604934,1.28125,4000,0.968296794,1,0,0.0606660548,0.998618566,0
flagship,44000,pre_mlp_norm,decoder.layers.mlp.linear_fc1.layer_norm_weight,56,5120,1.00644932,1.359375,4000,0.9718319,1,0,0.0582500164,0.998662514,0
flagship,44000,pre_mlp_norm,decoder.layers.mlp.linear_fc1.layer_norm_weight,57,5120,1.0148462,1.4296875,4000,0.984040392,1,0,0.0538193546,0.99865767,0
flagship,44000,pre_mlp_norm,decoder.layers.mlp.linear_fc1.layer_norm_weight,58,5120,1.01605076,1.484375,4000,0.989690849,1,0,0.0521792015,0.998678178,0
flagship,44000,pre_mlp_norm,decoder.layers.mlp.linear_fc1.layer_norm_weight,59,5120,1.01372456,1.5390625,4000,0.992400639,1,0,0.0528484886,0.998621921,0
flagship,44000,pre_mlp_norm,decoder.layers.mlp.linear_fc1.layer_norm_weight,60,5120,1.02404605,1.6015625,4000,1.00833973,1,0,0.0546816682,0.998551811,0
flagship,44000,pre_mlp_norm,decoder.layers.mlp.linear_fc1.layer_norm_weight,61,5120,1.05366939,1.6328125,4000,1.0425622,1,0,0.0671575086,0.99870579,0
flagship,44000,pre_mlp_norm,decoder.layers.mlp.linear_fc1.layer_norm_weight,62,5120,1.0884927,1.5546875,4000,1.08299935,1,0,0.0931446127,0.999174964,0
flagship,44000,pre_mlp_norm,decoder.layers.mlp.linear_fc1.layer_norm_weight,63,5120,1.15556349,1.578125,4000,1.15593166,1,0,0.164182971,0.998857473,0
flagship,44000,q_norm,decoder.layers.self_attention.q_layernorm.weight,0,128,1.16122291,1.6953125,4000,1.20332058,1,0,0.31893686,0.974910485,0
flagship,44000,q_norm,decoder.layers.self_attention.q_layernorm.weight,1,128,1.52307798,1.9453125,4000,1.41028193,1,0,0.424597376,0.995762662,0
flagship,44000,q_norm,decoder.layers.self_attention.q_layernorm.weight,2,128,1.49279533,1.8046875,4000,1.32301112,1,0,0.348470617,0.993539138,0
flagship,44000,q_norm,decoder.layers.self_attention.q_layernorm.weight,3,128,1.60156831,1.8984375,4000,1.39993769,1,0,0.420280266,0.994040683,0
flagship,44000,q_norm,decoder.layers.self_attention.q_layernorm.weight,4,128,1.51641621,1.8203125,4000,1.36240095,1,0,0.384656309,0.993898263,0
flagship,44000,q_norm,decoder.layers.self_attention.q_layernorm.weight,5,128,1.48106851,1.7578125,4000,1.31776204,1,0,0.338769571,0.994766844,0
flagship,44000,q_norm,decoder.layers.self_attention.q_layernorm.weight,6,128,1.75083103,2.109375,4000,1.50895902,1,0,0.533824978,0.991408043,0
flagship,44000,q_norm,decoder.layers.self_attention.q_layernorm.weight,7,128,1.65424444,2.03125,4000,1.43497264,1,0,0.489993576,0.982267083,0
flagship,44000,q_norm,decoder.layers.self_attention.q_layernorm.weight,8,128,1.61035835,1.8515625,4000,1.47855305,1,0,0.508382288,0.990044477,0
flagship,44000,q_norm,decoder.layers.self_attention.q_layernorm.weight,9,128,1.58447797,1.9375,4000,1.51579707,1,0,0.546464761,0.989254129,0
flagship,44000,q_norm,decoder.layers.self_attention.q_layernorm.weight,10,128,1.62247138,1.9140625,4000,1.5709584,1,0,0.583079239,0.995547973,0
flagship,44000,q_norm,decoder.layers.self_attention.q_layernorm.weight,11,128,1.6444302,1.9140625,4000,1.59670527,1,0,0.61736467,0.992145717,0
flagship,44000,q_norm,decoder.layers.self_attention.q_layernorm.weight,12,128,1.58178577,2.15625,4000,1.52599915,1,0,0.541224718,0.994675918,0
flagship,44000,q_norm,decoder.layers.self_attention.q_layernorm.weight,13,128,1.54116205,1.8046875,4000,1.4987799,1,0,0.527700702,0.990096396,0
flagship,44000,q_norm,decoder.layers.self_attention.q_layernorm.weight,14,128,1.48819074,1.9140625,4000,1.48073995,1,0,0.505064026,0.991903111,0
flagship,44000,q_norm,decoder.layers.self_attention.q_layernorm.weight,15,128,1.62016226,1.9453125,4000,1.58984422,1,0,0.604474558,0.994504717,0
flagship,44000,q_norm,decoder.layers.self_attention.q_layernorm.weight,16,128,1.45928731,1.8984375,4000,1.444459,1,0,0.460369905,0.995016598,0
flagship,44000,q_norm,decoder.layers.self_attention.q_layernorm.weight,17,128,1.65423231,2.015625,4000,1.58667946,1,0,0.60087472,0.994687764,0
flagship,44000,q_norm,decoder.layers.self_attention.q_layernorm.weight,18,128,1.64018972,1.96875,4000,1.60615068,1,0,0.64555823,0.984644412,0
flagship,44000,q_norm,decoder.layers.self_attention.q_layernorm.weight,19,128,1.71212223,2.015625,4000,1.62683447,1,0,0.654595407,0.989066595,0
flagship,44000,q_norm,decoder.layers.self_attention.q_layernorm.weight,20,128,1.57779893,1.953125,4000,1.54558863,1,0,0.585762766,0.985296521,0
flagship,44000,q_norm,decoder.layers.self_attention.q_layernorm.weight,21,128,1.58133563,1.96875,4000,1.52938193,1,0,0.583851175,0.980175989,0
flagship,44000,q_norm,decoder.layers.self_attention.q_layernorm.weight,22,128,1.69223876,2.078125,4000,1.5956933,1,0,0.662835826,0.973522225,0
flagship,44000,q_norm,decoder.layers.self_attention.q_layernorm.weight,23,128,1.61846465,1.9765625,4000,1.54144451,1,0,0.562581272,0.99243063,0
flagship,44000,q_norm,decoder.layers.self_attention.q_layernorm.weight,24,128,1.60159998,1.828125,4000,1.50034289,1,0,0.520300033,0.993211846,0
flagship,44000,q_norm,decoder.layers.self_attention.q_layernorm.weight,25,128,1.58556603,1.9765625,4000,1.51334049,1,0,0.597200538,0.969230316,0
flagship,44000,q_norm,decoder.layers.self_attention.q_layernorm.weight,26,128,1.44442739,1.859375,4000,1.40225453,1,0,0.566750139,0.943164023,0
flagship,44000,q_norm,decoder.layers.self_attention.q_layernorm.weight,27,128,1.59198854,2.03125,4000,1.49704154,1,0,0.568839879,0.97444008,0
flagship,44000,q_norm,decoder.layers.self_attention.q_layernorm.weight,28,128,1.41702392,1.7578125,4000,1.37072375,1,0,0.544237349,0.942089648,0
flagship,44000,q_norm,decoder.layers.self_attention.q_layernorm.weight,29,128,1.4868127,1.828125,4000,1.42253127,1,0,0.554364393,0.954733086,0
flagship,44000,q_norm,decoder.layers.self_attention.q_layernorm.weight,30,128,1.49293066,1.890625,4000,1.42854195,1,0,0.492136208,0.979507133,0
flagship,44000,q_norm,decoder.layers.self_attention.q_layernorm.weight,31,128,1.40311103,1.7265625,4000,1.37042162,1,0,0.489952647,0.962478184,0
flagship,44000,q_norm,decoder.layers.self_attention.q_layernorm.weight,32,128,1.54865481,1.859375,4000,1.5018896,1,0,0.555545604,0.981111214,0
flagship,44000,q_norm,decoder.layers.self_attention.q_layernorm.weight,33,128,1.36330594,1.7265625,4000,1.32671293,1,0,0.54548609,0.928087783,0
flagship,44000,q_norm,decoder.layers.self_attention.q_layernorm.weight,34,128,1.44536435,1.84375,4000,1.39753151,1,0,0.552780623,0.947215819,0
flagship,44000,q_norm,decoder.layers.self_attention.q_layernorm.weight,35,128,1.55650795,1.890625,4000,1.51394252,1,0,0.573027204,0.978789395,0
flagship,44000,q_norm,decoder.layers.self_attention.q_layernorm.weight,36,128,1.43519637,1.828125,4000,1.40109328,1,0,0.513023723,0.963486542,0
flagship,44000,q_norm,decoder.layers.self_attention.q_layernorm.weight,37,128,1.27667672,1.671875,4000,1.25192393,1,0,0.330453635,0.981734538,0
flagship,44000,q_norm,decoder.layers.self_attention.q_layernorm.weight,38,128,1.60400933,2.015625,4000,1.55378274,1,0,0.568808076,0.994572184,0
flagship,44000,q_norm,decoder.layers.self_attention.q_layernorm.weight,39,128,1.40870385,1.8125,4000,1.37823085,1,0,0.415348524,0.9893139,0
flagship,44000,q_norm,decoder.layers.self_attention.q_layernorm.weight,40,128,1.33536821,1.7109375,4000,1.30586076,1,0,0.428963702,0.965364202,0
flagship,44000,q_norm,decoder.layers.self_attention.q_layernorm.weight,41,128,1.33129662,1.703125,4000,1.29692914,1,0,0.402876054,0.971416248,0
flagship,44000,q_norm,decoder.layers.self_attention.q_layernorm.weight,42,128,1.22054994,1.640625,4000,1.19444389,1,0,0.327509955,0.970926076,0
flagship,44000,q_norm,decoder.layers.self_attention.q_layernorm.weight,43,128,1.28032493,1.734375,4000,1.24989529,1,0,0.344810252,0.977419526,0
flagship,44000,q_norm,decoder.layers.self_attention.q_layernorm.weight,44,128,1.25840557,1.6875,4000,1.22661848,1,0,0.392770961,0.958050081,0
flagship,44000,q_norm,decoder.layers.self_attention.q_layernorm.weight,45,128,1.31017578,1.78125,4000,1.25083666,1,0,0.454508934,0.942574702,0
flagship,44000,q_norm,decoder.layers.self_attention.q_layernorm.weight,46,128,1.36983981,1.734375,4000,1.31711101,1,0,0.475526743,0.952332687,0
flagship,44000,q_norm,decoder.layers.self_attention.q_layernorm.weight,47,128,1.276329,1.6875,4000,1.24355139,1,0,0.429343023,0.94973342,0
flagship,44000,q_norm,decoder.layers.self_attention.q_layernorm.weight,48,128,1.47343775,1.75,4000,1.36650224,1,0,0.466459927,0.969535002,0
flagship,44000,q_norm,decoder.layers.self_attention.q_layernorm.weight,49,128,1.33064423,1.7421875,4000,1.27682328,1,0,0.449012283,0.95105787,0
flagship,44000,q_norm,decoder.layers.self_attention.q_layernorm.weight,50,128,1.41326889,1.6953125,4000,1.3427415,1,0,0.384079314,0.988812001,0
flagship,44000,q_norm,decoder.layers.self_attention.q_layernorm.weight,51,128,1.45012036,1.8046875,4000,1.37383538,1,0,0.463689309,0.972611389,0
flagship,44000,q_norm,decoder.layers.self_attention.q_layernorm.weight,52,128,1.47557497,1.796875,4000,1.40321591,1,0,0.435637119,0.990309181,0
flagship,44000,q_norm,decoder.layers.self_attention.q_layernorm.weight,53,128,1.42080093,1.75,4000,1.31876355,1,0,0.447361961,0.962645873,0
flagship,44000,q_norm,decoder.layers.self_attention.q_layernorm.weight,54,128,1.35672735,1.6796875,4000,1.29911275,1,0,0.467265876,0.950401167,0
flagship,44000,q_norm,decoder.layers.self_attention.q_layernorm.weight,55,128,1.49438148,1.90625,4000,1.3688059,1,0,0.396024489,0.992395705,0
flagship,44000,q_norm,decoder.layers.self_attention.q_layernorm.weight,56,128,1.50965683,1.7890625,4000,1.40239433,1,0,0.428024582,0.992411606,0
flagship,44000,q_norm,decoder.layers.self_attention.q_layernorm.weight,57,128,1.47572252,1.875,4000,1.37752832,1,0,0.435425376,0.982915914,0
flagship,44000,q_norm,decoder.layers.self_attention.q_layernorm.weight,58,128,1.55721702,1.7734375,4000,1.44856568,1,0,0.457450865,0.997221349,0
flagship,44000,q_norm,decoder.layers.self_attention.q_layernorm.weight,59,128,1.50230628,1.8515625,4000,1.36846176,1,0,0.383833158,0.995774882,0
flagship,44000,q_norm,decoder.layers.self_attention.q_layernorm.weight,60,128,1.43885275,1.75,4000,1.37160101,1,0,0.390357296,0.994790212,0
flagship,44000,q_norm,decoder.layers.self_attention.q_layernorm.weight,61,128,1.43448127,1.84375,4000,1.35727952,1,0,0.374497673,0.995358416,0
flagship,44000,q_norm,decoder.layers.self_attention.q_layernorm.weight,62,128,1.33986154,1.71875,4000,1.2854075,1,0,0.299134185,0.996878882,0
flagship,44000,q_norm,decoder.layers.self_attention.q_layernorm.weight,63,128,1.17958973,1.4140625,4000,1.15349247,1,0,0.169155481,0.997809419,0
flagship,48000,attention_input_norm,decoder.layers.self_attention.linear_qkv.layer_norm_weight,0,5120,0.116266928,0.7421875,4000,0.117813796,1,0,0.891433859,0.930390892,0
flagship,48000,attention_input_norm,decoder.layers.self_attention.linear_qkv.layer_norm_weight,1,5120,0.439359116,0.81640625,4000,0.44377293,1,0,0.557969551,0.997812545,0
flagship,48000,attention_input_norm,decoder.layers.self_attention.linear_qkv.layer_norm_weight,2,5120,0.657774052,0.7890625,4000,0.657116174,1,0,0.346063764,0.998333012,0
flagship,48000,attention_input_norm,decoder.layers.self_attention.linear_qkv.layer_norm_weight,3,5120,0.779871935,1,4000,0.775362458,1,0,0.228714851,0.998808004,0
flagship,48000,attention_input_norm,decoder.layers.self_attention.linear_qkv.layer_norm_weight,4,5120,0.796087089,0.93359375,4000,0.796061018,1,0,0.208753557,0.998752018,0
flagship,48000,attention_input_norm,decoder.layers.self_attention.linear_qkv.layer_norm_weight,5,5120,0.896546197,1.0546875,4000,0.892936225,1,0,0.116169727,0.998861758,0
flagship,48000,attention_input_norm,decoder.layers.self_attention.linear_qkv.layer_norm_weight,6,5120,0.966879448,1.1328125,4000,0.961181392,1,0,0.0617602166,0.998799685,0
flagship,48000,attention_input_norm,decoder.layers.self_attention.linear_qkv.layer_norm_weight,7,5120,1.11321465,1.2578125,4000,1.10012775,1,0,0.109679904,0.999089144,0
flagship,48000,attention_input_norm,decoder.layers.self_attention.linear_qkv.layer_norm_weight,8,5120,1.05623105,1.2734375,4000,1.06640312,1,0,0.0856191998,0.998630315,0
flagship,48000,attention_input_norm,decoder.layers.self_attention.linear_qkv.layer_norm_weight,9,5120,0.983199779,1.25,4000,0.997495877,1,0,0.0515572225,0.998670733,0
flagship,48000,attention_input_norm,decoder.layers.self_attention.linear_qkv.layer_norm_weight,10,5120,1.00610178,1.3515625,4000,1.02194747,1,0,0.0532890787,0.998846303,0
flagship,48000,attention_input_norm,decoder.layers.self_attention.linear_qkv.layer_norm_weight,11,5120,1.05848326,1.3203125,4000,1.07558344,1,0,0.0928432893,0.99864863,0
flagship,48000,attention_input_norm,decoder.layers.self_attention.linear_qkv.layer_norm_weight,12,5120,1.00168179,1.3203125,4000,1.01782961,1,0,0.0465445784,0.999091939,0
flagship,48000,attention_input_norm,decoder.layers.self_attention.linear_qkv.layer_norm_weight,13,5120,1.03285654,1.2421875,4000,1.04968427,1,0,0.0685931125,0.998934685,0
flagship,48000,attention_input_norm,decoder.layers.self_attention.linear_qkv.layer_norm_weight,14,5120,0.995000026,1.125,4000,1.01246419,1,0,0.0468020718,0.998994988,0
flagship,48000,attention_input_norm,decoder.layers.self_attention.linear_qkv.layer_norm_weight,15,5120,1.11557896,1.2890625,4000,1.13479088,1,0,0.142761895,0.999025204,0
flagship,48000,attention_input_norm,decoder.layers.self_attention.linear_qkv.layer_norm_weight,16,5120,1.10773442,1.265625,4000,1.12708385,1,0,0.133439051,0.999265505,0
flagship,48000,attention_input_norm,decoder.layers.self_attention.linear_qkv.layer_norm_weight,17,5120,1.25268925,1.4453125,4000,1.27301373,1,0,0.275999355,0.999356194,0
flagship,48000,attention_input_norm,decoder.layers.self_attention.linear_qkv.layer_norm_weight,18,5120,1.20251807,1.3984375,4000,1.22362049,1,0,0.228666703,0.999067383,0
flagship,48000,attention_input_norm,decoder.layers.self_attention.linear_qkv.layer_norm_weight,19,5120,1.31001958,1.5,4000,1.32852759,1,0,0.331294335,0.99931294,0
flagship,48000,attention_input_norm,decoder.layers.self_attention.linear_qkv.layer_norm_weight,20,5120,1.17784273,1.3515625,4000,1.19860959,1,0,0.202824862,0.999294117,0
flagship,48000,attention_input_norm,decoder.layers.self_attention.linear_qkv.layer_norm_weight,21,5120,1.16303994,1.4609375,4000,1.18278117,1,0,0.186431772,0.999430221,0
flagship,48000,attention_input_norm,decoder.layers.self_attention.linear_qkv.layer_norm_weight,22,5120,1.41381842,1.578125,4000,1.43003275,1,0,0.43192959,0.999428335,0
flagship,48000,attention_input_norm,decoder.layers.self_attention.linear_qkv.layer_norm_weight,23,5120,1.40341423,1.609375,4000,1.42480689,1,0,0.426504896,0.999492726,0
flagship,48000,attention_input_norm,decoder.layers.self_attention.linear_qkv.layer_norm_weight,24,5120,1.36285787,1.5703125,4000,1.37629216,1,0,0.378155918,0.999489168,0
flagship,48000,attention_input_norm,decoder.layers.self_attention.linear_qkv.layer_norm_weight,25,5120,1.27483186,1.4140625,4000,1.29357222,1,0,0.296778498,0.999268372,0
flagship,48000,attention_input_norm,decoder.layers.self_attention.linear_qkv.layer_norm_weight,26,5120,1.21757302,1.46875,4000,1.23880519,1,0,0.243160274,0.999152814,0
flagship,48000,attention_input_norm,decoder.layers.self_attention.linear_qkv.layer_norm_weight,27,5120,1.45534253,1.7734375,4000,1.46762894,1,0,0.47020204,0.999177879,0
flagship,48000,attention_input_norm,decoder.layers.self_attention.linear_qkv.layer_norm_weight,28,5120,1.33062168,1.53125,4000,1.35321678,1,0,0.357969071,0.998751213,0
flagship,48000,attention_input_norm,decoder.layers.self_attention.linear_qkv.layer_norm_weight,29,5120,1.36196705,1.578125,4000,1.38264281,1,0,0.386310222,0.998980189,0
flagship,48000,attention_input_norm,decoder.layers.self_attention.linear_qkv.layer_norm_weight,30,5120,1.50641515,1.6953125,4000,1.53023339,1,0,0.533253516,0.998950534,0
flagship,48000,attention_input_norm,decoder.layers.self_attention.linear_qkv.layer_norm_weight,31,5120,1.17693522,1.328125,4000,1.19865142,1,0,0.204840264,0.998958352,0
flagship,48000,attention_input_norm,decoder.layers.self_attention.linear_qkv.layer_norm_weight,32,5120,1.29304951,1.46875,4000,1.31603766,1,0,0.320126337,0.99901178,0
flagship,48000,attention_input_norm,decoder.layers.self_attention.linear_qkv.layer_norm_weight,33,5120,1.29077279,1.515625,4000,1.31437434,1,0,0.320563541,0.998505084,0
flagship,48000,attention_input_norm,decoder.layers.self_attention.linear_qkv.layer_norm_weight,34,5120,1.45881985,1.671875,4000,1.48389667,1,0,0.488211256,0.998586745,0
flagship,48000,attention_input_norm,decoder.layers.self_attention.linear_qkv.layer_norm_weight,35,5120,1.35703458,1.578125,4000,1.38164431,1,0,0.385806527,0.998844023,0
flagship,48000,attention_input_norm,decoder.layers.self_attention.linear_qkv.layer_norm_weight,36,5120,1.17452285,1.34375,4000,1.19617173,1,0,0.204382006,0.99862534,0
flagship,48000,attention_input_norm,decoder.layers.self_attention.linear_qkv.layer_norm_weight,37,5120,0.86993144,1.015625,4000,0.886300458,1,0,0.123006794,0.998757145,0
flagship,48000,attention_input_norm,decoder.layers.self_attention.linear_qkv.layer_norm_weight,38,5120,1.11881276,1.2734375,4000,1.13927052,1,0,0.145924599,0.999167138,0
flagship,48000,attention_input_norm,decoder.layers.self_attention.linear_qkv.layer_norm_weight,39,5120,0.923309063,1.0859375,4000,0.940531907,1,0,0.0758064501,0.998825046,0
flagship,48000,attention_input_norm,decoder.layers.self_attention.linear_qkv.layer_norm_weight,40,5120,1.02035805,1.1953125,4000,1.03897359,1,0,0.065118974,0.998690274,0
flagship,48000,attention_input_norm,decoder.layers.self_attention.linear_qkv.layer_norm_weight,41,5120,0.968231731,1.125,4000,0.9859372,1,0,0.0537882953,0.998633068,0
flagship,48000,attention_input_norm,decoder.layers.self_attention.linear_qkv.layer_norm_weight,42,5120,0.894009581,1.078125,4000,0.910252843,1,0,0.104282699,0.998450799,0
flagship,48000,attention_input_norm,decoder.layers.self_attention.linear_qkv.layer_norm_weight,43,5120,0.932634291,1.078125,4000,0.949106093,1,0,0.07321923,0.998540276,0
flagship,48000,attention_input_norm,decoder.layers.self_attention.linear_qkv.layer_norm_weight,44,5120,0.991329069,1.171875,4000,1.00853386,1,0,0.0562452988,0.998467723,0
flagship,48000,attention_input_norm,decoder.layers.self_attention.linear_qkv.layer_norm_weight,45,5120,1.09301714,1.265625,4000,1.10913894,1,0,0.122111582,0.998647631,0
flagship,48000,attention_input_norm,decoder.layers.self_attention.linear_qkv.layer_norm_weight,46,5120,1.14913113,1.2890625,4000,1.16231236,1,0,0.171082182,0.998742244,0
flagship,48000,attention_input_norm,decoder.layers.self_attention.linear_qkv.layer_norm_weight,47,5120,1.02050688,1.171875,4000,1.03556229,1,0,0.0630791509,0.998689454,0
flagship,48000,attention_input_norm,decoder.layers.self_attention.linear_qkv.layer_norm_weight,48,5120,1.26823634,1.4453125,4000,1.27957609,1,0,0.28568048,0.998651684,0
flagship,48000,attention_input_norm,decoder.layers.self_attention.linear_qkv.layer_norm_weight,49,5120,1.21742611,1.3984375,4000,1.22204859,1,0,0.229620367,0.998600736,0
flagship,48000,attention_input_norm,decoder.layers.self_attention.linear_qkv.layer_norm_weight,50,5120,1.14263112,1.3046875,4000,1.1566098,1,0,0.16571489,0.998731295,0
flagship,48000,attention_input_norm,decoder.layers.self_attention.linear_qkv.layer_norm_weight,51,5120,1.25948864,1.4296875,4000,1.27434318,1,0,0.282824699,0.998145859,0
flagship,48000,attention_input_norm,decoder.layers.self_attention.linear_qkv.layer_norm_weight,52,5120,1.2168055,1.3515625,4000,1.23159006,1,0,0.238704379,0.998641663,0
flagship,48000,attention_input_norm,decoder.layers.self_attention.linear_qkv.layer_norm_weight,53,5120,1.36979188,1.5390625,4000,1.37840203,1,0,0.386090827,0.99786781,0
flagship,48000,attention_input_norm,decoder.layers.self_attention.linear_qkv.layer_norm_weight,54,5120,1.26527314,1.4765625,4000,1.27701091,1,0,0.286785536,0.997842264,0
flagship,48000,attention_input_norm,decoder.layers.self_attention.linear_qkv.layer_norm_weight,55,5120,1.34211498,1.546875,4000,1.34610571,1,0,0.35251384,0.998337111,0
flagship,48000,attention_input_norm,decoder.layers.self_attention.linear_qkv.layer_norm_weight,56,5120,1.36863229,1.578125,4000,1.37847736,1,0,0.385634775,0.998016265,0
flagship,48000,attention_input_norm,decoder.layers.self_attention.linear_qkv.layer_norm_weight,57,5120,1.30286514,1.5234375,4000,1.30492385,1,0,0.315393323,0.997511581,0
flagship,48000,attention_input_norm,decoder.layers.self_attention.linear_qkv.layer_norm_weight,58,5120,1.347791,1.5703125,4000,1.35193305,1,0,0.359478297,0.998014777,0
flagship,48000,attention_input_norm,decoder.layers.self_attention.linear_qkv.layer_norm_weight,59,5120,1.23318677,1.4140625,4000,1.23434665,1,0,0.246113658,0.99770989,0
flagship,48000,attention_input_norm,decoder.layers.self_attention.linear_qkv.layer_norm_weight,60,5120,1.12211496,1.3046875,4000,1.12780802,1,0,0.143173697,0.998154022,0
flagship,48000,attention_input_norm,decoder.layers.self_attention.linear_qkv.layer_norm_weight,61,5120,1.10587552,1.328125,4000,1.1078561,1,0,0.124042762,0.998305887,0
flagship,48000,attention_input_norm,decoder.layers.self_attention.linear_qkv.layer_norm_weight,62,5120,1.02357779,1.1640625,4000,1.02817286,1,0,0.0461090839,0.999352085,0
flagship,48000,attention_input_norm,decoder.layers.self_attention.linear_qkv.layer_norm_weight,63,5120,0.975715422,1.1171875,4000,0.979640098,1,0,0.0359076231,0.999553493,0
flagship,48000,final_norm,decoder.final_layernorm.weight,-1,5120,1.70113842,6,4000,1.53677097,1,0,0.558486719,0.992261591,0
flagship,48000,k_norm,decoder.layers.self_attention.k_layernorm.weight,0,128,1.18622599,2.125,4000,1.22844747,1,0,0.35893497,0.968803685,0
flagship,48000,k_norm,decoder.layers.self_attention.k_layernorm.weight,1,128,1.52357224,1.8359375,4000,1.41113163,1,0,0.424480792,0.996047598,0
flagship,48000,k_norm,decoder.layers.self_attention.k_layernorm.weight,2,128,1.48921399,1.984375,4000,1.32301971,1,0,0.355833584,0.991581453,0
flagship,48000,k_norm,decoder.layers.self_attention.k_layernorm.weight,3,128,1.5928781,2.015625,4000,1.39440668,1,0,0.42437854,0.991200374,0
flagship,48000,k_norm,decoder.layers.self_attention.k_layernorm.weight,4,128,1.50974103,1.8203125,4000,1.35887126,1,0,0.390001077,0.991422196,0
flagship,48000,k_norm,decoder.layers.self_attention.k_layernorm.weight,5,128,1.48016854,1.8125,4000,1.31865978,1,0,0.34315816,0.993852292,0
flagship,48000,k_norm,decoder.layers.self_attention.k_layernorm.weight,6,128,1.73616942,2.078125,4000,1.49883654,1,0,0.526564249,0.990515303,0
flagship,48000,k_norm,decoder.layers.self_attention.k_layernorm.weight,7,128,1.63500977,2.078125,4000,1.41949502,1,0,0.485710176,0.978887457,0
flagship,48000,k_norm,decoder.layers.self_attention.k_layernorm.weight,8,128,1.60384001,1.921875,4000,1.47342742,1,0,0.508332123,0.988371325,0
flagship,48000,k_norm,decoder.layers.self_attention.k_layernorm.weight,9,128,1.55815096,1.890625,4000,1.49021589,1,0,0.537088592,0.983843769,0
flagship,48000,k_norm,decoder.layers.self_attention.k_layernorm.weight,10,128,1.60822322,2.25,4000,1.55656804,1,0,0.580369039,0.991307724,0
flagship,48000,k_norm,decoder.layers.self_attention.k_layernorm.weight,11,128,1.63357042,2,4000,1.58514748,1,0,0.621260751,0.986257632,0
flagship,48000,k_norm,decoder.layers.self_attention.k_layernorm.weight,12,128,1.56652698,1.9296875,4000,1.51111296,1,0,0.52761773,0.994327356,0
flagship,48000,k_norm,decoder.layers.self_attention.k_layernorm.weight,13,128,1.53212598,2.078125,4000,1.49205788,1,0,0.531231921,0.986566743,0
flagship,48000,k_norm,decoder.layers.self_attention.k_layernorm.weight,14,128,1.48003736,1.84375,4000,1.47125466,1,0,0.508523105,0.987590594,0
flagship,48000,k_norm,decoder.layers.self_attention.k_layernorm.weight,15,128,1.61061219,2.03125,4000,1.57913468,1,0,0.598027776,0.99295809,0
flagship,48000,k_norm,decoder.layers.self_attention.k_layernorm.weight,16,128,1.46271823,2.1875,4000,1.44652981,1,0,0.482072244,0.988591737,0
flagship,48000,k_norm,decoder.layers.self_attention.k_layernorm.weight,17,128,1.64894324,1.9765625,4000,1.58115811,1,0,0.597015609,0.994092021,0
flagship,48000,k_norm,decoder.layers.self_attention.k_layernorm.weight,18,128,1.62557766,2.0625,4000,1.59088358,1,0,0.650482929,0.976747313,0
flagship,48000,k_norm,decoder.layers.self_attention.k_layernorm.weight,19,128,1.69941468,2.078125,4000,1.61403405,1,0,0.656891148,0.983126704,0
flagship,48000,k_norm,decoder.layers.self_attention.k_layernorm.weight,20,128,1.56316971,1.984375,4000,1.53020248,1,0,0.584462343,0.9802374,0
flagship,48000,k_norm,decoder.layers.self_attention.k_layernorm.weight,21,128,1.56861673,1.953125,4000,1.51550836,1,0,0.585932242,0.97440868,0
flagship,48000,k_norm,decoder.layers.self_attention.k_layernorm.weight,22,128,1.6774335,2.046875,4000,1.58139181,1,0,0.651615486,0.972623386,0
flagship,48000,k_norm,decoder.layers.self_attention.k_layernorm.weight,23,128,1.61073455,1.8984375,4000,1.53389147,1,0,0.569786177,0.987086378,0
flagship,48000,k_norm,decoder.layers.self_attention.k_layernorm.weight,24,128,1.59366986,1.9921875,4000,1.4959134,1,0,0.530919515,0.987985456,0
flagship,48000,k_norm,decoder.layers.self_attention.k_layernorm.weight,25,128,1.56524569,2.03125,4000,1.49453805,1,0,0.602174365,0.960507502,0.0078125
flagship,48000,k_norm,decoder.layers.self_attention.k_layernorm.weight,26,128,1.43051044,1.828125,4000,1.38711663,1,0,0.570600677,0.936657868,0
flagship,48000,k_norm,decoder.layers.self_attention.k_layernorm.weight,27,128,1.56840986,2.0625,4000,1.47468583,1,0,0.578974591,0.962742932,0.0078125
flagship,48000,k_norm,decoder.layers.self_attention.k_layernorm.weight,28,128,1.40325298,1.8203125,4000,1.3562846,1,0,0.55597133,0.932843962,0
flagship,48000,k_norm,decoder.layers.self_attention.k_layernorm.weight,29,128,1.45980032,1.8046875,4000,1.39597478,1,0,0.56314927,0.942570209,0
flagship,48000,k_norm,decoder.layers.self_attention.k_layernorm.weight,30,128,1.47810149,1.8515625,4000,1.41313082,1,0,0.512569362,0.96743038,0
flagship,48000,k_norm,decoder.layers.self_attention.k_layernorm.weight,31,128,1.39147622,1.796875,4000,1.35792775,1,0,0.506657523,0.952652278,0
flagship,48000,k_norm,decoder.layers.self_attention.k_layernorm.weight,32,128,1.52637938,1.8359375,4000,1.47885338,1,0,0.566928883,0.968858375,0
flagship,48000,k_norm,decoder.layers.self_attention.k_layernorm.weight,33,128,1.34812089,1.75,4000,1.31062353,1,0,0.555648193,0.919024064,0
flagship,48000,k_norm,decoder.layers.self_attention.k_layernorm.weight,34,128,1.43695794,1.9140625,4000,1.38782168,1,0,0.586228475,0.930373558,0
flagship,48000,k_norm,decoder.layers.self_attention.k_layernorm.weight,35,128,1.52538065,1.9375,4000,1.48242728,1,0,0.594001802,0.959491416,0
flagship,48000,k_norm,decoder.layers.self_attention.k_layernorm.weight,36,128,1.42147193,1.9296875,4000,1.38649399,1,0,0.544825953,0.94682353,0
flagship,48000,k_norm,decoder.layers.self_attention.k_layernorm.weight,37,128,1.28606728,1.78125,4000,1.2598257,1,0,0.354674895,0.976867879,0
flagship,48000,k_norm,decoder.layers.self_attention.k_layernorm.weight,38,128,1.59189198,2.078125,4000,1.5405919,1,0,0.564875391,0.991287568,0
flagship,48000,k_norm,decoder.layers.self_attention.k_layernorm.weight,39,128,1.40915372,1.90625,4000,1.37733582,1,0,0.444603471,0.979928666,0
flagship,48000,k_norm,decoder.layers.self_attention.k_layernorm.weight,40,128,1.32990676,1.796875,4000,1.30012291,1,0,0.453325052,0.955608104,0
flagship,48000,k_norm,decoder.layers.self_attention.k_layernorm.weight,41,128,1.3318433,1.78125,4000,1.29605981,1,0,0.424445212,0.964314022,0
flagship,48000,k_norm,decoder.layers.self_attention.k_layernorm.weight,42,128,1.23019314,1.765625,4000,1.2025394,1,0,0.348547115,0.966544595,0
flagship,48000,k_norm,decoder.layers.self_attention.k_layernorm.weight,43,128,1.2828454,1.84375,4000,1.25108085,1,0,0.403038537,0.960274959,0
flagship,48000,k_norm,decoder.layers.self_attention.k_layernorm.weight,44,128,1.26223429,1.828125,4000,1.2292089,1,0,0.412564367,0.952134808,0
flagship,48000,k_norm,decoder.layers.self_attention.k_layernorm.weight,45,128,1.30179374,1.8046875,4000,1.24133357,1,0,0.472390534,0.933575096,0
flagship,48000,k_norm,decoder.layers.self_attention.k_layernorm.weight,46,128,1.36821418,1.9296875,4000,1.31506195,1,0,0.512112622,0.938027518,0
flagship,48000,k_norm,decoder.layers.self_attention.k_layernorm.weight,47,128,1.26899399,1.84375,4000,1.23717663,1,0,0.43812015,0.945158796,0
flagship,48000,k_norm,decoder.layers.self_attention.k_layernorm.weight,48,128,1.45835427,1.796875,4000,1.35256857,1,0,0.488924923,0.957583305,0
flagship,48000,k_norm,decoder.layers.self_attention.k_layernorm.weight,49,128,1.31972783,1.734375,4000,1.26705769,1,0,0.460342709,0.944518864,0.0078125
flagship,48000,k_norm,decoder.layers.self_attention.k_layernorm.weight,50,128,1.41862966,1.7265625,4000,1.34797988,1,0,0.406110486,0.983740212,0
flagship,48000,k_norm,decoder.layers.self_attention.k_layernorm.weight,51,128,1.42084793,1.7734375,4000,1.34946885,1,0,0.494428409,0.954674402,0
flagship,48000,k_norm,decoder.layers.self_attention.k_layernorm.weight,52,128,1.46989039,1.9140625,4000,1.39879001,1,0,0.468583702,0.978360863,0
flagship,48000,k_norm,decoder.layers.self_attention.k_layernorm.weight,53,128,1.41919558,1.75,4000,1.31867004,1,0,0.467333361,0.955694043,0
flagship,48000,k_norm,decoder.layers.self_attention.k_layernorm.weight,54,128,1.35390409,1.765625,4000,1.2976204,1,0,0.492407244,0.940704157,0
flagship,48000,k_norm,decoder.layers.self_attention.k_layernorm.weight,55,128,1.4861749,1.9453125,4000,1.36723223,1,0,0.419225949,0.985046108,0
flagship,48000,k_norm,decoder.layers.self_attention.k_layernorm.weight,56,128,1.50274796,1.84375,4000,1.39981643,1,0,0.44559943,0.986174732,0
flagship,48000,k_norm,decoder.layers.self_attention.k_layernorm.weight,57,128,1.4762824,1.8125,4000,1.38016198,1,0,0.444026789,0.980930985,0
flagship,48000,k_norm,decoder.layers.self_attention.k_layernorm.weight,58,128,1.54658398,1.8515625,4000,1.44394565,1,0,0.455191908,0.996498508,0
flagship,48000,k_norm,decoder.layers.self_attention.k_layernorm.weight,59,128,1.494729,1.75,4000,1.3671667,1,0,0.384602551,0.995206239,0
flagship,48000,k_norm,decoder.layers.self_attention.k_layernorm.weight,60,128,1.41744367,1.765625,4000,1.35218219,1,0,0.395871602,0.987915079,0
flagship,48000,k_norm,decoder.layers.self_attention.k_layernorm.weight,61,128,1.4205897,1.90625,4000,1.34643524,1,0,0.366604714,0.994659364,0
flagship,48000,k_norm,decoder.layers.self_attention.k_layernorm.weight,62,128,1.33289978,1.6484375,4000,1.28050686,1,0,0.29390235,0.996995528,0
flagship,48000,k_norm,decoder.layers.self_attention.k_layernorm.weight,63,128,1.18005653,1.3828125,4000,1.15342216,1,0,0.169271804,0.997782864,0
flagship,48000,pre_mlp_norm,decoder.layers.mlp.linear_fc1.layer_norm_weight,0,5120,0.547936028,0.73046875,4000,0.559395945,1,0,0.448099114,0.994046361,0
flagship,48000,pre_mlp_norm,decoder.layers.mlp.linear_fc1.layer_norm_weight,1,5120,0.889543492,1.015625,4000,0.904068043,1,0,0.122242036,0.996825363,0
flagship,48000,pre_mlp_norm,decoder.layers.mlp.linear_fc1.layer_norm_weight,2,5120,0.916370313,1.046875,4000,0.928337413,1,0,0.0921523788,0.99819218,0
flagship,48000,pre_mlp_norm,decoder.layers.mlp.linear_fc1.layer_norm_weight,3,5120,0.874050055,0.96484375,4000,0.892324604,1,0,0.118994464,0.998562355,0
flagship,48000,pre_mlp_norm,decoder.layers.mlp.linear_fc1.layer_norm_weight,4,5120,0.840070227,0.984375,4000,0.856475846,1,0,0.150872644,0.99873705,0
flagship,48000,pre_mlp_norm,decoder.layers.mlp.linear_fc1.layer_norm_weight,5,5120,0.750873843,1.40625,4000,0.768899346,1,0,0.234646257,0.998926158,0
flagship,48000,pre_mlp_norm,decoder.layers.mlp.linear_fc1.layer_norm_weight,6,5120,0.688318971,0.97265625,4000,0.707089121,1,0,0.295620475,0.998872361,0
flagship,48000,pre_mlp_norm,decoder.layers.mlp.linear_fc1.layer_norm_weight,7,5120,0.658033812,0.92578125,4000,0.674076432,1,0,0.328448671,0.998774355,0
flagship,48000,pre_mlp_norm,decoder.layers.mlp.linear_fc1.layer_norm_weight,8,5120,0.662429062,0.86328125,4000,0.676464962,1,0,0.326007043,0.99881319,0
flagship,48000,pre_mlp_norm,decoder.layers.mlp.linear_fc1.layer_norm_weight,9,5120,0.669232325,0.80859375,4000,0.681265752,1,0,0.321144715,0.998867985,0
flagship,48000,pre_mlp_norm,decoder.layers.mlp.linear_fc1.layer_norm_weight,10,5120,0.655697281,0.734375,4000,0.665674627,1,0,0.336556601,0.998875659,0
flagship,48000,pre_mlp_norm,decoder.layers.mlp.linear_fc1.layer_norm_weight,11,5120,0.652323237,0.734375,4000,0.660548048,1,0,0.341473813,0.998957883,0
flagship,48000,pre_mlp_norm,decoder.layers.mlp.linear_fc1.layer_norm_weight,12,5120,0.654856526,0.73046875,4000,0.661734013,1,0,0.340212578,0.999002077,0
flagship,48000,pre_mlp_norm,decoder.layers.mlp.linear_fc1.layer_norm_weight,13,5120,0.653488842,0.7265625,4000,0.658965508,1,0,0.342844469,0.999060797,0
flagship,48000,pre_mlp_norm,decoder.layers.mlp.linear_fc1.layer_norm_weight,14,5120,0.639316993,0.70703125,4000,0.643495614,1,0,0.358101368,0.999113271,0
flagship,48000,pre_mlp_norm,decoder.layers.mlp.linear_fc1.layer_norm_weight,15,5120,0.630205156,0.69921875,4000,0.633100637,1,0,0.36828839,0.999193497,0
flagship,48000,pre_mlp_norm,decoder.layers.mlp.linear_fc1.layer_norm_weight,16,5120,0.607484877,0.68359375,4000,0.609311377,1,0,0.391826608,0.999269265,0
flagship,48000,pre_mlp_norm,decoder.layers.mlp.linear_fc1.layer_norm_weight,17,5120,0.585019836,0.6484375,4000,0.585750914,1,0,0.415220303,0.99931234,0
flagship,48000,pre_mlp_norm,decoder.layers.mlp.linear_fc1.layer_norm_weight,18,5120,0.57737886,0.64453125,4000,0.577168407,1,0,0.423730318,0.999340898,0
flagship,48000,pre_mlp_norm,decoder.layers.mlp.linear_fc1.layer_norm_weight,19,5120,0.578505749,0.64453125,4000,0.577132721,1,0,0.423732233,0.999365595,0
flagship,48000,pre_mlp_norm,decoder.layers.mlp.linear_fc1.layer_norm_weight,20,5120,0.588309983,0.69921875,4000,0.586012947,1,0,0.414812479,0.9994163,0
flagship,48000,pre_mlp_norm,decoder.layers.mlp.linear_fc1.layer_norm_weight,21,5120,0.587667914,0.67578125,4000,0.584283045,1,0,0.416560454,0.99939924,0
flagship,48000,pre_mlp_norm,decoder.layers.mlp.linear_fc1.layer_norm_weight,22,5120,0.586114422,0.65625,4000,0.581790058,1,0,0.419154728,0.999320091,0
flagship,48000,pre_mlp_norm,decoder.layers.mlp.linear_fc1.layer_norm_weight,23,5120,0.59184497,0.65234375,4000,0.586462168,1,0,0.414458723,0.999349921,0
flagship,48000,pre_mlp_norm,decoder.layers.mlp.linear_fc1.layer_norm_weight,24,5120,0.603347077,0.66796875,4000,0.596866805,1,0,0.404136027,0.999321828,0
flagship,48000,pre_mlp_norm,decoder.layers.mlp.linear_fc1.layer_norm_weight,25,5120,0.626122996,0.6796875,4000,0.618305775,1,0,0.382820099,0.999303948,0
flagship,48000,pre_mlp_norm,decoder.layers.mlp.linear_fc1.layer_norm_weight,26,5120,0.642587387,0.703125,4000,0.633429161,1,0,0.367767472,0.999306367,0
flagship,48000,pre_mlp_norm,decoder.layers.mlp.linear_fc1.layer_norm_weight,27,5120,0.662918607,0.72265625,4000,0.652337285,1,0,0.349016284,0.999277213,0
flagship,48000,pre_mlp_norm,decoder.layers.mlp.linear_fc1.layer_norm_weight,28,5120,0.681323891,0.73828125,4000,0.669326633,1,0,0.332129906,0.99927883,0
flagship,48000,pre_mlp_norm,decoder.layers.mlp.linear_fc1.layer_norm_weight,29,5120,0.698074256,0.76171875,4000,0.684459508,1,0,0.317108788,0.999275209,0
flagship,48000,pre_mlp_norm,decoder.layers.mlp.linear_fc1.layer_norm_weight,30,5120,0.720129118,0.78125,4000,0.704920086,1,0,0.296661538,0.999336158,0
flagship,48000,pre_mlp_norm,decoder.layers.mlp.linear_fc1.layer_norm_weight,31,5120,0.741131007,0.796875,4000,0.724246383,1,0,0.277542169,0.999316809,0
flagship,48000,pre_mlp_norm,decoder.layers.mlp.linear_fc1.layer_norm_weight,32,5120,0.755276512,0.80859375,4000,0.736787105,1,0,0.265150448,0.999305274,0
flagship,48000,pre_mlp_norm,decoder.layers.mlp.linear_fc1.layer_norm_weight,33,5120,0.773102539,0.83203125,4000,0.752787016,1,0,0.249393791,0.99928067,0
flagship,48000,pre_mlp_norm,decoder.layers.mlp.linear_fc1.layer_norm_weight,34,5120,0.795022226,0.84765625,4000,0.772723437,1,0,0.22972535,0.999275873,0
flagship,48000,pre_mlp_norm,decoder.layers.mlp.linear_fc1.layer_norm_weight,35,5120,0.821743256,0.88671875,4000,0.797355268,1,0,0.205518599,0.999264439,0
flagship,48000,pre_mlp_norm,decoder.layers.mlp.linear_fc1.layer_norm_weight,36,5120,0.846876522,0.90625,4000,0.820233644,1,0,0.183176347,0.999245562,0
flagship,48000,pre_mlp_norm,decoder.layers.mlp.linear_fc1.layer_norm_weight,37,5120,0.866628369,0.9140625,4000,0.837927387,1,0,0.166211909,0.99918915,0
flagship,48000,pre_mlp_norm,decoder.layers.mlp.linear_fc1.layer_norm_weight,38,5120,0.882576624,0.9375,4000,0.851826965,1,0,0.153000408,0.999146613,0
flagship,48000,pre_mlp_norm,decoder.layers.mlp.linear_fc1.layer_norm_weight,39,5120,0.896066465,0.953125,4000,0.863259563,1,0,0.142366579,0.999090484,0
flagship,48000,pre_mlp_norm,decoder.layers.mlp.linear_fc1.layer_norm_weight,40,5120,0.90829385,0.95703125,4000,0.873618667,1,0,0.132842166,0.999041459,0
flagship,48000,pre_mlp_norm,decoder.layers.mlp.linear_fc1.layer_norm_weight,41,5120,0.919988031,0.99609375,4000,0.882605538,1,0,0.124739985,0.998992413,0
flagship,48000,pre_mlp_norm,decoder.layers.mlp.linear_fc1.layer_norm_weight,42,5120,0.930857535,0.99609375,4000,0.89247,1,0,0.116037226,0.998934453,0
flagship,48000,pre_mlp_norm,decoder.layers.mlp.linear_fc1.layer_norm_weight,43,5120,0.939863716,1,4000,0.899317501,1,0,0.110034734,0.998904348,0
flagship,48000,pre_mlp_norm,decoder.layers.mlp.linear_fc1.layer_norm_weight,44,5120,0.947277046,1.0234375,4000,0.905399702,1,0,0.105178104,0.998832992,0
flagship,48000,pre_mlp_norm,decoder.layers.mlp.linear_fc1.layer_norm_weight,45,5120,0.953539673,1.03125,4000,0.910802576,1,0,0.100811276,0.998788578,0
flagship,48000,pre_mlp_norm,decoder.layers.mlp.linear_fc1.layer_norm_weight,46,5120,0.960635976,1.0546875,4000,0.916516494,1,0,0.09637749,0.998734815,0
flagship,48000,pre_mlp_norm,decoder.layers.mlp.linear_fc1.layer_norm_weight,47,5120,0.96642209,1.0859375,4000,0.92164638,1,0,0.0922717733,0.998711658,0
flagship,48000,pre_mlp_norm,decoder.layers.mlp.linear_fc1.layer_norm_weight,48,5120,0.971210892,1.09375,4000,0.925752809,1,0,0.0897798106,0.998623947,0
flagship,48000,pre_mlp_norm,decoder.layers.mlp.linear_fc1.layer_norm_weight,49,5120,0.981219543,1.1015625,4000,0.935119276,1,0,0.0825795259,0.998604526,0
flagship,48000,pre_mlp_norm,decoder.layers.mlp.linear_fc1.layer_norm_weight,50,5120,0.986003892,1.109375,4000,0.940278999,1,0,0.079099998,0.998569461,0
flagship,48000,pre_mlp_norm,decoder.layers.mlp.linear_fc1.layer_norm_weight,51,5120,0.991314711,1.140625,4000,0.945747066,1,0,0.0757337303,0.998523803,0
flagship,48000,pre_mlp_norm,decoder.layers.mlp.linear_fc1.layer_norm_weight,52,5120,0.993410792,1.1484375,4000,0.94893787,1,0,0.0735015077,0.998527232,0
flagship,48000,pre_mlp_norm,decoder.layers.mlp.linear_fc1.layer_norm_weight,53,5120,0.999309454,1.1953125,4000,0.956429735,1,0,0.0675058137,0.998610109,0
flagship,48000,pre_mlp_norm,decoder.layers.mlp.linear_fc1.layer_norm_weight,54,5120,1.00579384,1.2421875,4000,0.965201601,1,0,0.062264671,0.998618962,0
flagship,48000,pre_mlp_norm,decoder.layers.mlp.linear_fc1.layer_norm_weight,55,5120,1.00366341,1.2890625,4000,0.966000397,1,0,0.0619102135,0.998614441,0
flagship,48000,pre_mlp_norm,decoder.layers.mlp.linear_fc1.layer_norm_weight,56,5120,1.00449711,1.375,4000,0.969946837,1,0,0.0591925351,0.99865943,0
flagship,48000,pre_mlp_norm,decoder.layers.mlp.linear_fc1.layer_norm_weight,57,5120,1.01293712,1.4453125,4000,0.982189263,1,0,0.0548276217,0.998631198,0
flagship,48000,pre_mlp_norm,decoder.layers.mlp.linear_fc1.layer_norm_weight,58,5120,1.01466981,1.484375,4000,0.988345726,1,0,0.0531921025,0.99863733,0
flagship,48000,pre_mlp_norm,decoder.layers.mlp.linear_fc1.layer_norm_weight,59,5120,1.01211336,1.5625,4000,0.990823331,1,0,0.0540357977,0.99856904,0
flagship,48000,pre_mlp_norm,decoder.layers.mlp.linear_fc1.layer_norm_weight,60,5120,1.02405131,1.6328125,4000,1.00834491,1,0,0.0560214116,0.998478318,0
flagship,48000,pre_mlp_norm,decoder.layers.mlp.linear_fc1.layer_norm_weight,61,5120,1.05326371,1.6484375,4000,1.0421608,1,0,0.0680733047,0.998629558,0
flagship,48000,pre_mlp_norm,decoder.layers.mlp.linear_fc1.layer_norm_weight,62,5120,1.08938938,1.5546875,4000,1.0838915,1,0,0.0944530297,0.999131098,0
flagship,48000,pre_mlp_norm,decoder.layers.mlp.linear_fc1.layer_norm_weight,63,5120,1.16257121,1.6015625,4000,1.16294161,1,0,0.170703419,0.998886578,0
flagship,48000,q_norm,decoder.layers.self_attention.q_layernorm.weight,0,128,1.18364267,1.7578125,4000,1.22655313,1,0,0.339830021,0.973846171,0
flagship,48000,q_norm,decoder.layers.self_attention.q_layernorm.weight,1,128,1.53629391,1.953125,4000,1.42251911,1,0,0.437737753,0.995398323,0
flagship,48000,q_norm,decoder.layers.self_attention.q_layernorm.weight,2,128,1.49970306,1.828125,4000,1.32913319,1,0,0.35602786,0.993067973,0
flagship,48000,q_norm,decoder.layers.self_attention.q_layernorm.weight,3,128,1.6075386,1.9140625,4000,1.40515635,1,0,0.426366749,0.993724209,0
flagship,48000,q_norm,decoder.layers.self_attention.q_layernorm.weight,4,128,1.52360698,1.84375,4000,1.36886139,1,0,0.391584269,0.993688363,0
flagship,48000,q_norm,decoder.layers.self_attention.q_layernorm.weight,5,128,1.4864042,1.7734375,4000,1.32250941,1,0,0.344388054,0.994483661,0
flagship,48000,q_norm,decoder.layers.self_attention.q_layernorm.weight,6,128,1.76210891,2.125,4000,1.5186789,1,0,0.543822457,0.991204502,0
flagship,48000,q_norm,decoder.layers.self_attention.q_layernorm.weight,7,128,1.66291572,2.0625,4000,1.44249453,1,0,0.497556043,0.982058649,0
flagship,48000,q_norm,decoder.layers.self_attention.q_layernorm.weight,8,128,1.61853618,1.8671875,4000,1.48606154,1,0,0.516174581,0.989845513,0
flagship,48000,q_norm,decoder.layers.self_attention.q_layernorm.weight,9,128,1.59557068,1.96875,4000,1.52640895,1,0,0.558156835,0.988721022,0
flagship,48000,q_norm,decoder.layers.self_attention.q_layernorm.weight,10,128,1.63306524,1.9453125,4000,1.58121591,1,0,0.59380091,0.995323982,0
flagship,48000,q_norm,decoder.layers.self_attention.q_layernorm.weight,11,128,1.65763919,1.9296875,4000,1.60953091,1,0,0.631195079,0.991649961,0
flagship,48000,q_norm,decoder.layers.self_attention.q_layernorm.weight,12,128,1.59486799,2.234375,4000,1.53861998,1,0,0.555142233,0.994127394,0
flagship,48000,q_norm,decoder.layers.self_attention.q_layernorm.weight,13,128,1.55342245,1.8359375,4000,1.51070313,1,0,0.54028729,0.989709208,0
flagship,48000,q_norm,decoder.layers.self_attention.q_layernorm.weight,14,128,1.50402234,1.9609375,4000,1.49649229,1,0,0.522319132,0.991208548,0
flagship,48000,q_norm,decoder.layers.self_attention.q_layernorm.weight,15,128,1.63563743,1.9765625,4000,1.6050298,1,0,0.62073268,0.994003853,0
flagship,48000,q_norm,decoder.layers.self_attention.q_layernorm.weight,16,128,1.47396117,1.9453125,4000,1.45898375,1,0,0.476176822,0.994489905,0
flagship,48000,q_norm,decoder.layers.self_attention.q_layernorm.weight,17,128,1.66772691,2.03125,4000,1.59962299,1,0,0.614209274,0.994465794,0
flagship,48000,q_norm,decoder.layers.self_attention.q_layernorm.weight,18,128,1.65154077,2,4000,1.61726616,1,0,0.656736657,0.984453544,0
flagship,48000,q_norm,decoder.layers.self_attention.q_layernorm.weight,19,128,1.72474729,2.046875,4000,1.63883063,1,0,0.666923721,0.98880828,0
flagship,48000,q_norm,decoder.layers.self_attention.q_layernorm.weight,20,128,1.59193144,2,4000,1.55943263,1,0,0.599842213,0.984979851,0
flagship,48000,q_norm,decoder.layers.self_attention.q_layernorm.weight,21,128,1.59484534,1.9921875,4000,1.54244779,1,0,0.596712869,0.97996151,0
flagship,48000,q_norm,decoder.layers.self_attention.q_layernorm.weight,22,128,1.70320696,2.09375,4000,1.60603574,1,0,0.672942596,0.973359122,0
flagship,48000,q_norm,decoder.layers.self_attention.q_layernorm.weight,23,128,1.62933215,2.015625,4000,1.55179484,1,0,0.573321025,0.992196312,0
flagship,48000,q_norm,decoder.layers.self_attention.q_layernorm.weight,24,128,1.61522456,1.8515625,4000,1.51310609,1,0,0.533555758,0.99292717,0
flagship,48000,q_norm,decoder.layers.self_attention.q_layernorm.weight,25,128,1.59704547,2,4000,1.52429702,1,0,0.607930808,0.96893896,0
flagship,48000,q_norm,decoder.layers.self_attention.q_layernorm.weight,26,128,1.45377895,1.890625,4000,1.41133305,1,0,0.576303174,0.942277809,0
flagship,48000,q_norm,decoder.layers.self_attention.q_layernorm.weight,27,128,1.60200909,2.0625,4000,1.50646446,1,0,0.577661321,0.974381622,0
flagship,48000,q_norm,decoder.layers.self_attention.q_layernorm.weight,28,128,1.42611867,1.7734375,4000,1.37952134,1,0,0.551624899,0.941916962,0
flagship,48000,q_norm,decoder.layers.self_attention.q_layernorm.weight,29,128,1.49398503,1.828125,4000,1.42939351,1,0,0.561029657,0.954394824,0
flagship,48000,q_norm,decoder.layers.self_attention.q_layernorm.weight,30,128,1.50234437,1.9140625,4000,1.43754965,1,0,0.500961279,0.979300714,0
flagship,48000,q_norm,decoder.layers.self_attention.q_layernorm.weight,31,128,1.41725509,1.7421875,4000,1.38423616,1,0,0.503213251,0.961861222,0
flagship,48000,q_norm,decoder.layers.self_attention.q_layernorm.weight,32,128,1.56297874,1.8828125,4000,1.51578099,1,0,0.568744142,0.981052716,0
flagship,48000,q_norm,decoder.layers.self_attention.q_layernorm.weight,33,128,1.37386073,1.7421875,4000,1.33698441,1,0,0.554927987,0.927304096,0
flagship,48000,q_norm,decoder.layers.self_attention.q_layernorm.weight,34,128,1.45830843,1.84375,4000,1.41004722,1,0,0.564849983,0.946485205,0
flagship,48000,q_norm,decoder.layers.self_attention.q_layernorm.weight,35,128,1.57031165,1.90625,4000,1.52736873,1,0,0.587087802,0.978212755,0
flagship,48000,q_norm,decoder.layers.self_attention.q_layernorm.weight,36,128,1.45090607,1.8671875,4000,1.41642969,1,0,0.528719894,0.962535719,0
flagship,48000,q_norm,decoder.layers.self_attention.q_layernorm.weight,37,128,1.29185129,1.703125,4000,1.26680429,1,0,0.34567055,0.980934861,0
flagship,48000,q_norm,decoder.layers.self_attention.q_layernorm.weight,38,128,1.61792064,2,4000,1.56725845,1,0,0.582363437,0.994460064,0
flagship,48000,q_norm,decoder.layers.self_attention.q_layernorm.weight,39,128,1.42569714,1.828125,4000,1.39485654,1,0,0.432269901,0.988907252,0
flagship,48000,q_norm,decoder.layers.self_attention.q_layernorm.weight,40,128,1.34972742,1.71875,4000,1.31990267,1,0,0.44503213,0.963741313,0
flagship,48000,q_norm,decoder.layers.self_attention.q_layernorm.weight,41,128,1.3465552,1.7109375,4000,1.31179382,1,0,0.420445671,0.969675425,0
flagship,48000,q_norm,decoder.layers.self_attention.q_layernorm.weight,42,128,1.23279756,1.65625,4000,1.20642955,1,0,0.341020523,0.96946285,0
flagship,48000,q_norm,decoder.layers.self_attention.q_layernorm.weight,43,128,1.29396167,1.765625,4000,1.26320793,1,0,0.358006206,0.976690284,0
flagship,48000,q_norm,decoder.layers.self_attention.q_layernorm.weight,44,128,1.27055116,1.703125,4000,1.23845727,1,0,0.406979382,0.956086356,0
flagship,48000,q_norm,decoder.layers.self_attention.q_layernorm.weight,45,128,1.32204656,1.796875,4000,1.26216981,1,0,0.465917783,0.941233592,0
flagship,48000,q_norm,decoder.layers.self_attention.q_layernorm.weight,46,128,1.38385771,1.765625,4000,1.33058932,1,0,0.487611216,0.951722371,0
flagship,48000,q_norm,decoder.layers.self_attention.q_layernorm.weight,47,128,1.28690195,1.6953125,4000,1.25385281,1,0,0.439888299,0.948534442,0
flagship,48000,q_norm,decoder.layers.self_attention.q_layernorm.weight,48,128,1.48741422,1.765625,4000,1.37946436,1,0,0.478598138,0.969168112,0
flagship,48000,q_norm,decoder.layers.self_attention.q_layernorm.weight,49,128,1.34313346,1.7578125,4000,1.28880736,1,0,0.459192643,0.950555763,0
flagship,48000,q_norm,decoder.layers.self_attention.q_layernorm.weight,50,128,1.42592723,1.7109375,4000,1.35476814,1,0,0.397091445,0.988255855,0
flagship,48000,q_norm,decoder.layers.self_attention.q_layernorm.weight,51,128,1.46087886,1.8046875,4000,1.38402791,1,0,0.472992393,0.972455624,0
flagship,48000,q_norm,decoder.layers.self_attention.q_layernorm.weight,52,128,1.49177475,1.8125,4000,1.41862129,1,0,0.450128696,0.990352585,0
flagship,48000,q_norm,decoder.layers.self_attention.q_layernorm.weight,53,128,1.43466191,1.7578125,4000,1.33162908,1,0,0.457985918,0.962537145,0
flagship,48000,q_norm,decoder.layers.self_attention.q_layernorm.weight,54,128,1.36644423,1.6796875,4000,1.308417,1,0,0.478497153,0.948854807,0
flagship,48000,q_norm,decoder.layers.self_attention.q_layernorm.weight,55,128,1.50633163,1.9296875,4000,1.37975186,1,0,0.408466068,0.991798142,0
flagship,48000,q_norm,decoder.layers.self_attention.q_layernorm.weight,56,128,1.52421515,1.8125,4000,1.41591827,1,0,0.442361746,0.991985447,0
flagship,48000,q_norm,decoder.layers.self_attention.q_layernorm.weight,57,128,1.48777514,1.8984375,4000,1.38877896,1,0,0.446911433,0.982509548,0
flagship,48000,q_norm,decoder.layers.self_attention.q_layernorm.weight,58,128,1.57047024,1.7734375,4000,1.46089419,1,0,0.470084283,0.997071734,0
flagship,48000,q_norm,decoder.layers.self_attention.q_layernorm.weight,59,128,1.51056826,1.859375,4000,1.37598765,1,0,0.392169957,0.995483044,0
flagship,48000,q_norm,decoder.layers.self_attention.q_layernorm.weight,60,128,1.44680841,1.75,4000,1.37918483,1,0,0.398463411,0.994564921,0
flagship,48000,q_norm,decoder.layers.self_attention.q_layernorm.weight,61,128,1.44325336,1.859375,4000,1.36557951,1,0,0.382615879,0.995332922,0
flagship,48000,q_norm,decoder.layers.self_attention.q_layernorm.weight,62,128,1.34806928,1.7265625,4000,1.29328167,1,0,0.307032326,0.996808617,0
flagship,48000,q_norm,decoder.layers.self_attention.q_layernorm.weight,63,128,1.18240579,1.421875,4000,1.15624623,1,0,0.173313847,0.997567644,0
flagship,52000,attention_input_norm,decoder.layers.self_attention.linear_qkv.layer_norm_weight,0,5120,0.0910743526,0.7109375,4000,0.0922860471,1,0,0.915855468,0.919561955,0
flagship,52000,attention_input_norm,decoder.layers.self_attention.linear_qkv.layer_norm_weight,1,5120,0.408839461,0.8046875,4000,0.412946674,1,0,0.588724614,0.997620682,0
flagship,52000,attention_input_norm,decoder.layers.self_attention.linear_qkv.layer_norm_weight,2,5120,0.6305053,0.765625,4000,0.629874695,1,0,0.37305555,0.998271322,0
flagship,52000,attention_input_norm,decoder.layers.self_attention.linear_qkv.layer_norm_weight,3,5120,0.755663376,1.0078125,4000,0.751293881,1,0,0.252465191,0.998746204,0
flagship,52000,attention_input_norm,decoder.layers.self_attention.linear_qkv.layer_norm_weight,4,5120,0.775199669,0.9375,4000,0.775174282,1,0,0.229314463,0.998685122,0
flagship,52000,attention_input_norm,decoder.layers.self_attention.linear_qkv.layer_norm_weight,5,5120,0.877821912,1.0625,4000,0.874287334,1,0,0.133887265,0.998786368,0
flagship,52000,attention_input_norm,decoder.layers.self_attention.linear_qkv.layer_norm_weight,6,5120,0.948892184,1.1328125,4000,0.943300131,1,0,0.0749921654,0.998723126,0
flagship,52000,attention_input_norm,decoder.layers.self_attention.linear_qkv.layer_norm_weight,7,5120,1.10530722,1.25,4000,1.09231328,1,0,0.103174881,0.999028066,0
flagship,52000,attention_input_norm,decoder.layers.self_attention.linear_qkv.layer_norm_weight,8,5120,1.04628715,1.296875,4000,1.05636346,1,0,0.0788282935,0.998562493,0
flagship,52000,attention_input_norm,decoder.layers.self_attention.linear_qkv.layer_norm_weight,9,5120,0.97623711,1.2734375,4000,0.990431968,1,0,0.0532511078,0.998614679,0
flagship,52000,attention_input_norm,decoder.layers.self_attention.linear_qkv.layer_norm_weight,10,5120,0.99645547,1.375,4000,1.01214923,1,0,0.0510081408,0.998787616,0
flagship,52000,attention_input_norm,decoder.layers.self_attention.linear_qkv.layer_norm_weight,11,5120,1.05306432,1.3515625,4000,1.07007695,1,0,0.089087716,0.998586156,0
flagship,52000,attention_input_norm,decoder.layers.self_attention.linear_qkv.layer_norm_weight,12,5120,0.996485319,1.359375,4000,1.01254937,1,0,0.0457141755,0.999045825,0
flagship,52000,attention_input_norm,decoder.layers.self_attention.linear_qkv.layer_norm_weight,13,5120,1.03270307,1.2734375,4000,1.0495283,1,0,0.0693237118,0.998879151,0
flagship,52000,attention_input_norm,decoder.layers.self_attention.linear_qkv.layer_norm_weight,14,5120,0.997043821,1.140625,4000,1.01454385,1,0,0.0483076813,0.998954156,0
flagship,52000,attention_input_norm,decoder.layers.self_attention.linear_qkv.layer_norm_weight,15,5120,1.11674556,1.296875,4000,1.13597757,1,0,0.144258689,0.998978558,0
flagship,52000,attention_input_norm,decoder.layers.self_attention.linear_qkv.layer_norm_weight,16,5120,1.11621754,1.28125,4000,1.13571515,1,0,0.141975061,0.999234704,0
flagship,52000,attention_input_norm,decoder.layers.self_attention.linear_qkv.layer_norm_weight,17,5120,1.25524555,1.46875,4000,1.2756115,1,0,0.278694449,0.999330165,0
flagship,52000,attention_input_norm,decoder.layers.self_attention.linear_qkv.layer_norm_weight,18,5120,1.20962558,1.4140625,4000,1.23085272,1,0,0.235904426,0.999042161,0
flagship,52000,attention_input_norm,decoder.layers.self_attention.linear_qkv.layer_norm_weight,19,5120,1.31888603,1.515625,4000,1.33751931,1,0,0.340312232,0.999292297,0
flagship,52000,attention_input_norm,decoder.layers.self_attention.linear_qkv.layer_norm_weight,20,5120,1.18847867,1.3828125,4000,1.20943306,1,0,0.213529039,0.999283777,0
flagship,52000,attention_input_norm,decoder.layers.self_attention.linear_qkv.layer_norm_weight,21,5120,1.17745548,1.4921875,4000,1.1974414,1,0,0.200976373,0.999411914,0
flagship,52000,attention_input_norm,decoder.layers.self_attention.linear_qkv.layer_norm_weight,22,5120,1.42817133,1.5859375,4000,1.44455027,1,0,0.446441949,0.999416612,0
flagship,52000,attention_input_norm,decoder.layers.self_attention.linear_qkv.layer_norm_weight,23,5120,1.42020786,1.65625,4000,1.44185651,1,0,0.443545734,0.999481347,0
flagship,52000,attention_input_norm,decoder.layers.self_attention.linear_qkv.layer_norm_weight,24,5120,1.38208631,1.625,4000,1.39571014,1,0,0.397536066,0.999481122,0
flagship,52000,attention_input_norm,decoder.layers.self_attention.linear_qkv.layer_norm_weight,25,5120,1.29556545,1.4375,4000,1.3146106,1,0,0.317698503,0.99925738,0
flagship,52000,attention_input_norm,decoder.layers.self_attention.linear_qkv.layer_norm_weight,26,5120,1.23709011,1.515625,4000,1.25866262,1,0,0.262795379,0.999143909,0
flagship,52000,attention_input_norm,decoder.layers.self_attention.linear_qkv.layer_norm_weight,27,5120,1.48143479,1.8359375,4000,1.49394148,1,0,0.496503865,0.999150602,0
flagship,52000,attention_input_norm,decoder.layers.self_attention.linear_qkv.layer_norm_weight,28,5120,1.35411619,1.6015625,4000,1.37711025,1,0,0.381723039,0.998729101,0
flagship,52000,attention_input_norm,decoder.layers.self_attention.linear_qkv.layer_norm_weight,29,5120,1.38561479,1.640625,4000,1.40664954,1,0,0.410251543,0.998954082,0
flagship,52000,attention_input_norm,decoder.layers.self_attention.linear_qkv.layer_norm_weight,30,5120,1.54002021,1.75,4000,1.56436979,1,0,0.56733444,0.998927648,0
flagship,52000,attention_input_norm,decoder.layers.self_attention.linear_qkv.layer_norm_weight,31,5120,1.20204567,1.3671875,4000,1.2242252,1,0,0.230041105,0.998920962,0
flagship,52000,attention_input_norm,decoder.layers.self_attention.linear_qkv.layer_norm_weight,32,5120,1.32442412,1.5,4000,1.34797005,1,0,0.351935181,0.998970595,0
flagship,52000,attention_input_norm,decoder.layers.self_attention.linear_qkv.layer_norm_weight,33,5120,1.32246311,1.5546875,4000,1.34664412,1,0,0.352646006,0.998441658,0
flagship,52000,attention_input_norm,decoder.layers.self_attention.linear_qkv.layer_norm_weight,34,5120,1.50202582,1.71875,4000,1.52784534,1,0,0.53213592,0.998511652,0
flagship,52000,attention_input_norm,decoder.layers.self_attention.linear_qkv.layer_norm_weight,35,5120,1.39486078,1.640625,4000,1.42015649,1,0,0.424192148,0.998800308,0
flagship,52000,attention_input_norm,decoder.layers.self_attention.linear_qkv.layer_norm_weight,36,5120,1.2037858,1.3828125,4000,1.22597405,1,0,0.233568484,0.998576655,0
flagship,52000,attention_input_norm,decoder.layers.self_attention.linear_qkv.layer_norm_weight,37,5120,0.878761575,1.015625,4000,0.895296744,1,0,0.115279216,0.998700696,0
flagship,52000,attention_input_norm,decoder.layers.self_attention.linear_qkv.layer_norm_weight,38,5120,1.13932588,1.296875,4000,1.16015873,1,0,0.16632928,0.999131752,0
flagship,52000,attention_input_norm,decoder.layers.self_attention.linear_qkv.layer_norm_weight,39,5120,0.93765792,1.09375,4000,0.955148419,1,0,0.0660743715,0.998767648,0
flagship,52000,attention_input_norm,decoder.layers.self_attention.linear_qkv.layer_norm_weight,40,5120,1.0400464,1.234375,4000,1.05902113,1,0,0.0798922691,0.998631151,0
flagship,52000,attention_input_norm,decoder.layers.self_attention.linear_qkv.layer_norm_weight,41,5120,0.985408269,1.1484375,4000,1.00342784,1,0,0.0537581032,0.998565824,0
flagship,52000,attention_input_norm,decoder.layers.self_attention.linear_qkv.layer_norm_weight,42,5120,0.904791518,1.0859375,4000,0.921230677,1,0,0.0959955286,0.998366025,0
flagship,52000,attention_input_norm,decoder.layers.self_attention.linear_qkv.layer_norm_weight,43,5120,0.945740028,1.09375,4000,0.962443298,1,0,0.0660894311,0.998463646,0
flagship,52000,attention_input_norm,decoder.layers.self_attention.linear_qkv.layer_norm_weight,44,5120,1.00924562,1.2109375,4000,1.02676136,1,0,0.0636413895,0.998376421,0
flagship,52000,attention_input_norm,decoder.layers.self_attention.linear_qkv.layer_norm_weight,45,5120,1.11364271,1.28125,4000,1.13006873,1,0,0.141818441,0.998586549,0
flagship,52000,attention_input_norm,decoder.layers.self_attention.linear_qkv.layer_norm_weight,46,5120,1.17440765,1.3359375,4000,1.18787881,1,0,0.195985465,0.998690163,0
flagship,52000,attention_input_norm,decoder.layers.self_attention.linear_qkv.layer_norm_weight,47,5120,1.03465043,1.203125,4000,1.04991449,1,0,0.0731752797,0.998636477,0
flagship,52000,attention_input_norm,decoder.layers.self_attention.linear_qkv.layer_norm_weight,48,5120,1.29808225,1.4765625,4000,1.30968886,1,0,0.315485248,0.998616561,0
flagship,52000,attention_input_norm,decoder.layers.self_attention.linear_qkv.layer_norm_weight,49,5120,1.24299844,1.4375,4000,1.24771801,1,0,0.254779545,0.998578042,0
flagship,52000,attention_input_norm,decoder.layers.self_attention.linear_qkv.layer_norm_weight,50,5120,1.16914177,1.3359375,4000,1.18344477,1,0,0.191765527,0.998680956,0
flagship,52000,attention_input_norm,decoder.layers.self_attention.linear_qkv.layer_norm_weight,51,5120,1.29594587,1.4765625,4000,1.31123039,1,0,0.319282068,0.998064154,0
flagship,52000,attention_input_norm,decoder.layers.self_attention.linear_qkv.layer_norm_weight,52,5120,1.25094415,1.390625,4000,1.2661435,1,0,0.272834114,0.998575956,0
flagship,52000,attention_input_norm,decoder.layers.self_attention.linear_qkv.layer_norm_weight,53,5120,1.41052052,1.59375,4000,1.41938668,1,0,0.426729149,0.997811527,0
flagship,52000,attention_input_norm,decoder.layers.self_attention.linear_qkv.layer_norm_weight,54,5120,1.29914904,1.5078125,4000,1.31120107,1,0,0.320469626,0.997767439,0
flagship,52000,attention_input_norm,decoder.layers.self_attention.linear_qkv.layer_norm_weight,55,5120,1.37554762,1.59375,4000,1.37963776,1,0,0.385829438,0.99828233,0
flagship,52000,attention_input_norm,decoder.layers.self_attention.linear_qkv.layer_norm_weight,56,5120,1.40854325,1.609375,4000,1.41867541,1,0,0.425585571,0.997943865,0
flagship,52000,attention_input_norm,decoder.layers.self_attention.linear_qkv.layer_norm_weight,57,5120,1.33255787,1.5703125,4000,1.3346635,1,0,0.344672879,0.997452641,0
flagship,52000,attention_input_norm,decoder.layers.self_attention.linear_qkv.layer_norm_weight,58,5120,1.37940472,1.6015625,4000,1.38364392,1,0,0.390998344,0.99794129,0
flagship,52000,attention_input_norm,decoder.layers.self_attention.linear_qkv.layer_norm_weight,59,5120,1.25435447,1.453125,4000,1.25553426,1,0,0.266957197,0.997623169,0
flagship,52000,attention_input_norm,decoder.layers.self_attention.linear_qkv.layer_norm_weight,60,5120,1.13483544,1.3203125,4000,1.14059303,1,0,0.155592841,0.998052448,0
flagship,52000,attention_input_norm,decoder.layers.self_attention.linear_qkv.layer_norm_weight,61,5120,1.11272051,1.3359375,4000,1.11471335,1,0,0.130669914,0.998243731,0
flagship,52000,attention_input_norm,decoder.layers.self_attention.linear_qkv.layer_norm_weight,62,5120,1.02651584,1.171875,4000,1.0311241,1,0,0.0490095138,0.999305019,0
flagship,52000,attention_input_norm,decoder.layers.self_attention.linear_qkv.layer_norm_weight,63,5120,0.976481584,1.109375,4000,0.980409342,1,0,0.0364424919,0.999518435,0
flagship,52000,final_norm,decoder.final_layernorm.weight,-1,5120,1.69511576,6.03125,4000,1.53133024,1,0,0.554643177,0.991733584,0
flagship,52000,k_norm,decoder.layers.self_attention.k_layernorm.weight,0,128,1.20711126,2.234375,4000,1.25007611,1,0,0.379739623,0.96733634,0
flagship,52000,k_norm,decoder.layers.self_attention.k_layernorm.weight,1,128,1.53502392,1.859375,4000,1.42173817,1,0,0.436081264,0.995672981,0
flagship,52000,k_norm,decoder.layers.self_attention.k_layernorm.weight,2,128,1.49709456,2.03125,4000,1.33002082,1,0,0.364153098,0.991092719,0
flagship,52000,k_norm,decoder.layers.self_attention.k_layernorm.weight,3,128,1.59961388,2.03125,4000,1.40030318,1,0,0.431376747,0.990772264,0
flagship,52000,k_norm,decoder.layers.self_attention.k_layernorm.weight,4,128,1.51796636,1.84375,4000,1.36627463,1,0,0.398321813,0.991032854,0
flagship,52000,k_norm,decoder.layers.self_attention.k_layernorm.weight,5,128,1.48643495,1.8203125,4000,1.32424243,1,0,0.349603382,0.993547492,0
flagship,52000,k_norm,decoder.layers.self_attention.k_layernorm.weight,6,128,1.74694872,2.109375,4000,1.50814232,1,0,0.536226883,0.990275897,0
flagship,52000,k_norm,decoder.layers.self_attention.k_layernorm.weight,7,128,1.64323541,2.078125,4000,1.42663642,1,0,0.493168031,0.978552325,0
flagship,52000,k_norm,decoder.layers.self_attention.k_layernorm.weight,8,128,1.61167038,1.9609375,4000,1.48062108,1,0,0.516281086,0.98799506,0
flagship,52000,k_norm,decoder.layers.self_attention.k_layernorm.weight,9,128,1.56860308,1.90625,4000,1.5002123,1,0,0.548015317,0.983299548,0
flagship,52000,k_norm,decoder.layers.self_attention.k_layernorm.weight,10,128,1.61831187,2.234375,4000,1.56633265,1,0,0.590899967,0.990924631,0
flagship,52000,k_norm,decoder.layers.self_attention.k_layernorm.weight,11,128,1.64543468,2.03125,4000,1.59666005,1,0,0.633925115,0.985639446,0
flagship,52000,k_norm,decoder.layers.self_attention.k_layernorm.weight,12,128,1.57945301,1.953125,4000,1.52358174,1,0,0.540741788,0.994006282,0
flagship,52000,k_norm,decoder.layers.self_attention.k_layernorm.weight,13,128,1.54316638,2.140625,4000,1.50280956,1,0,0.543424861,0.985862104,0
flagship,52000,k_norm,decoder.layers.self_attention.k_layernorm.weight,14,128,1.49397957,1.859375,4000,1.48511414,1,0,0.523811713,0.986855226,0
flagship,52000,k_norm,decoder.layers.self_attention.k_layernorm.weight,15,128,1.6241386,2.0625,4000,1.59239673,1,0,0.612106087,0.992545835,0
flagship,52000,k_norm,decoder.layers.self_attention.k_layernorm.weight,16,128,1.47679908,2.265625,4000,1.46045482,1,0,0.49814662,0.987630083,0
flagship,52000,k_norm,decoder.layers.self_attention.k_layernorm.weight,17,128,1.66040077,1.984375,4000,1.59214464,1,0,0.608452426,0.993851346,0
flagship,52000,k_norm,decoder.layers.self_attention.k_layernorm.weight,18,128,1.63409309,2.078125,4000,1.59921726,1,0,0.658867844,0.976536802,0
flagship,52000,k_norm,decoder.layers.self_attention.k_layernorm.weight,19,128,1.71051865,2.09375,4000,1.62458015,1,0,0.667684349,0.982856485,0
flagship,52000,k_norm,decoder.layers.self_attention.k_layernorm.weight,20,128,1.57570277,2.015625,4000,1.54247121,1,0,0.596763687,0.979950394,0
flagship,52000,k_norm,decoder.layers.self_attention.k_layernorm.weight,21,128,1.58009465,1.9765625,4000,1.52659768,1,0,0.597167088,0.974026089,0
flagship,52000,k_norm,decoder.layers.self_attention.k_layernorm.weight,22,128,1.68719563,2.0625,4000,1.59059501,1,0,0.66042908,0.972537288,0
flagship,52000,k_norm,decoder.layers.self_attention.k_layernorm.weight,23,128,1.62115241,1.9140625,4000,1.54381232,1,0,0.580499878,0.986640777,0
flagship,52000,k_norm,decoder.layers.self_attention.k_layernorm.weight,24,128,1.60625281,2.03125,4000,1.50772451,1,0,0.543222361,0.987628255,0
flagship,52000,k_norm,decoder.layers.self_attention.k_layernorm.weight,25,128,1.57508353,2.046875,4000,1.50393148,1,0,0.612272901,0.959794989,0.0078125
flagship,52000,k_norm,decoder.layers.self_attention.k_layernorm.weight,26,128,1.43816677,1.8515625,4000,1.39454071,1,0,0.5772806,0.93632652,0
flagship,52000,k_norm,decoder.layers.self_attention.k_layernorm.weight,27,128,1.57673026,2.078125,4000,1.48250903,1,0,0.587145551,0.962251516,0.0078125
flagship,52000,k_norm,decoder.layers.self_attention.k_layernorm.weight,28,128,1.41069319,1.8359375,4000,1.36347578,1,0,0.563025323,0.932201631,0
flagship,52000,k_norm,decoder.layers.self_attention.k_layernorm.weight,29,128,1.46452275,1.8125,4000,1.40049073,1,0,0.568497749,0.941878636,0
flagship,52000,k_norm,decoder.layers.self_attention.k_layernorm.weight,30,128,1.48635243,1.8671875,4000,1.42101909,1,0,0.520651473,0.966988172,0
flagship,52000,k_norm,decoder.layers.self_attention.k_layernorm.weight,31,128,1.4035274,1.8203125,4000,1.36968837,1,0,0.518199825,0.95186439,0
flagship,52000,k_norm,decoder.layers.self_attention.k_layernorm.weight,32,128,1.53816255,1.84375,4000,1.49026966,1,0,0.578237011,0.968464202,0
flagship,52000,k_norm,decoder.layers.self_attention.k_layernorm.weight,33,128,1.35707132,1.765625,4000,1.31932501,1,0,0.56478983,0.917753743,0
flagship,52000,k_norm,decoder.layers.self_attention.k_layernorm.weight,34,128,1.44705289,1.9296875,4000,1.39757144,1,0,0.595621728,0.92962714,0
flagship,52000,k_norm,decoder.layers.self_attention.k_layernorm.weight,35,128,1.53641044,1.9609375,4000,1.49314648,1,0,0.605831392,0.958531119,0
flagship,52000,k_norm,decoder.layers.self_attention.k_layernorm.weight,36,128,1.43437938,1.9453125,4000,1.39908382,1,0,0.55836318,0.9454995,0
flagship,52000,k_norm,decoder.layers.self_attention.k_layernorm.weight,37,128,1.29920029,1.8125,4000,1.27269074,1,0,0.370665675,0.975236405,0
flagship,52000,k_norm,decoder.layers.self_attention.k_layernorm.weight,38,128,1.60353533,2.09375,4000,1.55186004,1,0,0.576478484,0.99105011,0
flagship,52000,k_norm,decoder.layers.self_attention.k_layernorm.weight,39,128,1.42383302,1.953125,4000,1.39168367,1,0,0.460958644,0.978778662,0
flagship,52000,k_norm,decoder.layers.self_attention.k_layernorm.weight,40,128,1.34199729,1.8203125,4000,1.31194266,1,0,0.468232735,0.953529347,0
flagship,52000,k_norm,decoder.layers.self_attention.k_layernorm.weight,41,128,1.34675102,1.8125,4000,1.310567,1,0,0.442537562,0.962082202,0
flagship,52000,k_norm,decoder.layers.self_attention.k_layernorm.weight,42,128,1.24122047,1.796875,4000,1.21331884,1,0,0.362833263,0.964501067,0
flagship,52000,k_norm,decoder.layers.self_attention.k_layernorm.weight,43,128,1.29437028,1.8515625,4000,1.26232036,1,0,0.418602686,0.957848955,0
flagship,52000,k_norm,decoder.layers.self_attention.k_layernorm.weight,44,128,1.27217696,1.84375,4000,1.23889143,1,0,0.427282362,0.949349434,0
flagship,52000,k_norm,decoder.layers.self_attention.k_layernorm.weight,45,128,1.31171242,1.8203125,4000,1.25079159,1,0,0.483357352,0.93174806,0
flagship,52000,k_norm,decoder.layers.self_attention.k_layernorm.weight,46,128,1.37918031,1.9453125,4000,1.32560207,1,0,0.522640195,0.936958432,0
flagship,52000,k_norm,decoder.layers.self_attention.k_layernorm.weight,47,128,1.27812161,1.8515625,4000,1.24607539,1,0,0.448572477,0.943557118,0
flagship,52000,k_norm,decoder.layers.self_attention.k_layernorm.weight,48,128,1.46949779,1.8125,4000,1.36290376,1,0,0.500467049,0.956428281,0
flagship,52000,k_norm,decoder.layers.self_attention.k_layernorm.weight,49,128,1.33066047,1.75,4000,1.27755401,1,0,0.469529277,0.943868707,0
flagship,52000,k_norm,decoder.layers.self_attention.k_layernorm.weight,50,128,1.42888112,1.765625,4000,1.3577208,1,0,0.417458631,0.982946592,0
flagship,52000,k_norm,decoder.layers.self_attention.k_layernorm.weight,51,128,1.43081682,1.796875,4000,1.35893694,1,0,0.504730687,0.953670647,0
flagship,52000,k_norm,decoder.layers.self_attention.k_layernorm.weight,52,128,1.48417555,1.9296875,4000,1.41238418,1,0,0.482549792,0.977770357,0
flagship,52000,k_norm,decoder.layers.self_attention.k_layernorm.weight,53,128,1.42900966,1.765625,4000,1.32778896,1,0,0.477244238,0.954692929,0
flagship,52000,k_norm,decoder.layers.self_attention.k_layernorm.weight,54,128,1.36254021,1.796875,4000,1.30589751,1,0,0.50228913,0.939229116,0
flagship,52000,k_norm,decoder.layers.self_attention.k_layernorm.weight,55,128,1.49591035,1.953125,4000,1.37618853,1,0,0.429428776,0.984416646,0
flagship,52000,k_norm,decoder.layers.self_attention.k_layernorm.weight,56,128,1.514639,1.8515625,4000,1.41089299,1,0,0.457174407,0.985762425,0
flagship,52000,k_norm,decoder.layers.self_attention.k_layernorm.weight,57,128,1.48673678,1.8359375,4000,1.38993568,1,0,0.454324371,0.980444852,0
flagship,52000,k_norm,decoder.layers.self_attention.k_layernorm.weight,58,128,1.55795099,1.875,4000,1.4545583,1,0,0.46622971,0.996305788,0
flagship,52000,k_norm,decoder.layers.self_attention.k_layernorm.weight,59,128,1.50185343,1.7578125,4000,1.37368312,1,0,0.391854957,0.99493652,0
flagship,52000,k_norm,decoder.layers.self_attention.k_layernorm.weight,60,128,1.42371878,1.7890625,4000,1.35816839,1,0,0.403830972,0.987190518,0
flagship,52000,k_norm,decoder.layers.self_attention.k_layernorm.weight,61,128,1.42933229,1.921875,4000,1.35472147,1,0,0.375663853,0.994354554,0
flagship,52000,k_norm,decoder.layers.self_attention.k_layernorm.weight,62,128,1.3416158,1.65625,4000,1.28888027,1,0,0.302629121,0.996845103,0
flagship,52000,k_norm,decoder.layers.self_attention.k_layernorm.weight,63,128,1.1825248,1.3828125,4000,1.15583472,1,0,0.172758095,0.997594421,0
flagship,52000,pre_mlp_norm,decoder.layers.mlp.linear_fc1.layer_norm_weight,0,5120,0.534353538,0.71484375,4000,0.545529382,1,0,0.461920019,0.993743178,0
flagship,52000,pre_mlp_norm,decoder.layers.mlp.linear_fc1.layer_norm_weight,1,5120,0.881595997,1.0078125,4000,0.895990781,1,0,0.128529319,0.996818121,0
flagship,52000,pre_mlp_norm,decoder.layers.mlp.linear_fc1.layer_norm_weight,2,5120,0.911341383,1.078125,4000,0.923242809,1,0,0.0961366328,0.998185425,0
flagship,52000,pre_mlp_norm,decoder.layers.mlp.linear_fc1.layer_norm_weight,3,5120,0.873908193,0.9609375,4000,0.892179776,1,0,0.119130431,0.998561468,0
flagship,52000,pre_mlp_norm,decoder.layers.mlp.linear_fc1.layer_norm_weight,4,5120,0.841771701,1.0078125,4000,0.858210548,1,0,0.14927302,0.998730972,0
flagship,52000,pre_mlp_norm,decoder.layers.mlp.linear_fc1.layer_norm_weight,5,5120,0.754170071,1.5,4000,0.772274703,1,0,0.231462297,0.998889007,0
flagship,52000,pre_mlp_norm,decoder.layers.mlp.linear_fc1.layer_norm_weight,6,5120,0.692472512,0.99609375,4000,0.711355927,1,0,0.291486889,0.998840801,0
flagship,52000,pre_mlp_norm,decoder.layers.mlp.linear_fc1.layer_norm_weight,7,5120,0.661151835,0.94921875,4000,0.677270471,1,0,0.325352134,0.998745212,0
flagship,52000,pre_mlp_norm,decoder.layers.mlp.linear_fc1.layer_norm_weight,8,5120,0.664447619,0.8828125,4000,0.67852629,1,0,0.324037576,0.998780442,0
flagship,52000,pre_mlp_norm,decoder.layers.mlp.linear_fc1.layer_norm_weight,9,5120,0.669242281,0.83203125,4000,0.681275887,1,0,0.321229864,0.998823116,0
flagship,52000,pre_mlp_norm,decoder.layers.mlp.linear_fc1.layer_norm_weight,10,5120,0.654636387,0.73828125,4000,0.66459759,1,0,0.337691779,0.998840681,0
flagship,52000,pre_mlp_norm,decoder.layers.mlp.linear_fc1.layer_norm_weight,11,5120,0.649756478,0.7265625,4000,0.657948926,1,0,0.344125152,0.99891847,0
flagship,52000,pre_mlp_norm,decoder.layers.mlp.linear_fc1.layer_norm_weight,12,5120,0.651075254,0.73046875,4000,0.657913029,1,0,0.344062593,0.998969794,0
flagship,52000,pre_mlp_norm,decoder.layers.mlp.linear_fc1.layer_norm_weight,13,5120,0.648511561,0.7265625,4000,0.653946514,1,0,0.347881099,0.999030315,0
flagship,52000,pre_mlp_norm,decoder.layers.mlp.linear_fc1.layer_norm_weight,14,5120,0.632796288,0.703125,4000,0.636932289,1,0,0.364676179,0.999081101,0
flagship,52000,pre_mlp_norm,decoder.layers.mlp.linear_fc1.layer_norm_weight,15,5120,0.6236592,0.69140625,4000,0.626524605,1,0,0.374866933,0.99916895,0
flagship,52000,pre_mlp_norm,decoder.layers.mlp.linear_fc1.layer_norm_weight,16,5120,0.600205194,0.66796875,4000,0.602009806,1,0,0.399111368,0.999257745,0
flagship,52000,pre_mlp_norm,decoder.layers.mlp.linear_fc1.layer_norm_weight,17,5120,0.577611625,0.63671875,4000,0.578333445,1,0,0.422635135,0.99929299,0
flagship,52000,pre_mlp_norm,decoder.layers.mlp.linear_fc1.layer_norm_weight,18,5120,0.569573586,0.6484375,4000,0.569365978,1,0,0.431519965,0.999329237,0
flagship,52000,pre_mlp_norm,decoder.layers.mlp.linear_fc1.layer_norm_weight,19,5120,0.569488727,0.6484375,4000,0.5681371,1,0,0.432702434,0.999361216,0
flagship,52000,pre_mlp_norm,decoder.layers.mlp.linear_fc1.layer_norm_weight,20,5120,0.578973764,0.703125,4000,0.576713181,1,0,0.424090941,0.999409244,0
flagship,52000,pre_mlp_norm,decoder.layers.mlp.linear_fc1.layer_norm_weight,21,5120,0.578387324,0.6796875,4000,0.57505591,1,0,0.425778501,0.999382796,0
flagship,52000,pre_mlp_norm,decoder.layers.mlp.linear_fc1.layer_norm_weight,22,5120,0.576140366,0.640625,4000,0.571889591,1,0,0.429037249,0.999305428,0
flagship,52000,pre_mlp_norm,decoder.layers.mlp.linear_fc1.layer_norm_weight,23,5120,0.581966276,0.640625,4000,0.57667332,1,0,0.42422836,0.999337387,0
flagship,52000,pre_mlp_norm,decoder.layers.mlp.linear_fc1.layer_norm_weight,24,5120,0.594177755,0.65625,4000,0.587795966,1,0,0.413198208,0.999301974,0
flagship,52000,pre_mlp_norm,decoder.layers.mlp.linear_fc1.layer_norm_weight,25,5120,0.618123256,0.66796875,4000,0.610405912,1,0,0.390694553,0.999296631,0
flagship,52000,pre_mlp_norm,decoder.layers.mlp.linear_fc1.layer_norm_weight,26,5120,0.635093003,0.6953125,4000,0.626041587,1,0,0.375140767,0.999292616,0
flagship,52000,pre_mlp_norm,decoder.layers.mlp.linear_fc1.layer_norm_weight,27,5120,0.656499911,0.7109375,4000,0.646021043,1,0,0.355317801,0.999265012,0
flagship,52000,pre_mlp_norm,decoder.layers.mlp.linear_fc1.layer_norm_weight,28,5120,0.675376047,0.734375,4000,0.663483523,1,0,0.337967137,0.999262645,0
flagship,52000,pre_mlp_norm,decoder.layers.mlp.linear_fc1.layer_norm_weight,29,5120,0.692252615,0.7578125,4000,0.678751408,1,0,0.322801503,0.999263241,0
flagship,52000,pre_mlp_norm,decoder.layers.mlp.linear_fc1.layer_norm_weight,30,5120,0.715153215,0.765625,4000,0.700049274,1,0,0.30154196,0.999316396,0
flagship,52000,pre_mlp_norm,decoder.layers.mlp.linear_fc1.layer_norm_weight,31,5120,0.735882758,0.79296875,4000,0.719117701,1,0,0.282660437,0.999303274,0
flagship,52000,pre_mlp_norm,decoder.layers.mlp.linear_fc1.layer_norm_weight,32,5120,0.749952262,0.8046875,4000,0.731593194,1,0,0.270322242,0.999294759,0
flagship,52000,pre_mlp_norm,decoder.layers.mlp.linear_fc1.layer_norm_weight,33,5120,0.767513333,0.828125,4000,0.747344682,1,0,0.254823062,0.999264005,0
flagship,52000,pre_mlp_norm,decoder.layers.mlp.linear_fc1.layer_norm_weight,34,5120,0.788748524,0.84765625,4000,0.7666257,1,0,0.235777008,0.999264809,0
flagship,52000,pre_mlp_norm,decoder.layers.mlp.linear_fc1.layer_norm_weight,35,5120,0.815051047,0.875,4000,0.790861673,1,0,0.211967223,0.999246857,0
flagship,52000,pre_mlp_norm,decoder.layers.mlp.linear_fc1.layer_norm_weight,36,5120,0.841168396,0.91796875,4000,0.814705096,1,0,0.188653154,0.999229285,0
flagship,52000,pre_mlp_norm,decoder.layers.mlp.linear_fc1.layer_norm_weight,37,5120,0.860342019,0.91015625,4000,0.831849228,1,0,0.172173507,0.999177114,0
flagship,52000,pre_mlp_norm,decoder.layers.mlp.linear_fc1.layer_norm_weight,38,5120,0.877083945,0.93359375,4000,0.846525656,1,0,0.158187366,0.999132414,0
flagship,52000,pre_mlp_norm,decoder.layers.mlp.linear_fc1.layer_norm_weight,39,5120,0.890778307,0.9453125,4000,0.858165016,1,0,0.147296312,0.999079989,0
flagship,52000,pre_mlp_norm,decoder.layers.mlp.linear_fc1.layer_norm_weight,40,5120,0.902836297,0.953125,4000,0.868369463,1,0,0.137904907,0.999026241,0
flagship,52000,pre_mlp_norm,decoder.layers.mlp.linear_fc1.layer_norm_weight,41,5120,0.914479924,0.984375,4000,0.877321246,1,0,0.129769854,0.998979771,0
flagship,52000,pre_mlp_norm,decoder.layers.mlp.linear_fc1.layer_norm_weight,42,5120,0.925278925,0.984375,4000,0.887121445,1,0,0.121073346,0.998919433,0
flagship,52000,pre_mlp_norm,decoder.layers.mlp.linear_fc1.layer_norm_weight,43,5120,0.935168813,1.0078125,4000,0.894825138,1,0,0.11417007,0.99889752,0
flagship,52000,pre_mlp_norm,decoder.layers.mlp.linear_fc1.layer_norm_weight,44,5120,0.941737901,1.0234375,4000,0.900105432,1,0,0.110011129,0.998820403,0
flagship,52000,pre_mlp_norm,decoder.layers.mlp.linear_fc1.layer_norm_weight,45,5120,0.948333517,1.03125,4000,0.905829756,1,0,0.105189256,0.998787441,0
flagship,52000,pre_mlp_norm,decoder.layers.mlp.linear_fc1.layer_norm_weight,46,5120,0.955400131,1.046875,4000,0.911521118,1,0,0.100734502,0.99872799,0
flagship,52000,pre_mlp_norm,decoder.layers.mlp.linear_fc1.layer_norm_weight,47,5120,0.961850942,1.078125,4000,0.91728702,1,0,0.0959988656,0.998705778,0
flagship,52000,pre_mlp_norm,decoder.layers.mlp.linear_fc1.layer_norm_weight,48,5120,0.966861897,1.0859375,4000,0.921607372,1,0,0.0931311335,0.998628481,0
flagship,52000,pre_mlp_norm,decoder.layers.mlp.linear_fc1.layer_norm_weight,49,5120,0.976935536,1.09375,4000,0.931036542,1,0,0.0856780746,0.998611884,0
flagship,52000,pre_mlp_norm,decoder.layers.mlp.linear_fc1.layer_norm_weight,50,5120,0.98191834,1.109375,4000,0.93638291,1,0,0.081896433,0.998579699,0
flagship,52000,pre_mlp_norm,decoder.layers.mlp.linear_fc1.layer_norm_weight,51,5120,0.987740488,1.15625,4000,0.942337139,1,0,0.0779770827,0.998537986,0
flagship,52000,pre_mlp_norm,decoder.layers.mlp.linear_fc1.layer_norm_weight,52,5120,0.989893751,1.15625,4000,0.945578279,1,0,0.0755939854,0.998544421,0
flagship,52000,pre_mlp_norm,decoder.layers.mlp.linear_fc1.layer_norm_weight,53,5120,0.995949532,1.203125,4000,0.953213985,1,0,0.0692612741,0.998631896,0
flagship,52000,pre_mlp_norm,decoder.layers.mlp.linear_fc1.layer_norm_weight,54,5120,1.00263925,1.25,4000,0.962174326,1,0,0.0636904983,0.998635539,0
flagship,52000,pre_mlp_norm,decoder.layers.mlp.linear_fc1.layer_norm_weight,55,5120,1.00080317,1.296875,4000,0.963247489,1,0,0.0631939873,0.998628217,0
flagship,52000,pre_mlp_norm,decoder.layers.mlp.linear_fc1.layer_norm_weight,56,5120,1.00148039,1.3828125,4000,0.967033879,1,0,0.0605467263,0.998666468,0
flagship,52000,pre_mlp_norm,decoder.layers.mlp.linear_fc1.layer_norm_weight,57,5120,1.0108098,1.4453125,4000,0.980126518,1,0,0.0554492705,0.998633,0
flagship,52000,pre_mlp_norm,decoder.layers.mlp.linear_fc1.layer_norm_weight,58,5120,1.01315462,1.4921875,4000,0.986869845,1,0,0.0536897304,0.998626878,0
flagship,52000,pre_mlp_norm,decoder.layers.mlp.linear_fc1.layer_norm_weight,59,5120,1.00998503,1.578125,4000,0.988739771,1,0,0.0549349924,0.998538007,0
flagship,52000,pre_mlp_norm,decoder.layers.mlp.linear_fc1.layer_norm_weight,60,5120,1.02308842,1.6640625,4000,1.00739678,1,0,0.0566362031,0.998435102,0
flagship,52000,pre_mlp_norm,decoder.layers.mlp.linear_fc1.layer_norm_weight,61,5120,1.05309864,1.6796875,4000,1.04199747,1,0,0.0688016983,0.998574907,0
flagship,52000,pre_mlp_norm,decoder.layers.mlp.linear_fc1.layer_norm_weight,62,5120,1.09064663,1.5703125,4000,1.08514241,1,0,0.0959788659,0.999095642,0
flagship,52000,pre_mlp_norm,decoder.layers.mlp.linear_fc1.layer_norm_weight,63,5120,1.16803346,1.609375,4000,1.1684056,1,0,0.175759893,0.99891686,0
flagship,52000,q_norm,decoder.layers.self_attention.q_layernorm.weight,0,128,1.20398212,1.7890625,4000,1.24762994,1,0,0.360078396,0.972613729,0
flagship,52000,q_norm,decoder.layers.self_attention.q_layernorm.weight,1,128,1.54759107,1.9765625,4000,1.43297963,1,0,0.449120765,0.995031992,0
flagship,52000,q_norm,decoder.layers.self_attention.q_layernorm.weight,2,128,1.50675591,1.84375,4000,1.33538388,1,0,0.363339992,0.992686149,0
flagship,52000,q_norm,decoder.layers.self_attention.q_layernorm.weight,3,128,1.61406166,1.9296875,4000,1.41085818,1,0,0.432875797,0.993416417,0
flagship,52000,q_norm,decoder.layers.self_attention.q_layernorm.weight,4,128,1.53123474,1.8671875,4000,1.37571443,1,0,0.398887567,0.993476135,0
flagship,52000,q_norm,decoder.layers.self_attention.q_layernorm.weight,5,128,1.49296322,1.7890625,4000,1.32834521,1,0,0.350954596,0.994218914,0
flagship,52000,q_norm,decoder.layers.self_attention.q_layernorm.weight,6,128,1.77255015,2.15625,4000,1.52767771,1,0,0.552973693,0.991053041,0
flagship,52000,q_norm,decoder.layers.self_attention.q_layernorm.weight,7,128,1.67044316,2.078125,4000,1.4490242,1,0,0.504376162,0.981790307,0
flagship,52000,q_norm,decoder.layers.self_attention.q_layernorm.weight,8,128,1.62626336,1.875,4000,1.49315626,1,0,0.523463563,0.989682589,0
flagship,52000,q_norm,decoder.layers.self_attention.q_layernorm.weight,9,128,1.60648822,1.9921875,4000,1.53685326,1,0,0.569369979,0.988297275,0
flagship,52000,q_norm,decoder.layers.self_attention.q_layernorm.weight,10,128,1.6424292,1.984375,4000,1.59028256,1,0,0.603445924,0.995059533,0
flagship,52000,q_norm,decoder.layers.self_attention.q_layernorm.weight,11,128,1.66963452,1.9453125,4000,1.62117811,1,0,0.643458558,0.991309818,0
flagship,52000,q_norm,decoder.layers.self_attention.q_layernorm.weight,12,128,1.60786015,2.3125,4000,1.55115393,1,0,0.568723362,0.993657752,0
flagship,52000,q_norm,decoder.layers.self_attention.q_layernorm.weight,13,128,1.56453995,1.8984375,4000,1.5215149,1,0,0.551896265,0.989283151,0
flagship,52000,q_norm,decoder.layers.self_attention.q_layernorm.weight,14,128,1.51890987,2,4000,1.51130528,1,0,0.538104794,0.990695566,0
flagship,52000,q_norm,decoder.layers.self_attention.q_layernorm.weight,15,128,1.6496145,2.015625,4000,1.61874532,1,0,0.635395973,0.993549862,0
flagship,52000,q_norm,decoder.layers.self_attention.q_layernorm.weight,16,128,1.48838117,1.9921875,4000,1.47325723,1,0,0.491905931,0.993891414,0
flagship,52000,q_norm,decoder.layers.self_attention.q_layernorm.weight,17,128,1.68001245,2.0625,4000,1.61140684,1,0,0.626305926,0.994278046,0
flagship,52000,q_norm,decoder.layers.self_attention.q_layernorm.weight,18,128,1.66119853,2.03125,4000,1.62672349,1,0,0.66609023,0.984356944,0
flagship,52000,q_norm,decoder.layers.self_attention.q_layernorm.weight,19,128,1.73546249,2.0625,4000,1.64901206,1,0,0.677293705,0.988626494,0
flagship,52000,q_norm,decoder.layers.self_attention.q_layernorm.weight,20,128,1.60540809,2.03125,4000,1.57263416,1,0,0.613060016,0.984760374,0
flagship,52000,q_norm,decoder.layers.self_attention.q_layernorm.weight,21,128,1.60741557,2.015625,4000,1.55460503,1,0,0.608620409,0.979791629,0
flagship,52000,q_norm,decoder.layers.self_attention.q_layernorm.weight,22,128,1.71301953,2.125,4000,1.61528849,1,0,0.68163714,0.973364118,0
flagship,52000,q_norm,decoder.layers.self_attention.q_layernorm.weight,23,128,1.63926251,2.03125,4000,1.56125263,1,0,0.583043141,0.992014497,0
flagship,52000,q_norm,decoder.layers.self_attention.q_layernorm.weight,24,128,1.62705955,1.875,4000,1.52419284,1,0,0.544972802,0.992711809,0
flagship,52000,q_norm,decoder.layers.self_attention.q_layernorm.weight,25,128,1.60751188,2.03125,4000,1.53428667,1,0,0.617590493,0.968729513,0
flagship,52000,q_norm,decoder.layers.self_attention.q_layernorm.weight,26,128,1.46250575,1.9140625,4000,1.41980506,1,0,0.583059965,0.94234327,0
flagship,52000,q_norm,decoder.layers.self_attention.q_layernorm.weight,27,128,1.61016015,2.078125,4000,1.51412939,1,0,0.584907959,0.974312531,0
flagship,52000,q_norm,decoder.layers.self_attention.q_layernorm.weight,28,128,1.43493505,1.78125,4000,1.38804965,1,0,0.559021559,0.941672632,0
flagship,52000,q_norm,decoder.layers.self_attention.q_layernorm.weight,29,128,1.49969661,1.8359375,4000,1.43485815,1,0,0.56552785,0.954448413,0
flagship,52000,q_norm,decoder.layers.self_attention.q_layernorm.weight,30,128,1.51058592,1.9375,4000,1.44543575,1,0,0.508381507,0.979231613,0
flagship,52000,q_norm,decoder.layers.self_attention.q_layernorm.weight,31,128,1.42991327,1.765625,4000,1.39659943,1,0,0.514506892,0.961540071,0
flagship,52000,q_norm,decoder.layers.self_attention.q_layernorm.weight,32,128,1.5756596,1.90625,4000,1.52807892,1,0,0.58033424,0.981047945,0
flagship,52000,q_norm,decoder.layers.self_attention.q_layernorm.weight,33,128,1.38392553,1.75,4000,1.34677906,1,0,0.564738884,0.926240949,0
flagship,52000,q_norm,decoder.layers.self_attention.q_layernorm.weight,34,128,1.46957363,1.8515625,4000,1.42093961,1,0,0.575116503,0.945962223,0
flagship,52000,q_norm,decoder.layers.self_attention.q_layernorm.weight,35,128,1.58288719,1.9140625,4000,1.53960037,1,0,0.599146229,0.977978813,0
flagship,52000,q_norm,decoder.layers.self_attention.q_layernorm.weight,36,128,1.46622877,1.890625,4000,1.43138829,1,0,0.543014147,0.96200594,0
flagship,52000,q_norm,decoder.layers.self_attention.q_layernorm.weight,37,128,1.30677807,1.7265625,4000,1.28144166,1,0,0.360438724,0.980214995,0
flagship,52000,q_norm,decoder.layers.self_attention.q_layernorm.weight,38,128,1.63099401,2,4000,1.57992245,1,0,0.595231633,0.994306479,0
flagship,52000,q_norm,decoder.layers.self_attention.q_layernorm.weight,39,128,1.44209153,1.84375,4000,1.41089629,1,0,0.448905322,0.988418629,0
flagship,52000,q_norm,decoder.layers.self_attention.q_layernorm.weight,40,128,1.3635974,1.7421875,4000,1.33346617,1,0,0.460045008,0.962338104,0
flagship,52000,q_norm,decoder.layers.self_attention.q_layernorm.weight,41,128,1.36206195,1.7265625,4000,1.32690026,1,0,0.437507285,0.968140466,0
flagship,52000,q_norm,decoder.layers.self_attention.q_layernorm.weight,42,128,1.24421514,1.671875,4000,1.21760292,1,0,0.35357337,0.968108202,0
flagship,52000,q_norm,decoder.layers.self_attention.q_layernorm.weight,43,128,1.30793951,1.78125,4000,1.27685355,1,0,0.370499171,0.976261276,0
flagship,52000,q_norm,decoder.layers.self_attention.q_layernorm.weight,44,128,1.2814675,1.7109375,4000,1.24909787,1,0,0.421385705,0.953760164,0
flagship,52000,q_norm,decoder.layers.self_attention.q_layernorm.weight,45,128,1.33238701,1.8203125,4000,1.27204193,1,0,0.476311044,0.93991338,0
flagship,52000,q_norm,decoder.layers.self_attention.q_layernorm.weight,46,128,1.39652749,1.78125,4000,1.34277141,1,0,0.497396251,0.951625873,0
flagship,52000,q_norm,decoder.layers.self_attention.q_layernorm.weight,47,128,1.29730249,1.7109375,4000,1.26398625,1,0,0.451072091,0.947081192,0
flagship,52000,q_norm,decoder.layers.self_attention.q_layernorm.weight,48,128,1.49947026,1.7890625,4000,1.39064543,1,0,0.489637835,0.968668734,0
flagship,52000,q_norm,decoder.layers.self_attention.q_layernorm.weight,49,128,1.35485633,1.765625,4000,1.30005607,1,0,0.468084407,0.950360076,0
flagship,52000,q_norm,decoder.layers.self_attention.q_layernorm.weight,50,128,1.43694457,1.734375,4000,1.36523568,1,0,0.407948803,0.987904973,0
flagship,52000,q_norm,decoder.layers.self_attention.q_layernorm.weight,51,128,1.47214393,1.8125,4000,1.39470037,1,0,0.483861143,0.971917545,0
flagship,52000,q_norm,decoder.layers.self_attention.q_layernorm.weight,52,128,1.50684622,1.8125,4000,1.43295368,1,0,0.463553335,0.990427886,0
flagship,52000,q_norm,decoder.layers.self_attention.q_layernorm.weight,53,128,1.44594626,1.7734375,4000,1.34210302,1,0,0.467236636,0.962269815,0
flagship,52000,q_norm,decoder.layers.self_attention.q_layernorm.weight,54,128,1.37601868,1.6875,4000,1.31758486,1,0,0.488025803,0.947893663,0
flagship,52000,q_norm,decoder.layers.self_attention.q_layernorm.weight,55,128,1.51679008,1.9453125,4000,1.38933146,1,0,0.419407209,0.991246359,0
flagship,52000,q_norm,decoder.layers.self_attention.q_layernorm.weight,56,128,1.53649665,1.8203125,4000,1.42732716,1,0,0.454373245,0.991646435,0
flagship,52000,q_norm,decoder.layers.self_attention.q_layernorm.weight,57,128,1.49948809,1.9140625,4000,1.39971254,1,0,0.457509974,0.98230163,0
flagship,52000,q_norm,decoder.layers.self_attention.q_layernorm.weight,58,128,1.58205129,1.796875,4000,1.4716672,1,0,0.48123811,0.996901417,0
flagship,52000,q_norm,decoder.layers.self_attention.q_layernorm.weight,59,128,1.51721957,1.8828125,4000,1.38204638,1,0,0.398777015,0.995273796,0
flagship,52000,q_norm,decoder.layers.self_attention.q_layernorm.weight,60,128,1.45321003,1.75,4000,1.38528724,1,0,0.404688353,0.994468149,0
flagship,52000,q_norm,decoder.layers.self_attention.q_layernorm.weight,61,128,1.45188182,1.8828125,4000,1.3737436,1,0,0.391070024,0.995176869,0
flagship,52000,q_norm,decoder.layers.self_attention.q_layernorm.weight,62,128,1.35621223,1.7421875,4000,1.30109367,1,0,0.31532022,0.996629972,0
flagship,52000,q_norm,decoder.layers.self_attention.q_layernorm.weight,63,128,1.1850171,1.4296875,4000,1.15879977,1,0,0.177120716,0.997344501,0
flagship,56000,attention_input_norm,decoder.layers.self_attention.linear_qkv.layer_norm_weight,0,5120,0.0729313632,0.68359375,4000,0.0739016751,1,0,0.933167611,0.911073173,0
flagship,56000,attention_input_norm,decoder.layers.self_attention.linear_qkv.layer_norm_weight,1,5120,0.380819433,0.79296875,4000,0.384645156,1,0,0.616946453,0.997450453,0
flagship,56000,attention_input_norm,decoder.layers.self_attention.linear_qkv.layer_norm_weight,2,5120,0.60488356,0.73046875,4000,0.60427858,1,0,0.398427221,0.998222005,0
flagship,56000,attention_input_norm,decoder.layers.self_attention.linear_qkv.layer_norm_weight,3,5120,0.731010055,1.015625,4000,0.726783113,1,0,0.276692623,0.998685068,0
flagship,56000,attention_input_norm,decoder.layers.self_attention.linear_qkv.layer_norm_weight,4,5120,0.753855391,0.94921875,4000,0.753830703,1,0,0.2503777,0.998613966,0
flagship,56000,attention_input_norm,decoder.layers.self_attention.linear_qkv.layer_norm_weight,5,5120,0.858756908,1.078125,4000,0.855299096,1,0,0.152071096,0.998721343,0
flagship,56000,attention_input_norm,decoder.layers.self_attention.linear_qkv.layer_norm_weight,6,5120,0.930726162,1.140625,4000,0.925241166,1,0,0.0897418791,0.998668065,0
flagship,56000,attention_input_norm,decoder.layers.self_attention.linear_qkv.layer_norm_weight,7,5120,1.09697906,1.2421875,4000,1.08408303,1,0,0.0963811932,0.99897638,0
flagship,56000,attention_input_norm,decoder.layers.self_attention.linear_qkv.layer_norm_weight,8,5120,1.03639151,1.3203125,4000,1.04637252,1,0,0.0728840851,0.998489219,0
flagship,56000,attention_input_norm,decoder.layers.self_attention.linear_qkv.layer_norm_weight,9,5120,0.968623026,1.296875,4000,0.982707172,1,0,0.0558194718,0.998566831,0
flagship,56000,attention_input_norm,decoder.layers.self_attention.linear_qkv.layer_norm_weight,10,5120,0.986588973,1.3984375,4000,1.00212734,1,0,0.05058884,0.998725359,0
flagship,56000,attention_input_norm,decoder.layers.self_attention.linear_qkv.layer_norm_weight,11,5120,1.04704253,1.375,4000,1.06395788,1,0,0.0849372864,0.998532022,0
flagship,56000,attention_input_norm,decoder.layers.self_attention.linear_qkv.layer_norm_weight,12,5120,0.990459947,1.390625,4000,1.00642686,1,0,0.0452224958,0.999004513,0
flagship,56000,attention_input_norm,decoder.layers.self_attention.linear_qkv.layer_norm_weight,13,5120,1.0321395,1.3046875,4000,1.04895555,1,0,0.0694058352,0.998846222,0
flagship,56000,attention_input_norm,decoder.layers.self_attention.linear_qkv.layer_norm_weight,14,5120,0.998414573,1.171875,4000,1.01593867,1,0,0.0496822099,0.998910229,0
flagship,56000,attention_input_norm,decoder.layers.self_attention.linear_qkv.layer_norm_weight,15,5120,1.11743761,1.3125,4000,1.13668154,1,0,0.145208673,0.998942661,0
flagship,56000,attention_input_norm,decoder.layers.self_attention.linear_qkv.layer_norm_weight,16,5120,1.12408251,1.2890625,4000,1.1437175,1,0,0.149907693,0.9992054,0
flagship,56000,attention_input_norm,decoder.layers.self_attention.linear_qkv.layer_norm_weight,17,5120,1.25679619,1.4921875,4000,1.2771873,1,0,0.280354375,0.999308724,0
flagship,56000,attention_input_norm,decoder.layers.self_attention.linear_qkv.layer_norm_weight,18,5120,1.21604731,1.4296875,4000,1.23738715,1,0,0.242428923,0.999022486,0
flagship,56000,attention_input_norm,decoder.layers.self_attention.linear_qkv.layer_norm_weight,19,5120,1.32703617,1.5390625,4000,1.34578459,1,0,0.348595282,0.999274888,0
flagship,56000,attention_input_norm,decoder.layers.self_attention.linear_qkv.layer_norm_weight,20,5120,1.1984003,1.4140625,4000,1.21952962,1,0,0.223501766,0.999278498,0
flagship,56000,attention_input_norm,decoder.layers.self_attention.linear_qkv.layer_norm_weight,21,5120,1.19184002,1.53125,4000,1.2120701,1,0,0.215460947,0.999401977,0
flagship,56000,attention_input_norm,decoder.layers.self_attention.linear_qkv.layer_norm_weight,22,5120,1.44196647,1.609375,4000,1.45850362,1,0,0.460386093,0.999407001,0
flagship,56000,attention_input_norm,decoder.layers.self_attention.linear_qkv.layer_norm_weight,23,5120,1.43687447,1.6953125,4000,1.45877717,1,0,0.460452457,0.999472171,0
flagship,56000,attention_input_norm,decoder.layers.self_attention.linear_qkv.layer_norm_weight,24,5120,1.40083913,1.6796875,4000,1.41464782,1,0,0.416451868,0.999470064,0
flagship,56000,attention_input_norm,decoder.layers.self_attention.linear_qkv.layer_norm_weight,25,5120,1.31717574,1.46875,4000,1.33653857,1,0,0.339507337,0.99924917,0
flagship,56000,attention_input_norm,decoder.layers.self_attention.linear_qkv.layer_norm_weight,26,5120,1.25884178,1.5546875,4000,1.2807936,1,0,0.284703663,0.999136812,0
flagship,56000,attention_input_norm,decoder.layers.self_attention.linear_qkv.layer_norm_weight,27,5120,1.50892721,1.890625,4000,1.521666,1,0,0.524188247,0.999133217,0
flagship,56000,attention_input_norm,decoder.layers.self_attention.linear_qkv.layer_norm_weight,28,5120,1.37933365,1.671875,4000,1.40275592,1,0,0.407234051,0.998707103,0
flagship,56000,attention_input_norm,decoder.layers.self_attention.linear_qkv.layer_norm_weight,29,5120,1.41084093,1.703125,4000,1.43225864,1,0,0.435753403,0.998941008,0
flagship,56000,attention_input_norm,decoder.layers.self_attention.linear_qkv.layer_norm_weight,30,5120,1.5748958,1.796875,4000,1.59979681,1,0,0.602682108,0.998915639,0
flagship,56000,attention_input_norm,decoder.layers.self_attention.linear_qkv.layer_norm_weight,31,5120,1.2289384,1.421875,4000,1.25161414,1,0,0.257086614,0.998887894,0
flagship,56000,attention_input_norm,decoder.layers.self_attention.linear_qkv.layer_norm_weight,32,5120,1.35769601,1.5390625,4000,1.38183346,1,0,0.385647056,0.998940949,0
flagship,56000,attention_input_norm,decoder.layers.self_attention.linear_qkv.layer_norm_weight,33,5120,1.3562212,1.5859375,4000,1.38101947,1,0,0.386802353,0.998392409,0
flagship,56000,attention_input_norm,decoder.layers.self_attention.linear_qkv.layer_norm_weight,34,5120,1.54906916,1.7890625,4000,1.57569735,1,0,0.579888253,0.998463234,0
flagship,56000,attention_input_norm,decoder.layers.self_attention.linear_qkv.layer_norm_weight,35,5120,1.43421343,1.6875,4000,1.4602228,1,0,0.464138101,0.998760752,0
flagship,56000,attention_input_norm,decoder.layers.self_attention.linear_qkv.layer_norm_weight,36,5120,1.23576868,1.4140625,4000,1.25854644,1,0,0.265609701,0.998529155,0
flagship,56000,attention_input_norm,decoder.layers.self_attention.linear_qkv.layer_norm_weight,37,5120,0.89013758,1.046875,4000,0.906886805,1,0,0.105371389,0.998658563,0
flagship,56000,attention_input_norm,decoder.layers.self_attention.linear_qkv.layer_norm_weight,38,5120,1.16156664,1.328125,4000,1.18280617,1,0,0.18847292,0.999110612,0
flagship,56000,attention_input_norm,decoder.layers.self_attention.linear_qkv.layer_norm_weight,39,5120,0.954238814,1.1015625,4000,0.972038603,1,0,0.0569321132,0.998734914,0
flagship,56000,attention_input_norm,decoder.layers.self_attention.linear_qkv.layer_norm_weight,40,5120,1.06219922,1.25,4000,1.08157811,1,0,0.0985071895,0.998590634,0
flagship,56000,attention_input_norm,decoder.layers.self_attention.linear_qkv.layer_norm_weight,41,5120,1.00488834,1.1953125,4000,1.02326413,1,0,0.0596775504,0.998524237,0
flagship,56000,attention_input_norm,decoder.layers.self_attention.linear_qkv.layer_norm_weight,42,5120,0.917721077,1.109375,4000,0.934395153,1,0,0.0864726087,0.998301834,0
flagship,56000,attention_input_norm,decoder.layers.self_attention.linear_qkv.layer_norm_weight,43,5120,0.960889431,1.125,4000,0.977860263,1,0,0.0601646681,0.998399761,0
flagship,56000,attention_input_norm,decoder.layers.self_attention.linear_qkv.layer_norm_weight,44,5120,1.02960168,1.234375,4000,1.04747071,1,0,0.0759361722,0.998323182,0
flagship,56000,attention_input_norm,decoder.layers.self_attention.linear_qkv.layer_norm_weight,45,5120,1.13666433,1.3359375,4000,1.15342992,1,0,0.16407114,0.998535412,0
flagship,56000,attention_input_norm,decoder.layers.self_attention.linear_qkv.layer_norm_weight,46,5120,1.20233848,1.359375,4000,1.21613003,1,0,0.223511356,0.998665794,0
flagship,56000,attention_input_norm,decoder.layers.self_attention.linear_qkv.layer_norm_weight,47,5120,1.05018908,1.21875,4000,1.06568238,1,0,0.0855635326,0.998589194,0
flagship,56000,attention_input_norm,decoder.layers.self_attention.linear_qkv.layer_norm_weight,48,5120,1.33055743,1.5234375,4000,1.34245442,1,0,0.347943146,0.998588629,0
flagship,56000,attention_input_norm,decoder.layers.self_attention.linear_qkv.layer_norm_weight,49,5120,1.2706547,1.4765625,4000,1.27547928,1,0,0.28214344,0.998543258,0
flagship,56000,attention_input_norm,decoder.layers.self_attention.linear_qkv.layer_norm_weight,50,5120,1.19819834,1.390625,4000,1.21285682,1,0,0.220456825,0.998642385,0
flagship,56000,attention_input_norm,decoder.layers.self_attention.linear_qkv.layer_norm_weight,51,5120,1.3356345,1.5234375,4000,1.35138712,1,0,0.359025113,0.997992387,0
flagship,56000,attention_input_norm,decoder.layers.self_attention.linear_qkv.layer_norm_weight,52,5120,1.28763455,1.4453125,4000,1.3032797,1,0,0.309553761,0.998524894,0
flagship,56000,attention_input_norm,decoder.layers.self_attention.linear_qkv.layer_norm_weight,53,5120,1.45591649,1.640625,4000,1.465068,1,0,0.472061915,0.997763174,0
flagship,56000,attention_input_norm,decoder.layers.self_attention.linear_qkv.layer_norm_weight,54,5120,1.33604756,1.546875,4000,1.34844189,1,0,0.357256237,0.997693535,0
flagship,56000,attention_input_norm,decoder.layers.self_attention.linear_qkv.layer_norm_weight,55,5120,1.41184519,1.6328125,4000,1.41604326,1,0,0.422029132,0.998228657,0
flagship,56000,attention_input_norm,decoder.layers.self_attention.linear_qkv.layer_norm_weight,56,5120,1.45120573,1.65625,4000,1.46164478,1,0,0.468326654,0.997874329,0
flagship,56000,attention_input_norm,decoder.layers.self_attention.linear_qkv.layer_norm_weight,57,5120,1.36423086,1.59375,4000,1.36638654,1,0,0.375912377,0.997412512,0
flagship,56000,attention_input_norm,decoder.layers.self_attention.linear_qkv.layer_norm_weight,58,5120,1.41412978,1.640625,4000,1.4184757,1,0,0.425593406,0.997882292,0
flagship,56000,attention_input_norm,decoder.layers.self_attention.linear_qkv.layer_norm_weight,59,5120,1.27790542,1.4921875,4000,1.27910737,1,0,0.290104233,0.997553159,0
flagship,56000,attention_input_norm,decoder.layers.self_attention.linear_qkv.layer_norm_weight,60,5120,1.14961569,1.34375,4000,1.15544827,1,0,0.169759879,0.997985955,0
flagship,56000,attention_input_norm,decoder.layers.self_attention.linear_qkv.layer_norm_weight,61,5120,1.12081084,1.34375,4000,1.12281817,1,0,0.138494239,0.998175862,0
flagship,56000,attention_input_norm,decoder.layers.self_attention.linear_qkv.layer_norm_weight,62,5120,1.02891899,1.1796875,4000,1.03353804,1,0,0.0513583993,0.999268104,0
flagship,56000,attention_input_norm,decoder.layers.self_attention.linear_qkv.layer_norm_weight,63,5120,0.977292068,1.125,4000,0.981223086,1,0,0.0372131781,0.999473999,0
flagship,56000,final_norm,decoder.final_layernorm.weight,-1,5120,1.68909826,6.03125,4000,1.52589416,1,0,0.550862686,0.991190404,0
flagship,56000,k_norm,decoder.layers.self_attention.k_layernorm.weight,0,128,1.22202708,2.34375,4000,1.26552283,1,0,0.39665453,0.965693055,0
flagship,56000,k_norm,decoder.layers.self_attention.k_layernorm.weight,1,128,1.54497882,1.8828125,4000,1.4309584,1,0,0.446309996,0.995294248,0
flagship,56000,k_norm,decoder.layers.self_attention.k_layernorm.weight,2,128,1.50280952,2.0625,4000,1.33509799,1,0,0.370978986,0.990512029,0
flagship,56000,k_norm,decoder.layers.self_attention.k_layernorm.weight,3,128,1.60488881,2.046875,4000,1.40492086,1,0,0.43733226,0.990284649,0
flagship,56000,k_norm,decoder.layers.self_attention.k_layernorm.weight,4,128,1.5232322,1.8671875,4000,1.37101425,1,0,0.404095329,0.990648722,0
flagship,56000,k_norm,decoder.layers.self_attention.k_layernorm.weight,5,128,1.4903694,1.8359375,4000,1.32774757,1,0,0.354379333,0.993159,0
flagship,56000,k_norm,decoder.layers.self_attention.k_layernorm.weight,6,128,1.7549146,2.125,4000,1.51501927,1,0,0.543619533,0.990007602,0
flagship,56000,k_norm,decoder.layers.self_attention.k_layernorm.weight,7,128,1.64786073,2.078125,4000,1.43065207,1,0,0.497283455,0.978391101,0
flagship,56000,k_norm,decoder.layers.self_attention.k_layernorm.weight,8,128,1.61750254,1.984375,4000,1.48597901,1,0,0.522146025,0.987731703,0
flagship,56000,k_norm,decoder.layers.self_attention.k_layernorm.weight,9,128,1.57603113,1.921875,4000,1.50731649,1,0,0.556125925,0.982781976,0
flagship,56000,k_norm,decoder.layers.self_attention.k_layernorm.weight,10,128,1.62617436,2.21875,4000,1.5739426,1,0,0.599421799,0.990502708,0
flagship,56000,k_norm,decoder.layers.self_attention.k_layernorm.weight,11,128,1.65561172,2.0625,4000,1.60653542,1,0,0.644810602,0.985093544,0
flagship,56000,k_norm,decoder.layers.self_attention.k_layernorm.weight,12,128,1.58939878,1.9765625,4000,1.53317569,1,0,0.551249346,0.993608195,0
flagship,56000,k_norm,decoder.layers.self_attention.k_layernorm.weight,13,128,1.55229052,2.1875,4000,1.51169508,1,0,0.553382494,0.985314391,0
flagship,56000,k_norm,decoder.layers.self_attention.k_layernorm.weight,14,128,1.50570663,1.875,4000,1.49677161,1,0,0.536563141,0.986264445,0
flagship,56000,k_norm,decoder.layers.self_attention.k_layernorm.weight,15,128,1.63588164,2.109375,4000,1.60391027,1,0,0.624510051,0.992111406,0
flagship,56000,k_norm,decoder.layers.self_attention.k_layernorm.weight,16,128,1.48910148,2.328125,4000,1.47262107,1,0,0.5121859,0.986770622,0
flagship,56000,k_norm,decoder.layers.self_attention.k_layernorm.weight,17,128,1.67028173,2,4000,1.60161941,1,0,0.618367181,0.993621436,0
flagship,56000,k_norm,decoder.layers.self_attention.k_layernorm.weight,18,128,1.64232922,2.09375,4000,1.60727761,1,0,0.667046183,0.976306363,0
flagship,56000,k_norm,decoder.layers.self_attention.k_layernorm.weight,19,128,1.71930271,2.109375,4000,1.63292289,1,0,0.676404852,0.982567414,0
flagship,56000,k_norm,decoder.layers.self_attention.k_layernorm.weight,20,128,1.5855607,2.046875,4000,1.55212124,1,0,0.606499208,0.979704092,0
flagship,56000,k_norm,decoder.layers.self_attention.k_layernorm.weight,21,128,1.59021815,1.9921875,4000,1.53637843,1,0,0.606748679,0.973820855,0
flagship,56000,k_norm,decoder.layers.self_attention.k_layernorm.weight,22,128,1.69543054,2.0625,4000,1.59835843,1,0,0.667955276,0.972430639,0
flagship,56000,k_norm,decoder.layers.self_attention.k_layernorm.weight,23,128,1.62943987,1.921875,4000,1.55170441,1,0,0.58907407,0.986263332,0
flagship,56000,k_norm,decoder.layers.self_attention.k_layernorm.weight,24,128,1.61717021,2.078125,4000,1.51797223,1,0,0.554238924,0.987191609,0
flagship,56000,k_norm,decoder.layers.self_attention.k_layernorm.weight,25,128,1.58268694,2.0625,4000,1.51119142,1,0,0.620621102,0.959021113,0.0078125
flagship,56000,k_norm,decoder.layers.self_attention.k_layernorm.weight,26,128,1.44524813,1.8671875,4000,1.40140726,1,0,0.583564369,0.935985921,0
flagship,56000,k_norm,decoder.layers.self_attention.k_layernorm.weight,27,128,1.58320245,2.078125,4000,1.48859446,1,0,0.59379664,0.961752543,0
flagship,56000,k_norm,decoder.layers.self_attention.k_layernorm.weight,28,128,1.41671171,1.8515625,4000,1.36929285,1,0,0.568428847,0.931813658,0
flagship,56000,k_norm,decoder.layers.self_attention.k_layernorm.weight,29,128,1.46823728,1.8203125,4000,1.40404285,1,0,0.573547051,0.940989837,0
flagship,56000,k_norm,decoder.layers.self_attention.k_layernorm.weight,30,128,1.49279277,1.8828125,4000,1.42717634,1,0,0.526972457,0.966640302,0
flagship,56000,k_norm,decoder.layers.self_attention.k_layernorm.weight,31,128,1.41395162,1.828125,4000,1.37986126,1,0,0.529311912,0.950764428,0
flagship,56000,k_norm,decoder.layers.self_attention.k_layernorm.weight,32,128,1.5481505,1.8671875,4000,1.49994663,1,0,0.58768226,0.968190934,0
flagship,56000,k_norm,decoder.layers.self_attention.k_layernorm.weight,33,128,1.36590369,1.7734375,4000,1.32791171,1,0,0.57371086,0.916553917,0
flagship,56000,k_norm,decoder.layers.self_attention.k_layernorm.weight,34,128,1.4566963,1.9296875,4000,1.4068851,1,0,0.605809848,0.928405635,0
flagship,56000,k_norm,decoder.layers.self_attention.k_layernorm.weight,35,128,1.5460149,1.96875,4000,1.50248048,1,0,0.616229881,0.957652484,0
flagship,56000,k_norm,decoder.layers.self_attention.k_layernorm.weight,36,128,1.44737721,1.9609375,4000,1.41176182,1,0,0.571639039,0.944316599,0
flagship,56000,k_norm,decoder.layers.self_attention.k_layernorm.weight,37,128,1.31381097,1.84375,4000,1.2870033,1,0,0.387852138,0.973559358,0
flagship,56000,k_norm,decoder.layers.self_attention.k_layernorm.weight,38,128,1.61304795,2.078125,4000,1.5610661,1,0,0.585957669,0.990855219,0
flagship,56000,k_norm,decoder.layers.self_attention.k_layernorm.weight,39,128,1.43741861,1.9765625,4000,1.4049625,1,0,0.476433019,0.977581681,0
flagship,56000,k_norm,decoder.layers.self_attention.k_layernorm.weight,40,128,1.35539396,1.8359375,4000,1.32503931,1,0,0.482854065,0.951889166,0
flagship,56000,k_norm,decoder.layers.self_attention.k_layernorm.weight,41,128,1.35998452,1.8359375,4000,1.32344495,1,0,0.458837313,0.959985097,0
flagship,56000,k_norm,decoder.layers.self_attention.k_layernorm.weight,42,128,1.25222412,1.8203125,4000,1.22407514,1,0,0.376700885,0.962545646,0
flagship,56000,k_norm,decoder.layers.self_attention.k_layernorm.weight,43,128,1.30662647,1.875,4000,1.27427307,1,0,0.43491558,0.955297711,0
flagship,56000,k_norm,decoder.layers.self_attention.k_layernorm.weight,44,128,1.28257349,1.8671875,4000,1.24901594,1,0,0.441375673,0.946836729,0
flagship,56000,k_norm,decoder.layers.self_attention.k_layernorm.weight,45,128,1.32067219,1.84375,4000,1.25933523,1,0,0.492356914,0.930455148,0
flagship,56000,k_norm,decoder.layers.self_attention.k_layernorm.weight,46,128,1.39045497,1.96875,4000,1.33643874,1,0,0.534400989,0.935502693,0
flagship,56000,k_norm,decoder.layers.self_attention.k_layernorm.weight,47,128,1.28695744,1.859375,4000,1.25468968,1,0,0.457712713,0.942362603,0
flagship,56000,k_norm,decoder.layers.self_attention.k_layernorm.weight,48,128,1.47831717,1.8203125,4000,1.37108341,1,0,0.50820339,0.95603193,0
flagship,56000,k_norm,decoder.layers.self_attention.k_layernorm.weight,49,128,1.34002325,1.7734375,4000,1.28654312,1,0,0.478271508,0.943011364,0
flagship,56000,k_norm,decoder.layers.self_attention.k_layernorm.weight,50,128,1.44007799,1.7890625,4000,1.36836005,1,0,0.429339574,0.98222568,0
flagship,56000,k_norm,decoder.layers.self_attention.k_layernorm.weight,51,128,1.43930918,1.8203125,4000,1.36700267,1,0,0.513468166,0.952831621,0
flagship,56000,k_norm,decoder.layers.self_attention.k_layernorm.weight,52,128,1.49652081,1.9375,4000,1.42413228,1,0,0.494751429,0.977217431,0
flagship,56000,k_norm,decoder.layers.self_attention.k_layernorm.weight,53,128,1.43942581,1.78125,4000,1.33746731,1,0,0.486384055,0.954135228,0
flagship,56000,k_norm,decoder.layers.self_attention.k_layernorm.weight,54,128,1.37068042,1.828125,4000,1.31369932,1,0,0.512999805,0.937290999,0
flagship,56000,k_norm,decoder.layers.self_attention.k_layernorm.weight,55,128,1.50603967,1.96875,4000,1.38550717,1,0,0.439908312,0.983795268,0
flagship,56000,k_norm,decoder.layers.self_attention.k_layernorm.weight,56,128,1.52608775,1.8671875,4000,1.42155755,1,0,0.468212424,0.985399078,0
flagship,56000,k_norm,decoder.layers.self_attention.k_layernorm.weight,57,128,1.49686684,1.8515625,4000,1.39940618,1,0,0.464034212,0.980062093,0
flagship,56000,k_norm,decoder.layers.self_attention.k_layernorm.weight,58,128,1.56884515,1.890625,4000,1.46472947,1,0,0.476966859,0.996066202,0
flagship,56000,k_norm,decoder.layers.self_attention.k_layernorm.weight,59,128,1.50819716,1.7734375,4000,1.37948547,1,0,0.398811041,0.994548319,0
flagship,56000,k_norm,decoder.layers.self_attention.k_layernorm.weight,60,128,1.4296491,1.7890625,4000,1.36382566,1,0,0.411296355,0.98651016,0
flagship,56000,k_norm,decoder.layers.self_attention.k_layernorm.weight,61,128,1.43562697,1.9296875,4000,1.36068756,1,0,0.382000435,0.994183522,0
flagship,56000,k_norm,decoder.layers.self_attention.k_layernorm.weight,62,128,1.34927669,1.6640625,4000,1.29624003,1,0,0.310032136,0.996774607,0
flagship,56000,k_norm,decoder.layers.self_attention.k_layernorm.weight,63,128,1.18493682,1.390625,4000,1.1581923,1,0,0.176144378,0.997408875,0
flagship,56000,pre_mlp_norm,decoder.layers.mlp.linear_fc1.layer_norm_weight,0,5120,0.520664154,0.69921875,4000,0.531553688,1,0,0.475568687,0.993675494,0
flagship,56000,pre_mlp_norm,decoder.layers.mlp.linear_fc1.layer_norm_weight,1,5120,0.869224492,0.99609375,4000,0.883417272,1,0,0.138523603,0.996832043,0
flagship,56000,pre_mlp_norm,decoder.layers.mlp.linear_fc1.layer_norm_weight,2,5120,0.906795999,1.09375,4000,0.918638066,1,0,0.099721302,0.998190488,0
flagship,56000,pre_mlp_norm,decoder.layers.mlp.linear_fc1.layer_norm_weight,3,5120,0.872901577,0.9609375,4000,0.891152114,1,0,0.120021203,0.998565213,0
flagship,56000,pre_mlp_norm,decoder.layers.mlp.linear_fc1.layer_norm_weight,4,5120,0.843029204,1.0234375,4000,0.859492609,1,0,0.14808182,0.998728379,0
flagship,56000,pre_mlp_norm,decoder.layers.mlp.linear_fc1.layer_norm_weight,5,5120,0.756656849,1.5859375,4000,0.774821179,1,0,0.229081175,0.99885607,0
flagship,56000,pre_mlp_norm,decoder.layers.mlp.linear_fc1.layer_norm_weight,6,5120,0.696804254,1.0078125,4000,0.715805794,1,0,0.287134037,0.998826771,0
flagship,56000,pre_mlp_norm,decoder.layers.mlp.linear_fc1.layer_norm_weight,7,5120,0.664554968,0.9609375,4000,0.680756571,1,0,0.321973501,0.998714247,0
flagship,56000,pre_mlp_norm,decoder.layers.mlp.linear_fc1.layer_norm_weight,8,5120,0.666559508,0.890625,4000,0.680682927,1,0,0.321969487,0.998750551,0
flagship,56000,pre_mlp_norm,decoder.layers.mlp.linear_fc1.layer_norm_weight,9,5120,0.66974503,0.859375,4000,0.681787675,1,0,0.320782948,0.998795361,0
flagship,56000,pre_mlp_norm,decoder.layers.mlp.linear_fc1.layer_norm_weight,10,5120,0.653877553,0.75390625,4000,0.66382721,1,0,0.338505098,0.998814785,0
flagship,56000,pre_mlp_norm,decoder.layers.mlp.linear_fc1.layer_norm_weight,11,5120,0.647617107,0.73046875,4000,0.655782581,1,0,0.346334927,0.998885111,0
flagship,56000,pre_mlp_norm,decoder.layers.mlp.linear_fc1.layer_norm_weight,12,5120,0.647566457,0.7265625,4000,0.654367382,1,0,0.347634895,0.998939347,0
flagship,56000,pre_mlp_norm,decoder.layers.mlp.linear_fc1.layer_norm_weight,13,5120,0.643839336,0.72265625,4000,0.649235133,1,0,0.352609107,0.999000986,0
flagship,56000,pre_mlp_norm,decoder.layers.mlp.linear_fc1.layer_norm_weight,14,5120,0.627349753,0.69921875,4000,0.631450155,1,0,0.370158508,0.999059045,0
flagship,56000,pre_mlp_norm,decoder.layers.mlp.linear_fc1.layer_norm_weight,15,5120,0.61741033,0.6875,4000,0.620247025,1,0,0.381132863,0.999153614,0
flagship,56000,pre_mlp_norm,decoder.layers.mlp.linear_fc1.layer_norm_weight,16,5120,0.593466699,0.66015625,4000,0.595251051,1,0,0.405851369,0.999249374,0
flagship,56000,pre_mlp_norm,decoder.layers.mlp.linear_fc1.layer_norm_weight,17,5120,0.571008145,0.6328125,4000,0.571721713,1,0,0.429230455,0.999285935,0
flagship,56000,pre_mlp_norm,decoder.layers.mlp.linear_fc1.layer_norm_weight,18,5120,0.561781184,0.64453125,4000,0.561576416,1,0,0.439288151,0.999324366,0
flagship,56000,pre_mlp_norm,decoder.layers.mlp.linear_fc1.layer_norm_weight,19,5120,0.561600746,0.6484375,4000,0.560267841,1,0,0.440561482,0.999348482,0
flagship,56000,pre_mlp_norm,decoder.layers.mlp.linear_fc1.layer_norm_weight,20,5120,0.57033754,0.70703125,4000,0.568110677,1,0,0.432680464,0.999398009,0
flagship,56000,pre_mlp_norm,decoder.layers.mlp.linear_fc1.layer_norm_weight,21,5120,0.56923191,0.6875,4000,0.56595323,1,0,0.434865874,0.99937121,0
flagship,56000,pre_mlp_norm,decoder.layers.mlp.linear_fc1.layer_norm_weight,22,5120,0.567366962,0.625,4000,0.563180917,1,0,0.437732406,0.999290862,0
flagship,56000,pre_mlp_norm,decoder.layers.mlp.linear_fc1.layer_norm_weight,23,5120,0.573536543,0.63671875,4000,0.568320255,1,0,0.432575228,0.999319112,0
flagship,56000,pre_mlp_norm,decoder.layers.mlp.linear_fc1.layer_norm_weight,24,5120,0.585899061,0.6484375,4000,0.57960619,1,0,0.421378432,0.999285007,0
flagship,56000,pre_mlp_norm,decoder.layers.mlp.linear_fc1.layer_norm_weight,25,5120,0.610831667,0.66015625,4000,0.60320536,1,0,0.397889723,0.999278649,0
flagship,56000,pre_mlp_norm,decoder.layers.mlp.linear_fc1.layer_norm_weight,26,5120,0.629174514,0.6875,4000,0.620207449,1,0,0.380968112,0.999279013,0
flagship,56000,pre_mlp_norm,decoder.layers.mlp.linear_fc1.layer_norm_weight,27,5120,0.650726234,0.7109375,4000,0.640339524,1,0,0.360984164,0.999255156,0
flagship,56000,pre_mlp_norm,decoder.layers.mlp.linear_fc1.layer_norm_weight,28,5120,0.670737789,0.7265625,4000,0.658926939,1,0,0.342522761,0.999248014,0
flagship,56000,pre_mlp_norm,decoder.layers.mlp.linear_fc1.layer_norm_weight,29,5120,0.688087731,0.75390625,4000,0.674667753,1,0,0.32687831,0.9992527,0
flagship,56000,pre_mlp_norm,decoder.layers.mlp.linear_fc1.layer_norm_weight,30,5120,0.711131268,0.7734375,4000,0.69611227,1,0,0.305470725,0.999307145,0
flagship,56000,pre_mlp_norm,decoder.layers.mlp.linear_fc1.layer_norm_weight,31,5120,0.73202396,0.78515625,4000,0.715346815,1,0,0.286431081,0.999290325,0
flagship,56000,pre_mlp_norm,decoder.layers.mlp.linear_fc1.layer_norm_weight,32,5120,0.745820313,0.80078125,4000,0.727562397,1,0,0.274335458,0.999286869,0
flagship,56000,pre_mlp_norm,decoder.layers.mlp.linear_fc1.layer_norm_weight,33,5120,0.763520904,0.8203125,4000,0.743457166,1,0,0.258694443,0.999254436,0
flagship,56000,pre_mlp_norm,decoder.layers.mlp.linear_fc1.layer_norm_weight,34,5120,0.784117797,0.8359375,4000,0.762124855,1,0,0.240257413,0.999252722,0
flagship,56000,pre_mlp_norm,decoder.layers.mlp.linear_fc1.layer_norm_weight,35,5120,0.809952109,0.875,4000,0.785914063,1,0,0.216847838,0.999242795,0
flagship,56000,pre_mlp_norm,decoder.layers.mlp.linear_fc1.layer_norm_weight,36,5120,0.836086723,0.91796875,4000,0.809783293,1,0,0.193478294,0.99922729,0
flagship,56000,pre_mlp_norm,decoder.layers.mlp.linear_fc1.layer_norm_weight,37,5120,0.855570461,0.91015625,4000,0.827235694,1,0,0.17665754,0.999177755,0
flagship,56000,pre_mlp_norm,decoder.layers.mlp.linear_fc1.layer_norm_weight,38,5120,0.872327694,0.92578125,4000,0.841935116,1,0,0.162628616,0.999130836,0
flagship,56000,pre_mlp_norm,decoder.layers.mlp.linear_fc1.layer_norm_weight,39,5120,0.886011807,0.94140625,4000,0.853573027,1,0,0.151728475,0.999074085,0
flagship,56000,pre_mlp_norm,decoder.layers.mlp.linear_fc1.layer_norm_weight,40,5120,0.89806727,0.953125,4000,0.863782499,1,0,0.142278201,0.999022973,0
flagship,56000,pre_mlp_norm,decoder.layers.mlp.linear_fc1.layer_norm_weight,41,5120,0.91023165,0.98828125,4000,0.873245595,1,0,0.133582185,0.998982233,0
flagship,56000,pre_mlp_norm,decoder.layers.mlp.linear_fc1.layer_norm_weight,42,5120,0.921608719,0.98046875,4000,0.883602595,1,0,0.124273156,0.998927424,0
flagship,56000,pre_mlp_norm,decoder.layers.mlp.linear_fc1.layer_norm_weight,43,5120,0.931568843,1,4000,0.891380473,1,0,0.11729989,0.998899986,0
flagship,56000,pre_mlp_norm,decoder.layers.mlp.linear_fc1.layer_norm_weight,44,5120,0.938476524,1.015625,4000,0.896988235,1,0,0.112760802,0.998827424,0
flagship,56000,pre_mlp_norm,decoder.layers.mlp.linear_fc1.layer_norm_weight,45,5120,0.945270405,1.0390625,4000,0.902903931,1,0,0.107759291,0.998790337,0
flagship,56000,pre_mlp_norm,decoder.layers.mlp.linear_fc1.layer_norm_weight,46,5120,0.952810002,1.046875,4000,0.909049947,1,0,0.1028358,0.998733134,0
flagship,56000,pre_mlp_norm,decoder.layers.mlp.linear_fc1.layer_norm_weight,47,5120,0.959011122,1.0703125,4000,0.914578773,1,0,0.0982296391,0.998714011,0
flagship,56000,pre_mlp_norm,decoder.layers.mlp.linear_fc1.layer_norm_weight,48,5120,0.9641231,1.0703125,4000,0.918996766,1,0,0.0952188718,0.998637041,0
flagship,56000,pre_mlp_norm,decoder.layers.mlp.linear_fc1.layer_norm_weight,49,5120,0.975424357,1.1015625,4000,0.929596363,1,0,0.0866765656,0.998625126,0
flagship,56000,pre_mlp_norm,decoder.layers.mlp.linear_fc1.layer_norm_weight,50,5120,0.980421157,1.1015625,4000,0.934955157,1,0,0.0828541645,0.998591386,0
flagship,56000,pre_mlp_norm,decoder.layers.mlp.linear_fc1.layer_norm_weight,51,5120,0.986556255,1.1640625,4000,0.941207342,1,0,0.0786133749,0.998553195,0
flagship,56000,pre_mlp_norm,decoder.layers.mlp.linear_fc1.layer_norm_weight,52,5120,0.989640966,1.1640625,4000,0.945336811,1,0,0.0755070947,0.998564926,0
flagship,56000,pre_mlp_norm,decoder.layers.mlp.linear_fc1.layer_norm_weight,53,5120,0.995979637,1.21875,4000,0.953242798,1,0,0.0688655306,0.998659195,0
flagship,56000,pre_mlp_norm,decoder.layers.mlp.linear_fc1.layer_norm_weight,54,5120,1.00359698,1.25,4000,0.963093403,1,0,0.0627095129,0.998665557,0
flagship,56000,pre_mlp_norm,decoder.layers.mlp.linear_fc1.layer_norm_weight,55,5120,1.00238369,1.296875,4000,0.964768699,1,0,0.061958798,0.998653746,0
flagship,56000,pre_mlp_norm,decoder.layers.mlp.linear_fc1.layer_norm_weight,56,5120,1.00434518,1.4140625,4000,0.969800133,1,0,0.0587601289,0.99869008,0
flagship,56000,pre_mlp_norm,decoder.layers.mlp.linear_fc1.layer_norm_weight,57,5120,1.01367407,1.453125,4000,0.982903843,1,0,0.0543160225,0.998647909,0
flagship,56000,pre_mlp_norm,decoder.layers.mlp.linear_fc1.layer_norm_weight,58,5120,1.01684923,1.5,4000,0.990468604,1,0,0.0529858137,0.998628604,0
flagship,56000,pre_mlp_norm,decoder.layers.mlp.linear_fc1.layer_norm_weight,59,5120,1.01356381,1.5703125,4000,0.99224327,1,0,0.0543787754,0.998540235,0
flagship,56000,pre_mlp_norm,decoder.layers.mlp.linear_fc1.layer_norm_weight,60,5120,1.02713325,1.6796875,4000,1.01137958,1,0,0.0577152782,0.998417232,0
flagship,56000,pre_mlp_norm,decoder.layers.mlp.linear_fc1.layer_norm_weight,61,5120,1.05745768,1.6953125,4000,1.04631056,1,0,0.0719064707,0.998554027,0
flagship,56000,pre_mlp_norm,decoder.layers.mlp.linear_fc1.layer_norm_weight,62,5120,1.09440139,1.5859375,4000,1.08887822,1,0,0.099589911,0.999072985,0
flagship,56000,pre_mlp_norm,decoder.layers.mlp.linear_fc1.layer_norm_weight,63,5120,1.18270681,1.6796875,4000,1.18308363,1,0,0.19084946,0.99877274,0
flagship,56000,q_norm,decoder.layers.self_attention.q_layernorm.weight,0,128,1.21740651,1.8359375,4000,1.261541,1,0,0.374869016,0.97141469,0
flagship,56000,q_norm,decoder.layers.self_attention.q_layernorm.weight,1,128,1.55801281,1.9921875,4000,1.44262955,1,0,0.459540027,0.994712392,0
flagship,56000,q_norm,decoder.layers.self_attention.q_layernorm.weight,2,128,1.51169229,1.859375,4000,1.33975882,1,0,0.368858336,0.992304431,0
flagship,56000,q_norm,decoder.layers.self_attention.q_layernorm.weight,3,128,1.61908644,1.9453125,4000,1.41525036,1,0,0.437978129,0.993148924,0
flagship,56000,q_norm,decoder.layers.self_attention.q_layernorm.weight,4,128,1.53619412,1.8828125,4000,1.38017011,1,0,0.403941181,0.993247513,0
flagship,56000,q_norm,decoder.layers.self_attention.q_layernorm.weight,5,128,1.49591573,1.8046875,4000,1.33097217,1,0,0.354538283,0.993931196,0
flagship,56000,q_norm,decoder.layers.self_attention.q_layernorm.weight,6,128,1.78033169,2.171875,4000,1.53438426,1,0,0.559921867,0.990893427,0
flagship,56000,q_norm,decoder.layers.self_attention.q_layernorm.weight,7,128,1.67563196,2.09375,4000,1.45352522,1,0,0.508831664,0.981691224,0
flagship,56000,q_norm,decoder.layers.self_attention.q_layernorm.weight,8,128,1.63194169,1.890625,4000,1.49836983,1,0,0.528984449,0.98950457,0
flagship,56000,q_norm,decoder.layers.self_attention.q_layernorm.weight,9,128,1.61488963,2.015625,4000,1.5448905,1,0,0.577993074,0.987969913,0
flagship,56000,q_norm,decoder.layers.self_attention.q_layernorm.weight,10,128,1.65010691,2.015625,4000,1.59771651,1,0,0.611503356,0.994782767,0
flagship,56000,q_norm,decoder.layers.self_attention.q_layernorm.weight,11,128,1.67994716,1.96875,4000,1.63119145,1,0,0.653997528,0.991015737,0
flagship,56000,q_norm,decoder.layers.self_attention.q_layernorm.weight,12,128,1.61894657,2.375,4000,1.56184936,1,0,0.580588688,0.993146419,0
flagship,56000,q_norm,decoder.layers.self_attention.q_layernorm.weight,13,128,1.5736687,1.9609375,4000,1.53039261,1,0,0.561519273,0.988895801,0
flagship,56000,q_norm,decoder.layers.self_attention.q_layernorm.weight,14,128,1.53069887,2.046875,4000,1.52303526,1,0,0.55071011,0.990244566,0
flagship,56000,q_norm,decoder.layers.self_attention.q_layernorm.weight,15,128,1.66066535,2.046875,4000,1.62958937,1,0,0.646954055,0.993198666,0
flagship,56000,q_norm,decoder.layers.self_attention.q_layernorm.weight,16,128,1.50073459,2.03125,4000,1.48548512,1,0,0.505650776,0.9932726,0
flagship,56000,q_norm,decoder.layers.self_attention.q_layernorm.weight,17,128,1.6911961,2.09375,4000,1.62213379,1,0,0.637401241,0.994072658,0
flagship,56000,q_norm,decoder.layers.self_attention.q_layernorm.weight,18,128,1.66942054,2.0625,4000,1.63477487,1,0,0.674243197,0.984198206,0
flagship,56000,q_norm,decoder.layers.self_attention.q_layernorm.weight,19,128,1.74470603,2.078125,4000,1.65779514,1,0,0.686332145,0.988431214,0
flagship,56000,q_norm,decoder.layers.self_attention.q_layernorm.weight,20,128,1.6155698,2.046875,4000,1.58258842,1,0,0.622947849,0.984628107,0
flagship,56000,q_norm,decoder.layers.self_attention.q_layernorm.weight,21,128,1.61748942,2.046875,4000,1.56434791,1,0,0.618081084,0.979692602,0
flagship,56000,q_norm,decoder.layers.self_attention.q_layernorm.weight,22,128,1.72155849,2.15625,4000,1.62334028,1,0,0.689479908,0.973255935,0
flagship,56000,q_norm,decoder.layers.self_attention.q_layernorm.weight,23,128,1.64822875,2.0625,4000,1.56979218,1,0,0.591767231,0.991869842,0
flagship,56000,q_norm,decoder.layers.self_attention.q_layernorm.weight,24,128,1.63757564,1.8828125,4000,1.53404408,1,0,0.55511775,0.992518913,0
flagship,56000,q_norm,decoder.layers.self_attention.q_layernorm.weight,25,128,1.61552785,2.0625,4000,1.5419375,1,0,0.625198626,0.968488646,0
flagship,56000,q_norm,decoder.layers.self_attention.q_layernorm.weight,26,128,1.47033372,1.9296875,4000,1.42740447,1,0,0.589707134,0.942174793,0
flagship,56000,q_norm,decoder.layers.self_attention.q_layernorm.weight,27,128,1.61819391,2.109375,4000,1.52168401,1,0,0.592037107,0.97425427,0
flagship,56000,q_norm,decoder.layers.self_attention.q_layernorm.weight,28,128,1.44192072,1.796875,4000,1.39480707,1,0,0.564314875,0.941720021,0.0078125
flagship,56000,q_norm,decoder.layers.self_attention.q_layernorm.weight,29,128,1.50380182,1.8359375,4000,1.43878588,1,0,0.569578907,0.95416723,0
flagship,56000,q_norm,decoder.layers.self_attention.q_layernorm.weight,30,128,1.51816679,1.9609375,4000,1.45268967,1,0,0.515185237,0.979180726,0
flagship,56000,q_norm,decoder.layers.self_attention.q_layernorm.weight,31,128,1.4414352,1.78125,4000,1.40785292,1,0,0.525265185,0.961089861,0
flagship,56000,q_norm,decoder.layers.self_attention.q_layernorm.weight,32,128,1.58811722,1.9296875,4000,1.54016035,1,0,0.591790272,0.981027136,0
flagship,56000,q_norm,decoder.layers.self_attention.q_layernorm.weight,33,128,1.39316175,1.7578125,4000,1.35576737,1,0,0.572769082,0.925690051,0
flagship,56000,q_norm,decoder.layers.self_attention.q_layernorm.weight,34,128,1.48006357,1.875,4000,1.4310824,1,0,0.585332371,0.9452226,0
flagship,56000,q_norm,decoder.layers.self_attention.q_layernorm.weight,35,128,1.59386862,1.9296875,4000,1.55028149,1,0,0.609817216,0.977724263,0
flagship,56000,q_norm,decoder.layers.self_attention.q_layernorm.weight,36,128,1.48065814,1.921875,4000,1.44547479,1,0,0.555995046,0.961714067,0
flagship,56000,q_norm,decoder.layers.self_attention.q_layernorm.weight,37,128,1.32243669,1.75,4000,1.29679669,1,0,0.375793264,0.979514021,0
flagship,56000,q_norm,decoder.layers.self_attention.q_layernorm.weight,38,128,1.64109999,1.9921875,4000,1.58971198,1,0,0.605241072,0.994163554,0
flagship,56000,q_norm,decoder.layers.self_attention.q_layernorm.weight,39,128,1.45734314,1.8515625,4000,1.42581798,1,0,0.464173797,0.9880292,0
flagship,56000,q_norm,decoder.layers.self_attention.q_layernorm.weight,40,128,1.37796897,1.7578125,4000,1.34752018,1,0,0.474060181,0.961424403,0
flagship,56000,q_norm,decoder.layers.self_attention.q_layernorm.weight,41,128,1.37733337,1.734375,4000,1.34177745,1,0,0.453335248,0.966946448,0
flagship,56000,q_norm,decoder.layers.self_attention.q_layernorm.weight,42,128,1.25545683,1.6796875,4000,1.22860416,1,0,0.365218996,0.966984871,0
flagship,56000,q_norm,decoder.layers.self_attention.q_layernorm.weight,43,128,1.322427,1.8125,4000,1.29099672,1,0,0.384109234,0.975654154,0
flagship,56000,q_norm,decoder.layers.self_attention.q_layernorm.weight,44,128,1.29239649,1.734375,4000,1.25975079,1,0,0.435754824,0.951414283,0
flagship,56000,q_norm,decoder.layers.self_attention.q_layernorm.weight,45,128,1.34234925,1.8125,4000,1.28155297,1,0,0.484847745,0.939212321,0
flagship,56000,q_norm,decoder.layers.self_attention.q_layernorm.weight,46,128,1.40825251,1.796875,4000,1.3540451,1,0,0.506491504,0.951557854,0
flagship,56000,q_norm,decoder.layers.self_attention.q_layernorm.weight,47,128,1.30657632,1.71875,4000,1.27302192,1,0,0.460347669,0.946042167,0
flagship,56000,q_norm,decoder.layers.self_attention.q_layernorm.weight,48,128,1.50951508,1.8046875,4000,1.39996124,1,0,0.497906511,0.968591306,0
flagship,56000,q_norm,decoder.layers.self_attention.q_layernorm.weight,49,128,1.36513253,1.7734375,4000,1.30991662,1,0,0.475926659,0.95020375,0
flagship,56000,q_norm,decoder.layers.self_attention.q_layernorm.weight,50,128,1.44781008,1.7421875,4000,1.37555896,1,0,0.418816002,0.987509691,0
flagship,56000,q_norm,decoder.layers.self_attention.q_layernorm.weight,51,128,1.4815624,1.8203125,4000,1.40362338,1,0,0.491685811,0.971914435,0
flagship,56000,q_norm,decoder.layers.self_attention.q_layernorm.weight,52,128,1.52052706,1.8125,4000,1.44596365,1,0,0.475783763,0.990495401,0
flagship,56000,q_norm,decoder.layers.self_attention.q_layernorm.weight,53,128,1.4576439,1.7890625,4000,1.35296058,1,0,0.47574724,0.962395702,0
flagship,56000,q_norm,decoder.layers.self_attention.q_layernorm.weight,54,128,1.38465309,1.6875,4000,1.3258526,1,0,0.496129616,0.947217105,0
flagship,56000,q_norm,decoder.layers.self_attention.q_layernorm.weight,55,128,1.5274879,1.953125,4000,1.39913033,1,0,0.430502086,0.990698855,0
flagship,56000,q_norm,decoder.layers.self_attention.q_layernorm.weight,56,128,1.5486825,1.8359375,4000,1.4386472,1,0,0.466401289,0.991269993,0
flagship,56000,q_norm,decoder.layers.self_attention.q_layernorm.weight,57,128,1.51004676,1.9375,4000,1.40956863,1,0,0.467107383,0.982106996,0
flagship,56000,q_norm,decoder.layers.self_attention.q_layernorm.weight,58,128,1.59387446,1.8046875,4000,1.48266543,1,0,0.492505883,0.996763895,0
flagship,56000,q_norm,decoder.layers.self_attention.q_layernorm.weight,59,128,1.5243149,1.8828125,4000,1.38850957,1,0,0.406010837,0.994992793,0
flagship,56000,q_norm,decoder.layers.self_attention.q_layernorm.weight,60,128,1.45970751,1.7578125,4000,1.39148102,1,0,0.411448045,0.994239196,0
flagship,56000,q_norm,decoder.layers.self_attention.q_layernorm.weight,61,128,1.45846708,1.921875,4000,1.37997445,1,0,0.397545154,0.995050063,0
flagship,56000,q_norm,decoder.layers.self_attention.q_layernorm.weight,62,128,1.36422356,1.7421875,4000,1.30877941,1,0,0.322963272,0.996576752,0
flagship,56000,q_norm,decoder.layers.self_attention.q_layernorm.weight,63,128,1.18749518,1.4375,4000,1.16122302,1,0,0.181010018,0.99708421,0
flagship,57940,attention_input_norm,decoder.layers.self_attention.linear_qkv.layer_norm_weight,0,5120,0.069519392,0.671875,4000,0.0704443095,1,0,0.935958152,0.915224659,0
flagship,57940,attention_input_norm,decoder.layers.self_attention.linear_qkv.layer_norm_weight,1,5120,0.370595854,0.7890625,4000,0.37431887,1,0,0.627251369,0.997372021,0
flagship,57940,attention_input_norm,decoder.layers.self_attention.linear_qkv.layer_norm_weight,2,5120,0.593422496,0.72265625,4000,0.592828979,1,0,0.409744621,0.998226795,0
flagship,57940,attention_input_norm,decoder.layers.self_attention.linear_qkv.layer_norm_weight,3,5120,0.724316154,1.0234375,4000,0.720127919,1,0,0.283257936,0.998676154,0
flagship,57940,attention_input_norm,decoder.layers.self_attention.linear_qkv.layer_norm_weight,4,5120,0.748200723,0.953125,4000,0.74817622,1,0,0.255968426,0.9985935,0
flagship,57940,attention_input_norm,decoder.layers.self_attention.linear_qkv.layer_norm_weight,5,5120,0.853721449,1.0859375,4000,0.850283913,1,0,0.156965364,0.99869266,0
flagship,57940,attention_input_norm,decoder.layers.self_attention.linear_qkv.layer_norm_weight,6,5120,0.92526406,1.1484375,4000,0.919811253,1,0,0.0944917722,0.998641862,0
flagship,57940,attention_input_norm,decoder.layers.self_attention.linear_qkv.layer_norm_weight,7,5120,1.09496611,1.25,4000,1.08209374,1,0,0.0949459809,0.998948632,0
flagship,57940,attention_input_norm,decoder.layers.self_attention.linear_qkv.layer_norm_weight,8,5120,1.03395512,1.328125,4000,1.04391266,1,0,0.0717589657,0.998457233,0
flagship,57940,attention_input_norm,decoder.layers.self_attention.linear_qkv.layer_norm_weight,9,5120,0.967030525,1.3046875,4000,0.981091516,1,0,0.0568570951,0.998534694,0
flagship,57940,attention_input_norm,decoder.layers.self_attention.linear_qkv.layer_norm_weight,10,5120,0.983812486,1.40625,4000,0.999307126,1,0,0.0512021063,0.998688503,0
flagship,57940,attention_input_norm,decoder.layers.self_attention.linear_qkv.layer_norm_weight,11,5120,1.04572261,1.3828125,4000,1.06261663,1,0,0.0843480946,0.99849722,0
flagship,57940,attention_input_norm,decoder.layers.self_attention.linear_qkv.layer_norm_weight,12,5120,0.989278005,1.40625,4000,1.00522587,1,0,0.0456110893,0.998978806,0
flagship,57940,attention_input_norm,decoder.layers.self_attention.linear_qkv.layer_norm_weight,13,5120,1.03280976,1.3125,4000,1.04963673,1,0,0.070347113,0.998816299,0
flagship,57940,attention_input_norm,decoder.layers.self_attention.linear_qkv.layer_norm_weight,14,5120,1.00010733,1.1875,4000,1.01766113,1,0,0.0508546178,0.998882596,0
flagship,57940,attention_input_norm,decoder.layers.self_attention.linear_qkv.layer_norm_weight,15,5120,1.11880581,1.328125,4000,1.1380733,1,0,0.1466979,0.998920966,0
flagship,57940,attention_input_norm,decoder.layers.self_attention.linear_qkv.layer_norm_weight,16,5120,1.12828058,1.2890625,4000,1.1479889,1,0,0.154150169,0.999189208,0
flagship,57940,attention_input_norm,decoder.layers.self_attention.linear_qkv.layer_norm_weight,17,5120,1.25894875,1.5,4000,1.27937478,1,0,0.282583228,0.999295354,0
flagship,57940,attention_input_norm,decoder.layers.self_attention.linear_qkv.layer_norm_weight,18,5120,1.21947865,1.4375,4000,1.2408787,1,0,0.24595434,0.999004339,0
flagship,57940,attention_input_norm,decoder.layers.self_attention.linear_qkv.layer_norm_weight,19,5120,1.33128363,1.546875,4000,1.35009206,1,0,0.352919506,0.999263855,0
flagship,57940,attention_input_norm,decoder.layers.self_attention.linear_qkv.layer_norm_weight,20,5120,1.203639,1.4296875,4000,1.22486068,1,0,0.228777232,0.999274737,0
flagship,57940,attention_input_norm,decoder.layers.self_attention.linear_qkv.layer_norm_weight,21,5120,1.19884599,1.5390625,4000,1.21919499,1,0,0.222548465,0.999392478,0
flagship,57940,attention_input_norm,decoder.layers.self_attention.linear_qkv.layer_norm_weight,22,5120,1.44836421,1.609375,4000,1.46497473,1,0,0.466855566,0.999401826,0
flagship,57940,attention_input_norm,decoder.layers.self_attention.linear_qkv.layer_norm_weight,23,5120,1.4447487,1.7109375,4000,1.46677143,1,0,0.468451362,0.999464434,0
flagship,57940,attention_input_norm,decoder.layers.self_attention.linear_qkv.layer_norm_weight,24,5120,1.40967643,1.703125,4000,1.42357223,1,0,0.425371965,0.999463366,0
flagship,57940,attention_input_norm,decoder.layers.self_attention.linear_qkv.layer_norm_weight,25,5120,1.32686609,1.484375,4000,1.34637137,1,0,0.349280809,0.999248363,0
flagship,57940,attention_input_norm,decoder.layers.self_attention.linear_qkv.layer_norm_weight,26,5120,1.26907764,1.5703125,4000,1.29120795,1,0,0.295015627,0.999135636,0
flagship,57940,attention_input_norm,decoder.layers.self_attention.linear_qkv.layer_norm_weight,27,5120,1.5216199,1.921875,4000,1.53446584,1,0,0.536966556,0.999126946,0
flagship,57940,attention_input_norm,decoder.layers.self_attention.linear_qkv.layer_norm_weight,28,5120,1.39000398,1.703125,4000,1.41360744,1,0,0.418021318,0.998701653,0
flagship,57940,attention_input_norm,decoder.layers.self_attention.linear_qkv.layer_norm_weight,29,5120,1.42199845,1.734375,4000,1.44358554,1,0,0.447040401,0.998934255,0
flagship,57940,attention_input_norm,decoder.layers.self_attention.linear_qkv.layer_norm_weight,30,5120,1.59014442,1.8125,4000,1.61528652,1,0,0.618151918,0.998905987,0
flagship,57940,attention_input_norm,decoder.layers.self_attention.linear_qkv.layer_norm_weight,31,5120,1.24121077,1.4453125,4000,1.26411295,1,0,0.26943947,0.9988759,0
flagship,57940,attention_input_norm,decoder.layers.self_attention.linear_qkv.layer_norm_weight,32,5120,1.37274012,1.5625,4000,1.39714503,1,0,0.400889123,0.998930706,0
flagship,57940,attention_input_norm,decoder.layers.self_attention.linear_qkv.layer_norm_weight,33,5120,1.37105774,1.609375,4000,1.39612729,1,0,0.401799685,0.998379031,0
flagship,57940,attention_input_norm,decoder.layers.self_attention.linear_qkv.layer_norm_weight,34,5120,1.56966698,1.828125,4000,1.59664924,1,0,0.600809162,0.998440065,0
flagship,57940,attention_input_norm,decoder.layers.self_attention.linear_qkv.layer_norm_weight,35,5120,1.45202025,1.71875,4000,1.47835254,1,0,0.482207372,0.998747661,0
flagship,57940,attention_input_norm,decoder.layers.self_attention.linear_qkv.layer_norm_weight,36,5120,1.24952405,1.4375,4000,1.27255535,1,0,0.279399828,0.998515646,0
flagship,57940,attention_input_norm,decoder.layers.self_attention.linear_qkv.layer_norm_weight,37,5120,0.895496132,1.046875,4000,0.912346186,1,0,0.100798744,0.998642404,0
flagship,57940,attention_input_norm,decoder.layers.self_attention.linear_qkv.layer_norm_weight,38,5120,1.17156174,1.3359375,4000,1.19298403,1,0,0.198481144,0.999098091,0
flagship,57940,attention_input_norm,decoder.layers.self_attention.linear_qkv.layer_norm_weight,39,5120,0.961918648,1.109375,4000,0.979861692,1,0,0.0541172485,0.99871251,0
flagship,57940,attention_input_norm,decoder.layers.self_attention.linear_qkv.layer_norm_weight,40,5120,1.07239647,1.2734375,4000,1.0919614,1,0,0.107588802,0.998572087,0
flagship,57940,attention_input_norm,decoder.layers.self_attention.linear_qkv.layer_norm_weight,41,5120,1.014147,1.203125,4000,1.03269209,1,0,0.0645936097,0.998497344,0
flagship,57940,attention_input_norm,decoder.layers.self_attention.linear_qkv.layer_norm_weight,42,5120,0.923728103,1.125,4000,0.940511321,1,0,0.0825151933,0.998261661,0
flagship,57940,attention_input_norm,decoder.layers.self_attention.linear_qkv.layer_norm_weight,43,5120,0.967910494,1.140625,4000,0.985005329,1,0,0.0586888988,0.998365721,0
flagship,57940,attention_input_norm,decoder.layers.self_attention.linear_qkv.layer_norm_weight,44,5120,1.0390072,1.2421875,4000,1.05703946,1,0,0.0829137764,0.998287105,0
flagship,57940,attention_input_norm,decoder.layers.self_attention.linear_qkv.layer_norm_weight,45,5120,1.14693647,1.3359375,4000,1.16385357,1,0,0.174112065,0.998510544,0
flagship,57940,attention_input_norm,decoder.layers.self_attention.linear_qkv.layer_norm_weight,46,5120,1.21514307,1.375,4000,1.22908149,1,0,0.236214457,0.99864983,0
flagship,57940,attention_input_norm,decoder.layers.self_attention.linear_qkv.layer_norm_weight,47,5120,1.05757046,1.2265625,4000,1.07317266,1,0,0.091766645,0.998571116,0
flagship,57940,attention_input_norm,decoder.layers.self_attention.linear_qkv.layer_norm_weight,48,5120,1.34554462,1.5390625,4000,1.35757561,1,0,0.362914259,0.998583342,0
flagship,57940,attention_input_norm,decoder.layers.self_attention.linear_qkv.layer_norm_weight,49,5120,1.28341475,1.484375,4000,1.28828778,1,0,0.294781686,0.998530453,0
flagship,57940,attention_input_norm,decoder.layers.self_attention.linear_qkv.layer_norm_weight,50,5120,1.2116632,1.40625,4000,1.2264864,1,0,0.233876395,0.998613079,0
flagship,57940,attention_input_norm,decoder.layers.self_attention.linear_qkv.layer_norm_weight,51,5120,1.35376873,1.5546875,4000,1.36973522,1,0,0.377209383,0.997962095,0
flagship,57940,attention_input_norm,decoder.layers.self_attention.linear_qkv.layer_norm_weight,52,5120,1.30474181,1.46875,4000,1.32059482,1,0,0.326709594,0.998501388,0
flagship,57940,attention_input_norm,decoder.layers.self_attention.linear_qkv.layer_norm_weight,53,5120,1.47600199,1.6640625,4000,1.48527975,1,0,0.49214677,0.997740492,0
flagship,57940,attention_input_norm,decoder.layers.self_attention.linear_qkv.layer_norm_weight,54,5120,1.35282783,1.5703125,4000,1.36537783,1,0,0.37400773,0.997663348,0
flagship,57940,attention_input_norm,decoder.layers.self_attention.linear_qkv.layer_norm_weight,55,5120,1.42841824,1.65625,4000,1.43266559,1,0,0.438559021,0.99820806,0
flagship,57940,attention_input_norm,decoder.layers.self_attention.linear_qkv.layer_norm_weight,56,5120,1.47113025,1.6796875,4000,1.48171263,1,0,0.488316606,0.997838294,0
flagship,57940,attention_input_norm,decoder.layers.self_attention.linear_qkv.layer_norm_weight,57,5120,1.37891562,1.6171875,4000,1.3810945,1,0,0.390431683,0.997391967,0
flagship,57940,attention_input_norm,decoder.layers.self_attention.linear_qkv.layer_norm_weight,58,5120,1.4302114,1.671875,4000,1.43460674,1,0,0.441629545,0.997855289,0
flagship,57940,attention_input_norm,decoder.layers.self_attention.linear_qkv.layer_norm_weight,59,5120,1.2888196,1.5078125,4000,1.29003181,1,0,0.300828726,0.997527398,0
flagship,57940,attention_input_norm,decoder.layers.self_attention.linear_qkv.layer_norm_weight,60,5120,1.15605128,1.359375,4000,1.16191651,1,0,0.175961657,0.997957879,0
flagship,57940,attention_input_norm,decoder.layers.self_attention.linear_qkv.layer_norm_weight,61,5120,1.12394987,1.3515625,4000,1.12596282,1,0,0.141584945,0.998143961,0
flagship,57940,attention_input_norm,decoder.layers.self_attention.linear_qkv.layer_norm_weight,62,5120,1.03042628,1.1796875,4000,1.0350521,1,0,0.0527807109,0.999247789,0
flagship,57940,attention_input_norm,decoder.layers.self_attention.linear_qkv.layer_norm_weight,63,5120,0.977692873,1.1328125,4000,0.981625503,1,0,0.0374492936,0.99945762,0
flagship,57940,final_norm,decoder.final_layernorm.weight,-1,5120,1.68641799,6.03125,4000,1.52347286,1,0,0.549091047,0.990982073,0
flagship,57940,k_norm,decoder.layers.self_attention.k_layernorm.weight,0,128,1.2293819,2.390625,4000,1.27313943,1,0,0.402923577,0.965540986,0
flagship,57940,k_norm,decoder.layers.self_attention.k_layernorm.weight,1,128,1.55004173,1.8828125,4000,1.43564766,1,0,0.451329962,0.99515555,0
flagship,57940,k_norm,decoder.layers.self_attention.k_layernorm.weight,2,128,1.50598643,2.078125,4000,1.33792037,1,0,0.37430674,0.990315058,0
flagship,57940,k_norm,decoder.layers.self_attention.k_layernorm.weight,3,128,1.60845258,2.0625,4000,1.40804059,1,0,0.440763251,0.99013696,0
flagship,57940,k_norm,decoder.layers.self_attention.k_layernorm.weight,4,128,1.52720848,1.875,4000,1.37459317,1,0,0.407856362,0.990532919,0
flagship,57940,k_norm,decoder.layers.self_attention.k_layernorm.weight,5,128,1.49438634,1.84375,4000,1.3313262,1,0,0.357976041,0.993100942,0
flagship,57940,k_norm,decoder.layers.self_attention.k_layernorm.weight,6,128,1.75920657,2.125,4000,1.51872453,1,0,0.547475377,0.989907927,0
flagship,57940,k_norm,decoder.layers.self_attention.k_layernorm.weight,7,128,1.6510317,2.09375,4000,1.43340506,1,0,0.500231399,0.978236613,0
flagship,57940,k_norm,decoder.layers.self_attention.k_layernorm.weight,8,128,1.62087674,2,4000,1.48907885,1,0,0.525426714,0.987618149,0
flagship,57940,k_norm,decoder.layers.self_attention.k_layernorm.weight,9,128,1.58044112,1.9375,4000,1.51153421,1,0,0.560747698,0.982543981,0
flagship,57940,k_norm,decoder.layers.self_attention.k_layernorm.weight,10,128,1.63026156,2.21875,4000,1.57789852,1,0,0.60364403,0.990360784,0
flagship,57940,k_norm,decoder.layers.self_attention.k_layernorm.weight,11,128,1.6606075,2.078125,4000,1.61138311,1,0,0.650030391,0.984873179,0
flagship,57940,k_norm,decoder.layers.self_attention.k_layernorm.weight,12,128,1.59519642,1.9921875,4000,1.53876825,1,0,0.557057866,0.993487571,0
flagship,57940,k_norm,decoder.layers.self_attention.k_layernorm.weight,13,128,1.55702381,2.21875,4000,1.51630459,1,0,0.558309964,0.985115263,0
flagship,57940,k_norm,decoder.layers.self_attention.k_layernorm.weight,14,128,1.5122139,1.890625,4000,1.50324026,1,0,0.543572395,0.985956941,0
flagship,57940,k_norm,decoder.layers.self_attention.k_layernorm.weight,15,128,1.64176521,2.125,4000,1.60967885,1,0,0.630523627,0.991969904,0
flagship,57940,k_norm,decoder.layers.self_attention.k_layernorm.weight,16,128,1.49547938,2.34375,4000,1.47892838,1,0,0.519155861,0.986425841,0
flagship,57940,k_norm,decoder.layers.self_attention.k_layernorm.weight,17,128,1.67566003,2,4000,1.60677662,1,0,0.62363383,0.993545681,0
flagship,57940,k_norm,decoder.layers.self_attention.k_layernorm.weight,18,128,1.64575033,2.109375,4000,1.61062571,1,0,0.670484054,0.976194002,0
flagship,57940,k_norm,decoder.layers.self_attention.k_layernorm.weight,19,128,1.72388273,2.125,4000,1.6372728,1,0,0.680918007,0.982430325,0
flagship,57940,k_norm,decoder.layers.self_attention.k_layernorm.weight,20,128,1.59019441,2.0625,4000,1.55665723,1,0,0.611091429,0.979582704,0
flagship,57940,k_norm,decoder.layers.self_attention.k_layernorm.weight,21,128,1.59446531,2,4000,1.54048179,1,0,0.610881067,0.973691636,0
flagship,57940,k_norm,decoder.layers.self_attention.k_layernorm.weight,22,128,1.70002604,2.078125,4000,1.60269081,1,0,0.672038497,0.972421526,0
flagship,57940,k_norm,decoder.layers.self_attention.k_layernorm.weight,23,128,1.63418475,1.9296875,4000,1.55622293,1,0,0.593849845,0.986096566,0
flagship,57940,k_norm,decoder.layers.self_attention.k_layernorm.weight,24,128,1.62123879,2.09375,4000,1.52179124,1,0,0.55824981,0.987062366,0
flagship,57940,k_norm,decoder.layers.self_attention.k_layernorm.weight,25,128,1.58647558,2.0625,4000,1.51480891,1,0,0.624031714,0.958942887,0.0078125
flagship,57940,k_norm,decoder.layers.self_attention.k_layernorm.weight,26,128,1.44886889,1.875,4000,1.40491819,1,0,0.58699689,0.935723442,0
flagship,57940,k_norm,decoder.layers.self_attention.k_layernorm.weight,27,128,1.58875828,2.09375,4000,1.49381829,1,0,0.598762659,0.961621764,0.0078125
flagship,57940,k_norm,decoder.layers.self_attention.k_layernorm.weight,28,128,1.42010843,1.859375,4000,1.37257588,1,0,0.571025523,0.931786155,0
flagship,57940,k_norm,decoder.layers.self_attention.k_layernorm.weight,29,128,1.47059176,1.8203125,4000,1.40629439,1,0,0.575462002,0.940950705,0
flagship,57940,k_norm,decoder.layers.self_attention.k_layernorm.weight,30,128,1.49582056,1.890625,4000,1.43007104,1,0,0.529916775,0.966487442,0
flagship,57940,k_norm,decoder.layers.self_attention.k_layernorm.weight,31,128,1.41904309,1.8359375,4000,1.38482998,1,0,0.533973351,0.950523376,0
flagship,57940,k_norm,decoder.layers.self_attention.k_layernorm.weight,32,128,1.55304333,1.875,4000,1.50468711,1,0,0.59237926,0.96803186,0
flagship,57940,k_norm,decoder.layers.self_attention.k_layernorm.weight,33,128,1.36975377,1.78125,4000,1.3316547,1,0,0.577176363,0.916217878,0
flagship,57940,k_norm,decoder.layers.self_attention.k_layernorm.weight,34,128,1.46251302,1.9453125,4000,1.41250292,1,0,0.610633489,0.928242764,0
flagship,57940,k_norm,decoder.layers.self_attention.k_layernorm.weight,35,128,1.55106597,1.9765625,4000,1.50738932,1,0,0.62117678,0.95740428,0
flagship,57940,k_norm,decoder.layers.self_attention.k_layernorm.weight,36,128,1.45282567,1.9765625,4000,1.41707621,1,0,0.57722478,0.943815344,0
flagship,57940,k_norm,decoder.layers.self_attention.k_layernorm.weight,37,128,1.32060023,1.859375,4000,1.29365402,1,0,0.396144614,0.972675126,0
flagship,57940,k_norm,decoder.layers.self_attention.k_layernorm.weight,38,128,1.61799701,2.078125,4000,1.56585568,1,0,0.590758253,0.990802897,0
flagship,57940,k_norm,decoder.layers.self_attention.k_layernorm.weight,39,128,1.44451045,1.9921875,4000,1.41189421,1,0,0.484106774,0.977086622,0
flagship,57940,k_norm,decoder.layers.self_attention.k_layernorm.weight,40,128,1.36173735,1.84375,4000,1.33124064,1,0,0.490335029,0.950907418,0
flagship,57940,k_norm,decoder.layers.self_attention.k_layernorm.weight,41,128,1.36710642,1.84375,4000,1.3303755,1,0,0.467389591,0.95891947,0
flagship,57940,k_norm,decoder.layers.self_attention.k_layernorm.weight,42,128,1.25769314,1.8359375,4000,1.22942122,1,0,0.382882323,0.961784953,0
flagship,57940,k_norm,decoder.layers.self_attention.k_layernorm.weight,43,128,1.31259115,1.890625,4000,1.28009006,1,0,0.442697537,0.954092812,0
flagship,57940,k_norm,decoder.layers.self_attention.k_layernorm.weight,44,128,1.28728624,1.875,4000,1.25360539,1,0,0.448201497,0.945529552,0
flagship,57940,k_norm,decoder.layers.self_attention.k_layernorm.weight,45,128,1.32464946,1.8515625,4000,1.26312779,1,0,0.496480351,0.929834293,0
flagship,57940,k_norm,decoder.layers.self_attention.k_layernorm.weight,46,128,1.39522942,1.9765625,4000,1.34102771,1,0,0.539019292,0.93503419,0
flagship,57940,k_norm,decoder.layers.self_attention.k_layernorm.weight,47,128,1.29172254,1.8671875,4000,1.25933531,1,0,0.462847706,0.941646518,0
flagship,57940,k_norm,decoder.layers.self_attention.k_layernorm.weight,48,128,1.4833301,1.8359375,4000,1.37573271,1,0,0.513189799,0.955591412,0
flagship,57940,k_norm,decoder.layers.self_attention.k_layernorm.weight,49,128,1.34466569,1.7734375,4000,1.29100028,1,0,0.483372867,0.942305138,0.0078125
flagship,57940,k_norm,decoder.layers.self_attention.k_layernorm.weight,50,128,1.445057,1.8046875,4000,1.3730911,1,0,0.434652225,0.981892831,0
flagship,57940,k_norm,decoder.layers.self_attention.k_layernorm.weight,51,128,1.44362048,1.8203125,4000,1.37109738,1,0,0.517921823,0.952399535,0
flagship,57940,k_norm,decoder.layers.self_attention.k_layernorm.weight,52,128,1.50232222,1.9453125,4000,1.42965307,1,0,0.500511436,0.976948976,0
flagship,57940,k_norm,decoder.layers.self_attention.k_layernorm.weight,53,128,1.44418869,1.78125,4000,1.34189282,1,0,0.491233433,0.953640267,0
flagship,57940,k_norm,decoder.layers.self_attention.k_layernorm.weight,54,128,1.37542859,1.84375,4000,1.3182501,1,0,0.517887615,0.936687106,0
flagship,57940,k_norm,decoder.layers.self_attention.k_layernorm.weight,55,128,1.51118206,1.96875,4000,1.390238,1,0,0.444943055,0.983568056,0
flagship,57940,k_norm,decoder.layers.self_attention.k_layernorm.weight,56,128,1.53203512,1.8828125,4000,1.42709755,1,0,0.473812954,0.985254548,0
flagship,57940,k_norm,decoder.layers.self_attention.k_layernorm.weight,57,128,1.50174132,1.859375,4000,1.40396328,1,0,0.468625481,0.97990563,0
flagship,57940,k_norm,decoder.layers.self_attention.k_layernorm.weight,58,128,1.5746959,1.8984375,4000,1.47019194,1,0,0.482644042,0.995964879,0
flagship,57940,k_norm,decoder.layers.self_attention.k_layernorm.weight,59,128,1.51155267,1.7890625,4000,1.38255461,1,0,0.402153965,0.994437911,0
flagship,57940,k_norm,decoder.layers.self_attention.k_layernorm.weight,60,128,1.43358323,1.796875,4000,1.36757866,1,0,0.416067066,0.98610766,0
flagship,57940,k_norm,decoder.layers.self_attention.k_layernorm.weight,61,128,1.43866156,1.9375,4000,1.36356375,1,0,0.384994471,0.994117567,0
flagship,57940,k_norm,decoder.layers.self_attention.k_layernorm.weight,62,128,1.35241373,1.671875,4000,1.29925376,1,0,0.313147874,0.996725514,0
flagship,57940,k_norm,decoder.layers.self_attention.k_layernorm.weight,63,128,1.18637639,1.3984375,4000,1.15959937,1,0,0.178293383,0.997276399,0
flagship,57940,pre_mlp_norm,decoder.layers.mlp.linear_fc1.layer_norm_weight,0,5120,0.513470604,0.6953125,4000,0.524209687,1,0,0.482909855,0.993489717,0
flagship,57940,pre_mlp_norm,decoder.layers.mlp.linear_fc1.layer_norm_weight,1,5120,0.871666961,0.98828125,4000,0.885899622,1,0,0.136681308,0.99680388,0
flagship,57940,pre_mlp_norm,decoder.layers.mlp.linear_fc1.layer_norm_weight,2,5120,0.894081756,1.1015625,4000,0.905757784,1,0,0.110105213,0.99821058,0
flagship,57940,pre_mlp_norm,decoder.layers.mlp.linear_fc1.layer_norm_weight,3,5120,0.869536477,0.9609375,4000,0.887716657,1,0,0.123088699,0.998567517,0
flagship,57940,pre_mlp_norm,decoder.layers.mlp.linear_fc1.layer_norm_weight,4,5120,0.841719864,1.03125,4000,0.858157699,1,0,0.14935542,0.998725291,0
flagship,57940,pre_mlp_norm,decoder.layers.mlp.linear_fc1.layer_norm_weight,5,5120,0.756745219,1.6171875,4000,0.77491167,1,0,0.22905819,0.998836707,0
flagship,57940,pre_mlp_norm,decoder.layers.mlp.linear_fc1.layer_norm_weight,6,5120,0.696929617,1.0078125,4000,0.715934576,1,0,0.287027482,0.9988186,0
flagship,57940,pre_mlp_norm,decoder.layers.mlp.linear_fc1.layer_norm_weight,7,5120,0.664649833,0.953125,4000,0.680853749,1,0,0.321913911,0.99869705,0
flagship,57940,pre_mlp_norm,decoder.layers.mlp.linear_fc1.layer_norm_weight,8,5120,0.666425234,0.890625,4000,0.680545808,1,0,0.322175543,0.998717133,0
flagship,57940,pre_mlp_norm,decoder.layers.mlp.linear_fc1.layer_norm_weight,9,5120,0.669132093,0.86328125,4000,0.681163717,1,0,0.3214577,0.998767934,0
flagship,57940,pre_mlp_norm,decoder.layers.mlp.linear_fc1.layer_norm_weight,10,5120,0.652629605,0.75390625,4000,0.662560272,1,0,0.339821464,0.998782709,0
flagship,57940,pre_mlp_norm,decoder.layers.mlp.linear_fc1.layer_norm_weight,11,5120,0.645657368,0.72265625,4000,0.653798132,1,0,0.348352017,0.998857908,0
flagship,57940,pre_mlp_norm,decoder.layers.mlp.linear_fc1.layer_norm_weight,12,5120,0.645525848,0.7265625,4000,0.652305342,1,0,0.349721943,0.998916257,0
flagship,57940,pre_mlp_norm,decoder.layers.mlp.linear_fc1.layer_norm_weight,13,5120,0.640971555,0.71484375,4000,0.646343318,1,0,0.35552472,0.998975174,0
flagship,57940,pre_mlp_norm,decoder.layers.mlp.linear_fc1.layer_norm_weight,14,5120,0.623963531,0.703125,4000,0.628041801,1,0,0.3735798,0.999037512,0
flagship,57940,pre_mlp_norm,decoder.layers.mlp.linear_fc1.layer_norm_weight,15,5120,0.613946206,0.6796875,4000,0.616766985,1,0,0.384622118,0.999135306,0
flagship,57940,pre_mlp_norm,decoder.layers.mlp.linear_fc1.layer_norm_weight,16,5120,0.590185947,0.66015625,4000,0.591960435,1,0,0.409157069,0.999228647,0
flagship,57940,pre_mlp_norm,decoder.layers.mlp.linear_fc1.layer_norm_weight,17,5120,0.567262408,0.625,4000,0.567971295,1,0,0.432983532,0.999272906,0
flagship,57940,pre_mlp_norm,decoder.layers.mlp.linear_fc1.layer_norm_weight,18,5120,0.55830121,0.640625,4000,0.558097711,1,0,0.44277683,0.999306852,0
flagship,57940,pre_mlp_norm,decoder.layers.mlp.linear_fc1.layer_norm_weight,19,5120,0.557719177,0.64453125,4000,0.556395484,1,0,0.44443417,0.999337912,0
flagship,57940,pre_mlp_norm,decoder.layers.mlp.linear_fc1.layer_norm_weight,20,5120,0.566231629,0.70703125,4000,0.564020797,1,0,0.436773723,0.99938529,0
flagship,57940,pre_mlp_norm,decoder.layers.mlp.linear_fc1.layer_norm_weight,21,5120,0.565242259,0.6875,4000,0.561986558,1,0,0.438830088,0.999362909,0
flagship,57940,pre_mlp_norm,decoder.layers.mlp.linear_fc1.layer_norm_weight,22,5120,0.563546134,0.625,4000,0.559388279,1,0,0.441524991,0.999279902,0
flagship,57940,pre_mlp_norm,decoder.layers.mlp.linear_fc1.layer_norm_weight,23,5120,0.569951515,0.625,4000,0.564767833,1,0,0.436122253,0.999313364,0
flagship,57940,pre_mlp_norm,decoder.layers.mlp.linear_fc1.layer_norm_weight,24,5120,0.582884319,0.6484375,4000,0.576623828,1,0,0.424354691,0.999280708,0
flagship,57940,pre_mlp_norm,decoder.layers.mlp.linear_fc1.layer_norm_weight,25,5120,0.608138744,0.6640625,4000,0.600546058,1,0,0.400552174,0.999268505,0
flagship,57940,pre_mlp_norm,decoder.layers.mlp.linear_fc1.layer_norm_weight,26,5120,0.626962447,0.68359375,4000,0.618026909,1,0,0.383151515,0.999270547,0
flagship,57940,pre_mlp_norm,decoder.layers.mlp.linear_fc1.layer_norm_weight,27,5120,0.648935505,0.69921875,4000,0.638577378,1,0,0.362750875,0.999246855,0
flagship,57940,pre_mlp_norm,decoder.layers.mlp.linear_fc1.layer_norm_weight,28,5120,0.669241026,0.73046875,4000,0.657456532,1,0,0.343989896,0.999244802,0
flagship,57940,pre_mlp_norm,decoder.layers.mlp.linear_fc1.layer_norm_weight,29,5120,0.686940577,0.74609375,4000,0.673542972,1,0,0.328013398,0.999243851,0
flagship,57940,pre_mlp_norm,decoder.layers.mlp.linear_fc1.layer_norm_weight,30,5120,0.709788094,0.76953125,4000,0.694797464,1,0,0.306791776,0.999300081,0
flagship,57940,pre_mlp_norm,decoder.layers.mlp.linear_fc1.layer_norm_weight,31,5120,0.731794179,0.7890625,4000,0.715122269,1,0,0.286669375,0.999284033,0
flagship,57940,pre_mlp_norm,decoder.layers.mlp.linear_fc1.layer_norm_weight,32,5120,0.744899139,0.80859375,4000,0.726663773,1,0,0.275241931,0.999280667,0
flagship,57940,pre_mlp_norm,decoder.layers.mlp.linear_fc1.layer_norm_weight,33,5120,0.761816896,0.8203125,4000,0.741797936,1,0,0.260336208,0.999254086,0
flagship,57940,pre_mlp_norm,decoder.layers.mlp.linear_fc1.layer_norm_weight,34,5120,0.781914689,0.83984375,4000,0.75998354,1,0,0.2423819,0.999249271,0
flagship,57940,pre_mlp_norm,decoder.layers.mlp.linear_fc1.layer_norm_weight,35,5120,0.80818553,0.86328125,4000,0.784199913,1,0,0.218552173,0.999237838,0
flagship,57940,pre_mlp_norm,decoder.layers.mlp.linear_fc1.layer_norm_weight,36,5120,0.834207899,0.921875,4000,0.807963578,1,0,0.195264173,0.999226382,0
flagship,57940,pre_mlp_norm,decoder.layers.mlp.linear_fc1.layer_norm_weight,37,5120,0.853885,0.90234375,4000,0.825606053,1,0,0.178264183,0.999173413,0
flagship,57940,pre_mlp_norm,decoder.layers.mlp.linear_fc1.layer_norm_weight,38,5120,0.8707312,0.921875,4000,0.840394245,1,0,0.16411971,0.999130597,0
flagship,57940,pre_mlp_norm,decoder.layers.mlp.linear_fc1.layer_norm_weight,39,5120,0.884217291,0.93359375,4000,0.851844212,1,0,0.15340205,0.999071396,0
flagship,57940,pre_mlp_norm,decoder.layers.mlp.linear_fc1.layer_norm_weight,40,5120,0.896569481,0.94921875,4000,0.86234189,1,0,0.143654071,0.999022003,0
flagship,57940,pre_mlp_norm,decoder.layers.mlp.linear_fc1.layer_norm_weight,41,5120,0.908885215,0.984375,4000,0.87195387,1,0,0.134836636,0.998976376,0
flagship,57940,pre_mlp_norm,decoder.layers.mlp.linear_fc1.layer_norm_weight,42,5120,0.919842524,0.984375,4000,0.881909235,1,0,0.125861891,0.99892518,0
flagship,57940,pre_mlp_norm,decoder.layers.mlp.linear_fc1.layer_norm_weight,43,5120,0.929772559,1,4000,0.889661682,1,0,0.118898345,0.998897181,0
flagship,57940,pre_mlp_norm,decoder.layers.mlp.linear_fc1.layer_norm_weight,44,5120,0.936791781,1.0234375,4000,0.895377971,1,0,0.114210133,0.998828324,0
flagship,57940,pre_mlp_norm,decoder.layers.mlp.linear_fc1.layer_norm_weight,45,5120,0.944288605,1.0390625,4000,0.901966135,1,0,0.108587843,0.998791152,0
flagship,57940,pre_mlp_norm,decoder.layers.mlp.linear_fc1.layer_norm_weight,46,5120,0.951380232,1.046875,4000,0.907685842,1,0,0.104001992,0.998736066,0
flagship,57940,pre_mlp_norm,decoder.layers.mlp.linear_fc1.layer_norm_weight,47,5120,0.958290127,1.0703125,4000,0.913891182,1,0,0.0987949522,0.998716634,0
flagship,57940,pre_mlp_norm,decoder.layers.mlp.linear_fc1.layer_norm_weight,48,5120,0.963425737,1.0703125,4000,0.918332043,1,0,0.0957393393,0.998640815,0
flagship,57940,pre_mlp_norm,decoder.layers.mlp.linear_fc1.layer_norm_weight,49,5120,0.974625569,1.1015625,4000,0.928835104,1,0,0.087213254,0.998631776,0
flagship,57940,pre_mlp_norm,decoder.layers.mlp.linear_fc1.layer_norm_weight,50,5120,0.97994979,1.1171875,4000,0.934505649,1,0,0.0831812889,0.998593044,0
flagship,57940,pre_mlp_norm,decoder.layers.mlp.linear_fc1.layer_norm_weight,51,5120,0.986392291,1.15625,4000,0.941050915,1,0,0.0787234052,0.998553542,0
flagship,57940,pre_mlp_norm,decoder.layers.mlp.linear_fc1.layer_norm_weight,52,5120,0.989498977,1.171875,4000,0.945201179,1,0,0.0755741328,0.998567216,0
flagship,57940,pre_mlp_norm,decoder.layers.mlp.linear_fc1.layer_norm_weight,53,5120,0.995974919,1.2109375,4000,0.953238282,1,0,0.0688169013,0.998662922,0
flagship,57940,pre_mlp_norm,decoder.layers.mlp.linear_fc1.layer_norm_weight,54,5120,1.00400843,1.2578125,4000,0.963488248,1,0,0.0625514724,0.998661334,0
flagship,57940,pre_mlp_norm,decoder.layers.mlp.linear_fc1.layer_norm_weight,55,5120,1.00244149,1.28125,4000,0.96482433,1,0,0.0618146007,0.998661043,0
flagship,57940,pre_mlp_norm,decoder.layers.mlp.linear_fc1.layer_norm_weight,56,5120,1.00478508,1.4140625,4000,0.970224902,1,0,0.0586002761,0.998687193,0
flagship,57940,pre_mlp_norm,decoder.layers.mlp.linear_fc1.layer_norm_weight,57,5120,1.01478581,1.4375,4000,0.983981836,1,0,0.0541883553,0.99863829,0
flagship,57940,pre_mlp_norm,decoder.layers.mlp.linear_fc1.layer_norm_weight,58,5120,1.01814427,1.4921875,4000,0.991730046,1,0,0.0530287236,0.998616734,0
flagship,57940,pre_mlp_norm,decoder.layers.mlp.linear_fc1.layer_norm_weight,59,5120,1.01423563,1.5546875,4000,0.992900959,1,0,0.0546784571,0.998519824,0
flagship,57940,pre_mlp_norm,decoder.layers.mlp.linear_fc1.layer_norm_weight,60,5120,1.02870901,1.6796875,4000,1.01293117,1,0,0.0584552141,0.998395845,0
flagship,57940,pre_mlp_norm,decoder.layers.mlp.linear_fc1.layer_norm_weight,61,5120,1.05810916,1.6953125,4000,1.04695517,1,0,0.0725757987,0.998537445,0
flagship,57940,pre_mlp_norm,decoder.layers.mlp.linear_fc1.layer_norm_weight,62,5120,1.09584984,1.59375,4000,1.09031936,1,0,0.101037414,0.999059462,0
flagship,57940,pre_mlp_norm,decoder.layers.mlp.linear_fc1.layer_norm_weight,63,5120,1.18519391,1.6796875,4000,1.18557152,1,0,0.193146958,0.998790053,0
flagship,57940,q_norm,decoder.layers.self_attention.q_layernorm.weight,0,128,1.22392154,1.859375,4000,1.26829222,1,0,0.380827482,0.971201883,0
flagship,57940,q_norm,decoder.layers.self_attention.q_layernorm.weight,1,128,1.56257522,1.984375,4000,1.44685408,1,0,0.464086726,0.994575153,0
flagship,57940,q_norm,decoder.layers.self_attention.q_layernorm.weight,2,128,1.51492152,1.8671875,4000,1.34262077,1,0,0.372168284,0.992134697,0
flagship,57940,q_norm,decoder.layers.self_attention.q_layernorm.weight,3,128,1.62259805,1.953125,4000,1.41831988,1,0,0.44115219,0.993082049,0
flagship,57940,q_norm,decoder.layers.self_attention.q_layernorm.weight,4,128,1.53994927,1.8984375,4000,1.38354387,1,0,0.407469897,0.993160385,0
flagship,57940,q_norm,decoder.layers.self_attention.q_layernorm.weight,5,128,1.49930159,1.8046875,4000,1.3339847,1,0,0.357594663,0.993879926,0
flagship,57940,q_norm,decoder.layers.self_attention.q_layernorm.weight,6,128,1.7848456,2.1875,4000,1.53827458,1,0,0.563774646,0.990865634,0
flagship,57940,q_norm,decoder.layers.self_attention.q_layernorm.weight,7,128,1.6785777,2.09375,4000,1.4560805,1,0,0.511468235,0.981597745,0
flagship,57940,q_norm,decoder.layers.self_attention.q_layernorm.weight,8,128,1.63513632,1.890625,4000,1.50130298,1,0,0.531953591,0.989452514,0
flagship,57940,q_norm,decoder.layers.self_attention.q_layernorm.weight,9,128,1.61967335,2.03125,4000,1.54946687,1,0,0.582678707,0.987866587,0
flagship,57940,q_norm,decoder.layers.self_attention.q_layernorm.weight,10,128,1.65481304,2.03125,4000,1.60227322,1,0,0.61628863,0.994670496,0
flagship,57940,q_norm,decoder.layers.self_attention.q_layernorm.weight,11,128,1.68505308,1.9765625,4000,1.63614919,1,0,0.659188082,0.990880072,0
flagship,57940,q_norm,decoder.layers.self_attention.q_layernorm.weight,12,128,1.62465756,2.421875,4000,1.56735893,1,0,0.586519866,0.992946925,0
flagship,57940,q_norm,decoder.layers.self_attention.q_layernorm.weight,13,128,1.57847992,1.984375,4000,1.53507152,1,0,0.566326427,0.988787466,0
flagship,57940,q_norm,decoder.layers.self_attention.q_layernorm.weight,14,128,1.53699809,2.0625,4000,1.52930294,1,0,0.557346004,0.990036976,0
flagship,57940,q_norm,decoder.layers.self_attention.q_layernorm.weight,15,128,1.66684563,2.0625,4000,1.635654,1,0,0.653355512,0.993024989,0
flagship,57940,q_norm,decoder.layers.self_attention.q_layernorm.weight,16,128,1.50747629,2.046875,4000,1.49215831,1,0,0.51294347,0.992999675,0
flagship,57940,q_norm,decoder.layers.self_attention.q_layernorm.weight,17,128,1.69668467,2.109375,4000,1.62739822,1,0,0.642849242,0.993969944,0
flagship,57940,q_norm,decoder.layers.self_attention.q_layernorm.weight,18,128,1.67296882,2.0625,4000,1.63824951,1,0,0.677682506,0.984162627,0
flagship,57940,q_norm,decoder.layers.self_attention.q_layernorm.weight,19,128,1.74874504,2.078125,4000,1.66163295,1,0,0.690185981,0.988385364,0
flagship,57940,q_norm,decoder.layers.self_attention.q_layernorm.weight,20,128,1.62129647,2.078125,4000,1.58819818,1,0,0.628685932,0.984489057,0
flagship,57940,q_norm,decoder.layers.self_attention.q_layernorm.weight,21,128,1.62221638,2.046875,4000,1.56891957,1,0,0.622445695,0.979677362,0
flagship,57940,q_norm,decoder.layers.self_attention.q_layernorm.weight,22,128,1.72637726,2.15625,4000,1.62788413,1,0,0.693718829,0.973275946,0
flagship,57940,q_norm,decoder.layers.self_attention.q_layernorm.weight,23,128,1.65250117,2.078125,4000,1.57386129,1,0,0.595935321,0.991796569,0
flagship,57940,q_norm,decoder.layers.self_attention.q_layernorm.weight,24,128,1.64217855,1.890625,4000,1.53835598,1,0,0.559486936,0.992459983,0
flagship,57940,q_norm,decoder.layers.self_attention.q_layernorm.weight,25,128,1.61958847,2.078125,4000,1.54581315,1,0,0.62840631,0.968630589,0
flagship,57940,q_norm,decoder.layers.self_attention.q_layernorm.weight,26,128,1.47405803,1.9375,4000,1.43102004,1,0,0.593018547,0.942036901,0
flagship,57940,q_norm,decoder.layers.self_attention.q_layernorm.weight,27,128,1.62307963,2.125,4000,1.52627834,1,0,0.596098794,0.974328114,0
flagship,57940,q_norm,decoder.layers.self_attention.q_layernorm.weight,28,128,1.44561773,1.8046875,4000,1.39838328,1,0,0.566642133,0.941942217,0.0078125
flagship,57940,q_norm,decoder.layers.self_attention.q_layernorm.weight,29,128,1.50715185,1.8359375,4000,1.44199107,1,0,0.572377454,0.954139856,0
flagship,57940,q_norm,decoder.layers.self_attention.q_layernorm.weight,30,128,1.52216672,1.96875,4000,1.45651708,1,0,0.518791475,0.979150006,0
flagship,57940,q_norm,decoder.layers.self_attention.q_layernorm.weight,31,128,1.44777434,1.7890625,4000,1.41404438,1,0,0.530104163,0.961253806,0
flagship,57940,q_norm,decoder.layers.self_attention.q_layernorm.weight,32,128,1.59325345,1.9296875,4000,1.54514148,1,0,0.596503708,0.981025224,0
flagship,57940,q_norm,decoder.layers.self_attention.q_layernorm.weight,33,128,1.39669975,1.765625,4000,1.3592104,1,0,0.575885835,0.92546688,0
flagship,57940,q_norm,decoder.layers.self_attention.q_layernorm.weight,34,128,1.48595214,1.8828125,4000,1.43677609,1,0,0.589587379,0.945419499,0
flagship,57940,q_norm,decoder.layers.self_attention.q_layernorm.weight,35,128,1.60005505,1.9375,4000,1.55629875,1,0,0.615946912,0.977535703,0
flagship,57940,q_norm,decoder.layers.self_attention.q_layernorm.weight,36,128,1.48686329,1.9296875,4000,1.4515325,1,0,0.561680118,0.961556851,0
flagship,57940,q_norm,decoder.layers.self_attention.q_layernorm.weight,37,128,1.3303972,1.7578125,4000,1.30460285,1,0,0.384071399,0.979025058,0
flagship,57940,q_norm,decoder.layers.self_attention.q_layernorm.weight,38,128,1.64623674,1.9921875,4000,1.59468788,1,0,0.610198338,0.994140442,0
flagship,57940,q_norm,decoder.layers.self_attention.q_layernorm.weight,39,128,1.46531629,1.859375,4000,1.43361865,1,0,0.472237999,0.987798849,0
flagship,57940,q_norm,decoder.layers.self_attention.q_layernorm.weight,40,128,1.38529897,1.765625,4000,1.35468821,1,0,0.481647346,0.960810004,0
flagship,57940,q_norm,decoder.layers.self_attention.q_layernorm.weight,41,128,1.38478527,1.7421875,4000,1.34903698,1,0,0.460820003,0.966447079,0
flagship,57940,q_norm,decoder.layers.self_attention.q_layernorm.weight,42,128,1.2612977,1.6796875,4000,1.2343201,1,0,0.371218673,0.966419818,0
flagship,57940,q_norm,decoder.layers.self_attention.q_layernorm.weight,43,128,1.32924412,1.8203125,4000,1.29765181,1,0,0.390678976,0.975327179,0
flagship,57940,q_norm,decoder.layers.self_attention.q_layernorm.weight,44,128,1.29735781,1.7578125,4000,1.26458679,1,0,0.442934419,0.950108318,0
flagship,57940,q_norm,decoder.layers.self_attention.q_layernorm.weight,45,128,1.34726104,1.8125,4000,1.2862423,1,0,0.489535526,0.938693365,0
flagship,57940,q_norm,decoder.layers.self_attention.q_layernorm.weight,46,128,1.41348048,1.8125,4000,1.35907183,1,0,0.510297479,0.951632089,0
flagship,57940,q_norm,decoder.layers.self_attention.q_layernorm.weight,47,128,1.3123005,1.71875,4000,1.2785991,1,0,0.465939281,0.945455163,0
flagship,57940,q_norm,decoder.layers.self_attention.q_layernorm.weight,48,128,1.51487264,1.8125,4000,1.40492997,1,0,0.502717757,0.968412353,0
flagship,57940,q_norm,decoder.layers.self_attention.q_layernorm.weight,49,128,1.36987646,1.7734375,4000,1.31446867,1,0,0.479847568,0.950031847,0
flagship,57940,q_norm,decoder.layers.self_attention.q_layernorm.weight,50,128,1.45329186,1.75,4000,1.38076717,1,0,0.424008453,0.98739848,0
flagship,57940,q_norm,decoder.layers.self_attention.q_layernorm.weight,51,128,1.48622273,1.8203125,4000,1.40803855,1,0,0.495861095,0.971810868,0.0078125
flagship,57940,q_norm,decoder.layers.self_attention.q_layernorm.weight,52,128,1.52707023,1.8203125,4000,1.45218595,1,0,0.481435653,0.990597574,0
flagship,57940,q_norm,decoder.layers.self_attention.q_layernorm.weight,53,128,1.46232662,1.796875,4000,1.357307,1,0,0.479312837,0.962398888,0
flagship,57940,q_norm,decoder.layers.self_attention.q_layernorm.weight,54,128,1.38964593,1.6953125,4000,1.33063342,1,0,0.500673172,0.946884258,0
flagship,57940,q_norm,decoder.layers.self_attention.q_layernorm.weight,55,128,1.53198625,1.9609375,4000,1.40325067,1,0,0.435112856,0.990482068,0
flagship,57940,q_norm,decoder.layers.self_attention.q_layernorm.weight,56,128,1.5553425,1.84375,4000,1.444834,1,0,0.472820216,0.991112589,0
flagship,57940,q_norm,decoder.layers.self_attention.q_layernorm.weight,57,128,1.51474611,1.953125,4000,1.41395529,1,0,0.471351973,0.982031365,0
flagship,57940,q_norm,decoder.layers.self_attention.q_layernorm.weight,58,128,1.59963248,1.8125,4000,1.4880217,1,0,0.498015806,0.996688704,0
flagship,57940,q_norm,decoder.layers.self_attention.q_layernorm.weight,59,128,1.52790795,1.8828125,4000,1.3917825,1,0,0.409476465,0.994906732,0
flagship,57940,q_norm,decoder.layers.self_attention.q_layernorm.weight,60,128,1.46372634,1.7578125,4000,1.39531202,1,0,0.415382124,0.994169507,0
flagship,57940,q_norm,decoder.layers.self_attention.q_layernorm.weight,61,128,1.46132655,1.9296875,4000,1.38268003,1,0,0.400408525,0.994979681,0
flagship,57940,q_norm,decoder.layers.self_attention.q_layernorm.weight,62,128,1.36764379,1.7421875,4000,1.31206064,1,0,0.326292338,0.996537946,0
flagship,57940,q_norm,decoder.layers.self_attention.q_layernorm.weight,63,128,1.18886408,1.4375,4000,1.16256163,1,0,0.183014155,0.996960205,0
flagship,60000,attention_input_norm,decoder.layers.self_attention.linear_qkv.layer_norm_weight,0,5120,0.0640123346,0.66015625,4000,0.0648639837,1,0,0,1,0
flagship,60000,attention_input_norm,decoder.layers.self_attention.linear_qkv.layer_norm_weight,1,5120,0.36036297,0.77734375,4000,0.363983186,1,0,0,1,0
flagship,60000,attention_input_norm,decoder.layers.self_attention.linear_qkv.layer_norm_weight,2,5120,0.584057542,0.7109375,4000,0.583473392,1,0,0,1,0
flagship,60000,attention_input_norm,decoder.layers.self_attention.linear_qkv.layer_norm_weight,3,5120,0.71429049,1.03125,4000,0.710160227,1,0,0,1,0
flagship,60000,attention_input_norm,decoder.layers.self_attention.linear_qkv.layer_norm_weight,4,5120,0.739682887,0.9609375,4000,0.739658663,1,0,0,1,0
flagship,60000,attention_input_norm,decoder.layers.self_attention.linear_qkv.layer_norm_weight,5,5120,0.845998045,1.0859375,4000,0.842591607,1,0,0,1,0
flagship,60000,attention_input_norm,decoder.layers.self_attention.linear_qkv.layer_norm_weight,6,5120,0.917521883,1.15625,4000,0.912114703,1,0,0,1,0
flagship,60000,attention_input_norm,decoder.layers.self_attention.linear_qkv.layer_norm_weight,7,5120,1.09184331,1.25,4000,1.07900765,1,0,0,1,0
flagship,60000,attention_input_norm,decoder.layers.self_attention.linear_qkv.layer_norm_weight,8,5120,1.03042495,1.3359375,4000,1.0403485,1,0,0,1,0
flagship,60000,attention_input_norm,decoder.layers.self_attention.linear_qkv.layer_norm_weight,9,5120,0.964755997,1.3125,4000,0.978783915,1,0,0,1,0
flagship,60000,attention_input_norm,decoder.layers.self_attention.linear_qkv.layer_norm_weight,10,5120,0.980260736,1.4140625,4000,0.995699437,1,0,0,1,0
flagship,60000,attention_input_norm,decoder.layers.self_attention.linear_qkv.layer_norm_weight,11,5120,1.04391815,1.3984375,4000,1.06078302,1,0,0,1,0
flagship,60000,attention_input_norm,decoder.layers.self_attention.linear_qkv.layer_norm_weight,12,5120,0.987700769,1.4140625,4000,1.0036232,1,0,0,1,0
flagship,60000,attention_input_norm,decoder.layers.self_attention.linear_qkv.layer_norm_weight,13,5120,1.03347786,1.328125,4000,1.05031571,1,0,0,1,0
flagship,60000,attention_input_norm,decoder.layers.self_attention.linear_qkv.layer_norm_weight,14,5120,1.00121359,1.1953125,4000,1.01878681,1,0,0,1,0
flagship,60000,attention_input_norm,decoder.layers.self_attention.linear_qkv.layer_norm_weight,15,5120,1.11957931,1.34375,4000,1.13886012,1,0,0,1,0
flagship,60000,attention_input_norm,decoder.layers.self_attention.linear_qkv.layer_norm_weight,16,5120,1.13249193,1.3046875,4000,1.15227381,1,0,0,1,0
flagship,60000,attention_input_norm,decoder.layers.self_attention.linear_qkv.layer_norm_weight,17,5120,1.26020778,1.5078125,4000,1.28065424,1,0,0,1,0
flagship,60000,attention_input_norm,decoder.layers.self_attention.linear_qkv.layer_norm_weight,18,5120,1.22264206,1.4375,4000,1.24409762,1,0,0,1,0
flagship,60000,attention_input_norm,decoder.layers.self_attention.linear_qkv.layer_norm_weight,19,5120,1.33531935,1.546875,4000,1.3541848,1,0,0,1,0
flagship,60000,attention_input_norm,decoder.layers.self_attention.linear_qkv.layer_norm_weight,20,5120,1.20865849,1.4453125,4000,1.22996867,1,0,0,1,0
flagship,60000,attention_input_norm,decoder.layers.self_attention.linear_qkv.layer_norm_weight,21,5120,1.20591666,1.5625,4000,1.22638567,1,0,0,1,0
flagship,60000,attention_input_norm,decoder.layers.self_attention.linear_qkv.layer_norm_weight,22,5120,1.45507605,1.6328125,4000,1.47176355,1,0,0,1,0
flagship,60000,attention_input_norm,decoder.layers.self_attention.linear_qkv.layer_norm_weight,23,5120,1.45323355,1.734375,4000,1.47538562,1,0,0,1,0
flagship,60000,attention_input_norm,decoder.layers.self_attention.linear_qkv.layer_norm_weight,24,5120,1.41915261,1.7265625,4000,1.43314182,1,0,0,1,0
flagship,60000,attention_input_norm,decoder.layers.self_attention.linear_qkv.layer_norm_weight,25,5120,1.33785928,1.5078125,4000,1.35752616,1,0,0,1,0
flagship,60000,attention_input_norm,decoder.layers.self_attention.linear_qkv.layer_norm_weight,26,5120,1.28010482,1.59375,4000,1.30242743,1,0,0,1,0
flagship,60000,attention_input_norm,decoder.layers.self_attention.linear_qkv.layer_norm_weight,27,5120,1.53518808,1.9453125,4000,1.54814857,1,0,0,1,0
flagship,60000,attention_input_norm,decoder.layers.self_attention.linear_qkv.layer_norm_weight,28,5120,1.40233953,1.734375,4000,1.42615246,1,0,0,1,0
flagship,60000,attention_input_norm,decoder.layers.self_attention.linear_qkv.layer_norm_weight,29,5120,1.43403541,1.765625,4000,1.45580523,1,0,0,1,0
flagship,60000,attention_input_norm,decoder.layers.self_attention.linear_qkv.layer_norm_weight,30,5120,1.60710801,1.84375,4000,1.63251833,1,0,0,1,0
flagship,60000,attention_input_norm,decoder.layers.self_attention.linear_qkv.layer_norm_weight,31,5120,1.25451219,1.4765625,4000,1.2776598,1,0,0,1,0
flagship,60000,attention_input_norm,decoder.layers.self_attention.linear_qkv.layer_norm_weight,32,5120,1.38936143,1.6015625,4000,1.41406184,1,0,0,1,0
flagship,60000,attention_input_norm,decoder.layers.self_attention.linear_qkv.layer_norm_weight,33,5120,1.38762227,1.640625,4000,1.4129947,1,0,0,1,0
flagship,60000,attention_input_norm,decoder.layers.self_attention.linear_qkv.layer_norm_weight,34,5120,1.59287027,1.859375,4000,1.62025139,1,0,0,1,0
flagship,60000,attention_input_norm,decoder.layers.self_attention.linear_qkv.layer_norm_weight,35,5120,1.47123517,1.75,4000,1.49791592,1,0,0,1,0
flagship,60000,attention_input_norm,decoder.layers.self_attention.linear_qkv.layer_norm_weight,36,5120,1.26542684,1.453125,4000,1.28875126,1,0,0,1,0
flagship,60000,attention_input_norm,decoder.layers.self_attention.linear_qkv.layer_norm_weight,37,5120,0.901693509,1.078125,4000,0.918660176,1,0,0,1,0
flagship,60000,attention_input_norm,decoder.layers.self_attention.linear_qkv.layer_norm_weight,38,5120,1.18280156,1.34375,4000,1.20442937,1,0,0,1,0
flagship,60000,attention_input_norm,decoder.layers.self_attention.linear_qkv.layer_norm_weight,39,5120,0.970454932,1.125,4000,0.988557207,1,0,0,1,0
flagship,60000,attention_input_norm,decoder.layers.self_attention.linear_qkv.layer_norm_weight,40,5120,1.08403789,1.296875,4000,1.10381521,1,0,0,1,0
flagship,60000,attention_input_norm,decoder.layers.self_attention.linear_qkv.layer_norm_weight,41,5120,1.02429552,1.2109375,4000,1.04302619,1,0,0,1,0
flagship,60000,attention_input_norm,decoder.layers.self_attention.linear_qkv.layer_norm_weight,42,5120,0.930497924,1.140625,4000,0.947404142,1,0,0,1,0
flagship,60000,attention_input_norm,decoder.layers.self_attention.linear_qkv.layer_norm_weight,43,5120,0.975884934,1.1640625,4000,0.993120611,1,0,0,1,0
flagship,60000,attention_input_norm,decoder.layers.self_attention.linear_qkv.layer_norm_weight,44,5120,1.04956046,1.25,4000,1.06777588,1,0,0,1,0
flagship,60000,attention_input_norm,decoder.layers.self_attention.linear_qkv.layer_norm_weight,45,5120,1.15897116,1.359375,4000,1.17606577,1,0,0,1,0
flagship,60000,attention_input_norm,decoder.layers.self_attention.linear_qkv.layer_norm_weight,46,5120,1.22975482,1.390625,4000,1.24386085,1,0,0,1,0
flagship,60000,attention_input_norm,decoder.layers.self_attention.linear_qkv.layer_norm_weight,47,5120,1.06582068,1.234375,4000,1.08154459,1,0,0,1,0
flagship,60000,attention_input_norm,decoder.layers.self_attention.linear_qkv.layer_norm_weight,48,5120,1.36228788,1.5625,4000,1.37446858,1,0,0,1,0
flagship,60000,attention_input_norm,decoder.layers.self_attention.linear_qkv.layer_norm_weight,49,5120,1.29780018,1.5,4000,1.30272783,1,0,0,1,0
flagship,60000,attention_input_norm,decoder.layers.self_attention.linear_qkv.layer_norm_weight,50,5120,1.22714799,1.421875,4000,1.24216063,1,0,0,1,0
flagship,60000,attention_input_norm,decoder.layers.self_attention.linear_qkv.layer_norm_weight,51,5120,1.37435281,1.578125,4000,1.39056207,1,0,0,1,0
flagship,60000,attention_input_norm,decoder.layers.self_attention.linear_qkv.layer_norm_weight,52,5120,1.32369045,1.484375,4000,1.33977369,1,0,0,1,0
flagship,60000,attention_input_norm,decoder.layers.self_attention.linear_qkv.layer_norm_weight,53,5120,1.49954285,1.703125,4000,1.50896858,1,0,0,1,0
flagship,60000,attention_input_norm,decoder.layers.self_attention.linear_qkv.layer_norm_weight,54,5120,1.37235815,1.59375,4000,1.38508933,1,0,0,1,0
flagship,60000,attention_input_norm,decoder.layers.self_attention.linear_qkv.layer_norm_weight,55,5120,1.44721397,1.6796875,4000,1.45151721,1,0,0,1,0
flagship,60000,attention_input_norm,decoder.layers.self_attention.linear_qkv.layer_norm_weight,56,5120,1.49282422,1.6953125,4000,1.50356265,1,0,0,1,0
flagship,60000,attention_input_norm,decoder.layers.self_attention.linear_qkv.layer_norm_weight,57,5120,1.39492511,1.625,4000,1.39712929,1,0,0,1,0
flagship,60000,attention_input_norm,decoder.layers.self_attention.linear_qkv.layer_norm_weight,58,5120,1.44823597,1.6875,4000,1.4526867,1,0,0,1,0
flagship,60000,attention_input_norm,decoder.layers.self_attention.linear_qkv.layer_norm_weight,59,5120,1.30100696,1.5234375,4000,1.30223063,1,0,0,1,0
flagship,60000,attention_input_norm,decoder.layers.self_attention.linear_qkv.layer_norm_weight,60,5120,1.16340605,1.375,4000,1.1693086,1,0,0,1,0
flagship,60000,attention_input_norm,decoder.layers.self_attention.linear_qkv.layer_norm_weight,61,5120,1.12782487,1.359375,4000,1.12984476,1,0,0,1,0
flagship,60000,attention_input_norm,decoder.layers.self_attention.linear_qkv.layer_norm_weight,62,5120,1.03165012,1.1796875,4000,1.03628143,1,0,0,1,0
flagship,60000,attention_input_norm,decoder.layers.self_attention.linear_qkv.layer_norm_weight,63,5120,0.978017059,1.140625,4000,0.981950993,1,0,0,1,0
flagship,60000,final_norm,decoder.final_layernorm.weight,-1,5120,1.68580321,6.0625,4000,1.52291748,1,0,0,1,0
flagship,60000,k_norm,decoder.layers.self_attention.k_layernorm.weight,0,128,1.23568447,2.4375,4000,1.27966633,1,0,0,1,0
flagship,60000,k_norm,decoder.layers.self_attention.k_layernorm.weight,1,128,1.55687372,1.9140625,4000,1.44197544,1,0,0,1,0
flagship,60000,k_norm,decoder.layers.self_attention.k_layernorm.weight,2,128,1.5097813,2.109375,4000,1.34129173,1,0,0,1,0
flagship,60000,k_norm,decoder.layers.self_attention.k_layernorm.weight,3,128,1.61052566,2.0625,4000,1.40985536,1,0,0,1,0
flagship,60000,k_norm,decoder.layers.self_attention.k_layernorm.weight,4,128,1.53066686,1.8828125,4000,1.37770595,1,0,0,1,0
flagship,60000,k_norm,decoder.layers.self_attention.k_layernorm.weight,5,128,1.49707031,1.8515625,4000,1.33371731,1,0,0,1,0
flagship,60000,k_norm,decoder.layers.self_attention.k_layernorm.weight,6,128,1.76337296,2.125,4000,1.52232138,1,0,0,1,0
flagship,60000,k_norm,decoder.layers.self_attention.k_layernorm.weight,7,128,1.65332318,2.09375,4000,1.4353945,1,0,0,1,0
flagship,60000,k_norm,decoder.layers.self_attention.k_layernorm.weight,8,128,1.62378719,2.015625,4000,1.49175264,1,0,0,1,0
flagship,60000,k_norm,decoder.layers.self_attention.k_layernorm.weight,9,128,1.58507706,1.96875,4000,1.51596802,1,0,0,1,0
flagship,60000,k_norm,decoder.layers.self_attention.k_layernorm.weight,10,128,1.63440514,2.21875,4000,1.58190901,1,0,0,1,0
flagship,60000,k_norm,decoder.layers.self_attention.k_layernorm.weight,11,128,1.66506412,2.09375,4000,1.61570763,1,0,0,1,0
flagship,60000,k_norm,decoder.layers.self_attention.k_layernorm.weight,12,128,1.60018065,2,4000,1.54357617,1,0,0,1,0
flagship,60000,k_norm,decoder.layers.self_attention.k_layernorm.weight,13,128,1.56234629,2.265625,4000,1.52148787,1,0,0,1,0
flagship,60000,k_norm,decoder.layers.self_attention.k_layernorm.weight,14,128,1.51731716,1.8984375,4000,1.50831324,1,0,0,1,0
flagship,60000,k_norm,decoder.layers.self_attention.k_layernorm.weight,15,128,1.64735091,2.140625,4000,1.61515539,1,0,0,1,0
flagship,60000,k_norm,decoder.layers.self_attention.k_layernorm.weight,16,128,1.50072081,2.375,4000,1.4841118,1,0,0,1,0
flagship,60000,k_norm,decoder.layers.self_attention.k_layernorm.weight,17,128,1.68040611,2,4000,1.61132759,1,0,0,1,0
flagship,60000,k_norm,decoder.layers.self_attention.k_layernorm.weight,18,128,1.64914054,2.109375,4000,1.61394356,1,0,0,1,0
flagship,60000,k_norm,decoder.layers.self_attention.k_layernorm.weight,19,128,1.72790034,2.125,4000,1.64108856,1,0,0,1,0
flagship,60000,k_norm,decoder.layers.self_attention.k_layernorm.weight,20,128,1.59500742,2.078125,4000,1.56136873,1,0,0,1,0
flagship,60000,k_norm,decoder.layers.self_attention.k_layernorm.weight,21,128,1.59935822,2.015625,4000,1.54520904,1,0,0,1,0
flagship,60000,k_norm,decoder.layers.self_attention.k_layernorm.weight,22,128,1.70442963,2.078125,4000,1.60684227,1,0,0,1,0
flagship,60000,k_norm,decoder.layers.self_attention.k_layernorm.weight,23,128,1.63811793,1.9375,4000,1.55996847,1,0,0,1,0
flagship,60000,k_norm,decoder.layers.self_attention.k_layernorm.weight,24,128,1.62635646,2.109375,4000,1.52659499,1,0,0,1,0
flagship,60000,k_norm,decoder.layers.self_attention.k_layernorm.weight,25,128,1.59069207,2.078125,4000,1.51883493,1,0,0,1,0
flagship,60000,k_norm,decoder.layers.self_attention.k_layernorm.weight,26,128,1.45279199,1.8828125,4000,1.40872228,1,0,0,1,0
flagship,60000,k_norm,decoder.layers.self_attention.k_layernorm.weight,27,128,1.59348698,2.109375,4000,1.49826441,1,0,0,1,0
flagship,60000,k_norm,decoder.layers.self_attention.k_layernorm.weight,28,128,1.42289212,1.859375,4000,1.3752664,1,0,0,1,0
flagship,60000,k_norm,decoder.layers.self_attention.k_layernorm.weight,29,128,1.47292157,1.828125,4000,1.40852234,1,0,0,1,0
flagship,60000,k_norm,decoder.layers.self_attention.k_layernorm.weight,30,128,1.49951795,1.8984375,4000,1.43360591,1,0,0,1,0
flagship,60000,k_norm,decoder.layers.self_attention.k_layernorm.weight,31,128,1.42378298,1.8515625,4000,1.38945559,1,0,0,1,0
flagship,60000,k_norm,decoder.layers.self_attention.k_layernorm.weight,32,128,1.55781348,1.8828125,4000,1.50930873,1,0,0,1,0
flagship,60000,k_norm,decoder.layers.self_attention.k_layernorm.weight,33,128,1.37380778,1.7890625,4000,1.33559595,1,0,0,1,0
flagship,60000,k_norm,decoder.layers.self_attention.k_layernorm.weight,34,128,1.46731018,1.953125,4000,1.41713604,1,0,0,1,0
flagship,60000,k_norm,decoder.layers.self_attention.k_layernorm.weight,35,128,1.55551372,1.9765625,4000,1.51171182,1,0,0,1,0
flagship,60000,k_norm,decoder.layers.self_attention.k_layernorm.weight,36,128,1.45853616,1.984375,4000,1.42264618,1,0,0,1,0
flagship,60000,k_norm,decoder.layers.self_attention.k_layernorm.weight,37,128,1.32792824,1.875,4000,1.30083251,1,0,0,1,0
flagship,60000,k_norm,decoder.layers.self_attention.k_layernorm.weight,38,128,1.62344814,2.078125,4000,1.57113114,1,0,0,1,0
flagship,60000,k_norm,decoder.layers.self_attention.k_layernorm.weight,39,128,1.45218156,2.015625,4000,1.41939211,1,0,0,1,0
flagship,60000,k_norm,decoder.layers.self_attention.k_layernorm.weight,40,128,1.36847184,1.859375,4000,1.33782431,1,0,0,1,0
flagship,60000,k_norm,decoder.layers.self_attention.k_layernorm.weight,41,128,1.37328428,1.859375,4000,1.33638737,1,0,0,1,0
flagship,60000,k_norm,decoder.layers.self_attention.k_layernorm.weight,42,128,1.26368666,1.8515625,4000,1.23528001,1,0,0,1,0
flagship,60000,k_norm,decoder.layers.self_attention.k_layernorm.weight,43,128,1.31898877,1.9140625,4000,1.28632927,1,0,0,1,0
flagship,60000,k_norm,decoder.layers.self_attention.k_layernorm.weight,44,128,1.29281241,1.8828125,4000,1.25898697,1,0,0,1,0
flagship,60000,k_norm,decoder.layers.self_attention.k_layernorm.weight,45,128,1.32989353,1.859375,4000,1.2681283,1,0,0,1,0
flagship,60000,k_norm,decoder.layers.self_attention.k_layernorm.weight,46,128,1.40068158,1.984375,4000,1.34626806,1,0,0,1,0
flagship,60000,k_norm,decoder.layers.self_attention.k_layernorm.weight,47,128,1.29687746,1.8671875,4000,1.26436098,1,0,0,1,0
flagship,60000,k_norm,decoder.layers.self_attention.k_layernorm.weight,48,128,1.48845768,1.8359375,4000,1.38048835,1,0,0,1,0
flagship,60000,k_norm,decoder.layers.self_attention.k_layernorm.weight,49,128,1.34954211,1.78125,4000,1.29568208,1,0,0,1,0
flagship,60000,k_norm,decoder.layers.self_attention.k_layernorm.weight,50,128,1.45119896,1.828125,4000,1.37892718,1,0,0,1,0
flagship,60000,k_norm,decoder.layers.self_attention.k_layernorm.weight,51,128,1.44748441,1.8359375,4000,1.3747672,1,0,0,1,0
flagship,60000,k_norm,decoder.layers.self_attention.k_layernorm.weight,52,128,1.50881916,1.953125,4000,1.43583574,1,0,0,1,0
flagship,60000,k_norm,decoder.layers.self_attention.k_layernorm.weight,53,128,1.44992824,1.796875,4000,1.34722582,1,0,0,1,0
flagship,60000,k_norm,decoder.layers.self_attention.k_layernorm.weight,54,128,1.37987566,1.859375,4000,1.3225123,1,0,0,1,0
flagship,60000,k_norm,decoder.layers.self_attention.k_layernorm.weight,55,128,1.51629012,1.9765625,4000,1.39493725,1,0,0,1,0
flagship,60000,k_norm,decoder.layers.self_attention.k_layernorm.weight,56,128,1.53762372,1.8984375,4000,1.43230336,1,0,0,1,0
flagship,60000,k_norm,decoder.layers.self_attention.k_layernorm.weight,57,128,1.50741795,1.8671875,4000,1.40927031,1,0,0,1,0
flagship,60000,k_norm,decoder.layers.self_attention.k_layernorm.weight,58,128,1.58064718,1.90625,4000,1.47574826,1,0,0,1,0
flagship,60000,k_norm,decoder.layers.self_attention.k_layernorm.weight,59,128,1.5146327,1.8046875,4000,1.38537179,1,0,0,1,0
flagship,60000,k_norm,decoder.layers.self_attention.k_layernorm.weight,60,128,1.43791844,1.8046875,4000,1.37171427,1,0,0,1,0
flagship,60000,k_norm,decoder.layers.self_attention.k_layernorm.weight,61,128,1.44338535,1.953125,4000,1.36804096,1,0,0,1,0
flagship,60000,k_norm,decoder.layers.self_attention.k_layernorm.weight,62,128,1.35702663,1.6796875,4000,1.30368534,1,0,0,1,0
flagship,60000,k_norm,decoder.layers.self_attention.k_layernorm.weight,63,128,1.18772038,1.40625,4000,1.16091303,1,0,0,1,0
flagship,60000,pre_mlp_norm,decoder.layers.mlp.linear_fc1.layer_norm_weight,0,5120,0.507178148,0.69921875,4000,0.517785627,1,0,0,1,0
flagship,60000,pre_mlp_norm,decoder.layers.mlp.linear_fc1.layer_norm_weight,1,5120,0.864301042,0.9921875,4000,0.878413432,1,0,0,1,0
flagship,60000,pre_mlp_norm,decoder.layers.mlp.linear_fc1.layer_norm_weight,2,5120,0.890180448,1.1015625,4000,0.901805528,1,0,0,1,0
flagship,60000,pre_mlp_norm,decoder.layers.mlp.linear_fc1.layer_norm_weight,3,5120,0.867601966,0.9609375,4000,0.885741699,1,0,0,1,0
flagship,60000,pre_mlp_norm,decoder.layers.mlp.linear_fc1.layer_norm_weight,4,5120,0.841049339,1.0390625,4000,0.857474079,1,0,0,1,0
flagship,60000,pre_mlp_norm,decoder.layers.mlp.linear_fc1.layer_norm_weight,5,5120,0.758508439,1.640625,4000,0.776717218,1,0,0,1,0
flagship,60000,pre_mlp_norm,decoder.layers.mlp.linear_fc1.layer_norm_weight,6,5120,0.696699208,1.015625,4000,0.715697884,1,0,0,1,0
flagship,60000,pre_mlp_norm,decoder.layers.mlp.linear_fc1.layer_norm_weight,7,5120,0.665349031,0.96484375,4000,0.681569993,1,0,0,1,0
flagship,60000,pre_mlp_norm,decoder.layers.mlp.linear_fc1.layer_norm_weight,8,5120,0.666737118,0.8984375,4000,0.6808643,1,0,0,1,0
flagship,60000,pre_mlp_norm,decoder.layers.mlp.linear_fc1.layer_norm_weight,9,5120,0.66880656,0.87109375,4000,0.680832331,1,0,0,1,0
flagship,60000,pre_mlp_norm,decoder.layers.mlp.linear_fc1.layer_norm_weight,10,5120,0.651654857,0.76171875,4000,0.661570692,1,0,0,1,0
flagship,60000,pre_mlp_norm,decoder.layers.mlp.linear_fc1.layer_norm_weight,11,5120,0.643921337,0.71875,4000,0.652040212,1,0,0,1,0
flagship,60000,pre_mlp_norm,decoder.layers.mlp.linear_fc1.layer_norm_weight,12,5120,0.643178112,0.7265625,4000,0.649932949,1,0,0,1,0
flagship,60000,pre_mlp_norm,decoder.layers.mlp.linear_fc1.layer_norm_weight,13,5120,0.638418637,0.71484375,4000,0.643769005,1,0,0,1,0
flagship,60000,pre_mlp_norm,decoder.layers.mlp.linear_fc1.layer_norm_weight,14,5120,0.621260475,0.6875,4000,0.625321077,1,0,0,1,0
flagship,60000,pre_mlp_norm,decoder.layers.mlp.linear_fc1.layer_norm_weight,15,5120,0.610786489,0.6796875,4000,0.613592751,1,0,0,1,0
flagship,60000,pre_mlp_norm,decoder.layers.mlp.linear_fc1.layer_norm_weight,16,5120,0.586611982,0.65234375,4000,0.588375724,1,0,0,1,0
flagship,60000,pre_mlp_norm,decoder.layers.mlp.linear_fc1.layer_norm_weight,17,5120,0.564315647,0.625,4000,0.565020852,1,0,0,1,0
flagship,60000,pre_mlp_norm,decoder.layers.mlp.linear_fc1.layer_norm_weight,18,5120,0.554895318,0.63671875,4000,0.55469306,1,0,0,1,0
flagship,60000,pre_mlp_norm,decoder.layers.mlp.linear_fc1.layer_norm_weight,19,5120,0.553525398,0.6484375,4000,0.552211659,1,0,0,1,0
flagship,60000,pre_mlp_norm,decoder.layers.mlp.linear_fc1.layer_norm_weight,20,5120,0.562398855,0.7109375,4000,0.560202988,1,0,0,1,0
flagship,60000,pre_mlp_norm,decoder.layers.mlp.linear_fc1.layer_norm_weight,21,5120,0.561278532,0.69140625,4000,0.558045662,1,0,0,1,0
flagship,60000,pre_mlp_norm,decoder.layers.mlp.linear_fc1.layer_norm_weight,22,5120,0.559363296,0.6171875,4000,0.555236302,1,0,0,1,0
flagship,60000,pre_mlp_norm,decoder.layers.mlp.linear_fc1.layer_norm_weight,23,5120,0.566268774,0.62109375,4000,0.561118586,1,0,0,1,0
flagship,60000,pre_mlp_norm,decoder.layers.mlp.linear_fc1.layer_norm_weight,24,5120,0.579633166,0.6484375,4000,0.573407594,1,0,0,1,0
flagship,60000,pre_mlp_norm,decoder.layers.mlp.linear_fc1.layer_norm_weight,25,5120,0.605489705,0.65625,4000,0.597930093,1,0,0,1,0
flagship,60000,pre_mlp_norm,decoder.layers.mlp.linear_fc1.layer_norm_weight,26,5120,0.62455877,0.68359375,4000,0.615657489,1,0,0,1,0
flagship,60000,pre_mlp_norm,decoder.layers.mlp.linear_fc1.layer_norm_weight,27,5120,0.64685988,0.703125,4000,0.636534883,1,0,0,1,0
flagship,60000,pre_mlp_norm,decoder.layers.mlp.linear_fc1.layer_norm_weight,28,5120,0.667565751,0.72265625,4000,0.655810756,1,0,0,1,0
flagship,60000,pre_mlp_norm,decoder.layers.mlp.linear_fc1.layer_norm_weight,29,5120,0.68546009,0.74609375,4000,0.672091359,1,0,0,1,0
flagship,60000,pre_mlp_norm,decoder.layers.mlp.linear_fc1.layer_norm_weight,30,5120,0.709144349,0.765625,4000,0.694167314,1,0,0,1,0
flagship,60000,pre_mlp_norm,decoder.layers.mlp.linear_fc1.layer_norm_weight,31,5120,0.730146534,0.78515625,4000,0.713512161,1,0,0,1,0
flagship,60000,pre_mlp_norm,decoder.layers.mlp.linear_fc1.layer_norm_weight,32,5120,0.743883103,0.80859375,4000,0.72567261,1,0,0,1,0
flagship,60000,pre_mlp_norm,decoder.layers.mlp.linear_fc1.layer_norm_weight,33,5120,0.760350089,0.82421875,4000,0.740369673,1,0,0,1,0
flagship,60000,pre_mlp_norm,decoder.layers.mlp.linear_fc1.layer_norm_weight,34,5120,0.780373517,0.83984375,4000,0.758485595,1,0,0,1,0
flagship,60000,pre_mlp_norm,decoder.layers.mlp.linear_fc1.layer_norm_weight,35,5120,0.807234507,0.86328125,4000,0.783277115,1,0,0,1,0
flagship,60000,pre_mlp_norm,decoder.layers.mlp.linear_fc1.layer_norm_weight,36,5120,0.832593274,0.92578125,4000,0.806399749,1,0,0,1,0
flagship,60000,pre_mlp_norm,decoder.layers.mlp.linear_fc1.layer_norm_weight,37,5120,0.851933838,0.90234375,4000,0.823719509,1,0,0,1,0
flagship,60000,pre_mlp_norm,decoder.layers.mlp.linear_fc1.layer_norm_weight,38,5120,0.868748333,0.91796875,4000,0.838480463,1,0,0,1,0
flagship,60000,pre_mlp_norm,decoder.layers.mlp.linear_fc1.layer_norm_weight,39,5120,0.882366989,0.93359375,4000,0.850061654,1,0,0,1,0
flagship,60000,pre_mlp_norm,decoder.layers.mlp.linear_fc1.layer_norm_weight,40,5120,0.894911719,0.94140625,4000,0.860747415,1,0,0,1,0
flagship,60000,pre_mlp_norm,decoder.layers.mlp.linear_fc1.layer_norm_weight,41,5120,0.907069831,0.9765625,4000,0.870212252,1,0,0,1,0
flagship,60000,pre_mlp_norm,decoder.layers.mlp.linear_fc1.layer_norm_weight,42,5120,0.918677972,0.98046875,4000,0.880792708,1,0,0,1,0
flagship,60000,pre_mlp_norm,decoder.layers.mlp.linear_fc1.layer_norm_weight,43,5120,0.928783149,0.99609375,4000,0.888714955,1,0,0,1,0
flagship,60000,pre_mlp_norm,decoder.layers.mlp.linear_fc1.layer_norm_weight,44,5120,0.935003588,1.0234375,4000,0.893668831,1,0,0,1,0
flagship,60000,pre_mlp_norm,decoder.layers.mlp.linear_fc1.layer_norm_weight,45,5120,0.943046507,1.0390625,4000,0.900779707,1,0,0,1,0
flagship,60000,pre_mlp_norm,decoder.layers.mlp.linear_fc1.layer_norm_weight,46,5120,0.950602282,1.046875,4000,0.906943621,1,0,0,1,0
flagship,60000,pre_mlp_norm,decoder.layers.mlp.linear_fc1.layer_norm_weight,47,5120,0.957065637,1.0703125,4000,0.912723425,1,0,0,1,0
flagship,60000,pre_mlp_norm,decoder.layers.mlp.linear_fc1.layer_norm_weight,48,5120,0.962920796,1.078125,4000,0.917850736,1,0,0,1,0
flagship,60000,pre_mlp_norm,decoder.layers.mlp.linear_fc1.layer_norm_weight,49,5120,0.974740889,1.1015625,4000,0.928945006,1,0,0,1,0
flagship,60000,pre_mlp_norm,decoder.layers.mlp.linear_fc1.layer_norm_weight,50,5120,0.979409111,1.109375,4000,0.933990044,1,0,0,1,0
flagship,60000,pre_mlp_norm,decoder.layers.mlp.linear_fc1.layer_norm_weight,51,5120,0.986640228,1.15625,4000,0.941287455,1,0,0,1,0
flagship,60000,pre_mlp_norm,decoder.layers.mlp.linear_fc1.layer_norm_weight,52,5120,0.989201972,1.171875,4000,0.94491747,1,0,0,1,0
flagship,60000,pre_mlp_norm,decoder.layers.mlp.linear_fc1.layer_norm_weight,53,5120,0.996366931,1.2265625,4000,0.953613473,1,0,0,1,0
flagship,60000,pre_mlp_norm,decoder.layers.mlp.linear_fc1.layer_norm_weight,54,5120,1.00429708,1.2578125,4000,0.963765248,1,0,0,1,0
flagship,60000,pre_mlp_norm,decoder.layers.mlp.linear_fc1.layer_norm_weight,55,5120,1.00293814,1.296875,4000,0.965302343,1,0,0,1,0
flagship,60000,pre_mlp_norm,decoder.layers.mlp.linear_fc1.layer_norm_weight,56,5120,1.00570743,1.40625,4000,0.971115528,1,0,0,1,0
flagship,60000,pre_mlp_norm,decoder.layers.mlp.linear_fc1.layer_norm_weight,57,5120,1.01624613,1.4453125,4000,0.985397827,1,0,0,1,0
flagship,60000,pre_mlp_norm,decoder.layers.mlp.linear_fc1.layer_norm_weight,58,5120,1.01860873,1.5,4000,0.992182456,1,0,0,1,0
flagship,60000,pre_mlp_norm,decoder.layers.mlp.linear_fc1.layer_norm_weight,59,5120,1.01494981,1.5703125,4000,0.993600116,1,0,0,1,0
flagship,60000,pre_mlp_norm,decoder.layers.mlp.linear_fc1.layer_norm_weight,60,5120,1.02983349,1.6796875,4000,1.0140384,1,0,0,1,0
flagship,60000,pre_mlp_norm,decoder.layers.mlp.linear_fc1.layer_norm_weight,61,5120,1.0583701,1.703125,4000,1.04721336,1,0,0,1,0
flagship,60000,pre_mlp_norm,decoder.layers.mlp.linear_fc1.layer_norm_weight,62,5120,1.09681062,1.6015625,4000,1.09127529,1,0,0,1,0
flagship,60000,pre_mlp_norm,decoder.layers.mlp.linear_fc1.layer_norm_weight,63,5120,1.18802224,1.703125,4000,1.18840075,1,0,0,1,0
flagship,60000,q_norm,decoder.layers.self_attention.q_layernorm.weight,0,128,1.22985767,1.875,4000,1.27444355,1,0,0,1,0
flagship,60000,q_norm,decoder.layers.self_attention.q_layernorm.weight,1,128,1.56897493,2,4000,1.45277984,1,0,0,1,0
flagship,60000,q_norm,decoder.layers.self_attention.q_layernorm.weight,2,128,1.51842343,1.8671875,4000,1.34572439,1,0,0,1,0
flagship,60000,q_norm,decoder.layers.self_attention.q_layernorm.weight,3,128,1.62437383,1.9609375,4000,1.41987209,1,0,0,1,0
flagship,60000,q_norm,decoder.layers.self_attention.q_layernorm.weight,4,128,1.5436959,1.921875,4000,1.38690997,1,0,0,1,0
flagship,60000,q_norm,decoder.layers.self_attention.q_layernorm.weight,5,128,1.50230013,1.8125,4000,1.33665261,1,0,0,1,0
flagship,60000,q_norm,decoder.layers.self_attention.q_layernorm.weight,6,128,1.78817557,2.1875,4000,1.54114453,1,0,0,1,0
flagship,60000,q_norm,decoder.layers.self_attention.q_layernorm.weight,7,128,1.68134644,2.109375,4000,1.45848224,1,0,0,1,0
flagship,60000,q_norm,decoder.layers.self_attention.q_layernorm.weight,8,128,1.6383239,1.8984375,4000,1.50422966,1,0,0,1,0
flagship,60000,q_norm,decoder.layers.self_attention.q_layernorm.weight,9,128,1.62438802,2.046875,4000,1.55397717,1,0,0,1,0
flagship,60000,q_norm,decoder.layers.self_attention.q_layernorm.weight,10,128,1.65858098,2.046875,4000,1.60592153,1,0,0,1,0
flagship,60000,q_norm,decoder.layers.self_attention.q_layernorm.weight,11,128,1.68947666,1.984375,4000,1.64044438,1,0,0,1,0
flagship,60000,q_norm,decoder.layers.self_attention.q_layernorm.weight,12,128,1.63028211,2.453125,4000,1.57278511,1,0,0,1,0
flagship,60000,q_norm,decoder.layers.self_attention.q_layernorm.weight,13,128,1.58403356,2.015625,4000,1.54047243,1,0,0,1,0
flagship,60000,q_norm,decoder.layers.self_attention.q_layernorm.weight,14,128,1.54236478,2.078125,4000,1.53464276,1,0,0,1,0
flagship,60000,q_norm,decoder.layers.self_attention.q_layernorm.weight,15,128,1.6720145,2.078125,4000,1.64072615,1,0,0,1,0
flagship,60000,q_norm,decoder.layers.self_attention.q_layernorm.weight,16,128,1.51389907,2.078125,4000,1.49851583,1,0,0,1,0
flagship,60000,q_norm,decoder.layers.self_attention.q_layernorm.weight,17,128,1.7019662,2.109375,4000,1.63246407,1,0,0,1,0
flagship,60000,q_norm,decoder.layers.self_attention.q_layernorm.weight,18,128,1.67658111,2.078125,4000,1.64178684,1,0,0,1,0
flagship,60000,q_norm,decoder.layers.self_attention.q_layernorm.weight,19,128,1.75328677,2.078125,4000,1.66594844,1,0,0,1,0
flagship,60000,q_norm,decoder.layers.self_attention.q_layernorm.weight,20,128,1.62560399,2.078125,4000,1.59241776,1,0,0,1,0
flagship,60000,q_norm,decoder.layers.self_attention.q_layernorm.weight,21,128,1.62700488,2.0625,4000,1.57355075,1,0,0,1,0
flagship,60000,q_norm,decoder.layers.self_attention.q_layernorm.weight,22,128,1.73077845,2.171875,4000,1.63203423,1,0,0,1,0
flagship,60000,q_norm,decoder.layers.self_attention.q_layernorm.weight,23,128,1.6566643,2.09375,4000,1.5778263,1,0,0,1,0
flagship,60000,q_norm,decoder.layers.self_attention.q_layernorm.weight,24,128,1.64651251,1.9140625,4000,1.54241594,1,0,0,1,0
flagship,60000,q_norm,decoder.layers.self_attention.q_layernorm.weight,25,128,1.62393878,2.078125,4000,1.54996529,1,0,0,1,0
flagship,60000,q_norm,decoder.layers.self_attention.q_layernorm.weight,26,128,1.47854325,1.953125,4000,1.43537431,1,0,0,1,0
flagship,60000,q_norm,decoder.layers.self_attention.q_layernorm.weight,27,128,1.62812754,2.125,4000,1.53102519,1,0,0,1,0
flagship,60000,q_norm,decoder.layers.self_attention.q_layernorm.weight,28,128,1.44896055,1.8046875,4000,1.40161688,1,0,0,1,0
flagship,60000,q_norm,decoder.layers.self_attention.q_layernorm.weight,29,128,1.50937982,1.8359375,4000,1.44412272,1,0,0,1,0
flagship,60000,q_norm,decoder.layers.self_attention.q_layernorm.weight,30,128,1.52577344,1.984375,4000,1.45996825,1,0,0,1,0
flagship,60000,q_norm,decoder.layers.self_attention.q_layernorm.weight,31,128,1.45294149,1.8046875,4000,1.41909114,1,0,0,1,0
flagship,60000,q_norm,decoder.layers.self_attention.q_layernorm.weight,32,128,1.59870535,1.9453125,4000,1.55042875,1,0,0,1,0
flagship,60000,q_norm,decoder.layers.self_attention.q_layernorm.weight,33,128,1.40126046,1.765625,4000,1.3636487,1,0,0,1,0
flagship,60000,q_norm,decoder.layers.self_attention.q_layernorm.weight,34,128,1.49151816,1.890625,4000,1.44215791,1,0,0,1,0
flagship,60000,q_norm,decoder.layers.self_attention.q_layernorm.weight,35,128,1.60490322,1.9375,4000,1.56101433,1,0,0,1,0
flagship,60000,q_norm,decoder.layers.self_attention.q_layernorm.weight,36,128,1.49338367,1.9375,4000,1.45789794,1,0,0,1,0
flagship,60000,q_norm,decoder.layers.self_attention.q_layernorm.weight,37,128,1.33830401,1.765625,4000,1.31235636,1,0,0,1,0
flagship,60000,q_norm,decoder.layers.self_attention.q_layernorm.weight,38,128,1.65116591,1.9921875,4000,1.5994627,1,0,0,1,0
flagship,60000,q_norm,decoder.layers.self_attention.q_layernorm.weight,39,128,1.47332287,1.859375,4000,1.44145203,1,0,0,1,0
flagship,60000,q_norm,decoder.layers.self_attention.q_layernorm.weight,40,128,1.39235651,1.78125,4000,1.3615898,1,0,0,1,0
flagship,60000,q_norm,decoder.layers.self_attention.q_layernorm.weight,41,128,1.39189965,1.7421875,4000,1.3559677,1,0,0,1,0
flagship,60000,q_norm,decoder.layers.self_attention.q_layernorm.weight,42,128,1.2673989,1.6875,4000,1.24029081,1,0,0,1,0
flagship,60000,q_norm,decoder.layers.self_attention.q_layernorm.weight,43,128,1.33683809,1.828125,4000,1.3050653,1,0,0,1,0
flagship,60000,q_norm,decoder.layers.self_attention.q_layernorm.weight,44,128,1.30347379,1.765625,4000,1.27054828,1,0,0,1,0
flagship,60000,q_norm,decoder.layers.self_attention.q_layernorm.weight,45,128,1.3528616,1.8125,4000,1.2915892,1,0,0,1,0
flagship,60000,q_norm,decoder.layers.self_attention.q_layernorm.weight,46,128,1.41957971,1.8203125,4000,1.36493629,1,0,0,1,0
flagship,60000,q_norm,decoder.layers.self_attention.q_layernorm.weight,47,128,1.31753739,1.7265625,4000,1.2837015,1,0,0,1,0
flagship,60000,q_norm,decoder.layers.self_attention.q_layernorm.weight,48,128,1.51980825,1.8203125,4000,1.40950738,1,0,0,1,0
flagship,60000,q_norm,decoder.layers.self_attention.q_layernorm.weight,49,128,1.37523139,1.7734375,4000,1.31960701,1,0,0,1,0
flagship,60000,q_norm,decoder.layers.self_attention.q_layernorm.weight,50,128,1.45913396,1.75,4000,1.38631773,1,0,0,1,0
flagship,60000,q_norm,decoder.layers.self_attention.q_layernorm.weight,51,128,1.49102852,1.828125,4000,1.41259152,1,0,0,1,0
flagship,60000,q_norm,decoder.layers.self_attention.q_layernorm.weight,52,128,1.53365466,1.8203125,4000,1.4584475,1,0,0,1,0
flagship,60000,q_norm,decoder.layers.self_attention.q_layernorm.weight,53,128,1.46848755,1.796875,4000,1.36302547,1,0,0,1,0
flagship,60000,q_norm,decoder.layers.self_attention.q_layernorm.weight,54,128,1.39395681,1.6953125,4000,1.33476123,1,0,0,1,0
flagship,60000,q_norm,decoder.layers.self_attention.q_layernorm.weight,55,128,1.53787565,1.96875,4000,1.40864518,1,0,0,1,0
flagship,60000,q_norm,decoder.layers.self_attention.q_layernorm.weight,56,128,1.56143496,1.8515625,4000,1.45049358,1,0,0,1,0
flagship,60000,q_norm,decoder.layers.self_attention.q_layernorm.weight,57,128,1.51997231,1.96875,4000,1.41883374,1,0,0,1,0
flagship,60000,q_norm,decoder.layers.self_attention.q_layernorm.weight,58,128,1.60574287,1.8203125,4000,1.49370575,1,0,0,1,0
flagship,60000,q_norm,decoder.layers.self_attention.q_layernorm.weight,59,128,1.53054529,1.8828125,4000,1.39418488,1,0,0,1,0
flagship,60000,q_norm,decoder.layers.self_attention.q_layernorm.weight,60,128,1.46787431,1.7578125,4000,1.39926611,1,0,0,1,0
flagship,60000,q_norm,decoder.layers.self_attention.q_layernorm.weight,61,128,1.46637001,1.9453125,4000,1.38745206,1,0,0,1,0
flagship,60000,q_norm,decoder.layers.self_attention.q_layernorm.weight,62,128,1.37210124,1.7421875,4000,1.31633693,1,0,0,1,0
flagship,60000,q_norm,decoder.layers.self_attention.q_layernorm.weight,63,128,1.18998934,1.4453125,4000,1.163662,1,0,0,1,0
flagship,64000,attention_input_norm,decoder.layers.self_attention.linear_qkv.layer_norm_weight,0,5120,0.0567819071,0.64453125,4000,0.0575373593,1,0,0.140297746,0.996096637,0
flagship,64000,attention_input_norm,decoder.layers.self_attention.linear_qkv.layer_norm_weight,1,5120,0.340509327,0.765625,4000,0.343930093,1,0,0.0584721662,0.999796962,0
flagship,64000,attention_input_norm,decoder.layers.self_attention.linear_qkv.layer_norm_weight,2,5120,0.564065435,0.6796875,4000,0.56350128,1,0,0.0371389061,0.999892507,0
flagship,64000,attention_input_norm,decoder.layers.self_attention.linear_qkv.layer_norm_weight,3,5120,0.696935214,1.03125,4000,0.692905304,1,0,0.0267968443,0.999934552,0
flagship,64000,attention_input_norm,decoder.layers.self_attention.linear_qkv.layer_norm_weight,4,5120,0.723898518,0.96484375,4000,0.723874811,1,0,0.0242496804,0.999932214,0
flagship,64000,attention_input_norm,decoder.layers.self_attention.linear_qkv.layer_norm_weight,5,5120,0.831271126,1.09375,4000,0.827923987,1,0,0.0198664012,0.999953366,0
flagship,64000,attention_input_norm,decoder.layers.self_attention.linear_qkv.layer_norm_weight,6,5120,0.902918367,1.1640625,4000,0.897597249,1,0,0.0179713636,0.999964616,0
flagship,64000,attention_input_norm,decoder.layers.self_attention.linear_qkv.layer_norm_weight,7,5120,1.08433588,1.2578125,4000,1.07158848,1,0,0.00993947829,0.999974064,0
flagship,64000,attention_input_norm,decoder.layers.self_attention.linear_qkv.layer_norm_weight,8,5120,1.02211809,1.3515625,4000,1.03196164,1,0,0.0112034087,0.99996949,0
flagship,64000,attention_input_norm,decoder.layers.self_attention.linear_qkv.layer_norm_weight,9,5120,0.957720607,1.328125,4000,0.971646228,1,0,0.0109193761,0.999966731,0
flagship,64000,attention_input_norm,decoder.layers.self_attention.linear_qkv.layer_norm_weight,10,5120,0.970828838,1.421875,4000,0.986118991,1,0,0.0124491359,0.999968496,0
flagship,64000,attention_input_norm,decoder.layers.self_attention.linear_qkv.layer_norm_weight,11,5120,1.03790214,1.4140625,4000,1.05466982,1,0,0.00952497998,0.999971076,0
flagship,64000,attention_input_norm,decoder.layers.self_attention.linear_qkv.layer_norm_weight,12,5120,0.981556824,1.4375,4000,0.997380215,1,0,0.0101526694,0.999967607,0
flagship,64000,attention_input_norm,decoder.layers.self_attention.linear_qkv.layer_norm_weight,13,5120,1.0316409,1.3515625,4000,1.04844882,1,0,0.00793327506,0.999970058,0
flagship,64000,attention_input_norm,decoder.layers.self_attention.linear_qkv.layer_norm_weight,14,5120,1.00041395,1.21875,4000,1.01797314,1,0,0.00774312509,0.999970317,0
flagship,64000,attention_input_norm,decoder.layers.self_attention.linear_qkv.layer_norm_weight,15,5120,1.11799819,1.375,4000,1.13725177,1,0,0.00735628767,0.999973903,0
flagship,64000,attention_input_norm,decoder.layers.self_attention.linear_qkv.layer_norm_weight,16,5120,1.13705828,1.3125,4000,1.15691993,1,0,0.00785249497,0.999977389,0
flagship,64000,attention_input_norm,decoder.layers.self_attention.linear_qkv.layer_norm_weight,17,5120,1.25965457,1.53125,4000,1.28009206,1,0,0.00567501281,0.999983986,0
flagship,64000,attention_input_norm,decoder.layers.self_attention.linear_qkv.layer_norm_weight,18,5120,1.22634016,1.4453125,4000,1.24786062,1,0,0.00685307859,0.999981149,0
flagship,64000,attention_input_norm,decoder.layers.self_attention.linear_qkv.layer_norm_weight,19,5120,1.33971102,1.5625,4000,1.35863851,1,0,0.00633946055,0.999985362,0
flagship,64000,attention_input_norm,decoder.layers.self_attention.linear_qkv.layer_norm_weight,20,5120,1.21511146,1.46875,4000,1.23653542,1,0,0.00833903578,0.999979591,0
flagship,64000,attention_input_norm,decoder.layers.self_attention.linear_qkv.layer_norm_weight,21,5120,1.21593877,1.59375,4000,1.2365779,1,0,0.0105443457,0.999979116,0
flagship,64000,attention_input_norm,decoder.layers.self_attention.linear_qkv.layer_norm_weight,22,5120,1.46466325,1.65625,4000,1.4814607,1,0,0.00843770778,0.9999862,0
flagship,64000,attention_input_norm,decoder.layers.self_attention.linear_qkv.layer_norm_weight,23,5120,1.46523683,1.7734375,4000,1.48757187,1,0,0.00973281029,0.999986856,0
flagship,64000,attention_input_norm,decoder.layers.self_attention.linear_qkv.layer_norm_weight,24,5120,1.43301851,1.7734375,4000,1.4471444,1,0,0.0111220823,0.999986018,0
flagship,64000,attention_input_norm,decoder.layers.self_attention.linear_qkv.layer_norm_weight,25,5120,1.35542467,1.5390625,4000,1.37534977,1,0,0.0143818209,0.999982996,0
flagship,64000,attention_input_norm,decoder.layers.self_attention.linear_qkv.layer_norm_weight,26,5120,1.2980933,1.625,4000,1.32072959,1,0,0.0156390362,0.999976771,0
flagship,64000,attention_input_norm,decoder.layers.self_attention.linear_qkv.layer_norm_weight,27,5120,1.55697936,1.9921875,4000,1.57012381,1,0,0.0152215678,0.999985106,0
flagship,64000,attention_input_norm,decoder.layers.self_attention.linear_qkv.layer_norm_weight,28,5120,1.42071447,1.796875,4000,1.44483942,1,0,0.0146948777,0.999978162,0
flagship,64000,attention_input_norm,decoder.layers.self_attention.linear_qkv.layer_norm_weight,29,5120,1.45283748,1.8203125,4000,1.47489273,1,0,0.0146731649,0.999978583,0
flagship,64000,attention_input_norm,decoder.layers.self_attention.linear_qkv.layer_norm_weight,30,5120,1.63451377,1.90625,4000,1.66035741,1,0,0.0179393772,0.999984749,0
flagship,64000,attention_input_norm,decoder.layers.self_attention.linear_qkv.layer_norm_weight,31,5120,1.2756305,1.5390625,4000,1.29916778,1,0,0.0184830238,0.999971361,0
flagship,64000,attention_input_norm,decoder.layers.self_attention.linear_qkv.layer_norm_weight,32,5120,1.41587164,1.6796875,4000,1.44104335,1,0,0.0203037578,0.999976369,0
flagship,64000,attention_input_norm,decoder.layers.self_attention.linear_qkv.layer_norm_weight,33,5120,1.41415277,1.6640625,4000,1.4400103,1,0,0.0205154174,0.999972854,0
flagship,64000,attention_input_norm,decoder.layers.self_attention.linear_qkv.layer_norm_weight,34,5120,1.63005837,1.90625,4000,1.65807874,1,0,0.024267559,0.999978575,0
flagship,64000,attention_input_norm,decoder.layers.self_attention.linear_qkv.layer_norm_weight,35,5120,1.50239022,1.796875,4000,1.52963597,1,0,0.0222844015,0.999976416,0
flagship,64000,attention_input_norm,decoder.layers.self_attention.linear_qkv.layer_norm_weight,36,5120,1.29030227,1.484375,4000,1.3140852,1,0,0.0213750304,0.999965447,0
flagship,64000,attention_input_norm,decoder.layers.self_attention.linear_qkv.layer_norm_weight,37,5120,0.911394021,1.078125,4000,0.928543217,1,0,0.0149111546,0.999947264,0
flagship,64000,attention_input_norm,decoder.layers.self_attention.linear_qkv.layer_norm_weight,38,5120,1.20081964,1.359375,4000,1.22277692,1,0,0.0173047019,0.999966807,0
flagship,64000,attention_input_norm,decoder.layers.self_attention.linear_qkv.layer_norm_weight,39,5120,0.984392667,1.140625,4000,1.00275493,1,0,0.0174529201,0.999951528,0
flagship,64000,attention_input_norm,decoder.layers.self_attention.linear_qkv.layer_norm_weight,40,5120,1.10223206,1.328125,4000,1.12234132,1,0,0.0192338648,0.999956604,0
flagship,64000,attention_input_norm,decoder.layers.self_attention.linear_qkv.layer_norm_weight,41,5120,1.04068432,1.2421875,4000,1.05971469,1,0,0.0187859721,0.999952308,0
flagship,64000,attention_input_norm,decoder.layers.self_attention.linear_qkv.layer_norm_weight,42,5120,0.941840808,1.140625,4000,0.958953115,1,0,0.0160537007,0.999946096,0
flagship,64000,attention_input_norm,decoder.layers.self_attention.linear_qkv.layer_norm_weight,43,5120,0.988812365,1.171875,4000,1.00627636,1,0,0.0167172538,0.999948686,0
flagship,64000,attention_input_norm,decoder.layers.self_attention.linear_qkv.layer_norm_weight,44,5120,1.0674811,1.2734375,4000,1.08600753,1,0,0.0197224639,0.999952098,0
flagship,64000,attention_input_norm,decoder.layers.self_attention.linear_qkv.layer_norm_weight,45,5120,1.1782058,1.3828125,4000,1.19558412,1,0,0.0189509322,0.999958833,0
flagship,64000,attention_input_norm,decoder.layers.self_attention.linear_qkv.layer_norm_weight,46,5120,1.25397822,1.4296875,4000,1.2683621,1,0,0.0214974742,0.999963646,0
flagship,64000,attention_input_norm,decoder.layers.self_attention.linear_qkv.layer_norm_weight,47,5120,1.07966144,1.265625,4000,1.09558954,1,0,0.0160202866,0.999956558,0
flagship,64000,attention_input_norm,decoder.layers.self_attention.linear_qkv.layer_norm_weight,48,5120,1.38946114,1.6171875,4000,1.4018848,1,0,0.0213797208,0.99997097,0
flagship,64000,attention_input_norm,decoder.layers.self_attention.linear_qkv.layer_norm_weight,49,5120,1.32146207,1.53125,4000,1.32647956,1,0,0.0198231618,0.999970272,0
flagship,64000,attention_input_norm,decoder.layers.self_attention.linear_qkv.layer_norm_weight,50,5120,1.2529163,1.4453125,4000,1.26824418,1,0,0.0226507876,0.999964682,0
flagship,64000,attention_input_norm,decoder.layers.self_attention.linear_qkv.layer_norm_weight,51,5120,1.40925495,1.6171875,4000,1.42587585,1,0,0.0264606214,0.999973063,0
flagship,64000,attention_input_norm,decoder.layers.self_attention.linear_qkv.layer_norm_weight,52,5120,1.3558027,1.515625,4000,1.37227612,1,0,0.0254703015,0.99997061,0
flagship,64000,attention_input_norm,decoder.layers.self_attention.linear_qkv.layer_norm_weight,53,5120,1.53895206,1.7421875,4000,1.54862551,1,0,0.0273026472,0.999973325,0
flagship,64000,attention_input_norm,decoder.layers.self_attention.linear_qkv.layer_norm_weight,54,5120,1.40442968,1.640625,4000,1.41745838,1,0,0.0247398242,0.999967793,0
flagship,64000,attention_input_norm,decoder.layers.self_attention.linear_qkv.layer_norm_weight,55,5120,1.47864534,1.7109375,4000,1.48304204,1,0,0.0228358407,0.999975639,0
flagship,64000,attention_input_norm,decoder.layers.self_attention.linear_qkv.layer_norm_weight,56,5120,1.52818385,1.734375,4000,1.53917663,1,0,0.0246970041,0.999976117,0
flagship,64000,attention_input_norm,decoder.layers.self_attention.linear_qkv.layer_norm_weight,57,5120,1.42286204,1.671875,4000,1.42511037,1,0,0.0212455198,0.999975359,0
flagship,64000,attention_input_norm,decoder.layers.self_attention.linear_qkv.layer_norm_weight,58,5120,1.48026441,1.7421875,4000,1.48481357,1,0,0.0232165691,0.999975583,0
flagship,64000,attention_input_norm,decoder.layers.self_attention.linear_qkv.layer_norm_weight,59,5120,1.32298472,1.5546875,4000,1.32422906,1,0,0.0185964597,0.999970273,0
flagship,64000,attention_input_norm,decoder.layers.self_attention.linear_qkv.layer_norm_weight,60,5120,1.17615138,1.3984375,4000,1.18211859,1,0,0.0133351717,0.999971408,0
flagship,64000,attention_input_norm,decoder.layers.self_attention.linear_qkv.layer_norm_weight,61,5120,1.13429883,1.375,4000,1.13633032,1,0,0.00952915212,0.999971238,0
flagship,64000,attention_input_norm,decoder.layers.self_attention.linear_qkv.layer_norm_weight,62,5120,1.03318084,1.1953125,4000,1.03781902,1,0,0.00669620857,0.999978713,0
flagship,64000,attention_input_norm,decoder.layers.self_attention.linear_qkv.layer_norm_weight,63,5120,0.978517131,1.15625,4000,0.982453077,1,0,0.00565147409,0.999984169,0
flagship,64000,final_norm,decoder.final_layernorm.weight,-1,5120,1.68833194,6.125,4000,1.52520188,1,0,0.0090652532,0.999960095,0
flagship,64000,k_norm,decoder.layers.self_attention.k_layernorm.weight,0,128,1.24663017,2.53125,4000,1.29100162,1,0,0.0124016815,0.999962662,0
flagship,64000,k_norm,decoder.layers.self_attention.k_layernorm.weight,1,128,1.56704372,1.9375,4000,1.45139489,1,0,0.00861196652,0.999984355,0
flagship,64000,k_norm,decoder.layers.self_attention.k_layernorm.weight,2,128,1.51633354,2.15625,4000,1.34711275,1,0,0.0071077079,0.999984226,0
flagship,64000,k_norm,decoder.layers.self_attention.k_layernorm.weight,3,128,1.61654245,2.078125,4000,1.41512247,1,0,0.0057763794,0.999990331,0
flagship,64000,k_norm,decoder.layers.self_attention.k_layernorm.weight,4,128,1.53750656,1.90625,4000,1.38386216,1,0,0.00652974736,0.999988715,0
flagship,64000,k_norm,decoder.layers.self_attention.k_layernorm.weight,5,128,1.50256542,1.859375,4000,1.33861282,1,0,0.00677906383,0.999983818,0
flagship,64000,k_norm,decoder.layers.self_attention.k_layernorm.weight,6,128,1.7706014,2.15625,4000,1.5285617,1,0,0.00580834239,0.999991568,0
flagship,64000,k_norm,decoder.layers.self_attention.k_layernorm.weight,7,128,1.65966154,2.109375,4000,1.44089738,1,0,0.00527000964,0.999993487,0
flagship,64000,k_norm,decoder.layers.self_attention.k_layernorm.weight,8,128,1.63036605,2.046875,4000,1.49779656,1,0,0.00564498428,0.999992306,0
flagship,64000,k_norm,decoder.layers.self_attention.k_layernorm.weight,9,128,1.59220605,2,4000,1.52278619,1,0,0.00655017162,0.999988712,0
flagship,64000,k_norm,decoder.layers.self_attention.k_layernorm.weight,10,128,1.63952971,2.21875,4000,1.58686899,1,0,0.00635856962,0.999984748,0
flagship,64000,k_norm,decoder.layers.self_attention.k_layernorm.weight,11,128,1.67314759,2.109375,4000,1.62355149,1,0,0.00661299064,0.999989967,0
flagship,64000,k_norm,decoder.layers.self_attention.k_layernorm.weight,12,128,1.60981955,2.015625,4000,1.5528741,1,0,0.00779455439,0.999987838,0
flagship,64000,k_norm,decoder.layers.self_attention.k_layernorm.weight,13,128,1.56964285,2.328125,4000,1.52859361,1,0,0.00717997513,0.999985199,0
flagship,64000,k_norm,decoder.layers.self_attention.k_layernorm.weight,14,128,1.52739013,1.921875,4000,1.51832643,1,0,0.00847999514,0.999986173,0
flagship,64000,k_norm,decoder.layers.self_attention.k_layernorm.weight,15,128,1.65752524,2.1875,4000,1.62513087,1,0,0.00812276513,0.999986168,0
flagship,64000,k_norm,decoder.layers.self_attention.k_layernorm.weight,16,128,1.51245589,2.4375,4000,1.49571701,1,0,0.0106764675,0.999973785,0
flagship,64000,k_norm,decoder.layers.self_attention.k_layernorm.weight,17,128,1.68948301,2.03125,4000,1.62003136,1,0,0.00711756467,0.999989317,0
flagship,64000,k_norm,decoder.layers.self_attention.k_layernorm.weight,18,128,1.65632248,2.125,4000,1.62097222,1,0,0.00573102825,0.999993091,0
flagship,64000,k_norm,decoder.layers.self_attention.k_layernorm.weight,19,128,1.73540245,2.140625,4000,1.64821376,1,0,0.00537144083,0.999995021,0
flagship,64000,k_norm,decoder.layers.self_attention.k_layernorm.weight,20,128,1.60332792,2.09375,4000,1.56951375,1,0,0.00664076023,0.9999916,0
flagship,64000,k_norm,decoder.layers.self_attention.k_layernorm.weight,21,128,1.6075321,2.03125,4000,1.55310618,1,0,0.00659262708,0.999991372,0
flagship,64000,k_norm,decoder.layers.self_attention.k_layernorm.weight,22,128,1.71201347,2.09375,4000,1.6139919,1,0,0.00570051377,0.999993679,0
flagship,64000,k_norm,decoder.layers.self_attention.k_layernorm.weight,23,128,1.64622027,1.9609375,4000,1.56768427,1,0,0.00640513573,0.99999176,0
flagship,64000,k_norm,decoder.layers.self_attention.k_layernorm.weight,24,128,1.63434499,2.15625,4000,1.5340935,1,0,0.00712166822,0.999986769,0
flagship,64000,k_norm,decoder.layers.self_attention.k_layernorm.weight,25,128,1.59784323,2.09375,4000,1.52566304,1,0,0.00650210572,0.999989016,0
flagship,64000,k_norm,decoder.layers.self_attention.k_layernorm.weight,26,128,1.4589678,1.8984375,4000,1.41471075,1,0,0.00719718941,0.999983207,0
flagship,64000,k_norm,decoder.layers.self_attention.k_layernorm.weight,27,128,1.60102127,2.125,4000,1.50534847,1,0,0.00615257801,0.999992287,0
flagship,64000,k_norm,decoder.layers.self_attention.k_layernorm.weight,28,128,1.42856652,1.875,4000,1.38075087,1,0,0.00703906824,0.999983244,0
flagship,64000,k_norm,decoder.layers.self_attention.k_layernorm.weight,29,128,1.47668378,1.8359375,4000,1.41212006,1,0,0.00569501489,0.999987079,0
flagship,64000,k_norm,decoder.layers.self_attention.k_layernorm.weight,30,128,1.50596007,1.9140625,4000,1.43976486,1,0,0.00623735455,0.99998982,0
flagship,64000,k_norm,decoder.layers.self_attention.k_layernorm.weight,31,128,1.43217442,1.859375,4000,1.39764471,1,0,0.00842719258,0.999981966,0
flagship,64000,k_norm,decoder.layers.self_attention.k_layernorm.weight,32,128,1.56673821,1.8984375,4000,1.51795558,1,0,0.00704731298,0.999991626,0
flagship,64000,k_norm,decoder.layers.self_attention.k_layernorm.weight,33,128,1.38073827,1.796875,4000,1.34233367,1,0,0.00815604304,0.999979567,0
flagship,64000,k_norm,decoder.layers.self_attention.k_layernorm.weight,34,128,1.47513968,1.9765625,4000,1.42469781,1,0,0.00804048206,0.999982008,0
flagship,64000,k_norm,decoder.layers.self_attention.k_layernorm.weight,35,128,1.56495024,1.9921875,4000,1.52088262,1,0,0.00799679452,0.999986509,0
flagship,64000,k_norm,decoder.layers.self_attention.k_layernorm.weight,36,128,1.46985661,2,4000,1.43368807,1,0,0.0106472504,0.999973643,0
flagship,64000,k_norm,decoder.layers.self_attention.k_layernorm.weight,37,128,1.34010646,1.890625,4000,1.31276224,1,0,0.0149835555,0.999930437,0
flagship,64000,k_norm,decoder.layers.self_attention.k_layernorm.weight,38,128,1.63159532,2.078125,4000,1.57901577,1,0,0.00684866632,0.999989194,0
flagship,64000,k_norm,decoder.layers.self_attention.k_layernorm.weight,39,128,1.46390542,2.03125,4000,1.43085125,1,0,0.0126436899,0.999953037,0
flagship,64000,k_norm,decoder.layers.self_attention.k_layernorm.weight,40,128,1.37965296,1.875,4000,1.34875502,1,0,0.0142469174,0.999932443,0
flagship,64000,k_norm,decoder.layers.self_attention.k_layernorm.weight,41,128,1.38547475,1.8828125,4000,1.34825031,1,0,0.0148869054,0.999929218,0
flagship,64000,k_norm,decoder.layers.self_attention.k_layernorm.weight,42,128,1.27478812,1.8828125,4000,1.24613192,1,0,0.0180512704,0.999876747,0
flagship,64000,k_norm,decoder.layers.self_attention.k_layernorm.weight,43,128,1.33022673,1.9453125,4000,1.29728897,1,0,0.0147178162,0.999928598,0
flagship,64000,k_norm,decoder.layers.self_attention.k_layernorm.weight,44,128,1.30362079,1.890625,4000,1.26951255,1,0,0.0143956069,0.9999319,0
flagship,64000,k_norm,decoder.layers.self_attention.k_layernorm.weight,45,128,1.33777805,1.875,4000,1.27564663,1,0,0.0103994954,0.999963715,0
flagship,64000,k_norm,decoder.layers.self_attention.k_layernorm.weight,46,128,1.41084838,2,4000,1.3560399,1,0,0.00982670697,0.999978219,0
flagship,64000,k_norm,decoder.layers.self_attention.k_layernorm.weight,47,128,1.30545452,1.875,4000,1.27272299,1,0,0.0115683995,0.999955252,0
flagship,64000,k_norm,decoder.layers.self_attention.k_layernorm.weight,48,128,1.49594491,1.84375,4000,1.38743247,1,0,0.00744675812,0.999985,0
flagship,64000,k_norm,decoder.layers.self_attention.k_layernorm.weight,49,128,1.35814693,1.796875,4000,1.30394349,1,0,0.0083405512,0.999985637,0
flagship,64000,k_norm,decoder.layers.self_attention.k_layernorm.weight,50,128,1.4585861,1.84375,4000,1.38594643,1,0,0.00806732959,0.999980514,0
flagship,64000,k_norm,decoder.layers.self_attention.k_layernorm.weight,51,128,1.45581549,1.8515625,4000,1.38267975,1,0,0.00778671893,0.999986325,0
flagship,64000,k_norm,decoder.layers.self_attention.k_layernorm.weight,52,128,1.52056823,1.9609375,4000,1.4470165,1,0,0.00929751173,0.999987196,0
flagship,64000,k_norm,decoder.layers.self_attention.k_layernorm.weight,53,128,1.45887695,1.8125,4000,1.35554067,1,0,0.00813154545,0.999986071,0
flagship,64000,k_norm,decoder.layers.self_attention.k_layernorm.weight,54,128,1.38744999,1.875,4000,1.32977175,1,0,0.00886541624,0.9999759,0
flagship,64000,k_norm,decoder.layers.self_attention.k_layernorm.weight,55,128,1.52553027,1.9921875,4000,1.40343788,1,0,0.00780782802,0.999988159,0
flagship,64000,k_norm,decoder.layers.self_attention.k_layernorm.weight,56,128,1.54700833,1.9140625,4000,1.44104517,1,0,0.00771432467,0.999988937,0
flagship,64000,k_norm,decoder.layers.self_attention.k_layernorm.weight,57,128,1.51623943,1.8828125,4000,1.41751742,1,0,0.00759495415,0.99998835,0
flagship,64000,k_norm,decoder.layers.self_attention.k_layernorm.weight,58,128,1.59142103,1.921875,4000,1.48580711,1,0,0.00806728303,0.999990752,0
flagship,64000,k_norm,decoder.layers.self_attention.k_layernorm.weight,59,128,1.52166206,1.828125,4000,1.39180125,1,0,0.00651167627,0.999989617,0
flagship,64000,k_norm,decoder.layers.self_attention.k_layernorm.weight,60,128,1.44514473,1.828125,4000,1.37860785,1,0,0.00765739895,0.999983394,0
flagship,64000,k_norm,decoder.layers.self_attention.k_layernorm.weight,61,128,1.44883772,1.953125,4000,1.37320872,1,0,0.00666351865,0.99998499,0
flagship,64000,k_norm,decoder.layers.self_attention.k_layernorm.weight,62,128,1.3636913,1.6875,4000,1.31008804,1,0,0.00665418287,0.99998997,0
flagship,64000,k_norm,decoder.layers.self_attention.k_layernorm.weight,63,128,1.19032629,1.421875,4000,1.16346012,1,0,0.00542288586,0.99998773,0
flagship,64000,pre_mlp_norm,decoder.layers.mlp.linear_fc1.layer_norm_weight,0,5120,0.494553952,0.70703125,4000,0.504897399,1,0,0.0304461642,0.999842374,0
flagship,64000,pre_mlp_norm,decoder.layers.mlp.linear_fc1.layer_norm_weight,1,5120,0.858915042,0.9765625,4000,0.872939489,1,0,0.0116031752,0.999951799,0
flagship,64000,pre_mlp_norm,decoder.layers.mlp.linear_fc1.layer_norm_weight,2,5120,0.878082214,1.109375,4000,0.889549301,1,0,0.0160474882,0.999963092,0
flagship,64000,pre_mlp_norm,decoder.layers.mlp.linear_fc1.layer_norm_weight,3,5120,0.86345529,0.9609375,4000,0.881508325,1,0,0.00987868383,0.999962448,0
flagship,64000,pre_mlp_norm,decoder.layers.mlp.linear_fc1.layer_norm_weight,4,5120,0.839637903,1.0390625,4000,0.856035079,1,0,0.00880191857,0.999962609,0
flagship,64000,pre_mlp_norm,decoder.layers.mlp.linear_fc1.layer_norm_weight,5,5120,0.758825523,1.703125,4000,0.777041914,1,0,0.00930960964,0.999956771,0
flagship,64000,pre_mlp_norm,decoder.layers.mlp.linear_fc1.layer_norm_weight,6,5120,0.700392743,1.015625,4000,0.71949214,1,0,0.0110457164,0.999953297,0
flagship,64000,pre_mlp_norm,decoder.layers.mlp.linear_fc1.layer_norm_weight,7,5120,0.667814331,0.96484375,4000,0.684095396,1,0,0.010224602,0.999954761,0
flagship,64000,pre_mlp_norm,decoder.layers.mlp.linear_fc1.layer_norm_weight,8,5120,0.668806011,0.90625,4000,0.68297703,1,0,0.00987440284,0.999956198,0
flagship,64000,pre_mlp_norm,decoder.layers.mlp.linear_fc1.layer_norm_weight,9,5120,0.669472972,0.89453125,4000,0.681510726,1,0,0.00907471103,0.999959362,0
flagship,64000,pre_mlp_norm,decoder.layers.mlp.linear_fc1.layer_norm_weight,10,5120,0.651623582,0.77734375,4000,0.661538941,1,0,0.00895669426,0.999959888,0
flagship,64000,pre_mlp_norm,decoder.layers.mlp.linear_fc1.layer_norm_weight,11,5120,0.642712921,0.72265625,4000,0.65081656,1,0,0.00926081904,0.999958802,0
flagship,64000,pre_mlp_norm,decoder.layers.mlp.linear_fc1.layer_norm_weight,12,5120,0.640858878,0.71875,4000,0.647589358,1,0,0.00953221839,0.999960929,0
flagship,64000,pre_mlp_norm,decoder.layers.mlp.linear_fc1.layer_norm_weight,13,5120,0.635428487,0.70703125,4000,0.640753796,1,0,0.00998067959,0.999960979,0
flagship,64000,pre_mlp_norm,decoder.layers.mlp.linear_fc1.layer_norm_weight,14,5120,0.6172865,0.6875,4000,0.621321128,1,0,0.010970179,0.99996003,0
flagship,64000,pre_mlp_norm,decoder.layers.mlp.linear_fc1.layer_norm_weight,15,5120,0.606904587,0.67578125,4000,0.609693013,1,0,0.0110754262,0.999958601,0
flagship,64000,pre_mlp_norm,decoder.layers.mlp.linear_fc1.layer_norm_weight,16,5120,0.582269001,0.6484375,4000,0.584019685,1,0,0.0117375239,0.999958212,0
flagship,64000,pre_mlp_norm,decoder.layers.mlp.linear_fc1.layer_norm_weight,17,5120,0.560089408,0.62109375,4000,0.560789331,1,0,0.0121850744,0.999953457,0
flagship,64000,pre_mlp_norm,decoder.layers.mlp.linear_fc1.layer_norm_weight,18,5120,0.550712114,0.62890625,4000,0.550511381,1,0,0.0120294939,0.999955728,0
flagship,64000,pre_mlp_norm,decoder.layers.mlp.linear_fc1.layer_norm_weight,19,5120,0.54891378,0.64453125,4000,0.547610986,1,0,0.0125278216,0.999955865,0
flagship,64000,pre_mlp_norm,decoder.layers.mlp.linear_fc1.layer_norm_weight,20,5120,0.557268473,0.70703125,4000,0.555092638,1,0,0.0129147868,0.999957828,0
flagship,64000,pre_mlp_norm,decoder.layers.mlp.linear_fc1.layer_norm_weight,21,5120,0.556049312,0.6953125,4000,0.552846561,1,0,0.0130156938,0.999958307,0
flagship,64000,pre_mlp_norm,decoder.layers.mlp.linear_fc1.layer_norm_weight,22,5120,0.554508361,0.609375,4000,0.550417187,1,0,0.0125880575,0.999958072,0
flagship,64000,pre_mlp_norm,decoder.layers.mlp.linear_fc1.layer_norm_weight,23,5120,0.561040116,0.6171875,4000,0.555937483,1,0,0.0128833083,0.999959263,0
flagship,64000,pre_mlp_norm,decoder.layers.mlp.linear_fc1.layer_norm_weight,24,5120,0.574636276,0.6328125,4000,0.568464373,1,0,0.0124367205,0.999959474,0
flagship,64000,pre_mlp_norm,decoder.layers.mlp.linear_fc1.layer_norm_weight,25,5120,0.600630995,0.6484375,4000,0.593132044,1,0,0.0116963426,0.999963501,0
flagship,64000,pre_mlp_norm,decoder.layers.mlp.linear_fc1.layer_norm_weight,26,5120,0.62072611,0.6796875,4000,0.611879453,1,0,0.0103802303,0.999964738,0
flagship,64000,pre_mlp_norm,decoder.layers.mlp.linear_fc1.layer_norm_weight,27,5120,0.643786225,0.69140625,4000,0.633510289,1,0,0.00957662437,0.999965268,0
flagship,64000,pre_mlp_norm,decoder.layers.mlp.linear_fc1.layer_norm_weight,28,5120,0.664730327,0.7265625,4000,0.653025261,1,0,0.00914985413,0.99996702,0
flagship,64000,pre_mlp_norm,decoder.layers.mlp.linear_fc1.layer_norm_weight,29,5120,0.68294508,0.7421875,4000,0.6696254,1,0,0.00873536841,0.999968462,0
flagship,64000,pre_mlp_norm,decoder.layers.mlp.linear_fc1.layer_norm_weight,30,5120,0.706242818,0.76171875,4000,0.691327063,1,0,0.00873665484,0.999970084,0
flagship,64000,pre_mlp_norm,decoder.layers.mlp.linear_fc1.layer_norm_weight,31,5120,0.727635947,0.78125,4000,0.711058771,1,0,0.00844113156,0.999970183,0
flagship,64000,pre_mlp_norm,decoder.layers.mlp.linear_fc1.layer_norm_weight,32,5120,0.740666372,0.8046875,4000,0.722534626,1,0,0.00891710483,0.99996946,0
flagship,64000,pre_mlp_norm,decoder.layers.mlp.linear_fc1.layer_norm_weight,33,5120,0.75728972,0.81640625,4000,0.737389725,1,0,0.00865107742,0.999970561,0
flagship,64000,pre_mlp_norm,decoder.layers.mlp.linear_fc1.layer_norm_weight,34,5120,0.777441528,0.83984375,4000,0.755635842,1,0,0.00872765955,0.999968855,0
flagship,64000,pre_mlp_norm,decoder.layers.mlp.linear_fc1.layer_norm_weight,35,5120,0.803143231,0.86328125,4000,0.779307261,1,0,0.00917027366,0.999970648,0
flagship,64000,pre_mlp_norm,decoder.layers.mlp.linear_fc1.layer_norm_weight,36,5120,0.829247365,0.9375,4000,0.803159103,1,0,0.00863836875,0.999970646,0
flagship,64000,pre_mlp_norm,decoder.layers.mlp.linear_fc1.layer_norm_weight,37,5120,0.848600182,0.8984375,4000,0.820496257,1,0,0.00849011474,0.999971503,0
flagship,64000,pre_mlp_norm,decoder.layers.mlp.linear_fc1.layer_norm_weight,38,5120,0.865366862,0.9296875,4000,0.835216805,1,0,0.00836574378,0.999972475,0
flagship,64000,pre_mlp_norm,decoder.layers.mlp.linear_fc1.layer_norm_weight,39,5120,0.879270942,0.9296875,4000,0.84707896,1,0,0.00822779621,0.99997221,0
flagship,64000,pre_mlp_norm,decoder.layers.mlp.linear_fc1.layer_norm_weight,40,5120,0.891939206,0.9375,4000,0.857888381,1,0,0.00809074748,0.999972696,0
flagship,64000,pre_mlp_norm,decoder.layers.mlp.linear_fc1.layer_norm_weight,41,5120,0.903819922,0.9765625,4000,0.867094399,1,0,0.00818147449,0.999972853,0
flagship,64000,pre_mlp_norm,decoder.layers.mlp.linear_fc1.layer_norm_weight,42,5120,0.915939107,0.984375,4000,0.878166791,1,0,0.00790286694,0.999973136,0
flagship,64000,pre_mlp_norm,decoder.layers.mlp.linear_fc1.layer_norm_weight,43,5120,0.9259709,0.98046875,4000,0.886024028,1,0,0.00806013552,0.999972016,0
flagship,64000,pre_mlp_norm,decoder.layers.mlp.linear_fc1.layer_norm_weight,44,5120,0.932756865,1.0078125,4000,0.891521431,1,0,0.00780404965,0.999972369,0
flagship,64000,pre_mlp_norm,decoder.layers.mlp.linear_fc1.layer_norm_weight,45,5120,0.94025173,1.03125,4000,0.898110191,1,0,0.00806081758,0.999971819,0
flagship,64000,pre_mlp_norm,decoder.layers.mlp.linear_fc1.layer_norm_weight,46,5120,0.947955969,1.046875,4000,0.904418847,1,0,0.00806180592,0.999971299,0
flagship,64000,pre_mlp_norm,decoder.layers.mlp.linear_fc1.layer_norm_weight,47,5120,0.954764617,1.0625,4000,0.910529014,1,0,0.00808037625,0.999970172,0
flagship,64000,pre_mlp_norm,decoder.layers.mlp.linear_fc1.layer_norm_weight,48,5120,0.960990661,1.0703125,4000,0.916010942,1,0,0.00798511767,0.999970068,0
flagship,64000,pre_mlp_norm,decoder.layers.mlp.linear_fc1.layer_norm_weight,49,5120,0.973038523,1.1015625,4000,0.927322621,1,0,0.00782385982,0.999970868,0
flagship,64000,pre_mlp_norm,decoder.layers.mlp.linear_fc1.layer_norm_weight,50,5120,0.977919316,1.1171875,4000,0.932569336,1,0,0.00806013361,0.999968626,0
flagship,64000,pre_mlp_norm,decoder.layers.mlp.linear_fc1.layer_norm_weight,51,5120,0.985396807,1.15625,4000,0.94010119,1,0,0.00818198548,0.99996728,0
flagship,64000,pre_mlp_norm,decoder.layers.mlp.linear_fc1.layer_norm_weight,52,5120,0.988917616,1.1640625,4000,0.944645844,1,0,0.00824790653,0.999966018,0
flagship,64000,pre_mlp_norm,decoder.layers.mlp.linear_fc1.layer_norm_weight,53,5120,0.994980627,1.21875,4000,0.952286655,1,0,0.00849421865,0.999964843,0
flagship,64000,pre_mlp_norm,decoder.layers.mlp.linear_fc1.layer_norm_weight,54,5120,1.00296273,1.25,4000,0.96248475,1,0,0.00893867664,0.999960881,0
flagship,64000,pre_mlp_norm,decoder.layers.mlp.linear_fc1.layer_norm_weight,55,5120,1.00079771,1.296875,4000,0.963242234,1,0,0.00956369958,0.999956452,0
flagship,64000,pre_mlp_norm,decoder.layers.mlp.linear_fc1.layer_norm_weight,56,5120,1.00394576,1.3828125,4000,0.969414451,1,0,0.00963096936,0.999955078,0
flagship,64000,pre_mlp_norm,decoder.layers.mlp.linear_fc1.layer_norm_weight,57,5120,1.01697298,1.4375,4000,0.986102614,1,0,0.00966804689,0.999953553,0
flagship,64000,pre_mlp_norm,decoder.layers.mlp.linear_fc1.layer_norm_weight,58,5120,1.02026816,1.5,4000,0.993798835,1,0,0.0100988868,0.999950414,0
flagship,64000,pre_mlp_norm,decoder.layers.mlp.linear_fc1.layer_norm_weight,59,5120,1.01537922,1.546875,4000,0.994020493,1,0,0.0100612979,0.999949496,0
flagship,64000,pre_mlp_norm,decoder.layers.mlp.linear_fc1.layer_norm_weight,60,5120,1.03117245,1.65625,4000,1.01535683,1,0,0.00989013581,0.999952,0
flagship,64000,pre_mlp_norm,decoder.layers.mlp.linear_fc1.layer_norm_weight,61,5120,1.05790117,1.7109375,4000,1.04674937,1,0,0.00884868902,0.999960931,0
flagship,64000,pre_mlp_norm,decoder.layers.mlp.linear_fc1.layer_norm_weight,62,5120,1.09670702,1.6015625,4000,1.09117221,1,0,0.00695700549,0.999975802,0
flagship,64000,pre_mlp_norm,decoder.layers.mlp.linear_fc1.layer_norm_weight,63,5120,1.19006055,1.75,4000,1.19043971,1,0,0.00658070961,0.999979854,0
flagship,64000,q_norm,decoder.layers.self_attention.q_layernorm.weight,0,128,1.24040384,1.9140625,4000,1.28537205,1,0,0.0123542378,0.999960789,0
flagship,64000,q_norm,decoder.layers.self_attention.q_layernorm.weight,1,128,1.57881195,2.03125,4000,1.46188835,1,0,0.00844292539,0.999984113,0
flagship,64000,q_norm,decoder.layers.self_attention.q_layernorm.weight,2,128,1.52454078,1.8828125,4000,1.35114597,1,0,0.00640322478,0.999987664,0
flagship,64000,q_norm,decoder.layers.self_attention.q_layernorm.weight,3,128,1.63020533,1.96875,4000,1.42496943,1,0,0.00557523638,0.999990935,0
flagship,64000,q_norm,decoder.layers.self_attention.q_layernorm.weight,4,128,1.55004496,1.9375,4000,1.39261419,1,0,0.00627850736,0.999988794,0
flagship,64000,q_norm,decoder.layers.self_attention.q_layernorm.weight,5,128,1.50748088,1.8359375,4000,1.34126212,1,0,0.00638981218,0.999985581,0
flagship,64000,q_norm,decoder.layers.self_attention.q_layernorm.weight,6,128,1.79527291,2.203125,4000,1.54726139,1,0,0.00550541631,0.999992751,0
flagship,64000,q_norm,decoder.layers.self_attention.q_layernorm.weight,7,128,1.68734333,2.125,4000,1.46368424,1,0,0.0049477164,0.999994142,0
flagship,64000,q_norm,decoder.layers.self_attention.q_layernorm.weight,8,128,1.64465806,1.9140625,4000,1.51004538,1,0,0.0054396868,0.999992707,0
flagship,64000,q_norm,decoder.layers.self_attention.q_layernorm.weight,9,128,1.63065481,2.078125,4000,1.55997232,1,0,0.00609033221,0.999988938,0
flagship,64000,q_norm,decoder.layers.self_attention.q_layernorm.weight,10,128,1.66379205,2.078125,4000,1.61096715,1,0,0.00627625112,0.999985286,0
flagship,64000,q_norm,decoder.layers.self_attention.q_layernorm.weight,11,128,1.69868227,2,4000,1.64938283,1,0,0.00679719135,0.999991789,0
flagship,64000,q_norm,decoder.layers.self_attention.q_layernorm.weight,12,128,1.64023684,2.515625,4000,1.58238876,1,0,0.00819413638,0.999985161,0
flagship,64000,q_norm,decoder.layers.self_attention.q_layernorm.weight,13,128,1.59166384,2.078125,4000,1.54789288,1,0,0.00750411071,0.999983525,0
flagship,64000,q_norm,decoder.layers.self_attention.q_layernorm.weight,14,128,1.55253273,2.109375,4000,1.54475981,1,0,0.00843701011,0.999986229,0
flagship,64000,q_norm,decoder.layers.self_attention.q_layernorm.weight,15,128,1.68219735,2.109375,4000,1.65071845,1,0,0.00785251081,0.999987788,0
flagship,64000,q_norm,decoder.layers.self_attention.q_layernorm.weight,16,128,1.52506487,2.125,4000,1.50956817,1,0,0.0104891182,0.999972392,0
flagship,64000,q_norm,decoder.layers.self_attention.q_layernorm.weight,17,128,1.71152222,2.125,4000,1.64162986,1,0,0.00734523112,0.999988849,0
flagship,64000,q_norm,decoder.layers.self_attention.q_layernorm.weight,18,128,1.68349364,2.09375,4000,1.64855591,1,0,0.0055251004,0.999993264,0
flagship,64000,q_norm,decoder.layers.self_attention.q_layernorm.weight,19,128,1.76058728,2.09375,4000,1.67288528,1,0,0.00550269541,0.999993556,0
flagship,64000,q_norm,decoder.layers.self_attention.q_layernorm.weight,20,128,1.63453189,2.125,4000,1.6011634,1,0,0.00710491893,0.999989897,0
flagship,64000,q_norm,decoder.layers.self_attention.q_layernorm.weight,21,128,1.63520475,2.078125,4000,1.58148122,1,0,0.00662525156,0.999990799,0
flagship,64000,q_norm,decoder.layers.self_attention.q_layernorm.weight,22,128,1.73802293,2.1875,4000,1.6388654,1,0,0.00536946472,0.999994368,0.0078125
flagship,64000,q_norm,decoder.layers.self_attention.q_layernorm.weight,23,128,1.66453201,2.109375,4000,1.5853196,1,0,0.00593605467,0.999993689,0
flagship,64000,q_norm,decoder.layers.self_attention.q_layernorm.weight,24,128,1.65509749,1.953125,4000,1.55045815,1,0,0.00689529855,0.999989873,0
flagship,64000,q_norm,decoder.layers.self_attention.q_layernorm.weight,25,128,1.63158656,2.109375,4000,1.5572647,1,0,0.00683758397,0.999987771,0
flagship,64000,q_norm,decoder.layers.self_attention.q_layernorm.weight,26,128,1.48468116,1.96875,4000,1.44133301,1,0,0.00708643497,0.999983576,0
flagship,64000,q_norm,decoder.layers.self_attention.q_layernorm.weight,27,128,1.63645576,2.140625,4000,1.53885671,1,0,0.00654174382,0.999991728,0
flagship,64000,q_norm,decoder.layers.self_attention.q_layernorm.weight,28,128,1.45476064,1.8125,4000,1.40722745,1,0,0.00798087132,0.99997626,0
flagship,64000,q_norm,decoder.layers.self_attention.q_layernorm.weight,29,128,1.51458728,1.84375,4000,1.44910503,1,0,0.00640486049,0.99998549,0
flagship,64000,q_norm,decoder.layers.self_attention.q_layernorm.weight,30,128,1.53241167,2,4000,1.46632018,1,0,0.0064928005,0.999988437,0
flagship,64000,q_norm,decoder.layers.self_attention.q_layernorm.weight,31,128,1.46268098,1.8125,4000,1.42860372,1,0,0.00958505136,0.999976687,0
flagship,64000,q_norm,decoder.layers.self_attention.q_layernorm.weight,32,128,1.60920824,1.9609375,4000,1.56061448,1,0,0.00926157536,0.999978831,0
flagship,64000,q_norm,decoder.layers.self_attention.q_layernorm.weight,33,128,1.4093741,1.78125,4000,1.37154456,1,0,0.0102544924,0.999964392,0
flagship,64000,q_norm,decoder.layers.self_attention.q_layernorm.weight,34,128,1.49980007,1.9140625,4000,1.45016574,1,0,0.0082966948,0.999981103,0
flagship,64000,q_norm,decoder.layers.self_attention.q_layernorm.weight,35,128,1.61547863,1.953125,4000,1.57130054,1,0,0.00911053011,0.999980339,0
flagship,64000,q_norm,decoder.layers.self_attention.q_layernorm.weight,36,128,1.50769122,1.953125,4000,1.47186551,1,0,0.0139577953,0.999948973,0
flagship,64000,q_norm,decoder.layers.self_attention.q_layernorm.weight,37,128,1.35216494,1.765625,4000,1.32594855,1,0,0.0163908981,0.999920131,0
flagship,64000,q_norm,decoder.layers.self_attention.q_layernorm.weight,38,128,1.66044747,1.9921875,4000,1.60845363,1,0,0.00825898418,0.999981796,0
flagship,64000,q_norm,decoder.layers.self_attention.q_layernorm.weight,39,128,1.48691197,1.8671875,4000,1.45474718,1,0,0.0146048375,0.999936471,0
flagship,64000,q_norm,decoder.layers.self_attention.q_layernorm.weight,40,128,1.40510639,1.7890625,4000,1.37405794,1,0,0.0160623617,0.999913716,0
flagship,64000,q_norm,decoder.layers.self_attention.q_layernorm.weight,41,128,1.40537961,1.7578125,4000,1.36909967,1,0,0.0170045164,0.999903256,0
flagship,64000,q_norm,decoder.layers.self_attention.q_layernorm.weight,42,128,1.27971836,1.703125,4000,1.25234677,1,0,0.0186285467,0.999874946,0
flagship,64000,q_norm,decoder.layers.self_attention.q_layernorm.weight,43,128,1.35035352,1.84375,4000,1.3182595,1,0,0.0189614097,0.999872626,0
flagship,64000,q_norm,decoder.layers.self_attention.q_layernorm.weight,44,128,1.31396047,1.78125,4000,1.28077007,1,0,0.0148251223,0.999923089,0
flagship,64000,q_norm,decoder.layers.self_attention.q_layernorm.weight,45,128,1.36131591,1.8125,4000,1.29966061,1,0,0.0116082172,0.999952448,0
flagship,64000,q_norm,decoder.layers.self_attention.q_layernorm.weight,46,128,1.43066542,1.8359375,4000,1.37559528,1,0,0.01236724,0.999954373,0
flagship,64000,q_norm,decoder.layers.self_attention.q_layernorm.weight,47,128,1.3265198,1.734375,4000,1.29245323,1,0,0.0124350106,0.999946291,0
flagship,64000,q_norm,decoder.layers.self_attention.q_layernorm.weight,48,128,1.52915245,1.828125,4000,1.41817342,1,0,0.00904586099,0.999978121,0
flagship,64000,q_norm,decoder.layers.self_attention.q_layernorm.weight,49,128,1.38551783,1.78125,4000,1.32947739,1,0,0.0109629324,0.999968119,0
flagship,64000,q_norm,decoder.layers.self_attention.q_layernorm.weight,50,128,1.46717944,1.7578125,4000,1.39396171,1,0,0.0082416214,0.999981342,0
flagship,64000,q_norm,decoder.layers.self_attention.q_layernorm.weight,51,128,1.4999425,1.84375,4000,1.42103657,1,0,0.00902423427,0.999977288,0
flagship,64000,q_norm,decoder.layers.self_attention.q_layernorm.weight,52,128,1.54667945,1.8125,4000,1.47083358,1,0,0.0108821867,0.999977046,0
flagship,64000,q_norm,decoder.layers.self_attention.q_layernorm.weight,53,128,1.47826681,1.8125,4000,1.37210242,1,0,0.0098097701,0.99997423,0
flagship,64000,q_norm,decoder.layers.self_attention.q_layernorm.weight,54,128,1.40226683,1.7265625,4000,1.34271836,1,0,0.0101202164,0.999966758,0
flagship,64000,q_norm,decoder.layers.self_attention.q_layernorm.weight,55,128,1.54754081,1.9765625,4000,1.41749815,1,0,0.00967995913,0.999973067,0
flagship,64000,q_norm,decoder.layers.self_attention.q_layernorm.weight,56,128,1.57206011,1.859375,4000,1.4603638,1,0,0.00908820503,0.999981977,0
flagship,64000,q_norm,decoder.layers.self_attention.q_layernorm.weight,57,128,1.52913488,1.984375,4000,1.42738664,1,0,0.0072396399,0.999992011,0
flagship,64000,q_norm,decoder.layers.self_attention.q_layernorm.weight,58,128,1.61683216,1.8359375,4000,1.50402131,1,0,0.00833878866,0.999989154,0
flagship,64000,q_norm,decoder.layers.self_attention.q_layernorm.weight,59,128,1.53798254,1.8984375,4000,1.40095952,1,0,0.00638048745,0.999991492,0
flagship,64000,q_norm,decoder.layers.self_attention.q_layernorm.weight,60,128,1.47551597,1.765625,4000,1.4065506,1,0,0.00704077046,0.999988823,0
flagship,64000,q_norm,decoder.layers.self_attention.q_layernorm.weight,61,128,1.47123091,1.9609375,4000,1.39205135,1,0,0.00672599528,0.999982931,0
flagship,64000,q_norm,decoder.layers.self_attention.q_layernorm.weight,62,128,1.37893841,1.75,4000,1.32289623,1,0,0.00686365365,0.999988915,0
flagship,64000,q_norm,decoder.layers.self_attention.q_layernorm.weight,63,128,1.19337845,1.4609375,4000,1.16697613,1,0,0.00575185929,0.999987549,0
flagship,68000,attention_input_norm,decoder.layers.self_attention.linear_qkv.layer_norm_weight,0,5120,0.0490279209,0.625,4000,0.0496802106,1,0,0.259364855,0.991856974,0
flagship,68000,attention_input_norm,decoder.layers.self_attention.linear_qkv.layer_norm_weight,1,5120,0.32040024,0.74609375,4000,0.32361899,1,0,0.113299397,0.999696953,0
flagship,68000,attention_input_norm,decoder.layers.self_attention.linear_qkv.layer_norm_weight,2,5120,0.544076538,0.66015625,4000,0.543532375,1,0,0.0705105815,0.999846595,0
flagship,68000,attention_input_norm,decoder.layers.self_attention.linear_qkv.layer_norm_weight,3,5120,0.674816018,1.03125,4000,0.670914009,1,0,0.0569188493,0.999901741,0
flagship,68000,attention_input_norm,decoder.layers.self_attention.linear_qkv.layer_norm_weight,4,5120,0.703616484,0.96484375,4000,0.703593441,1,0,0.050735617,0.999896642,0
flagship,68000,attention_input_norm,decoder.layers.self_attention.linear_qkv.layer_norm_weight,5,5120,0.812272442,1.1015625,4000,0.809001801,1,0,0.0415940824,0.999926646,0
flagship,68000,attention_input_norm,decoder.layers.self_attention.linear_qkv.layer_norm_weight,6,5120,0.884535103,1.171875,4000,0.879322322,1,0,0.037412071,0.999944446,0
flagship,68000,attention_input_norm,decoder.layers.self_attention.linear_qkv.layer_norm_weight,7,5120,1.07424633,1.2421875,4000,1.06161754,1,0,0.0183117148,0.999961597,0
flagship,68000,attention_input_norm,decoder.layers.self_attention.linear_qkv.layer_norm_weight,8,5120,1.01110033,1.359375,4000,1.02083777,1,0,0.0209484253,0.999955606,0
flagship,68000,attention_input_norm,decoder.layers.self_attention.linear_qkv.layer_norm_weight,9,5120,0.948632811,1.34375,4000,0.962426292,1,0,0.0193106759,0.999952402,0
flagship,68000,attention_input_norm,decoder.layers.self_attention.linear_qkv.layer_norm_weight,10,5120,0.959202709,1.4453125,4000,0.974309755,1,0,0.0234959613,0.999953715,0
flagship,68000,attention_input_norm,decoder.layers.self_attention.linear_qkv.layer_norm_weight,11,5120,1.02912048,1.4375,4000,1.04574629,1,0,0.0168454447,0.999957987,0
flagship,68000,attention_input_norm,decoder.layers.self_attention.linear_qkv.layer_norm_weight,12,5120,0.9727823,1.4609375,4000,0.98846424,1,0,0.0179008463,0.999953141,0
flagship,68000,attention_input_norm,decoder.layers.self_attention.linear_qkv.layer_norm_weight,13,5120,1.02739119,1.375,4000,1.04412988,1,0,0.0110328854,0.999956223,0
flagship,68000,attention_input_norm,decoder.layers.self_attention.linear_qkv.layer_norm_weight,14,5120,0.996248549,1.2421875,4000,1.01373462,1,0,0.0104878027,0.999957086,0
flagship,68000,attention_input_norm,decoder.layers.self_attention.linear_qkv.layer_norm_weight,15,5120,1.11355145,1.3984375,4000,1.13272845,1,0,0.010075818,0.999963537,0
flagship,68000,attention_input_norm,decoder.layers.self_attention.linear_qkv.layer_norm_weight,16,5120,1.13757072,1.34375,4000,1.15744132,1,0,0.00926898721,0.999967246,0
flagship,68000,attention_input_norm,decoder.layers.self_attention.linear_qkv.layer_norm_weight,17,5120,1.25603678,1.5390625,4000,1.27641557,1,0,0.00768538745,0.999975865,0
flagship,68000,attention_input_norm,decoder.layers.self_attention.linear_qkv.layer_norm_weight,18,5120,1.22713674,1.4609375,4000,1.24867118,1,0,0.00834748264,0.99997202,0
flagship,68000,attention_input_norm,decoder.layers.self_attention.linear_qkv.layer_norm_weight,19,5120,1.34149114,1.5703125,4000,1.36044378,1,0,0.00802989316,0.999978541,0
flagship,68000,attention_input_norm,decoder.layers.self_attention.linear_qkv.layer_norm_weight,20,5120,1.21868032,1.5,4000,1.2401672,1,0,0.01139803,0.99996967,0
flagship,68000,attention_input_norm,decoder.layers.self_attention.linear_qkv.layer_norm_weight,21,5120,1.22319554,1.625,4000,1.24395784,1,0,0.0164514777,0.999967788,0
flagship,68000,attention_input_norm,decoder.layers.self_attention.linear_qkv.layer_norm_weight,22,5120,1.47264862,1.6796875,4000,1.48953765,1,0,0.0136862972,0.999979514,0
flagship,68000,attention_input_norm,decoder.layers.self_attention.linear_qkv.layer_norm_weight,23,5120,1.47547531,1.8125,4000,1.49796642,1,0,0.0165779415,0.999980014,0
flagship,68000,attention_input_norm,decoder.layers.self_attention.linear_qkv.layer_norm_weight,24,5120,1.44473554,1.828125,4000,1.45897693,1,0,0.0192708085,0.999977213,0
flagship,68000,attention_input_norm,decoder.layers.self_attention.linear_qkv.layer_norm_weight,25,5120,1.37156424,1.578125,4000,1.39172659,1,0,0.0262310572,0.99997397,0
flagship,68000,attention_input_norm,decoder.layers.self_attention.linear_qkv.layer_norm_weight,26,5120,1.31446149,1.671875,4000,1.33738321,1,0,0.0281579139,0.999964679,0
flagship,68000,attention_input_norm,decoder.layers.self_attention.linear_qkv.layer_norm_weight,27,5120,1.57660997,2.0625,4000,1.58992015,1,0,0.0278472512,0.999976893,0
flagship,68000,attention_input_norm,decoder.layers.self_attention.linear_qkv.layer_norm_weight,28,5120,1.43759802,1.859375,4000,1.46200967,1,0,0.0265532399,0.999964433,0
flagship,68000,attention_input_norm,decoder.layers.self_attention.linear_qkv.layer_norm_weight,29,5120,1.47058118,1.890625,4000,1.49290579,1,0,0.0268012017,0.999966435,0
flagship,68000,attention_input_norm,decoder.layers.self_attention.linear_qkv.layer_norm_weight,30,5120,1.66033995,1.9765625,4000,1.68659193,1,0,0.0338663487,0.999975894,0
flagship,68000,attention_input_norm,decoder.layers.self_attention.linear_qkv.layer_norm_weight,31,5120,1.29523449,1.6015625,4000,1.31913349,1,0,0.0339084969,0.999953465,0
flagship,68000,attention_input_norm,decoder.layers.self_attention.linear_qkv.layer_norm_weight,32,5120,1.44025309,1.765625,4000,1.46585826,1,0,0.0376622332,0.999962995,0
flagship,68000,attention_input_norm,decoder.layers.self_attention.linear_qkv.layer_norm_weight,33,5120,1.43854529,1.7109375,4000,1.46484884,1,0,0.0379195776,0.999956039,0
flagship,68000,attention_input_norm,decoder.layers.self_attention.linear_qkv.layer_norm_weight,34,5120,1.66522213,1.9609375,4000,1.69384696,1,0,0.0462476716,0.999963814,0
flagship,68000,attention_input_norm,decoder.layers.self_attention.linear_qkv.layer_norm_weight,35,5120,1.53127463,1.84375,4000,1.5590442,1,0,0.0417521255,0.999962589,0
flagship,68000,attention_input_norm,decoder.layers.self_attention.linear_qkv.layer_norm_weight,36,5120,1.31408873,1.5,4000,1.33831009,1,0,0.0399434328,0.999943812,0
flagship,68000,attention_input_norm,decoder.layers.self_attention.linear_qkv.layer_norm_weight,37,5120,0.919823652,1.1015625,4000,0.937131464,1,0,0.0240992198,0.999913494,0
flagship,68000,attention_input_norm,decoder.layers.self_attention.linear_qkv.layer_norm_weight,38,5120,1.21711918,1.3828125,4000,1.2393745,1,0,0.0307206375,0.99995046,0
flagship,68000,attention_input_norm,decoder.layers.self_attention.linear_qkv.layer_norm_weight,39,5120,0.997117121,1.171875,4000,1.01571674,1,0,0.0304044147,0.999917461,0
flagship,68000,attention_input_norm,decoder.layers.self_attention.linear_qkv.layer_norm_weight,40,5120,1.11939007,1.3515625,4000,1.13981236,1,0,0.0348266873,0.999927667,0
flagship,68000,attention_input_norm,decoder.layers.self_attention.linear_qkv.layer_norm_weight,41,5120,1.05632437,1.265625,4000,1.07564074,1,0,0.0337829961,0.999920714,0
flagship,68000,attention_input_norm,decoder.layers.self_attention.linear_qkv.layer_norm_weight,42,5120,0.95206445,1.1484375,4000,0.969362511,1,0,0.0268492848,0.999910234,0
flagship,68000,attention_input_norm,decoder.layers.self_attention.linear_qkv.layer_norm_weight,43,5120,1.00099509,1.1953125,4000,1.01867425,1,0,0.0288474245,0.99991708,0
flagship,68000,attention_input_norm,decoder.layers.self_attention.linear_qkv.layer_norm_weight,44,5120,1.08396996,1.296875,4000,1.10278256,1,0,0.0351772203,0.99992128,0
flagship,68000,attention_input_norm,decoder.layers.self_attention.linear_qkv.layer_norm_weight,45,5120,1.19680584,1.421875,4000,1.2144585,1,0,0.0346367101,0.999935117,0
flagship,68000,attention_input_norm,decoder.layers.self_attention.linear_qkv.layer_norm_weight,46,5120,1.27659442,1.4609375,4000,1.29123773,1,0,0.039595378,0.99994362,0
flagship,68000,attention_input_norm,decoder.layers.self_attention.linear_qkv.layer_norm_weight,47,5120,1.09261599,1.2890625,4000,1.10873521,1,0,0.0279545362,0.999927127,0
flagship,68000,attention_input_norm,decoder.layers.self_attention.linear_qkv.layer_norm_weight,48,5120,1.41626739,1.6484375,4000,1.42893074,1,0,0.0408019412,0.999954443,0
flagship,68000,attention_input_norm,decoder.layers.self_attention.linear_qkv.layer_norm_weight,49,5120,1.34506224,1.546875,4000,1.35016934,1,0,0.0377288031,0.999953078,0
flagship,68000,attention_input_norm,decoder.layers.self_attention.linear_qkv.layer_norm_weight,50,5120,1.27714439,1.4921875,4000,1.29276867,1,0,0.042234953,0.999940482,0
flagship,68000,attention_input_norm,decoder.layers.self_attention.linear_qkv.layer_norm_weight,51,5120,1.44305874,1.65625,4000,1.46007833,1,0,0.0509631596,0.999953287,0
flagship,68000,attention_input_norm,decoder.layers.self_attention.linear_qkv.layer_norm_weight,52,5120,1.38695105,1.5546875,4000,1.40380293,1,0,0.0488805202,0.999949743,0
flagship,68000,attention_input_norm,decoder.layers.self_attention.linear_qkv.layer_norm_weight,53,5120,1.5780981,1.796875,4000,1.58801761,1,0,0.0532950919,0.999954361,0
flagship,68000,attention_input_norm,decoder.layers.self_attention.linear_qkv.layer_norm_weight,54,5120,1.43681696,1.671875,4000,1.45014611,1,0,0.0482379422,0.999942321,0
flagship,68000,attention_input_norm,decoder.layers.self_attention.linear_qkv.layer_norm_weight,55,5120,1.50908853,1.7578125,4000,1.51357575,1,0,0.0438223485,0.99995566,0
flagship,68000,attention_input_norm,decoder.layers.self_attention.linear_qkv.layer_norm_weight,56,5120,1.56268588,1.765625,4000,1.57392685,1,0,0.0478334084,0.999953213,0
flagship,68000,attention_input_norm,decoder.layers.self_attention.linear_qkv.layer_norm_weight,57,5120,1.44933761,1.6953125,4000,1.45162777,1,0,0.0403535703,0.999948591,0
flagship,68000,attention_input_norm,decoder.layers.self_attention.linear_qkv.layer_norm_weight,58,5120,1.51188751,1.796875,4000,1.51653386,1,0,0.0450949475,0.999951216,0
flagship,68000,attention_input_norm,decoder.layers.self_attention.linear_qkv.layer_norm_weight,59,5120,1.34735014,1.578125,4000,1.3486174,1,0,0.0372884713,0.999941304,0
flagship,68000,attention_input_norm,decoder.layers.self_attention.linear_qkv.layer_norm_weight,60,5120,1.19023649,1.40625,4000,1.19627516,1,0,0.0254428597,0.999943559,0
flagship,68000,attention_input_norm,decoder.layers.self_attention.linear_qkv.layer_norm_weight,61,5120,1.14292264,1.3984375,4000,1.14496957,1,0,0.0178085664,0.999931939,0
flagship,68000,attention_input_norm,decoder.layers.self_attention.linear_qkv.layer_norm_weight,62,5120,1.03448202,1.203125,4000,1.03912604,1,0,0.0100439992,0.999953454,0
flagship,68000,attention_input_norm,decoder.layers.self_attention.linear_qkv.layer_norm_weight,63,5120,0.979046802,1.1796875,4000,0.982984878,1,0,0.00851283358,0.999964358,0
flagship,68000,final_norm,decoder.final_layernorm.weight,-1,5120,1.68898848,6.15625,4000,1.52579499,1,0,0.0165317853,0.999865389,0
flagship,68000,k_norm,decoder.layers.self_attention.k_layernorm.weight,0,128,1.2595033,2.625,4000,1.30433294,1,0,0.0246542876,0.999884096,0
flagship,68000,k_norm,decoder.layers.self_attention.k_layernorm.weight,1,128,1.57996616,1.96875,4000,1.46336365,1,0,0.0179071083,0.999950406,0
flagship,68000,k_norm,decoder.layers.self_attention.k_layernorm.weight,2,128,1.52328553,2.1875,4000,1.35328891,1,0,0.0132342271,0.999952851,0
flagship,68000,k_norm,decoder.layers.self_attention.k_layernorm.weight,3,128,1.62234004,2.09375,4000,1.42019768,1,0,0.0111251424,0.999965277,0
flagship,68000,k_norm,decoder.layers.self_attention.k_layernorm.weight,4,128,1.54319449,1.9296875,4000,1.38898169,1,0,0.0121219633,0.999960346,0
flagship,68000,k_norm,decoder.layers.self_attention.k_layernorm.weight,5,128,1.50744593,1.8515625,4000,1.34296079,1,0,0.011222864,0.999961309,0
flagship,68000,k_norm,decoder.layers.self_attention.k_layernorm.weight,6,128,1.77817528,2.171875,4000,1.53510023,1,0,0.0106472275,0.999978729,0
flagship,68000,k_norm,decoder.layers.self_attention.k_layernorm.weight,7,128,1.66410894,2.109375,4000,1.44475856,1,0,0.00847818308,0.999985434,0
flagship,68000,k_norm,decoder.layers.self_attention.k_layernorm.weight,8,128,1.63521338,2.078125,4000,1.50224974,1,0,0.00925996867,0.999982011,0
flagship,68000,k_norm,decoder.layers.self_attention.k_layernorm.weight,9,128,1.59924761,2.046875,4000,1.52952074,1,0,0.0119630753,0.999968684,0
flagship,68000,k_norm,decoder.layers.self_attention.k_layernorm.weight,10,128,1.64673284,2.21875,4000,1.59384076,1,0,0.0125190849,0.999950456,0
flagship,68000,k_norm,decoder.layers.self_attention.k_layernorm.weight,11,128,1.68182448,2.140625,4000,1.63197117,1,0,0.0124112975,0.999973904,0
flagship,68000,k_norm,decoder.layers.self_attention.k_layernorm.weight,12,128,1.61922404,2.046875,4000,1.56194592,1,0,0.0148048586,0.999961678,0
flagship,68000,k_norm,decoder.layers.self_attention.k_layernorm.weight,13,128,1.57802389,2.390625,4000,1.53675547,1,0,0.013786047,0.999955763,0
flagship,68000,k_norm,decoder.layers.self_attention.k_layernorm.weight,14,128,1.53752238,1.9375,4000,1.52839856,1,0,0.0158765981,0.999963121,0
flagship,68000,k_norm,decoder.layers.self_attention.k_layernorm.weight,15,128,1.66903035,2.234375,4000,1.63641113,1,0,0.0159249879,0.999960315,0
flagship,68000,k_norm,decoder.layers.self_attention.k_layernorm.weight,16,128,1.52577508,2.515625,4000,1.50888879,1,0,0.0215417334,0.999908857,0
flagship,68000,k_norm,decoder.layers.self_attention.k_layernorm.weight,17,128,1.69967589,2.03125,4000,1.62980523,1,0,0.0138335505,0.999970406,0
flagship,68000,k_norm,decoder.layers.self_attention.k_layernorm.weight,18,128,1.66323629,2.125,4000,1.62773847,1,0,0.0102998378,0.999983625,0
flagship,68000,k_norm,decoder.layers.self_attention.k_layernorm.weight,19,128,1.74502897,2.15625,4000,1.65735663,1,0,0.0110927719,0.99998773,0
flagship,68000,k_norm,decoder.layers.self_attention.k_layernorm.weight,20,128,1.61258944,2.125,4000,1.57857995,1,0,0.0131662895,0.999974362,0
flagship,68000,k_norm,decoder.layers.self_attention.k_layernorm.weight,21,128,1.61647765,2.0625,4000,1.56174886,1,0,0.0129829922,0.999973294,0
flagship,68000,k_norm,decoder.layers.self_attention.k_layernorm.weight,22,128,1.72014354,2.109375,4000,1.62165648,1,0,0.0109328302,0.999982894,0.0078125
flagship,68000,k_norm,decoder.layers.self_attention.k_layernorm.weight,23,128,1.65356215,1.9921875,4000,1.5746759,1,0,0.0116233844,0.999977108,0
flagship,68000,k_norm,decoder.layers.self_attention.k_layernorm.weight,24,128,1.64329275,2.21875,4000,1.5424924,1,0,0.01411313,0.999955099,0
flagship,68000,k_norm,decoder.layers.self_attention.k_layernorm.weight,25,128,1.60517503,2.125,4000,1.53266364,1,0,0.0122610994,0.999966586,0
flagship,68000,k_norm,decoder.layers.self_attention.k_layernorm.weight,26,128,1.46536821,1.921875,4000,1.42091701,1,0,0.0122379785,0.999962905,0
flagship,68000,k_norm,decoder.layers.self_attention.k_layernorm.weight,27,128,1.61029854,2.140625,4000,1.51407136,1,0,0.0124329001,0.99997859,0.0078125
flagship,68000,k_norm,decoder.layers.self_attention.k_layernorm.weight,28,128,1.43451408,1.890625,4000,1.38649936,1,0,0.012030739,0.999961304,0
flagship,68000,k_norm,decoder.layers.self_attention.k_layernorm.weight,29,128,1.48111838,1.8515625,4000,1.41636077,1,0,0.0102343966,0.999963317,0
flagship,68000,k_norm,decoder.layers.self_attention.k_layernorm.weight,30,128,1.51343046,1.9296875,4000,1.44690689,1,0,0.0113888599,0.999978388,0.0078125
flagship,68000,k_norm,decoder.layers.self_attention.k_layernorm.weight,31,128,1.43999916,1.875,4000,1.4052808,1,0,0.0150833684,0.999951657,0
flagship,68000,k_norm,decoder.layers.self_attention.k_layernorm.weight,32,128,1.57531429,1.9140625,4000,1.52626463,1,0,0.0127144225,0.999982472,0
flagship,68000,k_norm,decoder.layers.self_attention.k_layernorm.weight,33,128,1.38708113,1.8046875,4000,1.34850011,1,0,0.0135166292,0.999955752,0
flagship,68000,k_norm,decoder.layers.self_attention.k_layernorm.weight,34,128,1.48492205,2,4000,1.43414568,1,0,0.0155672481,0.999951447,0
flagship,68000,k_norm,decoder.layers.self_attention.k_layernorm.weight,35,128,1.57301968,2,4000,1.52872483,1,0,0.013701179,0.999969806,0
flagship,68000,k_norm,decoder.layers.self_attention.k_layernorm.weight,36,128,1.47923588,2.015625,4000,1.44283655,1,0,0.0172129004,0.99995323,0
flagship,68000,k_norm,decoder.layers.self_attention.k_layernorm.weight,37,128,1.34957581,1.9140625,4000,1.32203837,1,0,0.0258478748,0.999802044,0
flagship,68000,k_norm,decoder.layers.self_attention.k_layernorm.weight,38,128,1.63994479,2.078125,4000,1.58709617,1,0,0.0128047362,0.999969953,0
flagship,68000,k_norm,decoder.layers.self_attention.k_layernorm.weight,39,128,1.47422707,2.046875,4000,1.44093985,1,0,0.0225682578,0.999862653,0
flagship,68000,k_norm,decoder.layers.self_attention.k_layernorm.weight,40,128,1.38896105,1.8828125,4000,1.35785465,1,0,0.0242158152,0.999821554,0
flagship,68000,k_norm,decoder.layers.self_attention.k_layernorm.weight,41,128,1.39590029,1.8984375,4000,1.35839574,1,0,0.0270446411,0.999773628,0
flagship,68000,k_norm,decoder.layers.self_attention.k_layernorm.weight,42,128,1.28360336,1.8984375,4000,1.254749,1,0,0.0307514352,0.999656785,0
flagship,68000,k_norm,decoder.layers.self_attention.k_layernorm.weight,43,128,1.34063345,1.96875,4000,1.307438,1,0,0.0277512544,0.999753622,0
flagship,68000,k_norm,decoder.layers.self_attention.k_layernorm.weight,44,128,1.31158231,1.90625,4000,1.27726577,1,0,0.02321291,0.999838323,0
flagship,68000,k_norm,decoder.layers.self_attention.k_layernorm.weight,45,128,1.3450914,1.890625,4000,1.28262033,1,0,0.0182441376,0.999900017,0
flagship,68000,k_norm,decoder.layers.self_attention.k_layernorm.weight,46,128,1.41993358,2.03125,4000,1.36477216,1,0,0.017447749,0.99994303,0
flagship,68000,k_norm,decoder.layers.self_attention.k_layernorm.weight,47,128,1.31206016,1.875,4000,1.279163,1,0,0.0188263539,0.99989257,0
flagship,68000,k_norm,decoder.layers.self_attention.k_layernorm.weight,48,128,1.50487405,1.8671875,4000,1.39571391,1,0,0.0136843452,0.999967548,0
flagship,68000,k_norm,decoder.layers.self_attention.k_layernorm.weight,49,128,1.36686626,1.8125,4000,1.31231483,1,0,0.0152599301,0.999966394,0
flagship,68000,k_norm,decoder.layers.self_attention.k_layernorm.weight,50,128,1.4674681,1.875,4000,1.39438609,1,0,0.0146402021,0.999956165,0
flagship,68000,k_norm,decoder.layers.self_attention.k_layernorm.weight,51,128,1.4637254,1.8671875,4000,1.39019229,1,0,0.0135361852,0.99997165,0
flagship,68000,k_norm,decoder.layers.self_attention.k_layernorm.weight,52,128,1.53300846,1.96875,4000,1.45885498,1,0,0.0182597087,0.999962406,0
flagship,68000,k_norm,decoder.layers.self_attention.k_layernorm.weight,53,128,1.4699874,1.8359375,4000,1.36586414,1,0,0.0166202064,0.999958161,0
flagship,68000,k_norm,decoder.layers.self_attention.k_layernorm.weight,54,128,1.39496481,1.890625,4000,1.33697417,1,0,0.0157819748,0.999935954,0
flagship,68000,k_norm,decoder.layers.self_attention.k_layernorm.weight,55,128,1.53506575,2,4000,1.41221021,1,0,0.0150494377,0.999963869,0
flagship,68000,k_norm,decoder.layers.self_attention.k_layernorm.weight,56,128,1.55621301,1.9375,4000,1.44961937,1,0,0.0146423248,0.999966288,0
flagship,68000,k_norm,decoder.layers.self_attention.k_layernorm.weight,57,128,1.52506083,1.90625,4000,1.42576446,1,0,0.0142624955,0.999967167,0
flagship,68000,k_norm,decoder.layers.self_attention.k_layernorm.weight,58,128,1.6024486,1.9375,4000,1.49610284,1,0,0.0156420661,0.999973153,0
flagship,68000,k_norm,decoder.layers.self_attention.k_layernorm.weight,59,128,1.53065728,1.8515625,4000,1.40002881,1,0,0.0132605916,0.99996838,0
flagship,68000,k_norm,decoder.layers.self_attention.k_layernorm.weight,60,128,1.45323878,1.8359375,4000,1.38632924,1,0,0.0146194856,0.999950423,0
flagship,68000,k_norm,decoder.layers.self_attention.k_layernorm.weight,61,128,1.45702278,1.96875,4000,1.38096652,1,0,0.0154172176,0.999926484,0
flagship,68000,k_norm,decoder.layers.self_attention.k_layernorm.weight,62,128,1.37198238,1.6953125,4000,1.31805322,1,0,0.0132498671,0.999973246,0
flagship,68000,k_norm,decoder.layers.self_attention.k_layernorm.weight,63,128,1.19406372,1.4375,4000,1.1671132,1,0,0.0101909996,0.999962534,0
flagship,68000,pre_mlp_norm,decoder.layers.mlp.linear_fc1.layer_norm_weight,0,5120,0.483231958,0.72265625,4000,0.493338609,1,0,0.0522441554,0.999737487,0
flagship,68000,pre_mlp_norm,decoder.layers.mlp.linear_fc1.layer_norm_weight,1,5120,0.84189038,0.953125,4000,0.855636846,1,0,0.0283524784,0.99993248,0
flagship,68000,pre_mlp_norm,decoder.layers.mlp.linear_fc1.layer_norm_weight,2,5120,0.878084484,1.1328125,4000,0.8895516,1,0,0.0168446764,0.999949766,0
flagship,68000,pre_mlp_norm,decoder.layers.mlp.linear_fc1.layer_norm_weight,3,5120,0.862492171,0.96484375,4000,0.880525069,1,0,0.0114363605,0.999951664,0
flagship,68000,pre_mlp_norm,decoder.layers.mlp.linear_fc1.layer_norm_weight,4,5120,0.839973905,1.046875,4000,0.856377643,1,0,0.00993674966,0.999951386,0
flagship,68000,pre_mlp_norm,decoder.layers.mlp.linear_fc1.layer_norm_weight,5,5120,0.760684407,1.7734375,4000,0.778945422,1,0,0.0112236656,0.999941298,0
flagship,68000,pre_mlp_norm,decoder.layers.mlp.linear_fc1.layer_norm_weight,6,5120,0.703608268,1.03125,4000,0.722795351,1,0,0.0148582447,0.999939389,0
flagship,68000,pre_mlp_norm,decoder.layers.mlp.linear_fc1.layer_norm_weight,7,5120,0.672108424,0.97265625,4000,0.688494178,1,0,0.0147403942,0.999943538,0
flagship,68000,pre_mlp_norm,decoder.layers.mlp.linear_fc1.layer_norm_weight,8,5120,0.672450529,0.9140625,4000,0.68669877,1,0,0.0135226858,0.999945749,0
flagship,68000,pre_mlp_norm,decoder.layers.mlp.linear_fc1.layer_norm_weight,9,5120,0.671889892,0.91015625,4000,0.683971104,1,0,0.0111336729,0.999948883,0
flagship,68000,pre_mlp_norm,decoder.layers.mlp.linear_fc1.layer_norm_weight,10,5120,0.653053232,0.79296875,4000,0.662990345,1,0,0.0103923708,0.999948412,0
flagship,68000,pre_mlp_norm,decoder.layers.mlp.linear_fc1.layer_norm_weight,11,5120,0.643309265,0.7265625,4000,0.651420423,1,0,0.0102555208,0.999947814,0
flagship,68000,pre_mlp_norm,decoder.layers.mlp.linear_fc1.layer_norm_weight,12,5120,0.640613655,0.71875,4000,0.647341559,1,0,0.0107863288,0.999949575,0
flagship,68000,pre_mlp_norm,decoder.layers.mlp.linear_fc1.layer_norm_weight,13,5120,0.634255241,0.70703125,4000,0.639570717,1,0,0.0119406014,0.999949647,0
flagship,68000,pre_mlp_norm,decoder.layers.mlp.linear_fc1.layer_norm_weight,14,5120,0.616076787,0.6875,4000,0.620103509,1,0,0.0130950259,0.999948641,0
flagship,68000,pre_mlp_norm,decoder.layers.mlp.linear_fc1.layer_norm_weight,15,5120,0.605092272,0.671875,4000,0.607872371,1,0,0.0137894155,0.999947897,0
flagship,68000,pre_mlp_norm,decoder.layers.mlp.linear_fc1.layer_norm_weight,16,5120,0.580099262,0.6484375,4000,0.581843423,1,0,0.0150391865,0.999947964,0
flagship,68000,pre_mlp_norm,decoder.layers.mlp.linear_fc1.layer_norm_weight,17,5120,0.55809117,0.62109375,4000,0.558788596,1,0,0.0152710673,0.999943607,0
flagship,68000,pre_mlp_norm,decoder.layers.mlp.linear_fc1.layer_norm_weight,18,5120,0.548305718,0.640625,4000,0.548105862,1,0,0.0160827045,0.999940479,0
flagship,68000,pre_mlp_norm,decoder.layers.mlp.linear_fc1.layer_norm_weight,19,5120,0.54642138,0.65234375,4000,0.545124502,1,0,0.0165796967,0.999944198,0
flagship,68000,pre_mlp_norm,decoder.layers.mlp.linear_fc1.layer_norm_weight,20,5120,0.553951427,0.72265625,4000,0.551788543,1,0,0.0181805962,0.999946738,0
flagship,68000,pre_mlp_norm,decoder.layers.mlp.linear_fc1.layer_norm_weight,21,5120,0.552018593,0.7109375,4000,0.548839059,1,0,0.0195506867,0.999944053,0
flagship,68000,pre_mlp_norm,decoder.layers.mlp.linear_fc1.layer_norm_weight,22,5120,0.550203982,0.609375,4000,0.546144566,1,0,0.0194943943,0.999943116,0
flagship,68000,pre_mlp_norm,decoder.layers.mlp.linear_fc1.layer_norm_weight,23,5120,0.556790851,0.61328125,4000,0.551726865,1,0,0.019643213,0.999946244,0
flagship,68000,pre_mlp_norm,decoder.layers.mlp.linear_fc1.layer_norm_weight,24,5120,0.570366183,0.62890625,4000,0.564240143,1,0,0.0190157652,0.999946142,0
flagship,68000,pre_mlp_norm,decoder.layers.mlp.linear_fc1.layer_norm_weight,25,5120,0.596666033,0.64453125,4000,0.589216585,1,0,0.0174563441,0.999953138,0
flagship,68000,pre_mlp_norm,decoder.layers.mlp.linear_fc1.layer_norm_weight,26,5120,0.617550258,0.671875,4000,0.608748863,1,0,0.0146886474,0.999954574,0
flagship,68000,pre_mlp_norm,decoder.layers.mlp.linear_fc1.layer_norm_weight,27,5120,0.641031411,0.69140625,4000,0.630799447,1,0,0.0129958471,0.999955749,0
flagship,68000,pre_mlp_norm,decoder.layers.mlp.linear_fc1.layer_norm_weight,28,5120,0.66227252,0.71484375,4000,0.650610733,1,0,0.0121175766,0.999957682,0
flagship,68000,pre_mlp_norm,decoder.layers.mlp.linear_fc1.layer_norm_weight,29,5120,0.680909984,0.7421875,4000,0.667629996,1,0,0.0113761298,0.999957038,0
flagship,68000,pre_mlp_norm,decoder.layers.mlp.linear_fc1.layer_norm_weight,30,5120,0.703878704,0.76171875,4000,0.689012879,1,0,0.0116686329,0.999959186,0
flagship,68000,pre_mlp_norm,decoder.layers.mlp.linear_fc1.layer_norm_weight,31,5120,0.725026297,0.78125,4000,0.708508574,1,0,0.0113292722,0.999960133,0
flagship,68000,pre_mlp_norm,decoder.layers.mlp.linear_fc1.layer_norm_weight,32,5120,0.738180367,0.80078125,4000,0.720109479,1,0,0.0117064944,0.999960562,0
flagship,68000,pre_mlp_norm,decoder.layers.mlp.linear_fc1.layer_norm_weight,33,5120,0.754088563,0.80859375,4000,0.734272687,1,0,0.0120872864,0.999960532,0
flagship,68000,pre_mlp_norm,decoder.layers.mlp.linear_fc1.layer_norm_weight,34,5120,0.774056387,0.83203125,4000,0.752345648,1,0,0.0120479417,0.999959863,0
flagship,68000,pre_mlp_norm,decoder.layers.mlp.linear_fc1.layer_norm_weight,35,5120,0.799248725,0.85546875,4000,0.775528338,1,0,0.0131180543,0.999962521,0
flagship,68000,pre_mlp_norm,decoder.layers.mlp.linear_fc1.layer_norm_weight,36,5120,0.825464751,0.96875,4000,0.799495491,1,0,0.012168064,0.999962299,0
flagship,68000,pre_mlp_norm,decoder.layers.mlp.linear_fc1.layer_norm_weight,37,5120,0.844776811,0.89453125,4000,0.816799508,1,0,0.0121488509,0.999961164,0
flagship,68000,pre_mlp_norm,decoder.layers.mlp.linear_fc1.layer_norm_weight,38,5120,0.861558978,0.9140625,4000,0.831541591,1,0,0.0119378101,0.999962678,0
flagship,68000,pre_mlp_norm,decoder.layers.mlp.linear_fc1.layer_norm_weight,39,5120,0.875506253,0.92578125,4000,0.843452104,1,0,0.0115346144,0.99996342,0
flagship,68000,pre_mlp_norm,decoder.layers.mlp.linear_fc1.layer_norm_weight,40,5120,0.887929205,0.94140625,4000,0.854031466,1,0,0.0115038104,0.999963989,0
flagship,68000,pre_mlp_norm,decoder.layers.mlp.linear_fc1.layer_norm_weight,41,5120,0.899970197,0.96875,4000,0.863401102,1,0,0.0116507871,0.999962467,0
flagship,68000,pre_mlp_norm,decoder.layers.mlp.linear_fc1.layer_norm_weight,42,5120,0.912257757,0.9765625,4000,0.874637256,1,0,0.0111977537,0.999961456,0
flagship,68000,pre_mlp_norm,decoder.layers.mlp.linear_fc1.layer_norm_weight,43,5120,0.92262306,0.984375,4000,0.882820616,1,0,0.0109341203,0.999961965,0
flagship,68000,pre_mlp_norm,decoder.layers.mlp.linear_fc1.layer_norm_weight,44,5120,0.929141268,1.015625,4000,0.888065673,1,0,0.0108004198,0.999961087,0
flagship,68000,pre_mlp_norm,decoder.layers.mlp.linear_fc1.layer_norm_weight,45,5120,0.936824318,1.015625,4000,0.894836393,1,0,0.0110185896,0.999960803,0
flagship,68000,pre_mlp_norm,decoder.layers.mlp.linear_fc1.layer_norm_weight,46,5120,0.944454847,1.046875,4000,0.901078522,1,0,0.0109534026,0.999960667,0
flagship,68000,pre_mlp_norm,decoder.layers.mlp.linear_fc1.layer_norm_weight,47,5120,0.951962912,1.0546875,4000,0.907857116,1,0,0.010563389,0.999958198,0
flagship,68000,pre_mlp_norm,decoder.layers.mlp.linear_fc1.layer_norm_weight,48,5120,0.958160418,1.078125,4000,0.91331317,1,0,0.0105372992,0.999956488,0
flagship,68000,pre_mlp_norm,decoder.layers.mlp.linear_fc1.layer_norm_weight,49,5120,0.970788535,1.0859375,4000,0.925178344,1,0,0.0101237568,0.9999568,0
flagship,68000,pre_mlp_norm,decoder.layers.mlp.linear_fc1.layer_norm_weight,50,5120,0.976832586,1.09375,4000,0.931533002,1,0,0.00977241803,0.999955593,0
flagship,68000,pre_mlp_norm,decoder.layers.mlp.linear_fc1.layer_norm_weight,51,5120,0.984248443,1.1484375,4000,0.939005613,1,0,0.0100833196,0.999951985,0
flagship,68000,pre_mlp_norm,decoder.layers.mlp.linear_fc1.layer_norm_weight,52,5120,0.987405475,1.15625,4000,0.943201398,1,0,0.010235463,0.999949174,0
flagship,68000,pre_mlp_norm,decoder.layers.mlp.linear_fc1.layer_norm_weight,53,5120,0.993667326,1.2109375,4000,0.951029707,1,0,0.0108244839,0.999944937,0
flagship,68000,pre_mlp_norm,decoder.layers.mlp.linear_fc1.layer_norm_weight,54,5120,1.00192975,1.25,4000,0.96149346,1,0,0.0112823713,0.999938988,0
flagship,68000,pre_mlp_norm,decoder.layers.mlp.linear_fc1.layer_norm_weight,55,5120,0.998288958,1.28125,4000,0.960827624,1,0,0.0126608217,0.999930273,0
flagship,68000,pre_mlp_norm,decoder.layers.mlp.linear_fc1.layer_norm_weight,56,5120,0.999990447,1.3671875,4000,0.965595184,1,0,0.0138679969,0.999919539,0
flagship,68000,pre_mlp_norm,decoder.layers.mlp.linear_fc1.layer_norm_weight,57,5120,1.01521315,1.40625,4000,0.984396204,1,0,0.0137165059,0.99990635,0
flagship,68000,pre_mlp_norm,decoder.layers.mlp.linear_fc1.layer_norm_weight,58,5120,1.02235756,1.4453125,4000,0.995834029,1,0,0.0146953222,0.999899167,0
flagship,68000,pre_mlp_norm,decoder.layers.mlp.linear_fc1.layer_norm_weight,59,5120,1.0189216,1.4765625,4000,0.997488358,1,0,0.0145171912,0.999902663,0
flagship,68000,pre_mlp_norm,decoder.layers.mlp.linear_fc1.layer_norm_weight,60,5120,1.03483608,1.609375,4000,1.01896426,1,0,0.0142924957,0.999910097,0
flagship,68000,pre_mlp_norm,decoder.layers.mlp.linear_fc1.layer_norm_weight,61,5120,1.05881885,1.6640625,4000,1.04765738,1,0,0.0123216153,0.999924211,0
flagship,68000,pre_mlp_norm,decoder.layers.mlp.linear_fc1.layer_norm_weight,62,5120,1.09691503,1.6015625,4000,1.09137917,1,0,0.00990122158,0.999950992,0
flagship,68000,pre_mlp_norm,decoder.layers.mlp.linear_fc1.layer_norm_weight,63,5120,1.19373234,1.796875,4000,1.19411267,1,0,0.0104549699,0.999957104,0
flagship,68000,q_norm,decoder.layers.self_attention.q_layernorm.weight,0,128,1.25196574,1.953125,4000,1.2973531,1,0,0.0230144707,0.999898561,0
flagship,68000,q_norm,decoder.layers.self_attention.q_layernorm.weight,1,128,1.59189827,2.046875,4000,1.47400552,1,0,0.017687046,0.999951031,0
flagship,68000,q_norm,decoder.layers.self_attention.q_layernorm.weight,2,128,1.53108541,1.8984375,4000,1.35694625,1,0,0.0119198425,0.999964027,0
flagship,68000,q_norm,decoder.layers.self_attention.q_layernorm.weight,3,128,1.63556873,1.984375,4000,1.4296576,1,0,0.00972187217,0.999976652,0
flagship,68000,q_norm,decoder.layers.self_attention.q_layernorm.weight,4,128,1.55575326,1.96875,4000,1.39774272,1,0,0.0106327969,0.999974177,0
flagship,68000,q_norm,decoder.layers.self_attention.q_layernorm.weight,5,128,1.51143835,1.84375,4000,1.34478322,1,0,0.0101227663,0.999967463,0
flagship,68000,q_norm,decoder.layers.self_attention.q_layernorm.weight,6,128,1.80277389,2.21875,4000,1.55372613,1,0,0.00987938052,0.999984648,0
flagship,68000,q_norm,decoder.layers.self_attention.q_layernorm.weight,7,128,1.69120174,2.140625,4000,1.46703121,1,0,0.0078818262,0.999986198,0
flagship,68000,q_norm,decoder.layers.self_attention.q_layernorm.weight,8,128,1.64973891,1.921875,4000,1.51471037,1,0,0.00961140664,0.999978235,0
flagship,68000,q_norm,decoder.layers.self_attention.q_layernorm.weight,9,128,1.63868481,2.109375,4000,1.56765425,1,0,0.0113546365,0.999974492,0
flagship,68000,q_norm,decoder.layers.self_attention.q_layernorm.weight,10,128,1.67067476,2.109375,4000,1.61763133,1,0,0.0121828433,0.999952718,0
flagship,68000,q_norm,decoder.layers.self_attention.q_layernorm.weight,11,128,1.70670949,2.015625,4000,1.65717708,1,0,0.0122396371,0.999977348,0
flagship,68000,q_norm,decoder.layers.self_attention.q_layernorm.weight,12,128,1.65055606,2.578125,4000,1.59234404,1,0,0.0153144572,0.99996055,0
flagship,68000,q_norm,decoder.layers.self_attention.q_layernorm.weight,13,128,1.60056924,2.140625,4000,1.55655338,1,0,0.0148508552,0.999944788,0
flagship,68000,q_norm,decoder.layers.self_attention.q_layernorm.weight,14,128,1.56297337,2.140625,4000,1.55514818,1,0,0.0159067475,0.999963246,0
flagship,68000,q_norm,decoder.layers.self_attention.q_layernorm.weight,15,128,1.69385055,2.15625,4000,1.66215358,1,0,0.0156751267,0.999962908,0
flagship,68000,q_norm,decoder.layers.self_attention.q_layernorm.weight,16,128,1.53842859,2.171875,4000,1.5227961,1,0,0.0213395965,0.999905115,0
flagship,68000,q_norm,decoder.layers.self_attention.q_layernorm.weight,17,128,1.72275088,2.140625,4000,1.65239998,1,0,0.0146666311,0.999967411,0
flagship,68000,q_norm,decoder.layers.self_attention.q_layernorm.weight,18,128,1.69096275,2.109375,4000,1.65587001,1,0,0.0100993556,0.999985913,0
flagship,68000,q_norm,decoder.layers.self_attention.q_layernorm.weight,19,128,1.76958048,2.109375,4000,1.68143049,1,0,0.0107932456,0.999985074,0
flagship,68000,q_norm,decoder.layers.self_attention.q_layernorm.weight,20,128,1.64445706,2.171875,4000,1.61088596,1,0,0.0141323507,0.999967764,0
flagship,68000,q_norm,decoder.layers.self_attention.q_layernorm.weight,21,128,1.64432896,2.09375,4000,1.59030566,1,0,0.0128813455,0.999974,0
flagship,68000,q_norm,decoder.layers.self_attention.q_layernorm.weight,22,128,1.74676485,2.203125,4000,1.64710857,1,0,0.0106623883,0.999985943,0.0078125
flagship,68000,q_norm,decoder.layers.self_attention.q_layernorm.weight,23,128,1.67174383,2.125,4000,1.59218822,1,0,0.01080978,0.999983154,0
flagship,68000,q_norm,decoder.layers.self_attention.q_layernorm.weight,24,128,1.66324464,1.9921875,4000,1.55809022,1,0,0.013463067,0.9999614,0
flagship,68000,q_norm,decoder.layers.self_attention.q_layernorm.weight,25,128,1.6382013,2.125,4000,1.56357813,1,0,0.0118218354,0.999968962,0
flagship,68000,q_norm,decoder.layers.self_attention.q_layernorm.weight,26,128,1.49221336,1.984375,4000,1.44864529,1,0,0.0131989502,0.999956041,0
flagship,68000,q_norm,decoder.layers.self_attention.q_layernorm.weight,27,128,1.64522963,2.15625,4000,1.5471073,1,0,0.0127087401,0.999974679,0
flagship,68000,q_norm,decoder.layers.self_attention.q_layernorm.weight,28,128,1.46129901,1.8359375,4000,1.41355219,1,0,0.0131041295,0.999950816,0
flagship,68000,q_norm,decoder.layers.self_attention.q_layernorm.weight,29,128,1.51904792,1.8515625,4000,1.45337282,1,0,0.0110431648,0.999959796,0
flagship,68000,q_norm,decoder.layers.self_attention.q_layernorm.weight,30,128,1.54053442,2.015625,4000,1.4740926,1,0,0.013036086,0.999962193,0
flagship,68000,q_norm,decoder.layers.self_attention.q_layernorm.weight,31,128,1.47156423,1.828125,4000,1.43728001,1,0,0.0173570361,0.999932375,0
flagship,68000,q_norm,decoder.layers.self_attention.q_layernorm.weight,32,128,1.61864327,1.984375,4000,1.5697646,1,0,0.0165566971,0.999941435,0
flagship,68000,q_norm,decoder.layers.self_attention.q_layernorm.weight,33,128,1.41571073,1.78125,4000,1.3777111,1,0,0.0162863134,0.999921361,0
flagship,68000,q_norm,decoder.layers.self_attention.q_layernorm.weight,34,128,1.50948202,1.9296875,4000,1.45952728,1,0,0.0154056411,0.999954411,0
flagship,68000,q_norm,decoder.layers.self_attention.q_layernorm.weight,35,128,1.62450473,1.9609375,4000,1.58007981,1,0,0.0159307324,0.999948322,0
flagship,68000,q_norm,decoder.layers.self_attention.q_layernorm.weight,36,128,1.51797618,1.9609375,4000,1.48190608,1,0,0.0229813228,0.999873603,0
flagship,68000,q_norm,decoder.layers.self_attention.q_layernorm.weight,37,128,1.36225133,1.7734375,4000,1.33583938,1,0,0.0285211458,0.999757702,0
flagship,68000,q_norm,decoder.layers.self_attention.q_layernorm.weight,38,128,1.6689386,1.9921875,4000,1.61667887,1,0,0.0145774805,0.999952192,0
flagship,68000,q_norm,decoder.layers.self_attention.q_layernorm.weight,39,128,1.49914892,1.8671875,4000,1.46671942,1,0,0.0262278881,0.999812963,0
flagship,68000,q_norm,decoder.layers.self_attention.q_layernorm.weight,40,128,1.41514445,1.7890625,4000,1.38387419,1,0,0.0268570455,0.999776931,0
flagship,68000,q_norm,decoder.layers.self_attention.q_layernorm.weight,41,128,1.41733737,1.765625,4000,1.38074874,1,0,0.0300123531,0.999721713,0
flagship,68000,q_norm,decoder.layers.self_attention.q_layernorm.weight,42,128,1.28907221,1.703125,4000,1.26150055,1,0,0.0311607458,0.999666424,0
flagship,68000,q_norm,decoder.layers.self_attention.q_layernorm.weight,43,128,1.3637139,1.84375,4000,1.33130235,1,0,0.0345101657,0.999614363,0
flagship,68000,q_norm,decoder.layers.self_attention.q_layernorm.weight,44,128,1.32327297,1.796875,4000,1.28984734,1,0,0.0248594433,0.999809262,0
flagship,68000,q_norm,decoder.layers.self_attention.q_layernorm.weight,45,128,1.36944974,1.8203125,4000,1.30742605,1,0,0.0201626839,0.999873457,0
flagship,68000,q_norm,decoder.layers.self_attention.q_layernorm.weight,46,128,1.44061479,1.84375,4000,1.38516167,1,0,0.0220039616,0.999869629,0
flagship,68000,q_norm,decoder.layers.self_attention.q_layernorm.weight,47,128,1.33392444,1.734375,4000,1.29966771,1,0,0.0201969282,0.999874945,0
flagship,68000,q_norm,decoder.layers.self_attention.q_layernorm.weight,48,128,1.5384992,1.84375,4000,1.42684182,1,0,0.0162261392,0.99994466,0
flagship,68000,q_norm,decoder.layers.self_attention.q_layernorm.weight,49,128,1.39502804,1.7890625,4000,1.33860294,1,0,0.0187657285,0.999928562,0
flagship,68000,q_norm,decoder.layers.self_attention.q_layernorm.weight,50,128,1.47601828,1.7734375,4000,1.40235946,1,0,0.0156174473,0.999945626,0
flagship,68000,q_norm,decoder.layers.self_attention.q_layernorm.weight,51,128,1.508039,1.84375,4000,1.42870715,1,0,0.0157883667,0.999941113,0
flagship,68000,q_norm,decoder.layers.self_attention.q_layernorm.weight,52,128,1.55951414,1.828125,4000,1.48303888,1,0,0.0203406894,0.999936354,0
flagship,68000,q_norm,decoder.layers.self_attention.q_layernorm.weight,53,128,1.4902549,1.8359375,4000,1.38322956,1,0,0.0189988967,0.999930413,0
flagship,68000,q_norm,decoder.layers.self_attention.q_layernorm.weight,54,128,1.41029371,1.7265625,4000,1.35040437,1,0,0.0175230338,0.999916131,0
flagship,68000,q_norm,decoder.layers.self_attention.q_layernorm.weight,55,128,1.55745187,2,4000,1.42657637,1,0,0.018456227,0.999911825,0
flagship,68000,q_norm,decoder.layers.self_attention.q_layernorm.weight,56,128,1.58207484,1.8671875,4000,1.46966698,1,0,0.016902428,0.999945243,0
flagship,68000,q_norm,decoder.layers.self_attention.q_layernorm.weight,57,128,1.53847589,2,4000,1.4361061,1,0,0.0137772956,0.999979442,0
flagship,68000,q_norm,decoder.layers.self_attention.q_layernorm.weight,58,128,1.62814877,1.84375,4000,1.51454833,1,0,0.016033061,0.999969251,0
flagship,68000,q_norm,decoder.layers.self_attention.q_layernorm.weight,59,128,1.54702126,1.9296875,4000,1.40919296,1,0,0.0132000551,0.99997113,0
flagship,68000,q_norm,decoder.layers.self_attention.q_layernorm.weight,60,128,1.48428075,1.7578125,4000,1.41490572,1,0,0.0135957891,0.999970371,0
flagship,68000,q_norm,decoder.layers.self_attention.q_layernorm.weight,61,128,1.47877458,1.96875,4000,1.39918903,1,0,0.0160681027,0.999907471,0
flagship,68000,q_norm,decoder.layers.self_attention.q_layernorm.weight,62,128,1.38714232,1.7578125,4000,1.33076672,1,0,0.0130267563,0.999975504,0
flagship,68000,q_norm,decoder.layers.self_attention.q_layernorm.weight,63,128,1.19699253,1.484375,4000,1.17051025,1,0,0.0105892229,0.999961478,0
flagship,72000,attention_input_norm,decoder.layers.self_attention.linear_qkv.layer_norm_weight,0,5120,0.0446899968,0.59765625,4000,0.0452845728,1,0,0.332971738,0.985852019,0
flagship,72000,attention_input_norm,decoder.layers.self_attention.linear_qkv.layer_norm_weight,1,5120,0.302822607,0.7265625,4000,0.305864771,1,0,0.16181672,0.999589998,0
flagship,72000,attention_input_norm,decoder.layers.self_attention.linear_qkv.layer_norm_weight,2,5120,0.526264166,0.6328125,4000,0.525737818,1,0,0.10070478,0.999805753,0
flagship,72000,attention_input_norm,decoder.layers.self_attention.linear_qkv.layer_norm_weight,3,5120,0.657484885,1.03125,4000,0.65368309,1,0,0.0810581607,0.999866464,0
flagship,72000,attention_input_norm,decoder.layers.self_attention.linear_qkv.layer_norm_weight,4,5120,0.686370684,0.98046875,4000,0.686348206,1,0,0.073806773,0.999863825,0
flagship,72000,attention_input_norm,decoder.layers.self_attention.linear_qkv.layer_norm_weight,5,5120,0.795477959,1.1171875,4000,0.792274942,1,0,0.0613074203,0.99989762,0
flagship,72000,attention_input_norm,decoder.layers.self_attention.linear_qkv.layer_norm_weight,6,5120,0.867716272,1.171875,4000,0.862602608,1,0,0.0556944282,0.999917918,0
flagship,72000,attention_input_norm,decoder.layers.self_attention.linear_qkv.layer_norm_weight,7,5120,1.06389084,1.234375,4000,1.05138379,1,0,0.0275950482,0.999945573,0
flagship,72000,attention_input_norm,decoder.layers.self_attention.linear_qkv.layer_norm_weight,8,5120,1.00057447,1.3671875,4000,1.01021054,1,0,0.0309616709,0.99993851,0
flagship,72000,attention_input_norm,decoder.layers.self_attention.linear_qkv.layer_norm_weight,9,5120,0.939725589,1.3515625,4000,0.953389556,1,0,0.0282799883,0.999935001,0
flagship,72000,attention_input_norm,decoder.layers.self_attention.linear_qkv.layer_norm_weight,10,5120,0.948026386,1.453125,4000,0.962957409,1,0,0.0347234279,0.999935687,0
flagship,72000,attention_input_norm,decoder.layers.self_attention.linear_qkv.layer_norm_weight,11,5120,1.02026226,1.4453125,4000,1.03674496,1,0,0.0250222205,0.999942392,0
flagship,72000,attention_input_norm,decoder.layers.self_attention.linear_qkv.layer_norm_weight,12,5120,0.963611524,1.4765625,4000,0.979145624,1,0,0.0268119387,0.999936426,0
flagship,72000,attention_input_norm,decoder.layers.self_attention.linear_qkv.layer_norm_weight,13,5120,1.02162407,1.390625,4000,1.03826879,1,0,0.0157281165,0.99994142,0
flagship,72000,attention_input_norm,decoder.layers.self_attention.linear_qkv.layer_norm_weight,14,5120,0.990348879,1.265625,4000,1.0077314,1,0,0.0152596426,0.999941818,0
flagship,72000,attention_input_norm,decoder.layers.self_attention.linear_qkv.layer_norm_weight,15,5120,1.10756949,1.4140625,4000,1.12664347,1,0,0.0146661622,0.999949445,0
flagship,72000,attention_input_norm,decoder.layers.self_attention.linear_qkv.layer_norm_weight,16,5120,1.13463743,1.359375,4000,1.15445679,1,0,0.00984038544,0.999953466,0
flagship,72000,attention_input_norm,decoder.layers.self_attention.linear_qkv.layer_norm_weight,17,5120,1.25016015,1.546875,4000,1.27044359,1,0,0.0115368884,0.999964955,0
flagship,72000,attention_input_norm,decoder.layers.self_attention.linear_qkv.layer_norm_weight,18,5120,1.22612133,1.453125,4000,1.24763795,1,0,0.00921358295,0.999961713,0
flagship,72000,attention_input_norm,decoder.layers.self_attention.linear_qkv.layer_norm_weight,19,5120,1.3406471,1.5625,4000,1.35958782,1,0,0.00865063544,0.99997066,0
flagship,72000,attention_input_norm,decoder.layers.self_attention.linear_qkv.layer_norm_weight,20,5120,1.21931284,1.515625,4000,1.24081087,1,0,0.0125290255,0.99996071,0
flagship,72000,attention_input_norm,decoder.layers.self_attention.linear_qkv.layer_norm_weight,21,5120,1.22716555,1.6484375,4000,1.24799524,1,0,0.0199307599,0.999957375,0
flagship,72000,attention_input_norm,decoder.layers.self_attention.linear_qkv.layer_norm_weight,22,5120,1.47890315,1.6953125,4000,1.49586391,1,0,0.0179942392,0.999972625,0
flagship,72000,attention_input_norm,decoder.layers.self_attention.linear_qkv.layer_norm_weight,23,5120,1.48222416,1.859375,4000,1.50481814,1,0,0.021314232,0.999972385,0
flagship,72000,attention_input_norm,decoder.layers.self_attention.linear_qkv.layer_norm_weight,24,5120,1.45280026,1.8828125,4000,1.46712115,1,0,0.0250389707,0.99996835,0
flagship,72000,attention_input_norm,decoder.layers.self_attention.linear_qkv.layer_norm_weight,25,5120,1.38434777,1.6328125,4000,1.40469804,1,0,0.0357982112,0.999964214,0
flagship,72000,attention_input_norm,decoder.layers.self_attention.linear_qkv.layer_norm_weight,26,5120,1.32810535,1.71875,4000,1.351265,1,0,0.0387596983,0.999953608,0
flagship,72000,attention_input_norm,decoder.layers.self_attention.linear_qkv.layer_norm_weight,27,5120,1.59274223,2.125,4000,1.6061886,1,0,0.038339014,0.999968972,0
flagship,72000,attention_input_norm,decoder.layers.self_attention.linear_qkv.layer_norm_weight,28,5120,1.45011011,1.9296875,4000,1.47473423,1,0,0.0355130483,0.999951281,0
flagship,72000,attention_input_norm,decoder.layers.self_attention.linear_qkv.layer_norm_weight,29,5120,1.48411066,1.953125,4000,1.50664066,1,0,0.036261631,0.999953831,0
flagship,72000,attention_input_norm,decoder.layers.self_attention.linear_qkv.layer_norm_weight,30,5120,1.68164753,2.046875,4000,1.70823641,1,0,0.0471576946,0.999965291,0
flagship,72000,attention_input_norm,decoder.layers.self_attention.linear_qkv.layer_norm_weight,31,5120,1.30845616,1.6640625,4000,1.33259912,1,0,0.0444883219,0.999937577,0
flagship,72000,attention_input_norm,decoder.layers.self_attention.linear_qkv.layer_norm_weight,32,5120,1.45860202,1.828125,4000,1.4845334,1,0,0.0508916519,0.99994937,0
flagship,72000,attention_input_norm,decoder.layers.self_attention.linear_qkv.layer_norm_weight,33,5120,1.45672289,1.7734375,4000,1.48335881,1,0,0.0511033278,0.999937262,0
flagship,72000,attention_input_norm,decoder.layers.self_attention.linear_qkv.layer_norm_weight,34,5120,1.69373325,2.046875,4000,1.72284818,1,0,0.0641401749,0.999950934,0
flagship,72000,attention_input_norm,decoder.layers.self_attention.linear_qkv.layer_norm_weight,35,5120,1.55327852,1.875,4000,1.58144712,1,0,0.0567431849,0.999947877,0
flagship,72000,attention_input_norm,decoder.layers.self_attention.linear_qkv.layer_norm_weight,36,5120,1.33163722,1.53125,4000,1.35618204,1,0,0.0538704354,0.9999219,0
flagship,72000,attention_input_norm,decoder.layers.self_attention.linear_qkv.layer_norm_weight,37,5120,0.923985686,1.125,4000,0.941371812,1,0,0.0295423723,0.999872382,0
flagship,72000,attention_input_norm,decoder.layers.self_attention.linear_qkv.layer_norm_weight,38,5120,1.22906121,1.421875,4000,1.25153489,1,0,0.0409379385,0.999929601,0
flagship,72000,attention_input_norm,decoder.layers.self_attention.linear_qkv.layer_norm_weight,39,5120,1.00519108,1.1796875,4000,1.0239413,1,0,0.0389658277,0.999885523,0
flagship,72000,attention_input_norm,decoder.layers.self_attention.linear_qkv.layer_norm_weight,40,5120,1.13163398,1.390625,4000,1.15227965,1,0,0.0461388351,0.999903713,0
flagship,72000,attention_input_norm,decoder.layers.self_attention.linear_qkv.layer_norm_weight,41,5120,1.06733606,1.296875,4000,1.08685379,1,0,0.0446529768,0.999890483,0
flagship,72000,attention_input_norm,decoder.layers.self_attention.linear_qkv.layer_norm_weight,42,5120,0.958564553,1.1875,4000,0.975980714,1,0,0.0342427993,0.999872466,0
flagship,72000,attention_input_norm,decoder.layers.self_attention.linear_qkv.layer_norm_weight,43,5120,1.00910347,1.21875,4000,1.02692584,1,0,0.0374234503,0.999883063,0
flagship,72000,attention_input_norm,decoder.layers.self_attention.linear_qkv.layer_norm_weight,44,5120,1.09584611,1.3046875,4000,1.11486483,1,0,0.046612472,0.999890858,0
flagship,72000,attention_input_norm,decoder.layers.self_attention.linear_qkv.layer_norm_weight,45,5120,1.21108598,1.4375,4000,1.22894927,1,0,0.0469817875,0.999911334,0
flagship,72000,attention_input_norm,decoder.layers.self_attention.linear_qkv.layer_norm_weight,46,5120,1.29475928,1.4765625,4000,1.30961095,1,0,0.0543650095,0.999923348,0
flagship,72000,attention_input_norm,decoder.layers.self_attention.linear_qkv.layer_norm_weight,47,5120,1.10250083,1.3046875,4000,1.11876588,1,0,0.0373179627,0.999899343,0
flagship,72000,attention_input_norm,decoder.layers.self_attention.linear_qkv.layer_norm_weight,48,5120,1.43970189,1.6640625,4000,1.45257477,1,0,0.057967111,0.999938051,0
flagship,72000,attention_input_norm,decoder.layers.self_attention.linear_qkv.layer_norm_weight,49,5120,1.36563395,1.578125,4000,1.37081916,1,0,0.0534975671,0.99993822,0
flagship,72000,attention_input_norm,decoder.layers.self_attention.linear_qkv.layer_norm_weight,50,5120,1.29752872,1.5,4000,1.31340238,1,0,0.0588738196,0.999916419,0
flagship,72000,attention_input_norm,decoder.layers.self_attention.linear_qkv.layer_norm_weight,51,5120,1.47410641,1.71875,4000,1.49149218,1,0,0.0735492605,0.999934125,0
flagship,72000,attention_input_norm,decoder.layers.self_attention.linear_qkv.layer_norm_weight,52,5120,1.41344116,1.5859375,4000,1.4306149,1,0,0.0688981261,0.999929926,0
flagship,72000,attention_input_norm,decoder.layers.self_attention.linear_qkv.layer_norm_weight,53,5120,1.61430263,1.84375,4000,1.62444971,1,0,0.0774751447,0.999932384,0
flagship,72000,attention_input_norm,decoder.layers.self_attention.linear_qkv.layer_norm_weight,54,5120,1.46677151,1.7109375,4000,1.48037855,1,0,0.0700543763,0.999918289,0
flagship,72000,attention_input_norm,decoder.layers.self_attention.linear_qkv.layer_norm_weight,55,5120,1.53751992,1.8046875,4000,1.54209168,1,0,0.0634845002,0.99993574,0
flagship,72000,attention_input_norm,decoder.layers.self_attention.linear_qkv.layer_norm_weight,56,5120,1.59698014,1.8125,4000,1.6084678,1,0,0.0707862155,0.999933309,0
flagship,72000,attention_input_norm,decoder.layers.self_attention.linear_qkv.layer_norm_weight,57,5120,1.47422274,1.734375,4000,1.47655222,1,0,0.0582018158,0.99992627,0
flagship,72000,attention_input_norm,decoder.layers.self_attention.linear_qkv.layer_norm_weight,58,5120,1.53367585,1.8203125,4000,1.53838916,1,0,0.0603358501,0.999924501,0
flagship,72000,attention_input_norm,decoder.layers.self_attention.linear_qkv.layer_norm_weight,59,5120,1.36451501,1.6015625,4000,1.36579842,1,0,0.0508539377,0.999903098,0
flagship,72000,attention_input_norm,decoder.layers.self_attention.linear_qkv.layer_norm_weight,60,5120,1.20223265,1.421875,4000,1.20833218,1,0,0.0361197159,0.999907651,0
flagship,72000,attention_input_norm,decoder.layers.self_attention.linear_qkv.layer_norm_weight,61,5120,1.14605342,1.421875,4000,1.14810596,1,0,0.0241569883,0.999841398,0
flagship,72000,attention_input_norm,decoder.layers.self_attention.linear_qkv.layer_norm_weight,62,5120,1.03549932,1.21875,4000,1.04014791,1,0,0.0131814599,0.999920382,0
flagship,72000,attention_input_norm,decoder.layers.self_attention.linear_qkv.layer_norm_weight,63,5120,0.979382665,1.1875,4000,0.983322092,1,0,0.0107763074,0.99994299,0
flagship,72000,final_norm,decoder.final_layernorm.weight,-1,5120,1.69337889,6.28125,4000,1.52976119,1,0,0.0233872502,0.999737794,0
flagship,72000,k_norm,decoder.layers.self_attention.k_layernorm.weight,0,128,1.26501077,2.71875,4000,1.31003644,1,0,0.0341297244,0.999706178,0
flagship,72000,k_norm,decoder.layers.self_attention.k_layernorm.weight,1,128,1.58753087,1.984375,4000,1.47037008,1,0,0.0245203179,0.999895316,0
flagship,72000,k_norm,decoder.layers.self_attention.k_layernorm.weight,2,128,1.52749598,2.21875,4000,1.35702948,1,0,0.0188524455,0.99989239,0
flagship,72000,k_norm,decoder.layers.self_attention.k_layernorm.weight,3,128,1.62613935,2.109375,4000,1.4235236,1,0,0.0159177396,0.999921072,0
flagship,72000,k_norm,decoder.layers.self_attention.k_layernorm.weight,4,128,1.54830085,1.9453125,4000,1.39357776,1,0,0.0178140325,0.999908742,0
flagship,72000,k_norm,decoder.layers.self_attention.k_layernorm.weight,5,128,1.51107798,1.8671875,4000,1.34619653,1,0,0.0162817795,0.999912049,0
flagship,72000,k_norm,decoder.layers.self_attention.k_layernorm.weight,6,128,1.78338405,2.203125,4000,1.53959697,1,0,0.0154582183,0.999945531,0
flagship,72000,k_norm,decoder.layers.self_attention.k_layernorm.weight,7,128,1.66550094,2.109375,4000,1.44596708,1,0,0.0118434292,0.999957307,0
flagship,72000,k_norm,decoder.layers.self_attention.k_layernorm.weight,8,128,1.63893247,2.109375,4000,1.50566642,1,0,0.0127123823,0.99996304,0
flagship,72000,k_norm,decoder.layers.self_attention.k_layernorm.weight,9,128,1.60312728,2.078125,4000,1.53323125,1,0,0.0164815609,0.999929817,0
flagship,72000,k_norm,decoder.layers.self_attention.k_layernorm.weight,10,128,1.65159013,2.28125,4000,1.59854203,1,0,0.0192816368,0.999870746,0
flagship,72000,k_norm,decoder.layers.self_attention.k_layernorm.weight,11,128,1.6884087,2.171875,4000,1.63836022,1,0,0.0177381085,0.999941779,0
flagship,72000,k_norm,decoder.layers.self_attention.k_layernorm.weight,12,128,1.62828294,2.0625,4000,1.57068437,1,0,0.0216983165,0.999920204,0
flagship,72000,k_norm,decoder.layers.self_attention.k_layernorm.weight,13,128,1.58334054,2.46875,4000,1.54193308,1,0,0.0209023601,0.99987353,0
flagship,72000,k_norm,decoder.layers.self_attention.k_layernorm.weight,14,128,1.54596335,1.9453125,4000,1.53678944,1,0,0.0224808448,0.999926904,0
flagship,72000,k_norm,decoder.layers.self_attention.k_layernorm.weight,15,128,1.67930542,2.28125,4000,1.64648538,1,0,0.0240516751,0.999900814,0
flagship,72000,k_norm,decoder.layers.self_attention.k_layernorm.weight,16,128,1.53684841,2.609375,4000,1.51983957,1,0,0.0318761726,0.999786853,0
flagship,72000,k_norm,decoder.layers.self_attention.k_layernorm.weight,17,128,1.70828913,2.046875,4000,1.63806439,1,0,0.0204900582,0.999928922,0
flagship,72000,k_norm,decoder.layers.self_attention.k_layernorm.weight,18,128,1.66977158,2.15625,4000,1.63413428,1,0,0.0151371855,0.999964134,0
flagship,72000,k_norm,decoder.layers.self_attention.k_layernorm.weight,19,128,1.75178944,2.1875,4000,1.66377744,1,0,0.0156530102,0.999973431,0
flagship,72000,k_norm,decoder.layers.self_attention.k_layernorm.weight,20,128,1.62117126,2.171875,4000,1.58698077,1,0,0.0197970198,0.999939569,0
flagship,72000,k_norm,decoder.layers.self_attention.k_layernorm.weight,21,128,1.62390958,2.078125,4000,1.56892917,1,0,0.0185217593,0.999947107,0
flagship,72000,k_norm,decoder.layers.self_attention.k_layernorm.weight,22,128,1.7263777,2.125,4000,1.6275337,1,0,0.0157543158,0.999959334,0
flagship,72000,k_norm,decoder.layers.self_attention.k_layernorm.weight,23,128,1.65816391,2,4000,1.57905812,1,0,0.0161669002,0.999944865,0
flagship,72000,k_norm,decoder.layers.self_attention.k_layernorm.weight,24,128,1.64940045,2.265625,4000,1.54822545,1,0,0.020423322,0.999893337,0
flagship,72000,k_norm,decoder.layers.self_attention.k_layernorm.weight,25,128,1.60871777,2.140625,4000,1.53604634,1,0,0.0174001618,0.999913801,0
flagship,72000,k_norm,decoder.layers.self_attention.k_layernorm.weight,26,128,1.47081616,1.9453125,4000,1.4261997,1,0,0.0174915404,0.999924916,0
flagship,72000,k_norm,decoder.layers.self_attention.k_layernorm.weight,27,128,1.61461204,2.171875,4000,1.51812709,1,0,0.016916071,0.999945521,0.0078125
flagship,72000,k_norm,decoder.layers.self_attention.k_layernorm.weight,28,128,1.43613345,1.890625,4000,1.38806453,1,0,0.0145155609,0.999938521,0
flagship,72000,k_norm,decoder.layers.self_attention.k_layernorm.weight,29,128,1.48214021,1.8515625,4000,1.41733792,1,0,0.0148843619,0.999909381,0
flagship,72000,k_norm,decoder.layers.self_attention.k_layernorm.weight,30,128,1.52021003,1.953125,4000,1.45338846,1,0,0.0168623145,0.999953679,0.0078125
flagship,72000,k_norm,decoder.layers.self_attention.k_layernorm.weight,31,128,1.44130613,1.8828125,4000,1.40655626,1,0,0.0183419475,0.999908648,0
flagship,72000,k_norm,decoder.layers.self_attention.k_layernorm.weight,32,128,1.57965247,1.9296875,4000,1.53046774,1,0,0.016880978,0.999956394,0
flagship,72000,k_norm,decoder.layers.self_attention.k_layernorm.weight,33,128,1.38578052,1.8046875,4000,1.34723568,1,0,0.0162875038,0.999906152,0
flagship,72000,k_norm,decoder.layers.self_attention.k_layernorm.weight,34,128,1.48801396,2.015625,4000,1.43713186,1,0,0.0201954231,0.999897071,0
flagship,72000,k_norm,decoder.layers.self_attention.k_layernorm.weight,35,128,1.57556864,2,4000,1.53120202,1,0,0.0167460988,0.999943623,0
flagship,72000,k_norm,decoder.layers.self_attention.k_layernorm.weight,36,128,1.48103851,2,4000,1.44459482,1,0,0.0193673436,0.999932506,0
flagship,72000,k_norm,decoder.layers.self_attention.k_layernorm.weight,37,128,1.34558591,1.9140625,4000,1.31812988,1,0,0.0293030094,0.999663548,0
flagship,72000,k_norm,decoder.layers.self_attention.k_layernorm.weight,38,128,1.63908845,2.0625,4000,1.58626743,1,0,0.014713059,0.99993876,0
flagship,72000,k_norm,decoder.layers.self_attention.k_layernorm.weight,39,128,1.47253519,2.046875,4000,1.43928617,1,0,0.0259276242,0.99976539,0
flagship,72000,k_norm,decoder.layers.self_attention.k_layernorm.weight,40,128,1.38951272,1.875,4000,1.35839397,1,0,0.0283085767,0.999721792,0
flagship,72000,k_norm,decoder.layers.self_attention.k_layernorm.weight,41,128,1.39776657,1.90625,4000,1.36021188,1,0,0.0324949757,0.999637413,0
flagship,72000,k_norm,decoder.layers.self_attention.k_layernorm.weight,42,128,1.2835813,1.90625,4000,1.25472744,1,0,0.0374775028,0.999430609,0
flagship,72000,k_norm,decoder.layers.self_attention.k_layernorm.weight,43,128,1.33980749,1.9765625,4000,1.3066325,1,0,0.0344085975,0.999539852,0
flagship,72000,k_norm,decoder.layers.self_attention.k_layernorm.weight,44,128,1.31169682,1.90625,4000,1.27737728,1,0,0.0286900861,0.999699514,0
flagship,72000,k_norm,decoder.layers.self_attention.k_layernorm.weight,45,128,1.34594551,1.8828125,4000,1.28343477,1,0,0.0202998898,0.99986839,0
flagship,72000,k_norm,decoder.layers.self_attention.k_layernorm.weight,46,128,1.42336753,2.03125,4000,1.36807271,1,0,0.0209482742,0.999913153,0
flagship,72000,k_norm,decoder.layers.self_attention.k_layernorm.weight,47,128,1.31482633,1.8671875,4000,1.28185982,1,0,0.024317519,0.999802832,0
flagship,72000,k_norm,decoder.layers.self_attention.k_layernorm.weight,48,128,1.50989335,1.875,4000,1.40036912,1,0,0.0178062245,0.999945946,0
flagship,72000,k_norm,decoder.layers.self_attention.k_layernorm.weight,49,128,1.37102208,1.8203125,4000,1.31630479,1,0,0.0191239268,0.999944685,0
flagship,72000,k_norm,decoder.layers.self_attention.k_layernorm.weight,50,128,1.47339284,1.890625,4000,1.40001577,1,0,0.0198888818,0.999920379,0
flagship,72000,k_norm,decoder.layers.self_attention.k_layernorm.weight,51,128,1.4662757,1.8828125,4000,1.39261447,1,0,0.0162665481,0.999952582,0
flagship,72000,k_norm,decoder.layers.self_attention.k_layernorm.weight,52,128,1.53952408,1.96875,4000,1.46505543,1,0,0.023469707,0.999933017,0
flagship,72000,k_norm,decoder.layers.self_attention.k_layernorm.weight,53,128,1.47673079,1.84375,4000,1.37212987,1,0,0.0223855755,0.999921745,0
flagship,72000,k_norm,decoder.layers.self_attention.k_layernorm.weight,54,128,1.39828593,1.8984375,4000,1.34015723,1,0,0.0200047696,0.999890371,0
flagship,72000,k_norm,decoder.layers.self_attention.k_layernorm.weight,55,128,1.542846,2.015625,4000,1.41936779,1,0,0.0216784487,0.999919792,0
flagship,72000,k_norm,decoder.layers.self_attention.k_layernorm.weight,56,128,1.56581375,1.9609375,4000,1.4585625,1,0,0.0222087724,0.999922858,0
flagship,72000,k_norm,decoder.layers.self_attention.k_layernorm.weight,57,128,1.53205398,1.9140625,4000,1.43230229,1,0,0.0197826268,0.999938873,0
flagship,72000,k_norm,decoder.layers.self_attention.k_layernorm.weight,58,128,1.60344872,1.9453125,4000,1.49703659,1,0,0.0185450282,0.999933053,0
flagship,72000,k_norm,decoder.layers.self_attention.k_layernorm.weight,59,128,1.53276968,1.875,4000,1.40196093,1,0,0.0166203516,0.999934362,0
flagship,72000,k_norm,decoder.layers.self_attention.k_layernorm.weight,60,128,1.45865457,1.84375,4000,1.39149567,1,0,0.0201797323,0.999901787,0
flagship,72000,k_norm,decoder.layers.self_attention.k_layernorm.weight,61,128,1.47872657,1.9765625,4000,1.40153738,1,0,0.0363452033,0.999647891,0
flagship,72000,k_norm,decoder.layers.self_attention.k_layernorm.weight,62,128,1.37675139,1.6953125,4000,1.32263477,1,0,0.017561134,0.999952136,0
flagship,72000,k_norm,decoder.layers.self_attention.k_layernorm.weight,63,128,1.19839375,1.4453125,4000,1.1713455,1,0,0.0148454934,0.999930805,0
flagship,72000,pre_mlp_norm,decoder.layers.mlp.linear_fc1.layer_norm_weight,0,5120,0.469164515,0.73046875,4000,0.47897695,1,0,0.0796335335,0.999608772,0
flagship,72000,pre_mlp_norm,decoder.layers.mlp.linear_fc1.layer_norm_weight,1,5120,0.827847713,0.9453125,4000,0.841364889,1,0,0.0441653454,0.999910366,0
flagship,72000,pre_mlp_norm,decoder.layers.mlp.linear_fc1.layer_norm_weight,2,5120,0.873754761,1.1484375,4000,0.885165334,1,0,0.0215150833,0.99993764,0
flagship,72000,pre_mlp_norm,decoder.layers.mlp.linear_fc1.layer_norm_weight,3,5120,0.859853193,0.98828125,4000,0.877830916,1,0,0.0142051532,0.999938441,0
flagship,72000,pre_mlp_norm,decoder.layers.mlp.linear_fc1.layer_norm_weight,4,5120,0.838396414,1.0625,4000,0.854769346,1,0,0.0114740844,0.999938955,0
flagship,72000,pre_mlp_norm,decoder.layers.mlp.linear_fc1.layer_norm_weight,5,5120,0.761191127,1.8359375,4000,0.779464307,1,0,0.0124902691,0.999928504,0
flagship,72000,pre_mlp_norm,decoder.layers.mlp.linear_fc1.layer_norm_weight,6,5120,0.705066022,1.0390625,4000,0.724292857,1,0,0.0169491783,0.999929322,0
flagship,72000,pre_mlp_norm,decoder.layers.mlp.linear_fc1.layer_norm_weight,7,5120,0.676076542,0.9765625,4000,0.692559037,1,0,0.0200729464,0.99992965,0
flagship,72000,pre_mlp_norm,decoder.layers.mlp.linear_fc1.layer_norm_weight,8,5120,0.676323617,0.91796875,4000,0.690653923,1,0,0.0183515591,0.999935899,0
flagship,72000,pre_mlp_norm,decoder.layers.mlp.linear_fc1.layer_norm_weight,9,5120,0.674659355,0.9296875,4000,0.686790365,1,0,0.0140930205,0.999939514,0
flagship,72000,pre_mlp_norm,decoder.layers.mlp.linear_fc1.layer_norm_weight,10,5120,0.655010874,0.81640625,4000,0.664977776,1,0,0.0122364383,0.999938712,0
flagship,72000,pre_mlp_norm,decoder.layers.mlp.linear_fc1.layer_norm_weight,11,5120,0.644482356,0.73046875,4000,0.652608305,1,0,0.0111010557,0.999938816,0
flagship,72000,pre_mlp_norm,decoder.layers.mlp.linear_fc1.layer_norm_weight,12,5120,0.641437096,0.72265625,4000,0.648173648,1,0,0.0110007839,0.999943001,0
flagship,72000,pre_mlp_norm,decoder.layers.mlp.linear_fc1.layer_norm_weight,13,5120,0.634886414,0.70703125,4000,0.64020718,1,0,0.0124401601,0.999937582,0
flagship,72000,pre_mlp_norm,decoder.layers.mlp.linear_fc1.layer_norm_weight,14,5120,0.6161005,0.6953125,4000,0.620127376,1,0,0.0137770581,0.999939082,0
flagship,72000,pre_mlp_norm,decoder.layers.mlp.linear_fc1.layer_norm_weight,15,5120,0.604548939,0.67578125,4000,0.607326542,1,0,0.0150388374,0.999938434,0
flagship,72000,pre_mlp_norm,decoder.layers.mlp.linear_fc1.layer_norm_weight,16,5120,0.579726386,0.6484375,4000,0.581469425,1,0,0.0161745505,0.999937346,0
flagship,72000,pre_mlp_norm,decoder.layers.mlp.linear_fc1.layer_norm_weight,17,5120,0.557937994,0.625,4000,0.558635229,1,0,0.0163657499,0.999929143,0
flagship,72000,pre_mlp_norm,decoder.layers.mlp.linear_fc1.layer_norm_weight,18,5120,0.548321583,0.64453125,4000,0.548121721,1,0,0.0166695355,0.999930412,0
flagship,72000,pre_mlp_norm,decoder.layers.mlp.linear_fc1.layer_norm_weight,19,5120,0.546010221,0.65625,4000,0.544714318,1,0,0.0177913495,0.999932991,0
flagship,72000,pre_mlp_norm,decoder.layers.mlp.linear_fc1.layer_norm_weight,20,5120,0.552611955,0.73046875,4000,0.550454301,1,0,0.020882536,0.999932196,0
flagship,72000,pre_mlp_norm,decoder.layers.mlp.linear_fc1.layer_norm_weight,21,5120,0.550064515,0.73046875,4000,0.546896236,1,0,0.0230874471,0.999931709,0
flagship,72000,pre_mlp_norm,decoder.layers.mlp.linear_fc1.layer_norm_weight,22,5120,0.547334778,0.60546875,4000,0.543296531,1,0,0.0242876254,0.999934865,0
flagship,72000,pre_mlp_norm,decoder.layers.mlp.linear_fc1.layer_norm_weight,23,5120,0.553199214,0.609375,4000,0.548167893,1,0,0.0256960227,0.999934696,0
flagship,72000,pre_mlp_norm,decoder.layers.mlp.linear_fc1.layer_norm_weight,24,5120,0.566879638,0.6328125,4000,0.560791046,1,0,0.0246262531,0.999937458,0
flagship,72000,pre_mlp_norm,decoder.layers.mlp.linear_fc1.layer_norm_weight,25,5120,0.593511432,0.6484375,4000,0.58610137,1,0,0.0225047188,0.999941287,0
flagship,72000,pre_mlp_norm,decoder.layers.mlp.linear_fc1.layer_norm_weight,26,5120,0.614428302,0.68359375,4000,0.605671402,1,0,0.0194828894,0.999940796,0
flagship,72000,pre_mlp_norm,decoder.layers.mlp.linear_fc1.layer_norm_weight,27,5120,0.638079197,0.69140625,4000,0.627894355,1,0,0.0172104486,0.999943261,0
flagship,72000,pre_mlp_norm,decoder.layers.mlp.linear_fc1.layer_norm_weight,28,5120,0.65930463,0.71484375,4000,0.647695103,1,0,0.016183802,0.999944931,0
flagship,72000,pre_mlp_norm,decoder.layers.mlp.linear_fc1.layer_norm_weight,29,5120,0.677665917,0.734375,4000,0.664449199,1,0,0.0153112748,0.999946824,0
flagship,72000,pre_mlp_norm,decoder.layers.mlp.linear_fc1.layer_norm_weight,30,5120,0.700922788,0.75,4000,0.686119392,1,0,0.0153517514,0.999948774,0
flagship,72000,pre_mlp_norm,decoder.layers.mlp.linear_fc1.layer_norm_weight,31,5120,0.721889333,0.77734375,4000,0.705443078,1,0,0.0151307854,0.999948898,0
flagship,72000,pre_mlp_norm,decoder.layers.mlp.linear_fc1.layer_norm_weight,32,5120,0.73478789,0.79296875,4000,0.716800051,1,0,0.0157087339,0.999950762,0
flagship,72000,pre_mlp_norm,decoder.layers.mlp.linear_fc1.layer_norm_weight,33,5120,0.75053477,0.81640625,4000,0.730812281,1,0,0.0162019353,0.999951442,0
flagship,72000,pre_mlp_norm,decoder.layers.mlp.linear_fc1.layer_norm_weight,34,5120,0.770615012,0.82421875,4000,0.749000796,1,0,0.0159107763,0.999950997,0
flagship,72000,pre_mlp_norm,decoder.layers.mlp.linear_fc1.layer_norm_weight,35,5120,0.795504952,0.84375,4000,0.771895674,1,0,0.0175040607,0.99995167,0
flagship,72000,pre_mlp_norm,decoder.layers.mlp.linear_fc1.layer_norm_weight,36,5120,0.82163734,1.0078125,4000,0.795788491,1,0,0.0163539958,0.999952222,0
flagship,72000,pre_mlp_norm,decoder.layers.mlp.linear_fc1.layer_norm_weight,37,5120,0.840782522,0.9140625,4000,0.812937502,1,0,0.0163001236,0.999952194,0
flagship,72000,pre_mlp_norm,decoder.layers.mlp.linear_fc1.layer_norm_weight,38,5120,0.857552593,0.90625,4000,0.827674791,1,0,0.0159669051,0.999954989,0
flagship,72000,pre_mlp_norm,decoder.layers.mlp.linear_fc1.layer_norm_weight,39,5120,0.871099504,0.921875,4000,0.839206696,1,0,0.0160427148,0.999952237,0
flagship,72000,pre_mlp_norm,decoder.layers.mlp.linear_fc1.layer_norm_weight,40,5120,0.883643357,0.9296875,4000,0.849909236,1,0,0.0157326705,0.999954948,0
flagship,72000,pre_mlp_norm,decoder.layers.mlp.linear_fc1.layer_norm_weight,41,5120,0.895724829,0.96875,4000,0.859328239,1,0,0.0158108796,0.999952632,0
flagship,72000,pre_mlp_norm,decoder.layers.mlp.linear_fc1.layer_norm_weight,42,5120,0.907922466,0.95703125,4000,0.870480747,1,0,0.0152847952,0.999951149,0
flagship,72000,pre_mlp_norm,decoder.layers.mlp.linear_fc1.layer_norm_weight,43,5120,0.917977394,0.984375,4000,0.878375366,1,0,0.0151903381,0.999951744,0
flagship,72000,pre_mlp_norm,decoder.layers.mlp.linear_fc1.layer_norm_weight,44,5120,0.924761442,1,4000,0.883879471,1,0,0.0147180152,0.999951151,0
flagship,72000,pre_mlp_norm,decoder.layers.mlp.linear_fc1.layer_norm_weight,45,5120,0.932583176,1.0078125,4000,0.890785337,1,0,0.0148927345,0.999950102,0
flagship,72000,pre_mlp_norm,decoder.layers.mlp.linear_fc1.layer_norm_weight,46,5120,0.939790285,1.0390625,4000,0.896628191,1,0,0.0151573834,0.999949232,0
flagship,72000,pre_mlp_norm,decoder.layers.mlp.linear_fc1.layer_norm_weight,47,5120,0.947541847,1.046875,4000,0.903640885,1,0,0.0142641229,0.999947254,0
flagship,72000,pre_mlp_norm,decoder.layers.mlp.linear_fc1.layer_norm_weight,48,5120,0.954179096,1.0625,4000,0.909518196,1,0,0.0137562447,0.999946101,0
flagship,72000,pre_mlp_norm,decoder.layers.mlp.linear_fc1.layer_norm_weight,49,5120,0.967123391,1.0859375,4000,0.921685398,1,0,0.0131250999,0.999943964,0
flagship,72000,pre_mlp_norm,decoder.layers.mlp.linear_fc1.layer_norm_weight,50,5120,0.972660521,1.09375,4000,0.927554413,1,0,0.0127062557,0.999942619,0
flagship,72000,pre_mlp_norm,decoder.layers.mlp.linear_fc1.layer_norm_weight,51,5120,0.980727273,1.140625,4000,0.9356463,1,0,0.0126009697,0.999938196,0
flagship,72000,pre_mlp_norm,decoder.layers.mlp.linear_fc1.layer_norm_weight,52,5120,0.984825699,1.15625,4000,0.940737113,1,0,0.0123711173,0.999932967,0
flagship,72000,pre_mlp_norm,decoder.layers.mlp.linear_fc1.layer_norm_weight,53,5120,0.990923332,1.1953125,4000,0.948403456,1,0,0.0132238799,0.999927091,0
flagship,72000,pre_mlp_norm,decoder.layers.mlp.linear_fc1.layer_norm_weight,54,5120,0.999547954,1.2421875,4000,0.959207789,1,0,0.0136824158,0.999917185,0
flagship,72000,pre_mlp_norm,decoder.layers.mlp.linear_fc1.layer_norm_weight,55,5120,0.997675563,1.28125,4000,0.960237247,1,0,0.0145824521,0.999906954,0
flagship,72000,pre_mlp_norm,decoder.layers.mlp.linear_fc1.layer_norm_weight,56,5120,0.998477111,1.3515625,4000,0.9641339,1,0,0.0159646791,0.999897672,0
flagship,72000,pre_mlp_norm,decoder.layers.mlp.linear_fc1.layer_norm_weight,57,5120,1.01187197,1.3984375,4000,0.981156446,1,0,0.0162394117,0.999876874,0
flagship,72000,pre_mlp_norm,decoder.layers.mlp.linear_fc1.layer_norm_weight,58,5120,1.01769063,1.421875,4000,0.991288175,1,0,0.0165591556,0.99986318,0
flagship,72000,pre_mlp_norm,decoder.layers.mlp.linear_fc1.layer_norm_weight,59,5120,1.01432896,1.453125,4000,0.992992325,1,0,0.0171109225,0.999853706,0
flagship,72000,pre_mlp_norm,decoder.layers.mlp.linear_fc1.layer_norm_weight,60,5120,1.03114478,1.546875,4000,1.01532958,1,0,0.0170247219,0.999856073,0
flagship,72000,pre_mlp_norm,decoder.layers.mlp.linear_fc1.layer_norm_weight,61,5120,1.06463467,1.640625,4000,1.05341189,1,0,0.0166418215,0.999879754,0
flagship,72000,pre_mlp_norm,decoder.layers.mlp.linear_fc1.layer_norm_weight,62,5120,1.09873346,1.625,4000,1.09318843,1,0,0.0124226401,0.999924508,0
flagship,72000,pre_mlp_norm,decoder.layers.mlp.linear_fc1.layer_norm_weight,63,5120,1.19509033,1.8125,4000,1.19547109,1,0,0.0132271137,0.999930632,0
flagship,72000,q_norm,decoder.layers.self_attention.q_layernorm.weight,0,128,1.25580844,1.984375,4000,1.30133511,1,0,0.0312366826,0.999740234,0
flagship,72000,q_norm,decoder.layers.self_attention.q_layernorm.weight,1,128,1.59927592,2.046875,4000,1.4808368,1,0,0.0242304796,0.999894959,0
flagship,72000,q_norm,decoder.layers.self_attention.q_layernorm.weight,2,128,1.53520905,1.90625,4000,1.36060088,1,0,0.0167464206,0.999921746,0
flagship,72000,q_norm,decoder.layers.self_attention.q_layernorm.weight,3,128,1.63970151,1.9921875,4000,1.43327008,1,0,0.014365876,0.999941879,0
flagship,72000,q_norm,decoder.layers.self_attention.q_layernorm.weight,4,128,1.56089013,1.9921875,4000,1.40235786,1,0,0.015392145,0.999944194,0
flagship,72000,q_norm,decoder.layers.self_attention.q_layernorm.weight,5,128,1.51515898,1.859375,4000,1.34809361,1,0,0.0153502148,0.999919506,0
flagship,72000,q_norm,decoder.layers.self_attention.q_layernorm.weight,6,128,1.80759364,2.21875,4000,1.55788005,1,0,0.0138711294,0.999963157,0
flagship,72000,q_norm,decoder.layers.self_attention.q_layernorm.weight,7,128,1.69301948,2.140625,4000,1.46860801,1,0,0.0111354078,0.999962363,0
flagship,72000,q_norm,decoder.layers.self_attention.q_layernorm.weight,8,128,1.65264995,1.9296875,4000,1.51738315,1,0,0.0130363539,0.999953664,0
flagship,72000,q_norm,decoder.layers.self_attention.q_layernorm.weight,9,128,1.64180679,2.140625,4000,1.57064091,1,0,0.0157512972,0.999934149,0
flagship,72000,q_norm,decoder.layers.self_attention.q_layernorm.weight,10,128,1.67512812,2.125,4000,1.6219433,1,0,0.0176122247,0.999895712,0
flagship,72000,q_norm,decoder.layers.self_attention.q_layernorm.weight,11,128,1.71367614,2.03125,4000,1.66394154,1,0,0.0174536287,0.999950971,0
flagship,72000,q_norm,decoder.layers.self_attention.q_layernorm.weight,12,128,1.66045314,2.640625,4000,1.60189207,1,0,0.0233173627,0.999901226,0
flagship,72000,q_norm,decoder.layers.self_attention.q_layernorm.weight,13,128,1.60545046,2.1875,4000,1.56130037,1,0,0.0207038678,0.999878716,0
flagship,72000,q_norm,decoder.layers.self_attention.q_layernorm.weight,14,128,1.57163138,2.171875,4000,1.56376284,1,0,0.02292772,0.99991873,0
flagship,72000,q_norm,decoder.layers.self_attention.q_layernorm.weight,15,128,1.70331467,2.171875,4000,1.6714406,1,0,0.0226818604,0.999919494,0
flagship,72000,q_norm,decoder.layers.self_attention.q_layernorm.weight,16,128,1.5496905,2.25,4000,1.53394357,1,0,0.0314919325,0.999788596,0
flagship,72000,q_norm,decoder.layers.self_attention.q_layernorm.weight,17,128,1.7317009,2.171875,4000,1.66098452,1,0,0.0212620018,0.999927839,0
flagship,72000,q_norm,decoder.layers.self_attention.q_layernorm.weight,18,128,1.69755714,2.140625,4000,1.66232755,1,0,0.0148317099,0.999968667,0
flagship,72000,q_norm,decoder.layers.self_attention.q_layernorm.weight,19,128,1.77583355,2.125,4000,1.68737207,1,0,0.0147796702,0.999973804,0
flagship,72000,q_norm,decoder.layers.self_attention.q_layernorm.weight,20,128,1.65322848,2.21875,4000,1.61947831,1,0,0.0209303192,0.999926596,0
flagship,72000,q_norm,decoder.layers.self_attention.q_layernorm.weight,21,128,1.65124082,2.109375,4000,1.59699043,1,0,0.017856028,0.999952239,0
flagship,72000,q_norm,decoder.layers.self_attention.q_layernorm.weight,22,128,1.75171632,2.21875,4000,1.65177755,1,0,0.0144895119,0.99996858,0.0078125
flagship,72000,q_norm,decoder.layers.self_attention.q_layernorm.weight,23,128,1.67624669,2.15625,4000,1.5964768,1,0,0.0152889579,0.999953534,0
flagship,72000,q_norm,decoder.layers.self_attention.q_layernorm.weight,24,128,1.66860675,2.015625,4000,1.56311333,1,0,0.0189667627,0.999911353,0
flagship,72000,q_norm,decoder.layers.self_attention.q_layernorm.weight,25,128,1.64218855,2.140625,4000,1.56738375,1,0,0.0161335068,0.999933746,0
flagship,72000,q_norm,decoder.layers.self_attention.q_layernorm.weight,26,128,1.49714766,2.015625,4000,1.45343553,1,0,0.0181488014,0.999915538,0.0078125
flagship,72000,q_norm,decoder.layers.self_attention.q_layernorm.weight,27,128,1.6496245,2.171875,4000,1.55124006,1,0,0.0169292125,0.999944598,0
flagship,72000,q_norm,decoder.layers.self_attention.q_layernorm.weight,28,128,1.46360975,1.84375,4000,1.41578742,1,0,0.0172210891,0.999903797,0.0078125
flagship,72000,q_norm,decoder.layers.self_attention.q_layernorm.weight,29,128,1.5194767,1.8515625,4000,1.45378306,1,0,0.0154115583,0.999904257,0
flagship,72000,q_norm,decoder.layers.self_attention.q_layernorm.weight,30,128,1.54729633,2.03125,4000,1.48056288,1,0,0.0187264552,0.999925208,0
flagship,72000,q_norm,decoder.layers.self_attention.q_layernorm.weight,31,128,1.47287014,1.8203125,4000,1.4385555,1,0,0.0206922789,0.999881604,0
flagship,72000,q_norm,decoder.layers.self_attention.q_layernorm.weight,32,128,1.62323201,1.9921875,4000,1.57421477,1,0,0.0214084396,0.999890206,0
flagship,72000,q_norm,decoder.layers.self_attention.q_layernorm.weight,33,128,1.41414406,1.78125,4000,1.37618648,1,0,0.019072764,0.999861654,0
flagship,72000,q_norm,decoder.layers.self_attention.q_layernorm.weight,34,128,1.51207154,1.921875,4000,1.4620311,1,0,0.019290635,0.999910121,0
flagship,72000,q_norm,decoder.layers.self_attention.q_layernorm.weight,35,128,1.62770012,1.953125,4000,1.58318781,1,0,0.0192169458,0.999917412,0
flagship,72000,q_norm,decoder.layers.self_attention.q_layernorm.weight,36,128,1.5205897,1.953125,4000,1.4844575,1,0,0.0270256635,0.999804314,0
flagship,72000,q_norm,decoder.layers.self_attention.q_layernorm.weight,37,128,1.35889237,1.7578125,4000,1.33254555,1,0,0.0318994144,0.999615462,0
flagship,72000,q_norm,decoder.layers.self_attention.q_layernorm.weight,38,128,1.66778406,1.9921875,4000,1.61556049,1,0,0.0164117424,0.999916812,0
flagship,72000,q_norm,decoder.layers.self_attention.q_layernorm.weight,39,128,1.49709771,1.8671875,4000,1.46471258,1,0,0.0297759795,0.999691867,0
flagship,72000,q_norm,decoder.layers.self_attention.q_layernorm.weight,40,128,1.41694708,1.7890625,4000,1.38563699,1,0,0.0322712384,0.999641571,0
flagship,72000,q_norm,decoder.layers.self_attention.q_layernorm.weight,41,128,1.41951695,1.765625,4000,1.38287206,1,0,0.0369500795,0.999523639,0
flagship,72000,q_norm,decoder.layers.self_attention.q_layernorm.weight,42,128,1.28873648,1.703125,4000,1.261172,1,0,0.0370741335,0.999463507,0
flagship,72000,q_norm,decoder.layers.self_attention.q_layernorm.weight,43,128,1.3645865,1.84375,4000,1.33215421,1,0,0.0441001645,0.999258402,0
flagship,72000,q_norm,decoder.layers.self_attention.q_layernorm.weight,44,128,1.32331915,1.7890625,4000,1.28989235,1,0,0.0297851151,0.999677238,0
flagship,72000,q_norm,decoder.layers.self_attention.q_layernorm.weight,45,128,1.3708198,1.796875,4000,1.30873406,1,0,0.022730135,0.999832003,0
flagship,72000,q_norm,decoder.layers.self_attention.q_layernorm.weight,46,128,1.44432985,1.8515625,4000,1.38873373,1,0,0.0275155869,0.999777316,0
flagship,72000,q_norm,decoder.layers.self_attention.q_layernorm.weight,47,128,1.33633172,1.7265625,4000,1.30201317,1,0,0.0256064708,0.999777076,0
flagship,72000,q_norm,decoder.layers.self_attention.q_layernorm.weight,48,128,1.54409184,1.8515625,4000,1.43202857,1,0,0.021252661,0.999903356,0
flagship,72000,q_norm,decoder.layers.self_attention.q_layernorm.weight,49,128,1.39944665,1.78125,4000,1.34284283,1,0,0.0230133289,0.999892116,0
flagship,72000,q_norm,decoder.layers.self_attention.q_layernorm.weight,50,128,1.48217376,1.7734375,4000,1.40820776,1,0,0.0211505362,0.999902529,0
flagship,72000,q_norm,decoder.layers.self_attention.q_layernorm.weight,51,128,1.51163057,1.859375,4000,1.43210978,1,0,0.0196588763,0.999903556,0
flagship,72000,q_norm,decoder.layers.self_attention.q_layernorm.weight,52,128,1.56672048,1.8359375,4000,1.48989184,1,0,0.0269233845,0.99987273,0
flagship,72000,q_norm,decoder.layers.self_attention.q_layernorm.weight,53,128,1.49727883,1.8515625,4000,1.38974905,1,0,0.0258702276,0.999860304,0
flagship,72000,q_norm,decoder.layers.self_attention.q_layernorm.weight,54,128,1.41371941,1.7421875,4000,1.35368459,1,0,0.0216838647,0.999867285,0
flagship,72000,q_norm,decoder.layers.self_attention.q_layernorm.weight,55,128,1.56510822,2,4000,1.43358934,1,0,0.0258663253,0.999825344,0
flagship,72000,q_norm,decoder.layers.self_attention.q_layernorm.weight,56,128,1.59276054,1.875,4000,1.47959345,1,0,0.0256150539,0.999875672,0
flagship,72000,q_norm,decoder.layers.self_attention.q_layernorm.weight,57,128,1.5453841,2.03125,4000,1.44255464,1,0,0.0192465498,0.999955288,0
flagship,72000,q_norm,decoder.layers.self_attention.q_layernorm.weight,58,128,1.62931354,1.8515625,4000,1.51563183,1,0,0.0187499495,0.99993294,0
flagship,72000,q_norm,decoder.layers.self_attention.q_layernorm.weight,59,128,1.54930463,1.9375,4000,1.4112729,1,0,0.0159320657,0.999948825,0
flagship,72000,q_norm,decoder.layers.self_attention.q_layernorm.weight,60,128,1.49026545,1.7578125,4000,1.42061069,1,0,0.0187834079,0.999940838,0
flagship,72000,q_norm,decoder.layers.self_attention.q_layernorm.weight,61,128,1.49970497,1.9609375,4000,1.41899298,1,0,0.0391602465,0.999502931,0
flagship,72000,q_norm,decoder.layers.self_attention.q_layernorm.weight,62,128,1.39132381,1.7578125,4000,1.33477826,1,0,0.0170592095,0.99995328,0
flagship,72000,q_norm,decoder.layers.self_attention.q_layernorm.weight,63,128,1.20177657,1.5078125,4000,1.17518845,1,0,0.0160078978,0.999921707,0
flagship,75126,attention_input_norm,decoder.layers.self_attention.linear_qkv.layer_norm_weight,0,5120,0.0422547476,0.58984375,4000,0.0428169239,1,0,0.374603361,0.981216687,0
flagship,75126,attention_input_norm,decoder.layers.self_attention.linear_qkv.layer_norm_weight,1,5120,0.292210825,0.71484375,4000,0.295146383,1,0,0.191468994,0.99944894,0
flagship,75126,attention_input_norm,decoder.layers.self_attention.linear_qkv.layer_norm_weight,2,5120,0.515317111,0.62109375,4000,0.514801712,1,0,0.119462539,0.999762398,0
flagship,75126,attention_input_norm,decoder.layers.self_attention.linear_qkv.layer_norm_weight,3,5120,0.645469607,1.0234375,4000,0.641737289,1,0,0.0979485647,0.999827992,0
flagship,75126,attention_input_norm,decoder.layers.self_attention.linear_qkv.layer_norm_weight,4,5120,0.674631664,0.984375,4000,0.674609571,1,0,0.0898005062,0.999819171,0
flagship,75126,attention_input_norm,decoder.layers.self_attention.linear_qkv.layer_norm_weight,5,5120,0.783899097,1.109375,4000,0.780742703,1,0,0.0751472361,0.999860198,0
flagship,75126,attention_input_norm,decoder.layers.self_attention.linear_qkv.layer_norm_weight,6,5120,0.855940251,1.171875,4000,0.850895986,1,0,0.0686984201,0.999884908,0
flagship,75126,attention_input_norm,decoder.layers.self_attention.linear_qkv.layer_norm_weight,7,5120,1.0564375,1.2109375,4000,1.04401807,1,0,0.0346524837,0.999922875,0
flagship,75126,attention_input_norm,decoder.layers.self_attention.linear_qkv.layer_norm_weight,8,5120,0.993329332,1.375,4000,1.00289563,1,0,0.0381249076,0.999918316,0
flagship,75126,attention_input_norm,decoder.layers.self_attention.linear_qkv.layer_norm_weight,9,5120,0.93342371,1.359375,4000,0.946996045,1,0,0.0349792939,0.999912766,0
flagship,75126,attention_input_norm,decoder.layers.self_attention.linear_qkv.layer_norm_weight,10,5120,0.939935047,1.4609375,4000,0.954738635,1,0,0.0431362625,0.999912174,0
flagship,75126,attention_input_norm,decoder.layers.self_attention.linear_qkv.layer_norm_weight,11,5120,1.01362092,1.453125,4000,1.02999633,1,0,0.0314905967,0.999923095,0
flagship,75126,attention_input_norm,decoder.layers.self_attention.linear_qkv.layer_norm_weight,12,5120,0.956689093,1.4921875,4000,0.972111599,1,0,0.0338987058,0.999915705,0
flagship,75126,attention_input_norm,decoder.layers.self_attention.linear_qkv.layer_norm_weight,13,5120,1.01732888,1.40625,4000,1.03390363,1,0,0.0200224805,0.99992039,0
flagship,75126,attention_input_norm,decoder.layers.self_attention.linear_qkv.layer_norm_weight,14,5120,0.984563459,1.2734375,4000,1.00184444,1,0,0.0207527632,0.999921636,0
flagship,75126,attention_input_norm,decoder.layers.self_attention.linear_qkv.layer_norm_weight,15,5120,1.10216214,1.421875,4000,1.121143,1,0,0.0194174413,0.999931423,0
flagship,75126,attention_input_norm,decoder.layers.self_attention.linear_qkv.layer_norm_weight,16,5120,1.13044978,1.375,4000,1.15019599,1,0,0.0112447616,0.999938292,0
flagship,75126,attention_input_norm,decoder.layers.self_attention.linear_qkv.layer_norm_weight,17,5120,1.244772,1.5625,4000,1.26496802,1,0,0.0156109966,0.999952582,0
flagship,75126,attention_input_norm,decoder.layers.self_attention.linear_qkv.layer_norm_weight,18,5120,1.22425025,1.4609375,4000,1.24573403,1,0,0.0103539927,0.999947332,0
flagship,75126,attention_input_norm,decoder.layers.self_attention.linear_qkv.layer_norm_weight,19,5120,1.33904788,1.546875,4000,1.357966,1,0,0.00941918987,0.99995965,0
flagship,75126,attention_input_norm,decoder.layers.self_attention.linear_qkv.layer_norm_weight,20,5120,1.21818084,1.53125,4000,1.23965891,1,0,0.0130553006,0.999946238,0
flagship,75126,attention_input_norm,decoder.layers.self_attention.linear_qkv.layer_norm_weight,21,5120,1.22853729,1.6796875,4000,1.24939026,1,0,0.0216862724,0.999941875,0
flagship,75126,attention_input_norm,decoder.layers.self_attention.linear_qkv.layer_norm_weight,22,5120,1.48246609,1.7109375,4000,1.49946771,1,0,0.0206997572,0.999963612,0
flagship,75126,attention_input_norm,decoder.layers.self_attention.linear_qkv.layer_norm_weight,23,5120,1.4859666,1.90625,4000,1.50861763,1,0,0.0241261447,0.999963459,0
flagship,75126,attention_input_norm,decoder.layers.self_attention.linear_qkv.layer_norm_weight,24,5120,1.45685745,1.9296875,4000,1.47121834,1,0,0.0281570778,0.999957659,0
flagship,75126,attention_input_norm,decoder.layers.self_attention.linear_qkv.layer_norm_weight,25,5120,1.3920683,1.671875,4000,1.41253207,1,0,0.0416886373,0.999953804,0
flagship,75126,attention_input_norm,decoder.layers.self_attention.linear_qkv.layer_norm_weight,26,5120,1.33615741,1.7734375,4000,1.35945747,1,0,0.0452515169,0.999937557,0
flagship,75126,attention_input_norm,decoder.layers.self_attention.linear_qkv.layer_norm_weight,27,5120,1.60332257,2.1875,4000,1.61685827,1,0,0.0453719103,0.999957457,0
flagship,75126,attention_input_norm,decoder.layers.self_attention.linear_qkv.layer_norm_weight,28,5120,1.45833979,1.9921875,4000,1.48310366,1,0,0.0415875303,0.999935168,0
flagship,75126,attention_input_norm,decoder.layers.self_attention.linear_qkv.layer_norm_weight,29,5120,1.49262165,2.015625,4000,1.51528085,1,0,0.0423906875,0.999938554,0
flagship,75126,attention_input_norm,decoder.layers.self_attention.linear_qkv.layer_norm_weight,30,5120,1.69489537,2.109375,4000,1.72169371,1,0,0.0554822389,0.999955221,0
flagship,75126,attention_input_norm,decoder.layers.self_attention.linear_qkv.layer_norm_weight,31,5120,1.31630395,1.7265625,4000,1.34059171,1,0,0.0509684473,0.999918195,0
flagship,75126,attention_input_norm,decoder.layers.self_attention.linear_qkv.layer_norm_weight,32,5120,1.46942466,1.8984375,4000,1.49554845,1,0,0.0588089395,0.99993488,0
flagship,75126,attention_input_norm,decoder.layers.self_attention.linear_qkv.layer_norm_weight,33,5120,1.46861844,1.84375,4000,1.49547187,1,0,0.059817433,0.999919209,0
flagship,75126,attention_input_norm,decoder.layers.self_attention.linear_qkv.layer_norm_weight,34,5120,1.71188082,2.125,4000,1.7413077,1,0,0.075614829,0.999937034,0
flagship,75126,attention_input_norm,decoder.layers.self_attention.linear_qkv.layer_norm_weight,35,5120,1.56720878,1.90625,4000,1.59563001,1,0,0.0663155523,0.999933178,0
flagship,75126,attention_input_norm,decoder.layers.self_attention.linear_qkv.layer_norm_weight,36,5120,1.34203858,1.5546875,4000,1.36677512,1,0,0.0622545028,0.99990087,0
flagship,75126,attention_input_norm,decoder.layers.self_attention.linear_qkv.layer_norm_weight,37,5120,0.925121763,1.1171875,4000,0.942529266,1,0,0.0319561553,0.99983133,0
flagship,75126,attention_input_norm,decoder.layers.self_attention.linear_qkv.layer_norm_weight,38,5120,1.23543164,1.4453125,4000,1.25802181,1,0,0.0465881477,0.999908783,0
flagship,75126,attention_input_norm,decoder.layers.self_attention.linear_qkv.layer_norm_weight,39,5120,1.0092094,1.1875,4000,1.02803458,1,0,0.0436074259,0.999852463,0
flagship,75126,attention_input_norm,decoder.layers.self_attention.linear_qkv.layer_norm_weight,40,5120,1.13853333,1.3828125,4000,1.15930487,1,0,0.0528258338,0.999874596,0
flagship,75126,attention_input_norm,decoder.layers.self_attention.linear_qkv.layer_norm_weight,41,5120,1.07358416,1.3125,4000,1.09321615,1,0,0.051033371,0.999862175,0
flagship,75126,attention_input_norm,decoder.layers.self_attention.linear_qkv.layer_norm_weight,42,5120,0.96163755,1.1953125,4000,0.979109544,1,0,0.0382837004,0.999832748,0
flagship,75126,attention_input_norm,decoder.layers.self_attention.linear_qkv.layer_norm_weight,43,5120,1.01352671,1.2265625,4000,1.0314272,1,0,0.0423873246,0.999851291,0
flagship,75126,attention_input_norm,decoder.layers.self_attention.linear_qkv.layer_norm_weight,44,5120,1.1027028,1.3359375,4000,1.12184052,1,0,0.0535124369,0.999857283,0
flagship,75126,attention_input_norm,decoder.layers.self_attention.linear_qkv.layer_norm_weight,45,5120,1.22004598,1.453125,4000,1.23804143,1,0,0.0548912386,0.999887894,0
flagship,75126,attention_input_norm,decoder.layers.self_attention.linear_qkv.layer_norm_weight,46,5120,1.306874,1.484375,4000,1.32186463,1,0,0.0643306329,0.999903192,0
flagship,75126,attention_input_norm,decoder.layers.self_attention.linear_qkv.layer_norm_weight,47,5120,1.10809766,1.3046875,4000,1.12444528,1,0,0.0429620581,0.999869027,0
flagship,75126,attention_input_norm,decoder.layers.self_attention.linear_qkv.layer_norm_weight,48,5120,1.45493222,1.6796875,4000,1.46794128,1,0,0.0692582653,0.999919555,0
flagship,75126,attention_input_norm,decoder.layers.self_attention.linear_qkv.layer_norm_weight,49,5120,1.37897473,1.609375,4000,1.38421059,1,0,0.0638616535,0.999921847,0
flagship,75126,attention_input_norm,decoder.layers.self_attention.linear_qkv.layer_norm_weight,50,5120,1.31071525,1.515625,4000,1.32675023,1,0,0.0697560107,0.999893053,0
flagship,75126,attention_input_norm,decoder.layers.self_attention.linear_qkv.layer_norm_weight,51,5120,1.4962123,1.75,4000,1.51385879,1,0,0.0896901723,0.999916171,0
flagship,75126,attention_input_norm,decoder.layers.self_attention.linear_qkv.layer_norm_weight,52,5120,1.42979598,1.609375,4000,1.44716844,1,0,0.081398213,0.999907317,0
flagship,75126,attention_input_norm,decoder.layers.self_attention.linear_qkv.layer_norm_weight,53,5120,1.63876597,1.875,4000,1.64906682,1,0,0.093854385,0.999913669,0
flagship,75126,attention_input_norm,decoder.layers.self_attention.linear_qkv.layer_norm_weight,54,5120,1.48780075,1.7265625,4000,1.50160287,1,0,0.0854706822,0.999894345,0
flagship,75126,attention_input_norm,decoder.layers.self_attention.linear_qkv.layer_norm_weight,55,5120,1.55767508,1.828125,4000,1.56230677,1,0,0.0774900009,0.999916879,0
flagship,75126,attention_input_norm,decoder.layers.self_attention.linear_qkv.layer_norm_weight,56,5120,1.62236212,1.8515625,4000,1.63403236,1,0,0.0878502687,0.999913509,0
flagship,75126,attention_input_norm,decoder.layers.self_attention.linear_qkv.layer_norm_weight,57,5120,1.49453534,1.765625,4000,1.49689692,1,0,0.0728349617,0.999904012,0
flagship,75126,attention_input_norm,decoder.layers.self_attention.linear_qkv.layer_norm_weight,58,5120,1.55381916,1.84375,4000,1.55859437,1,0,0.0743072662,0.999903777,0
flagship,75126,attention_input_norm,decoder.layers.self_attention.linear_qkv.layer_norm_weight,59,5120,1.37785853,1.6328125,4000,1.37915449,1,0,0.0612929194,0.99987373,0
flagship,75126,attention_input_norm,decoder.layers.self_attention.linear_qkv.layer_norm_weight,60,5120,1.20931547,1.4375,4000,1.21545094,1,0,0.0427004166,0.999871983,0
flagship,75126,attention_input_norm,decoder.layers.self_attention.linear_qkv.layer_norm_weight,61,5120,1.14564151,1.4140625,4000,1.14769331,1,0,0.0258207687,0.999794666,0
flagship,75126,attention_input_norm,decoder.layers.self_attention.linear_qkv.layer_norm_weight,62,5120,1.03663258,1.2265625,4000,1.04128626,1,0,0.01620953,0.999880863,0
flagship,75126,attention_input_norm,decoder.layers.self_attention.linear_qkv.layer_norm_weight,63,5120,0.979579136,1.1953125,4000,0.983519354,1,0,0.0125118269,0.999923125,0
flagship,75126,final_norm,decoder.final_layernorm.weight,-1,5120,1.69679524,6.3125,4000,1.53284744,1,0,0.0289237667,0.999605537,0
flagship,75126,k_norm,decoder.layers.self_attention.k_layernorm.weight,0,128,1.26585549,2.796875,4000,1.31091123,1,0,0.0406383449,0.99948492,0
flagship,75126,k_norm,decoder.layers.self_attention.k_layernorm.weight,1,128,1.5934409,1.9921875,4000,1.47584394,1,0,0.0295544678,0.999842792,0
flagship,75126,k_norm,decoder.layers.self_attention.k_layernorm.weight,2,128,1.5337963,2.265625,4000,1.36262669,1,0,0.0244277705,0.999830838,0
flagship,75126,k_norm,decoder.layers.self_attention.k_layernorm.weight,3,128,1.63055666,2.109375,4000,1.42739052,1,0,0.0202723797,0.999873436,0
flagship,75126,k_norm,decoder.layers.self_attention.k_layernorm.weight,4,128,1.55307019,1.96875,4000,1.3978705,1,0,0.0225058283,0.999855963,0
flagship,75126,k_norm,decoder.layers.self_attention.k_layernorm.weight,5,128,1.51453872,1.8984375,4000,1.34927965,1,0,0.020405078,0.999861508,0
flagship,75126,k_norm,decoder.layers.self_attention.k_layernorm.weight,6,128,1.78841582,2.234375,4000,1.5439409,1,0,0.0200031649,0.99990217,0
flagship,75126,k_norm,decoder.layers.self_attention.k_layernorm.weight,7,128,1.66564375,2.109375,4000,1.44609106,1,0,0.0152489773,0.999912155,0
flagship,75126,k_norm,decoder.layers.self_attention.k_layernorm.weight,8,128,1.6404079,2.140625,4000,1.50702188,1,0,0.0155965232,0.999931461,0
flagship,75126,k_norm,decoder.layers.self_attention.k_layernorm.weight,9,128,1.60644871,2.109375,4000,1.53640787,1,0,0.02078369,0.999876579,0
flagship,75126,k_norm,decoder.layers.self_attention.k_layernorm.weight,10,128,1.65402616,2.328125,4000,1.60089982,1,0,0.023897332,0.999789051,0
flagship,75126,k_norm,decoder.layers.self_attention.k_layernorm.weight,11,128,1.69283254,2.1875,4000,1.64265293,1,0,0.0214995605,0.999909457,0
flagship,75126,k_norm,decoder.layers.self_attention.k_layernorm.weight,12,128,1.63481893,2.09375,4000,1.57698916,1,0,0.0272346115,0.999866317,0
flagship,75126,k_norm,decoder.layers.self_attention.k_layernorm.weight,13,128,1.58745881,2.53125,4000,1.54594365,1,0,0.0264918923,0.999781778,0
flagship,75126,k_norm,decoder.layers.self_attention.k_layernorm.weight,14,128,1.55219647,1.96875,4000,1.54298557,1,0,0.0280327874,0.999874186,0
flagship,75126,k_norm,decoder.layers.self_attention.k_layernorm.weight,15,128,1.6863776,2.328125,4000,1.65341935,1,0,0.0304511292,0.999821221,0
flagship,75126,k_norm,decoder.layers.self_attention.k_layernorm.weight,16,128,1.5452182,2.6875,4000,1.52811672,1,0,0.0403422437,0.999636608,0
flagship,75126,k_norm,decoder.layers.self_attention.k_layernorm.weight,17,128,1.71419619,2.0625,4000,1.64372862,1,0,0.0255291478,0.999878741,0
flagship,75126,k_norm,decoder.layers.self_attention.k_layernorm.weight,18,128,1.6732449,2.15625,4000,1.63753347,1,0,0.0186321879,0.999934201,0
flagship,75126,k_norm,decoder.layers.self_attention.k_layernorm.weight,19,128,1.75679806,2.203125,4000,1.66853442,1,0,0.0197258785,0.999946194,0
flagship,75126,k_norm,decoder.layers.self_attention.k_layernorm.weight,20,128,1.62637385,2.203125,4000,1.59207364,1,0,0.0249059749,0.999885462,0.0078125
flagship,75126,k_norm,decoder.layers.self_attention.k_layernorm.weight,21,128,1.62959719,2.109375,4000,1.57442422,1,0,0.0231643808,0.999912104,0
flagship,75126,k_norm,decoder.layers.self_attention.k_layernorm.weight,22,128,1.73009227,2.140625,4000,1.6310356,1,0,0.0194228562,0.999925841,0
flagship,75126,k_norm,decoder.layers.self_attention.k_layernorm.weight,23,128,1.66114048,2.015625,4000,1.58189269,1,0,0.0199833986,0.999900492,0
flagship,75126,k_norm,decoder.layers.self_attention.k_layernorm.weight,24,128,1.65366553,2.296875,4000,1.55222891,1,0,0.0256503244,0.999815113,0
flagship,75126,k_norm,decoder.layers.self_attention.k_layernorm.weight,25,128,1.6107905,2.15625,4000,1.53802544,1,0,0.0219320207,0.99984132,0
flagship,75126,k_norm,decoder.layers.self_attention.k_layernorm.weight,26,128,1.47320343,1.9609375,4000,1.42851455,1,0,0.0215947439,0.999867395,0.0078125
flagship,75126,k_norm,decoder.layers.self_attention.k_layernorm.weight,27,128,1.61761641,2.1875,4000,1.52095193,1,0,0.021233102,0.999890878,0
flagship,75126,k_norm,decoder.layers.self_attention.k_layernorm.weight,28,128,1.43795534,1.8984375,4000,1.38982544,1,0,0.0179192697,0.99989658,0
flagship,75126,k_norm,decoder.layers.self_attention.k_layernorm.weight,29,128,1.48245603,1.8515625,4000,1.41763993,1,0,0.0186541743,0.999847946,0
flagship,75126,k_norm,decoder.layers.self_attention.k_layernorm.weight,30,128,1.52431059,1.96875,4000,1.45730878,1,0,0.020999602,0.999917554,0
flagship,75126,k_norm,decoder.layers.self_attention.k_layernorm.weight,31,128,1.44169206,1.8828125,4000,1.40693288,1,0,0.021131224,0.999857636,0
flagship,75126,k_norm,decoder.layers.self_attention.k_layernorm.weight,32,128,1.58166302,1.9453125,4000,1.53241569,1,0,0.0198973395,0.999920458,0
flagship,75126,k_norm,decoder.layers.self_attention.k_layernorm.weight,33,128,1.38423605,1.8125,4000,1.34573416,1,0,0.0190140045,0.999849189,0
flagship,75126,k_norm,decoder.layers.self_attention.k_layernorm.weight,34,128,1.49001496,2.015625,4000,1.43906444,1,0,0.0241790824,0.999830034,0
flagship,75126,k_norm,decoder.layers.self_attention.k_layernorm.weight,35,128,1.57746389,1.9921875,4000,1.5330439,1,0,0.0196251792,0.999908283,0
flagship,75126,k_norm,decoder.layers.self_attention.k_layernorm.weight,36,128,1.48045049,2.015625,4000,1.44402127,1,0,0.0210221224,0.999893509,0
flagship,75126,k_norm,decoder.layers.self_attention.k_layernorm.weight,37,128,1.33991783,1.9140625,4000,1.31257746,1,0,0.0311009535,0.999561088,0
flagship,75126,k_norm,decoder.layers.self_attention.k_layernorm.weight,38,128,1.63601025,2.046875,4000,1.58328842,1,0,0.015836799,0.999905269,0
flagship,75126,k_norm,decoder.layers.self_attention.k_layernorm.weight,39,128,1.4707237,2.046875,4000,1.43751558,1,0,0.0281183367,0.999690153,0
flagship,75126,k_norm,decoder.layers.self_attention.k_layernorm.weight,40,128,1.38902807,1.8671875,4000,1.35792017,1,0,0.0334850739,0.999558822,0
flagship,75126,k_norm,decoder.layers.self_attention.k_layernorm.weight,41,128,1.39804313,1.8984375,4000,1.36048101,1,0,0.035260839,0.999548989,0
flagship,75126,k_norm,decoder.layers.self_attention.k_layernorm.weight,42,128,1.2796339,1.90625,4000,1.25086877,1,0,0.0389880215,0.999328074,0
flagship,75126,k_norm,decoder.layers.self_attention.k_layernorm.weight,43,128,1.33793872,1.984375,4000,1.30481,1,0,0.0380930872,0.999386479,0
flagship,75126,k_norm,decoder.layers.self_attention.k_layernorm.weight,44,128,1.31035758,1.890625,4000,1.27607308,1,0,0.0306103037,0.999628635,0
flagship,75126,k_norm,decoder.layers.self_attention.k_layernorm.weight,45,128,1.34634181,1.8828125,4000,1.28381266,1,0,0.0236491084,0.999799327,0
flagship,75126,k_norm,decoder.layers.self_attention.k_layernorm.weight,46,128,1.42673228,2.046875,4000,1.37130675,1,0,0.0251097734,0.999860302,0
flagship,75126,k_norm,decoder.layers.self_attention.k_layernorm.weight,47,128,1.31522233,1.8671875,4000,1.28224589,1,0,0.02684311,0.9997434,0
flagship,75126,k_norm,decoder.layers.self_attention.k_layernorm.weight,48,128,1.51297362,1.8828125,4000,1.40322596,1,0,0.0213757508,0.999908685,0.0078125
flagship,75126,k_norm,decoder.layers.self_attention.k_layernorm.weight,49,128,1.37400081,1.828125,4000,1.31916464,1,0,0.0230453132,0.999900494,0
flagship,75126,k_norm,decoder.layers.self_attention.k_layernorm.weight,50,128,1.47644044,1.8984375,4000,1.4029116,1,0,0.0229380277,0.999890102,0
flagship,75126,k_norm,decoder.layers.self_attention.k_layernorm.weight,51,128,1.46996271,1.90625,4000,1.39611626,1,0,0.0207308748,0.999907136,0
flagship,75126,k_norm,decoder.layers.self_attention.k_layernorm.weight,52,128,1.54262725,1.96875,4000,1.4680085,1,0,0.0259800614,0.999915449,0
flagship,75126,k_norm,decoder.layers.self_attention.k_layernorm.weight,53,128,1.4805745,1.84375,4000,1.37570132,1,0,0.0260134286,0.999887404,0
flagship,75126,k_norm,decoder.layers.self_attention.k_layernorm.weight,54,128,1.40047611,1.90625,4000,1.34225636,1,0,0.0228072752,0.999853541,0.0078125
flagship,75126,k_norm,decoder.layers.self_attention.k_layernorm.weight,55,128,1.54897252,2.015625,4000,1.42500398,1,0,0.0271359251,0.999866979,0
flagship,75126,k_norm,decoder.layers.self_attention.k_layernorm.weight,56,128,1.5739065,1.9765625,4000,1.46610093,1,0,0.0287688869,0.999867699,0
flagship,75126,k_norm,decoder.layers.self_attention.k_layernorm.weight,57,128,1.53853695,1.9296875,4000,1.43836315,1,0,0.0251487564,0.999898942,0
flagship,75126,k_norm,decoder.layers.self_attention.k_layernorm.weight,58,128,1.61012843,1.9453125,4000,1.503273,1,0,0.0239561387,0.999889058,0
flagship,75126,k_norm,decoder.layers.self_attention.k_layernorm.weight,59,128,1.53545177,1.890625,4000,1.40441413,1,0,0.0196040668,0.999903631,0
flagship,75126,k_norm,decoder.layers.self_attention.k_layernorm.weight,60,128,1.46001679,1.859375,4000,1.39279517,1,0,0.0229671767,0.999856551,0
flagship,75126,k_norm,decoder.layers.self_attention.k_layernorm.weight,61,128,1.49717207,1.984375,4000,1.41902002,1,0,0.0484574503,0.999537486,0
flagship,75126,k_norm,decoder.layers.self_attention.k_layernorm.weight,62,128,1.38462977,1.703125,4000,1.33020347,1,0,0.0247045227,0.999903679,0
flagship,75126,k_norm,decoder.layers.self_attention.k_layernorm.weight,63,128,1.20257432,1.4609375,4000,1.17543171,1,0,0.018991228,0.999899131,0
flagship,75126,pre_mlp_norm,decoder.layers.mlp.linear_fc1.layer_norm_weight,0,5120,0.456346147,0.7578125,4000,0.46589049,1,0,0.105096273,0.999444223,0
flagship,75126,pre_mlp_norm,decoder.layers.mlp.linear_fc1.layer_norm_weight,1,5120,0.815681871,0.94140625,4000,0.829000402,1,0,0.0582320118,0.99987994,0
flagship,75126,pre_mlp_norm,decoder.layers.mlp.linear_fc1.layer_norm_weight,2,5120,0.870432764,1.1796875,4000,0.881799955,1,0,0.0254400382,0.999920706,0
flagship,75126,pre_mlp_norm,decoder.layers.mlp.linear_fc1.layer_norm_weight,3,5120,0.857675145,1,4000,0.875607329,1,0,0.016846218,0.999922674,0
flagship,75126,pre_mlp_norm,decoder.layers.mlp.linear_fc1.layer_norm_weight,4,5120,0.836495721,1.0703125,4000,0.852831534,1,0,0.0134277844,0.999924093,0
flagship,75126,pre_mlp_norm,decoder.layers.mlp.linear_fc1.layer_norm_weight,5,5120,0.760812073,1.8984375,4000,0.779076153,1,0,0.0138900651,0.999908423,0
flagship,75126,pre_mlp_norm,decoder.layers.mlp.linear_fc1.layer_norm_weight,6,5120,0.704636358,1.046875,4000,0.723851476,1,0,0.0177498376,0.99990841,0
flagship,75126,pre_mlp_norm,decoder.layers.mlp.linear_fc1.layer_norm_weight,7,5120,0.678122316,0.9921875,4000,0.694654686,1,0,0.0234752697,0.999910454,0
flagship,75126,pre_mlp_norm,decoder.layers.mlp.linear_fc1.layer_norm_weight,8,5120,0.678928704,0.92578125,4000,0.693314208,1,0,0.0224423226,0.99991687,0
flagship,75126,pre_mlp_norm,decoder.layers.mlp.linear_fc1.layer_norm_weight,9,5120,0.676832701,0.94140625,4000,0.689002789,1,0,0.0172134717,0.999924759,0
flagship,75126,pre_mlp_norm,decoder.layers.mlp.linear_fc1.layer_norm_weight,10,5120,0.656855339,0.83203125,4000,0.666850307,1,0,0.014690526,0.99992454,0
flagship,75126,pre_mlp_norm,decoder.layers.mlp.linear_fc1.layer_norm_weight,11,5120,0.645668444,0.73046875,4000,0.653809348,1,0,0.0128596745,0.999921209,0
flagship,75126,pre_mlp_norm,decoder.layers.mlp.linear_fc1.layer_norm_weight,12,5120,0.642394642,0.734375,4000,0.649141251,1,0,0.0122518991,0.999925597,0
flagship,75126,pre_mlp_norm,decoder.layers.mlp.linear_fc1.layer_norm_weight,13,5120,0.635796236,0.71484375,4000,0.641124627,1,0,0.0127839973,0.999926419,0
flagship,75126,pre_mlp_norm,decoder.layers.mlp.linear_fc1.layer_norm_weight,14,5120,0.617019696,0.69140625,4000,0.62105258,1,0,0.0142456185,0.999921292,0
flagship,75126,pre_mlp_norm,decoder.layers.mlp.linear_fc1.layer_norm_weight,15,5120,0.604816818,0.67578125,4000,0.607595652,1,0,0.0157963448,0.999922241,0
flagship,75126,pre_mlp_norm,decoder.layers.mlp.linear_fc1.layer_norm_weight,16,5120,0.579924993,0.65234375,4000,0.58166863,1,0,0.0172042259,0.999916022,0
flagship,75126,pre_mlp_norm,decoder.layers.mlp.linear_fc1.layer_norm_weight,17,5120,0.558446026,0.625,4000,0.559143896,1,0,0.0168163005,0.999911782,0
flagship,75126,pre_mlp_norm,decoder.layers.mlp.linear_fc1.layer_norm_weight,18,5120,0.548992459,0.66015625,4000,0.548792353,1,0,0.0168903442,0.999913014,0
flagship,75126,pre_mlp_norm,decoder.layers.mlp.linear_fc1.layer_norm_weight,19,5120,0.546642962,0.67578125,4000,0.545345558,1,0,0.0181386749,0.999911696,0
flagship,75126,pre_mlp_norm,decoder.layers.mlp.linear_fc1.layer_norm_weight,20,5120,0.552886499,0.75,4000,0.550727773,1,0,0.0215474025,0.999909362,0
flagship,75126,pre_mlp_norm,decoder.layers.mlp.linear_fc1.layer_norm_weight,21,5120,0.549382064,0.75,4000,0.546217716,1,0,0.0250470838,0.999909014,0
flagship,75126,pre_mlp_norm,decoder.layers.mlp.linear_fc1.layer_norm_weight,22,5120,0.545702975,0.625,4000,0.541676767,1,0,0.0277969589,0.999909656,0
flagship,75126,pre_mlp_norm,decoder.layers.mlp.linear_fc1.layer_norm_weight,23,5120,0.551394902,0.61328125,4000,0.546379991,1,0,0.0293852493,0.999910876,0
flagship,75126,pre_mlp_norm,decoder.layers.mlp.linear_fc1.layer_norm_weight,24,5120,0.564771553,0.64453125,4000,0.558705602,1,0,0.0287917845,0.999911956,0
flagship,75126,pre_mlp_norm,decoder.layers.mlp.linear_fc1.layer_norm_weight,25,5120,0.591186523,0.64453125,4000,0.583805488,1,0,0.0266708229,0.99992149,0
flagship,75126,pre_mlp_norm,decoder.layers.mlp.linear_fc1.layer_norm_weight,26,5120,0.611725745,0.66796875,4000,0.603007362,1,0,0.0240353252,0.999920617,0
flagship,75126,pre_mlp_norm,decoder.layers.mlp.linear_fc1.layer_norm_weight,27,5120,0.636211089,0.6953125,4000,0.626056065,1,0,0.0204081269,0.99992604,0
flagship,75126,pre_mlp_norm,decoder.layers.mlp.linear_fc1.layer_norm_weight,28,5120,0.656561834,0.71484375,4000,0.645000605,1,0,0.0204058296,0.999926444,0
flagship,75126,pre_mlp_norm,decoder.layers.mlp.linear_fc1.layer_norm_weight,29,5120,0.674645414,0.734375,4000,0.661487605,1,0,0.0197706903,0.999927883,0
flagship,75126,pre_mlp_norm,decoder.layers.mlp.linear_fc1.layer_norm_weight,30,5120,0.698158899,0.75390625,4000,0.683413876,1,0,0.0193250682,0.999932208,0
flagship,75126,pre_mlp_norm,decoder.layers.mlp.linear_fc1.layer_norm_weight,31,5120,0.719154619,0.77734375,4000,0.702770666,1,0,0.0189428869,0.999932891,0
flagship,75126,pre_mlp_norm,decoder.layers.mlp.linear_fc1.layer_norm_weight,32,5120,0.731360578,0.78515625,4000,0.71345664,1,0,0.0204321301,0.999931808,0
flagship,75126,pre_mlp_norm,decoder.layers.mlp.linear_fc1.layer_norm_weight,33,5120,0.746830175,0.8046875,4000,0.727205035,1,0,0.0212097348,0.999931949,0
flagship,75126,pre_mlp_norm,decoder.layers.mlp.linear_fc1.layer_norm_weight,34,5120,0.766632438,0.82421875,4000,0.745129926,1,0,0.0210997626,0.999931216,0
flagship,75126,pre_mlp_norm,decoder.layers.mlp.linear_fc1.layer_norm_weight,35,5120,0.792240948,0.84765625,4000,0.76872854,1,0,0.0216994579,0.999935872,0
flagship,75126,pre_mlp_norm,decoder.layers.mlp.linear_fc1.layer_norm_weight,36,5120,0.818789748,1.03125,4000,0.793030484,1,0,0.02016943,0.999932916,0
flagship,75126,pre_mlp_norm,decoder.layers.mlp.linear_fc1.layer_norm_weight,37,5120,0.83749287,0.93359375,4000,0.809756797,1,0,0.0203071965,0.999936396,0
flagship,75126,pre_mlp_norm,decoder.layers.mlp.linear_fc1.layer_norm_weight,38,5120,0.854579558,0.90625,4000,0.824805339,1,0,0.0197428017,0.999937083,0
flagship,75126,pre_mlp_norm,decoder.layers.mlp.linear_fc1.layer_norm_weight,39,5120,0.86778317,0.921875,4000,0.83601178,1,0,0.019860793,0.999938344,0
flagship,75126,pre_mlp_norm,decoder.layers.mlp.linear_fc1.layer_norm_weight,40,5120,0.88022474,0.92578125,4000,0.846621128,1,0,0.0196945842,0.999939744,0
flagship,75126,pre_mlp_norm,decoder.layers.mlp.linear_fc1.layer_norm_weight,41,5120,0.892006182,0.9453125,4000,0.855760695,1,0,0.019979372,0.999937266,0
flagship,75126,pre_mlp_norm,decoder.layers.mlp.linear_fc1.layer_norm_weight,42,5120,0.90385869,0.9609375,4000,0.866584557,1,0,0.0195580161,0.999937846,0
flagship,75126,pre_mlp_norm,decoder.layers.mlp.linear_fc1.layer_norm_weight,43,5120,0.914381618,0.9765625,4000,0.874934714,1,0,0.0191082698,0.99993667,0
flagship,75126,pre_mlp_norm,decoder.layers.mlp.linear_fc1.layer_norm_weight,44,5120,0.920553213,1,4000,0.87985728,1,0,0.0190670413,0.999936672,0
flagship,75126,pre_mlp_norm,decoder.layers.mlp.linear_fc1.layer_norm_weight,45,5120,0.927880719,1.0078125,4000,0.886293641,1,0,0.0196068139,0.999936069,0
flagship,75126,pre_mlp_norm,decoder.layers.mlp.linear_fc1.layer_norm_weight,46,5120,0.935554575,1.03125,4000,0.892587016,1,0,0.0195552144,0.999933026,0
flagship,75126,pre_mlp_norm,decoder.layers.mlp.linear_fc1.layer_norm_weight,47,5120,0.943266129,1.03125,4000,0.899563267,1,0,0.0184743774,0.99993232,0
flagship,75126,pre_mlp_norm,decoder.layers.mlp.linear_fc1.layer_norm_weight,48,5120,0.949756958,1.0546875,4000,0.905303039,1,0,0.0180466287,0.999929642,0
flagship,75126,pre_mlp_norm,decoder.layers.mlp.linear_fc1.layer_norm_weight,49,5120,0.962979508,1.078125,4000,0.917736205,1,0,0.0170442938,0.999926657,0
flagship,75126,pre_mlp_norm,decoder.layers.mlp.linear_fc1.layer_norm_weight,50,5120,0.968483774,1.1015625,4000,0.923571358,1,0,0.0165607875,0.999924242,0
flagship,75126,pre_mlp_norm,decoder.layers.mlp.linear_fc1.layer_norm_weight,51,5120,0.976686393,1.140625,4000,0.931791166,1,0,0.0162211912,0.999918504,0
flagship,75126,pre_mlp_norm,decoder.layers.mlp.linear_fc1.layer_norm_weight,52,5120,0.981377761,1.140625,4000,0.937443532,1,0,0.0152865726,0.999913759,0
flagship,75126,pre_mlp_norm,decoder.layers.mlp.linear_fc1.layer_norm_weight,53,5120,0.987312196,1.1796875,4000,0.944947271,1,0,0.0163754201,0.999906365,0
flagship,75126,pre_mlp_norm,decoder.layers.mlp.linear_fc1.layer_norm_weight,54,5120,0.9970187,1.234375,4000,0.956780612,1,0,0.0164276252,0.999890534,0
flagship,75126,pre_mlp_norm,decoder.layers.mlp.linear_fc1.layer_norm_weight,55,5120,0.995966811,1.2734375,4000,0.958592617,1,0,0.0169273189,0.999880057,0
flagship,75126,pre_mlp_norm,decoder.layers.mlp.linear_fc1.layer_norm_weight,56,5120,0.998361392,1.3515625,4000,0.964022161,1,0,0.0178005113,0.999867278,0
flagship,75126,pre_mlp_norm,decoder.layers.mlp.linear_fc1.layer_norm_weight,57,5120,1.01103165,1.375,4000,0.980341634,1,0,0.018135783,0.999847931,0
flagship,75126,pre_mlp_norm,decoder.layers.mlp.linear_fc1.layer_norm_weight,58,5120,1.01522272,1.4140625,4000,0.988884291,1,0,0.018928556,0.999825801,0
flagship,75126,pre_mlp_norm,decoder.layers.mlp.linear_fc1.layer_norm_weight,59,5120,1.00991605,1.4453125,4000,0.988672242,1,0,0.0201028938,0.99980929,0
flagship,75126,pre_mlp_norm,decoder.layers.mlp.linear_fc1.layer_norm_weight,60,5120,1.02020438,1.5234375,4000,1.00455698,1,0,0.021483095,0.999811186,0
flagship,75126,pre_mlp_norm,decoder.layers.mlp.linear_fc1.layer_norm_weight,61,5120,1.07430726,1.6328125,4000,1.06298252,1,0,0.0233057445,0.999844143,0
flagship,75126,pre_mlp_norm,decoder.layers.mlp.linear_fc1.layer_norm_weight,62,5120,1.10116314,1.640625,4000,1.09560584,1,0,0.0144988236,0.99990315,0
flagship,75126,pre_mlp_norm,decoder.layers.mlp.linear_fc1.layer_norm_weight,63,5120,1.19678969,1.8359375,4000,1.19717099,1,0,0.0155147682,0.999907559,0
flagship,75126,q_norm,decoder.layers.self_attention.q_layernorm.weight,0,128,1.25579928,2.015625,4000,1.30132562,1,0,0.0368213016,0.999553965,0
flagship,75126,q_norm,decoder.layers.self_attention.q_layernorm.weight,1,128,1.6047993,2.046875,4000,1.48595113,1,0,0.0291177167,0.999840396,0
flagship,75126,q_norm,decoder.layers.self_attention.q_layernorm.weight,2,128,1.54120916,1.9140625,4000,1.36591856,1,0,0.0213548461,0.999886284,0
flagship,75126,q_norm,decoder.layers.self_attention.q_layernorm.weight,3,128,1.64319837,2,4000,1.43632671,1,0,0.0176662849,0.99991212,0
flagship,75126,q_norm,decoder.layers.self_attention.q_layernorm.weight,4,128,1.56534211,2.015625,4000,1.40635768,1,0,0.0199047116,0.999901594,0
flagship,75126,q_norm,decoder.layers.self_attention.q_layernorm.weight,5,128,1.51853294,1.8671875,4000,1.35109555,1,0,0.0191969709,0.999875461,0
flagship,75126,q_norm,decoder.layers.self_attention.q_layernorm.weight,6,128,1.81203813,2.21875,4000,1.56171055,1,0,0.0179909784,0.999928161,0
flagship,75126,q_norm,decoder.layers.self_attention.q_layernorm.weight,7,128,1.6929276,2.15625,4000,1.46852831,1,0,0.0140485311,0.999925555,0
flagship,75126,q_norm,decoder.layers.self_attention.q_layernorm.weight,8,128,1.6541803,1.9453125,4000,1.51878824,1,0,0.0155597758,0.999926494,0
flagship,75126,q_norm,decoder.layers.self_attention.q_layernorm.weight,9,128,1.64586388,2.171875,4000,1.57452214,1,0,0.0201180926,0.999886527,0
flagship,75126,q_norm,decoder.layers.self_attention.q_layernorm.weight,10,128,1.677164,2.140625,4000,1.62391454,1,0,0.0215463605,0.99983252,0
flagship,75126,q_norm,decoder.layers.self_attention.q_layernorm.weight,11,128,1.71716336,2.03125,4000,1.66732756,1,0,0.0210226148,0.999914702,0
flagship,75126,q_norm,decoder.layers.self_attention.q_layernorm.weight,12,128,1.66713453,2.671875,4000,1.60833782,1,0,0.0287066375,0.999846916,0
flagship,75126,q_norm,decoder.layers.self_attention.q_layernorm.weight,13,128,1.60888241,2.234375,4000,1.56463794,1,0,0.0260808488,0.999786289,0
flagship,75126,q_norm,decoder.layers.self_attention.q_layernorm.weight,14,128,1.57771561,2.1875,4000,1.56981661,1,0,0.0281724732,0.999868823,0
flagship,75126,q_norm,decoder.layers.self_attention.q_layernorm.weight,15,128,1.71053618,2.203125,4000,1.67852697,1,0,0.0284420463,0.999864057,0
flagship,75126,q_norm,decoder.layers.self_attention.q_layernorm.weight,16,128,1.55750144,2.296875,4000,1.54167514,1,0,0.0391197499,0.999659392,0
flagship,75126,q_norm,decoder.layers.self_attention.q_layernorm.weight,17,128,1.73779239,2.1875,4000,1.66682725,1,0,0.0259990098,0.999885975,0
flagship,75126,q_norm,decoder.layers.self_attention.q_layernorm.weight,18,128,1.70078097,2.15625,4000,1.66548447,1,0,0.018132017,0.999940643,0
flagship,75126,q_norm,decoder.layers.self_attention.q_layernorm.weight,19,128,1.78098726,2.140625,4000,1.69226906,1,0,0.0186822587,0.999951067,0
flagship,75126,q_norm,decoder.layers.self_attention.q_layernorm.weight,20,128,1.65875066,2.25,4000,1.62488776,1,0,0.0261600058,0.999868394,0
flagship,75126,q_norm,decoder.layers.self_attention.q_layernorm.weight,21,128,1.65711492,2.125,4000,1.60267154,1,0,0.0224243541,0.999921275,0
flagship,75126,q_norm,decoder.layers.self_attention.q_layernorm.weight,22,128,1.75638018,2.234375,4000,1.65617533,1,0,0.0183378114,0.999942121,0
flagship,75126,q_norm,decoder.layers.self_attention.q_layernorm.weight,23,128,1.67848731,2.15625,4000,1.59861079,1,0,0.0185093281,0.999916564,0
flagship,75126,q_norm,decoder.layers.self_attention.q_layernorm.weight,24,128,1.67173004,2.046875,4000,1.56603915,1,0,0.0231948731,0.999850573,0
flagship,75126,q_norm,decoder.layers.self_attention.q_layernorm.weight,25,128,1.64340061,2.15625,4000,1.5685406,1,0,0.0203233621,0.999866888,0
flagship,75126,q_norm,decoder.layers.self_attention.q_layernorm.weight,26,128,1.49925587,2.015625,4000,1.45548219,1,0,0.0220981709,0.999855976,0.015625
flagship,75126,q_norm,decoder.layers.self_attention.q_layernorm.weight,27,128,1.65274895,2.1875,4000,1.55417817,1,0,0.0210191946,0.99989503,0
flagship,75126,q_norm,decoder.layers.self_attention.q_layernorm.weight,28,128,1.46489271,1.84375,4000,1.41702846,1,0,0.0196623715,0.999868592,0
flagship,75126,q_norm,decoder.layers.self_attention.q_layernorm.weight,29,128,1.51995477,1.859375,4000,1.45424046,1,0,0.0190955601,0.999843321,0
flagship,75126,q_norm,decoder.layers.self_attention.q_layernorm.weight,30,128,1.55199924,2.03125,4000,1.48506295,1,0,0.0233804061,0.999876523,0
flagship,75126,q_norm,decoder.layers.self_attention.q_layernorm.weight,31,128,1.47340912,1.828125,4000,1.43908192,1,0,0.02315668,0.999833452,0
flagship,75126,q_norm,decoder.layers.self_attention.q_layernorm.weight,32,128,1.62508704,2,4000,1.57601378,1,0,0.0251162621,0.999823653,0
flagship,75126,q_norm,decoder.layers.self_attention.q_layernorm.weight,33,128,1.4132334,1.7890625,4000,1.37530027,1,0,0.0213345813,0.99981054,0
flagship,75126,q_norm,decoder.layers.self_attention.q_layernorm.weight,34,128,1.51467589,1.921875,4000,1.46454926,1,0,0.0235798422,0.999844936,0
flagship,75126,q_norm,decoder.layers.self_attention.q_layernorm.weight,35,128,1.62879849,1.9453125,4000,1.58425615,1,0,0.0213248524,0.999885175,0
flagship,75126,q_norm,decoder.layers.self_attention.q_layernorm.weight,36,128,1.51996427,1.9375,4000,1.48384693,1,0,0.0287141665,0.999750588,0
flagship,75126,q_norm,decoder.layers.self_attention.q_layernorm.weight,37,128,1.35280251,1.7578125,4000,1.32657376,1,0,0.0327213379,0.999528448,0
flagship,75126,q_norm,decoder.layers.self_attention.q_layernorm.weight,38,128,1.66458867,2,4000,1.61246515,1,0,0.0178561434,0.999874641,0
flagship,75126,q_norm,decoder.layers.self_attention.q_layernorm.weight,39,128,1.49541619,1.859375,4000,1.46306743,1,0,0.0329645458,0.999575469,0
flagship,75126,q_norm,decoder.layers.self_attention.q_layernorm.weight,40,128,1.41592023,1.78125,4000,1.38463283,1,0,0.0360002183,0.999503598,0
flagship,75126,q_norm,decoder.layers.self_attention.q_layernorm.weight,41,128,1.4202635,1.7578125,4000,1.38359934,1,0,0.0404167599,0.999403035,0
flagship,75126,q_norm,decoder.layers.self_attention.q_layernorm.weight,42,128,1.28520894,1.7109375,4000,1.25771991,1,0,0.038187899,0.999378314,0
flagship,75126,q_norm,decoder.layers.self_attention.q_layernorm.weight,43,128,1.36247918,1.84375,4000,1.33009697,1,0,0.0504148725,0.998933569,0
flagship,75126,q_norm,decoder.layers.self_attention.q_layernorm.weight,44,128,1.32170117,1.78125,4000,1.28831524,1,0,0.0317386447,0.999599699,0
flagship,75126,q_norm,decoder.layers.self_attention.q_layernorm.weight,45,128,1.37065843,1.7890625,4000,1.30858,1,0,0.0252365657,0.999771095,0
flagship,75126,q_norm,decoder.layers.self_attention.q_layernorm.weight,46,128,1.44812446,1.84375,4000,1.39238227,1,0,0.0321938432,0.999690172,0
flagship,75126,q_norm,decoder.layers.self_attention.q_layernorm.weight,47,128,1.33715856,1.7265625,4000,1.30281877,1,0,0.0287144935,0.999703052,0
flagship,75126,q_norm,decoder.layers.self_attention.q_layernorm.weight,48,128,1.54661669,1.8515625,4000,1.43437018,1,0,0.024296514,0.999862833,0
flagship,75126,q_norm,decoder.layers.self_attention.q_layernorm.weight,49,128,1.40277784,1.7890625,4000,1.34603928,1,0,0.0264256249,0.999854369,0
flagship,75126,q_norm,decoder.layers.self_attention.q_layernorm.weight,50,128,1.4850191,1.7734375,4000,1.41091111,1,0,0.0238346429,0.999875518,0
flagship,75126,q_norm,decoder.layers.self_attention.q_layernorm.weight,51,128,1.51492396,1.8515625,4000,1.43522992,1,0,0.0225241158,0.999876726,0
flagship,75126,q_norm,decoder.layers.self_attention.q_layernorm.weight,52,128,1.57022332,1.8359375,4000,1.49322291,1,0,0.030542903,0.999822079,0
flagship,75126,q_norm,decoder.layers.self_attention.q_layernorm.weight,53,128,1.5013026,1.8515625,4000,1.39348385,1,0,0.0299459451,0.999805639,0
flagship,75126,q_norm,decoder.layers.self_attention.q_layernorm.weight,54,128,1.41531972,1.7421875,4000,1.35521695,1,0,0.0237819446,0.999837139,0
flagship,75126,q_norm,decoder.layers.self_attention.q_layernorm.weight,55,128,1.5711811,2,4000,1.43915191,1,0,0.0311768612,0.999753841,0
flagship,75126,q_norm,decoder.layers.self_attention.q_layernorm.weight,56,128,1.60085047,1.8828125,4000,1.48710858,1,0,0.0319848102,0.999811844,0
flagship,75126,q_norm,decoder.layers.self_attention.q_layernorm.weight,57,128,1.55260936,2.03125,4000,1.44929913,1,0,0.024446209,0.999933153,0
flagship,75126,q_norm,decoder.layers.self_attention.q_layernorm.weight,58,128,1.63543024,1.8515625,4000,1.52132175,1,0,0.0240207377,0.999884544,0
flagship,75126,q_norm,decoder.layers.self_attention.q_layernorm.weight,59,128,1.55224986,1.953125,4000,1.41395573,1,0,0.0191945594,0.999917504,0
flagship,75126,q_norm,decoder.layers.self_attention.q_layernorm.weight,60,128,1.49174437,1.765625,4000,1.42202049,1,0,0.0207949776,0.999917349,0
flagship,75126,q_norm,decoder.layers.self_attention.q_layernorm.weight,61,128,1.51858059,1.984375,4000,1.43685274,1,0,0.0494689352,0.999430557,0
flagship,75126,q_norm,decoder.layers.self_attention.q_layernorm.weight,62,128,1.3986373,1.75,4000,1.34179452,1,0,0.0242092071,0.999895981,0
flagship,75126,q_norm,decoder.layers.self_attention.q_layernorm.weight,63,128,1.20685781,1.5234375,4000,1.18015727,1,0,0.0206287332,0.999889267,0
bf16,60000,attention_input_norm,decoder.layers.self_attention.linear_qkv.layer_norm_weight,0,5120,0.0640123346,0.66015625,60000,1,1,0,0,1,0
bf16,60000,attention_input_norm,decoder.layers.self_attention.linear_qkv.layer_norm_weight,1,5120,0.36036297,0.77734375,60000,1,1,0,0,1,0
bf16,60000,attention_input_norm,decoder.layers.self_attention.linear_qkv.layer_norm_weight,2,5120,0.584057542,0.7109375,60000,1,1,0,0,1,0
bf16,60000,attention_input_norm,decoder.layers.self_attention.linear_qkv.layer_norm_weight,3,5120,0.71429049,1.03125,60000,1,1,0,0,1,0
bf16,60000,attention_input_norm,decoder.layers.self_attention.linear_qkv.layer_norm_weight,4,5120,0.739682887,0.9609375,60000,1,1,0,0,1,0
bf16,60000,attention_input_norm,decoder.layers.self_attention.linear_qkv.layer_norm_weight,5,5120,0.845998045,1.0859375,60000,1,1,0,0,1,0
bf16,60000,attention_input_norm,decoder.layers.self_attention.linear_qkv.layer_norm_weight,6,5120,0.917521883,1.15625,60000,1,1,0,0,1,0
bf16,60000,attention_input_norm,decoder.layers.self_attention.linear_qkv.layer_norm_weight,7,5120,1.09184331,1.25,60000,1,1,0,0,1,0
bf16,60000,attention_input_norm,decoder.layers.self_attention.linear_qkv.layer_norm_weight,8,5120,1.03042495,1.3359375,60000,1,1,0,0,1,0
bf16,60000,attention_input_norm,decoder.layers.self_attention.linear_qkv.layer_norm_weight,9,5120,0.964755997,1.3125,60000,1,1,0,0,1,0
bf16,60000,attention_input_norm,decoder.layers.self_attention.linear_qkv.layer_norm_weight,10,5120,0.980260736,1.4140625,60000,1,1,0,0,1,0
bf16,60000,attention_input_norm,decoder.layers.self_attention.linear_qkv.layer_norm_weight,11,5120,1.04391815,1.3984375,60000,1,1,0,0,1,0
bf16,60000,attention_input_norm,decoder.layers.self_attention.linear_qkv.layer_norm_weight,12,5120,0.987700769,1.4140625,60000,1,1,0,0,1,0
bf16,60000,attention_input_norm,decoder.layers.self_attention.linear_qkv.layer_norm_weight,13,5120,1.03347786,1.328125,60000,1,1,0,0,1,0
bf16,60000,attention_input_norm,decoder.layers.self_attention.linear_qkv.layer_norm_weight,14,5120,1.00121359,1.1953125,60000,1,1,0,0,1,0
bf16,60000,attention_input_norm,decoder.layers.self_attention.linear_qkv.layer_norm_weight,15,5120,1.11957931,1.34375,60000,1,1,0,0,1,0
bf16,60000,attention_input_norm,decoder.layers.self_attention.linear_qkv.layer_norm_weight,16,5120,1.13249193,1.3046875,60000,1,1,0,0,1,0
bf16,60000,attention_input_norm,decoder.layers.self_attention.linear_qkv.layer_norm_weight,17,5120,1.26020778,1.5078125,60000,1,1,0,0,1,0
bf16,60000,attention_input_norm,decoder.layers.self_attention.linear_qkv.layer_norm_weight,18,5120,1.22264206,1.4375,60000,1,1,0,0,1,0
bf16,60000,attention_input_norm,decoder.layers.self_attention.linear_qkv.layer_norm_weight,19,5120,1.33531935,1.546875,60000,1,1,0,0,1,0
bf16,60000,attention_input_norm,decoder.layers.self_attention.linear_qkv.layer_norm_weight,20,5120,1.20865849,1.4453125,60000,1,1,0,0,1,0
bf16,60000,attention_input_norm,decoder.layers.self_attention.linear_qkv.layer_norm_weight,21,5120,1.20591666,1.5625,60000,1,1,0,0,1,0
bf16,60000,attention_input_norm,decoder.layers.self_attention.linear_qkv.layer_norm_weight,22,5120,1.45507605,1.6328125,60000,1,1,0,0,1,0
bf16,60000,attention_input_norm,decoder.layers.self_attention.linear_qkv.layer_norm_weight,23,5120,1.45323355,1.734375,60000,1,1,0,0,1,0
bf16,60000,attention_input_norm,decoder.layers.self_attention.linear_qkv.layer_norm_weight,24,5120,1.41915261,1.7265625,60000,1,1,0,0,1,0
bf16,60000,attention_input_norm,decoder.layers.self_attention.linear_qkv.layer_norm_weight,25,5120,1.33785928,1.5078125,60000,1,1,0,0,1,0
bf16,60000,attention_input_norm,decoder.layers.self_attention.linear_qkv.layer_norm_weight,26,5120,1.28010482,1.59375,60000,1,1,0,0,1,0
bf16,60000,attention_input_norm,decoder.layers.self_attention.linear_qkv.layer_norm_weight,27,5120,1.53518808,1.9453125,60000,1,1,0,0,1,0
bf16,60000,attention_input_norm,decoder.layers.self_attention.linear_qkv.layer_norm_weight,28,5120,1.40233953,1.734375,60000,1,1,0,0,1,0
bf16,60000,attention_input_norm,decoder.layers.self_attention.linear_qkv.layer_norm_weight,29,5120,1.43403541,1.765625,60000,1,1,0,0,1,0
bf16,60000,attention_input_norm,decoder.layers.self_attention.linear_qkv.layer_norm_weight,30,5120,1.60710801,1.84375,60000,1,1,0,0,1,0
bf16,60000,attention_input_norm,decoder.layers.self_attention.linear_qkv.layer_norm_weight,31,5120,1.25451219,1.4765625,60000,1,1,0,0,1,0
bf16,60000,attention_input_norm,decoder.layers.self_attention.linear_qkv.layer_norm_weight,32,5120,1.38936143,1.6015625,60000,1,1,0,0,1,0
bf16,60000,attention_input_norm,decoder.layers.self_attention.linear_qkv.layer_norm_weight,33,5120,1.38762227,1.640625,60000,1,1,0,0,1,0
bf16,60000,attention_input_norm,decoder.layers.self_attention.linear_qkv.layer_norm_weight,34,5120,1.59287027,1.859375,60000,1,1,0,0,1,0
bf16,60000,attention_input_norm,decoder.layers.self_attention.linear_qkv.layer_norm_weight,35,5120,1.47123517,1.75,60000,1,1,0,0,1,0
bf16,60000,attention_input_norm,decoder.layers.self_attention.linear_qkv.layer_norm_weight,36,5120,1.26542684,1.453125,60000,1,1,0,0,1,0
bf16,60000,attention_input_norm,decoder.layers.self_attention.linear_qkv.layer_norm_weight,37,5120,0.901693509,1.078125,60000,1,1,0,0,1,0
bf16,60000,attention_input_norm,decoder.layers.self_attention.linear_qkv.layer_norm_weight,38,5120,1.18280156,1.34375,60000,1,1,0,0,1,0
bf16,60000,attention_input_norm,decoder.layers.self_attention.linear_qkv.layer_norm_weight,39,5120,0.970454932,1.125,60000,1,1,0,0,1,0
bf16,60000,attention_input_norm,decoder.layers.self_attention.linear_qkv.layer_norm_weight,40,5120,1.08403789,1.296875,60000,1,1,0,0,1,0
bf16,60000,attention_input_norm,decoder.layers.self_attention.linear_qkv.layer_norm_weight,41,5120,1.02429552,1.2109375,60000,1,1,0,0,1,0
bf16,60000,attention_input_norm,decoder.layers.self_attention.linear_qkv.layer_norm_weight,42,5120,0.930497924,1.140625,60000,1,1,0,0,1,0
bf16,60000,attention_input_norm,decoder.layers.self_attention.linear_qkv.layer_norm_weight,43,5120,0.975884934,1.1640625,60000,1,1,0,0,1,0
bf16,60000,attention_input_norm,decoder.layers.self_attention.linear_qkv.layer_norm_weight,44,5120,1.04956046,1.25,60000,1,1,0,0,1,0
bf16,60000,attention_input_norm,decoder.layers.self_attention.linear_qkv.layer_norm_weight,45,5120,1.15897116,1.359375,60000,1,1,0,0,1,0
bf16,60000,attention_input_norm,decoder.layers.self_attention.linear_qkv.layer_norm_weight,46,5120,1.22975482,1.390625,60000,1,1,0,0,1,0
bf16,60000,attention_input_norm,decoder.layers.self_attention.linear_qkv.layer_norm_weight,47,5120,1.06582068,1.234375,60000,1,1,0,0,1,0
bf16,60000,attention_input_norm,decoder.layers.self_attention.linear_qkv.layer_norm_weight,48,5120,1.36228788,1.5625,60000,1,1,0,0,1,0
bf16,60000,attention_input_norm,decoder.layers.self_attention.linear_qkv.layer_norm_weight,49,5120,1.29780018,1.5,60000,1,1,0,0,1,0
bf16,60000,attention_input_norm,decoder.layers.self_attention.linear_qkv.layer_norm_weight,50,5120,1.22714799,1.421875,60000,1,1,0,0,1,0
bf16,60000,attention_input_norm,decoder.layers.self_attention.linear_qkv.layer_norm_weight,51,5120,1.37435281,1.578125,60000,1,1,0,0,1,0
bf16,60000,attention_input_norm,decoder.layers.self_attention.linear_qkv.layer_norm_weight,52,5120,1.32369045,1.484375,60000,1,1,0,0,1,0
bf16,60000,attention_input_norm,decoder.layers.self_attention.linear_qkv.layer_norm_weight,53,5120,1.49954285,1.703125,60000,1,1,0,0,1,0
bf16,60000,attention_input_norm,decoder.layers.self_attention.linear_qkv.layer_norm_weight,54,5120,1.37235815,1.59375,60000,1,1,0,0,1,0
bf16,60000,attention_input_norm,decoder.layers.self_attention.linear_qkv.layer_norm_weight,55,5120,1.44721397,1.6796875,60000,1,1,0,0,1,0
bf16,60000,attention_input_norm,decoder.layers.self_attention.linear_qkv.layer_norm_weight,56,5120,1.49282422,1.6953125,60000,1,1,0,0,1,0
bf16,60000,attention_input_norm,decoder.layers.self_attention.linear_qkv.layer_norm_weight,57,5120,1.39492511,1.625,60000,1,1,0,0,1,0
bf16,60000,attention_input_norm,decoder.layers.self_attention.linear_qkv.layer_norm_weight,58,5120,1.44823597,1.6875,60000,1,1,0,0,1,0
bf16,60000,attention_input_norm,decoder.layers.self_attention.linear_qkv.layer_norm_weight,59,5120,1.30100696,1.5234375,60000,1,1,0,0,1,0
bf16,60000,attention_input_norm,decoder.layers.self_attention.linear_qkv.layer_norm_weight,60,5120,1.16340605,1.375,60000,1,1,0,0,1,0
bf16,60000,attention_input_norm,decoder.layers.self_attention.linear_qkv.layer_norm_weight,61,5120,1.12782487,1.359375,60000,1,1,0,0,1,0
bf16,60000,attention_input_norm,decoder.layers.self_attention.linear_qkv.layer_norm_weight,62,5120,1.03165012,1.1796875,60000,1,1,0,0,1,0
bf16,60000,attention_input_norm,decoder.layers.self_attention.linear_qkv.layer_norm_weight,63,5120,0.978017059,1.140625,60000,1,1,0,0,1,0
bf16,60000,final_norm,decoder.final_layernorm.weight,-1,5120,1.68580321,6.0625,60000,1,1,0,0,1,0
bf16,60000,k_norm,decoder.layers.self_attention.k_layernorm.weight,0,128,1.23568447,2.4375,60000,1,1,0,0,1,0
bf16,60000,k_norm,decoder.layers.self_attention.k_layernorm.weight,1,128,1.55687372,1.9140625,60000,1,1,0,0,1,0
bf16,60000,k_norm,decoder.layers.self_attention.k_layernorm.weight,2,128,1.5097813,2.109375,60000,1,1,0,0,1,0
bf16,60000,k_norm,decoder.layers.self_attention.k_layernorm.weight,3,128,1.61052566,2.0625,60000,1,1,0,0,1,0
bf16,60000,k_norm,decoder.layers.self_attention.k_layernorm.weight,4,128,1.53066686,1.8828125,60000,1,1,0,0,1,0
bf16,60000,k_norm,decoder.layers.self_attention.k_layernorm.weight,5,128,1.49707031,1.8515625,60000,1,1,0,0,1,0
bf16,60000,k_norm,decoder.layers.self_attention.k_layernorm.weight,6,128,1.76337296,2.125,60000,1,1,0,0,1,0
bf16,60000,k_norm,decoder.layers.self_attention.k_layernorm.weight,7,128,1.65332318,2.09375,60000,1,1,0,0,1,0
bf16,60000,k_norm,decoder.layers.self_attention.k_layernorm.weight,8,128,1.62378719,2.015625,60000,1,1,0,0,1,0
bf16,60000,k_norm,decoder.layers.self_attention.k_layernorm.weight,9,128,1.58507706,1.96875,60000,1,1,0,0,1,0
bf16,60000,k_norm,decoder.layers.self_attention.k_layernorm.weight,10,128,1.63440514,2.21875,60000,1,1,0,0,1,0
bf16,60000,k_norm,decoder.layers.self_attention.k_layernorm.weight,11,128,1.66506412,2.09375,60000,1,1,0,0,1,0
bf16,60000,k_norm,decoder.layers.self_attention.k_layernorm.weight,12,128,1.60018065,2,60000,1,1,0,0,1,0
bf16,60000,k_norm,decoder.layers.self_attention.k_layernorm.weight,13,128,1.56234629,2.265625,60000,1,1,0,0,1,0
bf16,60000,k_norm,decoder.layers.self_attention.k_layernorm.weight,14,128,1.51731716,1.8984375,60000,1,1,0,0,1,0
bf16,60000,k_norm,decoder.layers.self_attention.k_layernorm.weight,15,128,1.64735091,2.140625,60000,1,1,0,0,1,0
bf16,60000,k_norm,decoder.layers.self_attention.k_layernorm.weight,16,128,1.50072081,2.375,60000,1,1,0,0,1,0
bf16,60000,k_norm,decoder.layers.self_attention.k_layernorm.weight,17,128,1.68040611,2,60000,1,1,0,0,1,0
bf16,60000,k_norm,decoder.layers.self_attention.k_layernorm.weight,18,128,1.64914054,2.109375,60000,1,1,0,0,1,0
bf16,60000,k_norm,decoder.layers.self_attention.k_layernorm.weight,19,128,1.72790034,2.125,60000,1,1,0,0,1,0
bf16,60000,k_norm,decoder.layers.self_attention.k_layernorm.weight,20,128,1.59500742,2.078125,60000,1,1,0,0,1,0
bf16,60000,k_norm,decoder.layers.self_attention.k_layernorm.weight,21,128,1.59935822,2.015625,60000,1,1,0,0,1,0
bf16,60000,k_norm,decoder.layers.self_attention.k_layernorm.weight,22,128,1.70442963,2.078125,60000,1,1,0,0,1,0
bf16,60000,k_norm,decoder.layers.self_attention.k_layernorm.weight,23,128,1.63811793,1.9375,60000,1,1,0,0,1,0
bf16,60000,k_norm,decoder.layers.self_attention.k_layernorm.weight,24,128,1.62635646,2.109375,60000,1,1,0,0,1,0
bf16,60000,k_norm,decoder.layers.self_attention.k_layernorm.weight,25,128,1.59069207,2.078125,60000,1,1,0,0,1,0
bf16,60000,k_norm,decoder.layers.self_attention.k_layernorm.weight,26,128,1.45279199,1.8828125,60000,1,1,0,0,1,0
bf16,60000,k_norm,decoder.layers.self_attention.k_layernorm.weight,27,128,1.59348698,2.109375,60000,1,1,0,0,1,0
bf16,60000,k_norm,decoder.layers.self_attention.k_layernorm.weight,28,128,1.42289212,1.859375,60000,1,1,0,0,1,0
bf16,60000,k_norm,decoder.layers.self_attention.k_layernorm.weight,29,128,1.47292157,1.828125,60000,1,1,0,0,1,0
bf16,60000,k_norm,decoder.layers.self_attention.k_layernorm.weight,30,128,1.49951795,1.8984375,60000,1,1,0,0,1,0
bf16,60000,k_norm,decoder.layers.self_attention.k_layernorm.weight,31,128,1.42378298,1.8515625,60000,1,1,0,0,1,0
bf16,60000,k_norm,decoder.layers.self_attention.k_layernorm.weight,32,128,1.55781348,1.8828125,60000,1,1,0,0,1,0
bf16,60000,k_norm,decoder.layers.self_attention.k_layernorm.weight,33,128,1.37380778,1.7890625,60000,1,1,0,0,1,0
bf16,60000,k_norm,decoder.layers.self_attention.k_layernorm.weight,34,128,1.46731018,1.953125,60000,1,1,0,0,1,0
bf16,60000,k_norm,decoder.layers.self_attention.k_layernorm.weight,35,128,1.55551372,1.9765625,60000,1,1,0,0,1,0
bf16,60000,k_norm,decoder.layers.self_attention.k_layernorm.weight,36,128,1.45853616,1.984375,60000,1,1,0,0,1,0
bf16,60000,k_norm,decoder.layers.self_attention.k_layernorm.weight,37,128,1.32792824,1.875,60000,1,1,0,0,1,0
bf16,60000,k_norm,decoder.layers.self_attention.k_layernorm.weight,38,128,1.62344814,2.078125,60000,1,1,0,0,1,0
bf16,60000,k_norm,decoder.layers.self_attention.k_layernorm.weight,39,128,1.45218156,2.015625,60000,1,1,0,0,1,0
bf16,60000,k_norm,decoder.layers.self_attention.k_layernorm.weight,40,128,1.36847184,1.859375,60000,1,1,0,0,1,0
bf16,60000,k_norm,decoder.layers.self_attention.k_layernorm.weight,41,128,1.37328428,1.859375,60000,1,1,0,0,1,0
bf16,60000,k_norm,decoder.layers.self_attention.k_layernorm.weight,42,128,1.26368666,1.8515625,60000,1,1,0,0,1,0
bf16,60000,k_norm,decoder.layers.self_attention.k_layernorm.weight,43,128,1.31898877,1.9140625,60000,1,1,0,0,1,0
bf16,60000,k_norm,decoder.layers.self_attention.k_layernorm.weight,44,128,1.29281241,1.8828125,60000,1,1,0,0,1,0
bf16,60000,k_norm,decoder.layers.self_attention.k_layernorm.weight,45,128,1.32989353,1.859375,60000,1,1,0,0,1,0
bf16,60000,k_norm,decoder.layers.self_attention.k_layernorm.weight,46,128,1.40068158,1.984375,60000,1,1,0,0,1,0
bf16,60000,k_norm,decoder.layers.self_attention.k_layernorm.weight,47,128,1.29687746,1.8671875,60000,1,1,0,0,1,0
bf16,60000,k_norm,decoder.layers.self_attention.k_layernorm.weight,48,128,1.48845768,1.8359375,60000,1,1,0,0,1,0
bf16,60000,k_norm,decoder.layers.self_attention.k_layernorm.weight,49,128,1.34954211,1.78125,60000,1,1,0,0,1,0
bf16,60000,k_norm,decoder.layers.self_attention.k_layernorm.weight,50,128,1.45119896,1.828125,60000,1,1,0,0,1,0
bf16,60000,k_norm,decoder.layers.self_attention.k_layernorm.weight,51,128,1.44748441,1.8359375,60000,1,1,0,0,1,0
bf16,60000,k_norm,decoder.layers.self_attention.k_layernorm.weight,52,128,1.50881916,1.953125,60000,1,1,0,0,1,0
bf16,60000,k_norm,decoder.layers.self_attention.k_layernorm.weight,53,128,1.44992824,1.796875,60000,1,1,0,0,1,0
bf16,60000,k_norm,decoder.layers.self_attention.k_layernorm.weight,54,128,1.37987566,1.859375,60000,1,1,0,0,1,0
bf16,60000,k_norm,decoder.layers.self_attention.k_layernorm.weight,55,128,1.51629012,1.9765625,60000,1,1,0,0,1,0
bf16,60000,k_norm,decoder.layers.self_attention.k_layernorm.weight,56,128,1.53762372,1.8984375,60000,1,1,0,0,1,0
bf16,60000,k_norm,decoder.layers.self_attention.k_layernorm.weight,57,128,1.50741795,1.8671875,60000,1,1,0,0,1,0
bf16,60000,k_norm,decoder.layers.self_attention.k_layernorm.weight,58,128,1.58064718,1.90625,60000,1,1,0,0,1,0
bf16,60000,k_norm,decoder.layers.self_attention.k_layernorm.weight,59,128,1.5146327,1.8046875,60000,1,1,0,0,1,0
bf16,60000,k_norm,decoder.layers.self_attention.k_layernorm.weight,60,128,1.43791844,1.8046875,60000,1,1,0,0,1,0
bf16,60000,k_norm,decoder.layers.self_attention.k_layernorm.weight,61,128,1.44338535,1.953125,60000,1,1,0,0,1,0
bf16,60000,k_norm,decoder.layers.self_attention.k_layernorm.weight,62,128,1.35702663,1.6796875,60000,1,1,0,0,1,0
bf16,60000,k_norm,decoder.layers.self_attention.k_layernorm.weight,63,128,1.18772038,1.40625,60000,1,1,0,0,1,0
bf16,60000,pre_mlp_norm,decoder.layers.mlp.linear_fc1.layer_norm_weight,0,5120,0.507178148,0.69921875,60000,1,1,0,0,1,0
bf16,60000,pre_mlp_norm,decoder.layers.mlp.linear_fc1.layer_norm_weight,1,5120,0.864301042,0.9921875,60000,1,1,0,0,1,0
bf16,60000,pre_mlp_norm,decoder.layers.mlp.linear_fc1.layer_norm_weight,2,5120,0.890180448,1.1015625,60000,1,1,0,0,1,0
bf16,60000,pre_mlp_norm,decoder.layers.mlp.linear_fc1.layer_norm_weight,3,5120,0.867601966,0.9609375,60000,1,1,0,0,1,0
bf16,60000,pre_mlp_norm,decoder.layers.mlp.linear_fc1.layer_norm_weight,4,5120,0.841049339,1.0390625,60000,1,1,0,0,1,0
bf16,60000,pre_mlp_norm,decoder.layers.mlp.linear_fc1.layer_norm_weight,5,5120,0.758508439,1.640625,60000,1,1,0,0,1,0
bf16,60000,pre_mlp_norm,decoder.layers.mlp.linear_fc1.layer_norm_weight,6,5120,0.696699208,1.015625,60000,1,1,0,0,1,0
bf16,60000,pre_mlp_norm,decoder.layers.mlp.linear_fc1.layer_norm_weight,7,5120,0.665349031,0.96484375,60000,1,1,0,0,1,0
bf16,60000,pre_mlp_norm,decoder.layers.mlp.linear_fc1.layer_norm_weight,8,5120,0.666737118,0.8984375,60000,1,1,0,0,1,0
bf16,60000,pre_mlp_norm,decoder.layers.mlp.linear_fc1.layer_norm_weight,9,5120,0.66880656,0.87109375,60000,1,1,0,0,1,0
bf16,60000,pre_mlp_norm,decoder.layers.mlp.linear_fc1.layer_norm_weight,10,5120,0.651654857,0.76171875,60000,1,1,0,0,1,0
bf16,60000,pre_mlp_norm,decoder.layers.mlp.linear_fc1.layer_norm_weight,11,5120,0.643921337,0.71875,60000,1,1,0,0,1,0
bf16,60000,pre_mlp_norm,decoder.layers.mlp.linear_fc1.layer_norm_weight,12,5120,0.643178112,0.7265625,60000,1,1,0,0,1,0
bf16,60000,pre_mlp_norm,decoder.layers.mlp.linear_fc1.layer_norm_weight,13,5120,0.638418637,0.71484375,60000,1,1,0,0,1,0
bf16,60000,pre_mlp_norm,decoder.layers.mlp.linear_fc1.layer_norm_weight,14,5120,0.621260475,0.6875,60000,1,1,0,0,1,0
bf16,60000,pre_mlp_norm,decoder.layers.mlp.linear_fc1.layer_norm_weight,15,5120,0.610786489,0.6796875,60000,1,1,0,0,1,0
bf16,60000,pre_mlp_norm,decoder.layers.mlp.linear_fc1.layer_norm_weight,16,5120,0.586611982,0.65234375,60000,1,1,0,0,1,0
bf16,60000,pre_mlp_norm,decoder.layers.mlp.linear_fc1.layer_norm_weight,17,5120,0.564315647,0.625,60000,1,1,0,0,1,0
bf16,60000,pre_mlp_norm,decoder.layers.mlp.linear_fc1.layer_norm_weight,18,5120,0.554895318,0.63671875,60000,1,1,0,0,1,0
bf16,60000,pre_mlp_norm,decoder.layers.mlp.linear_fc1.layer_norm_weight,19,5120,0.553525398,0.6484375,60000,1,1,0,0,1,0
bf16,60000,pre_mlp_norm,decoder.layers.mlp.linear_fc1.layer_norm_weight,20,5120,0.562398855,0.7109375,60000,1,1,0,0,1,0
bf16,60000,pre_mlp_norm,decoder.layers.mlp.linear_fc1.layer_norm_weight,21,5120,0.561278532,0.69140625,60000,1,1,0,0,1,0
bf16,60000,pre_mlp_norm,decoder.layers.mlp.linear_fc1.layer_norm_weight,22,5120,0.559363296,0.6171875,60000,1,1,0,0,1,0
bf16,60000,pre_mlp_norm,decoder.layers.mlp.linear_fc1.layer_norm_weight,23,5120,0.566268774,0.62109375,60000,1,1,0,0,1,0
bf16,60000,pre_mlp_norm,decoder.layers.mlp.linear_fc1.layer_norm_weight,24,5120,0.579633166,0.6484375,60000,1,1,0,0,1,0
bf16,60000,pre_mlp_norm,decoder.layers.mlp.linear_fc1.layer_norm_weight,25,5120,0.605489705,0.65625,60000,1,1,0,0,1,0
bf16,60000,pre_mlp_norm,decoder.layers.mlp.linear_fc1.layer_norm_weight,26,5120,0.62455877,0.68359375,60000,1,1,0,0,1,0
bf16,60000,pre_mlp_norm,decoder.layers.mlp.linear_fc1.layer_norm_weight,27,5120,0.64685988,0.703125,60000,1,1,0,0,1,0
bf16,60000,pre_mlp_norm,decoder.layers.mlp.linear_fc1.layer_norm_weight,28,5120,0.667565751,0.72265625,60000,1,1,0,0,1,0
bf16,60000,pre_mlp_norm,decoder.layers.mlp.linear_fc1.layer_norm_weight,29,5120,0.68546009,0.74609375,60000,1,1,0,0,1,0
bf16,60000,pre_mlp_norm,decoder.layers.mlp.linear_fc1.layer_norm_weight,30,5120,0.709144349,0.765625,60000,1,1,0,0,1,0
bf16,60000,pre_mlp_norm,decoder.layers.mlp.linear_fc1.layer_norm_weight,31,5120,0.730146534,0.78515625,60000,1,1,0,0,1,0
bf16,60000,pre_mlp_norm,decoder.layers.mlp.linear_fc1.layer_norm_weight,32,5120,0.743883103,0.80859375,60000,1,1,0,0,1,0
bf16,60000,pre_mlp_norm,decoder.layers.mlp.linear_fc1.layer_norm_weight,33,5120,0.760350089,0.82421875,60000,1,1,0,0,1,0
bf16,60000,pre_mlp_norm,decoder.layers.mlp.linear_fc1.layer_norm_weight,34,5120,0.780373517,0.83984375,60000,1,1,0,0,1,0
bf16,60000,pre_mlp_norm,decoder.layers.mlp.linear_fc1.layer_norm_weight,35,5120,0.807234507,0.86328125,60000,1,1,0,0,1,0
bf16,60000,pre_mlp_norm,decoder.layers.mlp.linear_fc1.layer_norm_weight,36,5120,0.832593274,0.92578125,60000,1,1,0,0,1,0
bf16,60000,pre_mlp_norm,decoder.layers.mlp.linear_fc1.layer_norm_weight,37,5120,0.851933838,0.90234375,60000,1,1,0,0,1,0
bf16,60000,pre_mlp_norm,decoder.layers.mlp.linear_fc1.layer_norm_weight,38,5120,0.868748333,0.91796875,60000,1,1,0,0,1,0
bf16,60000,pre_mlp_norm,decoder.layers.mlp.linear_fc1.layer_norm_weight,39,5120,0.882366989,0.93359375,60000,1,1,0,0,1,0
bf16,60000,pre_mlp_norm,decoder.layers.mlp.linear_fc1.layer_norm_weight,40,5120,0.894911719,0.94140625,60000,1,1,0,0,1,0
bf16,60000,pre_mlp_norm,decoder.layers.mlp.linear_fc1.layer_norm_weight,41,5120,0.907069831,0.9765625,60000,1,1,0,0,1,0
bf16,60000,pre_mlp_norm,decoder.layers.mlp.linear_fc1.layer_norm_weight,42,5120,0.918677972,0.98046875,60000,1,1,0,0,1,0
bf16,60000,pre_mlp_norm,decoder.layers.mlp.linear_fc1.layer_norm_weight,43,5120,0.928783149,0.99609375,60000,1,1,0,0,1,0
bf16,60000,pre_mlp_norm,decoder.layers.mlp.linear_fc1.layer_norm_weight,44,5120,0.935003588,1.0234375,60000,1,1,0,0,1,0
bf16,60000,pre_mlp_norm,decoder.layers.mlp.linear_fc1.layer_norm_weight,45,5120,0.943046507,1.0390625,60000,1,1,0,0,1,0
bf16,60000,pre_mlp_norm,decoder.layers.mlp.linear_fc1.layer_norm_weight,46,5120,0.950602282,1.046875,60000,1,1,0,0,1,0
bf16,60000,pre_mlp_norm,decoder.layers.mlp.linear_fc1.layer_norm_weight,47,5120,0.957065637,1.0703125,60000,1,1,0,0,1,0
bf16,60000,pre_mlp_norm,decoder.layers.mlp.linear_fc1.layer_norm_weight,48,5120,0.962920796,1.078125,60000,1,1,0,0,1,0
bf16,60000,pre_mlp_norm,decoder.layers.mlp.linear_fc1.layer_norm_weight,49,5120,0.974740889,1.1015625,60000,1,1,0,0,1,0
bf16,60000,pre_mlp_norm,decoder.layers.mlp.linear_fc1.layer_norm_weight,50,5120,0.979409111,1.109375,60000,1,1,0,0,1,0
bf16,60000,pre_mlp_norm,decoder.layers.mlp.linear_fc1.layer_norm_weight,51,5120,0.986640228,1.15625,60000,1,1,0,0,1,0
bf16,60000,pre_mlp_norm,decoder.layers.mlp.linear_fc1.layer_norm_weight,52,5120,0.989201972,1.171875,60000,1,1,0,0,1,0
bf16,60000,pre_mlp_norm,decoder.layers.mlp.linear_fc1.layer_norm_weight,53,5120,0.996366931,1.2265625,60000,1,1,0,0,1,0
bf16,60000,pre_mlp_norm,decoder.layers.mlp.linear_fc1.layer_norm_weight,54,5120,1.00429708,1.2578125,60000,1,1,0,0,1,0
bf16,60000,pre_mlp_norm,decoder.layers.mlp.linear_fc1.layer_norm_weight,55,5120,1.00293814,1.296875,60000,1,1,0,0,1,0
bf16,60000,pre_mlp_norm,decoder.layers.mlp.linear_fc1.layer_norm_weight,56,5120,1.00570743,1.40625,60000,1,1,0,0,1,0
bf16,60000,pre_mlp_norm,decoder.layers.mlp.linear_fc1.layer_norm_weight,57,5120,1.01624613,1.4453125,60000,1,1,0,0,1,0
bf16,60000,pre_mlp_norm,decoder.layers.mlp.linear_fc1.layer_norm_weight,58,5120,1.01860873,1.5,60000,1,1,0,0,1,0
bf16,60000,pre_mlp_norm,decoder.layers.mlp.linear_fc1.layer_norm_weight,59,5120,1.01494981,1.5703125,60000,1,1,0,0,1,0
bf16,60000,pre_mlp_norm,decoder.layers.mlp.linear_fc1.layer_norm_weight,60,5120,1.02983349,1.6796875,60000,1,1,0,0,1,0
bf16,60000,pre_mlp_norm,decoder.layers.mlp.linear_fc1.layer_norm_weight,61,5120,1.0583701,1.703125,60000,1,1,0,0,1,0
bf16,60000,pre_mlp_norm,decoder.layers.mlp.linear_fc1.layer_norm_weight,62,5120,1.09681062,1.6015625,60000,1,1,0,0,1,0
bf16,60000,pre_mlp_norm,decoder.layers.mlp.linear_fc1.layer_norm_weight,63,5120,1.18802224,1.703125,60000,1,1,0,0,1,0
bf16,60000,q_norm,decoder.layers.self_attention.q_layernorm.weight,0,128,1.22985767,1.875,60000,1,1,0,0,1,0
bf16,60000,q_norm,decoder.layers.self_attention.q_layernorm.weight,1,128,1.56897493,2,60000,1,1,0,0,1,0
bf16,60000,q_norm,decoder.layers.self_attention.q_layernorm.weight,2,128,1.51842343,1.8671875,60000,1,1,0,0,1,0
bf16,60000,q_norm,decoder.layers.self_attention.q_layernorm.weight,3,128,1.62437383,1.9609375,60000,1,1,0,0,1,0
bf16,60000,q_norm,decoder.layers.self_attention.q_layernorm.weight,4,128,1.5436959,1.921875,60000,1,1,0,0,1,0
bf16,60000,q_norm,decoder.layers.self_attention.q_layernorm.weight,5,128,1.50230013,1.8125,60000,1,1,0,0,1,0
bf16,60000,q_norm,decoder.layers.self_attention.q_layernorm.weight,6,128,1.78817557,2.1875,60000,1,1,0,0,1,0
bf16,60000,q_norm,decoder.layers.self_attention.q_layernorm.weight,7,128,1.68134644,2.109375,60000,1,1,0,0,1,0
bf16,60000,q_norm,decoder.layers.self_attention.q_layernorm.weight,8,128,1.6383239,1.8984375,60000,1,1,0,0,1,0
bf16,60000,q_norm,decoder.layers.self_attention.q_layernorm.weight,9,128,1.62438802,2.046875,60000,1,1,0,0,1,0
bf16,60000,q_norm,decoder.layers.self_attention.q_layernorm.weight,10,128,1.65858098,2.046875,60000,1,1,0,0,1,0
bf16,60000,q_norm,decoder.layers.self_attention.q_layernorm.weight,11,128,1.68947666,1.984375,60000,1,1,0,0,1,0
bf16,60000,q_norm,decoder.layers.self_attention.q_layernorm.weight,12,128,1.63028211,2.453125,60000,1,1,0,0,1,0
bf16,60000,q_norm,decoder.layers.self_attention.q_layernorm.weight,13,128,1.58403356,2.015625,60000,1,1,0,0,1,0
bf16,60000,q_norm,decoder.layers.self_attention.q_layernorm.weight,14,128,1.54236478,2.078125,60000,1,1,0,0,1,0
bf16,60000,q_norm,decoder.layers.self_attention.q_layernorm.weight,15,128,1.6720145,2.078125,60000,1,1,0,0,1,0
bf16,60000,q_norm,decoder.layers.self_attention.q_layernorm.weight,16,128,1.51389907,2.078125,60000,1,1,0,0,1,0
bf16,60000,q_norm,decoder.layers.self_attention.q_layernorm.weight,17,128,1.7019662,2.109375,60000,1,1,0,0,1,0
bf16,60000,q_norm,decoder.layers.self_attention.q_layernorm.weight,18,128,1.67658111,2.078125,60000,1,1,0,0,1,0
bf16,60000,q_norm,decoder.layers.self_attention.q_layernorm.weight,19,128,1.75328677,2.078125,60000,1,1,0,0,1,0
bf16,60000,q_norm,decoder.layers.self_attention.q_layernorm.weight,20,128,1.62560399,2.078125,60000,1,1,0,0,1,0
bf16,60000,q_norm,decoder.layers.self_attention.q_layernorm.weight,21,128,1.62700488,2.0625,60000,1,1,0,0,1,0
bf16,60000,q_norm,decoder.layers.self_attention.q_layernorm.weight,22,128,1.73077845,2.171875,60000,1,1,0,0,1,0
bf16,60000,q_norm,decoder.layers.self_attention.q_layernorm.weight,23,128,1.6566643,2.09375,60000,1,1,0,0,1,0
bf16,60000,q_norm,decoder.layers.self_attention.q_layernorm.weight,24,128,1.64651251,1.9140625,60000,1,1,0,0,1,0
bf16,60000,q_norm,decoder.layers.self_attention.q_layernorm.weight,25,128,1.62393878,2.078125,60000,1,1,0,0,1,0
bf16,60000,q_norm,decoder.layers.self_attention.q_layernorm.weight,26,128,1.47854325,1.953125,60000,1,1,0,0,1,0
bf16,60000,q_norm,decoder.layers.self_attention.q_layernorm.weight,27,128,1.62812754,2.125,60000,1,1,0,0,1,0
bf16,60000,q_norm,decoder.layers.self_attention.q_layernorm.weight,28,128,1.44896055,1.8046875,60000,1,1,0,0,1,0
bf16,60000,q_norm,decoder.layers.self_attention.q_layernorm.weight,29,128,1.50937982,1.8359375,60000,1,1,0,0,1,0
bf16,60000,q_norm,decoder.layers.self_attention.q_layernorm.weight,30,128,1.52577344,1.984375,60000,1,1,0,0,1,0
bf16,60000,q_norm,decoder.layers.self_attention.q_layernorm.weight,31,128,1.45294149,1.8046875,60000,1,1,0,0,1,0
bf16,60000,q_norm,decoder.layers.self_attention.q_layernorm.weight,32,128,1.59870535,1.9453125,60000,1,1,0,0,1,0
bf16,60000,q_norm,decoder.layers.self_attention.q_layernorm.weight,33,128,1.40126046,1.765625,60000,1,1,0,0,1,0
bf16,60000,q_norm,decoder.layers.self_attention.q_layernorm.weight,34,128,1.49151816,1.890625,60000,1,1,0,0,1,0
bf16,60000,q_norm,decoder.layers.self_attention.q_layernorm.weight,35,128,1.60490322,1.9375,60000,1,1,0,0,1,0
bf16,60000,q_norm,decoder.layers.self_attention.q_layernorm.weight,36,128,1.49338367,1.9375,60000,1,1,0,0,1,0
bf16,60000,q_norm,decoder.layers.self_attention.q_layernorm.weight,37,128,1.33830401,1.765625,60000,1,1,0,0,1,0
bf16,60000,q_norm,decoder.layers.self_attention.q_layernorm.weight,38,128,1.65116591,1.9921875,60000,1,1,0,0,1,0
bf16,60000,q_norm,decoder.layers.self_attention.q_layernorm.weight,39,128,1.47332287,1.859375,60000,1,1,0,0,1,0
bf16,60000,q_norm,decoder.layers.self_attention.q_layernorm.weight,40,128,1.39235651,1.78125,60000,1,1,0,0,1,0
bf16,60000,q_norm,decoder.layers.self_attention.q_layernorm.weight,41,128,1.39189965,1.7421875,60000,1,1,0,0,1,0
bf16,60000,q_norm,decoder.layers.self_attention.q_layernorm.weight,42,128,1.2673989,1.6875,60000,1,1,0,0,1,0
bf16,60000,q_norm,decoder.layers.self_attention.q_layernorm.weight,43,128,1.33683809,1.828125,60000,1,1,0,0,1,0
bf16,60000,q_norm,decoder.layers.self_attention.q_layernorm.weight,44,128,1.30347379,1.765625,60000,1,1,0,0,1,0
bf16,60000,q_norm,decoder.layers.self_attention.q_layernorm.weight,45,128,1.3528616,1.8125,60000,1,1,0,0,1,0
bf16,60000,q_norm,decoder.layers.self_attention.q_layernorm.weight,46,128,1.41957971,1.8203125,60000,1,1,0,0,1,0
bf16,60000,q_norm,decoder.layers.self_attention.q_layernorm.weight,47,128,1.31753739,1.7265625,60000,1,1,0,0,1,0
bf16,60000,q_norm,decoder.layers.self_attention.q_layernorm.weight,48,128,1.51980825,1.8203125,60000,1,1,0,0,1,0
bf16,60000,q_norm,decoder.layers.self_attention.q_layernorm.weight,49,128,1.37523139,1.7734375,60000,1,1,0,0,1,0
bf16,60000,q_norm,decoder.layers.self_attention.q_layernorm.weight,50,128,1.45913396,1.75,60000,1,1,0,0,1,0
bf16,60000,q_norm,decoder.layers.self_attention.q_layernorm.weight,51,128,1.49102852,1.828125,60000,1,1,0,0,1,0
bf16,60000,q_norm,decoder.layers.self_attention.q_layernorm.weight,52,128,1.53365466,1.8203125,60000,1,1,0,0,1,0
bf16,60000,q_norm,decoder.layers.self_attention.q_layernorm.weight,53,128,1.46848755,1.796875,60000,1,1,0,0,1,0
bf16,60000,q_norm,decoder.layers.self_attention.q_layernorm.weight,54,128,1.39395681,1.6953125,60000,1,1,0,0,1,0
bf16,60000,q_norm,decoder.layers.self_attention.q_layernorm.weight,55,128,1.53787565,1.96875,60000,1,1,0,0,1,0
bf16,60000,q_norm,decoder.layers.self_attention.q_layernorm.weight,56,128,1.56143496,1.8515625,60000,1,1,0,0,1,0
bf16,60000,q_norm,decoder.layers.self_attention.q_layernorm.weight,57,128,1.51997231,1.96875,60000,1,1,0,0,1,0
bf16,60000,q_norm,decoder.layers.self_attention.q_layernorm.weight,58,128,1.60574287,1.8203125,60000,1,1,0,0,1,0
bf16,60000,q_norm,decoder.layers.self_attention.q_layernorm.weight,59,128,1.53054529,1.8828125,60000,1,1,0,0,1,0
bf16,60000,q_norm,decoder.layers.self_attention.q_layernorm.weight,60,128,1.46787431,1.7578125,60000,1,1,0,0,1,0
bf16,60000,q_norm,decoder.layers.self_attention.q_layernorm.weight,61,128,1.46637001,1.9453125,60000,1,1,0,0,1,0
bf16,60000,q_norm,decoder.layers.self_attention.q_layernorm.weight,62,128,1.37210124,1.7421875,60000,1,1,0,0,1,0
bf16,60000,q_norm,decoder.layers.self_attention.q_layernorm.weight,63,128,1.18998934,1.4453125,60000,1,1,0,0,1,0
bf16,64000,attention_input_norm,decoder.layers.self_attention.linear_qkv.layer_norm_weight,0,5120,0.0493599031,0.625,60000,0.771099873,1,0,0.247810113,0.994154724,0
bf16,64000,attention_input_norm,decoder.layers.self_attention.linear_qkv.layer_norm_weight,1,5120,0.328806109,0.7578125,60000,0.912430345,1,0,0.0897241659,0.999790679,0
bf16,64000,attention_input_norm,decoder.layers.self_attention.linear_qkv.layer_norm_weight,2,5120,0.551486781,0.671875,60000,0.944233644,1,0,0.0574436807,0.999899448,0
bf16,64000,attention_input_norm,decoder.layers.self_attention.linear_qkv.layer_norm_weight,3,5120,0.679731842,1.0234375,60000,0.951618216,1,0,0.0496839542,0.999932905,0
bf16,64000,attention_input_norm,decoder.layers.self_attention.linear_qkv.layer_norm_weight,4,5120,0.707630077,0.9609375,60000,0.956666822,1,0,0.0448347235,0.999930808,0
bf16,64000,attention_input_norm,decoder.layers.self_attention.linear_qkv.layer_norm_weight,5,5120,0.81539589,1.09375,60000,0.963827156,1,0,0.0374274426,0.999952098,0
bf16,64000,attention_input_norm,decoder.layers.self_attention.linear_qkv.layer_norm_weight,6,5120,0.886954328,1.15625,60000,0.966684658,1,0,0.0343020103,0.999965492,0
bf16,64000,attention_input_norm,decoder.layers.self_attention.linear_qkv.layer_norm_weight,7,5120,1.07127728,1.2265625,60000,0.981163936,1,0,0.0200915146,0.999975095,0
bf16,64000,attention_input_norm,decoder.layers.self_attention.linear_qkv.layer_norm_weight,8,5120,1.00713102,1.34375,60000,0.977393861,1,0,0.0238272961,0.999970993,0
bf16,64000,attention_input_norm,decoder.layers.self_attention.linear_qkv.layer_norm_weight,9,5120,0.943148441,1.328125,60000,0.977603087,1,0,0.0237802556,0.999967329,0
bf16,64000,attention_input_norm,decoder.layers.self_attention.linear_qkv.layer_norm_weight,10,5120,0.955036782,1.421875,60000,0.974268118,1,0,0.0268792348,0.999969021,0
bf16,64000,attention_input_norm,decoder.layers.self_attention.linear_qkv.layer_norm_weight,11,5120,1.0221402,1.3984375,60000,0.979138259,1,0,0.022175621,0.999971125,0
bf16,64000,attention_input_norm,decoder.layers.self_attention.linear_qkv.layer_norm_weight,12,5120,0.966357609,1.4296875,60000,0.978391067,1,0,0.0229627133,0.999969164,0
bf16,64000,attention_input_norm,decoder.layers.self_attention.linear_qkv.layer_norm_weight,13,5120,1.01720072,1.34375,60000,0.984250132,1,0,0.0175075306,0.999970305,0
bf16,64000,attention_input_norm,decoder.layers.self_attention.linear_qkv.layer_norm_weight,14,5120,0.985751659,1.2109375,60000,0.984556811,1,0,0.0172694518,0.999969661,0
bf16,64000,attention_input_norm,decoder.layers.self_attention.linear_qkv.layer_norm_weight,15,5120,1.10268761,1.359375,60000,0.984912458,1,0,0.0167541361,0.99997306,0
bf16,64000,attention_input_norm,decoder.layers.self_attention.linear_qkv.layer_norm_weight,16,5120,1.12257318,1.3046875,60000,0.991241659,1,0,0.0110599204,0.999976992,0
bf16,64000,attention_input_norm,decoder.layers.self_attention.linear_qkv.layer_norm_weight,17,5120,1.24234848,1.515625,60000,0.985828289,1,0,0.0152980832,0.999983164,0
bf16,64000,attention_input_norm,decoder.layers.self_attention.linear_qkv.layer_norm_weight,18,5120,1.21282716,1.4296875,60000,0.991972385,1,0,0.0101129052,0.999980933,0
bf16,64000,attention_input_norm,decoder.layers.self_attention.linear_qkv.layer_norm_weight,19,5120,1.32282602,1.5390625,60000,0.990643938,1,0,0.01085527,0.999984706,0
bf16,64000,attention_input_norm,decoder.layers.self_attention.linear_qkv.layer_norm_weight,20,5120,1.20020249,1.4609375,60000,0.993003814,1,0,0.0094419602,0.999979756,0
bf16,64000,attention_input_norm,decoder.layers.self_attention.linear_qkv.layer_norm_weight,21,5120,1.20129698,1.578125,60000,0.996169155,1,0,0.00756437833,0.999978646,0
bf16,64000,attention_input_norm,decoder.layers.self_attention.linear_qkv.layer_norm_weight,22,5120,1.44754859,1.6328125,60000,0.994826758,1,0,0.00734768205,0.999986316,0
bf16,64000,attention_input_norm,decoder.layers.self_attention.linear_qkv.layer_norm_weight,23,5120,1.4468033,1.7578125,60000,0.995575212,1,0,0.00690225274,0.999985906,0
bf16,64000,attention_input_norm,decoder.layers.self_attention.linear_qkv.layer_norm_weight,24,5120,1.41435867,1.7578125,60000,0.99662197,1,0,0.00645604056,0.999984814,0
bf16,64000,attention_input_norm,decoder.layers.self_attention.linear_qkv.layer_norm_weight,25,5120,1.34046821,1.5234375,60000,1.00195008,1,0,0.0062461491,0.999982428,0
bf16,64000,attention_input_norm,decoder.layers.self_attention.linear_qkv.layer_norm_weight,26,5120,1.28407788,1.6171875,60000,1.0031037,1,0,0.00739120124,0.999977571,0
bf16,64000,attention_input_norm,decoder.layers.self_attention.linear_qkv.layer_norm_weight,27,5120,1.53803629,1.9765625,60000,1.00185528,1,0,0.00594854295,0.999984058,0
bf16,64000,attention_input_norm,decoder.layers.self_attention.linear_qkv.layer_norm_weight,28,5120,1.40329598,1.7734375,60000,1.00068204,1,0,0.00667777773,0.999977951,0
bf16,64000,attention_input_norm,decoder.layers.self_attention.linear_qkv.layer_norm_weight,29,5120,1.43612178,1.8046875,60000,1.00145489,1,0,0.00670809921,0.99997859,0
bf16,64000,attention_input_norm,decoder.layers.self_attention.linear_qkv.layer_norm_weight,30,5120,1.61243387,1.890625,60000,1.00331394,1,0,0.00670975908,0.999983037,0
bf16,64000,attention_input_norm,decoder.layers.self_attention.linear_qkv.layer_norm_weight,31,5120,1.25934455,1.5234375,60000,1.00385198,1,0,0.00858457498,0.999970684,0
bf16,64000,attention_input_norm,decoder.layers.self_attention.linear_qkv.layer_norm_weight,32,5120,1.39450988,1.65625,60000,1.00370562,1,0,0.00784382804,0.999976191,0
bf16,64000,attention_input_norm,decoder.layers.self_attention.linear_qkv.layer_norm_weight,33,5120,1.39623822,1.6484375,60000,1.00620915,1,0,0.00976457132,0.999971779,0
bf16,64000,attention_input_norm,decoder.layers.self_attention.linear_qkv.layer_norm_weight,34,5120,1.60597077,1.875,60000,1.00822446,1,0,0.010535854,0.999978496,0
bf16,64000,attention_input_norm,decoder.layers.self_attention.linear_qkv.layer_norm_weight,35,5120,1.48000437,1.765625,60000,1.00596043,1,0,0.00909609313,0.999976534,0
bf16,64000,attention_input_norm,decoder.layers.self_attention.linear_qkv.layer_norm_weight,36,5120,1.27407895,1.4609375,60000,1.00683731,1,0,0.0106841883,0.999966527,0
bf16,64000,attention_input_norm,decoder.layers.self_attention.linear_qkv.layer_norm_weight,37,5120,0.90332977,1.0703125,60000,1.00181465,1,0,0.0105000857,0.999946617,0
bf16,64000,attention_input_norm,decoder.layers.self_attention.linear_qkv.layer_norm_weight,38,5120,1.18617551,1.3515625,60000,1.00285251,1,0,0.0087457728,0.999965921,0
bf16,64000,attention_input_norm,decoder.layers.self_attention.linear_qkv.layer_norm_weight,39,5120,0.975290855,1.125,60000,1.00498315,1,0,0.0111755739,0.999950217,0
bf16,64000,attention_input_norm,decoder.layers.self_attention.linear_qkv.layer_norm_weight,40,5120,1.09100565,1.3046875,60000,1.0064276,1,0,0.0116422025,0.999953187,0
bf16,64000,attention_input_norm,decoder.layers.self_attention.linear_qkv.layer_norm_weight,41,5120,1.03140212,1.2265625,60000,1.00693804,1,0,0.0121094319,0.999951088,0
bf16,64000,attention_input_norm,decoder.layers.self_attention.linear_qkv.layer_norm_weight,42,5120,0.934796607,1.1328125,60000,1.00461977,1,0,0.0115114155,0.99994467,0
bf16,64000,attention_input_norm,decoder.layers.self_attention.linear_qkv.layer_norm_weight,43,5120,0.981091021,1.1640625,60000,1.00533473,1,0,0.0114470474,0.999948984,0
bf16,64000,attention_input_norm,decoder.layers.self_attention.linear_qkv.layer_norm_weight,44,5120,1.05813221,1.2578125,60000,1.00816699,1,0,0.0128800044,0.999950804,0
bf16,64000,attention_input_norm,decoder.layers.self_attention.linear_qkv.layer_norm_weight,45,5120,1.1669044,1.375,60000,1.00684507,1,0,0.0114933789,0.999957668,0
bf16,64000,attention_input_norm,decoder.layers.self_attention.linear_qkv.layer_norm_weight,46,5120,1.24051457,1.4140625,60000,1.00874951,1,0,0.0122110185,0.999964037,0
bf16,64000,attention_input_norm,decoder.layers.self_attention.linear_qkv.layer_norm_weight,47,5120,1.07209032,1.25,60000,1.00588245,1,0,0.0111305775,0.999955618,0
bf16,64000,attention_input_norm,decoder.layers.self_attention.linear_qkv.layer_norm_weight,48,5120,1.37400632,1.5703125,60000,1.00860203,1,0,0.0115686734,0.999970336,0
bf16,64000,attention_input_norm,decoder.layers.self_attention.linear_qkv.layer_norm_weight,49,5120,1.3087367,1.515625,60000,1.00842697,1,0,0.011462442,0.999970065,0
bf16,64000,attention_input_norm,decoder.layers.self_attention.linear_qkv.layer_norm_weight,50,5120,1.24037541,1.4375,60000,1.01077899,1,0,0.0136706765,0.999965027,0
bf16,64000,attention_input_norm,decoder.layers.self_attention.linear_qkv.layer_norm_weight,51,5120,1.39294472,1.5859375,60000,1.01352776,1,0,0.0154603698,0.999972362,0
bf16,64000,attention_input_norm,decoder.layers.self_attention.linear_qkv.layer_norm_weight,52,5120,1.34139529,1.5,60000,1.01337536,1,0,0.0154532783,0.999970444,0
bf16,64000,attention_input_norm,decoder.layers.self_attention.linear_qkv.layer_norm_weight,53,5120,1.52012695,1.71875,60000,1.01372692,1,0,0.0156204012,0.999972592,0
bf16,64000,attention_input_norm,decoder.layers.self_attention.linear_qkv.layer_norm_weight,54,5120,1.38924026,1.625,60000,1.01230153,1,0,0.014815188,0.999966333,0
bf16,64000,attention_input_norm,decoder.layers.self_attention.linear_qkv.layer_norm_weight,55,5120,1.46276275,1.6953125,60000,1.01074394,1,0,0.012907648,0.999974684,0
bf16,64000,attention_input_norm,decoder.layers.self_attention.linear_qkv.layer_norm_weight,56,5120,1.51259793,1.71875,60000,1.01324584,1,0,0.0149468283,0.999976336,0
bf16,64000,attention_input_norm,decoder.layers.self_attention.linear_qkv.layer_norm_weight,57,5120,1.41050129,1.6484375,60000,1.01116632,1,0,0.013190171,0.999975625,0
bf16,64000,attention_input_norm,decoder.layers.self_attention.linear_qkv.layer_norm_weight,58,5120,1.46506683,1.71875,60000,1.01162163,1,0,0.0136453528,0.999974727,0
bf16,64000,attention_input_norm,decoder.layers.self_attention.linear_qkv.layer_norm_weight,59,5120,1.31151232,1.53125,60000,1.00807479,1,0,0.0112962502,0.999969048,0
bf16,64000,attention_input_norm,decoder.layers.self_attention.linear_qkv.layer_norm_weight,60,5120,1.16973205,1.3828125,60000,1.00543748,1,0,0.00961561386,0.999968723,0
bf16,64000,attention_input_norm,decoder.layers.self_attention.linear_qkv.layer_norm_weight,61,5120,1.12905206,1.3671875,60000,1.0010881,1,0,0.00783027381,0.999969968,0
bf16,64000,attention_input_norm,decoder.layers.self_attention.linear_qkv.layer_norm_weight,62,5120,1.02894956,1.1875,60000,0.997382291,1,0,0.00737841519,0.999976143,0
bf16,64000,attention_input_norm,decoder.layers.self_attention.linear_qkv.layer_norm_weight,63,5120,0.976987766,1.15625,60000,0.998947572,1,0,0.00579734256,0.999983732,0
bf16,64000,final_norm,decoder.final_layernorm.weight,-1,5120,1.69457351,6.15625,60000,1.00520245,1,0,0.0103322459,0.999960361,0
bf16,64000,k_norm,decoder.layers.self_attention.k_layernorm.weight,0,128,1.24835106,2.53125,60000,1.01025067,1,0,0.0141214457,0.999953309,0
bf16,64000,k_norm,decoder.layers.self_attention.k_layernorm.weight,1,128,1.56306741,1.9140625,60000,1.00397829,1,0,0.0070024375,0.999983462,0
bf16,64000,k_norm,decoder.layers.self_attention.k_layernorm.weight,2,128,1.51176756,2.140625,60000,1.00131559,1,0,0.00555007249,0.999985483,0
bf16,64000,k_norm,decoder.layers.self_attention.k_layernorm.weight,3,128,1.61359275,2.0625,60000,1.0019044,1,0,0.00518076417,0.999988415,0
bf16,64000,k_norm,decoder.layers.self_attention.k_layernorm.weight,4,128,1.53306398,1.8984375,60000,1.00156606,1,0,0.0053900454,0.999986721,0
bf16,64000,k_norm,decoder.layers.self_attention.k_layernorm.weight,5,128,1.49782373,1.859375,60000,1.00050326,1,0,0.00529943797,0.999986092,0
bf16,64000,k_norm,decoder.layers.self_attention.k_layernorm.weight,6,128,1.76918239,2.140625,60000,1.0032945,1,0,0.00525384337,0.999991653,0
bf16,64000,k_norm,decoder.layers.self_attention.k_layernorm.weight,7,128,1.65779961,2.109375,60000,1.00270753,1,0,0.00476789671,0.99999232,0
bf16,64000,k_norm,decoder.layers.self_attention.k_layernorm.weight,8,128,1.62781135,2.046875,60000,1.00247826,1,0,0.00494337762,0.999990875,0
bf16,64000,k_norm,decoder.layers.self_attention.k_layernorm.weight,9,128,1.58958077,2,60000,1.00284132,1,0,0.00587076172,0.999986841,0
bf16,64000,k_norm,decoder.layers.self_attention.k_layernorm.weight,10,128,1.63871083,2.203125,60000,1.00263441,1,0,0.00658271339,0.999981852,0
bf16,64000,k_norm,decoder.layers.self_attention.k_layernorm.weight,11,128,1.67149867,2.109375,60000,1.00386445,1,0,0.00605728685,0.999989163,0
bf16,64000,k_norm,decoder.layers.self_attention.k_layernorm.weight,12,128,1.60802677,2.015625,60000,1.00490327,1,0,0.0071366549,0.999986621,0
bf16,64000,k_norm,decoder.layers.self_attention.k_layernorm.weight,13,128,1.56759571,2.328125,60000,1.00335996,1,0,0.00681240186,0.999982499,0
bf16,64000,k_norm,decoder.layers.self_attention.k_layernorm.weight,14,128,1.52401967,1.9140625,60000,1.00441734,1,0,0.00728324177,0.999983307,0
bf16,64000,k_norm,decoder.layers.self_attention.k_layernorm.weight,15,128,1.65658483,2.171875,60000,1.00560531,1,0,0.00755103139,0.999987272,0
bf16,64000,k_norm,decoder.layers.self_attention.k_layernorm.weight,16,128,1.510961,2.453125,60000,1.00682351,1,0,0.010381753,0.999969597,0
bf16,64000,k_norm,decoder.layers.self_attention.k_layernorm.weight,17,128,1.68918907,2.015625,60000,1.00522669,1,0,0.00713237752,0.999988285,0
bf16,64000,k_norm,decoder.layers.self_attention.k_layernorm.weight,18,128,1.65592683,2.125,60000,1.00411505,1,0,0.00535851257,0.999994134,0
bf16,64000,k_norm,decoder.layers.self_attention.k_layernorm.weight,19,128,1.73667702,2.140625,60000,1.00507939,1,0,0.0060977612,0.999994338,0
bf16,64000,k_norm,decoder.layers.self_attention.k_layernorm.weight,20,128,1.60300339,2.09375,60000,1.00501312,1,0,0.00648724092,0.999991566,0
bf16,64000,k_norm,decoder.layers.self_attention.k_layernorm.weight,21,128,1.60758451,2.046875,60000,1.00514349,1,0,0.0065852573,0.999991588,0
bf16,64000,k_norm,decoder.layers.self_attention.k_layernorm.weight,22,128,1.71175906,2.09375,60000,1.00430022,1,0,0.00571235643,0.999992961,0
bf16,64000,k_norm,decoder.layers.self_attention.k_layernorm.weight,23,128,1.64549105,1.9609375,60000,1.00450097,1,0,0.00633172747,0.999990128,0
bf16,64000,k_norm,decoder.layers.self_attention.k_layernorm.weight,24,128,1.63447718,2.15625,60000,1.0049932,1,0,0.00754239644,0.999984102,0
bf16,64000,k_norm,decoder.layers.self_attention.k_layernorm.weight,25,128,1.59696339,2.09375,60000,1.00394251,1,0,0.00651160883,0.999986624,0
bf16,64000,k_norm,decoder.layers.self_attention.k_layernorm.weight,26,128,1.45785547,1.8984375,60000,1.00348534,1,0,0.00660540971,0.999984313,0
bf16,64000,k_norm,decoder.layers.self_attention.k_layernorm.weight,27,128,1.6004319,2.125,60000,1.00435832,1,0,0.00617597985,0.999990468,0.015625
bf16,64000,k_norm,decoder.layers.self_attention.k_layernorm.weight,28,128,1.4264854,1.875,60000,1.00252534,1,0,0.00646116718,0.99998236,0
bf16,64000,k_norm,decoder.layers.self_attention.k_layernorm.weight,29,128,1.47431849,1.8359375,60000,1.0009484,1,0,0.00539617661,0.999985904,0
bf16,64000,k_norm,decoder.layers.self_attention.k_layernorm.weight,30,128,1.50333261,1.9140625,60000,1.00254392,1,0,0.00528089102,0.999989319,0.0078125
bf16,64000,k_norm,decoder.layers.self_attention.k_layernorm.weight,31,128,1.42976217,1.859375,60000,1.00419951,1,0,0.00703303099,0.999984153,0
bf16,64000,k_norm,decoder.layers.self_attention.k_layernorm.weight,32,128,1.56434308,1.890625,60000,1.00419152,1,0,0.00637711171,0.999988499,0
bf16,64000,k_norm,decoder.layers.self_attention.k_layernorm.weight,33,128,1.37881562,1.796875,60000,1.00364523,1,0,0.00717215433,0.999980993,0
bf16,64000,k_norm,decoder.layers.self_attention.k_layernorm.weight,34,128,1.47367535,1.96875,60000,1.00433799,1,0,0.00694364342,0.999985365,0
bf16,64000,k_norm,decoder.layers.self_attention.k_layernorm.weight,35,128,1.56365039,1.984375,60000,1.00523086,1,0,0.00719297195,0.999987875,0
bf16,64000,k_norm,decoder.layers.self_attention.k_layernorm.weight,36,128,1.4680945,2,60000,1.00655338,1,0,0.0091317286,0.999979911,0
bf16,64000,k_norm,decoder.layers.self_attention.k_layernorm.weight,37,128,1.33746261,1.890625,60000,1.00717988,1,0,0.0145282827,0.999920808,0
bf16,64000,k_norm,decoder.layers.self_attention.k_layernorm.weight,38,128,1.63015801,2.078125,60000,1.0041331,1,0,0.00608265634,0.999990083,0
bf16,64000,k_norm,decoder.layers.self_attention.k_layernorm.weight,39,128,1.46209777,2.03125,60000,1.00682849,1,0,0.0125381836,0.999945086,0
bf16,64000,k_norm,decoder.layers.self_attention.k_layernorm.weight,40,128,1.379119,1.8671875,60000,1.00778033,1,0,0.0134230362,0.99994064,0
bf16,64000,k_norm,decoder.layers.self_attention.k_layernorm.weight,41,128,1.38495258,1.890625,60000,1.00849664,1,0,0.0146789895,0.999928964,0
bf16,64000,k_norm,decoder.layers.self_attention.k_layernorm.weight,42,128,1.27388596,1.8828125,60000,1.00807107,1,0,0.0177310335,0.999876374,0
bf16,64000,k_norm,decoder.layers.self_attention.k_layernorm.weight,43,128,1.32851649,1.9453125,60000,1.0072235,1,0,0.0148320196,0.999916697,0
bf16,64000,k_norm,decoder.layers.self_attention.k_layernorm.weight,44,128,1.30462041,1.890625,60000,1.00913358,1,0,0.0149515548,0.999930571,0
bf16,64000,k_norm,decoder.layers.self_attention.k_layernorm.weight,45,128,1.33681041,1.8671875,60000,1.00520108,1,0,0.0097371028,0.999966295,0
bf16,64000,k_norm,decoder.layers.self_attention.k_layernorm.weight,46,128,1.40935054,2,60000,1.0061891,1,0,0.00910725612,0.999977819,0
bf16,64000,k_norm,decoder.layers.self_attention.k_layernorm.weight,47,128,1.30313345,1.875,60000,1.00482389,1,0,0.011052381,0.999950795,0
bf16,64000,k_norm,decoder.layers.self_attention.k_layernorm.weight,48,128,1.49401337,1.84375,60000,1.00373251,1,0,0.00640123154,0.999986528,0
bf16,64000,k_norm,decoder.layers.self_attention.k_layernorm.weight,49,128,1.35494125,1.796875,60000,1.00400072,1,0,0.00683666286,0.999984694,0
bf16,64000,k_norm,decoder.layers.self_attention.k_layernorm.weight,50,128,1.45937842,1.8515625,60000,1.00563635,1,0,0.00836191065,0.99998103,0
bf16,64000,k_norm,decoder.layers.self_attention.k_layernorm.weight,51,128,1.45390602,1.84375,60000,1.00443639,1,0,0.0070388945,0.999985134,0
bf16,64000,k_norm,decoder.layers.self_attention.k_layernorm.weight,52,128,1.51785161,1.953125,60000,1.00598644,1,0,0.00780352709,0.999987546,0
bf16,64000,k_norm,decoder.layers.self_attention.k_layernorm.weight,53,128,1.45559444,1.796875,60000,1.00390792,1,0,0.00663600309,0.999985674,0
bf16,64000,k_norm,decoder.layers.self_attention.k_layernorm.weight,54,128,1.38423951,1.875,60000,1.0031625,1,0,0.00800712997,0.999973029,0
bf16,64000,k_norm,decoder.layers.self_attention.k_layernorm.weight,55,128,1.52300551,1.9765625,60000,1.00442883,1,0,0.00687465775,0.999986238,0
bf16,64000,k_norm,decoder.layers.self_attention.k_layernorm.weight,56,128,1.54494427,1.9140625,60000,1.00476095,1,0,0.00747934008,0.999983442,0
bf16,64000,k_norm,decoder.layers.self_attention.k_layernorm.weight,57,128,1.51402244,1.8828125,60000,1.00438133,1,0,0.00651610204,0.999988419,0
bf16,64000,k_norm,decoder.layers.self_attention.k_layernorm.weight,58,128,1.5875499,1.9140625,60000,1.00436702,1,0,0.00661101048,0.999987736,0
bf16,64000,k_norm,decoder.layers.self_attention.k_layernorm.weight,59,128,1.51753759,1.8203125,60000,1.00191788,1,0,0.00491028514,0.999989803,0
bf16,64000,k_norm,decoder.layers.self_attention.k_layernorm.weight,60,128,1.44198882,1.8203125,60000,1.00283074,1,0,0.00708239956,0.999978986,0
bf16,64000,k_norm,decoder.layers.self_attention.k_layernorm.weight,61,128,1.4448684,1.9453125,60000,1.00102748,1,0,0.00721594897,0.999974519,0
bf16,64000,k_norm,decoder.layers.self_attention.k_layernorm.weight,62,128,1.35847268,1.6796875,60000,1.0010656,1,0,0.00428771441,0.999991385,0
bf16,64000,k_norm,decoder.layers.self_attention.k_layernorm.weight,63,128,1.18923272,1.4140625,60000,1.00127331,1,0,0.00574816493,0.99998431,0
bf16,64000,pre_mlp_norm,decoder.layers.mlp.linear_fc1.layer_norm_weight,0,5120,0.497723393,0.72265625,60000,0.981358118,1,0,0.025281781,0.999851406,0
bf16,64000,pre_mlp_norm,decoder.layers.mlp.linear_fc1.layer_norm_weight,1,5120,0.852757819,0.97265625,60000,0.986644442,1,0,0.0163080425,0.999955617,0
bf16,64000,pre_mlp_norm,decoder.layers.mlp.linear_fc1.layer_norm_weight,2,5120,0.897501283,1.125,60000,1.00822399,1,0,0.0117950236,0.999964547,0
bf16,64000,pre_mlp_norm,decoder.layers.mlp.linear_fc1.layer_norm_weight,3,5120,0.871790207,0.96875,60000,1.00482738,1,0,0.00992685845,0.999962561,0
bf16,64000,pre_mlp_norm,decoder.layers.mlp.linear_fc1.layer_norm_weight,4,5120,0.847177287,1.046875,60000,1.00728607,1,0,0.0111409496,0.99996474,0
bf16,64000,pre_mlp_norm,decoder.layers.mlp.linear_fc1.layer_norm_weight,5,5120,0.766456584,1.703125,60000,1.01047865,1,0,0.0138709291,0.999959128,0
bf16,64000,pre_mlp_norm,decoder.layers.mlp.linear_fc1.layer_norm_weight,6,5120,0.711347802,1.03125,60000,1.02102571,1,0,0.0230450164,0.99995642,0
bf16,64000,pre_mlp_norm,decoder.layers.mlp.linear_fc1.layer_norm_weight,7,5120,0.678449616,0.9765625,60000,1.01968979,1,0,0.0217941329,0.999957195,0
bf16,64000,pre_mlp_norm,decoder.layers.mlp.linear_fc1.layer_norm_weight,8,5120,0.678576085,0.91015625,60000,1.01775657,1,0,0.0199838237,0.999958705,0
bf16,64000,pre_mlp_norm,decoder.layers.mlp.linear_fc1.layer_norm_weight,9,5120,0.679252609,0.8984375,60000,1.01561894,1,0,0.0179216432,0.999961977,0
bf16,64000,pre_mlp_norm,decoder.layers.mlp.linear_fc1.layer_norm_weight,10,5120,0.66146766,0.7890625,60000,1.01505828,1,0,0.0174180751,0.99996225,0
bf16,64000,pre_mlp_norm,decoder.layers.mlp.linear_fc1.layer_norm_weight,11,5120,0.652534228,0.73046875,60000,1.01337569,1,0,0.0159462244,0.999962811,0
bf16,64000,pre_mlp_norm,decoder.layers.mlp.linear_fc1.layer_norm_weight,12,5120,0.650773595,0.734375,60000,1.0118093,1,0,0.0146071014,0.999963477,0
bf16,64000,pre_mlp_norm,decoder.layers.mlp.linear_fc1.layer_norm_weight,13,5120,0.645267536,0.71875,60000,1.01072791,1,0,0.0137996997,0.999962728,0
bf16,64000,pre_mlp_norm,decoder.layers.mlp.linear_fc1.layer_norm_weight,14,5120,0.627639535,0.69921875,60000,1.01026793,1,0,0.013462308,0.999962484,0
bf16,64000,pre_mlp_norm,decoder.layers.mlp.linear_fc1.layer_norm_weight,15,5120,0.61714169,0.69140625,60000,1.01040495,1,0,0.0137050188,0.999960627,0
bf16,64000,pre_mlp_norm,decoder.layers.mlp.linear_fc1.layer_norm_weight,16,5120,0.593238856,0.66015625,60000,1.01129686,1,0,0.0143956602,0.999960637,0
bf16,64000,pre_mlp_norm,decoder.layers.mlp.linear_fc1.layer_norm_weight,17,5120,0.571066491,0.63671875,60000,1.01196289,1,0,0.0152332587,0.999956055,0
bf16,64000,pre_mlp_norm,decoder.layers.mlp.linear_fc1.layer_norm_weight,18,5120,0.561964016,0.640625,60000,1.0127388,1,0,0.0157291806,0.99995797,0
bf16,64000,pre_mlp_norm,decoder.layers.mlp.linear_fc1.layer_norm_weight,19,5120,0.55965187,0.65234375,60000,1.0110681,1,0,0.0144099015,0.999957895,0
bf16,64000,pre_mlp_norm,decoder.layers.mlp.linear_fc1.layer_norm_weight,20,5120,0.567204115,0.71484375,60000,1.00854422,1,0,0.0124080975,0.999959864,0
bf16,64000,pre_mlp_norm,decoder.layers.mlp.linear_fc1.layer_norm_weight,21,5120,0.565104101,0.69921875,60000,1.00681581,1,0,0.0111947885,0.999960833,0
bf16,64000,pre_mlp_norm,decoder.layers.mlp.linear_fc1.layer_norm_weight,22,5120,0.562876869,0.62109375,60000,1.00628138,1,0,0.0110223044,0.999959238,0
bf16,64000,pre_mlp_norm,decoder.layers.mlp.linear_fc1.layer_norm_weight,23,5120,0.567545249,0.625,60000,1.00225419,1,0,0.00911125145,0.999961121,0
bf16,64000,pre_mlp_norm,decoder.layers.mlp.linear_fc1.layer_norm_weight,24,5120,0.578340242,0.6328125,60000,0.99776941,1,0,0.00888657267,0.999962919,0
bf16,64000,pre_mlp_norm,decoder.layers.mlp.linear_fc1.layer_norm_weight,25,5120,0.602209485,0.64453125,60000,0.994582534,1,0,0.00986425247,0.999965838,0
bf16,64000,pre_mlp_norm,decoder.layers.mlp.linear_fc1.layer_norm_weight,26,5120,0.620712236,0.67578125,60000,0.993841198,1,0,0.0102801616,0.999965915,0
bf16,64000,pre_mlp_norm,decoder.layers.mlp.linear_fc1.layer_norm_weight,27,5120,0.642165925,0.69140625,60000,0.992743475,1,0,0.0108396509,0.999967343,0
bf16,64000,pre_mlp_norm,decoder.layers.mlp.linear_fc1.layer_norm_weight,28,5120,0.661774221,0.71484375,60000,0.991324405,1,0,0.0117777984,0.999967997,0
bf16,64000,pre_mlp_norm,decoder.layers.mlp.linear_fc1.layer_norm_weight,29,5120,0.678534035,0.7421875,60000,0.989895757,1,0,0.0127625584,0.999969296,0
bf16,64000,pre_mlp_norm,decoder.layers.mlp.linear_fc1.layer_norm_weight,30,5120,0.701199341,0.76171875,60000,0.988796346,1,0,0.0135111268,0.999971163,0
bf16,64000,pre_mlp_norm,decoder.layers.mlp.linear_fc1.layer_norm_weight,31,5120,0.722792547,0.76953125,60000,0.989928067,1,0,0.0125820205,0.999971279,0
bf16,64000,pre_mlp_norm,decoder.layers.mlp.linear_fc1.layer_norm_weight,32,5120,0.735651398,0.7890625,60000,0.988934142,1,0,0.0134589253,0.999970327,0
bf16,64000,pre_mlp_norm,decoder.layers.mlp.linear_fc1.layer_norm_weight,33,5120,0.752306737,0.80859375,60000,0.989421515,1,0,0.0130132253,0.999970973,0
bf16,64000,pre_mlp_norm,decoder.layers.mlp.linear_fc1.layer_norm_weight,34,5120,0.774057801,0.83203125,60000,0.991906804,1,0,0.0111888992,0.999969911,0
bf16,64000,pre_mlp_norm,decoder.layers.mlp.linear_fc1.layer_norm_weight,35,5120,0.801463418,0.85546875,60000,0.99285079,1,0,0.0103763591,0.999971518,0
bf16,64000,pre_mlp_norm,decoder.layers.mlp.linear_fc1.layer_norm_weight,36,5120,0.828736321,0.94921875,60000,0.995367542,1,0,0.00884446645,0.999971485,0
bf16,64000,pre_mlp_norm,decoder.layers.mlp.linear_fc1.layer_norm_weight,37,5120,0.848702992,0.90625,60000,0.996207633,1,0,0.00839423773,0.999971853,0
bf16,64000,pre_mlp_norm,decoder.layers.mlp.linear_fc1.layer_norm_weight,38,5120,0.865652321,0.921875,60000,0.996436238,1,0,0.00824527986,0.999972259,0
bf16,64000,pre_mlp_norm,decoder.layers.mlp.linear_fc1.layer_norm_weight,39,5120,0.879647327,0.9296875,60000,0.996917765,1,0,0.00811451605,0.99997174,0
bf16,64000,pre_mlp_norm,decoder.layers.mlp.linear_fc1.layer_norm_weight,40,5120,0.891859743,0.93359375,60000,0.996589635,1,0,0.00801555971,0.999973601,0
bf16,64000,pre_mlp_norm,decoder.layers.mlp.linear_fc1.layer_norm_weight,41,5120,0.903624514,0.98046875,60000,0.996201707,1,0,0.0082767151,0.999972858,0
bf16,64000,pre_mlp_norm,decoder.layers.mlp.linear_fc1.layer_norm_weight,42,5120,0.915254574,0.98046875,60000,0.99627356,1,0,0.00816088358,0.999973545,0
bf16,64000,pre_mlp_norm,decoder.layers.mlp.linear_fc1.layer_norm_weight,43,5120,0.925227937,0.9921875,60000,0.996172183,1,0,0.00822096977,0.999973432,0
bf16,64000,pre_mlp_norm,decoder.layers.mlp.linear_fc1.layer_norm_weight,44,5120,0.931686957,1.0078125,60000,0.996452815,1,0,0.00810850411,0.999973323,0
bf16,64000,pre_mlp_norm,decoder.layers.mlp.linear_fc1.layer_norm_weight,45,5120,0.938835404,1.03125,60000,0.995534575,1,0,0.00871261897,0.99997189,0
bf16,64000,pre_mlp_norm,decoder.layers.mlp.linear_fc1.layer_norm_weight,46,5120,0.945838111,1.0390625,60000,0.994988261,1,0,0.00900907604,0.999971836,0
bf16,64000,pre_mlp_norm,decoder.layers.mlp.linear_fc1.layer_norm_weight,47,5120,0.952822076,1.0625,60000,0.995566071,1,0,0.00881207527,0.999970874,0
bf16,64000,pre_mlp_norm,decoder.layers.mlp.linear_fc1.layer_norm_weight,48,5120,0.958340516,1.0703125,60000,0.995243347,1,0,0.00903309444,0.999970374,0
bf16,64000,pre_mlp_norm,decoder.layers.mlp.linear_fc1.layer_norm_weight,49,5120,0.969572469,1.1015625,60000,0.994697647,1,0,0.00928040154,0.99997084,0
bf16,64000,pre_mlp_norm,decoder.layers.mlp.linear_fc1.layer_norm_weight,50,5120,0.974432534,1.109375,60000,0.994918797,1,0,0.00938100005,0.999968749,0
bf16,64000,pre_mlp_norm,decoder.layers.mlp.linear_fc1.layer_norm_weight,51,5120,0.981002725,1.1484375,60000,0.994286161,1,0,0.00980876853,0.999968035,0
bf16,64000,pre_mlp_norm,decoder.layers.mlp.linear_fc1.layer_norm_weight,52,5120,0.98419022,1.1640625,60000,0.99493354,1,0,0.00960603529,0.999966527,0
bf16,64000,pre_mlp_norm,decoder.layers.mlp.linear_fc1.layer_norm_weight,53,5120,0.989929532,1.21875,60000,0.993539128,1,0,0.0105919965,0.999964547,0
bf16,64000,pre_mlp_norm,decoder.layers.mlp.linear_fc1.layer_norm_weight,54,5120,0.997312671,1.25,60000,0.993045475,1,0,0.0112219432,0.999960945,0
bf16,64000,pre_mlp_norm,decoder.layers.mlp.linear_fc1.layer_norm_weight,55,5120,0.994772892,1.296875,60000,0.991858672,1,0,0.0123756819,0.999956205,0
bf16,64000,pre_mlp_norm,decoder.layers.mlp.linear_fc1.layer_norm_weight,56,5120,0.99683858,1.375,60000,0.991181481,1,0,0.0129226206,0.999954989,0
bf16,64000,pre_mlp_norm,decoder.layers.mlp.linear_fc1.layer_norm_weight,57,5120,1.0065427,1.4296875,60000,0.990451693,1,0,0.0135386516,0.999953493,0
bf16,64000,pre_mlp_norm,decoder.layers.mlp.linear_fc1.layer_norm_weight,58,5120,1.00870141,1.484375,60000,0.990273675,1,0,0.0140311439,0.999948362,0
bf16,64000,pre_mlp_norm,decoder.layers.mlp.linear_fc1.layer_norm_weight,59,5120,1.00234308,1.53125,60000,0.987578962,1,0,0.0160724431,0.999947325,0
bf16,64000,pre_mlp_norm,decoder.layers.mlp.linear_fc1.layer_norm_weight,60,5120,1.01545449,1.6484375,60000,0.986037549,1,0,0.0172640041,0.999947722,0
bf16,64000,pre_mlp_norm,decoder.layers.mlp.linear_fc1.layer_norm_weight,61,5120,1.04194133,1.6953125,60000,0.984477292,1,0,0.0181426926,0.999955203,0
bf16,64000,pre_mlp_norm,decoder.layers.mlp.linear_fc1.layer_norm_weight,62,5120,1.08405731,1.578125,60000,0.988372368,1,0,0.0139422917,0.999970059,0
bf16,64000,pre_mlp_norm,decoder.layers.mlp.linear_fc1.layer_norm_weight,63,5120,1.1774979,1.7265625,60000,0.991141294,1,0,0.0110452162,0.999978045,0
bf16,64000,q_norm,decoder.layers.self_attention.q_layernorm.weight,0,128,1.24225122,1.90625,60000,1.01007722,1,0,0.0137240443,0.999957034,0
bf16,64000,q_norm,decoder.layers.self_attention.q_layernorm.weight,1,128,1.57542672,2.015625,60000,1.00411211,1,0,0.00691699591,0.999984596,0
bf16,64000,q_norm,decoder.layers.self_attention.q_layernorm.weight,2,128,1.52017551,1.8828125,60000,1.00115388,1,0,0.00540009881,0.999986101,0
bf16,64000,q_norm,decoder.layers.self_attention.q_layernorm.weight,3,128,1.62702566,1.9765625,60000,1.00163252,1,0,0.00449891795,0.999991227,0
bf16,64000,q_norm,decoder.layers.self_attention.q_layernorm.weight,4,128,1.54552023,1.9296875,60000,1.00118179,1,0,0.00496107566,0.999988406,0
bf16,64000,q_norm,decoder.layers.self_attention.q_layernorm.weight,5,128,1.50263618,1.828125,60000,1.00022369,1,0,0.00491310952,0.999987958,0
bf16,64000,q_norm,decoder.layers.self_attention.q_layernorm.weight,6,128,1.79339362,2.1875,60000,1.00291809,1,0,0.00467006392,0.999993372,0
bf16,64000,q_norm,decoder.layers.self_attention.q_layernorm.weight,7,128,1.68522409,2.125,60000,1.00230628,1,0,0.00449266868,0.999992585,0
bf16,64000,q_norm,decoder.layers.self_attention.q_layernorm.weight,8,128,1.6414193,1.90625,60000,1.00188937,1,0,0.00443690016,0.999991957,0
bf16,64000,q_norm,decoder.layers.self_attention.q_layernorm.weight,9,128,1.62850009,2.078125,60000,1.00253146,1,0,0.00542118388,0.999988539,0
bf16,64000,q_norm,decoder.layers.self_attention.q_layernorm.weight,10,128,1.66300368,2.078125,60000,1.00266656,1,0,0.00642298407,0.999982973,0
bf16,64000,q_norm,decoder.layers.self_attention.q_layernorm.weight,11,128,1.69678184,2,60000,1.00432393,1,0,0.00620201296,0.999990158,0
bf16,64000,q_norm,decoder.layers.self_attention.q_layernorm.weight,12,128,1.63816304,2.515625,60000,1.00483409,1,0,0.00769739364,0.999982146,0
bf16,64000,q_norm,decoder.layers.self_attention.q_layernorm.weight,13,128,1.58927392,2.078125,60000,1.00330824,1,0,0.00713333362,0.999980096,0
bf16,64000,q_norm,decoder.layers.self_attention.q_layernorm.weight,14,128,1.54919773,2.109375,60000,1.00443018,1,0,0.00723818983,0.99998369,0
bf16,64000,q_norm,decoder.layers.self_attention.q_layernorm.weight,15,128,1.68136114,2.109375,60000,1.00559005,1,0,0.00777062985,0.999985514,0
bf16,64000,q_norm,decoder.layers.self_attention.q_layernorm.weight,16,128,1.5233558,2.140625,60000,1.00624661,1,0,0.0103512248,0.999966148,0
bf16,64000,q_norm,decoder.layers.self_attention.q_layernorm.weight,17,128,1.71125265,2.140625,60000,1.00545631,1,0,0.00731153722,0.999988221,0
bf16,64000,q_norm,decoder.layers.self_attention.q_layernorm.weight,18,128,1.68368366,2.09375,60000,1.00423633,1,0,0.00559067474,0.999993373,0
bf16,64000,q_norm,decoder.layers.self_attention.q_layernorm.weight,19,128,1.76188129,2.09375,60000,1.00490195,1,0,0.00617260341,0.999992998,0
bf16,64000,q_norm,decoder.layers.self_attention.q_layernorm.weight,20,128,1.63458173,2.125,60000,1.00552271,1,0,0.00732476998,0.999988488,0
bf16,64000,q_norm,decoder.layers.self_attention.q_layernorm.weight,21,128,1.63547733,2.09375,60000,1.00520739,1,0,0.00673122101,0.999990951,0
bf16,64000,q_norm,decoder.layers.self_attention.q_layernorm.weight,22,128,1.73826141,2.1875,60000,1.00432346,1,0,0.00567956863,0.999993247,0
bf16,64000,q_norm,decoder.layers.self_attention.q_layernorm.weight,23,128,1.66367603,2.109375,60000,1.00423244,1,0,0.00602462902,0.999990847,0
bf16,64000,q_norm,decoder.layers.self_attention.q_layernorm.weight,24,128,1.65509995,1.953125,60000,1.00521553,1,0,0.00749644642,0.999985578,0
bf16,64000,q_norm,decoder.layers.self_attention.q_layernorm.weight,25,128,1.63049086,2.109375,60000,1.00403468,1,0,0.00646856201,0.99998727,0
bf16,64000,q_norm,decoder.layers.self_attention.q_layernorm.weight,26,128,1.48394022,1.96875,60000,1.00365019,1,0,0.00673210883,0.99998406,0
bf16,64000,q_norm,decoder.layers.self_attention.q_layernorm.weight,27,128,1.63524936,2.140625,60000,1.00437424,1,0,0.00624163034,0.999990131,0
bf16,64000,q_norm,decoder.layers.self_attention.q_layernorm.weight,28,128,1.45356783,1.8125,60000,1.00317971,1,0,0.00810495992,0.999972298,0
bf16,64000,q_norm,decoder.layers.self_attention.q_layernorm.weight,29,128,1.51164426,1.84375,60000,1.00150025,1,0,0.00617141005,0.999982109,0
bf16,64000,q_norm,decoder.layers.self_attention.q_layernorm.weight,30,128,1.52959904,2,60000,1.00250732,1,0,0.00556120032,0.999987711,0
bf16,64000,q_norm,decoder.layers.self_attention.q_layernorm.weight,31,128,1.46010479,1.8125,60000,1.00493021,1,0,0.00854188927,0.999975791,0
bf16,64000,q_norm,decoder.layers.self_attention.q_layernorm.weight,32,128,1.60712281,1.9609375,60000,1.00526517,1,0,0.00873993802,0.999975795,0
bf16,64000,q_norm,decoder.layers.self_attention.q_layernorm.weight,33,128,1.40694262,1.78125,60000,1.00405503,1,0,0.00941368971,0.999964059,0
bf16,64000,q_norm,decoder.layers.self_attention.q_layernorm.weight,34,128,1.49827938,1.9140625,60000,1.00453311,1,0,0.00817129734,0.999976994,0
bf16,64000,q_norm,decoder.layers.self_attention.q_layernorm.weight,35,128,1.61412403,1.953125,60000,1.0057454,1,0,0.00877305384,0.999978147,0
bf16,64000,q_norm,decoder.layers.self_attention.q_layernorm.weight,36,128,1.50607796,1.953125,60000,1.00850035,1,0,0.0132054042,0.999949367,0
bf16,64000,q_norm,decoder.layers.self_attention.q_layernorm.weight,37,128,1.34821503,1.765625,60000,1.00740566,1,0,0.0156997157,0.999904886,0
bf16,64000,q_norm,decoder.layers.self_attention.q_layernorm.weight,38,128,1.65901701,1.984375,60000,1.00475488,1,0,0.00784631361,0.999980614,0
bf16,64000,q_norm,decoder.layers.self_attention.q_layernorm.weight,39,128,1.48556619,1.8671875,60000,1.00831,1,0,0.014985308,0.999922889,0
bf16,64000,q_norm,decoder.layers.self_attention.q_layernorm.weight,40,128,1.40413585,1.796875,60000,1.00846,1,0,0.0154139342,0.999917688,0
bf16,64000,q_norm,decoder.layers.self_attention.q_layernorm.weight,41,128,1.40565553,1.7578125,60000,1.00988281,1,0,0.0171050851,0.999903497,0
bf16,64000,q_norm,decoder.layers.self_attention.q_layernorm.weight,42,128,1.27895942,1.703125,60000,1.00912145,1,0,0.0182959122,0.999875367,0
bf16,64000,q_norm,decoder.layers.self_attention.q_layernorm.weight,43,128,1.34977976,1.84375,60000,1.00968081,1,0,0.0194977767,0.999858151,0
bf16,64000,q_norm,decoder.layers.self_attention.q_layernorm.weight,44,128,1.31494893,1.7890625,60000,1.00880351,1,0,0.0157966193,0.999914735,0
bf16,64000,q_norm,decoder.layers.self_attention.q_layernorm.weight,45,128,1.3607732,1.8125,60000,1.00584805,1,0,0.0117443182,0.999948437,0
bf16,64000,q_norm,decoder.layers.self_attention.q_layernorm.weight,46,128,1.42883649,1.828125,60000,1.00652079,1,0,0.0120519875,0.999948968,0
bf16,64000,q_norm,decoder.layers.self_attention.q_layernorm.weight,47,128,1.32454942,1.7265625,60000,1.00532207,1,0,0.0116576189,0.999946497,0
bf16,64000,q_norm,decoder.layers.self_attention.q_layernorm.weight,48,128,1.52783396,1.828125,60000,1.00528074,1,0,0.0086647912,0.999976528,0
bf16,64000,q_norm,decoder.layers.self_attention.q_layernorm.weight,49,128,1.3819349,1.78125,60000,1.00487446,1,0,0.00964226267,0.999965561,0
bf16,64000,q_norm,decoder.layers.self_attention.q_layernorm.weight,50,128,1.46699466,1.7578125,60000,1.00538724,1,0,0.0082369494,0.999980691,0
bf16,64000,q_norm,decoder.layers.self_attention.q_layernorm.weight,51,128,1.49770286,1.8359375,60000,1.00447633,1,0,0.00826970095,0.999975933,0
bf16,64000,q_norm,decoder.layers.self_attention.q_layernorm.weight,52,128,1.54406283,1.8125,60000,1.00678651,1,0,0.0100402972,0.999972809,0
bf16,64000,q_norm,decoder.layers.self_attention.q_layernorm.weight,53,128,1.47465898,1.8125,60000,1.00420258,1,0,0.00858993404,0.999972055,0
bf16,64000,q_norm,decoder.layers.self_attention.q_layernorm.weight,54,128,1.39857667,1.7109375,60000,1.00331421,1,0,0.00829051251,0.999971221,0
bf16,64000,q_norm,decoder.layers.self_attention.q_layernorm.weight,55,128,1.54440009,1.9765625,60000,1.0042425,1,0,0.00859608723,0.999972171,0
bf16,64000,q_norm,decoder.layers.self_attention.q_layernorm.weight,56,128,1.56943629,1.8515625,60000,1.00512434,1,0,0.00821504658,0.999979491,0
bf16,64000,q_norm,decoder.layers.self_attention.q_layernorm.weight,57,128,1.52697329,1.9765625,60000,1.00460599,1,0,0.0063373757,0.99999057,0
bf16,64000,q_norm,decoder.layers.self_attention.q_layernorm.weight,58,128,1.61331243,1.828125,60000,1.00471405,1,0,0.00720878718,0.999985198,0
bf16,64000,q_norm,decoder.layers.self_attention.q_layernorm.weight,59,128,1.53399754,1.890625,60000,1.00225557,1,0,0.00539519169,0.999988017,0
bf16,64000,q_norm,decoder.layers.self_attention.q_layernorm.weight,60,128,1.47207513,1.7578125,60000,1.00286184,1,0,0.00622766424,0.999984747,0
bf16,64000,q_norm,decoder.layers.self_attention.q_layernorm.weight,61,128,1.46754719,1.953125,60000,1.00080279,1,0,0.0080607469,0.99996786,0
bf16,64000,q_norm,decoder.layers.self_attention.q_layernorm.weight,62,128,1.37346321,1.7421875,60000,1.00099262,1,0,0.00415005014,0.999991889,0
bf16,64000,q_norm,decoder.layers.self_attention.q_layernorm.weight,63,128,1.1917685,1.453125,60000,1.00149511,1,0,0.00545129056,0.99998628,0
bf16,68000,attention_input_norm,decoder.layers.self_attention.linear_qkv.layer_norm_weight,0,5120,0.0419960278,0.59765625,60000,0.656061493,1,0,0.366748513,0.987645384,0
bf16,68000,attention_input_norm,decoder.layers.self_attention.linear_qkv.layer_norm_weight,1,5120,0.303872759,0.73828125,60000,0.8432408,1,0,0.158603765,0.999655076,0
bf16,68000,attention_input_norm,decoder.layers.self_attention.linear_qkv.layer_norm_weight,2,5120,0.524262308,0.62890625,60000,0.897620988,1,0,0.103684474,0.999850155,0
bf16,68000,attention_input_norm,decoder.layers.self_attention.linear_qkv.layer_norm_weight,3,5120,0.65156532,1.015625,60000,0.912185349,1,0,0.088880371,0.999896782,0
bf16,68000,attention_input_norm,decoder.layers.self_attention.linear_qkv.layer_norm_weight,4,5120,0.681372188,0.9609375,60000,0.921167976,1,0,0.0800539857,0.999894616,0
bf16,68000,attention_input_norm,decoder.layers.self_attention.linear_qkv.layer_norm_weight,5,5120,0.789988074,1.1015625,60000,0.933794208,1,0,0.06723508,0.999926456,0
bf16,68000,attention_input_norm,decoder.layers.self_attention.linear_qkv.layer_norm_weight,6,5120,0.862012785,1.15625,60000,0.939501064,1,0,0.0613329131,0.999945926,0
bf16,68000,attention_input_norm,decoder.layers.self_attention.linear_qkv.layer_norm_weight,7,5120,1.05433466,1.21875,60000,0.96564649,1,0,0.0354118676,0.999961768,0
bf16,68000,attention_input_norm,decoder.layers.self_attention.linear_qkv.layer_norm_weight,8,5120,0.98866962,1.34375,60000,0.959477563,1,0,0.0414981184,0.999958297,0
bf16,68000,attention_input_norm,decoder.layers.self_attention.linear_qkv.layer_norm_weight,9,5120,0.926111279,1.328125,60000,0.959943532,1,0,0.0411646556,0.999953118,0
bf16,68000,attention_input_norm,decoder.layers.self_attention.linear_qkv.layer_norm_weight,10,5120,0.935158169,1.421875,60000,0.953989214,1,0,0.0469476076,0.999954357,0
bf16,68000,attention_input_norm,decoder.layers.self_attention.linear_qkv.layer_norm_weight,11,5120,1.00471848,1.40625,60000,0.962449479,1,0,0.0385933675,0.999958748,0
bf16,68000,attention_input_norm,decoder.layers.self_attention.linear_qkv.layer_norm_weight,12,5120,0.949606267,1.4375,60000,0.961431131,1,0,0.039659017,0.999955649,0
bf16,68000,attention_input_norm,decoder.layers.self_attention.linear_qkv.layer_norm_weight,13,5120,1.00445487,1.3515625,60000,0.971917163,1,0,0.0294934829,0.999958217,0
bf16,68000,attention_input_norm,decoder.layers.self_attention.linear_qkv.layer_norm_weight,14,5120,0.973546748,1.2265625,60000,0.972366694,1,0,0.0290693665,0.999958129,0
bf16,68000,attention_input_norm,decoder.layers.self_attention.linear_qkv.layer_norm_weight,15,5120,1.08921515,1.375,60000,0.972878956,1,0,0.0284029259,0.99996342,0
bf16,68000,attention_input_norm,decoder.layers.self_attention.linear_qkv.layer_norm_weight,16,5120,1.11454299,1.3203125,60000,0.984150933,1,0,0.0177976131,0.999966691,0
bf16,68000,attention_input_norm,decoder.layers.self_attention.linear_qkv.layer_norm_weight,17,5120,1.22948183,1.5078125,60000,0.975618346,1,0,0.025358347,0.999975103,0
bf16,68000,attention_input_norm,decoder.layers.self_attention.linear_qkv.layer_norm_weight,18,5120,1.2047264,1.4296875,60000,0.985346766,1,0,0.016368451,0.999973,0
bf16,68000,attention_input_norm,decoder.layers.self_attention.linear_qkv.layer_norm_weight,19,5120,1.3142578,1.5390625,60000,0.984227331,1,0,0.0170970491,0.999977885,0
bf16,68000,attention_input_norm,decoder.layers.self_attention.linear_qkv.layer_norm_weight,20,5120,1.19474551,1.4765625,60000,0.988488907,1,0,0.0137642374,0.999971194,0
bf16,68000,attention_input_norm,decoder.layers.self_attention.linear_qkv.layer_norm_weight,21,5120,1.19891327,1.6015625,60000,0.994192476,1,0,0.0098135094,0.999968528,0
bf16,68000,attention_input_norm,decoder.layers.self_attention.linear_qkv.layer_norm_weight,22,5120,1.44312989,1.6484375,60000,0.99179001,1,0,0.0103523773,0.999979952,0
bf16,68000,attention_input_norm,decoder.layers.self_attention.linear_qkv.layer_norm_weight,23,5120,1.44407302,1.78125,60000,0.99369645,1,0,0.0091016428,0.999978311,0
bf16,68000,attention_input_norm,decoder.layers.self_attention.linear_qkv.layer_norm_weight,24,5120,1.41275603,1.7890625,60000,0.995492676,1,0,0.00835005579,0.999975184,0
bf16,68000,attention_input_norm,decoder.layers.self_attention.linear_qkv.layer_norm_weight,25,5120,1.34471038,1.546875,60000,1.00512094,1,0,0.008994451,0.999972801,0
bf16,68000,attention_input_norm,decoder.layers.self_attention.linear_qkv.layer_norm_weight,26,5120,1.28883462,1.640625,60000,1.0068196,1,0,0.0107484509,0.999965723,0
bf16,68000,attention_input_norm,decoder.layers.self_attention.linear_qkv.layer_norm_weight,27,5120,1.541771,2.015625,60000,1.00428802,1,0,0.0081982899,0.999975692,0
bf16,68000,attention_input_norm,decoder.layers.self_attention.linear_qkv.layer_norm_weight,28,5120,1.40529958,1.8125,60000,1.00211079,1,0,0.00886083161,0.999963049,0
bf16,68000,attention_input_norm,decoder.layers.self_attention.linear_qkv.layer_norm_weight,29,5120,1.43905431,1.8515625,60000,1.00349984,1,0,0.00899352494,0.999965802,0
bf16,68000,attention_input_norm,decoder.layers.self_attention.linear_qkv.layer_norm_weight,30,5120,1.61929072,1.9375,60000,1.00758052,1,0,0.0105647285,0.999973129,0
bf16,68000,attention_input_norm,decoder.layers.self_attention.linear_qkv.layer_norm_weight,31,5120,1.26477893,1.5703125,60000,1.00818385,1,0,0.0126978368,0.999953253,0
bf16,68000,attention_input_norm,decoder.layers.self_attention.linear_qkv.layer_norm_weight,32,5120,1.40127995,1.7109375,60000,1.00857842,1,0,0.0121981899,0.999962717,0
bf16,68000,attention_input_norm,decoder.layers.self_attention.linear_qkv.layer_norm_weight,33,5120,1.40442984,1.6640625,60000,1.0121125,1,0,0.0155137974,0.99995358,0
bf16,68000,attention_input_norm,decoder.layers.self_attention.linear_qkv.layer_norm_weight,34,5120,1.6205875,1.890625,60000,1.01740081,1,0,0.0194458331,0.999962968,0
bf16,68000,attention_input_norm,decoder.layers.self_attention.linear_qkv.layer_norm_weight,35,5120,1.49012602,1.78125,60000,1.01284013,1,0,0.0156157873,0.999961009,0
bf16,68000,attention_input_norm,decoder.layers.self_attention.linear_qkv.layer_norm_weight,36,5120,1.28267333,1.46875,60000,1.01362899,1,0,0.0173146699,0.999943743,0
bf16,68000,attention_input_norm,decoder.layers.self_attention.linear_qkv.layer_norm_weight,37,5120,0.903827504,1.0625,60000,1.00236665,1,0,0.0139252558,0.999906066,0
bf16,68000,attention_input_norm,decoder.layers.self_attention.linear_qkv.layer_norm_weight,38,5120,1.1898626,1.3671875,60000,1.00596976,1,0,0.011740038,0.999949208,0
bf16,68000,attention_input_norm,decoder.layers.self_attention.linear_qkv.layer_norm_weight,39,5120,0.979064787,1.140625,60000,1.00887198,1,0,0.0156840163,0.999917097,0
bf16,68000,attention_input_norm,decoder.layers.self_attention.linear_qkv.layer_norm_weight,40,5120,1.09724,1.3203125,60000,1.01217864,1,0,0.0172590331,0.999926122,0
bf16,68000,attention_input_norm,decoder.layers.self_attention.linear_qkv.layer_norm_weight,41,5120,1.037434,1.2421875,60000,1.01282685,1,0,0.0179992368,0.999921287,0
bf16,68000,attention_input_norm,decoder.layers.self_attention.linear_qkv.layer_norm_weight,42,5120,0.937561844,1.1328125,60000,1.00759155,1,0,0.0157643471,0.999905278,0
bf16,68000,attention_input_norm,decoder.layers.self_attention.linear_qkv.layer_norm_weight,43,5120,0.984926566,1.171875,60000,1.00926506,1,0,0.0160700989,0.999914588,0
bf16,68000,attention_input_norm,decoder.layers.self_attention.linear_qkv.layer_norm_weight,44,5120,1.06501111,1.265625,60000,1.01472107,1,0,0.0195246086,0.999918943,0
bf16,68000,attention_input_norm,decoder.layers.self_attention.linear_qkv.layer_norm_weight,45,5120,1.17433891,1.3671875,60000,1.01325982,1,0,0.017774099,0.999930869,0
bf16,68000,attention_input_norm,decoder.layers.self_attention.linear_qkv.layer_norm_weight,46,5120,1.25086225,1.4140625,60000,1.01716393,1,0,0.0203087576,0.999942072,0
bf16,68000,attention_input_norm,decoder.layers.self_attention.linear_qkv.layer_norm_weight,47,5120,1.07696188,1.265625,60000,1.01045317,1,0,0.0161656815,0.999924756,0
bf16,68000,attention_input_norm,decoder.layers.self_attention.linear_qkv.layer_norm_weight,48,5120,1.38608428,1.6015625,60000,1.01746797,1,0,0.0200895858,0.999951614,0
bf16,68000,attention_input_norm,decoder.layers.self_attention.linear_qkv.layer_norm_weight,49,5120,1.31956119,1.5078125,60000,1.01676761,1,0,0.0194768957,0.999951711,0
bf16,68000,attention_input_norm,decoder.layers.self_attention.linear_qkv.layer_norm_weight,50,5120,1.2527456,1.46875,60000,1.02085943,1,0,0.0235110454,0.999942375,0
bf16,68000,attention_input_norm,decoder.layers.self_attention.linear_qkv.layer_norm_weight,51,5120,1.41100094,1.6171875,60000,1.02666574,1,0,0.0284294765,0.999952675,0
bf16,68000,attention_input_norm,decoder.layers.self_attention.linear_qkv.layer_norm_weight,52,5120,1.35854805,1.5234375,60000,1.02633365,1,0,0.0282636475,0.999948665,0
bf16,68000,attention_input_norm,decoder.layers.self_attention.linear_qkv.layer_norm_weight,53,5120,1.54119559,1.7578125,60000,1.02777696,1,0,0.0294975214,0.99995206,0
bf16,68000,attention_input_norm,decoder.layers.self_attention.linear_qkv.layer_norm_weight,54,5120,1.40606817,1.640625,60000,1.02456357,1,0,0.0270088838,0.999938456,0
bf16,68000,attention_input_norm,decoder.layers.self_attention.linear_qkv.layer_norm_weight,55,5120,1.47876011,1.7109375,60000,1.02179784,1,0,0.0238219982,0.999954814,0
bf16,68000,attention_input_norm,decoder.layers.self_attention.linear_qkv.layer_norm_weight,56,5120,1.53155523,1.734375,60000,1.02594479,1,0,0.0277162316,0.999953673,0
bf16,68000,attention_input_norm,decoder.layers.self_attention.linear_qkv.layer_norm_weight,57,5120,1.42590769,1.671875,60000,1.02221093,1,0,0.0244183528,0.999949653,0
bf16,68000,attention_input_norm,decoder.layers.self_attention.linear_qkv.layer_norm_weight,58,5120,1.48293555,1.7578125,60000,1.02395989,1,0,0.0259391539,0.999951774,0
bf16,68000,attention_input_norm,decoder.layers.self_attention.linear_qkv.layer_norm_weight,59,5120,1.32332074,1.546875,60000,1.01715116,1,0,0.0205424222,0.999937163,0
bf16,68000,attention_input_norm,decoder.layers.self_attention.linear_qkv.layer_norm_weight,60,5120,1.17660134,1.3984375,60000,1.01134195,1,0,0.0157273878,0.99994131,0
bf16,68000,attention_input_norm,decoder.layers.self_attention.linear_qkv.layer_norm_weight,61,5120,1.13143137,1.3828125,60000,1.00319775,1,0,0.0118627421,0.999934958,0
bf16,68000,attention_input_norm,decoder.layers.self_attention.linear_qkv.layer_norm_weight,62,5120,1.02543316,1.1953125,60000,0.993973771,1,0,0.0119302187,0.999946671,0
bf16,68000,attention_input_norm,decoder.layers.self_attention.linear_qkv.layer_norm_weight,63,5120,0.975695666,1.1640625,60000,0.997626429,1,0,0.00891315959,0.999963007,0
bf16,68000,final_norm,decoder.final_layernorm.weight,-1,5120,1.70057377,6.21875,60000,1.00876173,1,0,0.0181011651,0.999875647,0
bf16,68000,k_norm,decoder.layers.self_attention.k_layernorm.weight,0,128,1.26441638,2.625,60000,1.02325182,1,0,0.028112669,0.999877999,0
bf16,68000,k_norm,decoder.layers.self_attention.k_layernorm.weight,1,128,1.57291466,1.9375,60000,1.0103033,1,0,0.0139767527,0.999955859,0
bf16,68000,k_norm,decoder.layers.self_attention.k_layernorm.weight,2,128,1.51701504,2.1875,60000,1.00479125,1,0,0.0111776134,0.999949252,0
bf16,68000,k_norm,decoder.layers.self_attention.k_layernorm.weight,3,128,1.61834915,2.078125,60000,1.00485772,1,0,0.00953214708,0.99996653,0
bf16,68000,k_norm,decoder.layers.self_attention.k_layernorm.weight,4,128,1.53793065,1.9140625,60000,1.00474551,1,0,0.00970984012,0.999964289,0
bf16,68000,k_norm,decoder.layers.self_attention.k_layernorm.weight,5,128,1.50199916,1.859375,60000,1.00329233,1,0,0.00936249191,0.999961718,0
bf16,68000,k_norm,decoder.layers.self_attention.k_layernorm.weight,6,128,1.7762789,2.171875,60000,1.00731889,1,0,0.00992414098,0.999977702,0
bf16,68000,k_norm,decoder.layers.self_attention.k_layernorm.weight,7,128,1.66242141,2.109375,60000,1.005503,1,0,0.00845306752,0.999979527,0
bf16,68000,k_norm,decoder.layers.self_attention.k_layernorm.weight,8,128,1.63257726,2.078125,60000,1.00541331,1,0,0.0082844572,0.999980442,0
bf16,68000,k_norm,decoder.layers.self_attention.k_layernorm.weight,9,128,1.59571636,2.046875,60000,1.00671217,1,0,0.0107100999,0.999965406,0
bf16,68000,k_norm,decoder.layers.self_attention.k_layernorm.weight,10,128,1.64498236,2.234375,60000,1.0064716,1,0,0.0125475698,0.999942592,0
bf16,68000,k_norm,decoder.layers.self_attention.k_layernorm.weight,11,128,1.67950407,2.140625,60000,1.00867231,1,0,0.0115733069,0.999970886,0
bf16,68000,k_norm,decoder.layers.self_attention.k_layernorm.weight,12,128,1.6166625,2.03125,60000,1.01029999,1,0,0.0132165301,0.999966056,0
bf16,68000,k_norm,decoder.layers.self_attention.k_layernorm.weight,13,128,1.57515898,2.390625,60000,1.00820093,1,0,0.012963913,0.999950006,0
bf16,68000,k_norm,decoder.layers.self_attention.k_layernorm.weight,14,128,1.53364257,1.9296875,60000,1.01075939,1,0,0.0143443993,0.99995548,0
bf16,68000,k_norm,decoder.layers.self_attention.k_layernorm.weight,15,128,1.66722838,2.21875,60000,1.01206632,1,0,0.0153591146,0.999955385,0
bf16,68000,k_norm,decoder.layers.self_attention.k_layernorm.weight,16,128,1.52218549,2.53125,60000,1.01430291,1,0,0.0203687651,0.999896326,0
bf16,68000,k_norm,decoder.layers.self_attention.k_layernorm.weight,17,128,1.69856257,2.03125,60000,1.0108048,1,0,0.0134105194,0.999968788,0
bf16,68000,k_norm,decoder.layers.self_attention.k_layernorm.weight,18,128,1.6630105,2.140625,60000,1.00841042,1,0,0.0101470055,0.999984021,0
bf16,68000,k_norm,decoder.layers.self_attention.k_layernorm.weight,19,128,1.74608015,2.15625,60000,1.01052133,1,0,0.0116555677,0.999987554,0
bf16,68000,k_norm,decoder.layers.self_attention.k_layernorm.weight,20,128,1.61165924,2.125,60000,1.01043996,1,0,0.0124681911,0.999977009,0
bf16,68000,k_norm,decoder.layers.self_attention.k_layernorm.weight,21,128,1.61617078,2.046875,60000,1.01051207,1,0,0.0123280229,0.999979477,0
bf16,68000,k_norm,decoder.layers.self_attention.k_layernorm.weight,22,128,1.7205971,2.109375,60000,1.00948556,1,0,0.0112248523,0.999982159,0.0078125
bf16,68000,k_norm,decoder.layers.self_attention.k_layernorm.weight,23,128,1.65433601,1.9921875,60000,1.00990043,1,0,0.0120380468,0.999976782,0
bf16,68000,k_norm,decoder.layers.self_attention.k_layernorm.weight,24,128,1.6436104,2.203125,60000,1.01060895,1,0,0.0143843314,0.999953316,0
bf16,68000,k_norm,decoder.layers.self_attention.k_layernorm.weight,25,128,1.60403247,2.109375,60000,1.00838654,1,0,0.0117302775,0.999966647,0
bf16,68000,k_norm,decoder.layers.self_attention.k_layernorm.weight,26,128,1.46449921,1.921875,60000,1.00805843,1,0,0.0112935746,0.999968947,0
bf16,68000,k_norm,decoder.layers.self_attention.k_layernorm.weight,27,128,1.60876464,2.15625,60000,1.00958757,1,0,0.0116995487,0.999977734,0.0078125
bf16,68000,k_norm,decoder.layers.self_attention.k_layernorm.weight,28,128,1.43287862,1.8828125,60000,1.00701845,1,0,0.0109646283,0.999964765,0
bf16,68000,k_norm,decoder.layers.self_attention.k_layernorm.weight,29,128,1.47835059,1.8359375,60000,1.00368589,1,0,0.00902629235,0.999966181,0
bf16,68000,k_norm,decoder.layers.self_attention.k_layernorm.weight,30,128,1.50985619,1.9375,60000,1.00689438,1,0,0.00966571254,0.99997721,0
bf16,68000,k_norm,decoder.layers.self_attention.k_layernorm.weight,31,128,1.43676949,1.875,60000,1.00912113,1,0,0.0131332496,0.99995576,0
bf16,68000,k_norm,decoder.layers.self_attention.k_layernorm.weight,32,128,1.57281272,1.9140625,60000,1.00962839,1,0,0.0118812468,0.999976002,0
bf16,68000,k_norm,decoder.layers.self_attention.k_layernorm.weight,33,128,1.38468991,1.8046875,60000,1.00792114,1,0,0.0121284133,0.999958155,0
bf16,68000,k_norm,decoder.layers.self_attention.k_layernorm.weight,34,128,1.48327164,2,60000,1.01087804,1,0,0.0137966621,0.999964379,0
bf16,68000,k_norm,decoder.layers.self_attention.k_layernorm.weight,35,128,1.57301482,2,60000,1.01125101,1,0,0.0137131343,0.99996961,0
bf16,68000,k_norm,decoder.layers.self_attention.k_layernorm.weight,36,128,1.47898985,2.015625,60000,1.01402344,1,0,0.0171757014,0.999951506,0
bf16,68000,k_norm,decoder.layers.self_attention.k_layernorm.weight,37,128,1.34666485,1.90625,60000,1.01410966,1,0,0.0256044786,0.999774922,0
bf16,68000,k_norm,decoder.layers.self_attention.k_layernorm.weight,38,128,1.63941842,2.078125,60000,1.00983726,1,0,0.01238821,0.999971928,0
bf16,68000,k_norm,decoder.layers.self_attention.k_layernorm.weight,39,128,1.47271609,2.046875,60000,1.01414047,1,0,0.0212730646,0.999875466,0
bf16,68000,k_norm,decoder.layers.self_attention.k_layernorm.weight,40,128,1.38987437,1.8828125,60000,1.01563973,1,0,0.024972634,0.999813403,0
bf16,68000,k_norm,decoder.layers.self_attention.k_layernorm.weight,41,128,1.39659829,1.8984375,60000,1.01697683,1,0,0.0273121763,0.99977495,0
bf16,68000,k_norm,decoder.layers.self_attention.k_layernorm.weight,42,128,1.28459857,1.8984375,60000,1.01654833,1,0,0.0307204686,0.999670503,0
bf16,68000,k_norm,decoder.layers.self_attention.k_layernorm.weight,43,128,1.33988176,1.9609375,60000,1.01584016,1,0,0.0272406932,0.999758257,0
bf16,68000,k_norm,decoder.layers.self_attention.k_layernorm.weight,44,128,1.31449711,1.90625,60000,1.01677328,1,0,0.0256727948,0.999814241,0
bf16,68000,k_norm,decoder.layers.self_attention.k_layernorm.weight,45,128,1.34384733,1.890625,60000,1.01049242,1,0,0.0166344955,0.999917557,0
bf16,68000,k_norm,decoder.layers.self_attention.k_layernorm.weight,46,128,1.41823528,2.015625,60000,1.01253226,1,0,0.0157844738,0.999954524,0
bf16,68000,k_norm,decoder.layers.self_attention.k_layernorm.weight,47,128,1.31080679,1.875,60000,1.01074067,1,0,0.0189049865,0.999880268,0
bf16,68000,k_norm,decoder.layers.self_attention.k_layernorm.weight,48,128,1.50362387,1.859375,60000,1.0101892,1,0,0.0130109105,0.999967598,0
bf16,68000,k_norm,decoder.layers.self_attention.k_layernorm.weight,49,128,1.36414258,1.8125,60000,1.01081883,1,0,0.0134717888,0.999968124,0
bf16,68000,k_norm,decoder.layers.self_attention.k_layernorm.weight,50,128,1.4696356,1.8671875,60000,1.01270442,1,0,0.0160001252,0.999953293,0
bf16,68000,k_norm,decoder.layers.self_attention.k_layernorm.weight,51,128,1.46276485,1.8515625,60000,1.01055655,1,0,0.0133184756,0.999967374,0
bf16,68000,k_norm,decoder.layers.self_attention.k_layernorm.weight,52,128,1.52891247,1.9609375,60000,1.01331724,1,0,0.0159318523,0.999962265,0
bf16,68000,k_norm,decoder.layers.self_attention.k_layernorm.weight,53,128,1.46556146,1.8203125,60000,1.01078206,1,0,0.0142812281,0.999956617,0
bf16,68000,k_norm,decoder.layers.self_attention.k_layernorm.weight,54,128,1.39057208,1.890625,60000,1.00775173,1,0,0.0143975821,0.999926966,0
bf16,68000,k_norm,decoder.layers.self_attention.k_layernorm.weight,55,128,1.53207089,1.9921875,60000,1.01040749,1,0,0.013723483,0.999960403,0
bf16,68000,k_norm,decoder.layers.self_attention.k_layernorm.weight,56,128,1.55411665,1.9296875,60000,1.01072625,1,0,0.0142577497,0.999956353,0
bf16,68000,k_norm,decoder.layers.self_attention.k_layernorm.weight,57,128,1.52431452,1.90625,60000,1.01120895,1,0,0.0138835978,0.999966815,0
bf16,68000,k_norm,decoder.layers.self_attention.k_layernorm.weight,58,128,1.59944437,1.9296875,60000,1.01189208,1,0,0.0141223916,0.999971331,0
bf16,68000,k_norm,decoder.layers.self_attention.k_layernorm.weight,59,128,1.52599257,1.84375,60000,1.00750008,1,0,0.0109037462,0.999968913,0
bf16,68000,k_norm,decoder.layers.self_attention.k_layernorm.weight,60,128,1.45005663,1.8359375,60000,1.0084415,1,0,0.0130570919,0.999950801,0
bf16,68000,k_norm,decoder.layers.self_attention.k_layernorm.weight,61,128,1.45131883,1.9453125,60000,1.00549644,1,0,0.0139336432,0.99991848,0
bf16,68000,k_norm,decoder.layers.self_attention.k_layernorm.weight,62,128,1.36193344,1.6796875,60000,1.00361585,1,0,0.00680805714,0.999983422,0
bf16,68000,k_norm,decoder.layers.self_attention.k_layernorm.weight,63,128,1.19303443,1.4296875,60000,1.00447416,1,0,0.00978920378,0.999962264,0
bf16,68000,pre_mlp_norm,decoder.layers.mlp.linear_fc1.layer_norm_weight,0,5120,0.488047,0.74609375,60000,0.962279234,1,0,0.0440673389,0.999730289,0
bf16,68000,pre_mlp_norm,decoder.layers.mlp.linear_fc1.layer_norm_weight,1,5120,0.840347487,0.9609375,60000,0.972285634,1,0,0.029905384,0.999935078,0
bf16,68000,pre_mlp_norm,decoder.layers.mlp.linear_fc1.layer_norm_weight,2,5120,0.897525283,1.140625,60000,1.00825095,1,0,0.0127312267,0.999953382,0
bf16,68000,pre_mlp_norm,decoder.layers.mlp.linear_fc1.layer_norm_weight,3,5120,0.87354082,0.9765625,60000,1.00684514,1,0,0.0119297112,0.999952593,0
bf16,68000,pre_mlp_norm,decoder.layers.mlp.linear_fc1.layer_norm_weight,4,5120,0.850778523,1.0625,60000,1.01156791,1,0,0.0149648275,0.999955451,0
bf16,68000,pre_mlp_norm,decoder.layers.mlp.linear_fc1.layer_norm_weight,5,5120,0.772306671,1.78125,60000,1.01819127,1,0,0.0208882543,0.999948243,0
bf16,68000,pre_mlp_norm,decoder.layers.mlp.linear_fc1.layer_norm_weight,6,5120,0.720229235,1.046875,60000,1.03377358,1,0,0.0353522207,0.99994722,0
bf16,68000,pre_mlp_norm,decoder.layers.mlp.linear_fc1.layer_norm_weight,7,5120,0.687730907,0.9921875,60000,1.0336393,1,0,0.0351757604,0.999948855,0
bf16,68000,pre_mlp_norm,decoder.layers.mlp.linear_fc1.layer_norm_weight,8,5120,0.687669829,0.9296875,60000,1.03139575,1,0,0.0329909561,0.999950208,0
bf16,68000,pre_mlp_norm,decoder.layers.mlp.linear_fc1.layer_norm_weight,9,5120,0.687124036,0.93359375,60000,1.0273883,1,0,0.0290414525,0.9999546,0
bf16,68000,pre_mlp_norm,decoder.layers.mlp.linear_fc1.layer_norm_weight,10,5120,0.668466572,0.8203125,60000,1.0257985,1,0,0.0275007559,0.999955776,0
bf16,68000,pre_mlp_norm,decoder.layers.mlp.linear_fc1.layer_norm_weight,11,5120,0.658788506,0.7421875,60000,1.02308849,1,0,0.025037682,0.999954155,0
bf16,68000,pre_mlp_norm,decoder.layers.mlp.linear_fc1.layer_norm_weight,12,5120,0.656221597,0.7421875,60000,1.02027974,1,0,0.0224157856,0.999955307,0
bf16,68000,pre_mlp_norm,decoder.layers.mlp.linear_fc1.layer_norm_weight,13,5120,0.650255988,0.73046875,60000,1.01854168,1,0,0.020827847,0.999955816,0
bf16,68000,pre_mlp_norm,decoder.layers.mlp.linear_fc1.layer_norm_weight,14,5120,0.632169211,0.70703125,60000,1.01755904,1,0,0.0200236438,0.999954486,0
bf16,68000,pre_mlp_norm,decoder.layers.mlp.linear_fc1.layer_norm_weight,15,5120,0.621670648,0.6953125,60000,1.01781991,1,0,0.0202498646,0.999954556,0
bf16,68000,pre_mlp_norm,decoder.layers.mlp.linear_fc1.layer_norm_weight,16,5120,0.597495684,0.6640625,60000,1.01855349,1,0,0.020948041,0.999953567,0
bf16,68000,pre_mlp_norm,decoder.layers.mlp.linear_fc1.layer_norm_weight,17,5120,0.575299618,0.64453125,60000,1.01946423,1,0,0.0219293711,0.999949954,0
bf16,68000,pre_mlp_norm,decoder.layers.mlp.linear_fc1.layer_norm_weight,18,5120,0.566018114,0.64453125,60000,1.02004485,1,0,0.0224133797,0.999950706,0
bf16,68000,pre_mlp_norm,decoder.layers.mlp.linear_fc1.layer_norm_weight,19,5120,0.563291114,0.66015625,60000,1.01764276,1,0,0.0203218972,0.999950025,0
bf16,68000,pre_mlp_norm,decoder.layers.mlp.linear_fc1.layer_norm_weight,20,5120,0.569905725,0.73046875,60000,1.01334795,1,0,0.0165993871,0.999951955,0
bf16,68000,pre_mlp_norm,decoder.layers.mlp.linear_fc1.layer_norm_weight,21,5120,0.566910018,0.71484375,60000,1.01003332,1,0,0.0141048738,0.999951348,0
bf16,68000,pre_mlp_norm,decoder.layers.mlp.linear_fc1.layer_norm_weight,22,5120,0.563672562,0.62109375,60000,1.00770388,1,0,0.0124848786,0.999952108,0
bf16,68000,pre_mlp_norm,decoder.layers.mlp.linear_fc1.layer_norm_weight,23,5120,0.567242868,0.625,60000,1.0017202,1,0,0.00987595939,0.999952793,0
bf16,68000,pre_mlp_norm,decoder.layers.mlp.linear_fc1.layer_norm_weight,24,5120,0.576404817,0.6328125,60000,0.994430358,1,0,0.0110857696,0.999953806,0
bf16,68000,pre_mlp_norm,decoder.layers.mlp.linear_fc1.layer_norm_weight,25,5120,0.599163951,0.64453125,60000,0.989552665,1,0,0.0139113658,0.999957365,0
bf16,68000,pre_mlp_norm,decoder.layers.mlp.linear_fc1.layer_norm_weight,26,5120,0.617478975,0.67578125,60000,0.988664325,1,0,0.0144943932,0.999958737,0
bf16,68000,pre_mlp_norm,decoder.layers.mlp.linear_fc1.layer_norm_weight,27,5120,0.63851543,0.6953125,60000,0.987100066,1,0,0.0156535648,0.999960173,0
bf16,68000,pre_mlp_norm,decoder.layers.mlp.linear_fc1.layer_norm_weight,28,5120,0.657280463,0.703125,60000,0.984592846,1,0,0.0176896804,0.999961637,0
bf16,68000,pre_mlp_norm,decoder.layers.mlp.linear_fc1.layer_norm_weight,29,5120,0.673516084,0.73046875,60000,0.982575199,1,0,0.0194363829,0.999962268,0
bf16,68000,pre_mlp_norm,decoder.layers.mlp.linear_fc1.layer_norm_weight,30,5120,0.695436384,0.75390625,60000,0.980669711,1,0,0.0211054677,0.999963402,0
bf16,68000,pre_mlp_norm,decoder.layers.mlp.linear_fc1.layer_norm_weight,31,5120,0.716981883,0.76953125,60000,0.981969851,1,0,0.0199048422,0.999963789,0
bf16,68000,pre_mlp_norm,decoder.layers.mlp.linear_fc1.layer_norm_weight,32,5120,0.729137147,0.7890625,60000,0.980177052,1,0,0.0215241459,0.999964119,0
bf16,68000,pre_mlp_norm,decoder.layers.mlp.linear_fc1.layer_norm_weight,33,5120,0.745293772,0.796875,60000,0.980198178,1,0,0.0215496191,0.999963133,0
bf16,68000,pre_mlp_norm,decoder.layers.mlp.linear_fc1.layer_norm_weight,34,5120,0.767725207,0.828125,60000,0.983791979,1,0,0.0183706213,0.999961994,0
bf16,68000,pre_mlp_norm,decoder.layers.mlp.linear_fc1.layer_norm_weight,35,5120,0.79571865,0.84765625,60000,0.985734186,1,0,0.0166023071,0.999963417,0
bf16,68000,pre_mlp_norm,decoder.layers.mlp.linear_fc1.layer_norm_weight,36,5120,0.823986157,0.96875,60000,0.989662279,1,0,0.0133100384,0.999964489,0
bf16,68000,pre_mlp_norm,decoder.layers.mlp.linear_fc1.layer_norm_weight,37,5120,0.844432829,0.8984375,60000,0.991195315,1,0,0.0121599249,0.999964517,0
bf16,68000,pre_mlp_norm,decoder.layers.mlp.linear_fc1.layer_norm_weight,38,5120,0.861337638,0.91796875,60000,0.991469687,1,0,0.0118367044,0.99996604,0
bf16,68000,pre_mlp_norm,decoder.layers.mlp.linear_fc1.layer_norm_weight,39,5120,0.875411432,0.921875,60000,0.992117161,1,0,0.0114999045,0.999964667,0
bf16,68000,pre_mlp_norm,decoder.layers.mlp.linear_fc1.layer_norm_weight,40,5120,0.88743141,0.9375,60000,0.991641288,1,0,0.0117129107,0.999966054,0
bf16,68000,pre_mlp_norm,decoder.layers.mlp.linear_fc1.layer_norm_weight,41,5120,0.899103831,0.9765625,60000,0.991217876,1,0,0.0121670383,0.99996423,0
bf16,68000,pre_mlp_norm,decoder.layers.mlp.linear_fc1.layer_norm_weight,42,5120,0.910298205,0.96875,60000,0.99087845,1,0,0.0123893076,0.99996453,0
bf16,68000,pre_mlp_norm,decoder.layers.mlp.linear_fc1.layer_norm_weight,43,5120,0.920348314,0.98046875,60000,0.990918402,1,0,0.0124448199,0.999963469,0
bf16,68000,pre_mlp_norm,decoder.layers.mlp.linear_fc1.layer_norm_weight,44,5120,0.92637147,1.0078125,60000,0.990767824,1,0,0.0125169704,0.999963946,0
bf16,68000,pre_mlp_norm,decoder.layers.mlp.linear_fc1.layer_norm_weight,45,5120,0.933316437,1.0234375,60000,0.989682301,1,0,0.0133751147,0.999963403,0
bf16,68000,pre_mlp_norm,decoder.layers.mlp.linear_fc1.layer_norm_weight,46,5120,0.940087587,1.03125,60000,0.988938913,1,0,0.0140449955,0.999962124,0
bf16,68000,pre_mlp_norm,decoder.layers.mlp.linear_fc1.layer_norm_weight,47,5120,0.947100605,1.0546875,60000,0.989587933,1,0,0.0137452596,0.999959316,0
bf16,68000,pre_mlp_norm,decoder.layers.mlp.linear_fc1.layer_norm_weight,48,5120,0.952909906,1.078125,60000,0.989603621,1,0,0.0137812293,0.999958651,0
bf16,68000,pre_mlp_norm,decoder.layers.mlp.linear_fc1.layer_norm_weight,49,5120,0.963867318,1.078125,60000,0.988844655,1,0,0.0143593532,0.999958664,0
bf16,68000,pre_mlp_norm,decoder.layers.mlp.linear_fc1.layer_norm_weight,50,5120,0.968772829,1.09375,60000,0.989140103,1,0,0.0143494523,0.999955532,0
bf16,68000,pre_mlp_norm,decoder.layers.mlp.linear_fc1.layer_norm_weight,51,5120,0.975254355,1.1484375,60000,0.988459955,1,0,0.0150425202,0.999952904,0
bf16,68000,pre_mlp_norm,decoder.layers.mlp.linear_fc1.layer_norm_weight,52,5120,0.978318483,1.15625,60000,0.988997708,1,0,0.0148801368,0.999949258,0
bf16,68000,pre_mlp_norm,decoder.layers.mlp.linear_fc1.layer_norm_weight,53,5120,0.98396675,1.2109375,60000,0.987554604,1,0,0.0162530338,0.999944675,0
bf16,68000,pre_mlp_norm,decoder.layers.mlp.linear_fc1.layer_norm_weight,54,5120,0.990412224,1.2421875,60000,0.986174553,1,0,0.0177206674,0.999937699,0
bf16,68000,pre_mlp_norm,decoder.layers.mlp.linear_fc1.layer_norm_weight,55,5120,0.986854176,1.28125,60000,0.983963154,1,0,0.0200052946,0.999927319,0
bf16,68000,pre_mlp_norm,decoder.layers.mlp.linear_fc1.layer_norm_weight,56,5120,0.987868844,1.3671875,60000,0.982262649,1,0,0.0217956729,0.999918333,0
bf16,68000,pre_mlp_norm,decoder.layers.mlp.linear_fc1.layer_norm_weight,57,5120,0.998303893,1.3984375,60000,0.982344595,1,0,0.0221274109,0.999909447,0
bf16,68000,pre_mlp_norm,decoder.layers.mlp.linear_fc1.layer_norm_weight,58,5120,1.00170235,1.421875,60000,0.983402479,1,0,0.0217066907,0.999900497,0
bf16,68000,pre_mlp_norm,decoder.layers.mlp.linear_fc1.layer_norm_weight,59,5120,0.994798718,1.46875,60000,0.980145726,1,0,0.0243542278,0.999898517,0
bf16,68000,pre_mlp_norm,decoder.layers.mlp.linear_fc1.layer_norm_weight,60,5120,1.00520689,1.5859375,60000,0.976086814,1,0,0.0277363167,0.99989885,0
bf16,68000,pre_mlp_norm,decoder.layers.mlp.linear_fc1.layer_norm_weight,61,5120,1.02787161,1.640625,60000,0.97118353,1,0,0.031731856,0.99990912,0
bf16,68000,pre_mlp_norm,decoder.layers.mlp.linear_fc1.layer_norm_weight,62,5120,1.07034564,1.546875,60000,0.975870967,1,0,0.0267140184,0.999932661,0
bf16,68000,pre_mlp_norm,decoder.layers.mlp.linear_fc1.layer_norm_weight,63,5120,1.16815794,1.7578125,60000,0.983279522,1,0,0.0193676522,0.999951422,0
bf16,68000,q_norm,decoder.layers.self_attention.q_layernorm.weight,0,128,1.25636311,1.9453125,60000,1.02155163,1,0,0.0261323349,0.999893091,0
bf16,68000,q_norm,decoder.layers.self_attention.q_layernorm.weight,1,128,1.58452329,2.03125,60000,1.00990988,1,0,0.0135295997,0.999957994,0
bf16,68000,q_norm,decoder.layers.self_attention.q_layernorm.weight,2,128,1.52521618,1.8984375,60000,1.00447355,1,0,0.00962567418,0.999963841,0
bf16,68000,q_norm,decoder.layers.self_attention.q_layernorm.weight,3,128,1.63096083,1.984375,60000,1.0040551,1,0,0.008297773,0.999973901,0
bf16,68000,q_norm,decoder.layers.self_attention.q_layernorm.weight,4,128,1.55025721,1.953125,60000,1.00425039,1,0,0.0085928351,0.999972233,0
bf16,68000,q_norm,decoder.layers.self_attention.q_layernorm.weight,5,128,1.50650699,1.84375,60000,1.00280028,1,0,0.00946479626,0.999959244,0
bf16,68000,q_norm,decoder.layers.self_attention.q_layernorm.weight,6,128,1.80063488,2.203125,60000,1.00696761,1,0,0.00897993415,0.999984065,0
bf16,68000,q_norm,decoder.layers.self_attention.q_layernorm.weight,7,128,1.69013485,2.140625,60000,1.00522701,1,0,0.00795542382,0.99998211,0
bf16,68000,q_norm,decoder.layers.self_attention.q_layernorm.weight,8,128,1.64652124,1.921875,60000,1.00500349,1,0,0.00853838489,0.999976185,0
bf16,68000,q_norm,decoder.layers.self_attention.q_layernorm.weight,9,128,1.63535587,2.109375,60000,1.00675199,1,0,0.0102785998,0.999970171,0
bf16,68000,q_norm,decoder.layers.self_attention.q_layernorm.weight,10,128,1.66900378,2.09375,60000,1.00628417,1,0,0.0116277495,0.999952442,0
bf16,68000,q_norm,decoder.layers.self_attention.q_layernorm.weight,11,128,1.70437936,2.015625,60000,1.0088209,1,0,0.0111298274,0.999977169,0
bf16,68000,q_norm,decoder.layers.self_attention.q_layernorm.weight,12,128,1.64772857,2.578125,60000,1.0107015,1,0,0.0142415601,0.999956318,0
bf16,68000,q_norm,decoder.layers.self_attention.q_layernorm.weight,13,128,1.59713894,2.140625,60000,1.00827342,1,0,0.0138475511,0.999938853,0
bf16,68000,q_norm,decoder.layers.self_attention.q_layernorm.weight,14,128,1.55889022,2.140625,60000,1.01071435,1,0,0.0143481657,0.999954946,0
bf16,68000,q_norm,decoder.layers.self_attention.q_layernorm.weight,15,128,1.69154199,2.140625,60000,1.01167902,1,0,0.0147635857,0.999959689,0
bf16,68000,q_norm,decoder.layers.self_attention.q_layernorm.weight,16,128,1.53535157,2.1875,60000,1.01417036,1,0,0.0203412773,0.999895004,0
bf16,68000,q_norm,decoder.layers.self_attention.q_layernorm.weight,17,128,1.72170963,2.15625,60000,1.01160037,1,0,0.0142770435,0.999965764,0
bf16,68000,q_norm,decoder.layers.self_attention.q_layernorm.weight,18,128,1.69033143,2.109375,60000,1.0082014,1,0,0.00993063412,0.99998445,0
bf16,68000,q_norm,decoder.layers.self_attention.q_layernorm.weight,19,128,1.77062484,2.109375,60000,1.0098889,1,0,0.0111845225,0.999986482,0
bf16,68000,q_norm,decoder.layers.self_attention.q_layernorm.weight,20,128,1.64417609,2.171875,60000,1.01142474,1,0,0.0140894864,0.99996639,0
bf16,68000,q_norm,decoder.layers.self_attention.q_layernorm.weight,21,128,1.64381671,2.109375,60000,1.01033299,1,0,0.0125136121,0.999975345,0
bf16,68000,q_norm,decoder.layers.self_attention.q_layernorm.weight,22,128,1.74705835,2.21875,60000,1.00940611,1,0,0.0108615075,0.999985389,0
bf16,68000,q_norm,decoder.layers.self_attention.q_layernorm.weight,23,128,1.67222624,2.140625,60000,1.00939354,1,0,0.0114038361,0.99997929,0
bf16,68000,q_norm,decoder.layers.self_attention.q_layernorm.weight,24,128,1.66346312,1.9921875,60000,1.01029486,1,0,0.0137234736,0.999959245,0
bf16,68000,q_norm,decoder.layers.self_attention.q_layernorm.weight,25,128,1.63771197,2.125,60000,1.00848135,1,0,0.0116452093,0.999968429,0
bf16,68000,q_norm,decoder.layers.self_attention.q_layernorm.weight,26,128,1.49025855,1.9921875,60000,1.00792354,1,0,0.011697209,0.99996327,0
bf16,68000,q_norm,decoder.layers.self_attention.q_layernorm.weight,27,128,1.64426298,2.171875,60000,1.00991043,1,0,0.0122075582,0.999974845,0
bf16,68000,q_norm,decoder.layers.self_attention.q_layernorm.weight,28,128,1.46011398,1.828125,60000,1.00769754,1,0,0.0133867489,0.999940482,0
bf16,68000,q_norm,decoder.layers.self_attention.q_layernorm.weight,29,128,1.51579692,1.84375,60000,1.00425148,1,0,0.0101530648,0.999957675,0
bf16,68000,q_norm,decoder.layers.self_attention.q_layernorm.weight,30,128,1.53748968,2.015625,60000,1.00767889,1,0,0.0117817224,0.999960382,0
bf16,68000,q_norm,decoder.layers.self_attention.q_layernorm.weight,31,128,1.46836112,1.828125,60000,1.0106127,1,0,0.0163838983,0.999922917,0
bf16,68000,q_norm,decoder.layers.self_attention.q_layernorm.weight,32,128,1.61666105,1.984375,60000,1.0112314,1,0,0.0165603281,0.999926772,0
bf16,68000,q_norm,decoder.layers.self_attention.q_layernorm.weight,33,128,1.41390983,1.7890625,60000,1.00902714,1,0,0.0158817842,0.999915393,0
bf16,68000,q_norm,decoder.layers.self_attention.q_layernorm.weight,34,128,1.50870989,1.921875,60000,1.01152633,1,0,0.0153021061,0.999949928,0
bf16,68000,q_norm,decoder.layers.self_attention.q_layernorm.weight,35,128,1.62499045,1.9609375,60000,1.01251616,1,0,0.0171870818,0.999931487,0
bf16,68000,q_norm,decoder.layers.self_attention.q_layernorm.weight,36,128,1.5180294,1.9765625,60000,1.01650328,1,0,0.0234381734,0.999863754,0
bf16,68000,q_norm,decoder.layers.self_attention.q_layernorm.weight,37,128,1.35989219,1.765625,60000,1.016131,1,0,0.028756456,0.999721136,0
bf16,68000,q_norm,decoder.layers.self_attention.q_layernorm.weight,38,128,1.66929427,2,60000,1.01097913,1,0,0.0150729725,0.999947252,0
bf16,68000,q_norm,decoder.layers.self_attention.q_layernorm.weight,39,128,1.49704507,1.8671875,60000,1.01610116,1,0,0.0262174167,0.999789339,0
bf16,68000,q_norm,decoder.layers.self_attention.q_layernorm.weight,40,128,1.41663061,1.8125,60000,1.01743383,1,0,0.0282842935,0.999756219,0
bf16,68000,q_norm,decoder.layers.self_attention.q_layernorm.weight,41,128,1.41801204,1.765625,60000,1.01876025,1,0,0.0305940946,0.999713352,0
bf16,68000,q_norm,decoder.layers.self_attention.q_layernorm.weight,42,128,1.29022723,1.7109375,60000,1.01801195,1,0,0.0320874159,0.999653652,0
bf16,68000,q_norm,decoder.layers.self_attention.q_layernorm.weight,43,128,1.36306453,1.8515625,60000,1.01961826,1,0,0.0357521631,0.999561924,0
bf16,68000,q_norm,decoder.layers.self_attention.q_layernorm.weight,44,128,1.32626896,1.8046875,60000,1.01748802,1,0,0.0280940616,0.999762432,0
bf16,68000,q_norm,decoder.layers.self_attention.q_layernorm.weight,45,128,1.36883813,1.8203125,60000,1.01180943,1,0,0.0201810736,0.999867656,0
bf16,68000,q_norm,decoder.layers.self_attention.q_layernorm.weight,46,128,1.44029165,1.84375,60000,1.01459019,1,0,0.0229784869,0.999844697,0
bf16,68000,q_norm,decoder.layers.self_attention.q_layernorm.weight,47,128,1.3326645,1.734375,60000,1.01148135,1,0,0.020424624,0.999858948,0
bf16,68000,q_norm,decoder.layers.self_attention.q_layernorm.weight,48,128,1.53720822,1.84375,60000,1.01144879,1,0,0.0156265198,0.999944084,0
bf16,68000,q_norm,decoder.layers.self_attention.q_layernorm.weight,49,128,1.39197725,1.78125,60000,1.01217676,1,0,0.0178884404,0.999915171,0.0078125
bf16,68000,q_norm,decoder.layers.self_attention.q_layernorm.weight,50,128,1.47749593,1.765625,60000,1.01258416,1,0,0.0161851266,0.999948845,0
bf16,68000,q_norm,decoder.layers.self_attention.q_layernorm.weight,51,128,1.50747439,1.84375,60000,1.01102988,1,0,0.0163510125,0.999927946,0
bf16,68000,q_norm,decoder.layers.self_attention.q_layernorm.weight,52,128,1.55573576,1.8125,60000,1.0143977,1,0,0.0194595677,0.999915526,0
bf16,68000,q_norm,decoder.layers.self_attention.q_layernorm.weight,53,128,1.48598572,1.8359375,60000,1.01191578,1,0,0.017246081,0.999923194,0
bf16,68000,q_norm,decoder.layers.self_attention.q_layernorm.weight,54,128,1.40599837,1.7265625,60000,1.0086384,1,0,0.015903588,0.999911612,0
bf16,68000,q_norm,decoder.layers.self_attention.q_layernorm.weight,55,128,1.55374086,1.9921875,60000,1.01031632,1,0,0.0171892424,0.999906443,0
bf16,68000,q_norm,decoder.layers.self_attention.q_layernorm.weight,56,128,1.57988792,1.859375,60000,1.01181795,1,0,0.0165028423,0.999934435,0
bf16,68000,q_norm,decoder.layers.self_attention.q_layernorm.weight,57,128,1.53755495,2,60000,1.01156774,1,0,0.0136424671,0.999974147,0
bf16,68000,q_norm,decoder.layers.self_attention.q_layernorm.weight,58,128,1.62558208,1.8515625,60000,1.01235516,1,0,0.0148597399,0.999966335,0
bf16,68000,q_norm,decoder.layers.self_attention.q_layernorm.weight,59,128,1.54291961,1.9140625,60000,1.00808491,1,0,0.0110789223,0.999971542,0
bf16,68000,q_norm,decoder.layers.self_attention.q_layernorm.weight,60,128,1.48061867,1.7578125,60000,1.00868219,1,0,0.0124996694,0.999959917,0
bf16,68000,q_norm,decoder.layers.self_attention.q_layernorm.weight,61,128,1.47285492,1.96875,60000,1.00442242,1,0,0.0141352622,0.999910273,0
bf16,68000,q_norm,decoder.layers.self_attention.q_layernorm.weight,62,128,1.37693598,1.75,60000,1.0035236,1,0,0.00724075847,0.999980064,0
bf16,68000,q_norm,decoder.layers.self_attention.q_layernorm.weight,63,128,1.19592394,1.46875,60000,1.0049871,1,0,0.0102416752,0.999960188,0
