iter,tensor,layer,mean,rms,max,min
8000,linear_qkv,0,0.946316,0.94643,1,0.902344
8000,linear_qkv,1,0.938571,0.938656,0.988281,0.902344
8000,linear_qkv,2,0.985354,0.985406,1.02344,0.945312
8000,linear_qkv,3,1.01214,1.01222,1.05469,0.960938
8000,linear_qkv,4,1.0034,1.00346,1.03906,0.960938
8000,linear_qkv,5,1.03185,1.03194,1.07812,0.988281
8000,linear_qkv,6,1.05147,1.05163,1.11719,0.996094
8000,linear_qkv,7,1.06278,1.06292,1.125,1
8000,linear_qkv,8,1.01957,1.01965,1.07812,0.980469
8000,linear_qkv,9,0.969005,0.969042,1,0.925781
8000,linear_qkv,10,0.987334,0.98738,1.02344,0.953125
8000,linear_qkv,11,0.971535,0.971577,1.00781,0.929688
8000,linear_qkv,12,0.963374,0.963419,0.996094,0.933594
8000,linear_qkv,13,0.962394,0.962439,1,0.929688
8000,linear_qkv,14,0.947282,0.947334,0.980469,0.898438
8000,linear_qkv,15,0.966573,0.966617,0.996094,0.933594
8000,linear_qkv,16,0.956005,0.956051,0.988281,0.921875
8000,linear_qkv,17,1.0209,1.02098,1.07031,0.976562
8000,linear_qkv,18,0.967811,0.967854,1,0.933594
8000,linear_qkv,19,1.01333,1.01341,1.0625,0.972656
8000,linear_qkv,20,0.966303,0.966346,1,0.933594
8000,linear_qkv,21,0.981137,0.98119,1.01562,0.941406
8000,linear_qkv,22,1.03747,1.03758,1.11719,0.988281
8000,linear_qkv,23,1.02845,1.02854,1.07812,0.988281
8000,linear_qkv,24,1.02048,1.02057,1.07812,0.980469
8000,linear_qkv,25,1.00095,1.00101,1.04688,0.960938
8000,linear_qkv,26,0.978017,0.978066,1.01562,0.945312
8000,linear_qkv,27,1.03603,1.03612,1.08594,0.992188
8000,linear_qkv,28,0.984736,0.984786,1.02344,0.949219
8000,linear_qkv,29,1.00066,1.00072,1.03906,0.960938
8000,linear_qkv,30,1.00666,1.00673,1.05469,0.96875
8000,linear_qkv,31,0.961598,0.961644,0.996094,0.921875
8000,linear_qkv,32,0.972231,0.972282,1.00781,0.933594
8000,linear_qkv,33,0.965549,0.965598,0.996094,0.929688
8000,linear_qkv,34,0.98172,0.981772,1.02344,0.941406
8000,linear_qkv,35,0.967429,0.967479,1,0.929688
8000,linear_qkv,36,0.956859,0.956908,0.988281,0.914062
8000,linear_qkv,37,0.945912,0.945962,0.980469,0.90625
8000,linear_qkv,38,0.962395,0.962447,0.996094,0.925781
8000,linear_qkv,39,0.945708,0.945757,0.980469,0.910156
8000,linear_qkv,40,0.951158,0.951207,0.984375,0.917969
8000,linear_qkv,41,0.947218,0.947265,0.980469,0.914062
8000,linear_qkv,42,0.946465,0.946515,0.980469,0.914062
8000,linear_qkv,43,0.947961,0.948011,0.988281,0.914062
8000,linear_qkv,44,0.949242,0.949292,0.984375,0.914062
8000,linear_qkv,45,0.968836,0.968887,1.00781,0.929688
8000,linear_qkv,46,0.977191,0.97725,1.01562,0.9375
8000,linear_qkv,47,0.962422,0.962473,0.996094,0.929688
8000,linear_qkv,48,0.997955,0.998016,1.03906,0.953125
8000,linear_qkv,49,1.00656,1.00664,1.05469,0.953125
8000,linear_qkv,50,0.967915,0.967968,1.00781,0.929688
8000,linear_qkv,51,0.97493,0.974976,1.00781,0.9375
8000,linear_qkv,52,0.96565,0.965696,1,0.929688
8000,linear_qkv,53,1.00046,1.00054,1.04688,0.941406
8000,linear_qkv,54,0.9849,0.984952,1.02344,0.9375
8000,linear_qkv,55,1.01083,1.01091,1.05469,0.945312
8000,linear_qkv,56,0.988916,0.988966,1.02344,0.933594
8000,linear_qkv,57,1.01002,1.01013,1.07031,0.933594
8000,linear_qkv,58,1.00793,1.00801,1.05469,0.945312
8000,linear_qkv,59,1.01042,1.01051,1.05469,0.949219
8000,linear_qkv,60,0.986976,0.987019,1.01562,0.933594
8000,linear_qkv,61,0.999449,0.999526,1.05469,0.9375
8000,linear_qkv,62,0.988022,0.988056,1.01562,0.9375
8000,linear_qkv,63,0.985954,0.985982,1.00781,0.941406
8000,linear_fc1,0,0.914408,0.914528,0.949219,0.761719
8000,linear_fc1,1,0.907162,0.907312,0.957031,0.746094
8000,linear_fc1,2,0.914056,0.914166,0.953125,0.746094
8000,linear_fc1,3,0.887574,0.887662,0.925781,0.773438
8000,linear_fc1,4,0.892546,0.892632,0.941406,0.808594
8000,linear_fc1,5,0.866843,0.866935,0.921875,0.789062
8000,linear_fc1,6,0.853938,0.854052,0.914062,0.796875
8000,linear_fc1,7,0.865797,0.865881,0.910156,0.816406
8000,linear_fc1,8,0.875019,0.875093,0.917969,0.816406
8000,linear_fc1,9,0.888888,0.888955,0.933594,0.84375
8000,linear_fc1,10,0.897821,0.897884,0.933594,0.847656
8000,linear_fc1,11,0.90929,0.909347,0.949219,0.871094
8000,linear_fc1,12,0.919052,0.919109,0.953125,0.863281
8000,linear_fc1,13,0.929537,0.929594,0.972656,0.882812
8000,linear_fc1,14,0.937034,0.93709,0.972656,0.894531
8000,linear_fc1,15,0.943929,0.943985,0.980469,0.898438
8000,linear_fc1,16,0.948117,0.948175,0.988281,0.910156
8000,linear_fc1,17,0.949676,0.949728,0.984375,0.910156
8000,linear_fc1,18,0.955176,0.955229,0.996094,0.90625
8000,linear_fc1,19,0.962382,0.962434,0.996094,0.925781
8000,linear_fc1,20,0.966421,0.966474,1.00781,0.925781
8000,linear_fc1,21,0.97147,0.971522,1.00781,0.9375
8000,linear_fc1,22,0.975919,0.97597,1.01562,0.9375
8000,linear_fc1,23,0.978424,0.978472,1.01562,0.9375
8000,linear_fc1,24,0.984483,0.984532,1.02344,0.941406
8000,linear_fc1,25,0.990284,0.990332,1.03125,0.953125
8000,linear_fc1,26,0.994971,0.995021,1.02344,0.953125
8000,linear_fc1,27,1.00079,1.00084,1.03906,0.964844
8000,linear_fc1,28,1.006,1.00605,1.03906,0.972656
8000,linear_fc1,29,1.01174,1.01179,1.04688,0.976562
8000,linear_fc1,30,1.01747,1.01752,1.04688,0.980469
8000,linear_fc1,31,1.023,1.02305,1.05469,0.984375
8000,linear_fc1,32,1.02697,1.02702,1.0625,0.988281
8000,linear_fc1,33,1.0325,1.03255,1.07031,0.992188
8000,linear_fc1,34,1.03763,1.03768,1.07031,1
8000,linear_fc1,35,1.04305,1.04309,1.08594,1.00781
8000,linear_fc1,36,1.04788,1.04794,1.08594,1
8000,linear_fc1,37,1.05334,1.05339,1.08594,1.00781
8000,linear_fc1,38,1.05834,1.05839,1.09375,1.00781
8000,linear_fc1,39,1.0633,1.06336,1.10156,1
8000,linear_fc1,40,1.06808,1.06813,1.10156,1.00781
8000,linear_fc1,41,1.07365,1.07371,1.11719,1
8000,linear_fc1,42,1.07843,1.0785,1.11719,1
8000,linear_fc1,43,1.08306,1.08313,1.125,0.988281
8000,linear_fc1,44,1.0878,1.08788,1.13281,0.976562
8000,linear_fc1,45,1.09214,1.09223,1.13281,0.972656
8000,linear_fc1,46,1.09643,1.09654,1.14062,0.96875
8000,linear_fc1,47,1.10091,1.10104,1.14062,0.957031
8000,linear_fc1,48,1.10489,1.10503,1.14844,0.949219
8000,linear_fc1,49,1.10894,1.10912,1.15625,0.941406
8000,linear_fc1,50,1.11172,1.11192,1.15625,0.929688
8000,linear_fc1,51,1.11434,1.11458,1.16406,0.921875
8000,linear_fc1,52,1.11677,1.11704,1.17188,0.914062
8000,linear_fc1,53,1.1189,1.11922,1.17188,0.902344
8000,linear_fc1,54,1.12021,1.12055,1.17188,0.898438
8000,linear_fc1,55,1.12003,1.12041,1.17188,0.902344
8000,linear_fc1,56,1.11993,1.12035,1.1875,0.902344
8000,linear_fc1,57,1.11602,1.11644,1.17969,0.914062
8000,linear_fc1,58,1.11076,1.11119,1.17188,0.921875
8000,linear_fc1,59,1.10306,1.10347,1.16406,0.933594
8000,linear_fc1,60,1.08935,1.08971,1.15625,0.9375
8000,linear_fc1,61,1.07179,1.07206,1.13281,0.949219
8000,linear_fc1,62,1.04276,1.04288,1.09375,0.964844
8000,linear_fc1,63,1.01041,1.01043,1.04688,0.960938
8000,q_layernorm,0,0.97821,0.980221,1.09375,0.777344
8000,q_layernorm,1,1.20209,1.20396,1.39062,1.08594
8000,q_layernorm,2,1.26807,1.26923,1.39844,1.17188
8000,q_layernorm,3,1.33081,1.33237,1.47656,1.19531
8000,q_layernorm,4,1.28632,1.28721,1.38281,1.16406
8000,q_layernorm,5,1.30304,1.3042,1.42969,1.17188
8000,q_layernorm,6,1.39276,1.39477,1.51562,1.19531
8000,q_layernorm,7,1.36743,1.37753,1.55469,0.582031
8000,q_layernorm,8,1.34033,1.34247,1.46875,1.15625
8000,q_layernorm,9,1.26337,1.26481,1.44531,1.10156
8000,q_layernorm,10,1.30219,1.30344,1.42188,1.1875
8000,q_layernorm,11,1.29272,1.29421,1.41406,1.125
8000,q_layernorm,12,1.22522,1.2266,1.35156,1.07812
8000,q_layernorm,13,1.21667,1.21912,1.34375,0.964844
8000,q_layernorm,14,1.12292,1.12548,1.22656,0.921875
8000,q_layernorm,15,1.24664,1.24772,1.34375,1.08594
8000,q_layernorm,16,1.12848,1.13246,1.27344,0.835938
8000,q_layernorm,17,1.33063,1.33296,1.48438,1.14062
8000,q_layernorm,18,1.24426,1.25011,1.38281,0.886719
8000,q_layernorm,19,1.38354,1.38672,1.53125,1.15625
8000,q_layernorm,20,1.20215,1.21203,1.35938,0.804688
8000,q_layernorm,21,1.25977,1.27365,1.47656,0.789062
8000,q_layernorm,22,1.32489,1.3404,1.51562,0.6875
8000,q_layernorm,23,1.35376,1.35642,1.48438,1.11719
8000,q_layernorm,24,1.30676,1.3098,1.48438,1.04688
8000,q_layernorm,25,1.26495,1.27455,1.44531,0.785156
8000,q_layernorm,26,1.20184,1.22168,1.39844,0.746094
8000,q_layernorm,27,1.29599,1.30381,1.47656,0.777344
8000,q_layernorm,28,1.18515,1.20558,1.40625,0.730469
8000,q_layernorm,29,1.24762,1.26658,1.49219,0.742188
8000,q_layernorm,30,1.30646,1.31093,1.4375,1.03125
8000,q_layernorm,31,1.12592,1.14177,1.33594,0.765625
8000,q_layernorm,32,1.22836,1.23597,1.39844,0.828125
8000,q_layernorm,33,1.14404,1.16424,1.36719,0.761719
8000,q_layernorm,34,1.16617,1.18618,1.38281,0.757812
8000,q_layernorm,35,1.21924,1.22525,1.375,0.851562
8000,q_layernorm,36,1.14383,1.15762,1.38281,0.785156
8000,q_layernorm,37,1.05389,1.06695,1.25781,0.796875
8000,q_layernorm,38,1.23578,1.23703,1.34375,1.04688
8000,q_layernorm,39,1.05798,1.07002,1.25781,0.8125
8000,q_layernorm,40,1.07446,1.08854,1.27344,0.792969
8000,q_layernorm,41,1.0643,1.07729,1.25781,0.808594
8000,q_layernorm,42,1.04526,1.0579,1.25,0.8125
8000,q_layernorm,43,1.05814,1.07059,1.29688,0.808594
8000,q_layernorm,44,1.06049,1.07535,1.27344,0.800781
8000,q_layernorm,45,1.12048,1.13723,1.35156,0.757812
8000,q_layernorm,46,1.11334,1.12916,1.35938,0.714844
8000,q_layernorm,47,1.07855,1.09365,1.33594,0.773438
8000,q_layernorm,48,1.20352,1.21533,1.42188,0.761719
8000,q_layernorm,49,1.11066,1.12534,1.34375,0.636719
8000,q_layernorm,50,1.14951,1.15415,1.28125,0.8125
8000,q_layernorm,51,1.20468,1.21146,1.35938,0.804688
8000,q_layernorm,52,1.19998,1.2038,1.39062,0.886719
8000,q_layernorm,53,1.20184,1.21541,1.38281,0.699219
8000,q_layernorm,54,1.14258,1.15833,1.35156,0.71875
8000,q_layernorm,55,1.25537,1.25719,1.40625,1.11719
8000,q_layernorm,56,1.24115,1.24294,1.42188,1.07031
8000,q_layernorm,57,1.20908,1.21194,1.34375,0.851562
8000,q_layernorm,58,1.23309,1.23584,1.46875,1.09375
8000,q_layernorm,59,1.2605,1.26241,1.51562,1.11719
8000,q_layernorm,60,1.18475,1.18639,1.38281,1.07031
8000,q_layernorm,61,1.1684,1.17114,1.375,1.02344
8000,q_layernorm,62,1.15027,1.15192,1.32031,1.03906
8000,q_layernorm,63,1.07596,1.07677,1.1875,0.945312
8000,k_layernorm,0,0.977966,0.979833,1.07031,0.8125
8000,k_layernorm,1,1.19757,1.19926,1.39062,1.08594
8000,k_layernorm,2,1.2616,1.26265,1.41406,1.14844
8000,k_layernorm,3,1.32446,1.32601,1.47656,1.17188
8000,k_layernorm,4,1.27753,1.27857,1.375,1.13281
8000,k_layernorm,5,1.29767,1.29898,1.41406,1.14844
8000,k_layernorm,6,1.38483,1.38689,1.51562,1.10938
8000,k_layernorm,7,1.35568,1.36591,1.5625,0.515625
8000,k_layernorm,8,1.33276,1.33492,1.46094,1.07812
8000,k_layernorm,9,1.25287,1.25447,1.41406,1.03125
8000,k_layernorm,10,1.28931,1.29105,1.42969,1.10156
8000,k_layernorm,11,1.28485,1.28666,1.40625,1.05469
8000,k_layernorm,12,1.21814,1.21961,1.36719,1.09375
8000,k_layernorm,13,1.20743,1.21021,1.375,0.933594
8000,k_layernorm,14,1.11871,1.12126,1.25,0.917969
8000,k_layernorm,15,1.23895,1.24022,1.36719,1.0625
8000,k_layernorm,16,1.12378,1.12778,1.25781,0.835938
8000,k_layernorm,17,1.32819,1.33034,1.47656,1.125
8000,k_layernorm,18,1.23538,1.24147,1.42188,0.871094
8000,k_layernorm,19,1.37262,1.37627,1.52344,1.0625
8000,k_layernorm,20,1.1962,1.20614,1.38281,0.800781
8000,k_layernorm,21,1.2496,1.26403,1.47656,0.777344
8000,k_layernorm,22,1.31787,1.33291,1.51562,0.691406
8000,k_layernorm,23,1.34296,1.34638,1.47656,1.03125
8000,k_layernorm,24,1.29523,1.29828,1.46875,1.04688
8000,k_layernorm,25,1.25232,1.26218,1.45312,0.765625
8000,k_layernorm,26,1.19565,1.2152,1.41406,0.757812
8000,k_layernorm,27,1.28418,1.2929,1.5,0.789062
8000,k_layernorm,28,1.17987,1.2002,1.40625,0.734375
8000,k_layernorm,29,1.237,1.25622,1.45312,0.730469
8000,k_layernorm,30,1.29587,1.30174,1.4375,0.871094
8000,k_layernorm,31,1.12302,1.1382,1.32812,0.761719
8000,k_layernorm,32,1.21954,1.22828,1.39844,0.808594
8000,k_layernorm,33,1.14145,1.16125,1.36719,0.757812
8000,k_layernorm,34,1.16394,1.18375,1.39062,0.75
8000,k_layernorm,35,1.20508,1.21358,1.35938,0.816406
8000,k_layernorm,36,1.14127,1.15504,1.41406,0.796875
8000,k_layernorm,37,1.05569,1.06842,1.26562,0.804688
8000,k_layernorm,38,1.22241,1.22498,1.375,0.957031
8000,k_layernorm,39,1.05923,1.07082,1.25781,0.816406
8000,k_layernorm,40,1.07489,1.08854,1.27344,0.800781
8000,k_layernorm,41,1.06583,1.07844,1.27344,0.816406
8000,k_layernorm,42,1.04657,1.05869,1.25,0.8125
8000,k_layernorm,43,1.05948,1.0715,1.3125,0.820312
8000,k_layernorm,44,1.06143,1.07579,1.28125,0.808594
8000,k_layernorm,45,1.11584,1.1329,1.35156,0.761719
8000,k_layernorm,46,1.11133,1.12725,1.36719,0.6875
8000,k_layernorm,47,1.0752,1.08976,1.34375,0.78125
8000,k_layernorm,48,1.19806,1.21059,1.44531,0.734375
8000,k_layernorm,49,1.10223,1.11681,1.28906,0.621094
8000,k_layernorm,50,1.14832,1.15312,1.28906,0.832031
8000,k_layernorm,51,1.19058,1.19878,1.38281,0.785156
8000,k_layernorm,52,1.19083,1.196,1.375,0.847656
8000,k_layernorm,53,1.19498,1.20849,1.39062,0.710938
8000,k_layernorm,54,1.13727,1.15306,1.375,0.730469
8000,k_layernorm,55,1.24567,1.24789,1.4375,1.08594
8000,k_layernorm,56,1.22894,1.23121,1.41406,0.90625
8000,k_layernorm,57,1.20367,1.20723,1.375,0.742188
8000,k_layernorm,58,1.21899,1.22136,1.36719,1.08594
8000,k_layernorm,59,1.24951,1.25111,1.39062,1.10938
8000,k_layernorm,60,1.17151,1.17373,1.38281,1.01562
8000,k_layernorm,61,1.1604,1.16274,1.41406,1.04688
8000,k_layernorm,62,1.14453,1.14661,1.34375,1.03906
8000,k_layernorm,63,1.0766,1.07748,1.20312,0.945312
8000,final_layernorm,-1,1.37328,1.37607,1.83594,1.07812
12000,linear_qkv,0,0.854758,0.855433,0.992188,0.773438
12000,linear_qkv,1,0.875886,0.876072,0.972656,0.8125
12000,linear_qkv,2,0.960205,0.960411,1.03125,0.785156
12000,linear_qkv,3,1.00847,1.00871,1.08594,0.859375
12000,linear_qkv,4,1.00218,1.00237,1.07031,0.820312
12000,linear_qkv,5,1.0533,1.05355,1.13281,0.855469
12000,linear_qkv,6,1.09287,1.09329,1.19531,0.90625
12000,linear_qkv,7,1.11448,1.11482,1.20312,0.921875
12000,linear_qkv,8,1.07487,1.07526,1.16406,0.816406
12000,linear_qkv,9,0.975372,0.975532,1.03906,0.796875
12000,linear_qkv,10,1.01119,1.01138,1.07812,0.835938
12000,linear_qkv,11,0.996883,0.9971,1.07031,0.753906
12000,linear_qkv,12,0.971129,0.971283,1.03125,0.789062
12000,linear_qkv,13,0.962379,0.962526,1.02344,0.757812
12000,linear_qkv,14,0.913828,0.913976,0.984375,0.773438
12000,linear_qkv,15,0.98351,0.983691,1.07031,0.796875
12000,linear_qkv,16,0.945195,0.94531,0.996094,0.832031
12000,linear_qkv,17,1.09326,1.09357,1.19531,0.910156
12000,linear_qkv,18,0.998453,0.998651,1.07031,0.847656
12000,linear_qkv,19,1.08167,1.08198,1.17188,0.894531
12000,linear_qkv,20,0.975928,0.976079,1.03906,0.839844
12000,linear_qkv,21,0.994204,0.994364,1.05469,0.878906
12000,linear_qkv,22,1.12944,1.12982,1.23438,1.00781
12000,linear_qkv,23,1.11589,1.1162,1.21094,0.984375
12000,linear_qkv,24,1.08161,1.0819,1.17969,0.96875
12000,linear_qkv,25,1.04408,1.04432,1.13281,0.910156
12000,linear_qkv,26,1.00535,1.00554,1.08594,0.882812
12000,linear_qkv,27,1.12059,1.12092,1.22656,1
12000,linear_qkv,28,1.02893,1.02915,1.11719,0.90625
12000,linear_qkv,29,1.05612,1.05635,1.13281,0.957031
12000,linear_qkv,30,1.07544,1.0757,1.15625,0.925781
12000,linear_qkv,31,0.9549,0.955034,1.00781,0.890625
12000,linear_qkv,32,0.987069,0.987234,1.05469,0.902344
12000,linear_qkv,33,0.972549,0.972719,1.04688,0.878906
12000,linear_qkv,34,1.01572,1.0159,1.08594,0.90625
12000,linear_qkv,35,0.984758,0.984919,1.03906,0.890625
12000,linear_qkv,36,0.938094,0.938249,0.992188,0.851562
12000,linear_qkv,37,0.893367,0.893527,0.949219,0.820312
12000,linear_qkv,38,0.954278,0.954439,1.00781,0.863281
12000,linear_qkv,39,0.89305,0.893206,0.953125,0.808594
12000,linear_qkv,40,0.914027,0.914178,0.964844,0.808594
12000,linear_qkv,41,0.899063,0.899216,0.953125,0.777344
12000,linear_qkv,42,0.893371,0.893532,0.960938,0.796875
12000,linear_qkv,43,0.898206,0.898354,0.964844,0.804688
12000,linear_qkv,44,0.904758,0.904909,0.96875,0.804688
12000,linear_qkv,45,0.953988,0.954158,1.02344,0.8125
12000,linear_qkv,46,0.97003,0.970222,1.03906,0.800781
12000,linear_qkv,47,0.939802,0.939969,1,0.820312
12000,linear_qkv,48,1.01698,1.0172,1.09375,0.851562
12000,linear_qkv,49,1.02085,1.02113,1.10156,0.855469
12000,linear_qkv,50,0.952627,0.952801,1.00781,0.832031
12000,linear_qkv,51,0.975254,0.975432,1.04688,0.8125
12000,linear_qkv,52,0.953334,0.953481,1.01562,0.835938
12000,linear_qkv,53,1.02584,1.02617,1.10156,0.84375
12000,linear_qkv,54,0.996788,0.997034,1.07031,0.8125
12000,linear_qkv,55,1.04012,1.04044,1.11719,0.867188
12000,linear_qkv,56,1.00963,1.00988,1.07812,0.835938
12000,linear_qkv,57,1.0389,1.03939,1.14844,0.832031
12000,linear_qkv,58,1.04382,1.0442,1.125,0.867188
12000,linear_qkv,59,1.03692,1.03731,1.125,0.832031
12000,linear_qkv,60,0.99665,0.996858,1.05469,0.871094
12000,linear_qkv,61,1.01448,1.0148,1.10938,0.828125
12000,linear_qkv,62,0.992012,0.99214,1.0625,0.863281
12000,linear_qkv,63,0.980037,0.98013,1.02344,0.902344
12000,linear_fc1,0,0.854307,0.855006,0.933594,0.400391
12000,linear_fc1,1,0.897133,0.898055,0.992188,0.318359
12000,linear_fc1,2,0.887577,0.888193,0.957031,0.296875
12000,linear_fc1,3,0.831833,0.832211,0.898438,0.423828
12000,linear_fc1,4,0.816931,0.817262,0.902344,0.458984
12000,linear_fc1,5,0.752389,0.752663,0.824219,0.445312
12000,linear_fc1,6,0.713402,0.713712,0.800781,0.390625
12000,linear_fc1,7,0.716033,0.716313,0.78125,0.353516
12000,linear_fc1,8,0.728169,0.728427,0.785156,0.316406
12000,linear_fc1,9,0.748256,0.748507,0.808594,0.328125
12000,linear_fc1,10,0.752833,0.753078,0.8125,0.318359
12000,linear_fc1,11,0.765725,0.765958,0.832031,0.306641
12000,linear_fc1,12,0.77776,0.777986,0.832031,0.349609
12000,linear_fc1,13,0.792409,0.792628,0.851562,0.353516
12000,linear_fc1,14,0.802042,0.802256,0.863281,0.355469
12000,linear_fc1,15,0.808564,0.808765,0.859375,0.392578
12000,linear_fc1,16,0.81005,0.810252,0.875,0.435547
12000,linear_fc1,17,0.80409,0.804278,0.863281,0.445312
12000,linear_fc1,18,0.812333,0.812519,0.875,0.482422
12000,linear_fc1,19,0.826363,0.826545,0.890625,0.470703
12000,linear_fc1,20,0.836353,0.836527,0.898438,0.515625
12000,linear_fc1,21,0.8472,0.847365,0.90625,0.589844
12000,linear_fc1,22,0.859576,0.859733,0.925781,0.625
12000,linear_fc1,23,0.865574,0.865724,0.925781,0.644531
12000,linear_fc1,24,0.877679,0.877831,0.945312,0.6875
12000,linear_fc1,25,0.891579,0.891722,0.957031,0.722656
12000,linear_fc1,26,0.902438,0.902579,0.964844,0.742188
12000,linear_fc1,27,0.914935,0.91507,0.972656,0.757812
12000,linear_fc1,28,0.924971,0.925104,0.980469,0.789062
12000,linear_fc1,29,0.935295,0.935426,0.996094,0.808594
12000,linear_fc1,30,0.945805,0.945931,0.996094,0.804688
12000,linear_fc1,31,0.955256,0.955384,1.01562,0.789062
12000,linear_fc1,32,0.962415,0.962542,1.00781,0.773438
12000,linear_fc1,33,0.970726,0.97086,1.03125,0.738281
12000,linear_fc1,34,0.980547,0.980684,1.03906,0.757812
12000,linear_fc1,35,0.988777,0.988919,1.03906,0.738281
12000,linear_fc1,36,0.996555,0.996706,1.04688,0.730469
12000,linear_fc1,37,1.00597,1.00614,1.05469,0.691406
12000,linear_fc1,38,1.01307,1.01326,1.0625,0.691406
12000,linear_fc1,39,1.02104,1.02125,1.07031,0.640625
12000,linear_fc1,40,1.0293,1.02953,1.07812,0.644531
12000,linear_fc1,41,1.03795,1.0382,1.08594,0.605469
12000,linear_fc1,42,1.04528,1.04556,1.09375,0.613281
12000,linear_fc1,43,1.05354,1.05385,1.10156,0.589844
12000,linear_fc1,44,1.06056,1.06091,1.125,0.601562
12000,linear_fc1,45,1.06746,1.06785,1.125,0.617188
12000,linear_fc1,46,1.07476,1.07518,1.13281,0.597656
12000,linear_fc1,47,1.08179,1.08226,1.14062,0.628906
12000,linear_fc1,48,1.08828,1.08881,1.14844,0.625
12000,linear_fc1,49,1.09645,1.09703,1.15625,0.636719
12000,linear_fc1,50,1.10267,1.1033,1.17188,0.644531
12000,linear_fc1,51,1.10933,1.11003,1.17188,0.625
12000,linear_fc1,52,1.11619,1.11695,1.19531,0.632812
12000,linear_fc1,53,1.12323,1.12402,1.19531,0.65625
12000,linear_fc1,54,1.13049,1.13129,1.21094,0.664062
12000,linear_fc1,55,1.13569,1.13654,1.22656,0.6875
12000,linear_fc1,56,1.14277,1.14362,1.25781,0.714844
12000,linear_fc1,57,1.14989,1.15069,1.26562,0.75
12000,linear_fc1,58,1.15482,1.15559,1.29688,0.777344
12000,linear_fc1,59,1.15728,1.15801,1.3125,0.824219
12000,linear_fc1,60,1.15341,1.15408,1.33594,0.863281
12000,linear_fc1,61,1.13869,1.13924,1.28125,0.902344
12000,linear_fc1,62,1.09279,1.09312,1.20312,0.9375
12000,linear_fc1,63,1.03032,1.03039,1.09375,0.941406
12000,q_layernorm,0,0.986023,0.993921,1.20312,0.597656
12000,q_layernorm,1,1.30481,1.30802,1.64062,1.11719
12000,q_layernorm,2,1.35669,1.35877,1.54688,1.17969
12000,q_layernorm,3,1.43231,1.436,1.64062,1.21875
12000,q_layernorm,4,1.38007,1.38247,1.52344,1.1875
12000,q_layernorm,5,1.38232,1.38509,1.55469,1.19531
12000,q_layernorm,6,1.4953,1.50119,1.69531,1.14844
12000,q_layernorm,7,1.45864,1.4829,1.76562,0.167969
12000,q_layernorm,8,1.42859,1.43508,1.61719,1.01562
12000,q_layernorm,9,1.3847,1.3879,1.59375,1.09375
12000,q_layernorm,10,1.41937,1.42177,1.57031,1.21094
12000,q_layernorm,11,1.43048,1.43389,1.5625,1.15625
12000,q_layernorm,12,1.35541,1.35757,1.49219,1.13281
12000,q_layernorm,13,1.32477,1.33047,1.49219,0.84375
12000,q_layernorm,14,1.23407,1.23799,1.42969,0.980469
12000,q_layernorm,15,1.38934,1.39172,1.57812,1.11719
12000,q_layernorm,16,1.22992,1.23387,1.40625,0.902344
12000,q_layernorm,17,1.44867,1.45388,1.64062,1.15625
12000,q_layernorm,18,1.38394,1.39612,1.57031,0.765625
12000,q_layernorm,19,1.48022,1.48938,1.67188,1.07031
12000,q_layernorm,20,1.32672,1.34073,1.53125,0.65625
12000,q_layernorm,21,1.34439,1.36906,1.60156,0.527344
12000,q_layernorm,22,1.4183,1.45908,1.72656,0.181641
12000,q_layernorm,23,1.45941,1.46532,1.64844,1.03906
12000,q_layernorm,24,1.41235,1.41876,1.625,0.984375
12000,q_layernorm,25,1.3605,1.38751,1.64844,0.443359
12000,q_layernorm,26,1.27431,1.32111,1.60156,0.498047
12000,q_layernorm,27,1.39511,1.42474,1.70312,0.318359
12000,q_layernorm,28,1.23755,1.28394,1.57812,0.5
12000,q_layernorm,29,1.32939,1.3702,1.66406,0.451172
12000,q_layernorm,30,1.38348,1.39626,1.58594,0.808594
12000,q_layernorm,31,1.202,1.22841,1.46875,0.660156
12000,q_layernorm,32,1.35172,1.36205,1.55469,0.730469
12000,q_layernorm,33,1.19189,1.23514,1.51562,0.585938
12000,q_layernorm,34,1.25037,1.28431,1.54688,0.597656
12000,q_layernorm,35,1.35342,1.36303,1.5,0.816406
12000,q_layernorm,36,1.22742,1.25126,1.53125,0.675781
12000,q_layernorm,37,1.08813,1.1135,1.40625,0.722656
12000,q_layernorm,38,1.35913,1.3612,1.60156,1.11719
12000,q_layernorm,39,1.117,1.1391,1.42188,0.738281
12000,q_layernorm,40,1.12311,1.1534,1.42969,0.683594
12000,q_layernorm,41,1.11093,1.13901,1.4375,0.710938
12000,q_layernorm,42,1.07272,1.09919,1.42188,0.71875
12000,q_layernorm,43,1.10107,1.12627,1.48438,0.71875
12000,q_layernorm,44,1.09247,1.12425,1.42969,0.691406
12000,q_layernorm,45,1.14941,1.18608,1.47656,0.601562
12000,q_layernorm,46,1.16458,1.19665,1.50781,0.511719
12000,q_layernorm,47,1.11383,1.14612,1.48438,0.628906
12000,q_layernorm,48,1.26083,1.28449,1.53906,0.546875
12000,q_layernorm,49,1.14304,1.17954,1.48438,0.367188
12000,q_layernorm,50,1.23138,1.23971,1.4375,0.75
12000,q_layernorm,51,1.26913,1.28515,1.52344,0.65625
12000,q_layernorm,52,1.27554,1.28418,1.5625,0.78125
12000,q_layernorm,53,1.24416,1.27439,1.5,0.482422
12000,q_layernorm,54,1.18973,1.22561,1.5,0.507812
12000,q_layernorm,55,1.33984,1.34275,1.57812,1.13281
12000,q_layernorm,56,1.32446,1.32764,1.57031,1.0625
12000,q_layernorm,57,1.28589,1.29447,1.50781,0.652344
12000,q_layernorm,58,1.34705,1.35108,1.63281,1.15625
12000,q_layernorm,59,1.35681,1.35981,1.71094,1.16406
12000,q_layernorm,60,1.28595,1.28868,1.53906,1.07812
12000,q_layernorm,61,1.25568,1.26137,1.60156,1.02344
12000,q_layernorm,62,1.22461,1.22758,1.44531,1.07031
12000,q_layernorm,63,1.12234,1.12386,1.28906,0.964844
12000,k_layernorm,0,0.984039,0.992258,1.15625,0.640625
12000,k_layernorm,1,1.29529,1.29782,1.54688,1.11719
12000,k_layernorm,2,1.34692,1.34895,1.5625,1.14844
12000,k_layernorm,3,1.42139,1.4254,1.63281,1.11719
12000,k_layernorm,4,1.36896,1.37189,1.53125,1.13281
12000,k_layernorm,5,1.37488,1.37804,1.53906,1.15625
12000,k_layernorm,6,1.48041,1.48632,1.66406,1.07031
12000,k_layernorm,7,1.4376,1.46358,1.82812,0.0800781
12000,k_layernorm,8,1.41858,1.42531,1.61719,1
12000,k_layernorm,9,1.36472,1.36936,1.5625,0.90625
12000,k_layernorm,10,1.39966,1.4037,1.55469,1.10938
12000,k_layernorm,11,1.41592,1.42101,1.57031,0.988281
12000,k_layernorm,12,1.34167,1.34383,1.49219,1.14062
12000,k_layernorm,13,1.31152,1.31861,1.54688,0.769531
12000,k_layernorm,14,1.22336,1.22736,1.39844,0.90625
12000,k_layernorm,15,1.37524,1.37816,1.58594,1.08594
12000,k_layernorm,16,1.22278,1.22772,1.44531,0.832031
12000,k_layernorm,17,1.44373,1.44864,1.64062,1.125
12000,k_layernorm,18,1.36954,1.38342,1.58594,0.710938
12000,k_layernorm,19,1.46115,1.4721,1.66406,0.859375
12000,k_layernorm,20,1.31381,1.32865,1.57812,0.660156
12000,k_layernorm,21,1.32716,1.35472,1.625,0.416016
12000,k_layernorm,22,1.40505,1.44413,1.6875,0.22168
12000,k_layernorm,23,1.44479,1.45223,1.64844,0.980469
12000,k_layernorm,24,1.39468,1.40191,1.625,0.800781
12000,k_layernorm,25,1.33868,1.36796,1.6875,0.453125
12000,k_layernorm,26,1.26123,1.3089,1.60156,0.515625
12000,k_layernorm,27,1.37047,1.404,1.72656,0.314453
12000,k_layernorm,28,1.22607,1.27345,1.5625,0.482422
12000,k_layernorm,29,1.30624,1.3503,1.625,0.492188
12000,k_layernorm,30,1.36285,1.38111,1.57812,0.613281
12000,k_layernorm,31,1.19333,1.22025,1.45312,0.640625
12000,k_layernorm,32,1.32935,1.34481,1.5625,0.671875
12000,k_layernorm,33,1.18024,1.22495,1.52344,0.574219
12000,k_layernorm,34,1.23795,1.27612,1.57812,0.550781
12000,k_layernorm,35,1.31821,1.33747,1.51562,0.609375
12000,k_layernorm,36,1.21786,1.24459,1.59375,0.65625
12000,k_layernorm,37,1.08957,1.11432,1.40625,0.722656
12000,k_layernorm,38,1.3396,1.34469,1.60938,0.957031
12000,k_layernorm,39,1.11774,1.1396,1.4375,0.742188
12000,k_layernorm,40,1.11948,1.14966,1.42969,0.695312
12000,k_layernorm,41,1.11127,1.13876,1.4375,0.710938
12000,k_layernorm,42,1.07413,1.09969,1.42188,0.726562
12000,k_layernorm,43,1.10077,1.12569,1.52344,0.730469
12000,k_layernorm,44,1.09363,1.12489,1.42969,0.707031
12000,k_layernorm,45,1.13843,1.17695,1.48438,0.597656
12000,k_layernorm,46,1.15762,1.19193,1.55469,0.539062
12000,k_layernorm,47,1.10706,1.13886,1.50781,0.640625
12000,k_layernorm,48,1.24683,1.27401,1.5625,0.46875
12000,k_layernorm,49,1.12814,1.16552,1.40625,0.333984
12000,k_layernorm,50,1.22702,1.23587,1.4375,0.746094
12000,k_layernorm,51,1.24283,1.26446,1.51562,0.503906
12000,k_layernorm,52,1.26025,1.27308,1.60938,0.707031
12000,k_layernorm,53,1.2346,1.2653,1.52344,0.482422
12000,k_layernorm,54,1.18069,1.21744,1.50781,0.503906
12000,k_layernorm,55,1.32397,1.32858,1.63281,0.894531
12000,k_layernorm,56,1.30667,1.3121,1.54688,0.730469
12000,k_layernorm,57,1.2773,1.2876,1.52344,0.494141
12000,k_layernorm,58,1.32837,1.33189,1.53125,1.14062
12000,k_layernorm,59,1.34344,1.34601,1.52344,1.15625
12000,k_layernorm,60,1.26306,1.2678,1.53906,0.984375
12000,k_layernorm,61,1.2406,1.24518,1.60938,1.05469
12000,k_layernorm,62,1.21234,1.21564,1.45312,1.0625
12000,k_layernorm,63,1.11996,1.12157,1.28125,0.964844
12000,final_layernorm,-1,1.55484,1.55901,2.76562,1.17969
16000,linear_qkv,0,0.753243,0.754953,0.972656,0.644531
16000,linear_qkv,1,0.813517,0.813817,0.949219,0.667969
16000,linear_qkv,2,0.927412,0.92781,1.01562,0.574219
16000,linear_qkv,3,0.988409,0.988808,1.10156,0.730469
16000,linear_qkv,4,0.986161,0.986511,1.09375,0.652344
16000,linear_qkv,5,1.04995,1.05033,1.13281,0.695312
16000,linear_qkv,6,1.10051,1.10108,1.21875,0.800781
16000,linear_qkv,7,1.13818,1.13866,1.24219,0.851562
16000,linear_qkv,8,1.10432,1.10492,1.21094,0.683594
16000,linear_qkv,9,0.99638,0.996749,1.07031,0.679688
16000,linear_qkv,10,1.03551,1.03588,1.11719,0.714844
16000,linear_qkv,11,1.03471,1.03519,1.125,0.632812
16000,linear_qkv,12,0.993626,0.993929,1.0625,0.6875
16000,linear_qkv,13,0.981342,0.981644,1.07031,0.632812
16000,linear_qkv,14,0.92338,0.923638,0.996094,0.660156
16000,linear_qkv,15,1.02081,1.02119,1.125,0.691406
16000,linear_qkv,16,0.965697,0.965912,1.04688,0.722656
16000,linear_qkv,17,1.14726,1.14771,1.26562,0.792969
16000,linear_qkv,18,1.04659,1.04702,1.15625,0.726562
16000,linear_qkv,19,1.13849,1.13898,1.25,0.761719
16000,linear_qkv,20,1.01269,1.01301,1.09375,0.699219
16000,linear_qkv,21,1.01232,1.01259,1.10156,0.757812
16000,linear_qkv,22,1.19517,1.1957,1.30469,0.894531
16000,linear_qkv,23,1.1813,1.18176,1.29688,0.832031
16000,linear_qkv,24,1.13194,1.13238,1.24219,0.800781
16000,linear_qkv,25,1.08138,1.08178,1.17969,0.722656
16000,linear_qkv,26,1.03949,1.03986,1.14062,0.683594
16000,linear_qkv,27,1.18441,1.18495,1.3125,0.800781
16000,linear_qkv,28,1.07883,1.07932,1.1875,0.777344
16000,linear_qkv,29,1.11243,1.1129,1.22656,0.757812
16000,linear_qkv,30,1.14748,1.14802,1.26562,0.753906
16000,linear_qkv,31,0.967282,0.967546,1.03906,0.722656
16000,linear_qkv,32,1.01511,1.01543,1.10938,0.714844
16000,linear_qkv,33,0.997016,0.997405,1.08594,0.675781
16000,linear_qkv,34,1.05924,1.05963,1.15625,0.71875
16000,linear_qkv,35,1.01716,1.01751,1.09375,0.691406
16000,linear_qkv,36,0.937483,0.9378,1.01562,0.632812
16000,linear_qkv,37,0.855775,0.856066,0.929688,0.621094
16000,linear_qkv,38,0.954255,0.954552,1.03125,0.714844
16000,linear_qkv,39,0.858109,0.858395,0.933594,0.636719
16000,linear_qkv,40,0.893801,0.89411,0.972656,0.625
16000,linear_qkv,41,0.870843,0.871142,0.945312,0.601562
16000,linear_qkv,42,0.858369,0.858672,0.941406,0.628906
16000,linear_qkv,43,0.867684,0.867974,0.949219,0.625
16000,linear_qkv,44,0.881019,0.881305,0.957031,0.632812
16000,linear_qkv,45,0.95016,0.950514,1.03906,0.675781
16000,linear_qkv,46,0.97129,0.971657,1.05469,0.671875
16000,linear_qkv,47,0.930219,0.930547,1.02344,0.699219
16000,linear_qkv,48,1.03594,1.0364,1.125,0.714844
16000,linear_qkv,49,1.0332,1.03372,1.14062,0.726562
16000,linear_qkv,50,0.954036,0.95437,1.03906,0.710938
16000,linear_qkv,51,0.989592,0.98999,1.07031,0.671875
16000,linear_qkv,52,0.961479,0.961777,1.03125,0.714844
16000,linear_qkv,53,1.05538,1.05609,1.15625,0.71875
16000,linear_qkv,54,1.01586,1.01642,1.10156,0.714844
16000,linear_qkv,55,1.07138,1.07199,1.1875,0.796875
16000,linear_qkv,56,1.04111,1.04167,1.11719,0.734375
16000,linear_qkv,57,1.06735,1.06833,1.21875,0.726562
16000,linear_qkv,58,1.08169,1.08243,1.1875,0.738281
16000,linear_qkv,59,1.06101,1.06175,1.15625,0.71875
16000,linear_qkv,60,1.01239,1.01283,1.08594,0.773438
16000,linear_qkv,61,1.02937,1.02997,1.14844,0.71875
16000,linear_qkv,62,0.997468,0.997685,1.07812,0.832031
16000,linear_qkv,63,0.976781,0.976929,1.03125,0.871094
16000,linear_fc1,0,0.793016,0.794283,0.917969,0.233398
16000,linear_fc1,1,0.906073,0.9077,1.00781,0.135742
16000,linear_fc1,2,0.897491,0.898529,0.96875,0.108887
16000,linear_fc1,3,0.829575,0.830277,0.914062,0.208008
16000,linear_fc1,4,0.803802,0.804391,0.890625,0.239258
16000,linear_fc1,5,0.726332,0.726759,0.804688,0.259766
16000,linear_fc1,6,0.674019,0.674442,0.742188,0.205078
16000,linear_fc1,7,0.669729,0.670157,0.738281,0.172852
16000,linear_fc1,8,0.686723,0.687119,0.746094,0.150391
16000,linear_fc1,9,0.709891,0.710279,0.777344,0.164062
16000,linear_fc1,10,0.71259,0.712977,0.773438,0.15918
16000,linear_fc1,11,0.725072,0.725436,0.789062,0.141602
16000,linear_fc1,12,0.738185,0.73855,0.804688,0.167969
16000,linear_fc1,13,0.752098,0.752449,0.816406,0.166016
16000,linear_fc1,14,0.757638,0.757975,0.824219,0.165039
16000,linear_fc1,15,0.759193,0.759502,0.816406,0.208984
16000,linear_fc1,16,0.752169,0.752472,0.824219,0.244141
16000,linear_fc1,17,0.735101,0.735379,0.804688,0.28125
16000,linear_fc1,18,0.73847,0.738759,0.804688,0.267578
16000,linear_fc1,19,0.749249,0.74954,0.8125,0.204102
16000,linear_fc1,20,0.759607,0.759887,0.820312,0.251953
16000,linear_fc1,21,0.765551,0.765821,0.828125,0.322266
16000,linear_fc1,22,0.773321,0.773594,0.851562,0.292969
16000,linear_fc1,23,0.77636,0.776632,0.839844,0.261719
16000,linear_fc1,24,0.786176,0.786455,0.851562,0.287109
16000,linear_fc1,25,0.801581,0.80186,0.863281,0.291016
16000,linear_fc1,26,0.813102,0.813385,0.878906,0.291016
16000,linear_fc1,27,0.826021,0.826309,0.890625,0.308594
16000,linear_fc1,28,0.837644,0.837933,0.90625,0.318359
16000,linear_fc1,29,0.848442,0.848734,0.921875,0.316406
16000,linear_fc1,30,0.862752,0.863018,0.921875,0.365234
16000,linear_fc1,31,0.874895,0.875177,0.929688,0.328125
16000,linear_fc1,32,0.885378,0.885682,0.941406,0.285156
16000,linear_fc1,33,0.897441,0.897764,0.957031,0.249023
16000,linear_fc1,34,0.912115,0.912442,0.972656,0.237305
16000,linear_fc1,35,0.92483,0.925181,0.988281,0.198242
16000,linear_fc1,36,0.937018,0.937394,0.988281,0.197266
16000,linear_fc1,37,0.950192,0.950609,1,0.164062
16000,linear_fc1,38,0.960958,0.961412,1.01562,0.171875
16000,linear_fc1,39,0.971528,0.972028,1.02344,0.117676
16000,linear_fc1,40,0.982315,0.982856,1.03906,0.155273
16000,linear_fc1,41,0.993134,0.993715,1.05469,0.147461
16000,linear_fc1,42,1.00256,1.00318,1.0625,0.154297
16000,linear_fc1,43,1.01275,1.01341,1.07031,0.182617
16000,linear_fc1,44,1.0211,1.0218,1.09375,0.165039
16000,linear_fc1,45,1.02952,1.03026,1.10156,0.206055
16000,linear_fc1,46,1.03863,1.03941,1.10156,0.246094
16000,linear_fc1,47,1.0465,1.04733,1.10938,0.269531
16000,linear_fc1,48,1.05374,1.05464,1.13281,0.292969
16000,linear_fc1,49,1.06305,1.06399,1.14062,0.347656
16000,linear_fc1,50,1.07069,1.07169,1.14062,0.337891
16000,linear_fc1,51,1.07861,1.07967,1.16406,0.378906
16000,linear_fc1,52,1.08512,1.08623,1.17969,0.384766
16000,linear_fc1,53,1.09334,1.09445,1.17969,0.427734
16000,linear_fc1,54,1.10227,1.10336,1.21094,0.460938
16000,linear_fc1,55,1.10771,1.10882,1.23438,0.490234
16000,linear_fc1,56,1.11645,1.11752,1.25781,0.539062
16000,linear_fc1,57,1.12806,1.12904,1.28906,0.613281
16000,linear_fc1,58,1.13784,1.13874,1.3125,0.65625
16000,linear_fc1,59,1.14881,1.14966,1.34375,0.746094
16000,linear_fc1,60,1.15723,1.15803,1.38281,0.789062
16000,linear_fc1,61,1.15683,1.15751,1.35156,0.855469
16000,linear_fc1,62,1.11847,1.11892,1.29688,0.910156
16000,linear_fc1,63,1.0455,1.04563,1.14062,0.917969
16000,q_layernorm,0,0.999496,1.01434,1.28906,0.472656
16000,q_layernorm,1,1.36499,1.36858,1.70312,1.14062
16000,q_layernorm,2,1.40222,1.40556,1.65625,1.16406
16000,q_layernorm,3,1.48248,1.48812,1.72656,1.21094
16000,q_layernorm,4,1.41907,1.42304,1.59375,1.17969
16000,q_layernorm,5,1.41187,1.41608,1.60156,1.1875
16000,q_layernorm,6,1.55817,1.56737,1.80469,1.09375
16000,q_layernorm,7,1.50538,1.5356,1.875,0.121582
16000,q_layernorm,8,1.47104,1.48167,1.67188,0.855469
16000,q_layernorm,9,1.43188,1.43769,1.65625,1.0625
16000,q_layernorm,10,1.47473,1.4783,1.66406,1.1875
16000,q_layernorm,11,1.4873,1.49309,1.66406,1.10156
16000,q_layernorm,12,1.41492,1.41799,1.58594,1.13281
16000,q_layernorm,13,1.37424,1.38332,1.53906,0.605469
16000,q_layernorm,14,1.29507,1.30103,1.53906,0.960938
16000,q_layernorm,15,1.44879,1.4533,1.65625,1.05469
16000,q_layernorm,16,1.29474,1.29962,1.48438,0.921875
16000,q_layernorm,17,1.49365,1.50116,1.72656,1.14062
16000,q_layernorm,18,1.43738,1.45997,1.66406,0.535156
16000,q_layernorm,19,1.51611,1.53182,1.74219,0.84375
16000,q_layernorm,20,1.37709,1.3973,1.625,0.478516
16000,q_layernorm,21,1.38211,1.41617,1.67969,0.234375
16000,q_layernorm,22,1.4683,1.52165,1.8125,0.0893555
16000,q_layernorm,23,1.48566,1.49534,1.70312,0.84375
16000,q_layernorm,24,1.4502,1.45966,1.6875,0.859375
16000,q_layernorm,25,1.39753,1.4413,1.73438,0.201172
16000,q_layernorm,26,1.2787,1.35181,1.67188,0.255859
16000,q_layernorm,27,1.42965,1.47375,1.79688,0.108887
16000,q_layernorm,28,1.23953,1.31136,1.65625,0.287109
16000,q_layernorm,29,1.33602,1.40039,1.73438,0.202148
16000,q_layernorm,30,1.3867,1.4114,1.65625,0.404297
16000,q_layernorm,31,1.23486,1.26966,1.52344,0.550781
16000,q_layernorm,32,1.38312,1.40163,1.64062,0.482422
16000,q_layernorm,33,1.19559,1.26014,1.60156,0.429688
16000,q_layernorm,34,1.26695,1.31957,1.63281,0.359375
16000,q_layernorm,35,1.39932,1.41474,1.59375,0.683594
16000,q_layernorm,36,1.25531,1.28899,1.57812,0.554688
16000,q_layernorm,37,1.10461,1.13661,1.46094,0.683594
16000,q_layernorm,38,1.42212,1.42496,1.75781,1.15625
16000,q_layernorm,39,1.17047,1.1956,1.50781,0.730469
16000,q_layernorm,40,1.14938,1.19082,1.50781,0.632812
16000,q_layernorm,41,1.14203,1.1797,1.52344,0.667969
16000,q_layernorm,42,1.0896,1.12455,1.5,0.675781
16000,q_layernorm,43,1.13422,1.16502,1.5625,0.675781
16000,q_layernorm,44,1.11105,1.15335,1.50781,0.640625
16000,q_layernorm,45,1.15826,1.21167,1.53906,0.492188
16000,q_layernorm,46,1.18596,1.23335,1.5625,0.34375
16000,q_layernorm,47,1.13138,1.17686,1.53906,0.53125
16000,q_layernorm,48,1.28696,1.32199,1.58594,0.382812
16000,q_layernorm,49,1.15565,1.21,1.53906,0.198242
16000,q_layernorm,50,1.27277,1.28459,1.51562,0.714844
16000,q_layernorm,51,1.29837,1.32295,1.60156,0.527344
16000,q_layernorm,52,1.31046,1.32296,1.65625,0.714844
16000,q_layernorm,53,1.25706,1.30171,1.5625,0.324219
16000,q_layernorm,54,1.20682,1.25656,1.5625,0.390625
16000,q_layernorm,55,1.38147,1.38562,1.6875,1.10156
16000,q_layernorm,56,1.36298,1.3677,1.64844,0.960938
16000,q_layernorm,57,1.32048,1.33458,1.58594,0.482422
16000,q_layernorm,58,1.4024,1.40635,1.67969,1.21094
16000,q_layernorm,59,1.39929,1.40277,1.75781,1.15625
16000,q_layernorm,60,1.33862,1.34246,1.61719,1.05469
16000,q_layernorm,61,1.30035,1.30731,1.67969,1.00781
16000,q_layernorm,62,1.25891,1.2624,1.51562,1.08594
16000,q_layernorm,63,1.14334,1.14512,1.33594,0.996094
16000,k_layernorm,0,0.995468,1.01176,1.26562,0.482422
16000,k_layernorm,1,1.35358,1.35624,1.59375,1.14062
16000,k_layernorm,2,1.39056,1.39403,1.63281,1.125
16000,k_layernorm,3,1.46838,1.47495,1.75781,1.03906
16000,k_layernorm,4,1.40527,1.41011,1.59375,1.09375
16000,k_layernorm,5,1.40448,1.40925,1.60938,1.14844
16000,k_layernorm,6,1.53894,1.54808,1.78906,1.02344
16000,k_layernorm,7,1.48006,1.51325,1.92188,0.00787354
16000,k_layernorm,8,1.45947,1.47054,1.67969,0.855469
16000,k_layernorm,9,1.40543,1.41448,1.61719,0.796875
16000,k_layernorm,10,1.45056,1.45739,1.89844,1.07031
16000,k_layernorm,11,1.46863,1.47847,1.75781,0.886719
16000,k_layernorm,12,1.39764,1.40064,1.57031,1.14062
16000,k_layernorm,13,1.35925,1.37012,1.59375,0.632812
16000,k_layernorm,14,1.28162,1.28793,1.51562,0.863281
16000,k_layernorm,15,1.43121,1.43661,1.66406,1.02344
16000,k_layernorm,16,1.28558,1.29269,1.59375,0.761719
16000,k_layernorm,17,1.487,1.4943,1.72656,1.07812
16000,k_layernorm,18,1.41794,1.44489,1.67188,0.410156
16000,k_layernorm,19,1.4931,1.51225,1.75,0.582031
16000,k_layernorm,20,1.36034,1.38226,1.65625,0.443359
16000,k_layernorm,21,1.36143,1.3998,1.70312,0.175781
16000,k_layernorm,22,1.45214,1.5033,1.75781,0.105957
16000,k_layernorm,23,1.46893,1.48096,1.6875,0.839844
16000,k_layernorm,24,1.42941,1.44092,1.67969,0.519531
16000,k_layernorm,25,1.37025,1.41831,1.77344,0.18457
16000,k_layernorm,26,1.26387,1.33834,1.66406,0.304688
16000,k_layernorm,27,1.39793,1.44928,1.82031,0.0703125
16000,k_layernorm,28,1.22421,1.29816,1.625,0.277344
16000,k_layernorm,29,1.30704,1.37599,1.6875,0.277344
16000,k_layernorm,30,1.35965,1.39389,1.65625,0.238281
16000,k_layernorm,31,1.22174,1.25882,1.52344,0.53125
16000,k_layernorm,32,1.35274,1.38019,1.63281,0.421875
16000,k_layernorm,33,1.17827,1.2462,1.60938,0.449219
16000,k_layernorm,34,1.2457,1.30859,1.64062,0.373047
16000,k_layernorm,35,1.35135,1.38363,1.59375,0.394531
16000,k_layernorm,36,1.23938,1.27917,1.66406,0.535156
16000,k_layernorm,37,1.10535,1.13698,1.46094,0.6875
16000,k_layernorm,38,1.39963,1.40666,1.75781,0.933594
16000,k_layernorm,39,1.16827,1.19431,1.52344,0.734375
16000,k_layernorm,40,1.14127,1.18361,1.50781,0.632812
16000,k_layernorm,41,1.14105,1.17814,1.51562,0.65625
16000,k_layernorm,42,1.09137,1.12527,1.5,0.683594
16000,k_layernorm,43,1.1315,1.16333,1.625,0.695312
16000,k_layernorm,44,1.11038,1.15224,1.49219,0.648438
16000,k_layernorm,45,1.14314,1.19996,1.5625,0.472656
16000,k_layernorm,46,1.17389,1.22641,1.64844,0.394531
16000,k_layernorm,47,1.12158,1.16695,1.59375,0.523438
16000,k_layernorm,48,1.26572,1.30803,1.60156,0.302734
16000,k_layernorm,49,1.13773,1.19373,1.48438,0.183594
16000,k_layernorm,50,1.26505,1.27822,1.5,0.65625
16000,k_layernorm,51,1.26263,1.29786,1.60156,0.328125
16000,k_layernorm,52,1.29227,1.31127,1.70312,0.574219
16000,k_layernorm,53,1.24628,1.29215,1.58594,0.330078
16000,k_layernorm,54,1.19566,1.24773,1.57031,0.396484
16000,k_layernorm,55,1.36078,1.36884,1.73438,0.667969
16000,k_layernorm,56,1.34161,1.3505,1.67969,0.535156
16000,k_layernorm,57,1.31027,1.32688,1.60156,0.3125
16000,k_layernorm,58,1.383,1.38672,1.60938,1.17188
16000,k_layernorm,59,1.38611,1.38925,1.57812,1.13281
16000,k_layernorm,60,1.31067,1.31779,1.60938,0.925781
16000,k_layernorm,61,1.28284,1.28869,1.70312,1.03906
16000,k_layernorm,62,1.24402,1.24779,1.50781,1.07812
16000,k_layernorm,63,1.14026,1.14213,1.3125,0.976562
16000,final_layernorm,-1,1.64644,1.652,3.5625,1.25781
20000,linear_qkv,0,0.640704,0.643897,0.957031,0.503906
20000,linear_qkv,1,0.750377,0.750805,0.917969,0.515625
20000,linear_qkv,2,0.889754,0.89035,0.988281,0.361328
20000,linear_qkv,3,0.961947,0.962493,1.08594,0.585938
20000,linear_qkv,4,0.962481,0.962969,1.07031,0.486328
20000,linear_qkv,5,1.03373,1.03423,1.13281,0.542969
20000,linear_qkv,6,1.09032,1.09099,1.21875,0.695312
20000,linear_qkv,7,1.14477,1.14534,1.25781,0.789062
20000,linear_qkv,8,1.10999,1.11072,1.22656,0.582031
20000,linear_qkv,9,1.00658,1.00713,1.10156,0.558594
20000,linear_qkv,10,1.04546,1.04598,1.13281,0.621094
20000,linear_qkv,11,1.05565,1.05632,1.17188,0.574219
20000,linear_qkv,12,1.00692,1.00734,1.09375,0.601562
20000,linear_qkv,13,0.997684,0.998133,1.10156,0.5625
20000,linear_qkv,14,0.938507,0.938887,1.02344,0.59375
20000,linear_qkv,15,1.04931,1.04984,1.17188,0.644531
20000,linear_qkv,16,0.991937,0.992257,1.07812,0.679688
20000,linear_qkv,17,1.18027,1.18079,1.3125,0.761719
20000,linear_qkv,18,1.08607,1.08667,1.21875,0.683594
20000,linear_qkv,19,1.18011,1.1807,1.30469,0.722656
20000,linear_qkv,20,1.04864,1.0491,1.14062,0.652344
20000,linear_qkv,21,1.03324,1.03358,1.125,0.707031
20000,linear_qkv,22,1.24759,1.2482,1.375,0.847656
20000,linear_qkv,23,1.22741,1.22792,1.35938,0.765625
20000,linear_qkv,24,1.17448,1.175,1.29688,0.738281
20000,linear_qkv,25,1.1116,1.11212,1.22656,0.632812
20000,linear_qkv,26,1.0686,1.06911,1.17969,0.59375
20000,linear_qkv,27,1.23057,1.23123,1.38281,0.726562
20000,linear_qkv,28,1.12179,1.12252,1.23438,0.703125
20000,linear_qkv,29,1.15754,1.15821,1.28906,0.621094
20000,linear_qkv,30,1.21034,1.2111,1.35156,0.6875
20000,linear_qkv,31,0.992777,0.993184,1.08594,0.664062
20000,linear_qkv,32,1.05271,1.05318,1.16406,0.644531
20000,linear_qkv,33,1.03654,1.03718,1.14844,0.574219
20000,linear_qkv,34,1.11275,1.11339,1.23438,0.625
20000,linear_qkv,35,1.06248,1.06302,1.15625,0.589844
20000,linear_qkv,36,0.960214,0.960727,1.05469,0.53125
20000,linear_qkv,37,0.842627,0.843046,0.9375,0.484375
20000,linear_qkv,38,0.970744,0.971162,1.07031,0.59375
20000,linear_qkv,39,0.850987,0.851401,0.9375,0.494141
20000,linear_qkv,40,0.898555,0.899024,0.980469,0.451172
20000,linear_qkv,41,0.870343,0.870796,0.957031,0.441406
20000,linear_qkv,42,0.8495,0.849947,0.941406,0.5
20000,linear_qkv,43,0.864346,0.864781,0.953125,0.472656
20000,linear_qkv,44,0.884406,0.884861,0.984375,0.46875
20000,linear_qkv,45,0.962344,0.962881,1.0625,0.53125
20000,linear_qkv,46,0.986622,0.987186,1.08594,0.515625
20000,linear_qkv,47,0.936893,0.937391,1.03906,0.59375
20000,linear_qkv,48,1.06279,1.06348,1.16406,0.609375
20000,linear_qkv,49,1.05313,1.0539,1.16406,0.589844
20000,linear_qkv,50,0.972488,0.973001,1.0625,0.589844
20000,linear_qkv,51,1.0178,1.01847,1.125,0.589844
20000,linear_qkv,52,0.988177,0.988654,1.07031,0.589844
20000,linear_qkv,53,1.09282,1.09394,1.22656,0.632812
20000,linear_qkv,54,1.04338,1.04429,1.14062,0.601562
20000,linear_qkv,55,1.107,1.1079,1.24219,0.695312
20000,linear_qkv,56,1.08218,1.08309,1.17969,0.640625
20000,linear_qkv,57,1.0968,1.09827,1.27344,0.65625
20000,linear_qkv,58,1.11969,1.12078,1.24219,0.714844
20000,linear_qkv,59,1.08521,1.08632,1.19531,0.664062
20000,linear_qkv,60,1.02912,1.02981,1.11719,0.722656
20000,linear_qkv,61,1.04306,1.04392,1.17969,0.707031
20000,linear_qkv,62,1.00219,1.00248,1.08594,0.820312
20000,linear_qkv,63,0.974749,0.974943,1.03906,0.851562
20000,linear_fc1,0,0.734043,0.735813,0.886719,0.152344
20000,linear_fc1,1,0.911334,0.913415,1.03125,0.0766602
20000,linear_fc1,2,0.911053,0.912336,0.992188,0.0612793
20000,linear_fc1,3,0.837336,0.838248,0.917969,0.116211
20000,linear_fc1,4,0.805685,0.806444,0.898438,0.139648
20000,linear_fc1,5,0.721334,0.721857,0.800781,0.151367
20000,linear_fc1,6,0.663793,0.664309,0.742188,0.124512
20000,linear_fc1,7,0.652044,0.65257,0.726562,0.104492
20000,linear_fc1,8,0.668753,0.669246,0.738281,0.0883789
20000,linear_fc1,9,0.691536,0.692008,0.761719,0.102051
20000,linear_fc1,10,0.691615,0.692095,0.765625,0.103027
20000,linear_fc1,11,0.702375,0.702818,0.769531,0.0888672
20000,linear_fc1,12,0.71553,0.715979,0.78125,0.107422
20000,linear_fc1,13,0.727929,0.728353,0.796875,0.106445
20000,linear_fc1,14,0.729504,0.729908,0.796875,0.105957
20000,linear_fc1,15,0.728341,0.728714,0.796875,0.143555
20000,linear_fc1,16,0.716063,0.716419,0.785156,0.172852
20000,linear_fc1,17,0.694586,0.69491,0.761719,0.223633
20000,linear_fc1,18,0.695155,0.695493,0.761719,0.196289
20000,linear_fc1,19,0.704609,0.704946,0.769531,0.136719
20000,linear_fc1,20,0.716015,0.716338,0.78125,0.185547
20000,linear_fc1,21,0.719343,0.719657,0.785156,0.241211
20000,linear_fc1,22,0.723173,0.7235,0.800781,0.201172
20000,linear_fc1,23,0.726422,0.72675,0.796875,0.176758
20000,linear_fc1,24,0.735269,0.735608,0.808594,0.183594
20000,linear_fc1,25,0.752405,0.752752,0.824219,0.179688
20000,linear_fc1,26,0.763229,0.763582,0.832031,0.176758
20000,linear_fc1,27,0.777331,0.777701,0.847656,0.1875
20000,linear_fc1,28,0.789791,0.790165,0.859375,0.185547
20000,linear_fc1,29,0.802077,0.802459,0.878906,0.139648
20000,linear_fc1,30,0.818714,0.819058,0.871094,0.198242
20000,linear_fc1,31,0.835076,0.835452,0.886719,0.15625
20000,linear_fc1,32,0.848207,0.848605,0.902344,0.126953
20000,linear_fc1,33,0.863876,0.864297,0.925781,0.106934
20000,linear_fc1,34,0.882595,0.883029,0.9375,0.0883789
20000,linear_fc1,35,0.899792,0.900256,0.957031,0.0539551
20000,linear_fc1,36,0.915858,0.916357,0.96875,0.052002
20000,linear_fc1,37,0.930684,0.93123,0.988281,0.0422363
20000,linear_fc1,38,0.943365,0.94396,0.996094,0.0400391
20000,linear_fc1,39,0.954697,0.955346,1.01562,0.0135498
20000,linear_fc1,40,0.966106,0.966807,1.01562,0.029541
20000,linear_fc1,41,0.977234,0.977981,1.03125,0.0280762
20000,linear_fc1,42,0.986513,0.987308,1.03906,0.0289307
20000,linear_fc1,43,0.996608,0.997447,1.05469,0.0424805
20000,linear_fc1,44,1.00419,1.00509,1.0625,0.0349121
20000,linear_fc1,45,1.01187,1.01284,1.07812,0.0507812
20000,linear_fc1,46,1.02005,1.02107,1.08594,0.0810547
20000,linear_fc1,47,1.02693,1.028,1.09375,0.0957031
20000,linear_fc1,48,1.03267,1.03382,1.125,0.112793
20000,linear_fc1,49,1.04213,1.04333,1.125,0.176758
20000,linear_fc1,50,1.04783,1.04909,1.125,0.169922
20000,linear_fc1,51,1.05447,1.0558,1.14844,0.216797
20000,linear_fc1,52,1.05955,1.06092,1.17188,0.231445
20000,linear_fc1,53,1.06643,1.06778,1.1875,0.273438
20000,linear_fc1,54,1.07418,1.07551,1.21094,0.324219
20000,linear_fc1,55,1.07656,1.07789,1.21875,0.349609
20000,linear_fc1,56,1.08244,1.08369,1.25,0.396484
20000,linear_fc1,57,1.09314,1.0943,1.30469,0.5
20000,linear_fc1,58,1.10214,1.10319,1.32812,0.5625
20000,linear_fc1,59,1.11403,1.11501,1.39062,0.640625
20000,linear_fc1,60,1.12763,1.12855,1.4375,0.667969
20000,linear_fc1,61,1.14115,1.14194,1.42969,0.71875
20000,linear_fc1,62,1.12038,1.12092,1.375,0.808594
20000,linear_fc1,63,1.05351,1.05368,1.19531,0.894531
20000,q_layernorm,0,1.00603,1.02574,1.35156,0.396484
20000,q_layernorm,1,1.4021,1.40589,1.75781,1.16406
20000,q_layernorm,2,1.42432,1.42908,1.71094,1.14062
20000,q_layernorm,3,1.5116,1.51898,1.77344,1.1875
20000,q_layernorm,4,1.43982,1.44509,1.63281,1.15625
20000,q_layernorm,5,1.42676,1.43215,1.63281,1.16406
20000,q_layernorm,6,1.60248,1.61419,1.88281,1.05469
20000,q_layernorm,7,1.53164,1.56512,1.91406,0.0961914
20000,q_layernorm,8,1.49966,1.51389,1.71094,0.714844
20000,q_layernorm,9,1.46283,1.47125,1.70312,0.945312
20000,q_layernorm,10,1.50818,1.51343,1.72656,1.15625
20000,q_layernorm,11,1.51892,1.52736,1.71875,1.03125
20000,q_layernorm,12,1.45154,1.45581,1.66406,1.10156
20000,q_layernorm,13,1.40576,1.4178,1.58594,0.445312
20000,q_layernorm,14,1.33609,1.34364,1.60156,0.921875
20000,q_layernorm,15,1.4809,1.48735,1.71875,0.976562
20000,q_layernorm,16,1.33173,1.33787,1.55469,0.910156
20000,q_layernorm,17,1.52191,1.5314,1.77344,1.11719
20000,q_layernorm,18,1.47993,1.50898,1.72656,0.382812
20000,q_layernorm,19,1.55161,1.5729,1.80469,0.605469
20000,q_layernorm,20,1.41376,1.43874,1.70312,0.322266
20000,q_layernorm,21,1.4136,1.45313,1.73438,0.130859
20000,q_layernorm,22,1.50523,1.56453,1.86719,0.041748
20000,q_layernorm,23,1.50519,1.51833,1.78125,0.65625
20000,q_layernorm,24,1.47614,1.48781,1.72656,0.769531
20000,q_layernorm,25,1.42276,1.47648,1.77344,0.108887
20000,q_layernorm,26,1.28232,1.3717,1.70312,0.152344
20000,q_layernorm,27,1.45228,1.5035,1.85938,0.0703125
20000,q_layernorm,28,1.24581,1.33378,1.67969,0.191406
20000,q_layernorm,29,1.34318,1.42108,1.76562,0.104004
20000,q_layernorm,30,1.38998,1.42319,1.67969,0.171875
20000,q_layernorm,31,1.25238,1.29615,1.55469,0.431641
20000,q_layernorm,32,1.40498,1.43122,1.69531,0.228516
20000,q_layernorm,33,1.19902,1.28153,1.64062,0.3125
20000,q_layernorm,34,1.27927,1.34751,1.70312,0.208008
20000,q_layernorm,35,1.42798,1.4486,1.65625,0.5625
20000,q_layernorm,36,1.28275,1.32507,1.63281,0.433594
20000,q_layernorm,37,1.14047,1.1745,1.51562,0.679688
20000,q_layernorm,38,1.47357,1.47688,1.88281,1.21875
20000,q_layernorm,39,1.23187,1.25655,1.59375,0.757812
20000,q_layernorm,40,1.18655,1.23386,1.57031,0.605469
20000,q_layernorm,41,1.18048,1.22296,1.57812,0.652344
20000,q_layernorm,42,1.11777,1.15722,1.54688,0.667969
20000,q_layernorm,43,1.17249,1.20566,1.625,0.6875
20000,q_layernorm,44,1.13895,1.18867,1.5625,0.605469
20000,q_layernorm,45,1.17006,1.23638,1.60156,0.400391
20000,q_layernorm,46,1.20542,1.26513,1.60156,0.243164
20000,q_layernorm,47,1.14676,1.20299,1.58594,0.458984
20000,q_layernorm,48,1.31403,1.35783,1.61719,0.275391
20000,q_layernorm,49,1.16958,1.23551,1.57812,0.119141
20000,q_layernorm,50,1.30478,1.31942,1.57031,0.667969
20000,q_layernorm,51,1.32339,1.35507,1.64844,0.402344
20000,q_layernorm,52,1.34042,1.35523,1.71875,0.621094
20000,q_layernorm,53,1.27239,1.32693,1.59375,0.227539
20000,q_layernorm,54,1.22079,1.28037,1.58594,0.332031
20000,q_layernorm,55,1.40985,1.41519,1.76562,1.07031
20000,q_layernorm,56,1.39035,1.39655,1.6875,0.855469
20000,q_layernorm,57,1.34573,1.36418,1.63281,0.351562
20000,q_layernorm,58,1.43829,1.4421,1.70312,1.23438
20000,q_layernorm,59,1.42419,1.42803,1.76562,1.13281
20000,q_layernorm,60,1.36633,1.37103,1.66406,1.03906
20000,q_layernorm,61,1.3302,1.33773,1.71875,1
20000,q_layernorm,62,1.27808,1.28183,1.5625,1.09375
20000,q_layernorm,63,1.1524,1.15435,1.35938,1
20000,k_layernorm,0,1.0005,1.02307,1.375,0.400391
20000,k_layernorm,1,1.39056,1.39337,1.625,1.14844
20000,k_layernorm,2,1.41168,1.41679,1.67188,1.09375
20000,k_layernorm,3,1.49619,1.50498,1.82812,0.988281
20000,k_layernorm,4,1.42542,1.43192,1.63281,1.0625
20000,k_layernorm,5,1.41888,1.42489,1.65625,1.13281
20000,k_layernorm,6,1.5806,1.59236,1.85938,0.964844
20000,k_layernorm,7,1.50311,1.54011,1.96094,0.00585938
20000,k_layernorm,8,1.48703,1.5019,1.73438,0.671875
20000,k_layernorm,9,1.42932,1.44318,1.67969,0.617188
20000,k_layernorm,10,1.4826,1.49234,2.125,1.01562
20000,k_layernorm,11,1.49585,1.51038,1.96875,0.792969
20000,k_layernorm,12,1.4328,1.43694,1.64062,1.125
20000,k_layernorm,13,1.38913,1.40343,1.61719,0.503906
20000,k_layernorm,14,1.32028,1.32894,1.58594,0.792969
20000,k_layernorm,15,1.46094,1.46879,1.70312,0.925781
20000,k_layernorm,16,1.32083,1.33037,1.6875,0.699219
20000,k_layernorm,17,1.51324,1.52265,1.77344,1.01562
20000,k_layernorm,18,1.45529,1.49158,1.78125,0.228516
20000,k_layernorm,19,1.52516,1.55157,1.82031,0.40625
20000,k_layernorm,20,1.39223,1.42064,1.71875,0.271484
20000,k_layernorm,21,1.38935,1.43414,1.74219,0.0800781
20000,k_layernorm,22,1.48695,1.544,1.83594,0.0693359
20000,k_layernorm,23,1.48764,1.50387,1.73438,0.710938
20000,k_layernorm,24,1.45322,1.4685,1.70312,0.304688
20000,k_layernorm,25,1.39208,1.45142,1.82812,0.100098
20000,k_layernorm,26,1.26537,1.35643,1.69531,0.173828
20000,k_layernorm,27,1.4159,1.47663,1.875,0.0324707
20000,k_layernorm,28,1.22792,1.31891,1.66406,0.177734
20000,k_layernorm,29,1.31027,1.39418,1.71875,0.1875
20000,k_layernorm,30,1.35997,1.40447,1.67969,0.0727539
20000,k_layernorm,31,1.23619,1.28378,1.5625,0.421875
20000,k_layernorm,32,1.36976,1.40744,1.66406,0.213867
20000,k_layernorm,33,1.17758,1.26438,1.64062,0.353516
20000,k_layernorm,34,1.25168,1.33386,1.71094,0.246094
20000,k_layernorm,35,1.37291,1.41544,1.65625,0.283203
20000,k_layernorm,36,1.26091,1.31178,1.70312,0.445312
20000,k_layernorm,37,1.13986,1.17381,1.53125,0.675781
20000,k_layernorm,38,1.45029,1.45827,1.875,0.941406
20000,k_layernorm,39,1.22513,1.25245,1.60938,0.75
20000,k_layernorm,40,1.1752,1.22433,1.57031,0.617188
20000,k_layernorm,41,1.17706,1.21892,1.57812,0.648438
20000,k_layernorm,42,1.11929,1.15761,1.54688,0.667969
20000,k_layernorm,43,1.16599,1.20199,1.71094,0.6875
20000,k_layernorm,44,1.13632,1.18602,1.57812,0.617188
20000,k_layernorm,45,1.15215,1.22295,1.60938,0.378906
20000,k_layernorm,46,1.18968,1.25668,1.71875,0.310547
20000,k_layernorm,47,1.13461,1.19122,1.66406,0.447266
20000,k_layernorm,48,1.28617,1.34031,1.625,0.193359
20000,k_layernorm,49,1.15001,1.21835,1.53125,0.09375
20000,k_layernorm,50,1.29568,1.31257,1.55469,0.5625
20000,k_layernorm,51,1.2807,1.32649,1.64844,0.242188
20000,k_layernorm,52,1.32024,1.34327,1.75,0.494141
20000,k_layernorm,53,1.25929,1.31606,1.625,0.232422
20000,k_layernorm,54,1.20776,1.27096,1.60938,0.328125
20000,k_layernorm,55,1.38538,1.39654,1.79688,0.527344
20000,k_layernorm,56,1.36629,1.37846,1.75781,0.349609
20000,k_layernorm,57,1.33513,1.35644,1.65625,0.212891
20000,k_layernorm,58,1.4176,1.42147,1.66406,1.17188
20000,k_layernorm,59,1.41095,1.41458,1.625,1.125
20000,k_layernorm,60,1.33664,1.34563,1.64844,0.871094
20000,k_layernorm,61,1.31201,1.31867,1.74219,1.02344
20000,k_layernorm,62,1.26306,1.26705,1.53125,1.07812
20000,k_layernorm,63,1.14963,1.15164,1.33594,0.976562
20000,final_layernorm,-1,1.69369,1.70082,4.3125,1.32031
24000,linear_qkv,0,0.538139,0.543036,0.941406,0.373047
24000,linear_qkv,1,0.696722,0.697278,0.894531,0.392578
24000,linear_qkv,2,0.853833,0.854608,0.964844,0.222656
24000,linear_qkv,3,0.936674,0.937341,1.07031,0.451172
24000,linear_qkv,4,0.938517,0.939137,1.0625,0.353516
24000,linear_qkv,5,1.01565,1.01626,1.11719,0.423828
24000,linear_qkv,6,1.07585,1.07664,1.21094,0.601562
24000,linear_qkv,7,1.1452,1.14586,1.27344,0.722656
24000,linear_qkv,8,1.10795,1.10881,1.23438,0.503906
24000,linear_qkv,9,1.01013,1.01084,1.125,0.458984
24000,linear_qkv,10,1.04788,1.04853,1.15625,0.535156
24000,linear_qkv,11,1.06594,1.06677,1.20312,0.519531
24000,linear_qkv,12,1.01351,1.01403,1.10156,0.535156
24000,linear_qkv,13,1.00938,1.00997,1.125,0.511719
24000,linear_qkv,14,0.952116,0.952617,1.05469,0.539062
24000,linear_qkv,15,1.06896,1.06961,1.20312,0.589844
24000,linear_qkv,16,1.01559,1.01602,1.11719,0.648438
24000,linear_qkv,17,1.20236,1.20293,1.34375,0.75
24000,linear_qkv,18,1.11513,1.11584,1.27344,0.65625
24000,linear_qkv,19,1.21076,1.21141,1.34375,0.710938
24000,linear_qkv,20,1.0773,1.07787,1.19531,0.632812
24000,linear_qkv,21,1.05293,1.05334,1.19531,0.683594
24000,linear_qkv,22,1.28514,1.28579,1.41406,0.820312
24000,linear_qkv,23,1.26312,1.26367,1.39844,0.738281
24000,linear_qkv,24,1.21119,1.21176,1.33594,0.714844
24000,linear_qkv,25,1.13676,1.13737,1.25781,0.589844
24000,linear_qkv,26,1.09239,1.09301,1.20312,0.546875
24000,linear_qkv,27,1.26952,1.27029,1.4375,0.675781
24000,linear_qkv,28,1.15841,1.15934,1.29688,0.652344
24000,linear_qkv,29,1.1946,1.19543,1.32031,0.558594
24000,linear_qkv,30,1.26355,1.26448,1.40625,0.632812
24000,linear_qkv,31,1.01889,1.01944,1.125,0.609375
24000,linear_qkv,32,1.08881,1.08943,1.20312,0.597656
24000,linear_qkv,33,1.07603,1.07689,1.21094,0.53125
24000,linear_qkv,34,1.1652,1.16606,1.30469,0.585938
24000,linear_qkv,35,1.10687,1.10761,1.22656,0.527344
24000,linear_qkv,36,0.988568,0.98928,1.11719,0.478516
24000,linear_qkv,37,0.838792,0.839338,0.945312,0.417969
24000,linear_qkv,38,0.990612,0.991134,1.09375,0.535156
24000,linear_qkv,39,0.854208,0.854741,0.9375,0.449219
24000,linear_qkv,40,0.910674,0.911309,1.00781,0.396484
24000,linear_qkv,41,0.878406,0.879023,0.976562,0.386719
24000,linear_qkv,42,0.849398,0.850012,0.949219,0.443359
24000,linear_qkv,43,0.868976,0.869572,0.960938,0.431641
24000,linear_qkv,44,0.895069,0.895708,0.992188,0.416016
24000,linear_qkv,45,0.978642,0.979357,1.09375,0.457031
24000,linear_qkv,46,1.00634,1.00709,1.13281,0.455078
24000,linear_qkv,47,0.946664,0.947316,1.05469,0.542969
24000,linear_qkv,48,1.09093,1.09184,1.21094,0.550781
24000,linear_qkv,49,1.07453,1.07551,1.21094,0.535156
24000,linear_qkv,50,0.994402,0.995091,1.09375,0.539062
24000,linear_qkv,51,1.04902,1.04998,1.17188,0.53125
24000,linear_qkv,52,1.01892,1.0196,1.10938,0.539062
24000,linear_qkv,53,1.13094,1.13243,1.26562,0.5625
24000,linear_qkv,54,1.07283,1.07409,1.1875,0.539062
24000,linear_qkv,55,1.14232,1.14348,1.28125,0.667969
24000,linear_qkv,56,1.12384,1.1251,1.23438,0.617188
24000,linear_qkv,57,1.12636,1.12825,1.32031,0.554688
24000,linear_qkv,58,1.15598,1.15738,1.28906,0.664062
24000,linear_qkv,59,1.10874,1.1102,1.23438,0.609375
24000,linear_qkv,60,1.04541,1.04636,1.14844,0.652344
24000,linear_qkv,61,1.05644,1.05755,1.21094,0.667969
24000,linear_qkv,62,1.00596,1.00631,1.10156,0.78125
24000,linear_qkv,63,0.973525,0.973761,1.0625,0.828125
24000,linear_fc1,0,0.688573,0.690773,0.863281,0.119629
24000,linear_fc1,1,0.911641,0.914034,1.03125,0.0576172
24000,linear_fc1,2,0.919812,0.921267,1.00781,0.046875
24000,linear_fc1,3,0.847164,0.848223,0.929688,0.0791016
24000,linear_fc1,4,0.811158,0.812021,0.898438,0.0942383
24000,linear_fc1,5,0.723298,0.723897,0.875,0.0820312
24000,linear_fc1,6,0.663155,0.663736,0.734375,0.0854492
24000,linear_fc1,7,0.646877,0.647474,0.722656,0.0737305
24000,linear_fc1,8,0.661388,0.661951,0.734375,0.0585938
24000,linear_fc1,9,0.681512,0.682059,0.757812,0.0678711
24000,linear_fc1,10,0.679561,0.680103,0.765625,0.0737305
24000,linear_fc1,11,0.687717,0.688221,0.757812,0.0617676
24000,linear_fc1,12,0.699417,0.699923,0.765625,0.0756836
24000,linear_fc1,13,0.710025,0.710503,0.78125,0.0756836
24000,linear_fc1,14,0.708026,0.708484,0.777344,0.0766602
24000,linear_fc1,15,0.704553,0.704968,0.769531,0.106934
24000,linear_fc1,16,0.689424,0.689818,0.761719,0.126953
24000,linear_fc1,17,0.666505,0.666863,0.734375,0.183594
24000,linear_fc1,18,0.6654,0.665764,0.734375,0.151367
24000,linear_fc1,19,0.674042,0.674402,0.746094,0.102539
24000,linear_fc1,20,0.685704,0.686046,0.757812,0.145508
24000,linear_fc1,21,0.688015,0.688353,0.75,0.191406
24000,linear_fc1,22,0.689373,0.689735,0.777344,0.147461
24000,linear_fc1,23,0.69261,0.69297,0.753906,0.132812
24000,linear_fc1,24,0.701855,0.702226,0.773438,0.130859
24000,linear_fc1,25,0.719778,0.720168,0.785156,0.123047
24000,linear_fc1,26,0.730678,0.731076,0.804688,0.118652
24000,linear_fc1,27,0.746079,0.746499,0.820312,0.125
24000,linear_fc1,28,0.759691,0.760119,0.835938,0.119141
24000,linear_fc1,29,0.772904,0.77334,0.847656,0.0703125
24000,linear_fc1,30,0.791651,0.792048,0.851562,0.129883
24000,linear_fc1,31,0.809729,0.810159,0.863281,0.0922852
24000,linear_fc1,32,0.824105,0.824561,0.875,0.0644531
24000,linear_fc1,33,0.841348,0.841833,0.894531,0.0515137
24000,linear_fc1,34,0.862001,0.862503,0.914062,0.0341797
24000,linear_fc1,35,0.883004,0.883537,0.949219,0.0123901
24000,linear_fc1,36,0.900976,0.901543,0.953125,0.013916
24000,linear_fc1,37,0.916913,0.917532,0.976562,0.00842285
24000,linear_fc1,38,0.930915,0.931586,0.984375,0.0113525
24000,linear_fc1,39,0.942833,0.943561,1.00781,0.00366211
24000,linear_fc1,40,0.954186,0.954977,1.00781,0.00665283
24000,linear_fc1,41,0.965285,0.966123,1.01562,0.00805664
24000,linear_fc1,42,0.97445,0.975349,1.03125,0.00811768
24000,linear_fc1,43,0.984028,0.984977,1.03906,0.0128174
24000,linear_fc1,44,0.991059,0.992084,1.05469,0.00946045
24000,linear_fc1,45,0.998208,0.999297,1.07812,0.0112915
24000,linear_fc1,46,1.00584,1.007,1.07812,0.0291748
24000,linear_fc1,47,1.01186,1.01307,1.10156,0.0393066
24000,linear_fc1,48,1.01649,1.01779,1.10156,0.0393066
24000,linear_fc1,49,1.02569,1.02705,1.10938,0.0922852
24000,linear_fc1,50,1.03038,1.03181,1.11719,0.0883789
24000,linear_fc1,51,1.03615,1.03763,1.13281,0.125977
24000,linear_fc1,52,1.03988,1.04141,1.14844,0.141602
24000,linear_fc1,53,1.04578,1.04729,1.16406,0.175781
24000,linear_fc1,54,1.05273,1.05421,1.22656,0.232422
24000,linear_fc1,55,1.05296,1.05445,1.22656,0.244141
24000,linear_fc1,56,1.05789,1.05929,1.28125,0.279297
24000,linear_fc1,57,1.06729,1.06861,1.33594,0.404297
24000,linear_fc1,58,1.07454,1.07573,1.375,0.46875
24000,linear_fc1,59,1.08263,1.08376,1.42188,0.5
24000,linear_fc1,60,1.097,1.09809,1.48438,0.5625
24000,linear_fc1,61,1.11892,1.11983,1.47656,0.648438
24000,linear_fc1,62,1.11526,1.11587,1.4375,0.757812
24000,linear_fc1,63,1.0629,1.06313,1.24219,0.882812
24000,q_layernorm,0,1.02635,1.04908,1.40625,0.373047
24000,q_layernorm,1,1.43298,1.43705,1.8125,1.17969
24000,q_layernorm,2,1.44312,1.44904,1.75,1.13281
24000,q_layernorm,3,1.53625,1.54505,1.80469,1.17188
24000,q_layernorm,4,1.45862,1.4649,1.67188,1.13281
24000,q_layernorm,5,1.44067,1.44694,1.66406,1.125
24000,q_layernorm,6,1.63855,1.65205,1.94531,1.02344
24000,q_layernorm,7,1.55392,1.58936,1.94531,0.0981445
24000,q_layernorm,8,1.52615,1.54299,1.75,0.59375
24000,q_layernorm,9,1.48746,1.49874,1.75,0.800781
24000,q_layernorm,10,1.5379,1.54474,1.77344,1.10938
24000,q_layernorm,11,1.54391,1.55483,1.76562,0.953125
24000,q_layernorm,12,1.48199,1.48753,1.73438,1.07031
24000,q_layernorm,13,1.4325,1.44751,1.625,0.232422
24000,q_layernorm,14,1.37073,1.38031,1.64062,0.882812
24000,q_layernorm,15,1.50894,1.51716,1.77344,0.894531
24000,q_layernorm,16,1.36002,1.36739,1.625,0.902344
24000,q_layernorm,17,1.54852,1.5598,1.8125,1.09375
24000,q_layernorm,18,1.51456,1.54713,1.76562,0.328125
24000,q_layernorm,19,1.58488,1.6101,1.85938,0.451172
24000,q_layernorm,20,1.4456,1.47384,1.76562,0.210938
24000,q_layernorm,21,1.44248,1.48514,1.79688,0.100586
24000,q_layernorm,22,1.53871,1.60159,1.92188,0.0236816
24000,q_layernorm,23,1.52559,1.54173,1.83594,0.490234
24000,q_layernorm,24,1.50024,1.51373,1.77344,0.699219
24000,q_layernorm,25,1.44629,1.50572,1.79688,0.0737305
24000,q_layernorm,26,1.29286,1.39061,1.75,0.104004
24000,q_layernorm,27,1.47285,1.52815,1.91406,0.0639648
24000,q_layernorm,28,1.25806,1.35571,1.70312,0.132812
24000,q_layernorm,29,1.35493,1.44092,1.79688,0.0654297
24000,q_layernorm,30,1.3994,1.43821,1.71875,0.0737305
24000,q_layernorm,31,1.2688,1.32113,1.59375,0.316406
24000,q_layernorm,32,1.42679,1.45803,1.73438,0.135742
24000,q_layernorm,33,1.20322,1.30096,1.67188,0.205078
24000,q_layernorm,34,1.29278,1.37279,1.75781,0.150391
24000,q_layernorm,35,1.44728,1.47393,1.71875,0.451172
24000,q_layernorm,36,1.30199,1.35183,1.67188,0.310547
24000,q_layernorm,37,1.17065,1.20451,1.53906,0.6875
24000,q_layernorm,38,1.51013,1.51383,1.95312,1.24219
24000,q_layernorm,39,1.28073,1.30388,1.66406,0.8125
24000,q_layernorm,40,1.21472,1.26491,1.60156,0.582031
24000,q_layernorm,41,1.21005,1.25408,1.60938,0.644531
24000,q_layernorm,42,1.13867,1.17998,1.57031,0.660156
24000,q_layernorm,43,1.19794,1.23187,1.66406,0.707031
24000,q_layernorm,44,1.15897,1.21304,1.58594,0.59375
24000,q_layernorm,45,1.17928,1.25602,1.66406,0.330078
24000,q_layernorm,46,1.22382,1.29247,1.64062,0.168945
24000,q_layernorm,47,1.16269,1.2267,1.61719,0.419922
24000,q_layernorm,48,1.33697,1.38733,1.65625,0.195312
24000,q_layernorm,49,1.18707,1.25971,1.625,0.113281
24000,q_layernorm,50,1.32861,1.34525,1.60938,0.601562
24000,q_layernorm,51,1.34425,1.38105,1.67969,0.304688
24000,q_layernorm,52,1.36789,1.38374,1.75,0.566406
24000,q_layernorm,53,1.28963,1.35015,1.63281,0.192383
24000,q_layernorm,54,1.23207,1.29975,1.61719,0.277344
24000,q_layernorm,55,1.43127,1.43765,1.82031,1.04688
24000,q_layernorm,56,1.41544,1.42301,1.71094,0.765625
24000,q_layernorm,57,1.36984,1.39172,1.67969,0.251953
24000,q_layernorm,58,1.46771,1.47159,1.71875,1.23438
24000,q_layernorm,59,1.44611,1.45031,1.78906,1.11719
24000,q_layernorm,60,1.38672,1.39212,1.6875,1.03906
24000,q_layernorm,61,1.35681,1.36499,1.75781,0.992188
24000,q_layernorm,62,1.29163,1.29574,1.60938,1.09375
24000,q_layernorm,63,1.15945,1.16153,1.375,0.988281
24000,k_layernorm,0,1.02159,1.04779,1.46875,0.375
24000,k_layernorm,1,1.42151,1.42453,1.65625,1.14062
24000,k_layernorm,2,1.42993,1.43644,1.71875,1.07812
24000,k_layernorm,3,1.51923,1.52985,1.89062,0.953125
24000,k_layernorm,4,1.44324,1.45106,1.66406,1.03906
24000,k_layernorm,5,1.4325,1.4395,1.69531,1.11719
24000,k_layernorm,6,1.61493,1.62853,1.91406,0.914062
24000,k_layernorm,7,1.52461,1.56396,1.99219,0.00738525
24000,k_layernorm,8,1.51175,1.52956,1.78125,0.542969
24000,k_layernorm,9,1.44963,1.46789,1.72656,0.478516
24000,k_layernorm,10,1.5098,1.52174,2.20312,0.957031
24000,k_layernorm,11,1.51801,1.53597,2,0.710938
24000,k_layernorm,12,1.46124,1.46666,1.69531,1.10938
24000,k_layernorm,13,1.41434,1.43176,1.69531,0.367188
24000,k_layernorm,14,1.35266,1.36381,1.64062,0.734375
24000,k_layernorm,15,1.48743,1.4974,1.75781,0.84375
24000,k_layernorm,16,1.34723,1.35911,1.77344,0.644531
24000,k_layernorm,17,1.53836,1.5496,1.82812,0.964844
24000,k_layernorm,18,1.48632,1.52815,1.85938,0.143555
24000,k_layernorm,19,1.55591,1.58778,1.88281,0.263672
24000,k_layernorm,20,1.41997,1.4532,1.77344,0.169922
24000,k_layernorm,21,1.41549,1.46463,1.78125,0.0419922
24000,k_layernorm,22,1.51789,1.57896,1.89844,0.045166
24000,k_layernorm,23,1.50635,1.52626,1.76562,0.589844
24000,k_layernorm,24,1.47573,1.49411,1.74219,0.178711
24000,k_layernorm,25,1.41203,1.47846,1.85938,0.0429688
24000,k_layernorm,26,1.27329,1.37343,1.71875,0.10498
24000,k_layernorm,27,1.43316,1.4999,1.91406,0.0108643
24000,k_layernorm,28,1.23724,1.33939,1.69531,0.125
24000,k_layernorm,29,1.31843,1.41176,1.74219,0.142578
24000,k_layernorm,30,1.36725,1.41874,1.71094,0.0319824
24000,k_layernorm,31,1.24821,1.30577,1.61719,0.326172
24000,k_layernorm,32,1.38737,1.43188,1.69531,0.123047
24000,k_layernorm,33,1.17888,1.28148,1.67188,0.273438
24000,k_layernorm,34,1.26043,1.3568,1.77344,0.150391
24000,k_layernorm,35,1.38698,1.43841,1.72656,0.226562
24000,k_layernorm,36,1.27492,1.33544,1.75,0.345703
24000,k_layernorm,37,1.16843,1.20264,1.59375,0.671875
24000,k_layernorm,38,1.48505,1.49371,1.95312,0.929688
24000,k_layernorm,39,1.26956,1.29701,1.67188,0.738281
24000,k_layernorm,40,1.20044,1.25383,1.63281,0.59375
24000,k_layernorm,41,1.20441,1.24815,1.61719,0.636719
24000,k_layernorm,42,1.13892,1.17921,1.5625,0.648438
24000,k_layernorm,43,1.18826,1.22733,1.76562,0.632812
24000,k_layernorm,44,1.15448,1.20882,1.64844,0.613281
24000,k_layernorm,45,1.15919,1.24107,1.66406,0.3125
24000,k_layernorm,46,1.20525,1.28291,1.77344,0.239258
24000,k_layernorm,47,1.14769,1.21247,1.72656,0.390625
24000,k_layernorm,48,1.30491,1.36712,1.64844,0.135742
24000,k_layernorm,49,1.16568,1.24106,1.57031,0.0732422
24000,k_layernorm,50,1.3186,1.33817,1.59375,0.519531
24000,k_layernorm,51,1.29548,1.34951,1.67969,0.178711
24000,k_layernorm,52,1.34505,1.37107,1.80469,0.435547
24000,k_layernorm,53,1.27464,1.33874,1.65625,0.169922
24000,k_layernorm,54,1.21777,1.29001,1.64062,0.275391
24000,k_layernorm,55,1.4043,1.41789,1.84375,0.453125
24000,k_layernorm,56,1.38966,1.40449,1.79688,0.228516
24000,k_layernorm,57,1.35808,1.38268,1.6875,0.162109
24000,k_layernorm,58,1.44562,1.4497,1.71094,1.17969
24000,k_layernorm,59,1.43201,1.4361,1.65625,1.14062
24000,k_layernorm,60,1.35498,1.36547,1.67969,0.832031
24000,k_layernorm,61,1.33765,1.34508,1.78906,0.992188
24000,k_layernorm,62,1.27655,1.28081,1.54688,1.07812
24000,k_layernorm,63,1.15665,1.1588,1.35156,0.980469
24000,final_layernorm,-1,1.70971,1.71841,4.84375,1.375
28000,linear_qkv,0,0.439531,0.445913,0.917969,0.25
28000,linear_qkv,1,0.644819,0.645482,0.875,0.275391
28000,linear_qkv,2,0.818276,0.819199,0.933594,0.141602
28000,linear_qkv,3,0.911244,0.912032,1.04688,0.333984
28000,linear_qkv,4,0.914401,0.915138,1.03906,0.251953
28000,linear_qkv,5,0.996134,0.996869,1.10938,0.324219
28000,linear_qkv,6,1.05898,1.05988,1.20312,0.511719
28000,linear_qkv,7,1.1432,1.14395,1.27344,0.660156
28000,linear_qkv,8,1.10203,1.10302,1.23438,0.435547
28000,linear_qkv,9,1.00965,1.01051,1.14062,0.371094
28000,linear_qkv,10,1.04543,1.04618,1.16406,0.460938
28000,linear_qkv,11,1.07047,1.07143,1.21094,0.447266
28000,linear_qkv,12,1.01648,1.01708,1.13281,0.480469
28000,linear_qkv,13,1.01811,1.01881,1.14062,0.451172
28000,linear_qkv,14,0.964137,0.964754,1.07031,0.503906
28000,linear_qkv,15,1.08397,1.08472,1.21875,0.542969
28000,linear_qkv,16,1.03708,1.03759,1.15625,0.617188
28000,linear_qkv,17,1.21814,1.21875,1.375,0.742188
28000,linear_qkv,18,1.13802,1.13883,1.32031,0.625
28000,linear_qkv,19,1.23513,1.23582,1.375,0.707031
28000,linear_qkv,20,1.10116,1.10179,1.21875,0.625
28000,linear_qkv,21,1.07325,1.07372,1.25,0.679688
28000,linear_qkv,22,1.31543,1.31611,1.44531,0.808594
28000,linear_qkv,23,1.29367,1.29424,1.42969,0.726562
28000,linear_qkv,24,1.24297,1.24357,1.39062,0.703125
28000,linear_qkv,25,1.16103,1.16171,1.28125,0.558594
28000,linear_qkv,26,1.11466,1.11537,1.24219,0.511719
28000,linear_qkv,27,1.30497,1.30583,1.46875,0.644531
28000,linear_qkv,28,1.19229,1.19339,1.33594,0.601562
28000,linear_qkv,29,1.22756,1.22852,1.36719,0.523438
28000,linear_qkv,30,1.31141,1.31249,1.46875,0.59375
28000,linear_qkv,31,1.0461,1.04678,1.16406,0.550781
28000,linear_qkv,32,1.12475,1.12551,1.24219,0.554688
28000,linear_qkv,33,1.11525,1.11633,1.26562,0.511719
28000,linear_qkv,34,1.21829,1.21939,1.375,0.546875
28000,linear_qkv,35,1.15122,1.15213,1.28906,0.478516
28000,linear_qkv,36,1.02001,1.02091,1.14844,0.447266
28000,linear_qkv,37,0.839352,0.840016,0.949219,0.373047
28000,linear_qkv,38,1.01212,1.01273,1.13281,0.503906
28000,linear_qkv,39,0.862083,0.862735,0.96875,0.427734
28000,linear_qkv,40,0.926705,0.927482,1.03906,0.369141
28000,linear_qkv,41,0.890614,0.891368,0.992188,0.357422
28000,linear_qkv,42,0.853146,0.853912,0.976562,0.417969
28000,linear_qkv,43,0.876973,0.877725,0.980469,0.408203
28000,linear_qkv,44,0.909052,0.909869,1.02344,0.388672
28000,linear_qkv,45,0.996424,0.997298,1.11719,0.427734
28000,linear_qkv,46,1.02836,1.02926,1.14844,0.441406
28000,linear_qkv,47,0.95787,0.958673,1.07812,0.523438
28000,linear_qkv,48,1.12004,1.12113,1.25,0.53125
28000,linear_qkv,49,1.0974,1.09856,1.24219,0.519531
28000,linear_qkv,50,1.01847,1.01931,1.125,0.523438
28000,linear_qkv,51,1.08228,1.08351,1.20312,0.53125
28000,linear_qkv,52,1.05183,1.0527,1.15625,0.523438
28000,linear_qkv,53,1.17087,1.17267,1.30469,0.539062
28000,linear_qkv,54,1.10387,1.10544,1.23438,0.503906
28000,linear_qkv,55,1.17714,1.17853,1.32031,0.652344
28000,linear_qkv,56,1.16614,1.1677,1.29688,0.597656
28000,linear_qkv,57,1.15629,1.15852,1.35156,0.470703
28000,linear_qkv,58,1.19074,1.19242,1.34375,0.597656
28000,linear_qkv,59,1.13131,1.1331,1.27344,0.53125
28000,linear_qkv,60,1.06091,1.06211,1.17969,0.605469
28000,linear_qkv,61,1.06875,1.07008,1.23438,0.628906
28000,linear_qkv,62,1.00931,1.00972,1.10156,0.726562
28000,linear_qkv,63,0.973077,0.97335,1.07812,0.828125
28000,linear_fc1,0,0.651783,0.654353,0.84375,0.0976562
28000,linear_fc1,1,0.911811,0.91444,1.03906,0.046875
28000,linear_fc1,2,0.924083,0.92566,1.00781,0.0393066
28000,linear_fc1,3,0.855131,0.856284,0.941406,0.0605469
28000,linear_fc1,4,0.817522,0.818464,0.90625,0.0678711
28000,linear_fc1,5,0.727028,0.727683,0.960938,0.0463867
28000,linear_fc1,6,0.665429,0.666065,0.789062,0.0551758
28000,linear_fc1,7,0.645283,0.645943,0.773438,0.0568848
28000,linear_fc1,8,0.657942,0.658564,0.742188,0.0429688
28000,linear_fc1,9,0.675432,0.676038,0.75,0.0493164
28000,linear_fc1,10,0.671495,0.67209,0.75,0.0551758
28000,linear_fc1,11,0.677094,0.677644,0.75,0.0458984
28000,linear_fc1,12,0.68737,0.687921,0.765625,0.0576172
28000,linear_fc1,13,0.695244,0.695768,0.765625,0.0576172
28000,linear_fc1,14,0.690127,0.690625,0.769531,0.0593262
28000,linear_fc1,15,0.68589,0.686343,0.753906,0.0839844
28000,linear_fc1,16,0.668427,0.668844,0.742188,0.0976562
28000,linear_fc1,17,0.645012,0.645389,0.710938,0.15332
28000,linear_fc1,18,0.642071,0.642452,0.707031,0.121094
28000,linear_fc1,19,0.649465,0.649836,0.71875,0.0834961
28000,linear_fc1,20,0.661036,0.661389,0.726562,0.120117
28000,linear_fc1,21,0.662175,0.66253,0.726562,0.155273
28000,linear_fc1,22,0.662437,0.66282,0.746094,0.111328
28000,linear_fc1,23,0.666519,0.666898,0.726562,0.104492
28000,linear_fc1,24,0.675491,0.675887,0.738281,0.0976562
28000,linear_fc1,25,0.693731,0.694146,0.753906,0.0898438
28000,linear_fc1,26,0.705522,0.705946,0.777344,0.0830078
28000,linear_fc1,27,0.72176,0.722211,0.789062,0.0874023
28000,linear_fc1,28,0.7362,0.736659,0.800781,0.0756836
28000,linear_fc1,29,0.750339,0.750804,0.832031,0.0356445
28000,linear_fc1,30,0.7704,0.770829,0.835938,0.0913086
28000,linear_fc1,31,0.789758,0.790219,0.847656,0.0593262
28000,linear_fc1,32,0.805122,0.805611,0.859375,0.0339355
28000,linear_fc1,33,0.823145,0.823663,0.875,0.0250244
28000,linear_fc1,34,0.845347,0.84588,0.90625,0.0111084
28000,linear_fc1,35,0.868563,0.869126,0.9375,0.00476074
28000,linear_fc1,36,0.888946,0.889541,0.9375,0.00549316
28000,linear_fc1,37,0.905975,0.906627,0.957031,0.00305176
28000,linear_fc1,38,0.920761,0.921457,0.976562,0.00665283
28000,linear_fc1,39,0.932701,0.93346,0.992188,0.00204468
28000,linear_fc1,40,0.944888,0.945711,1,0.00405884
28000,linear_fc1,41,0.955616,0.956491,1.00781,0.0057373
28000,linear_fc1,42,0.965187,0.966126,1.01562,0.00518799
28000,linear_fc1,43,0.974272,0.975258,1.03125,0.00637817
28000,linear_fc1,44,0.981205,0.98227,1.0625,0.0062561
28000,linear_fc1,45,0.987482,0.988611,1.0625,0.00686646
28000,linear_fc1,46,0.994536,0.995735,1.08594,0.0157471
28000,linear_fc1,47,0.999751,1.00101,1.07812,0.0224609
28000,linear_fc1,48,1.00414,1.00548,1.08594,0.0169678
28000,linear_fc1,49,1.01259,1.014,1.09375,0.0566406
28000,linear_fc1,50,1.01689,1.01836,1.11719,0.0556641
28000,linear_fc1,51,1.0225,1.02404,1.13281,0.0834961
28000,linear_fc1,52,1.02505,1.02662,1.15625,0.0981445
28000,linear_fc1,53,1.03034,1.03188,1.17969,0.128906
28000,linear_fc1,54,1.0372,1.03872,1.20312,0.18457
28000,linear_fc1,55,1.03572,1.03724,1.25,0.182617
28000,linear_fc1,56,1.03897,1.0404,1.3125,0.209961
28000,linear_fc1,57,1.0473,1.04868,1.36719,0.337891
28000,linear_fc1,58,1.05215,1.05342,1.42188,0.396484
28000,linear_fc1,59,1.05646,1.05768,1.46094,0.470703
28000,linear_fc1,60,1.06935,1.07054,1.5,0.519531
28000,linear_fc1,61,1.09508,1.0961,1.50781,0.566406
28000,linear_fc1,62,1.10727,1.10795,1.48438,0.710938
28000,linear_fc1,63,1.09193,1.09241,1.28906,0.875
28000,q_layernorm,0,1.04703,1.07242,1.46094,0.355469
28000,q_layernorm,1,1.45715,1.46162,1.85938,1.1875
28000,q_layernorm,2,1.45721,1.46411,1.76562,1.125
28000,q_layernorm,3,1.55463,1.56444,1.83594,1.16406
28000,q_layernorm,4,1.47437,1.48139,1.71094,1.11719
28000,q_layernorm,5,1.45276,1.45974,1.6875,1.09375
28000,q_layernorm,6,1.66754,1.6823,1.99219,1.00781
28000,q_layernorm,7,1.57247,1.60934,1.96094,0.0922852
28000,q_layernorm,8,1.54718,1.56617,1.78125,0.496094
28000,q_layernorm,9,1.50754,1.52204,1.78906,0.601562
28000,q_layernorm,10,1.56219,1.57038,1.8125,1.04688
28000,q_layernorm,11,1.5654,1.57859,1.8125,0.867188
28000,q_layernorm,12,1.50751,1.51423,1.8125,1.05469
28000,q_layernorm,13,1.45612,1.47325,1.64844,0.139648
28000,q_layernorm,14,1.39822,1.40997,1.70312,0.851562
28000,q_layernorm,15,1.53372,1.54364,1.82031,0.808594
28000,q_layernorm,16,1.38373,1.39226,1.6875,0.898438
28000,q_layernorm,17,1.57367,1.58636,1.85156,1.07812
28000,q_layernorm,18,1.54094,1.5757,1.82812,0.292969
28000,q_layernorm,19,1.61317,1.64109,1.89844,0.357422
28000,q_layernorm,20,1.47312,1.50373,1.82031,0.137695
28000,q_layernorm,21,1.46765,1.51237,1.84375,0.0942383
28000,q_layernorm,22,1.56405,1.62935,1.96094,0.0145264
28000,q_layernorm,23,1.54372,1.56225,1.89062,0.369141
28000,q_layernorm,24,1.52191,1.53697,1.79688,0.640625
28000,q_layernorm,25,1.46476,1.5279,1.82812,0.0649414
28000,q_layernorm,26,1.30311,1.4061,1.79688,0.0908203
28000,q_layernorm,27,1.48862,1.54642,1.94531,0.0593262
28000,q_layernorm,28,1.27042,1.37375,1.71875,0.0981445
28000,q_layernorm,29,1.36554,1.45551,1.8125,0.0534668
28000,q_layernorm,30,1.41056,1.45252,1.76562,0.0419922
28000,q_layernorm,31,1.28341,1.34247,1.625,0.235352
28000,q_layernorm,32,1.44786,1.48216,1.75781,0.106934
28000,q_layernorm,33,1.20924,1.31831,1.6875,0.161133
28000,q_layernorm,34,1.30473,1.39313,1.79688,0.110352
28000,q_layernorm,35,1.46272,1.49495,1.76562,0.310547
28000,q_layernorm,36,1.31661,1.37302,1.71875,0.235352
28000,q_layernorm,37,1.19205,1.22567,1.54688,0.671875
28000,q_layernorm,38,1.53638,1.54047,1.99219,1.25
28000,q_layernorm,39,1.31598,1.33776,1.71094,0.820312
28000,q_layernorm,40,1.23395,1.28621,1.63281,0.546875
28000,q_layernorm,41,1.2338,1.27842,1.61719,0.636719
28000,q_layernorm,42,1.1507,1.19347,1.57031,0.640625
28000,q_layernorm,43,1.21405,1.24868,1.6875,0.707031
28000,q_layernorm,44,1.17108,1.22827,1.625,0.574219
28000,q_layernorm,45,1.18559,1.27084,1.70312,0.277344
28000,q_layernorm,46,1.23785,1.31312,1.64844,0.12793
28000,q_layernorm,47,1.17239,1.24303,1.64062,0.351562
28000,q_layernorm,48,1.35584,1.41104,1.6875,0.154297
28000,q_layernorm,49,1.2011,1.27907,1.66406,0.0703125
28000,q_layernorm,50,1.34805,1.36621,1.63281,0.558594
28000,q_layernorm,51,1.35928,1.40021,1.70312,0.21875
28000,q_layernorm,52,1.39078,1.40723,1.76562,0.527344
28000,q_layernorm,53,1.30386,1.36876,1.66406,0.155273
28000,q_layernorm,54,1.24177,1.3161,1.64062,0.208008
28000,q_layernorm,55,1.44714,1.45459,1.86719,1.01562
28000,q_layernorm,56,1.43555,1.44422,1.72656,0.695312
28000,q_layernorm,57,1.38988,1.41429,1.76562,0.179688
28000,q_layernorm,58,1.48816,1.49213,1.72656,1.21094
28000,q_layernorm,59,1.46027,1.46474,1.79688,1.10156
28000,q_layernorm,60,1.39868,1.40465,1.70312,1.03125
28000,q_layernorm,61,1.37958,1.38815,1.78125,0.984375
28000,q_layernorm,62,1.30139,1.30586,1.65625,1.09375
28000,q_layernorm,63,1.16428,1.16645,1.38281,0.976562
28000,k_layernorm,0,1.04201,1.0712,1.5625,0.353516
28000,k_layernorm,1,1.44586,1.44925,1.70312,1.13281
28000,k_layernorm,2,1.44348,1.45131,1.75781,1.05469
28000,k_layernorm,3,1.53671,1.54878,1.9375,0.933594
28000,k_layernorm,4,1.45825,1.46726,1.67969,1.02344
28000,k_layernorm,5,1.4447,1.45254,1.72656,1.10156
28000,k_layernorm,6,1.64285,1.65796,1.96875,0.871094
28000,k_layernorm,7,1.54252,1.58351,2.01562,0.0101929
28000,k_layernorm,8,1.53218,1.55251,1.82031,0.435547
28000,k_layernorm,9,1.46695,1.48921,1.77344,0.351562
28000,k_layernorm,10,1.53305,1.54689,2.23438,0.910156
28000,k_layernorm,11,1.5372,1.558,2,0.644531
28000,k_layernorm,12,1.48535,1.49196,1.75,1.09375
28000,k_layernorm,13,1.43683,1.45655,1.77344,0.300781
28000,k_layernorm,14,1.37891,1.39277,1.70312,0.664062
28000,k_layernorm,15,1.51068,1.52254,1.8125,0.761719
28000,k_layernorm,16,1.36841,1.38263,1.85156,0.59375
28000,k_layernorm,17,1.56119,1.57394,1.86719,0.910156
28000,k_layernorm,18,1.50982,1.55524,1.92188,0.0874023
28000,k_layernorm,19,1.5815,1.61729,1.92969,0.176758
28000,k_layernorm,20,1.44469,1.48125,1.82031,0.116699
28000,k_layernorm,21,1.43824,1.49037,1.82031,0.0205078
28000,k_layernorm,22,1.54212,1.60597,1.9375,0.0397949
28000,k_layernorm,23,1.52257,1.54587,1.78906,0.470703
28000,k_layernorm,24,1.49546,1.51653,1.78906,0.102051
28000,k_layernorm,25,1.42872,1.50025,1.89844,0.0158691
28000,k_layernorm,26,1.28154,1.38768,1.74219,0.0751953
28000,k_layernorm,27,1.4457,1.51661,1.94531,0.0131226
28000,k_layernorm,28,1.24676,1.35605,1.71094,0.0917969
28000,k_layernorm,29,1.32559,1.42519,1.75781,0.10791
28000,k_layernorm,30,1.37561,1.43176,1.73438,0.0178223
28000,k_layernorm,31,1.25876,1.32455,1.65625,0.283203
28000,k_layernorm,32,1.40485,1.45446,1.71094,0.0878906
28000,k_layernorm,33,1.18154,1.29606,1.6875,0.222656
28000,k_layernorm,34,1.26936,1.37601,1.8125,0.129883
28000,k_layernorm,35,1.39902,1.45779,1.78125,0.200195
28000,k_layernorm,36,1.28426,1.35382,1.78906,0.275391
28000,k_layernorm,37,1.18878,1.22324,1.64844,0.667969
28000,k_layernorm,38,1.51007,1.51958,2,0.90625
28000,k_layernorm,39,1.30173,1.32936,1.72656,0.710938
28000,k_layernorm,40,1.21735,1.27383,1.66406,0.566406
28000,k_layernorm,41,1.22601,1.27105,1.64062,0.628906
28000,k_layernorm,42,1.15091,1.19317,1.57031,0.628906
28000,k_layernorm,43,1.20062,1.24263,1.79688,0.585938
28000,k_layernorm,44,1.16565,1.22369,1.70312,0.582031
28000,k_layernorm,45,1.16338,1.25423,1.69531,0.255859
28000,k_layernorm,46,1.21629,1.30203,1.82031,0.189453
28000,k_layernorm,47,1.15594,1.2279,1.78125,0.316406
28000,k_layernorm,48,1.32004,1.3885,1.67969,0.11377
28000,k_layernorm,49,1.17757,1.25881,1.61719,0.0390625
28000,k_layernorm,50,1.33701,1.35887,1.60938,0.460938
28000,k_layernorm,51,1.3064,1.36667,1.69531,0.144531
28000,k_layernorm,52,1.36478,1.39299,1.83594,0.390625
28000,k_layernorm,53,1.28747,1.35689,1.67969,0.143555
28000,k_layernorm,54,1.22539,1.30557,1.66406,0.205078
28000,k_layernorm,55,1.4183,1.43404,1.88281,0.402344
28000,k_layernorm,56,1.40912,1.42603,1.82031,0.164062
28000,k_layernorm,57,1.37714,1.40405,1.71875,0.134766
28000,k_layernorm,58,1.46619,1.47051,1.73438,1.17969
28000,k_layernorm,59,1.44598,1.4504,1.66406,1.14844
28000,k_layernorm,60,1.36539,1.37719,1.69531,0.800781
28000,k_layernorm,61,1.35962,1.36765,1.82031,0.980469
28000,k_layernorm,62,1.28632,1.29082,1.57031,1.07812
28000,k_layernorm,63,1.16165,1.16391,1.35938,0.980469
28000,final_layernorm,-1,1.7171,1.72693,5.09375,1.41406
32000,linear_qkv,0,0.347894,0.35556,0.890625,0.135742
32000,linear_qkv,1,0.596999,0.597753,0.863281,0.199219
32000,linear_qkv,2,0.784225,0.785268,0.902344,0.0952148
32000,linear_qkv,3,0.885078,0.885954,1.01562,0.246094
32000,linear_qkv,4,0.890694,0.89152,1.03125,0.181641
32000,linear_qkv,5,0.976628,0.977457,1.09375,0.255859
32000,linear_qkv,6,1.04131,1.0423,1.1875,0.431641
32000,linear_qkv,7,1.13945,1.14028,1.27344,0.597656
32000,linear_qkv,8,1.09437,1.09546,1.23438,0.380859
32000,linear_qkv,9,1.00699,1.00796,1.14062,0.308594
32000,linear_qkv,10,1.0401,1.04095,1.20312,0.400391
32000,linear_qkv,11,1.07186,1.07293,1.21875,0.388672
32000,linear_qkv,12,1.01668,1.01735,1.17188,0.4375
32000,linear_qkv,13,1.02468,1.02548,1.15625,0.400391
32000,linear_qkv,14,0.974445,0.975152,1.08594,0.46875
32000,linear_qkv,15,1.09556,1.09639,1.24219,0.515625
32000,linear_qkv,16,1.05622,1.0568,1.1875,0.597656
32000,linear_qkv,17,1.22936,1.23001,1.39062,0.742188
32000,linear_qkv,18,1.15677,1.15765,1.33594,0.609375
32000,linear_qkv,19,1.25549,1.25623,1.39844,0.703125
32000,linear_qkv,20,1.12152,1.12221,1.24219,0.625
32000,linear_qkv,21,1.09409,1.09461,1.30469,0.675781
32000,linear_qkv,22,1.34064,1.34135,1.47656,0.796875
32000,linear_qkv,23,1.32027,1.32087,1.45312,0.722656
32000,linear_qkv,24,1.27169,1.27231,1.41406,0.699219
32000,linear_qkv,25,1.18508,1.18582,1.30469,0.542969
32000,linear_qkv,26,1.13713,1.13792,1.27344,0.488281
32000,linear_qkv,27,1.33883,1.33976,1.52344,0.617188
32000,linear_qkv,28,1.22445,1.22569,1.375,0.554688
32000,linear_qkv,29,1.25896,1.26002,1.42188,0.503906
32000,linear_qkv,30,1.35599,1.3572,1.52344,0.5625
32000,linear_qkv,31,1.07432,1.07513,1.19531,0.5
32000,linear_qkv,32,1.16086,1.16174,1.28906,0.519531
32000,linear_qkv,33,1.15518,1.15646,1.32031,0.466797
32000,linear_qkv,34,1.27115,1.27246,1.45312,0.515625
32000,linear_qkv,35,1.19562,1.19669,1.34375,0.439453
32000,linear_qkv,36,1.05502,1.0561,1.20312,0.433594
32000,linear_qkv,37,0.845152,0.845914,0.960938,0.339844
32000,linear_qkv,38,1.03565,1.03634,1.17188,0.46875
32000,linear_qkv,39,0.874474,0.875234,0.992188,0.40625
32000,linear_qkv,40,0.946791,0.947711,1.07812,0.34375
32000,linear_qkv,41,0.906779,0.907679,1.02344,0.333984
32000,linear_qkv,42,0.86071,0.861618,1,0.396484
32000,linear_qkv,43,0.888487,0.889388,1.00781,0.394531
32000,linear_qkv,44,0.926322,0.927302,1.0625,0.367188
32000,linear_qkv,45,1.01735,1.01838,1.15625,0.40625
32000,linear_qkv,46,1.05297,1.054,1.17969,0.421875
32000,linear_qkv,47,0.97121,0.972144,1.08594,0.507812
32000,linear_qkv,48,1.15128,1.15253,1.29688,0.503906
32000,linear_qkv,49,1.12183,1.12313,1.28125,0.5
32000,linear_qkv,50,1.04415,1.04513,1.16406,0.503906
32000,linear_qkv,51,1.11832,1.11982,1.25781,0.507812
32000,linear_qkv,52,1.08591,1.08696,1.20312,0.511719
32000,linear_qkv,53,1.21198,1.21407,1.35938,0.496094
32000,linear_qkv,54,1.13681,1.13868,1.28125,0.423828
32000,linear_qkv,55,1.21078,1.21238,1.35938,0.640625
32000,linear_qkv,56,1.20805,1.20988,1.36719,0.574219
32000,linear_qkv,57,1.1856,1.18811,1.39062,0.421875
32000,linear_qkv,58,1.22342,1.22534,1.38281,0.574219
32000,linear_qkv,59,1.15295,1.155,1.29688,0.462891
32000,linear_qkv,60,1.07425,1.07564,1.20312,0.585938
32000,linear_qkv,61,1.07818,1.07967,1.27344,0.613281
32000,linear_qkv,62,1.01305,1.01352,1.11719,0.699219
32000,linear_qkv,63,0.973547,0.973852,1.08594,0.8125
32000,linear_fc1,0,0.61888,0.621684,0.816406,0.0771484
32000,linear_fc1,1,0.909927,0.912698,1.03125,0.0378418
32000,linear_fc1,2,0.924337,0.925984,1.00781,0.0341797
32000,linear_fc1,3,0.860645,0.861859,0.949219,0.0505371
32000,linear_fc1,4,0.82249,0.823487,0.90625,0.0476074
32000,linear_fc1,5,0.731632,0.732331,1.03906,0.0250244
32000,linear_fc1,6,0.669048,0.66973,0.832031,0.0341797
32000,linear_fc1,7,0.64606,0.646768,0.808594,0.045166
32000,linear_fc1,8,0.656664,0.657333,0.777344,0.0334473
32000,linear_fc1,9,0.671659,0.672307,0.75,0.0373535
32000,linear_fc1,10,0.665681,0.666316,0.738281,0.0439453
32000,linear_fc1,11,0.669314,0.669903,0.742188,0.0358887
32000,linear_fc1,12,0.677872,0.67846,0.75,0.045166
32000,linear_fc1,13,0.683168,0.683722,0.753906,0.0458984
32000,linear_fc1,14,0.675979,0.676501,0.753906,0.0478516
32000,linear_fc1,15,0.670295,0.670769,0.734375,0.0683594
32000,linear_fc1,16,0.650876,0.651309,0.722656,0.0766602
32000,linear_fc1,17,0.627748,0.628141,0.695312,0.130859
32000,linear_fc1,18,0.623473,0.623865,0.691406,0.0991211
32000,linear_fc1,19,0.629069,0.629445,0.703125,0.0708008
32000,linear_fc1,20,0.640428,0.640787,0.707031,0.102051
32000,linear_fc1,21,0.641208,0.641567,0.707031,0.128906
32000,linear_fc1,22,0.640402,0.640795,0.714844,0.0869141
32000,linear_fc1,23,0.644501,0.644886,0.703125,0.0859375
32000,linear_fc1,24,0.653699,0.654102,0.726562,0.0761719
32000,linear_fc1,25,0.673366,0.673791,0.730469,0.0673828
32000,linear_fc1,26,0.685344,0.68578,0.757812,0.0612793
32000,linear_fc1,27,0.70246,0.702921,0.761719,0.0649414
32000,linear_fc1,28,0.717405,0.717882,0.78125,0.0505371
32000,linear_fc1,29,0.73168,0.732164,0.816406,0.0189209
32000,linear_fc1,30,0.752644,0.753094,0.816406,0.0678711
32000,linear_fc1,31,0.77282,0.773301,0.824219,0.0412598
32000,linear_fc1,32,0.788207,0.788713,0.839844,0.0192871
32000,linear_fc1,33,0.806982,0.807517,0.867188,0.0133667
32000,linear_fc1,34,0.82962,0.830175,0.890625,0.00543213
32000,linear_fc1,35,0.855097,0.855684,0.925781,0.00457764
32000,linear_fc1,36,0.876824,0.877441,0.925781,0.00546265
32000,linear_fc1,37,0.895003,0.895677,0.945312,0.00306702
32000,linear_fc1,38,0.910397,0.911124,0.964844,0.00689697
32000,linear_fc1,39,0.923098,0.923891,0.984375,0.00256348
32000,linear_fc1,40,0.934515,0.935373,0.984375,0.00454712
32000,linear_fc1,41,0.945578,0.946483,1.00781,0.00613403
32000,linear_fc1,42,0.954803,0.955776,1,0.00466919
32000,linear_fc1,43,0.964299,0.96532,1.02344,0.00653076
32000,linear_fc1,44,0.970841,0.971946,1.04688,0.00610352
32000,linear_fc1,45,0.976612,0.977782,1.04688,0.00601196
32000,linear_fc1,46,0.982848,0.984084,1.07031,0.0115356
32000,linear_fc1,47,0.988327,0.989619,1.07812,0.0164795
32000,linear_fc1,48,0.991841,0.993226,1.07031,0.0090332
32000,linear_fc1,49,1.00013,1.00157,1.09375,0.041748
32000,linear_fc1,50,1.00412,1.00562,1.10938,0.041748
32000,linear_fc1,51,1.00885,1.01043,1.13281,0.0654297
32000,linear_fc1,52,1.01143,1.01302,1.14062,0.078125
32000,linear_fc1,53,1.01609,1.01764,1.16406,0.109863
32000,linear_fc1,54,1.02194,1.02348,1.21875,0.163086
32000,linear_fc1,55,1.01962,1.02116,1.25,0.152344
32000,linear_fc1,56,1.021,1.02246,1.32031,0.174805
32000,linear_fc1,57,1.02918,1.03059,1.36719,0.294922
32000,linear_fc1,58,1.03128,1.03259,1.42188,0.351562
32000,linear_fc1,59,1.03325,1.03453,1.48438,0.404297
32000,linear_fc1,60,1.04572,1.04701,1.52344,0.449219
32000,linear_fc1,61,1.07468,1.0758,1.57031,0.542969
32000,linear_fc1,62,1.09877,1.09951,1.50781,0.683594
32000,linear_fc1,63,1.1028,1.10337,1.3125,0.867188
32000,q_layernorm,0,1.06189,1.08957,1.52344,0.337891
32000,q_layernorm,1,1.47607,1.48103,1.89062,1.19531
32000,q_layernorm,2,1.4649,1.47272,1.77344,1.10938
32000,q_layernorm,3,1.56665,1.57739,1.84375,1.14844
32000,q_layernorm,4,1.48413,1.49188,1.73438,1.10156
32000,q_layernorm,5,1.45959,1.46728,1.70312,1.0625
32000,q_layernorm,6,1.689,1.70486,2.03125,0.988281
32000,q_layernorm,7,1.58583,1.62412,1.98438,0.0869141
32000,q_layernorm,8,1.56267,1.58333,1.80469,0.425781
32000,q_layernorm,9,1.52219,1.54033,1.82812,0.359375
32000,q_layernorm,10,1.57812,1.58754,1.84375,0.992188
32000,q_layernorm,11,1.58231,1.59786,1.84375,0.785156
32000,q_layernorm,12,1.52704,1.53518,1.89844,1.01562
32000,q_layernorm,13,1.47514,1.49425,1.6875,0.0820312
32000,q_layernorm,14,1.42044,1.43433,1.74219,0.792969
32000,q_layernorm,15,1.55502,1.56659,1.85938,0.722656
32000,q_layernorm,16,1.40268,1.41243,1.75,0.894531
32000,q_layernorm,17,1.59515,1.60921,1.89844,1.05469
32000,q_layernorm,18,1.56178,1.5982,1.875,0.261719
32000,q_layernorm,19,1.63612,1.66603,1.94531,0.298828
32000,q_layernorm,20,1.49533,1.52779,1.85938,0.0996094
32000,q_layernorm,21,1.48857,1.53511,1.89062,0.0776367
32000,q_layernorm,22,1.58361,1.65061,1.99219,0.012207
32000,q_layernorm,23,1.55989,1.58021,1.91406,0.283203
32000,q_layernorm,24,1.54031,1.55688,1.80469,0.589844
32000,q_layernorm,25,1.48105,1.54723,1.875,0.0595703
32000,q_layernorm,26,1.31259,1.41863,1.82812,0.0786133
32000,q_layernorm,27,1.50097,1.56082,1.97656,0.0473633
32000,q_layernorm,28,1.28082,1.38862,1.73438,0.0800781
32000,q_layernorm,29,1.37431,1.46697,1.82812,0.0397949
32000,q_layernorm,30,1.42033,1.46411,1.8125,0.0297852
32000,q_layernorm,31,1.2971,1.36174,1.66406,0.177734
32000,q_layernorm,32,1.46567,1.50196,1.78906,0.101074
32000,q_layernorm,33,1.21584,1.33362,1.70312,0.116699
32000,q_layernorm,34,1.31537,1.40943,1.8125,0.0996094
32000,q_layernorm,35,1.47712,1.51372,1.80469,0.201172
32000,q_layernorm,36,1.3284,1.39031,1.76562,0.164062
32000,q_layernorm,37,1.21207,1.24552,1.57812,0.65625
32000,q_layernorm,38,1.55652,1.56089,2.01562,1.25
32000,q_layernorm,39,1.34354,1.36443,1.75,0.824219
32000,q_layernorm,40,1.24831,1.30335,1.67188,0.482422
32000,q_layernorm,41,1.25049,1.29689,1.61719,0.601562
32000,q_layernorm,42,1.16159,1.20632,1.60156,0.621094
32000,q_layernorm,43,1.22632,1.26202,1.70312,0.683594
32000,q_layernorm,44,1.17953,1.24042,1.65625,0.542969
32000,q_layernorm,45,1.19199,1.28386,1.71875,0.224609
32000,q_layernorm,46,1.25118,1.3319,1.67969,0.122559
32000,q_layernorm,47,1.18056,1.25733,1.6875,0.296875
32000,q_layernorm,48,1.37089,1.43008,1.71094,0.122559
32000,q_layernorm,49,1.21418,1.29519,1.69531,0.0791016
32000,q_layernorm,50,1.36237,1.38189,1.65625,0.511719
32000,q_layernorm,51,1.37109,1.41521,1.72656,0.168945
32000,q_layernorm,52,1.41113,1.42809,1.77344,0.46875
32000,q_layernorm,53,1.31632,1.38436,1.6875,0.121582
32000,q_layernorm,54,1.24706,1.3272,1.64844,0.182617
32000,q_layernorm,55,1.45847,1.46725,1.90625,0.972656
32000,q_layernorm,56,1.45383,1.46341,1.74219,0.640625
32000,q_layernorm,57,1.40789,1.43456,1.82812,0.135742
32000,q_layernorm,58,1.50635,1.51043,1.73438,1.19531
32000,q_layernorm,59,1.47076,1.47568,1.80469,1.08594
32000,q_layernorm,60,1.40961,1.41611,1.71875,1.03125
32000,q_layernorm,61,1.39435,1.40309,1.80469,0.976562
32000,q_layernorm,62,1.30945,1.31415,1.69531,1.09375
32000,q_layernorm,63,1.16873,1.17109,1.39062,0.96875
32000,k_layernorm,0,1.05669,1.08876,1.66406,0.326172
32000,k_layernorm,1,1.46393,1.46772,1.71875,1.11719
32000,k_layernorm,2,1.4516,1.46058,1.80469,1.03906
32000,k_layernorm,3,1.54797,1.56136,1.96875,0.90625
32000,k_layernorm,4,1.46753,1.47765,1.70312,1.00781
32000,k_layernorm,5,1.45135,1.45997,1.75,1.08594
32000,k_layernorm,6,1.66333,1.67964,2,0.835938
32000,k_layernorm,7,1.55418,1.59675,2.03125,0.020752
32000,k_layernorm,8,1.54597,1.56828,1.84375,0.353516
32000,k_layernorm,9,1.47914,1.50503,1.79688,0.261719
32000,k_layernorm,10,1.54843,1.5639,2.25,0.871094
32000,k_layernorm,11,1.552,1.57549,2,0.550781
32000,k_layernorm,12,1.5033,1.51113,1.78906,1.0625
32000,k_layernorm,13,1.45428,1.47632,1.83594,0.225586
32000,k_layernorm,14,1.39819,1.41478,1.75,0.574219
32000,k_layernorm,15,1.53,1.54359,1.85156,0.679688
32000,k_layernorm,16,1.38589,1.40232,1.92188,0.554688
32000,k_layernorm,17,1.58069,1.59475,1.89844,0.851562
32000,k_layernorm,18,1.52803,1.57602,1.96094,0.0683594
32000,k_layernorm,19,1.60282,1.64162,1.97656,0.12207
32000,k_layernorm,20,1.46422,1.50328,1.85938,0.0908203
32000,k_layernorm,21,1.45692,1.51118,1.85938,0.0162354
32000,k_layernorm,22,1.55994,1.62599,1.97656,0.0334473
32000,k_layernorm,23,1.53627,1.5628,1.8125,0.353516
32000,k_layernorm,24,1.51199,1.53534,1.83594,0.0539551
32000,k_layernorm,25,1.44167,1.51726,1.9375,0.00631714
32000,k_layernorm,26,1.28889,1.39907,1.76562,0.0585938
32000,k_layernorm,27,1.45596,1.53023,1.96875,0.0078125
32000,k_layernorm,28,1.25497,1.3695,1.72656,0.0732422
32000,k_layernorm,29,1.33229,1.43602,1.77344,0.0864258
32000,k_layernorm,30,1.3835,1.44299,1.75781,0.015625
32000,k_layernorm,31,1.26989,1.3424,1.69531,0.230469
32000,k_layernorm,32,1.41928,1.47258,1.74219,0.0678711
32000,k_layernorm,33,1.18695,1.3107,1.70312,0.165039
32000,k_layernorm,34,1.2773,1.39068,1.83594,0.102051
32000,k_layernorm,35,1.40939,1.47429,1.82812,0.136719
32000,k_layernorm,36,1.29103,1.36869,1.82031,0.21582
32000,k_layernorm,37,1.20706,1.24195,1.6875,0.65625
32000,k_layernorm,38,1.52939,1.53941,2.03125,0.878906
32000,k_layernorm,39,1.32568,1.35399,1.77344,0.710938
32000,k_layernorm,40,1.22748,1.28806,1.6875,0.503906
32000,k_layernorm,41,1.24014,1.28755,1.67188,0.589844
32000,k_layernorm,42,1.16064,1.20519,1.61719,0.613281
32000,k_layernorm,43,1.20901,1.25513,1.82812,0.515625
32000,k_layernorm,44,1.17209,1.23427,1.74219,0.539062
32000,k_layernorm,45,1.16803,1.26611,1.71875,0.189453
32000,k_layernorm,46,1.22716,1.31988,1.85938,0.15918
32000,k_layernorm,47,1.16246,1.24101,1.82031,0.257812
32000,k_layernorm,48,1.33265,1.40614,1.71094,0.0966797
32000,k_layernorm,49,1.18943,1.27436,1.64844,0.0245361
32000,k_layernorm,50,1.35051,1.37431,1.625,0.435547
32000,k_layernorm,51,1.31427,1.37964,1.69531,0.124023
32000,k_layernorm,52,1.38112,1.41173,1.85938,0.326172
32000,k_layernorm,53,1.29744,1.37109,1.70312,0.121094
32000,k_layernorm,54,1.22917,1.31602,1.67188,0.160156
32000,k_layernorm,55,1.42911,1.44664,1.90625,0.373047
32000,k_layernorm,56,1.42538,1.44411,1.82031,0.116211
32000,k_layernorm,57,1.39498,1.42387,1.74219,0.108887
32000,k_layernorm,58,1.48297,1.48759,1.77344,1.17969
32000,k_layernorm,59,1.45575,1.46063,1.6875,1.14062
32000,k_layernorm,60,1.37457,1.3878,1.71094,0.777344
32000,k_layernorm,61,1.37375,1.38214,1.85156,0.949219
32000,k_layernorm,62,1.29462,1.29927,1.59375,1.07031
32000,k_layernorm,63,1.16602,1.16842,1.36719,0.984375
32000,final_layernorm,-1,1.71398,1.72473,5.3125,1.39062
34454,linear_qkv,0,0.300591,0.308753,0.871094,0.0776367
34454,linear_qkv,1,0.570646,0.571453,0.855469,0.167969
34454,linear_qkv,2,0.764531,0.765631,0.890625,0.0771484
34454,linear_qkv,3,0.869934,0.870849,1.00781,0.203125
34454,linear_qkv,4,0.876687,0.877563,1.01562,0.149414
34454,linear_qkv,5,0.964801,0.965683,1.08594,0.220703
34454,linear_qkv,6,1.03033,1.03138,1.17969,0.390625
34454,linear_qkv,7,1.13669,1.13757,1.28125,0.554688
34454,linear_qkv,8,1.08936,1.09051,1.23438,0.351562
34454,linear_qkv,9,1.00459,1.00563,1.14844,0.283203
34454,linear_qkv,10,1.03628,1.03718,1.23438,0.376953
34454,linear_qkv,11,1.07141,1.07254,1.21875,0.365234
34454,linear_qkv,12,1.0157,1.01641,1.19531,0.421875
34454,linear_qkv,13,1.02772,1.02857,1.17188,0.376953
34454,linear_qkv,14,0.979523,0.980279,1.09375,0.447266
34454,linear_qkv,15,1.101,1.10187,1.25781,0.503906
34454,linear_qkv,16,1.06632,1.06694,1.20312,0.585938
34454,linear_qkv,17,1.23514,1.23581,1.39062,0.738281
34454,linear_qkv,18,1.16626,1.16718,1.35156,0.605469
34454,linear_qkv,19,1.26607,1.26683,1.42188,0.699219
34454,linear_qkv,20,1.1322,1.13291,1.25781,0.625
34454,linear_qkv,21,1.10603,1.10657,1.32812,0.675781
34454,linear_qkv,22,1.35435,1.35507,1.49219,0.773438
34454,linear_qkv,23,1.33496,1.33558,1.46875,0.71875
34454,linear_qkv,24,1.28774,1.28838,1.42969,0.695312
34454,linear_qkv,25,1.19955,1.20032,1.32812,0.535156
34454,linear_qkv,26,1.15055,1.15138,1.30469,0.480469
34454,linear_qkv,27,1.35865,1.35963,1.5625,0.601562
34454,linear_qkv,28,1.24289,1.24421,1.38281,0.523438
34454,linear_qkv,29,1.27687,1.27799,1.45312,0.492188
34454,linear_qkv,30,1.38162,1.3829,1.54688,0.546875
34454,linear_qkv,31,1.09124,1.09214,1.21094,0.470703
34454,linear_qkv,32,1.18226,1.18321,1.32031,0.498047
34454,linear_qkv,33,1.17852,1.17992,1.35156,0.441406
34454,linear_qkv,34,1.30264,1.30408,1.47656,0.494141
34454,linear_qkv,35,1.22264,1.22381,1.38281,0.417969
34454,linear_qkv,36,1.07643,1.07762,1.24219,0.425781
34454,linear_qkv,37,0.849507,0.850338,0.972656,0.314453
34454,linear_qkv,38,1.05019,1.05094,1.17969,0.441406
34454,linear_qkv,39,0.883023,0.883846,1.01562,0.388672
34454,linear_qkv,40,0.959806,0.960801,1.08594,0.332031
34454,linear_qkv,41,0.917323,0.918306,1.03906,0.316406
34454,linear_qkv,42,0.866343,0.86734,1.02344,0.367188
34454,linear_qkv,43,0.896206,0.897192,1.01562,0.382812
34454,linear_qkv,44,0.937454,0.938538,1.08594,0.347656
34454,linear_qkv,45,1.0302,1.0313,1.17188,0.388672
34454,linear_qkv,46,1.06886,1.06999,1.20312,0.40625
34454,linear_qkv,47,0.979675,0.980685,1.09375,0.488281
34454,linear_qkv,48,1.1706,1.17195,1.32031,0.486328
34454,linear_qkv,49,1.13736,1.13874,1.30469,0.482422
34454,linear_qkv,50,1.06047,1.06153,1.19531,0.484375
34454,linear_qkv,51,1.14097,1.14263,1.29688,0.496094
34454,linear_qkv,52,1.10719,1.10834,1.22656,0.503906
34454,linear_qkv,53,1.23804,1.2403,1.39062,0.478516
34454,linear_qkv,54,1.15774,1.15979,1.30469,0.396484
34454,linear_qkv,55,1.23239,1.2341,1.38281,0.628906
34454,linear_qkv,56,1.23447,1.23647,1.40625,0.558594
34454,linear_qkv,57,1.205,1.20768,1.41406,0.404297
34454,linear_qkv,58,1.24435,1.24641,1.41406,0.566406
34454,linear_qkv,59,1.16729,1.16951,1.32812,0.441406
34454,linear_qkv,60,1.0833,1.08483,1.21875,0.578125
34454,linear_qkv,61,1.08497,1.08654,1.28125,0.597656
34454,linear_qkv,62,1.01548,1.01597,1.125,0.679688
34454,linear_qkv,63,0.973798,0.974122,1.08594,0.820312
34454,linear_fc1,0,0.604025,0.606951,0.796875,0.0693359
34454,linear_fc1,1,0.907458,0.91029,1.03125,0.0341797
34454,linear_fc1,2,0.922916,0.924602,1,0.0308838
34454,linear_fc1,3,0.863753,0.865001,0.949219,0.0446777
34454,linear_fc1,4,0.825833,0.826859,0.914062,0.0361328
34454,linear_fc1,5,0.734257,0.734981,1.09375,0.0164795
34454,linear_fc1,6,0.671385,0.672093,0.851562,0.0258789
34454,linear_fc1,7,0.646962,0.647691,0.832031,0.0378418
34454,linear_fc1,8,0.656563,0.657257,0.800781,0.0299072
34454,linear_fc1,9,0.670532,0.671209,0.757812,0.0314941
34454,linear_fc1,10,0.663173,0.663836,0.746094,0.0390625
34454,linear_fc1,11,0.665442,0.66605,0.742188,0.03125
34454,linear_fc1,12,0.672971,0.673574,0.753906,0.0395508
34454,linear_fc1,13,0.677257,0.67783,0.746094,0.0405273
34454,linear_fc1,14,0.668562,0.669095,0.738281,0.0424805
34454,linear_fc1,15,0.662012,0.662498,0.726562,0.0605469
34454,linear_fc1,16,0.641814,0.642257,0.714844,0.0668945
34454,linear_fc1,17,0.61887,0.619271,0.679688,0.118652
34454,linear_fc1,18,0.613865,0.614261,0.683594,0.0878906
34454,linear_fc1,19,0.61879,0.619172,0.6875,0.0639648
34454,linear_fc1,20,0.629842,0.6302,0.691406,0.0932617
34454,linear_fc1,21,0.629958,0.630319,0.691406,0.11377
34454,linear_fc1,22,0.62895,0.629351,0.707031,0.0742188
34454,linear_fc1,23,0.633145,0.633534,0.691406,0.0771484
34454,linear_fc1,24,0.642565,0.642974,0.714844,0.0654297
34454,linear_fc1,25,0.662605,0.663035,0.71875,0.057373
34454,linear_fc1,26,0.675089,0.675531,0.746094,0.0505371
34454,linear_fc1,27,0.692203,0.692674,0.753906,0.0544434
34454,linear_fc1,28,0.707867,0.708351,0.777344,0.0400391
34454,linear_fc1,29,0.722731,0.723225,0.796875,0.0133057
34454,linear_fc1,30,0.743782,0.744241,0.808594,0.0568848
34454,linear_fc1,31,0.764234,0.764723,0.820312,0.0339355
34454,linear_fc1,32,0.779312,0.779828,0.832031,0.0133057
34454,linear_fc1,33,0.798062,0.798606,0.859375,0.0100708
34454,linear_fc1,34,0.821126,0.82169,0.871094,0.00454712
34454,linear_fc1,35,0.846879,0.847477,0.90625,0.00463867
34454,linear_fc1,36,0.869631,0.870261,0.925781,0.00531006
34454,linear_fc1,37,0.888319,0.88901,0.941406,0.00306702
34454,linear_fc1,38,0.904192,0.904936,0.960938,0.00595093
34454,linear_fc1,39,0.916706,0.917517,0.976562,0.00256348
34454,linear_fc1,40,0.928189,0.929062,0.980469,0.00279236
34454,linear_fc1,41,0.939056,0.939978,0.996094,0.00491333
34454,linear_fc1,42,0.948816,0.94981,1,0.00286865
34454,linear_fc1,43,0.957986,0.959026,1.02344,0.00628662
34454,linear_fc1,44,0.96394,0.965066,1.03125,0.00436401
34454,linear_fc1,45,0.97,0.971188,1.03906,0.00463867
34454,linear_fc1,46,0.976237,0.977492,1.0625,0.0090332
34454,linear_fc1,47,0.98154,0.982846,1.07031,0.0137329
34454,linear_fc1,48,0.985129,0.986531,1.0625,0.00671387
34454,linear_fc1,49,0.99338,0.994832,1.07812,0.0344238
34454,linear_fc1,50,0.996755,0.998265,1.10156,0.0334473
34454,linear_fc1,51,1.00204,1.00362,1.11719,0.0561523
34454,linear_fc1,52,1.00336,1.00497,1.13281,0.0683594
34454,linear_fc1,53,1.00884,1.01039,1.15625,0.100098
34454,linear_fc1,54,1.01377,1.01531,1.20312,0.151367
34454,linear_fc1,55,1.01109,1.01263,1.24219,0.137695
34454,linear_fc1,56,1.01239,1.01385,1.3125,0.15918
34454,linear_fc1,57,1.02043,1.02185,1.36719,0.275391
34454,linear_fc1,58,1.02275,1.02407,1.42188,0.328125
34454,linear_fc1,59,1.0237,1.02501,1.47656,0.398438
34454,linear_fc1,60,1.03633,1.03766,1.53906,0.441406
34454,linear_fc1,61,1.06599,1.06717,1.58594,0.523438
34454,linear_fc1,62,1.0937,1.09448,1.52344,0.660156
34454,linear_fc1,63,1.1077,1.10832,1.33594,0.855469
34454,q_layernorm,0,1.07544,1.10454,1.5625,0.337891
34454,q_layernorm,1,1.48602,1.49123,1.91406,1.19531
34454,q_layernorm,2,1.47064,1.47892,1.77344,1.10938
34454,q_layernorm,3,1.57355,1.58478,1.85156,1.14062
34454,q_layernorm,4,1.49182,1.49992,1.75781,1.09375
34454,q_layernorm,5,1.46423,1.47225,1.71875,1.04688
34454,q_layernorm,6,1.70114,1.71741,2.0625,0.980469
34454,q_layernorm,7,1.59487,1.63358,1.99219,0.090332
34454,q_layernorm,8,1.57161,1.5929,1.82031,0.400391
34454,q_layernorm,9,1.53297,1.55286,1.85156,0.263672
34454,q_layernorm,10,1.58752,1.59755,1.85938,0.960938
34454,q_layernorm,11,1.5925,1.60928,1.86719,0.738281
34454,q_layernorm,12,1.53748,1.54635,1.96094,1
34454,q_layernorm,13,1.48653,1.50647,1.70312,0.0673828
34454,q_layernorm,14,1.43329,1.44841,1.77344,0.757812
34454,q_layernorm,15,1.56717,1.5796,1.88281,0.671875
34454,q_layernorm,16,1.41333,1.4238,1.78125,0.882812
34454,q_layernorm,17,1.60779,1.62248,1.92969,1.04688
34454,q_layernorm,18,1.57301,1.6101,1.89844,0.248047
34454,q_layernorm,19,1.64912,1.68002,1.96875,0.269531
34454,q_layernorm,20,1.508,1.5413,1.875,0.0834961
34454,q_layernorm,21,1.50008,1.54726,1.91406,0.0712891
34454,q_layernorm,22,1.5944,1.66236,2.03125,0.00805664
34454,q_layernorm,23,1.56977,1.59103,1.92969,0.243164
34454,q_layernorm,24,1.55133,1.56866,1.8125,0.5625
34454,q_layernorm,25,1.49039,1.55786,1.90625,0.0622559
34454,q_layernorm,26,1.31832,1.42617,1.84375,0.0761719
34454,q_layernorm,27,1.50836,1.56904,2,0.0334473
34454,q_layernorm,28,1.28756,1.39749,1.74219,0.078125
34454,q_layernorm,29,1.38062,1.47431,1.83594,0.0344238
34454,q_layernorm,30,1.42699,1.47164,1.83594,0.0228271
34454,q_layernorm,31,1.30514,1.37231,1.6875,0.151367
34454,q_layernorm,32,1.47611,1.51352,1.8125,0.0898438
34454,q_layernorm,33,1.22134,1.34242,1.71094,0.107422
34454,q_layernorm,34,1.32273,1.4199,1.82812,0.0825195
34454,q_layernorm,35,1.48591,1.52483,1.82812,0.154297
34454,q_layernorm,36,1.33732,1.40165,1.79688,0.147461
34454,q_layernorm,37,1.22388,1.25711,1.59375,0.65625
34454,q_layernorm,38,1.56775,1.57235,2.03125,1.24219
34454,q_layernorm,39,1.35721,1.37819,1.76562,0.808594
34454,q_layernorm,40,1.25632,1.31348,1.6875,0.449219
34454,q_layernorm,41,1.26196,1.30952,1.64062,0.589844
34454,q_layernorm,42,1.16705,1.21299,1.60938,0.609375
34454,q_layernorm,43,1.23273,1.26911,1.71094,0.660156
34454,q_layernorm,44,1.1835,1.2473,1.67969,0.519531
34454,q_layernorm,45,1.19607,1.29147,1.73438,0.19043
34454,q_layernorm,46,1.25945,1.34267,1.69531,0.103516
34454,q_layernorm,47,1.18575,1.26562,1.71094,0.273438
34454,q_layernorm,48,1.38094,1.44173,1.71875,0.128906
34454,q_layernorm,49,1.22275,1.30574,1.71094,0.0644531
34454,q_layernorm,50,1.36971,1.39004,1.66406,0.484375
34454,q_layernorm,51,1.37907,1.42501,1.75,0.131836
34454,q_layernorm,52,1.42226,1.43952,1.78125,0.416016
34454,q_layernorm,53,1.32552,1.39511,1.70312,0.111816
34454,q_layernorm,54,1.25317,1.33603,1.65625,0.183594
34454,q_layernorm,55,1.46631,1.47577,1.92969,0.949219
34454,q_layernorm,56,1.46567,1.47589,1.75,0.601562
34454,q_layernorm,57,1.41909,1.44676,1.86719,0.11377
34454,q_layernorm,58,1.51721,1.52139,1.74219,1.1875
34454,q_layernorm,59,1.47748,1.48264,1.8125,1.07812
34454,q_layernorm,60,1.41577,1.42253,1.72656,1.03125
34454,q_layernorm,61,1.40295,1.41175,1.80469,0.96875
34454,q_layernorm,62,1.31628,1.32105,1.70312,1.08594
34454,q_layernorm,63,1.17105,1.1735,1.39844,0.964844
34454,k_layernorm,0,1.06979,1.10378,1.71875,0.310547
34454,k_layernorm,1,1.4743,1.47843,1.75,1.10938
34454,k_layernorm,2,1.45728,1.46688,1.82812,1.03125
34454,k_layernorm,3,1.55524,1.56935,1.98438,0.898438
34454,k_layernorm,4,1.47443,1.48507,1.72656,1
34454,k_layernorm,5,1.4566,1.46564,1.75781,1.07812
34454,k_layernorm,6,1.67471,1.69157,2.01562,0.824219
34454,k_layernorm,7,1.56258,1.60575,2.03125,0.0267334
34454,k_layernorm,8,1.55476,1.57799,1.85938,0.318359
34454,k_layernorm,9,1.48897,1.51669,1.82031,0.222656
34454,k_layernorm,10,1.55673,1.57308,2.25,0.847656
34454,k_layernorm,11,1.56128,1.58629,1.99219,0.5
34454,k_layernorm,12,1.51349,1.522,1.8125,1.03906
34454,k_layernorm,13,1.46393,1.48708,1.86719,0.199219
34454,k_layernorm,14,1.40976,1.42808,1.76562,0.507812
34454,k_layernorm,15,1.54193,1.55646,1.875,0.632812
34454,k_layernorm,16,1.39633,1.41394,1.96094,0.539062
34454,k_layernorm,17,1.59238,1.60715,1.92188,0.824219
34454,k_layernorm,18,1.53847,1.58766,1.98438,0.0585938
34454,k_layernorm,19,1.61511,1.65534,2,0.0966797
34454,k_layernorm,20,1.47592,1.51617,1.88281,0.0776367
34454,k_layernorm,21,1.46783,1.52319,1.88281,0.0132446
34454,k_layernorm,22,1.57016,1.63712,1.99219,0.0371094
34454,k_layernorm,23,1.54509,1.57313,1.82812,0.298828
34454,k_layernorm,24,1.52215,1.54663,1.85938,0.041748
34454,k_layernorm,25,1.44982,1.52774,1.96875,-0.00909424
34454,k_layernorm,26,1.29378,1.40633,1.77344,0.0576172
34454,k_layernorm,27,1.46259,1.53852,1.98438,0.0151367
34454,k_layernorm,28,1.26005,1.37761,1.74219,0.0727539
34454,k_layernorm,29,1.33673,1.4425,1.78125,0.0678711
34454,k_layernorm,30,1.38901,1.45016,1.77344,0.00427246
34454,k_layernorm,31,1.27642,1.35193,1.71875,0.206055
34454,k_layernorm,32,1.42821,1.48321,1.76562,0.065918
34454,k_layernorm,33,1.1911,1.31846,1.71094,0.152344
34454,k_layernorm,34,1.28333,1.4005,1.84375,0.0888672
34454,k_layernorm,35,1.41652,1.48428,1.85156,0.125
34454,k_layernorm,36,1.29755,1.37859,1.83594,0.213867
34454,k_layernorm,37,1.21805,1.25309,1.71094,0.65625
34454,k_layernorm,38,1.5397,1.55,2.0625,0.871094
34454,k_layernorm,39,1.33765,1.36688,1.79688,0.695312
34454,k_layernorm,40,1.23457,1.29782,1.70312,0.472656
34454,k_layernorm,41,1.24911,1.29833,1.6875,0.554688
34454,k_layernorm,42,1.16605,1.21219,1.64844,0.601562
34454,k_layernorm,43,1.21268,1.26103,1.84375,0.492188
34454,k_layernorm,44,1.17502,1.2402,1.75781,0.523438
34454,k_layernorm,45,1.17097,1.27305,1.74219,0.166016
34454,k_layernorm,46,1.2344,1.33042,1.875,0.137695
34454,k_layernorm,47,1.16658,1.24853,1.84375,0.25
34454,k_layernorm,48,1.34065,1.41655,1.72656,0.0927734
34454,k_layernorm,49,1.19706,1.28445,1.67188,0.0229492
34454,k_layernorm,50,1.35808,1.3831,1.64844,0.410156
34454,k_layernorm,51,1.32021,1.38812,1.71094,0.109863
34454,k_layernorm,52,1.39088,1.42278,1.86719,0.285156
34454,k_layernorm,53,1.30522,1.38091,1.71875,0.106445
34454,k_layernorm,54,1.2345,1.32454,1.6875,0.15918
34454,k_layernorm,55,1.43665,1.45524,1.92969,0.359375
34454,k_layernorm,56,1.43591,1.45567,1.82812,0.101074
34454,k_layernorm,57,1.40589,1.43576,1.75781,0.102051
34454,k_layernorm,58,1.49371,1.49856,1.78906,1.17969
34454,k_layernorm,59,1.46234,1.46756,1.69531,1.13281
34454,k_layernorm,60,1.38028,1.39428,1.72656,0.753906
34454,k_layernorm,61,1.38229,1.39103,1.86719,0.925781
34454,k_layernorm,62,1.30109,1.30585,1.60156,1.07812
34454,k_layernorm,63,1.16931,1.17177,1.36719,0.980469
34454,final_layernorm,-1,1.709,1.72029,5.5,1.375
36000,linear_qkv,0,0.259178,0.268029,0.855469,0.0510254
36000,linear_qkv,1,0.549965,0.550799,0.851562,0.148438
36000,linear_qkv,2,0.748154,0.74926,0.875,0.0683594
36000,linear_qkv,3,0.856549,0.857481,0.996094,0.179688
36000,linear_qkv,4,0.863989,0.864881,1.00781,0.132812
36000,linear_qkv,5,0.954792,0.955702,1.07031,0.201172
36000,linear_qkv,6,1.02145,1.02252,1.17188,0.367188
36000,linear_qkv,7,1.13265,1.13356,1.27344,0.539062
36000,linear_qkv,8,1.08423,1.08542,1.22656,0.339844
36000,linear_qkv,9,1.00083,1.0019,1.16406,0.273438
36000,linear_qkv,10,1.03167,1.03259,1.25,0.365234
36000,linear_qkv,11,1.06898,1.07015,1.22656,0.351562
36000,linear_qkv,12,1.0131,1.01383,1.21094,0.410156
36000,linear_qkv,13,1.02723,1.02811,1.16406,0.369141
36000,linear_qkv,14,0.980542,0.981328,1.10156,0.441406
36000,linear_qkv,15,1.10209,1.10298,1.26562,0.503906
36000,linear_qkv,16,1.07058,1.07122,1.21875,0.585938
36000,linear_qkv,17,1.23684,1.23752,1.39844,0.738281
36000,linear_qkv,18,1.17022,1.17116,1.35938,0.601562
36000,linear_qkv,19,1.2714,1.27218,1.42969,0.703125
36000,linear_qkv,20,1.13665,1.13737,1.25781,0.628906
36000,linear_qkv,21,1.11145,1.112,1.34375,0.679688
36000,linear_qkv,22,1.36044,1.36118,1.5,0.757812
36000,linear_qkv,23,1.34242,1.34305,1.47656,0.722656
36000,linear_qkv,24,1.29569,1.29633,1.4375,0.699219
36000,linear_qkv,25,1.20654,1.20734,1.33594,0.535156
36000,linear_qkv,26,1.15637,1.15722,1.32812,0.476562
36000,linear_qkv,27,1.36814,1.36915,1.58594,0.597656
36000,linear_qkv,28,1.25096,1.25231,1.39844,0.511719
36000,linear_qkv,29,1.28445,1.28561,1.46875,0.492188
36000,linear_qkv,30,1.39422,1.39553,1.57031,0.539062
36000,linear_qkv,31,1.09842,1.09934,1.22656,0.458984
36000,linear_qkv,32,1.19265,1.19364,1.33594,0.490234
36000,linear_qkv,33,1.18851,1.18997,1.35938,0.427734
36000,linear_qkv,34,1.31767,1.31917,1.49219,0.484375
36000,linear_qkv,35,1.23581,1.23702,1.39844,0.408203
36000,linear_qkv,36,1.08488,1.08611,1.25,0.417969
36000,linear_qkv,37,0.849109,0.84997,0.972656,0.304688
36000,linear_qkv,38,1.05623,1.05699,1.19531,0.433594
36000,linear_qkv,39,0.885305,0.886169,1.01562,0.378906
36000,linear_qkv,40,0.964208,0.965252,1.10156,0.326172
36000,linear_qkv,41,0.92058,0.921604,1.04688,0.310547
36000,linear_qkv,42,0.867425,0.868476,1.01562,0.341797
36000,linear_qkv,43,0.898143,0.899185,1.01562,0.378906
36000,linear_qkv,44,0.941115,0.942253,1.09375,0.341797
36000,linear_qkv,45,1.03481,1.03596,1.17969,0.386719
36000,linear_qkv,46,1.07513,1.07629,1.20312,0.404297
36000,linear_qkv,47,0.982334,0.983383,1.10156,0.490234
36000,linear_qkv,48,1.17818,1.17957,1.33594,0.486328
36000,linear_qkv,49,1.14357,1.145,1.3125,0.478516
36000,linear_qkv,50,1.06659,1.0677,1.20312,0.482422
36000,linear_qkv,51,1.151,1.15273,1.29688,0.490234
36000,linear_qkv,52,1.11677,1.11799,1.25,0.503906
36000,linear_qkv,53,1.24882,1.25117,1.39844,0.464844
36000,linear_qkv,54,1.16569,1.16782,1.32812,0.386719
36000,linear_qkv,55,1.24126,1.24304,1.40625,0.621094
36000,linear_qkv,56,1.24674,1.24882,1.42969,0.5625
36000,linear_qkv,57,1.21287,1.21563,1.4375,0.388672
36000,linear_qkv,58,1.25322,1.25537,1.42188,0.554688
36000,linear_qkv,59,1.17225,1.17456,1.32812,0.416016
36000,linear_qkv,60,1.08571,1.08731,1.22656,0.566406
36000,linear_qkv,61,1.08554,1.08715,1.28906,0.585938
36000,linear_qkv,62,1.01584,1.01636,1.11719,0.667969
36000,linear_qkv,63,0.973698,0.974037,1.09375,0.8125
36000,linear_fc1,0,0.594982,0.597951,0.792969,0.0629883
36000,linear_fc1,1,0.907123,0.909965,1.03906,0.0322266
36000,linear_fc1,2,0.925317,0.927004,1.00781,0.029541
36000,linear_fc1,3,0.866756,0.868005,0.953125,0.0432129
36000,linear_fc1,4,0.828848,0.829879,0.917969,0.0332031
36000,linear_fc1,5,0.737419,0.738147,1.125,0.0143433
36000,linear_fc1,6,0.674598,0.67531,0.863281,0.0231934
36000,linear_fc1,7,0.649151,0.649888,0.839844,0.0356445
36000,linear_fc1,8,0.65808,0.658787,0.800781,0.0283203
36000,linear_fc1,9,0.670539,0.671226,0.75,0.0291748
36000,linear_fc1,10,0.662639,0.663307,0.742188,0.0366211
36000,linear_fc1,11,0.664193,0.664814,0.742188,0.0292969
36000,linear_fc1,12,0.671022,0.671634,0.746094,0.0371094
36000,linear_fc1,13,0.674791,0.675366,0.753906,0.0380859
36000,linear_fc1,14,0.665029,0.66557,0.742188,0.0402832
36000,linear_fc1,15,0.658482,0.658973,0.730469,0.0571289
36000,linear_fc1,16,0.637859,0.638302,0.710938,0.0629883
36000,linear_fc1,17,0.61507,0.615469,0.679688,0.113281
36000,linear_fc1,18,0.609962,0.610358,0.679688,0.0830078
36000,linear_fc1,19,0.614262,0.614642,0.683594,0.0622559
36000,linear_fc1,20,0.625133,0.625493,0.695312,0.0898438
36000,linear_fc1,21,0.625698,0.626063,0.691406,0.107422
36000,linear_fc1,22,0.624348,0.624751,0.703125,0.0688477
36000,linear_fc1,23,0.628787,0.629175,0.6875,0.0732422
36000,linear_fc1,24,0.638548,0.638961,0.707031,0.0617676
36000,linear_fc1,25,0.659051,0.659485,0.710938,0.0539551
36000,linear_fc1,26,0.671898,0.672342,0.746094,0.046875
36000,linear_fc1,27,0.689239,0.689713,0.753906,0.0505371
36000,linear_fc1,28,0.705451,0.705938,0.765625,0.036377
36000,linear_fc1,29,0.720175,0.720672,0.789062,0.0125732
36000,linear_fc1,30,0.741534,0.742001,0.804688,0.0537109
36000,linear_fc1,31,0.761468,0.761965,0.816406,0.0314941
36000,linear_fc1,32,0.776811,0.77733,0.828125,0.0128784
36000,linear_fc1,33,0.794975,0.795524,0.855469,0.00921631
36000,linear_fc1,34,0.817859,0.818428,0.871094,0.00396729
36000,linear_fc1,35,0.844348,0.844954,0.914062,0.00421143
36000,linear_fc1,36,0.867288,0.867925,0.917969,0.00393677
36000,linear_fc1,37,0.885699,0.886396,0.9375,0.00273132
36000,linear_fc1,38,0.901677,0.90243,0.953125,0.00512695
36000,linear_fc1,39,0.914585,0.915408,0.972656,0.00285339
36000,linear_fc1,40,0.925954,0.926836,0.980469,0.00308228
36000,linear_fc1,41,0.936916,0.937852,0.996094,0.00515747
36000,linear_fc1,42,0.946608,0.947611,1,0.00457764
36000,linear_fc1,43,0.955545,0.956596,1.00781,0.00695801
36000,linear_fc1,44,0.962212,0.96335,1.02344,0.00454712
36000,linear_fc1,45,0.967989,0.969188,1.03906,0.00524902
36000,linear_fc1,46,0.974157,0.975421,1.07031,0.00952148
36000,linear_fc1,47,0.979487,0.980802,1.07031,0.0131836
36000,linear_fc1,48,0.983421,0.984831,1.0625,0.00637817
36000,linear_fc1,49,0.991275,0.992737,1.07812,0.0317383
36000,linear_fc1,50,0.995449,0.996963,1.09375,0.0303955
36000,linear_fc1,51,1.00047,1.00206,1.13281,0.0512695
36000,linear_fc1,52,1.00194,1.00355,1.14062,0.0649414
36000,linear_fc1,53,1.00699,1.00855,1.16406,0.0986328
36000,linear_fc1,54,1.01306,1.0146,1.21094,0.148438
36000,linear_fc1,55,1.01013,1.01167,1.25,0.130859
36000,linear_fc1,56,1.01125,1.01272,1.30469,0.154297
36000,linear_fc1,57,1.0198,1.02123,1.36719,0.265625
36000,linear_fc1,58,1.02144,1.02279,1.42188,0.316406
36000,linear_fc1,59,1.02228,1.02363,1.48438,0.414062
36000,linear_fc1,60,1.03424,1.03562,1.54688,0.433594
36000,linear_fc1,61,1.06333,1.06456,1.60156,0.496094
36000,linear_fc1,62,1.09217,1.09299,1.53125,0.636719
36000,linear_fc1,63,1.11283,1.11351,1.36719,0.839844
36000,q_layernorm,0,1.07928,1.11023,1.57812,0.316406
36000,q_layernorm,1,1.48938,1.49471,1.90625,1.1875
36000,q_layernorm,2,1.46863,1.47718,1.77344,1.09375
36000,q_layernorm,3,1.5741,1.58555,1.85938,1.14062
36000,q_layernorm,4,1.4906,1.49878,1.75781,1.08594
36000,q_layernorm,5,1.46173,1.46997,1.71875,1.02344
36000,q_layernorm,6,1.70468,1.7212,2.0625,0.972656
36000,q_layernorm,7,1.59507,1.63434,1.99219,0.078125
36000,q_layernorm,8,1.57047,1.59214,1.8125,0.376953
36000,q_layernorm,9,1.53382,1.55475,1.85938,0.211914
36000,q_layernorm,10,1.58914,1.59942,1.86719,0.941406
36000,q_layernorm,11,1.59439,1.61199,1.86719,0.710938
36000,q_layernorm,12,1.54138,1.55068,1.99219,0.984375
36000,q_layernorm,13,1.48959,1.51007,1.72656,0.0595703
36000,q_layernorm,14,1.43576,1.4516,1.78906,0.730469
36000,q_layernorm,15,1.57104,1.58395,1.89062,0.636719
36000,q_layernorm,16,1.41574,1.42666,1.79688,0.859375
36000,q_layernorm,17,1.60986,1.62482,1.92969,1.03906
36000,q_layernorm,18,1.57587,1.61345,1.90625,0.239258
36000,q_layernorm,19,1.6516,1.68288,1.96875,0.255859
36000,q_layernorm,20,1.51074,1.54451,1.875,0.0742188
36000,q_layernorm,21,1.50259,1.55027,1.91406,0.0683594
36000,q_layernorm,22,1.5975,1.66576,2.03125,0.00817871
36000,q_layernorm,23,1.57069,1.59231,1.92969,0.219727
36000,q_layernorm,24,1.55344,1.57109,1.82031,0.542969
36000,q_layernorm,25,1.49109,1.55949,1.89844,0.0600586
36000,q_layernorm,26,1.31718,1.42548,1.82031,0.0703125
36000,q_layernorm,27,1.50848,1.56937,1.99219,0.043457
36000,q_layernorm,28,1.28614,1.39627,1.74219,0.0581055
36000,q_layernorm,29,1.37793,1.47197,1.8125,0.0378418
36000,q_layernorm,30,1.42646,1.47151,1.83594,0.0247803
36000,q_layernorm,31,1.30293,1.37149,1.67969,0.140625
36000,q_layernorm,32,1.47712,1.51502,1.80469,0.0742188
36000,q_layernorm,33,1.21806,1.34054,1.71094,0.0800781
36000,q_layernorm,34,1.31987,1.41835,1.82812,0.074707
36000,q_layernorm,35,1.48492,1.525,1.83594,0.137695
36000,q_layernorm,36,1.33496,1.40106,1.77344,0.12793
36000,q_layernorm,37,1.21744,1.25148,1.60156,0.636719
36000,q_layernorm,38,1.56921,1.57377,2.01562,1.22656
36000,q_layernorm,39,1.35471,1.37632,1.77344,0.777344
36000,q_layernorm,40,1.25121,1.30973,1.67188,0.427734
36000,q_layernorm,41,1.25418,1.30379,1.63281,0.550781
36000,q_layernorm,42,1.15906,1.20648,1.58594,0.597656
36000,q_layernorm,43,1.22437,1.26222,1.6875,0.628906
36000,q_layernorm,44,1.17368,1.23993,1.64844,0.507812
36000,q_layernorm,45,1.19131,1.28899,1.73438,0.172852
36000,q_layernorm,46,1.25519,1.34039,1.69531,0.100586
36000,q_layernorm,47,1.17769,1.25913,1.67969,0.269531
36000,q_layernorm,48,1.37996,1.44197,1.71875,0.116699
36000,q_layernorm,49,1.22022,1.30404,1.71094,0.0708008
36000,q_layernorm,50,1.36743,1.38858,1.67188,0.447266
36000,q_layernorm,51,1.37686,1.424,1.76562,0.113281
36000,q_layernorm,52,1.42291,1.44065,1.78125,0.367188
36000,q_layernorm,53,1.32341,1.39379,1.71094,0.104004
36000,q_layernorm,54,1.24961,1.3338,1.65625,0.162109
36000,q_layernorm,55,1.46335,1.47302,1.89844,0.9375
36000,q_layernorm,56,1.4664,1.47696,1.75781,0.578125
36000,q_layernorm,57,1.41894,1.44711,1.84375,0.11084
36000,q_layernorm,58,1.51947,1.52367,1.73438,1.17969
36000,q_layernorm,59,1.47723,1.48254,1.8125,1.07031
36000,q_layernorm,60,1.41504,1.42208,1.73438,1.02344
36000,q_layernorm,61,1.4039,1.4127,1.79688,0.964844
36000,q_layernorm,62,1.31671,1.32155,1.70312,1.08594
36000,q_layernorm,63,1.17075,1.17326,1.39844,0.957031
36000,k_layernorm,0,1.07355,1.10996,1.76562,0.271484
36000,k_layernorm,1,1.4776,1.48182,1.75,1.10156
36000,k_layernorm,2,1.45563,1.46562,1.85156,1.02344
36000,k_layernorm,3,1.55499,1.56958,1.97656,0.882812
36000,k_layernorm,4,1.47354,1.48454,1.73438,0.996094
36000,k_layernorm,5,1.45374,1.4631,1.76562,1.07812
36000,k_layernorm,6,1.67822,1.69539,2.03125,0.8125
36000,k_layernorm,7,1.56325,1.60711,2.04688,0.0108032
36000,k_layernorm,8,1.55345,1.5772,1.85938,0.294922
36000,k_layernorm,9,1.48997,1.5187,1.82812,0.198242
36000,k_layernorm,10,1.5582,1.57504,2.25,0.832031
36000,k_layernorm,11,1.56375,1.58972,1.98438,0.46875
36000,k_layernorm,12,1.51703,1.52588,1.82031,1.03125
36000,k_layernorm,13,1.46674,1.49071,1.89844,0.173828
36000,k_layernorm,14,1.4102,1.42943,1.77344,0.466797
36000,k_layernorm,15,1.54529,1.56031,1.89062,0.605469
36000,k_layernorm,16,1.39832,1.41659,1.98438,0.523438
36000,k_layernorm,17,1.59387,1.60893,1.92188,0.804688
36000,k_layernorm,18,1.54062,1.59046,1.99219,0.057373
36000,k_layernorm,19,1.61742,1.65834,1.99219,0.0878906
36000,k_layernorm,20,1.47792,1.51884,1.89062,0.0668945
36000,k_layernorm,21,1.47008,1.52602,1.88281,0.0142822
36000,k_layernorm,22,1.57244,1.6399,1.99219,0.0395508
36000,k_layernorm,23,1.54553,1.57448,1.83594,0.261719
36000,k_layernorm,24,1.52441,1.54946,1.86719,0.0371094
36000,k_layernorm,25,1.4504,1.52951,1.96875,-0.0148315
36000,k_layernorm,26,1.2918,1.40483,1.77344,0.052002
36000,k_layernorm,27,1.46128,1.53823,1.99219,0.00878906
36000,k_layernorm,28,1.25756,1.37608,1.75,0.0703125
36000,k_layernorm,29,1.33249,1.43942,1.78125,0.0549316
36000,k_layernorm,30,1.38758,1.44954,1.78125,0.00964355
36000,k_layernorm,31,1.27359,1.351,1.71875,0.195312
36000,k_layernorm,32,1.42735,1.48354,1.76562,0.0556641
36000,k_layernorm,33,1.18726,1.31645,1.71094,0.141602
36000,k_layernorm,34,1.28007,1.39882,1.85938,0.0800781
36000,k_layernorm,35,1.41456,1.48419,1.85938,0.11377
36000,k_layernorm,36,1.29367,1.37748,1.83594,0.189453
36000,k_layernorm,37,1.21149,1.24756,1.69531,0.644531
36000,k_layernorm,38,1.54056,1.5511,2.0625,0.847656
36000,k_layernorm,39,1.33334,1.36401,1.79688,0.667969
36000,k_layernorm,40,1.22867,1.29386,1.70312,0.458984
36000,k_layernorm,41,1.24124,1.29323,1.67969,0.527344
36000,k_layernorm,42,1.15778,1.20547,1.64062,0.601562
36000,k_layernorm,43,1.20392,1.25447,1.82031,0.464844
36000,k_layernorm,44,1.16519,1.23359,1.75,0.5
36000,k_layernorm,45,1.16579,1.27047,1.74219,0.149414
36000,k_layernorm,46,1.22932,1.32796,1.85938,0.116699
36000,k_layernorm,47,1.15876,1.24236,1.82031,0.233398
36000,k_layernorm,48,1.33995,1.41719,1.73438,0.0854492
36000,k_layernorm,49,1.19416,1.28265,1.66406,0.0136719
36000,k_layernorm,50,1.35544,1.38161,1.64844,0.384766
36000,k_layernorm,51,1.31632,1.38676,1.71094,0.0947266
36000,k_layernorm,52,1.39053,1.42352,1.86719,0.253906
36000,k_layernorm,53,1.30252,1.37967,1.70312,0.097168
36000,k_layernorm,54,1.23009,1.32218,1.6875,0.140625
36000,k_layernorm,55,1.43352,1.45308,1.89844,0.333984
36000,k_layernorm,56,1.43675,1.45728,1.82812,0.0795898
36000,k_layernorm,57,1.40593,1.43642,1.75781,0.0922852
36000,k_layernorm,58,1.49603,1.50101,1.78906,1.17188
36000,k_layernorm,59,1.46228,1.46764,1.69531,1.125
36000,k_layernorm,60,1.37921,1.39382,1.72656,0.742188
36000,k_layernorm,61,1.38226,1.39088,1.86719,0.921875
36000,k_layernorm,62,1.30176,1.30654,1.60938,1.07031
36000,k_layernorm,63,1.16885,1.17136,1.36719,0.96875
36000,final_layernorm,-1,1.70508,1.71665,5.5625,1.35156
40000,linear_qkv,0,0.190852,0.199975,0.816406,0.0183105
40000,linear_qkv,1,0.507617,0.50851,0.839844,0.117188
40000,linear_qkv,2,0.713851,0.714977,0.84375,0.0566406
40000,linear_qkv,3,0.830004,0.830982,0.980469,0.132812
40000,linear_qkv,4,0.83987,0.840813,0.984375,0.103027
40000,linear_qkv,5,0.934658,0.93564,1.05469,0.162109
40000,linear_qkv,6,1.00298,1.00413,1.15625,0.314453
40000,linear_qkv,7,1.12633,1.12731,1.27344,0.482422
40000,linear_qkv,8,1.0742,1.07548,1.21875,0.300781
40000,linear_qkv,9,0.994491,0.99564,1.19531,0.259766
40000,linear_qkv,10,1.02283,1.02384,1.28125,0.339844
40000,linear_qkv,11,1.06542,1.06667,1.25781,0.330078
40000,linear_qkv,12,1.00943,1.01022,1.25,0.378906
40000,linear_qkv,13,1.02908,1.03004,1.17969,0.347656
40000,linear_qkv,14,0.985709,0.98657,1.10938,0.427734
40000,linear_qkv,15,1.10725,1.1082,1.26562,0.494141
40000,linear_qkv,16,1.08396,1.08466,1.22656,0.589844
40000,linear_qkv,17,1.24324,1.24397,1.41406,0.738281
40000,linear_qkv,18,1.18158,1.18259,1.38281,0.597656
40000,linear_qkv,19,1.28533,1.28615,1.45312,0.707031
40000,linear_qkv,20,1.15089,1.15165,1.27344,0.628906
40000,linear_qkv,21,1.12844,1.12903,1.38281,0.683594
40000,linear_qkv,22,1.37872,1.37947,1.53906,0.730469
40000,linear_qkv,23,1.36315,1.3638,1.52344,0.722656
40000,linear_qkv,24,1.31844,1.31909,1.46094,0.695312
40000,linear_qkv,25,1.22826,1.2291,1.36719,0.53125
40000,linear_qkv,26,1.17539,1.1763,1.375,0.466797
40000,linear_qkv,27,1.39617,1.39726,1.64844,0.578125
40000,linear_qkv,28,1.27632,1.27778,1.4375,0.478516
40000,linear_qkv,29,1.3088,1.31003,1.5,0.484375
40000,linear_qkv,30,1.43046,1.43186,1.60938,0.507812
40000,linear_qkv,31,1.1226,1.12363,1.26562,0.416016
40000,linear_qkv,32,1.22406,1.22514,1.375,0.453125
40000,linear_qkv,33,1.21986,1.22149,1.40625,0.390625
40000,linear_qkv,34,1.36188,1.36356,1.55469,0.455078
40000,linear_qkv,35,1.27398,1.27531,1.45312,0.380859
40000,linear_qkv,36,1.11166,1.11302,1.28906,0.376953
40000,linear_qkv,37,0.852855,0.8538,0.980469,0.271484
40000,linear_qkv,38,1.07492,1.07575,1.21094,0.402344
40000,linear_qkv,39,0.894893,0.895845,1.03125,0.353516
40000,linear_qkv,40,0.97968,0.980834,1.125,0.304688
40000,linear_qkv,41,0.933208,0.934349,1.0625,0.291016
40000,linear_qkv,42,0.873314,0.874493,1.03125,0.292969
40000,linear_qkv,43,0.906519,0.907685,1.03906,0.359375
40000,linear_qkv,44,0.954518,0.955798,1.11719,0.320312
40000,linear_qkv,45,1.05087,1.05214,1.19531,0.371094
40000,linear_qkv,46,1.09614,1.0974,1.25,0.396484
40000,linear_qkv,47,0.992642,0.993801,1.14062,0.478516
40000,linear_qkv,48,1.20441,1.20593,1.36719,0.46875
40000,linear_qkv,49,1.1649,1.16643,1.32812,0.472656
40000,linear_qkv,50,1.08851,1.08974,1.23438,0.466797
40000,linear_qkv,51,1.18281,1.18474,1.32812,0.474609
40000,linear_qkv,52,1.14617,1.14753,1.27344,0.5
40000,linear_qkv,53,1.28369,1.28625,1.44531,0.421875
40000,linear_qkv,54,1.19438,1.19671,1.36719,0.40625
40000,linear_qkv,55,1.27139,1.27334,1.44531,0.609375
40000,linear_qkv,56,1.284,1.2863,1.48438,0.523438
40000,linear_qkv,57,1.23891,1.24185,1.46094,0.361328
40000,linear_qkv,58,1.28123,1.28356,1.46875,0.507812
40000,linear_qkv,59,1.18921,1.19173,1.35156,0.345703
40000,linear_qkv,60,1.09528,1.09705,1.24219,0.523438
40000,linear_qkv,61,1.09022,1.09195,1.3125,0.558594
40000,linear_qkv,62,1.01712,1.01768,1.13281,0.65625
40000,linear_qkv,63,0.973717,0.974087,1.09375,0.792969
40000,linear_fc1,0,0.574884,0.578053,0.765625,0.0522461
40000,linear_fc1,1,0.904368,0.907245,1.03125,0.0310059
40000,linear_fc1,2,0.920722,0.922401,1.00781,0.0281982
40000,linear_fc1,3,0.86972,0.870977,0.957031,0.0393066
40000,linear_fc1,4,0.833105,0.834153,0.929688,0.0235596
40000,linear_fc1,5,0.742294,0.743053,1.21094,0.0108032
40000,linear_fc1,6,0.678982,0.679718,0.90625,0.0184326
40000,linear_fc1,7,0.651691,0.652458,0.871094,0.0310059
40000,linear_fc1,8,0.658988,0.659727,0.824219,0.024292
40000,linear_fc1,9,0.669628,0.67035,0.769531,0.0235596
40000,linear_fc1,10,0.659589,0.660292,0.742188,0.0317383
40000,linear_fc1,11,0.659605,0.660257,0.734375,0.024292
40000,linear_fc1,12,0.664749,0.665385,0.746094,0.0306396
40000,linear_fc1,13,0.666511,0.66711,0.746094,0.0319824
40000,linear_fc1,14,0.655164,0.655724,0.726562,0.0344238
40000,linear_fc1,15,0.647664,0.648169,0.71875,0.0490723
40000,linear_fc1,16,0.62642,0.62687,0.703125,0.0527344
40000,linear_fc1,17,0.604005,0.604415,0.675781,0.0981445
40000,linear_fc1,18,0.597587,0.597981,0.660156,0.0712891
40000,linear_fc1,19,0.600827,0.601208,0.664062,0.0563965
40000,linear_fc1,20,0.611618,0.611981,0.691406,0.0795898
40000,linear_fc1,21,0.611658,0.612023,0.675781,0.0917969
40000,linear_fc1,22,0.609775,0.610182,0.671875,0.0559082
40000,linear_fc1,23,0.614782,0.615177,0.675781,0.0639648
40000,linear_fc1,24,0.625016,0.625433,0.695312,0.050293
40000,linear_fc1,25,0.646596,0.647036,0.703125,0.0439453
40000,linear_fc1,26,0.660082,0.660535,0.730469,0.0375977
40000,linear_fc1,27,0.678755,0.679238,0.738281,0.0410156
40000,linear_fc1,28,0.695666,0.696163,0.761719,0.0267334
40000,linear_fc1,29,0.710852,0.711356,0.785156,0.00897217
40000,linear_fc1,30,0.732498,0.732972,0.789062,0.0432129
40000,linear_fc1,31,0.753555,0.75406,0.808594,0.0255127
40000,linear_fc1,32,0.767743,0.768268,0.824219,0.0102539
40000,linear_fc1,33,0.785991,0.786548,0.851562,0.0088501
40000,linear_fc1,34,0.808696,0.809274,0.867188,0.00427246
40000,linear_fc1,35,0.835498,0.83611,0.898438,0.00509644
40000,linear_fc1,36,0.859798,0.860444,0.914062,0.00497437
40000,linear_fc1,37,0.87862,0.879325,0.933594,0.00241089
40000,linear_fc1,38,0.894532,0.895293,0.945312,0.00408936
40000,linear_fc1,39,0.907924,0.908751,0.964844,0.0018158
40000,linear_fc1,40,0.91934,0.920228,0.972656,0.00276184
40000,linear_fc1,41,0.930297,0.931239,0.992188,0.00549316
40000,linear_fc1,42,0.940164,0.941171,0.996094,0.00402832
40000,linear_fc1,43,0.949454,0.950507,1.00781,0.00720215
40000,linear_fc1,44,0.955638,0.956781,1.02344,0.00346375
40000,linear_fc1,45,0.961675,0.962867,1.03125,0.00527954
40000,linear_fc1,46,0.968719,0.969984,1.05469,0.00866699
40000,linear_fc1,47,0.974074,0.975384,1.07031,0.0131226
40000,linear_fc1,48,0.977905,0.979314,1.07031,0.00579834
40000,linear_fc1,49,0.986793,0.988246,1.08594,0.0285645
40000,linear_fc1,50,0.990426,0.991935,1.09375,0.0253906
40000,linear_fc1,51,0.995222,0.996801,1.125,0.0441895
40000,linear_fc1,52,0.997057,0.998648,1.125,0.0559082
40000,linear_fc1,53,1.00254,1.00408,1.16406,0.0913086
40000,linear_fc1,54,1.00844,1.00996,1.19531,0.137695
40000,linear_fc1,55,1.00641,1.00793,1.25781,0.117188
40000,linear_fc1,56,1.00652,1.00797,1.32031,0.137695
40000,linear_fc1,57,1.01518,1.01662,1.39062,0.239258
40000,linear_fc1,58,1.01663,1.01802,1.44531,0.283203
40000,linear_fc1,59,1.0153,1.01671,1.49219,0.375
40000,linear_fc1,60,1.02632,1.02778,1.53906,0.382812
40000,linear_fc1,61,1.05451,1.05584,1.60938,0.439453
40000,linear_fc1,62,1.08741,1.08829,1.53906,0.589844
40000,linear_fc1,63,1.12733,1.12822,1.45312,0.8125
40000,q_layernorm,0,1.10602,1.14047,1.64844,0.310547
40000,q_layernorm,1,1.50372,1.50945,1.92188,1.17188
40000,q_layernorm,2,1.47583,1.48502,1.78906,1.0625
40000,q_layernorm,3,1.58319,1.59517,1.88281,1.13281
40000,q_layernorm,4,1.50079,1.50934,1.78906,1.07812
40000,q_layernorm,5,1.46756,1.47635,1.74219,0.980469
40000,q_layernorm,6,1.72116,1.73813,2.09375,0.964844
40000,q_layernorm,7,1.60601,1.646,2.01562,0.0776367
40000,q_layernorm,8,1.57939,1.60175,1.82812,0.353516
40000,q_layernorm,9,1.54858,1.5714,1.89062,0.144531
40000,q_layernorm,10,1.60126,1.61234,1.89062,0.90625
40000,q_layernorm,11,1.6106,1.62985,1.88281,0.640625
40000,q_layernorm,12,1.55777,1.56806,2.07812,0.941406
40000,q_layernorm,13,1.50589,1.52753,1.76562,0.0517578
40000,q_layernorm,14,1.45279,1.47046,1.85938,0.632812
40000,q_layernorm,15,1.58948,1.6037,1.92188,0.554688
40000,q_layernorm,16,1.43124,1.44332,1.85156,0.808594
40000,q_layernorm,17,1.62451,1.64034,1.96875,1.02344
40000,q_layernorm,18,1.58987,1.62835,1.9375,0.223633
40000,q_layernorm,19,1.66641,1.69879,2,0.21875
40000,q_layernorm,20,1.52696,1.56181,1.91406,0.0583496
40000,q_layernorm,21,1.51829,1.56687,1.9375,0.0644531
40000,q_layernorm,22,1.61082,1.6799,2.0625,0.00762939
40000,q_layernorm,23,1.5834,1.60607,1.94531,0.171875
40000,q_layernorm,24,1.56833,1.58689,1.82031,0.503906
40000,q_layernorm,25,1.50341,1.57322,1.9375,0.0478516
40000,q_layernorm,26,1.32429,1.43456,1.83594,0.0612793
40000,q_layernorm,27,1.51977,1.58145,2,0.0556641
40000,q_layernorm,28,1.29592,1.40736,1.75,0.0629883
40000,q_layernorm,29,1.38423,1.47957,1.8125,0.0351562
40000,q_layernorm,30,1.43646,1.48266,1.85938,0.0166016
40000,q_layernorm,31,1.31523,1.38674,1.69531,0.12793
40000,q_layernorm,32,1.49385,1.53292,1.82812,0.074707
40000,q_layernorm,33,1.22411,1.35123,1.71875,0.0527344
40000,q_layernorm,34,1.33005,1.43197,1.84375,0.057373
40000,q_layernorm,35,1.49874,1.54122,1.86719,0.09375
40000,q_layernorm,36,1.34851,1.41817,1.79688,0.103027
40000,q_layernorm,37,1.22711,1.26312,1.63281,0.597656
40000,q_layernorm,38,1.5863,1.59112,2.01562,1.22656
40000,q_layernorm,39,1.36792,1.39066,1.79688,0.734375
40000,q_layernorm,40,1.25847,1.32153,1.69531,0.371094
40000,q_layernorm,41,1.26251,1.31607,1.66406,0.492188
40000,q_layernorm,42,1.1601,1.21121,1.60156,0.558594
40000,q_layernorm,43,1.22791,1.26856,1.69531,0.582031
40000,q_layernorm,44,1.1743,1.24613,1.66406,0.4375
40000,q_layernorm,45,1.1963,1.29891,1.75,0.158203
40000,q_layernorm,46,1.26511,1.3536,1.71094,0.0834961
40000,q_layernorm,47,1.1797,1.26542,1.67969,0.227539
40000,q_layernorm,48,1.3937,1.45807,1.73438,0.108887
40000,q_layernorm,49,1.23099,1.31678,1.72656,0.0444336
40000,q_layernorm,50,1.37872,1.40105,1.6875,0.408203
40000,q_layernorm,51,1.38706,1.43639,1.78906,0.0810547
40000,q_layernorm,52,1.4391,1.45732,1.78906,0.298828
40000,q_layernorm,53,1.33417,1.40635,1.72656,0.0981445
40000,q_layernorm,54,1.25581,1.34414,1.67188,0.146484
40000,q_layernorm,55,1.47263,1.48317,1.89844,0.882812
40000,q_layernorm,56,1.4812,1.49269,1.77344,0.527344
40000,q_layernorm,57,1.43271,1.46196,1.85156,0.0864258
40000,q_layernorm,58,1.53583,1.54027,1.75781,1.16406
40000,q_layernorm,59,1.48724,1.4929,1.84375,1.05469
40000,q_layernorm,60,1.42242,1.4298,1.74219,1.02344
40000,q_layernorm,61,1.41525,1.4243,1.80469,0.957031
40000,q_layernorm,62,1.32513,1.33024,1.71875,1.08594
40000,q_layernorm,63,1.17368,1.17646,1.40625,0.933594
40000,k_layernorm,0,1.10055,1.14079,1.89062,0.245117
40000,k_layernorm,1,1.492,1.49661,1.78125,1.07812
40000,k_layernorm,2,1.46283,1.47374,1.89844,1.01562
40000,k_layernorm,3,1.56375,1.57929,1.99219,0.863281
40000,k_layernorm,4,1.48376,1.49551,1.76562,0.976562
40000,k_layernorm,5,1.46021,1.4701,1.78906,1.07031
40000,k_layernorm,6,1.69437,1.71234,2.04688,0.792969
40000,k_layernorm,7,1.57307,1.61781,2.04688,0.0240479
40000,k_layernorm,8,1.5621,1.58686,1.88281,0.253906
40000,k_layernorm,9,1.5036,1.53463,1.84375,0.162109
40000,k_layernorm,10,1.56995,1.58791,2.25,0.796875
40000,k_layernorm,11,1.57851,1.60659,1.97656,0.404297
40000,k_layernorm,12,1.5321,1.54188,1.85938,1.00781
40000,k_layernorm,13,1.48142,1.50712,1.96875,0.135742
40000,k_layernorm,14,1.42638,1.44815,1.80469,0.355469
40000,k_layernorm,15,1.56305,1.57944,1.9375,0.527344
40000,k_layernorm,16,1.41226,1.43241,2.0625,0.5
40000,k_layernorm,17,1.60754,1.62343,1.94531,0.773438
40000,k_layernorm,18,1.55228,1.6036,2.01562,0.0517578
40000,k_layernorm,19,1.63104,1.67353,2.01562,0.0629883
40000,k_layernorm,20,1.4927,1.535,1.92188,0.0556641
40000,k_layernorm,21,1.48443,1.54176,1.89844,0.0117188
40000,k_layernorm,22,1.58541,1.65421,2.01562,0.0375977
40000,k_layernorm,23,1.55669,1.58775,1.85938,0.192383
40000,k_layernorm,24,1.53907,1.56568,1.90625,0.0203857
40000,k_layernorm,25,1.46004,1.54196,1.99219,-0.0249023
40000,k_layernorm,26,1.29765,1.41349,1.78906,0.0615234
40000,k_layernorm,27,1.47021,1.54929,2.01562,0.00799561
40000,k_layernorm,28,1.26474,1.38589,1.77344,0.0703125
40000,k_layernorm,29,1.3367,1.44641,1.78906,0.0620117
40000,k_layernorm,30,1.39615,1.46043,1.80469,0.00643921
40000,k_layernorm,31,1.28333,1.36492,1.74219,0.154297
40000,k_layernorm,32,1.4408,1.49939,1.78906,0.0454102
40000,k_layernorm,33,1.19208,1.32679,1.71875,0.118164
40000,k_layernorm,34,1.28871,1.41208,1.89062,0.0571289
40000,k_layernorm,35,1.4246,1.49824,1.89062,0.0678711
40000,k_layernorm,36,1.30245,1.392,1.86719,0.164062
40000,k_layernorm,37,1.21973,1.25862,1.71094,0.628906
40000,k_layernorm,38,1.55557,1.56678,2.0625,0.804688
40000,k_layernorm,39,1.34369,1.37707,1.83594,0.601562
40000,k_layernorm,40,1.23361,1.30456,1.73438,0.404297
40000,k_layernorm,41,1.24651,1.30392,1.71094,0.486328
40000,k_layernorm,42,1.15778,1.21015,1.6875,0.566406
40000,k_layernorm,43,1.20329,1.25962,1.82812,0.427734
40000,k_layernorm,44,1.16505,1.2396,1.76562,0.445312
40000,k_layernorm,45,1.16972,1.28012,1.76562,0.128906
40000,k_layernorm,46,1.23673,1.34064,1.88281,0.0976562
40000,k_layernorm,47,1.16087,1.24877,1.82812,0.192383
40000,k_layernorm,48,1.35186,1.43243,1.75781,0.0708008
40000,k_layernorm,49,1.20321,1.29486,1.6875,0.0314941
40000,k_layernorm,50,1.36487,1.39317,1.66406,0.328125
40000,k_layernorm,51,1.32368,1.3977,1.72656,0.0805664
40000,k_layernorm,52,1.40287,1.43835,1.88281,0.198242
40000,k_layernorm,53,1.31254,1.39252,1.71875,0.0820312
40000,k_layernorm,54,1.23521,1.33282,1.70312,0.107422
40000,k_layernorm,55,1.44136,1.46254,1.91406,0.306641
40000,k_layernorm,56,1.45086,1.47284,1.83594,0.0654297
40000,k_layernorm,57,1.41803,1.45006,1.76562,0.0756836
40000,k_layernorm,58,1.51233,1.51769,1.82031,1.17969
40000,k_layernorm,59,1.47156,1.47746,1.71875,1.10938
40000,k_layernorm,60,1.38571,1.40168,1.74219,0.71875
40000,k_layernorm,61,1.39276,1.40191,1.89062,0.890625
40000,k_layernorm,62,1.31006,1.31504,1.625,1.07031
40000,k_layernorm,63,1.172,1.17471,1.375,0.949219
40000,final_layernorm,-1,1.69957,1.71175,5.6875,1.3125
43200,linear_qkv,0,0.14953,0.158461,0.78125,0.0105591
43200,linear_qkv,1,0.478167,0.479086,0.832031,0.0966797
43200,linear_qkv,2,0.690708,0.691859,0.8125,0.0473633
43200,linear_qkv,3,0.808737,0.80973,0.988281,0.105957
43200,linear_qkv,4,0.821137,0.822119,0.964844,0.0859375
43200,linear_qkv,5,0.91838,0.91941,1.05469,0.137695
43200,linear_qkv,6,0.98797,0.98917,1.14844,0.279297
43200,linear_qkv,7,1.12102,1.12207,1.27344,0.443359
43200,linear_qkv,8,1.06668,1.06803,1.24219,0.277344
43200,linear_qkv,9,0.989993,0.991196,1.21875,0.255859
43200,linear_qkv,10,1.01611,1.01718,1.3125,0.326172
43200,linear_qkv,11,1.06287,1.06418,1.28125,0.3125
43200,linear_qkv,12,1.0067,1.00753,1.28125,0.359375
43200,linear_qkv,13,1.03103,1.03203,1.20312,0.330078
43200,linear_qkv,14,0.990268,0.991183,1.11719,0.414062
43200,linear_qkv,15,1.11138,1.11238,1.28125,0.492188
43200,linear_qkv,16,1.09448,1.09521,1.25,0.589844
43200,linear_qkv,17,1.24816,1.24891,1.42188,0.734375
43200,linear_qkv,18,1.19097,1.19201,1.38281,0.585938
43200,linear_qkv,19,1.29669,1.29753,1.46875,0.703125
43200,linear_qkv,20,1.16261,1.16339,1.30469,0.632812
43200,linear_qkv,21,1.14318,1.14379,1.41406,0.6875
43200,linear_qkv,22,1.39387,1.39465,1.54688,0.710938
43200,linear_qkv,23,1.38066,1.38133,1.55469,0.722656
43200,linear_qkv,24,1.33775,1.33843,1.5,0.699219
43200,linear_qkv,25,1.24736,1.24823,1.39062,0.527344
43200,linear_qkv,26,1.19245,1.19341,1.41406,0.462891
43200,linear_qkv,27,1.42038,1.42151,1.70312,0.5625
43200,linear_qkv,28,1.29853,1.30007,1.46094,0.455078
43200,linear_qkv,29,1.33055,1.33185,1.53906,0.480469
43200,linear_qkv,30,1.46206,1.46353,1.65625,0.490234
43200,linear_qkv,31,1.14468,1.14578,1.28906,0.378906
43200,linear_qkv,32,1.25254,1.2537,1.40625,0.423828
43200,linear_qkv,33,1.24836,1.25011,1.44531,0.363281
43200,linear_qkv,34,1.4016,1.40344,1.60938,0.433594
43200,linear_qkv,35,1.30828,1.30971,1.5,0.363281
43200,linear_qkv,36,1.13638,1.13786,1.29688,0.351562
43200,linear_qkv,37,0.858581,0.859587,1,0.24707
43200,linear_qkv,38,1.09227,1.09314,1.24219,0.382812
43200,linear_qkv,39,0.905463,0.906476,1.05469,0.341797
43200,linear_qkv,40,0.995443,0.996678,1.14844,0.292969
43200,linear_qkv,41,0.946094,0.94731,1.08594,0.28125
43200,linear_qkv,42,0.880353,0.881623,1.03906,0.273438
43200,linear_qkv,43,0.915989,0.917234,1.04688,0.333984
43200,linear_qkv,44,0.968257,0.969644,1.14062,0.306641
43200,linear_qkv,45,1.06689,1.06823,1.21875,0.357422
43200,linear_qkv,46,1.11679,1.11813,1.26562,0.388672
43200,linear_qkv,47,1.00269,1.00393,1.14844,0.474609
43200,linear_qkv,48,1.22977,1.23137,1.40625,0.462891
43200,linear_qkv,49,1.18501,1.18663,1.36719,0.464844
43200,linear_qkv,50,1.10934,1.11066,1.25781,0.458984
43200,linear_qkv,51,1.21249,1.21459,1.35938,0.462891
43200,linear_qkv,52,1.17361,1.17508,1.30469,0.5
43200,linear_qkv,53,1.31698,1.31969,1.47656,0.400391
43200,linear_qkv,54,1.22142,1.22389,1.40625,0.408203
43200,linear_qkv,55,1.29852,1.30059,1.5,0.605469
43200,linear_qkv,56,1.31672,1.31917,1.50781,0.523438
43200,linear_qkv,57,1.2631,1.26619,1.47656,0.341797
43200,linear_qkv,58,1.3064,1.30888,1.50781,0.498047
43200,linear_qkv,59,1.20496,1.20763,1.375,0.349609
43200,linear_qkv,60,1.1047,1.1066,1.26562,0.503906
43200,linear_qkv,61,1.09558,1.09738,1.32812,0.542969
43200,linear_qkv,62,1.01959,1.02019,1.14844,0.652344
43200,linear_qkv,63,0.974358,0.974756,1.10156,0.789062
43200,linear_fc1,0,0.561915,0.565127,0.75,0.0449219
43200,linear_fc1,1,0.895809,0.898699,1.02344,0.0241699
43200,linear_fc1,2,0.920365,0.922074,1.02344,0.0227051
43200,linear_fc1,3,0.871732,0.873002,0.953125,0.0351562
43200,linear_fc1,4,0.835915,0.836971,0.953125,0.0178223
43200,linear_fc1,5,0.745489,0.746264,1.28906,0.00799561
43200,linear_fc1,6,0.682214,0.682967,0.933594,0.0151367
43200,linear_fc1,7,0.653737,0.654525,0.894531,0.0275879
43200,linear_fc1,8,0.659651,0.66041,0.839844,0.0218506
43200,linear_fc1,9,0.668511,0.669249,0.785156,0.0201416
43200,linear_fc1,10,0.657072,0.657788,0.738281,0.0283203
43200,linear_fc1,11,0.655704,0.656368,0.730469,0.020874
43200,linear_fc1,12,0.659981,0.66063,0.742188,0.0267334
43200,linear_fc1,13,0.660482,0.661092,0.734375,0.0280762
43200,linear_fc1,14,0.647424,0.64799,0.714844,0.0305176
43200,linear_fc1,15,0.639526,0.640036,0.714844,0.0437012
43200,linear_fc1,16,0.617495,0.617947,0.6875,0.0461426
43200,linear_fc1,17,0.594841,0.595255,0.660156,0.0878906
43200,linear_fc1,18,0.587974,0.588372,0.65625,0.0629883
43200,linear_fc1,19,0.590433,0.590812,0.660156,0.0524902
43200,linear_fc1,20,0.600757,0.601116,0.695312,0.0732422
43200,linear_fc1,21,0.600629,0.600993,0.675781,0.0810547
43200,linear_fc1,22,0.598857,0.599265,0.667969,0.0476074
43200,linear_fc1,23,0.604156,0.604549,0.664062,0.0576172
43200,linear_fc1,24,0.615133,0.615551,0.683594,0.043457
43200,linear_fc1,25,0.63722,0.637662,0.691406,0.0385742
43200,linear_fc1,26,0.652394,0.652847,0.71875,0.03125
43200,linear_fc1,27,0.6718,0.672286,0.730469,0.0358887
43200,linear_fc1,28,0.689089,0.689588,0.75,0.0202637
43200,linear_fc1,29,0.705298,0.705806,0.777344,0.00866699
43200,linear_fc1,30,0.727008,0.727489,0.796875,0.0388184
43200,linear_fc1,31,0.747675,0.748185,0.804688,0.0235596
43200,linear_fc1,32,0.762212,0.762741,0.808594,0.00994873
43200,linear_fc1,33,0.779985,0.780545,0.835938,0.00866699
43200,linear_fc1,34,0.802524,0.803102,0.855469,0.00454712
43200,linear_fc1,35,0.829599,0.830214,0.882812,0.00445557
43200,linear_fc1,36,0.854098,0.854747,0.90625,0.00585938
43200,linear_fc1,37,0.873031,0.873737,0.929688,0.00191498
43200,linear_fc1,38,0.889252,0.890011,0.945312,0.00424194
43200,linear_fc1,39,0.90185,0.902678,0.957031,0.00311279
43200,linear_fc1,40,0.91398,0.914869,0.972656,0.00325012
43200,linear_fc1,41,0.925359,0.926303,1,0.00524902
43200,linear_fc1,42,0.935918,0.936929,0.996094,0.00537109
43200,linear_fc1,43,0.944608,0.945656,1,0.00653076
43200,linear_fc1,44,0.95074,0.951876,1.02344,0.00531006
43200,linear_fc1,45,0.957386,0.958574,1.03125,0.00512695
43200,linear_fc1,46,0.964171,0.965429,1.04688,0.00854492
43200,linear_fc1,47,0.970436,0.971739,1.0625,0.0115967
43200,linear_fc1,48,0.974606,0.976007,1.07031,0.00534058
43200,linear_fc1,49,0.983852,0.985299,1.09375,0.0275879
43200,linear_fc1,50,0.988094,0.989589,1.09375,0.0216064
43200,linear_fc1,51,0.993187,0.994746,1.13281,0.0419922
43200,linear_fc1,52,0.995115,0.996684,1.13281,0.0541992
43200,linear_fc1,53,1.00068,1.00218,1.16406,0.0908203
43200,linear_fc1,54,1.00707,1.00857,1.21094,0.135742
43200,linear_fc1,55,1.00471,1.00621,1.27344,0.111816
43200,linear_fc1,56,1.00518,1.00662,1.35938,0.130859
43200,linear_fc1,57,1.01365,1.01509,1.42188,0.225586
43200,linear_fc1,58,1.01402,1.01541,1.47656,0.269531
43200,linear_fc1,59,1.01225,1.01368,1.53125,0.359375
43200,linear_fc1,60,1.02234,1.02384,1.59375,0.369141
43200,linear_fc1,61,1.05175,1.05313,1.63281,0.423828
43200,linear_fc1,62,1.08724,1.08815,1.55469,0.582031
43200,linear_fc1,63,1.14642,1.14759,1.53125,0.796875
43200,q_layernorm,0,1.11888,1.1555,1.6875,0.294922
43200,q_layernorm,1,1.51422,1.52024,1.9375,1.16406
43200,q_layernorm,2,1.48169,1.49144,1.80469,1.03125
43200,q_layernorm,3,1.58759,1.60015,1.89844,1.125
43200,q_layernorm,4,1.50641,1.51536,1.8125,1.07031
43200,q_layernorm,5,1.47058,1.47977,1.75781,0.953125
43200,q_layernorm,6,1.73102,1.74844,2.10938,0.960938
43200,q_layernorm,7,1.61211,1.65267,2.03125,0.0751953
43200,q_layernorm,8,1.58583,1.60875,1.84375,0.330078
43200,q_layernorm,9,1.55818,1.58237,1.92969,0.121094
43200,q_layernorm,10,1.60901,1.62069,1.91406,0.882812
43200,q_layernorm,11,1.62173,1.64226,1.91406,0.589844
43200,q_layernorm,12,1.56711,1.57839,2.14062,0.894531
43200,q_layernorm,13,1.51608,1.53865,1.79688,0.0510254
43200,q_layernorm,14,1.46573,1.48473,1.90625,0.574219
43200,q_layernorm,15,1.6015,1.61679,1.94531,0.484375
43200,q_layernorm,16,1.44296,1.456,1.89062,0.765625
43200,q_layernorm,17,1.63544,1.65184,2,1.01562
43200,q_layernorm,18,1.59913,1.63821,1.96094,0.21875
43200,q_layernorm,19,1.67645,1.70962,2.01562,0.198242
43200,q_layernorm,20,1.53906,1.57472,1.94531,0.050293
43200,q_layernorm,21,1.52913,1.57835,1.96094,0.0622559
43200,q_layernorm,22,1.6199,1.68976,2.0625,0.00454712
43200,q_layernorm,23,1.59258,1.61603,1.96875,0.143555
43200,q_layernorm,24,1.57935,1.59861,1.82812,0.476562
43200,q_layernorm,25,1.51277,1.58363,1.96875,0.0473633
43200,q_layernorm,26,1.33054,1.4425,1.85156,0.0366211
43200,q_layernorm,27,1.52772,1.58994,2.03125,0.0432129
43200,q_layernorm,28,1.30231,1.41497,1.75781,0.0407715
43200,q_layernorm,29,1.38987,1.4861,1.82031,0.0283203
43200,q_layernorm,30,1.44426,1.49098,1.89062,0.0195312
43200,q_layernorm,31,1.32612,1.39954,1.71875,0.111816
43200,q_layernorm,32,1.50594,1.54555,1.85156,0.0869141
43200,q_layernorm,33,1.23092,1.36086,1.72656,0.0529785
43200,q_layernorm,34,1.33873,1.443,1.84375,0.0478516
43200,q_layernorm,35,1.50942,1.55353,1.88281,0.0712891
43200,q_layernorm,36,1.35998,1.43146,1.82031,0.103027
43200,q_layernorm,37,1.23615,1.27364,1.66406,0.554688
43200,q_layernorm,38,1.59668,1.60158,2.01562,1.21875
43200,q_layernorm,39,1.38135,1.40446,1.80469,0.710938
43200,q_layernorm,40,1.26639,1.33228,1.70312,0.316406
43200,q_layernorm,41,1.27179,1.32834,1.6875,0.445312
43200,q_layernorm,42,1.16553,1.219,1.63281,0.535156
43200,q_layernorm,43,1.23526,1.27756,1.73438,0.546875
43200,q_layernorm,44,1.17981,1.25559,1.6875,0.408203
43200,q_layernorm,45,1.20253,1.30809,1.77344,0.142578
43200,q_layernorm,46,1.27675,1.36708,1.72656,0.0727539
43200,q_layernorm,47,1.18579,1.27377,1.67969,0.224609
43200,q_layernorm,48,1.40469,1.47053,1.75,0.111816
43200,q_layernorm,49,1.24123,1.32802,1.74219,0.0432129
43200,q_layernorm,50,1.3875,1.4109,1.69531,0.375
43200,q_layernorm,51,1.396,1.44695,1.80469,0.0527344
43200,q_layernorm,52,1.45354,1.47211,1.80469,0.246094
43200,q_layernorm,53,1.34557,1.41851,1.74219,0.102539
43200,q_layernorm,54,1.26415,1.35416,1.67969,0.124023
43200,q_layernorm,55,1.48099,1.49214,1.90625,0.84375
43200,q_layernorm,56,1.49385,1.506,1.78906,0.486328
43200,q_layernorm,57,1.44328,1.47314,1.875,0.0693359
43200,q_layernorm,58,1.54877,1.55334,1.76562,1.15625
43200,q_layernorm,59,1.49451,1.50049,1.84375,1.05469
43200,q_layernorm,60,1.42908,1.43671,1.74219,1.01562
43200,q_layernorm,61,1.4238,1.43305,1.83594,0.949219
43200,q_layernorm,62,1.33313,1.33831,1.71875,1.08594
43200,q_layernorm,63,1.17593,1.17891,1.41406,0.910156
43200,k_layernorm,0,1.11364,1.15629,1.98438,0.237305
43200,k_layernorm,1,1.5025,1.50749,1.79688,1.0625
43200,k_layernorm,2,1.46899,1.48061,1.9375,1.00781
43200,k_layernorm,3,1.5683,1.5847,2,0.847656
43200,k_layernorm,4,1.48868,1.5011,1.78906,0.953125
43200,k_layernorm,5,1.46313,1.4735,1.79688,1.0625
43200,k_layernorm,6,1.70407,1.72261,2.0625,0.777344
43200,k_layernorm,7,1.57954,1.62519,2.0625,0.00643921
43200,k_layernorm,8,1.56769,1.59325,1.89062,0.214844
43200,k_layernorm,9,1.51213,1.54476,1.86719,0.137695
43200,k_layernorm,10,1.57773,1.59651,2.25,0.777344
43200,k_layernorm,11,1.58846,1.61808,1.96094,0.361328
43200,k_layernorm,12,1.54074,1.5513,1.89062,0.988281
43200,k_layernorm,13,1.49031,1.51742,2.01562,0.108887
43200,k_layernorm,14,1.43762,1.4612,1.82031,0.289062
43200,k_layernorm,15,1.57478,1.59221,1.96875,0.470703
43200,k_layernorm,16,1.42273,1.44435,2.10938,0.480469
43200,k_layernorm,17,1.61783,1.63438,1.94531,0.746094
43200,k_layernorm,18,1.56142,1.61376,2.04688,0.0407715
43200,k_layernorm,19,1.64097,1.68464,2.04688,0.0524902
43200,k_layernorm,20,1.50366,1.5469,1.95312,0.0483398
43200,k_layernorm,21,1.49439,1.55266,1.92188,0.0150146
43200,k_layernorm,22,1.59396,1.66354,2.01562,0.0235596
43200,k_layernorm,23,1.56498,1.59736,1.875,0.15625
43200,k_layernorm,24,1.5499,1.57762,1.9375,0.0145874
43200,k_layernorm,25,1.46889,1.55256,2.01562,-0.00674438
43200,k_layernorm,26,1.30222,1.42022,1.80469,0.0476074
43200,k_layernorm,27,1.47589,1.55645,2.03125,-0.00254822
43200,k_layernorm,28,1.26934,1.39279,1.79688,0.059082
43200,k_layernorm,29,1.34036,1.45235,1.79688,0.0622559
43200,k_layernorm,30,1.40191,1.46753,1.82812,0.00765991
43200,k_layernorm,31,1.29139,1.37612,1.76562,0.135742
43200,k_layernorm,32,1.45076,1.51098,1.8125,0.0380859
43200,k_layernorm,33,1.19735,1.33523,1.72656,0.103027
43200,k_layernorm,34,1.29485,1.42144,1.89062,0.0507812
43200,k_layernorm,35,1.43439,1.51045,1.91406,0.0703125
43200,k_layernorm,36,1.31177,1.40454,1.89844,0.152344
43200,k_layernorm,37,1.22736,1.2685,1.73438,0.597656
43200,k_layernorm,38,1.565,1.57656,2.07812,0.785156
43200,k_layernorm,39,1.35471,1.38957,1.86719,0.546875
43200,k_layernorm,40,1.2399,1.31471,1.75781,0.357422
43200,k_layernorm,41,1.25357,1.31499,1.74219,0.447266
43200,k_layernorm,42,1.16235,1.21758,1.71875,0.527344
43200,k_layernorm,43,1.20744,1.2678,1.82812,0.419922
43200,k_layernorm,44,1.16898,1.2479,1.78906,0.421875
43200,k_layernorm,45,1.17511,1.28873,1.78906,0.134766
43200,k_layernorm,46,1.24545,1.35249,1.90625,0.0722656
43200,k_layernorm,47,1.16709,1.25712,1.82812,0.182617
43200,k_layernorm,48,1.36026,1.44367,1.77344,0.0693359
43200,k_layernorm,49,1.2116,1.30528,1.70312,0.00312805
43200,k_layernorm,50,1.37335,1.40329,1.67969,0.275391
43200,k_layernorm,51,1.33073,1.40755,1.75,0.0581055
43200,k_layernorm,52,1.41499,1.45219,1.89844,0.162109
43200,k_layernorm,53,1.3217,1.40337,1.72656,0.0766602
43200,k_layernorm,54,1.24221,1.34244,1.71094,0.104492
43200,k_layernorm,55,1.44908,1.47154,1.92188,0.279297
43200,k_layernorm,56,1.46265,1.48561,1.84375,0.0588379
43200,k_layernorm,57,1.42875,1.46158,1.78906,0.0717773
43200,k_layernorm,58,1.52405,1.52972,1.84375,1.17188
43200,k_layernorm,59,1.47888,1.48515,1.72656,1.10156
43200,k_layernorm,60,1.39032,1.40734,1.75,0.695312
43200,k_layernorm,61,1.40189,1.41123,1.89844,0.886719
43200,k_layernorm,62,1.31799,1.32309,1.63281,1.07031
43200,k_layernorm,63,1.17377,1.17661,1.375,0.9375
43200,final_layernorm,-1,1.69559,1.70849,5.78125,1.28906
44000,linear_qkv,0,0.139513,0.148278,0.773438,0.0102539
44000,linear_qkv,1,0.470378,0.471304,0.828125,0.0917969
44000,linear_qkv,2,0.684471,0.685624,0.816406,0.0454102
44000,linear_qkv,3,0.803142,0.804139,0.988281,0.100098
44000,linear_qkv,4,0.816485,0.817471,0.957031,0.0834961
44000,linear_qkv,5,0.914474,0.915514,1.03906,0.131836
44000,linear_qkv,6,0.984278,0.98549,1.14062,0.271484
44000,linear_qkv,7,1.11958,1.12064,1.27344,0.433594
44000,linear_qkv,8,1.06486,1.06623,1.25,0.273438
44000,linear_qkv,9,0.988894,0.990108,1.22656,0.253906
44000,linear_qkv,10,1.01459,1.01566,1.32031,0.320312
44000,linear_qkv,11,1.06225,1.06358,1.28906,0.310547
44000,linear_qkv,12,1.00606,1.00691,1.28906,0.353516
44000,linear_qkv,13,1.03146,1.03248,1.21094,0.328125
44000,linear_qkv,14,0.991526,0.992449,1.125,0.414062
44000,linear_qkv,15,1.11237,1.11338,1.28125,0.492188
44000,linear_qkv,16,1.09709,1.09784,1.25781,0.59375
44000,linear_qkv,17,1.24952,1.25028,1.42969,0.738281
44000,linear_qkv,18,1.19332,1.19438,1.39844,0.589844
44000,linear_qkv,19,1.29951,1.30036,1.46875,0.703125
44000,linear_qkv,20,1.16564,1.16643,1.3125,0.632812
44000,linear_qkv,21,1.14696,1.14759,1.42188,0.6875
44000,linear_qkv,22,1.39786,1.39865,1.55469,0.707031
44000,linear_qkv,23,1.38526,1.38594,1.5625,0.722656
44000,linear_qkv,24,1.34275,1.34343,1.51562,0.699219
44000,linear_qkv,25,1.25257,1.25345,1.39844,0.527344
44000,linear_qkv,26,1.19699,1.19796,1.42969,0.460938
44000,linear_qkv,27,1.42708,1.42823,1.71094,0.558594
44000,linear_qkv,28,1.30468,1.30624,1.46875,0.449219
44000,linear_qkv,29,1.33673,1.33804,1.53906,0.480469
44000,linear_qkv,30,1.47071,1.47219,1.66406,0.484375
44000,linear_qkv,31,1.15069,1.15181,1.29688,0.371094
44000,linear_qkv,32,1.26013,1.26131,1.42188,0.417969
44000,linear_qkv,33,1.25636,1.25814,1.45312,0.357422
44000,linear_qkv,34,1.41244,1.41433,1.61719,0.427734
44000,linear_qkv,35,1.31764,1.3191,1.51562,0.359375
44000,linear_qkv,36,1.14353,1.14503,1.3125,0.345703
44000,linear_qkv,37,0.860403,0.861424,0.988281,0.242188
44000,linear_qkv,38,1.09722,1.0981,1.24219,0.378906
44000,linear_qkv,39,0.908485,0.909519,1.0625,0.337891
44000,linear_qkv,40,0.999783,1.00104,1.15625,0.291016
44000,linear_qkv,41,0.949947,0.951185,1.07812,0.279297
44000,linear_qkv,42,0.882531,0.883816,1.03906,0.267578
44000,linear_qkv,43,0.918728,0.919991,1.0625,0.332031
44000,linear_qkv,44,0.972227,0.973632,1.14844,0.304688
44000,linear_qkv,45,1.07158,1.07295,1.22656,0.355469
44000,linear_qkv,46,1.12257,1.12394,1.26562,0.386719
44000,linear_qkv,47,1.00576,1.00702,1.15625,0.474609
44000,linear_qkv,48,1.2368,1.23842,1.41406,0.460938
44000,linear_qkv,49,1.19084,1.19248,1.375,0.460938
44000,linear_qkv,50,1.11507,1.11641,1.26562,0.460938
44000,linear_qkv,51,1.2208,1.22294,1.38281,0.462891
44000,linear_qkv,52,1.18135,1.18285,1.3125,0.503906
44000,linear_qkv,53,1.32632,1.32907,1.5,0.400391
44000,linear_qkv,54,1.22894,1.23147,1.41406,0.40625
44000,linear_qkv,55,1.30614,1.30824,1.50781,0.601562
44000,linear_qkv,56,1.3257,1.32821,1.52344,0.523438
44000,linear_qkv,57,1.26971,1.27284,1.48438,0.339844
44000,linear_qkv,58,1.31353,1.31605,1.52344,0.494141
44000,linear_qkv,59,1.20936,1.21206,1.375,0.34375
44000,linear_qkv,60,1.10745,1.10937,1.27344,0.503906
44000,linear_qkv,61,1.09763,1.09945,1.32812,0.539062
44000,linear_qkv,62,1.02006,1.02067,1.15625,0.652344
44000,linear_qkv,63,0.97455,0.974954,1.10938,0.789062
44000,linear_fc1,0,0.558028,0.561234,0.742188,0.0422363
44000,linear_fc1,1,0.893481,0.896362,1.02344,0.0228271
44000,linear_fc1,2,0.919972,0.921681,1.03125,0.0220947
44000,linear_fc1,3,0.871989,0.873259,0.949219,0.0349121
44000,linear_fc1,4,0.83651,0.837566,0.960938,0.0164795
44000,linear_fc1,5,0.746321,0.7471,1.3125,0.00811768
44000,linear_fc1,6,0.683258,0.684016,0.945312,0.0147705
44000,linear_fc1,7,0.65406,0.654845,0.902344,0.0268555
44000,linear_fc1,8,0.659731,0.660492,0.847656,0.0212402
44000,linear_fc1,9,0.668303,0.669043,0.792969,0.0194092
44000,linear_fc1,10,0.656647,0.657365,0.738281,0.02771
44000,linear_fc1,11,0.65483,0.655498,0.738281,0.0202637
44000,linear_fc1,12,0.658707,0.659357,0.742188,0.0262451
44000,linear_fc1,13,0.658775,0.659387,0.730469,0.0270996
44000,linear_fc1,14,0.64567,0.646239,0.714844,0.0297852
44000,linear_fc1,15,0.637233,0.637745,0.707031,0.0424805
44000,linear_fc1,16,0.615395,0.615847,0.6875,0.0446777
44000,linear_fc1,17,0.592451,0.592864,0.65625,0.0859375
44000,linear_fc1,18,0.585536,0.585928,0.648438,0.0615234
44000,linear_fc1,19,0.587876,0.588255,0.652344,0.0517578
44000,linear_fc1,20,0.59812,0.598479,0.695312,0.0717773
44000,linear_fc1,21,0.597933,0.598296,0.675781,0.0791016
44000,linear_fc1,22,0.596151,0.596557,0.664062,0.0461426
44000,linear_fc1,23,0.601392,0.601787,0.65625,0.0563965
44000,linear_fc1,24,0.612905,0.613323,0.679688,0.0419922
44000,linear_fc1,25,0.634985,0.635427,0.6875,0.0373535
44000,linear_fc1,26,0.650477,0.650932,0.71875,0.0303955
44000,linear_fc1,27,0.670305,0.670787,0.734375,0.0351562
44000,linear_fc1,28,0.688135,0.688636,0.75,0.0195312
44000,linear_fc1,29,0.704022,0.704531,0.773438,0.00872803
44000,linear_fc1,30,0.725792,0.726274,0.789062,0.0375977
44000,linear_fc1,31,0.746593,0.747103,0.804688,0.0229492
44000,linear_fc1,32,0.761287,0.761816,0.8125,0.0101318
44000,linear_fc1,33,0.779343,0.779906,0.839844,0.00891113
44000,linear_fc1,34,0.800859,0.801438,0.851562,0.00546265
44000,linear_fc1,35,0.828105,0.828719,0.890625,0.00662231
44000,linear_fc1,36,0.852269,0.852914,0.902344,0.00540161
44000,linear_fc1,37,0.871898,0.872602,0.925781,0.0035553
44000,linear_fc1,38,0.88775,0.888512,0.945312,0.00527954
44000,linear_fc1,39,0.901104,0.90193,0.949219,0.00308228
44000,linear_fc1,40,0.912822,0.913712,0.96875,0.00299072
44000,linear_fc1,41,0.924059,0.925001,0.992188,0.00616455
44000,linear_fc1,42,0.934787,0.935797,0.996094,0.00558472
44000,linear_fc1,43,0.943667,0.944715,1.00781,0.0072937
44000,linear_fc1,44,0.949951,0.95109,1.02344,0.00518799
44000,linear_fc1,45,0.956496,0.957684,1.03125,0.00506592
44000,linear_fc1,46,0.963457,0.964713,1.04688,0.00769043
44000,linear_fc1,47,0.969867,0.971166,1.0625,0.0120239
44000,linear_fc1,48,0.974185,0.975589,1.07812,0.00637817
44000,linear_fc1,49,0.982956,0.984399,1.10156,0.0263672
44000,linear_fc1,50,0.987388,0.988881,1.09375,0.0224609
44000,linear_fc1,51,0.99293,0.994491,1.125,0.0427246
44000,linear_fc1,52,0.994964,0.996534,1.13281,0.0532227
44000,linear_fc1,53,1.00049,1.002,1.16406,0.0913086
44000,linear_fc1,54,1.00675,1.00825,1.21094,0.135742
44000,linear_fc1,55,1.00456,1.00605,1.28125,0.111328
44000,linear_fc1,56,1.00502,1.00645,1.35938,0.129883
44000,linear_fc1,57,1.01341,1.01485,1.42969,0.223633
44000,linear_fc1,58,1.01465,1.01605,1.48438,0.267578
44000,linear_fc1,59,1.01228,1.01372,1.53906,0.357422
44000,linear_fc1,60,1.02253,1.02405,1.60156,0.365234
44000,linear_fc1,61,1.05228,1.05367,1.63281,0.421875
44000,linear_fc1,62,1.08756,1.08849,1.55469,0.574219
44000,linear_fc1,63,1.15424,1.15556,1.57812,0.792969
44000,q_layernorm,0,1.12392,1.16122,1.69531,0.287109
44000,q_layernorm,1,1.51691,1.52308,1.94531,1.15625
44000,q_layernorm,2,1.48297,1.4928,1.80469,1.03125
44000,q_layernorm,3,1.58893,1.60157,1.89844,1.11719
44000,q_layernorm,4,1.50739,1.51642,1.82031,1.0625
44000,q_layernorm,5,1.47174,1.48107,1.75781,0.945312
44000,q_layernorm,6,1.73337,1.75083,2.10938,0.957031
44000,q_layernorm,7,1.61352,1.65424,2.03125,0.0727539
44000,q_layernorm,8,1.5873,1.61036,1.85156,0.328125
44000,q_layernorm,9,1.56007,1.58448,1.9375,0.113281
44000,q_layernorm,10,1.61066,1.62247,1.91406,0.875
44000,q_layernorm,11,1.6236,1.64443,1.91406,0.578125
44000,q_layernorm,12,1.57028,1.58179,2.15625,0.878906
44000,q_layernorm,13,1.51834,1.54116,1.80469,0.0437012
44000,q_layernorm,14,1.46893,1.48819,1.91406,0.554688
44000,q_layernorm,15,1.60464,1.62016,1.94531,0.46875
44000,q_layernorm,16,1.44598,1.45929,1.89844,0.753906
44000,q_layernorm,17,1.6377,1.65423,2.01562,1.01562
44000,q_layernorm,18,1.60098,1.64019,1.96875,0.208984
44000,q_layernorm,19,1.67882,1.71212,2.01562,0.197266
44000,q_layernorm,20,1.542,1.5778,1.95312,0.0507812
44000,q_layernorm,21,1.53179,1.58134,1.96875,0.0581055
44000,q_layernorm,22,1.62237,1.69224,2.07812,0.00326538
44000,q_layernorm,23,1.59487,1.61846,1.97656,0.139648
44000,q_layernorm,24,1.58218,1.6016,1.82812,0.472656
44000,q_layernorm,25,1.51453,1.58557,1.97656,0.0368652
44000,q_layernorm,26,1.33204,1.44443,1.85938,0.0461426
44000,q_layernorm,27,1.52943,1.59199,2.03125,0.0371094
44000,q_layernorm,28,1.3041,1.41702,1.75781,0.0427246
44000,q_layernorm,29,1.39061,1.48681,1.82812,0.0303955
44000,q_layernorm,30,1.44615,1.49293,1.89062,0.0128174
44000,q_layernorm,31,1.32944,1.40311,1.72656,0.106934
44000,q_layernorm,32,1.50881,1.54865,1.85938,0.0776367
44000,q_layernorm,33,1.23277,1.36331,1.72656,0.0544434
44000,q_layernorm,34,1.34075,1.44536,1.84375,0.0517578
44000,q_layernorm,35,1.51209,1.55651,1.89062,0.0583496
44000,q_layernorm,36,1.36322,1.4352,1.82812,0.0927734
44000,q_layernorm,37,1.23904,1.27668,1.67188,0.550781
44000,q_layernorm,38,1.59906,1.60401,2.01562,1.21875
44000,q_layernorm,39,1.3855,1.4087,1.8125,0.707031
44000,q_layernorm,40,1.26901,1.33537,1.71094,0.308594
44000,q_layernorm,41,1.27394,1.3313,1.70312,0.429688
44000,q_layernorm,42,1.1666,1.22055,1.64062,0.519531
44000,q_layernorm,43,1.23767,1.28032,1.73438,0.546875
44000,q_layernorm,44,1.18175,1.25841,1.6875,0.402344
44000,q_layernorm,45,1.204,1.31018,1.78125,0.134766
44000,q_layernorm,46,1.27926,1.36984,1.73438,0.0678711
44000,q_layernorm,47,1.18779,1.27633,1.6875,0.22168
44000,q_layernorm,48,1.40718,1.47344,1.75,0.0986328
44000,q_layernorm,49,1.24359,1.33064,1.74219,0.0471191
44000,q_layernorm,50,1.3896,1.41327,1.69531,0.349609
44000,q_layernorm,51,1.3989,1.45012,1.80469,0.0476074
44000,q_layernorm,52,1.45694,1.47557,1.79688,0.236328
44000,q_layernorm,53,1.34756,1.4208,1.75,0.103027
44000,q_layernorm,54,1.26609,1.35673,1.67969,0.124512
44000,q_layernorm,55,1.48303,1.49438,1.90625,0.835938
44000,q_layernorm,56,1.49727,1.50966,1.78906,0.478516
44000,q_layernorm,57,1.44586,1.47572,1.875,0.078125
44000,q_layernorm,58,1.55261,1.55722,1.77344,1.15625
44000,q_layernorm,59,1.49628,1.50231,1.85156,1.05469
44000,q_layernorm,60,1.43115,1.43885,1.75,1.01562
44000,q_layernorm,61,1.42526,1.43448,1.84375,0.949219
44000,q_layernorm,62,1.33459,1.33986,1.71875,1.08594
44000,q_layernorm,63,1.17654,1.17959,1.41406,0.910156
44000,k_layernorm,0,1.11883,1.16206,2,0.239258
44000,k_layernorm,1,1.50513,1.51023,1.80469,1.05469
44000,k_layernorm,2,1.46991,1.48174,1.94531,1
44000,k_layernorm,3,1.56982,1.58635,2,0.847656
44000,k_layernorm,4,1.48996,1.50245,1.78906,0.949219
44000,k_layernorm,5,1.46405,1.47452,1.79688,1.0625
44000,k_layernorm,6,1.70642,1.72509,2.0625,0.773438
44000,k_layernorm,7,1.58067,1.62655,2.0625,0.00701904
44000,k_layernorm,8,1.56949,1.5952,1.89844,0.212891
44000,k_layernorm,9,1.51408,1.54698,1.875,0.136719
44000,k_layernorm,10,1.57941,1.59841,2.25,0.769531
44000,k_layernorm,11,1.5905,1.62038,1.96094,0.353516
44000,k_layernorm,12,1.54333,1.55406,1.89844,0.984375
44000,k_layernorm,13,1.49303,1.5204,2.03125,0.107422
44000,k_layernorm,14,1.44054,1.46457,1.82812,0.273438
44000,k_layernorm,15,1.57806,1.59567,1.98438,0.457031
44000,k_layernorm,16,1.42627,1.44823,2.125,0.476562
44000,k_layernorm,17,1.62027,1.63699,1.95312,0.742188
44000,k_layernorm,18,1.56275,1.61533,2.04688,0.0380859
44000,k_layernorm,19,1.64309,1.68703,2.04688,0.0529785
44000,k_layernorm,20,1.50628,1.54976,1.95312,0.0478516
44000,k_layernorm,21,1.49634,1.55481,1.92969,0.0108643
44000,k_layernorm,22,1.59603,1.66574,2.03125,0.0281982
44000,k_layernorm,23,1.56727,1.60001,1.88281,0.150391
44000,k_layernorm,24,1.55226,1.58025,1.94531,0.0150757
44000,k_layernorm,25,1.47023,1.55419,2.01562,-0.0133667
44000,k_layernorm,26,1.3034,1.42168,1.8125,0.0478516
44000,k_layernorm,27,1.47782,1.55888,2.03125,-0.0140991
44000,k_layernorm,28,1.27077,1.39449,1.79688,0.0595703
44000,k_layernorm,29,1.34095,1.45312,1.79688,0.0654297
44000,k_layernorm,30,1.40369,1.46948,1.82812,-0.00215149
44000,k_layernorm,31,1.29391,1.37896,1.76562,0.12793
44000,k_layernorm,32,1.45351,1.51398,1.82031,0.0366211
44000,k_layernorm,33,1.19938,1.33813,1.72656,0.11084
44000,k_layernorm,34,1.29691,1.42416,1.89844,0.0527344
44000,k_layernorm,35,1.4358,1.51246,1.91406,0.0595703
44000,k_layernorm,36,1.31432,1.4078,1.89844,0.155273
44000,k_layernorm,37,1.23035,1.27189,1.74219,0.59375
44000,k_layernorm,38,1.56763,1.57937,2.07812,0.769531
44000,k_layernorm,39,1.35757,1.39295,1.875,0.539062
44000,k_layernorm,40,1.24144,1.31676,1.75781,0.353516
44000,k_layernorm,41,1.2554,1.3179,1.75781,0.4375
44000,k_layernorm,42,1.16302,1.21879,1.73438,0.523438
44000,k_layernorm,43,1.20889,1.27035,1.83594,0.410156
44000,k_layernorm,44,1.17068,1.25054,1.79688,0.408203
44000,k_layernorm,45,1.17645,1.29094,1.78906,0.125977
44000,k_layernorm,46,1.24792,1.35559,1.90625,0.0810547
44000,k_layernorm,47,1.16846,1.25914,1.82812,0.179688
44000,k_layernorm,48,1.36219,1.44597,1.78125,0.0708008
44000,k_layernorm,49,1.2135,1.30779,1.71094,-0.00136566
44000,k_layernorm,50,1.3755,1.40599,1.6875,0.273438
44000,k_layernorm,51,1.33331,1.41045,1.75781,0.0649414
44000,k_layernorm,52,1.41796,1.45556,1.89844,0.149414
44000,k_layernorm,53,1.3238,1.40601,1.73438,0.0693359
44000,k_layernorm,54,1.24345,1.34438,1.71875,0.103516
44000,k_layernorm,55,1.45107,1.47386,1.92969,0.277344
44000,k_layernorm,56,1.46555,1.48881,1.84375,0.057373
44000,k_layernorm,57,1.43061,1.4637,1.78906,0.0649414
44000,k_layernorm,58,1.52734,1.53307,1.84375,1.17188
44000,k_layernorm,59,1.48022,1.48661,1.73438,1.10156
44000,k_layernorm,60,1.39261,1.40992,1.75781,0.691406
44000,k_layernorm,61,1.4025,1.41181,1.89844,0.882812
44000,k_layernorm,62,1.31915,1.3243,1.64062,1.07031
44000,k_layernorm,63,1.17444,1.17733,1.375,0.933594
44000,final_layernorm,-1,1.69376,1.70682,5.84375,1.26562
48000,linear_qkv,0,0.108151,0.116267,0.742188,0.00714111
48000,linear_qkv,1,0.438415,0.439359,0.816406,0.078125
48000,linear_qkv,2,0.656619,0.657774,0.789062,0.0412598
48000,linear_qkv,3,0.778857,0.779872,1,0.0791016
48000,linear_qkv,4,0.795065,0.796087,0.933594,0.0712891
48000,linear_qkv,5,0.895463,0.896546,1.05469,0.114258
48000,linear_qkv,6,0.965628,0.966879,1.13281,0.232422
48000,linear_qkv,7,1.1121,1.11321,1.25781,0.386719
48000,linear_qkv,8,1.05479,1.05623,1.27344,0.246094
48000,linear_qkv,9,0.981922,0.9832,1.25,0.248047
48000,linear_qkv,10,1.00497,1.0061,1.35156,0.292969
48000,linear_qkv,11,1.05709,1.05848,1.32031,0.296875
48000,linear_qkv,12,1.00079,1.00168,1.32031,0.332031
48000,linear_qkv,13,1.03178,1.03286,1.24219,0.310547
48000,linear_qkv,14,0.994023,0.995,1.125,0.402344
48000,linear_qkv,15,1.11452,1.11558,1.28906,0.486328
48000,linear_qkv,16,1.10694,1.10773,1.26562,0.59375
48000,linear_qkv,17,1.2519,1.25269,1.44531,0.730469
48000,linear_qkv,18,1.20142,1.20252,1.39844,0.582031
48000,linear_qkv,19,1.30913,1.31002,1.5,0.699219
48000,linear_qkv,20,1.17703,1.17784,1.35156,0.636719
48000,linear_qkv,21,1.16239,1.16304,1.46094,0.691406
48000,linear_qkv,22,1.41301,1.41382,1.57812,0.6875
48000,linear_qkv,23,1.40271,1.40341,1.60938,0.726562
48000,linear_qkv,24,1.36216,1.36286,1.57031,0.695312
48000,linear_qkv,25,1.27392,1.27483,1.41406,0.523438
48000,linear_qkv,26,1.21656,1.21757,1.46875,0.455078
48000,linear_qkv,27,1.45414,1.45534,1.77344,0.539062
48000,linear_qkv,28,1.32899,1.33062,1.53125,0.427734
48000,linear_qkv,29,1.36059,1.36197,1.57812,0.480469
48000,linear_qkv,30,1.50485,1.50642,1.69531,0.464844
48000,linear_qkv,31,1.17573,1.17694,1.32812,0.332031
48000,linear_qkv,32,1.29179,1.29305,1.46875,0.390625
48000,linear_qkv,33,1.28886,1.29077,1.51562,0.330078
48000,linear_qkv,34,1.45678,1.45882,1.67188,0.398438
48000,linear_qkv,35,1.35547,1.35703,1.57812,0.335938
48000,linear_qkv,36,1.17292,1.17452,1.34375,0.316406
48000,linear_qkv,37,0.868845,0.869931,1.01562,0.21875
48000,linear_qkv,38,1.11788,1.11881,1.27344,0.351562
48000,linear_qkv,39,0.922216,0.923309,1.08594,0.320312
48000,linear_qkv,40,1.01902,1.02036,1.19531,0.273438
48000,linear_qkv,41,0.966901,0.968232,1.125,0.263672
48000,linear_qkv,42,0.892615,0.89401,1.07812,0.263672
48000,linear_qkv,43,0.931268,0.932634,1.07812,0.318359
48000,linear_qkv,44,0.989803,0.991329,1.17188,0.291016
48000,linear_qkv,45,1.09153,1.09302,1.26562,0.339844
48000,linear_qkv,46,1.14767,1.14913,1.28906,0.380859
48000,linear_qkv,47,1.01916,1.02051,1.17188,0.46875
48000,linear_qkv,48,1.26651,1.26824,1.44531,0.455078
48000,linear_qkv,49,1.21569,1.21743,1.39844,0.447266
48000,linear_qkv,50,1.14118,1.14263,1.30469,0.451172
48000,linear_qkv,51,1.25717,1.25949,1.42969,0.427734
48000,linear_qkv,52,1.21516,1.21681,1.35156,0.503906
48000,linear_qkv,53,1.36686,1.36979,1.53906,0.380859
48000,linear_qkv,54,1.26255,1.26527,1.47656,0.380859
48000,linear_qkv,55,1.33986,1.34211,1.54688,0.566406
48000,linear_qkv,56,1.36593,1.36863,1.57812,0.498047
48000,linear_qkv,57,1.29956,1.30287,1.52344,0.3125
48000,linear_qkv,58,1.34509,1.34779,1.57031,0.464844
48000,linear_qkv,59,1.23031,1.23319,1.41406,0.330078
48000,linear_qkv,60,1.12004,1.12211,1.30469,0.484375
48000,linear_qkv,61,1.10396,1.10588,1.32812,0.515625
48000,linear_qkv,62,1.02291,1.02358,1.16406,0.660156
48000,linear_qkv,63,0.975275,0.975715,1.11719,0.78125
48000,linear_fc1,0,0.544643,0.547936,0.730469,0.0385742
48000,linear_fc1,1,0.886653,0.889543,1.01562,0.0216064
48000,linear_fc1,2,0.914677,0.91637,1.04688,0.0200195
48000,linear_fc1,3,0.87278,0.87405,0.964844,0.0319824
48000,linear_fc1,4,0.838997,0.84007,0.984375,0.0148315
48000,linear_fc1,5,0.750065,0.750874,1.40625,0.00946045
48000,linear_fc1,6,0.687539,0.688319,0.972656,0.0150757
48000,linear_fc1,7,0.657219,0.658034,0.925781,0.0263672
48000,linear_fc1,8,0.661635,0.662429,0.863281,0.0194092
48000,linear_fc1,9,0.668462,0.669232,0.808594,0.0162354
48000,linear_fc1,10,0.654947,0.655697,0.734375,0.0249023
48000,linear_fc1,11,0.651632,0.652323,0.734375,0.0180664
48000,linear_fc1,12,0.65419,0.654857,0.730469,0.0228271
48000,linear_fc1,13,0.652861,0.653489,0.726562,0.0238037
48000,linear_fc1,14,0.638735,0.639317,0.707031,0.026123
48000,linear_fc1,15,0.629682,0.630205,0.699219,0.0373535
48000,linear_fc1,16,0.607026,0.607485,0.683594,0.0385742
48000,linear_fc1,17,0.584604,0.58502,0.648438,0.0756836
48000,linear_fc1,18,0.576984,0.577379,0.644531,0.0546875
48000,linear_fc1,19,0.578125,0.578506,0.644531,0.048584
48000,linear_fc1,20,0.587951,0.58831,0.699219,0.065918
48000,linear_fc1,21,0.587303,0.587668,0.675781,0.0683594
48000,linear_fc1,22,0.585704,0.586114,0.65625,0.0380859
48000,linear_fc1,23,0.591449,0.591845,0.652344,0.0498047
48000,linear_fc1,24,0.602928,0.603347,0.667969,0.0354004
48000,linear_fc1,25,0.625676,0.626123,0.679688,0.0327148
48000,linear_fc1,26,0.642129,0.642587,0.703125,0.0249023
48000,linear_fc1,27,0.662427,0.662919,0.722656,0.0305176
48000,linear_fc1,28,0.680822,0.681324,0.738281,0.0157471
48000,linear_fc1,29,0.69756,0.698074,0.761719,0.00866699
48000,linear_fc1,30,0.719643,0.720129,0.78125,0.0319824
48000,linear_fc1,31,0.740614,0.741131,0.796875,0.0205078
48000,linear_fc1,32,0.754742,0.755277,0.808594,0.00854492
48000,linear_fc1,33,0.772536,0.773103,0.832031,0.00836182
48000,linear_fc1,34,0.794437,0.795022,0.847656,0.00491333
48000,linear_fc1,35,0.821128,0.821743,0.886719,0.00506592
48000,linear_fc1,36,0.846226,0.846877,0.90625,0.00540161
48000,linear_fc1,37,0.865913,0.866628,0.914062,0.00247192
48000,linear_fc1,38,0.881811,0.882577,0.9375,0.0050354
48000,linear_fc1,39,0.895231,0.896066,0.953125,0.00224304
48000,linear_fc1,40,0.907399,0.908294,0.957031,0.00280762
48000,linear_fc1,41,0.919039,0.919988,0.996094,0.00552368
48000,linear_fc1,42,0.929842,0.930858,0.996094,0.00390625
48000,linear_fc1,43,0.938807,0.939864,1,0.00793457
48000,linear_fc1,44,0.946133,0.947277,1.02344,0.00378418
48000,linear_fc1,45,0.952346,0.95354,1.03125,0.00469971
48000,linear_fc1,46,0.959377,0.960636,1.05469,0.00695801
48000,linear_fc1,47,0.965124,0.966422,1.08594,0.0107422
48000,linear_fc1,48,0.969809,0.971211,1.09375,0.00622559
48000,linear_fc1,49,0.979778,0.98122,1.10156,0.0236816
48000,linear_fc1,50,0.984511,0.986004,1.10938,0.0164795
48000,linear_fc1,51,0.989761,0.991315,1.14062,0.0380859
48000,linear_fc1,52,0.991848,0.993411,1.14844,0.0483398
48000,linear_fc1,53,0.997821,0.999309,1.19531,0.0878906
48000,linear_fc1,54,1.0043,1.00579,1.24219,0.129883
48000,linear_fc1,55,1.00218,1.00366,1.28906,0.101562
48000,linear_fc1,56,1.00307,1.0045,1.375,0.121094
48000,linear_fc1,57,1.01148,1.01294,1.44531,0.203125
48000,linear_fc1,58,1.01324,1.01467,1.48438,0.244141
48000,linear_fc1,59,1.01063,1.01211,1.5625,0.333984
48000,linear_fc1,60,1.02246,1.02405,1.63281,0.335938
48000,linear_fc1,61,1.0518,1.05326,1.64844,0.384766
48000,linear_fc1,62,1.08841,1.08939,1.55469,0.550781
48000,linear_fc1,63,1.16127,1.16257,1.60156,0.773438
48000,q_layernorm,0,1.14426,1.18364,1.75781,0.283203
48000,q_layernorm,1,1.52966,1.53629,1.95312,1.13281
48000,q_layernorm,2,1.48914,1.4997,1.82812,1.00781
48000,q_layernorm,3,1.5943,1.60754,1.91406,1.10938
48000,q_layernorm,4,1.51422,1.52361,1.84375,1.0625
48000,q_layernorm,5,1.47659,1.4864,1.77344,0.910156
48000,q_layernorm,6,1.74417,1.76211,2.125,0.949219
48000,q_layernorm,7,1.62164,1.66292,2.0625,0.0664062
48000,q_layernorm,8,1.59497,1.61854,1.86719,0.306641
48000,q_layernorm,9,1.56994,1.59557,1.96875,0.0952148
48000,q_layernorm,10,1.62067,1.63307,1.94531,0.84375
48000,q_layernorm,11,1.63562,1.65764,1.92969,0.535156
48000,q_layernorm,12,1.58228,1.59487,2.23438,0.8125
48000,q_layernorm,13,1.52966,1.55342,1.83594,0.0427246
48000,q_layernorm,14,1.48323,1.50402,1.96094,0.490234
48000,q_layernorm,15,1.61894,1.63564,1.97656,0.392578
48000,q_layernorm,16,1.45956,1.47396,1.94531,0.707031
48000,q_layernorm,17,1.65048,1.66773,2.03125,0.996094
48000,q_layernorm,18,1.61166,1.65154,2,0.205078
48000,q_layernorm,19,1.69063,1.72475,2.04688,0.173828
48000,q_layernorm,20,1.55531,1.59193,2,0.0449219
48000,q_layernorm,21,1.54452,1.59485,1.99219,0.0515137
48000,q_layernorm,22,1.63258,1.70321,2.09375,0.00646973
48000,q_layernorm,23,1.605,1.62933,2.01562,0.115723
48000,q_layernorm,24,1.59497,1.61522,1.85156,0.445312
48000,q_layernorm,25,1.52497,1.59705,2,0.0366211
48000,q_layernorm,26,1.33931,1.45378,1.89062,0.0368652
48000,q_layernorm,27,1.53904,1.60201,2.0625,0.0344238
48000,q_layernorm,28,1.31236,1.42612,1.77344,0.0275879
48000,q_layernorm,29,1.39687,1.49399,1.82812,0.0122681
48000,q_layernorm,30,1.45495,1.50234,1.91406,0.00613403
48000,q_layernorm,31,1.34202,1.41726,1.74219,0.0913086
48000,q_layernorm,32,1.52264,1.56298,1.88281,0.0800781
48000,q_layernorm,33,1.24122,1.37386,1.74219,0.0290527
48000,q_layernorm,34,1.35173,1.45831,1.84375,0.0358887
48000,q_layernorm,35,1.52452,1.57031,1.90625,0.0568848
48000,q_layernorm,36,1.37684,1.45091,1.86719,0.0664062
48000,q_layernorm,37,1.25293,1.29185,1.70312,0.503906
48000,q_layernorm,38,1.61279,1.61792,2,1.20312
48000,q_layernorm,39,1.40192,1.4257,1.82812,0.683594
48000,q_layernorm,40,1.28046,1.34973,1.71875,0.24707
48000,q_layernorm,41,1.28604,1.34656,1.71094,0.363281
48000,q_layernorm,42,1.17636,1.2328,1.65625,0.496094
48000,q_layernorm,43,1.25015,1.29396,1.76562,0.546875
48000,q_layernorm,44,1.1904,1.27055,1.70312,0.371094
48000,q_layernorm,45,1.21297,1.32205,1.79688,0.124512
48000,q_layernorm,46,1.29146,1.38386,1.76562,0.074707
48000,q_layernorm,47,1.19606,1.2869,1.69531,0.192383
48000,q_layernorm,48,1.41996,1.48741,1.76562,0.0849609
48000,q_layernorm,49,1.25452,1.34313,1.75781,0.0217285
48000,q_layernorm,50,1.40118,1.42593,1.71094,0.304688
48000,q_layernorm,51,1.40898,1.46088,1.80469,0.0380859
48000,q_layernorm,52,1.47303,1.49177,1.8125,0.194336
48000,q_layernorm,53,1.36052,1.43466,1.75781,0.0927734
48000,q_layernorm,54,1.27286,1.36644,1.67969,0.0883789
48000,q_layernorm,55,1.49405,1.50633,1.92969,0.78125
48000,q_layernorm,56,1.51108,1.52422,1.8125,0.433594
48000,q_layernorm,57,1.45704,1.48778,1.89844,0.0629883
48000,q_layernorm,58,1.56573,1.57047,1.77344,1.14844
48000,q_layernorm,59,1.50415,1.51057,1.85938,1.03906
48000,q_layernorm,60,1.43878,1.44681,1.75,1
48000,q_layernorm,61,1.43399,1.44325,1.85938,0.941406
48000,q_layernorm,62,1.34271,1.34807,1.72656,1.08594
48000,q_layernorm,63,1.17908,1.18241,1.42188,0.882812
48000,k_layernorm,0,1.14037,1.18623,2.125,0.233398
48000,k_layernorm,1,1.51801,1.52357,1.83594,1.04688
48000,k_layernorm,2,1.47641,1.48921,1.98438,0.984375
48000,k_layernorm,3,1.57541,1.59288,2.01562,0.832031
48000,k_layernorm,4,1.49637,1.50974,1.82031,0.921875
48000,k_layernorm,5,1.46924,1.48017,1.8125,1.05469
48000,k_layernorm,6,1.71689,1.73617,2.07812,0.761719
48000,k_layernorm,7,1.58843,1.63501,2.07812,0.00518799
48000,k_layernorm,8,1.57732,1.60384,1.92188,0.185547
48000,k_layernorm,9,1.52372,1.55815,1.89062,0.113281
48000,k_layernorm,10,1.5882,1.60822,2.25,0.738281
48000,k_layernorm,11,1.60207,1.63357,2,0.310547
48000,k_layernorm,12,1.5549,1.56653,1.92969,0.957031
48000,k_layernorm,13,1.50336,1.53213,2.07812,0.0922852
48000,k_layernorm,14,1.45402,1.48004,1.84375,0.210938
48000,k_layernorm,15,1.5918,1.61061,2.03125,0.394531
48000,k_layernorm,16,1.439,1.46272,2.1875,0.453125
48000,k_layernorm,17,1.6315,1.64894,1.97656,0.714844
48000,k_layernorm,18,1.57199,1.62558,2.0625,0.0402832
48000,k_layernorm,19,1.65434,1.69941,2.07812,0.0424805
48000,k_layernorm,20,1.51865,1.56317,1.98438,0.0388184
48000,k_layernorm,21,1.50918,1.56862,1.95312,0.0163574
48000,k_layernorm,22,1.60675,1.67743,2.04688,0.0151978
48000,k_layernorm,23,1.57658,1.61073,1.89844,0.12207
48000,k_layernorm,24,1.56435,1.59367,1.99219,0.0136719
48000,k_layernorm,25,1.47904,1.56525,2.03125,-0.0250244
48000,k_layernorm,26,1.30954,1.43051,1.82812,0.0279541
48000,k_layernorm,27,1.48559,1.56841,2.0625,-0.00393677
48000,k_layernorm,28,1.27708,1.40325,1.82031,0.0419922
48000,k_layernorm,29,1.34523,1.4598,1.80469,0.0585938
48000,k_layernorm,30,1.41083,1.4781,1.85156,0.00372314
48000,k_layernorm,31,1.30368,1.39148,1.79688,0.112793
48000,k_layernorm,32,1.46449,1.52638,1.83594,0.0268555
48000,k_layernorm,33,1.20659,1.34812,1.75,0.108398
48000,k_layernorm,34,1.30624,1.43696,1.91406,0.02771
48000,k_layernorm,35,1.4465,1.52538,1.9375,0.065918
48000,k_layernorm,36,1.32401,1.42147,1.92969,0.142578
48000,k_layernorm,37,1.24213,1.28607,1.78125,0.539062
48000,k_layernorm,38,1.57977,1.59189,2.07812,0.742188
48000,k_layernorm,39,1.37189,1.40915,1.90625,0.476562
48000,k_layernorm,40,1.2506,1.32991,1.79688,0.285156
48000,k_layernorm,41,1.26474,1.33184,1.78125,0.369141
48000,k_layernorm,42,1.17075,1.23019,1.76562,0.5
48000,k_layernorm,43,1.21712,1.28285,1.84375,0.384766
48000,k_layernorm,44,1.17839,1.26223,1.82812,0.375
48000,k_layernorm,45,1.18373,1.30179,1.80469,0.115234
48000,k_layernorm,46,1.25698,1.36821,1.92969,0.0678711
48000,k_layernorm,47,1.17542,1.26899,1.84375,0.166016
48000,k_layernorm,48,1.37255,1.45835,1.79688,0.0463867
48000,k_layernorm,49,1.22324,1.31973,1.73438,-0.0062561
48000,k_layernorm,50,1.3865,1.41863,1.72656,0.231445
48000,k_layernorm,51,1.34105,1.42085,1.77344,0.0549316
48000,k_layernorm,52,1.43053,1.46989,1.91406,0.109375
48000,k_layernorm,53,1.33467,1.4192,1.75,0.0527344
48000,k_layernorm,54,1.24904,1.3539,1.76562,0.10498
48000,k_layernorm,55,1.46196,1.48617,1.94531,0.257812
48000,k_layernorm,56,1.47854,1.50275,1.84375,0.0463867
48000,k_layernorm,57,1.44211,1.47628,1.8125,0.0668945
48000,k_layernorm,58,1.54053,1.54658,1.85156,1.17188
48000,k_layernorm,59,1.48792,1.49473,1.75,1.09375
48000,k_layernorm,60,1.39865,1.41744,1.76562,0.667969
48000,k_layernorm,61,1.41104,1.42059,1.90625,0.863281
48000,k_layernorm,62,1.32764,1.3329,1.64844,1.07031
48000,k_layernorm,63,1.17691,1.18006,1.38281,0.90625
48000,final_layernorm,-1,1.68736,1.70114,6,1.13281
52000,linear_qkv,0,0.0837328,0.0910744,0.710938,0.00582886
52000,linear_qkv,1,0.407884,0.408839,0.804688,0.0703125
52000,linear_qkv,2,0.629358,0.630505,0.765625,0.0405273
52000,linear_qkv,3,0.754632,0.755663,1.00781,0.0629883
52000,linear_qkv,4,0.774152,0.7752,0.9375,0.0620117
52000,linear_qkv,5,0.876694,0.877822,1.0625,0.0996094
52000,linear_qkv,6,0.947589,0.948892,1.13281,0.201172
52000,linear_qkv,7,1.10413,1.10531,1.25,0.345703
52000,linear_qkv,8,1.04479,1.04629,1.29688,0.222656
52000,linear_qkv,9,0.974914,0.976237,1.27344,0.224609
52000,linear_qkv,10,0.995279,0.996455,1.375,0.265625
52000,linear_qkv,11,1.05161,1.05306,1.35156,0.289062
52000,linear_qkv,12,0.995551,0.996485,1.35938,0.306641
52000,linear_qkv,13,1.03157,1.0327,1.27344,0.298828
52000,linear_qkv,14,0.996026,0.997044,1.14062,0.388672
52000,linear_qkv,15,1.11564,1.11675,1.29688,0.484375
52000,linear_qkv,16,1.11538,1.11622,1.28125,0.597656
52000,linear_qkv,17,1.25442,1.25525,1.46875,0.722656
52000,linear_qkv,18,1.20849,1.20963,1.41406,0.574219
52000,linear_qkv,19,1.31797,1.31889,1.51562,0.691406
52000,linear_qkv,20,1.18765,1.18848,1.38281,0.636719
52000,linear_qkv,21,1.17677,1.17746,1.49219,0.695312
52000,linear_qkv,22,1.42734,1.42817,1.58594,0.675781
52000,linear_qkv,23,1.41948,1.42021,1.65625,0.722656
52000,linear_qkv,24,1.38136,1.38209,1.625,0.695312
52000,linear_qkv,25,1.29462,1.29557,1.4375,0.519531
52000,linear_qkv,26,1.23605,1.23709,1.51562,0.453125
52000,linear_qkv,27,1.48017,1.48143,1.83594,0.523438
52000,linear_qkv,28,1.35242,1.35412,1.60156,0.404297
52000,linear_qkv,29,1.38418,1.38561,1.64062,0.470703
52000,linear_qkv,30,1.53839,1.54002,1.75,0.441406
52000,linear_qkv,31,1.20077,1.20205,1.36719,0.302734
52000,linear_qkv,32,1.32308,1.32442,1.5,0.365234
52000,linear_qkv,33,1.32042,1.32246,1.55469,0.302734
52000,linear_qkv,34,1.49981,1.50203,1.71875,0.373047
52000,linear_qkv,35,1.39319,1.39486,1.64062,0.314453
52000,linear_qkv,36,1.20208,1.20379,1.38281,0.289062
52000,linear_qkv,37,0.877616,0.878762,1.01562,0.193359
52000,linear_qkv,38,1.13833,1.13933,1.29688,0.328125
52000,linear_qkv,39,0.936495,0.937658,1.09375,0.296875
52000,linear_qkv,40,1.03862,1.04005,1.23438,0.263672
52000,linear_qkv,41,0.983987,0.985408,1.14844,0.251953
52000,linear_qkv,42,0.903305,0.904792,1.08594,0.259766
52000,linear_qkv,43,0.944282,0.94574,1.09375,0.310547
52000,linear_qkv,44,1.0076,1.00925,1.21094,0.28125
52000,linear_qkv,45,1.11206,1.11364,1.28125,0.326172
52000,linear_qkv,46,1.17285,1.17441,1.33594,0.371094
52000,linear_qkv,47,1.03323,1.03465,1.20312,0.460938
52000,linear_qkv,48,1.29627,1.29808,1.47656,0.451172
52000,linear_qkv,49,1.2412,1.243,1.4375,0.4375
52000,linear_qkv,50,1.1676,1.16914,1.33594,0.451172
52000,linear_qkv,51,1.29345,1.29595,1.47656,0.425781
52000,linear_qkv,52,1.24918,1.25094,1.39062,0.503906
52000,linear_qkv,53,1.40742,1.41052,1.59375,0.375
52000,linear_qkv,54,1.29626,1.29915,1.50781,0.365234
52000,linear_qkv,55,1.37316,1.37555,1.59375,0.542969
52000,linear_qkv,56,1.40566,1.40854,1.60938,0.46875
52000,linear_qkv,57,1.3291,1.33256,1.57031,0.279297
52000,linear_qkv,58,1.37654,1.3794,1.60156,0.431641
52000,linear_qkv,59,1.25132,1.25435,1.45312,0.298828
52000,linear_qkv,60,1.13263,1.13484,1.32031,0.451172
52000,linear_qkv,61,1.11073,1.11272,1.33594,0.492188
52000,linear_qkv,62,1.0258,1.02652,1.17188,0.667969
52000,linear_qkv,63,0.976006,0.976482,1.10938,0.765625
52000,linear_fc1,0,0.53098,0.534354,0.714844,0.0319824
52000,linear_fc1,1,0.878726,0.881596,1.00781,0.0181885
52000,linear_fc1,2,0.909651,0.911341,1.07812,0.0164795
52000,linear_fc1,3,0.872639,0.873908,0.960938,0.0264893
52000,linear_fc1,4,0.840692,0.841772,1.00781,0.0114746
52000,linear_fc1,5,0.75333,0.75417,1.5,0.00836182
52000,linear_fc1,6,0.691667,0.692472,0.996094,0.0131226
52000,linear_fc1,7,0.660314,0.661152,0.949219,0.0250244
52000,linear_fc1,8,0.66363,0.664448,0.882812,0.0178223
52000,linear_fc1,9,0.668443,0.669242,0.832031,0.0140381
52000,linear_fc1,10,0.653864,0.654636,0.738281,0.0222168
52000,linear_fc1,11,0.649043,0.649756,0.726562,0.015564
52000,linear_fc1,12,0.650391,0.651075,0.730469,0.0198975
52000,linear_fc1,13,0.647869,0.648512,0.726562,0.020752
52000,linear_fc1,14,0.6322,0.632796,0.703125,0.0229492
52000,linear_fc1,15,0.623126,0.623659,0.691406,0.0332031
52000,linear_fc1,16,0.599745,0.600205,0.667969,0.0334473
52000,linear_fc1,17,0.57719,0.577612,0.636719,0.0668945
52000,linear_fc1,18,0.569177,0.569574,0.648438,0.0480957
52000,linear_fc1,19,0.569111,0.569489,0.648438,0.0454102
52000,linear_fc1,20,0.578617,0.578974,0.703125,0.0595703
52000,linear_fc1,21,0.578019,0.578387,0.679688,0.0588379
52000,linear_fc1,22,0.575729,0.57614,0.640625,0.0307617
52000,linear_fc1,23,0.58157,0.581966,0.640625,0.0449219
52000,linear_fc1,24,0.593753,0.594178,0.65625,0.0303955
52000,linear_fc1,25,0.617678,0.618123,0.667969,0.0280762
52000,linear_fc1,26,0.634632,0.635093,0.695312,0.0203857
52000,linear_fc1,27,0.656006,0.6565,0.710938,0.0258789
52000,linear_fc1,28,0.674868,0.675376,0.734375,0.0137329
52000,linear_fc1,29,0.691735,0.692253,0.757812,0.00787354
52000,linear_fc1,30,0.714656,0.715153,0.765625,0.0288086
52000,linear_fc1,31,0.735361,0.735883,0.792969,0.019165
52000,linear_fc1,32,0.749415,0.749952,0.804688,0.00958252
52000,linear_fc1,33,0.766938,0.767513,0.828125,0.00805664
52000,linear_fc1,34,0.78816,0.788749,0.847656,0.00585938
52000,linear_fc1,35,0.814427,0.815051,0.875,0.00531006
52000,linear_fc1,36,0.840509,0.841168,0.917969,0.00634766
52000,linear_fc1,37,0.859622,0.860342,0.910156,0.0038147
52000,linear_fc1,38,0.876312,0.877084,0.933594,0.00479126
52000,linear_fc1,39,0.889939,0.890778,0.945312,0.00343323
52000,linear_fc1,40,0.901935,0.902836,0.953125,0.00370789
52000,linear_fc1,41,0.913526,0.91448,0.984375,0.00595093
52000,linear_fc1,42,0.924256,0.925279,0.984375,0.00561523
52000,linear_fc1,43,0.934112,0.935169,1.00781,0.00897217
52000,linear_fc1,44,0.940589,0.941738,1.02344,0.00506592
52000,linear_fc1,45,0.947147,0.948334,1.03125,0.00610352
52000,linear_fc1,46,0.954144,0.9554,1.04688,0.0090332
52000,linear_fc1,47,0.960557,0.961851,1.07812,0.0113525
52000,linear_fc1,48,0.965473,0.966862,1.08594,0.00610352
52000,linear_fc1,49,0.975511,0.976936,1.09375,0.0228271
52000,linear_fc1,50,0.980444,0.981918,1.10938,0.0157471
52000,linear_fc1,51,0.98621,0.98774,1.15625,0.0383301
52000,linear_fc1,52,0.988359,0.989894,1.15625,0.0461426
52000,linear_fc1,53,0.994495,0.99595,1.20312,0.0869141
52000,linear_fc1,54,1.00118,1.00264,1.25,0.128906
52000,linear_fc1,55,0.999345,1.0008,1.29688,0.100098
52000,linear_fc1,56,1.00008,1.00148,1.38281,0.119629
52000,linear_fc1,57,1.00937,1.01081,1.44531,0.191406
52000,linear_fc1,58,1.01172,1.01315,1.49219,0.233398
52000,linear_fc1,59,1.00847,1.00998,1.57812,0.314453
52000,linear_fc1,60,1.02146,1.02309,1.66406,0.320312
52000,linear_fc1,61,1.05158,1.0531,1.67969,0.365234
52000,linear_fc1,62,1.08963,1.09065,1.57031,0.523438
52000,linear_fc1,63,1.16677,1.16803,1.60938,0.769531
52000,q_layernorm,0,1.16225,1.20398,1.78906,0.273438
52000,q_layernorm,1,1.54047,1.54759,1.97656,1.10938
52000,q_layernorm,2,1.49557,1.50676,1.84375,0.980469
52000,q_layernorm,3,1.60022,1.61406,1.92969,1.10156
52000,q_layernorm,4,1.52148,1.53123,1.86719,1.05469
52000,q_layernorm,5,1.4827,1.49296,1.78906,0.878906
52000,q_layernorm,6,1.75424,1.77255,2.15625,0.941406
52000,q_layernorm,7,1.62848,1.67044,2.07812,0.0615234
52000,q_layernorm,8,1.60225,1.62626,1.875,0.300781
52000,q_layernorm,9,1.57984,1.60649,1.99219,0.0830078
52000,q_layernorm,10,1.62939,1.64243,1.98438,0.8125
52000,q_layernorm,11,1.64673,1.66963,1.94531,0.507812
52000,q_layernorm,12,1.59433,1.60786,2.3125,0.75
52000,q_layernorm,13,1.53979,1.56454,1.89844,0.0361328
52000,q_layernorm,14,1.49695,1.51891,2,0.433594
52000,q_layernorm,15,1.63187,1.64961,2.01562,0.324219
52000,q_layernorm,16,1.47275,1.48838,1.99219,0.652344
52000,q_layernorm,17,1.66217,1.68001,2.0625,0.96875
52000,q_layernorm,18,1.62089,1.6612,2.03125,0.201172
52000,q_layernorm,19,1.70069,1.73546,2.0625,0.166992
52000,q_layernorm,20,1.56817,1.60541,2.03125,0.0427246
52000,q_layernorm,21,1.55648,1.60742,2.01562,0.0461426
52000,q_layernorm,22,1.642,1.71302,2.125,0.00190735
52000,q_layernorm,23,1.61429,1.63926,2.03125,0.0976562
52000,q_layernorm,24,1.60611,1.62706,1.875,0.425781
52000,q_layernorm,25,1.53465,1.60751,2.03125,0.0378418
52000,q_layernorm,26,1.34763,1.46251,1.91406,0.0354004
52000,q_layernorm,27,1.54682,1.61016,2.07812,0.0253906
52000,q_layernorm,28,1.32023,1.43494,1.78125,0.0185547
52000,q_layernorm,29,1.40248,1.4997,1.83594,0.0196533
52000,q_layernorm,30,1.46291,1.51059,1.9375,0.00772095
52000,q_layernorm,31,1.3537,1.42991,1.76562,0.0932617
52000,q_layernorm,32,1.53503,1.57566,1.90625,0.0820312
52000,q_layernorm,33,1.24874,1.38393,1.75,0.0241699
52000,q_layernorm,34,1.36142,1.46957,1.85156,0.0256348
52000,q_layernorm,35,1.53642,1.58289,1.91406,0.0412598
52000,q_layernorm,36,1.39077,1.46623,1.89062,0.0476074
52000,q_layernorm,37,1.26677,1.30678,1.72656,0.439453
52000,q_layernorm,38,1.62567,1.63099,2,1.17969
52000,q_layernorm,39,1.41766,1.44209,1.84375,0.640625
52000,q_layernorm,40,1.29176,1.3636,1.74219,0.222656
52000,q_layernorm,41,1.29874,1.36206,1.72656,0.332031
52000,q_layernorm,42,1.18549,1.24422,1.67188,0.466797
52000,q_layernorm,43,1.26349,1.30794,1.78125,0.519531
52000,q_layernorm,44,1.19734,1.28147,1.71094,0.357422
52000,q_layernorm,45,1.22063,1.33239,1.82031,0.120117
52000,q_layernorm,46,1.30335,1.39653,1.78125,0.0844727
52000,q_layernorm,47,1.20382,1.2973,1.71094,0.175781
52000,q_layernorm,48,1.4307,1.49947,1.78906,0.0854492
52000,q_layernorm,49,1.26519,1.35486,1.76562,0.0410156
52000,q_layernorm,50,1.41151,1.43694,1.73438,0.265625
52000,q_layernorm,51,1.41898,1.47214,1.8125,0.0214844
52000,q_layernorm,52,1.48812,1.50685,1.8125,0.163086
52000,q_layernorm,53,1.37078,1.44595,1.77344,0.078125
52000,q_layernorm,54,1.28043,1.37602,1.6875,0.0810547
52000,q_layernorm,55,1.50357,1.51679,1.94531,0.730469
52000,q_layernorm,56,1.52271,1.5365,1.82031,0.386719
52000,q_layernorm,57,1.4682,1.49949,1.91406,0.0566406
52000,q_layernorm,58,1.57709,1.58205,1.79688,1.14062
52000,q_layernorm,59,1.5105,1.51722,1.88281,1.03906
52000,q_layernorm,60,1.44504,1.45321,1.75,0.980469
52000,q_layernorm,61,1.44235,1.45188,1.88281,0.933594
52000,q_layernorm,62,1.35059,1.35621,1.74219,1.07031
52000,q_layernorm,63,1.18143,1.18502,1.42969,0.867188
52000,k_layernorm,0,1.15852,1.20711,2.23438,0.213867
52000,k_layernorm,1,1.52893,1.53502,1.85938,1.02344
52000,k_layernorm,2,1.48349,1.49709,2.03125,0.953125
52000,k_layernorm,3,1.58133,1.59961,2.03125,0.816406
52000,k_layernorm,4,1.50391,1.51797,1.84375,0.902344
52000,k_layernorm,5,1.47498,1.48643,1.82031,1.04688
52000,k_layernorm,6,1.72711,1.74695,2.10938,0.742188
52000,k_layernorm,7,1.59583,1.64324,2.07812,0.00939941
52000,k_layernorm,8,1.5843,1.61167,1.96094,0.15625
52000,k_layernorm,9,1.53292,1.5686,1.90625,0.0966797
52000,k_layernorm,10,1.59738,1.61831,2.23438,0.710938
52000,k_layernorm,11,1.61252,1.64543,2.03125,0.277344
52000,k_layernorm,12,1.56714,1.57945,1.95312,0.945312
52000,k_layernorm,13,1.51295,1.54317,2.14062,0.0722656
52000,k_layernorm,14,1.46644,1.49398,1.85938,0.167969
52000,k_layernorm,15,1.60437,1.62414,2.0625,0.339844
52000,k_layernorm,16,1.45122,1.4768,2.26562,0.431641
52000,k_layernorm,17,1.64224,1.6604,1.98438,0.691406
52000,k_layernorm,18,1.57981,1.63409,2.07812,0.0332031
52000,k_layernorm,19,1.66458,1.71052,2.09375,0.0383301
52000,k_layernorm,20,1.53036,1.5757,2.01562,0.0368652
52000,k_layernorm,21,1.5196,1.58009,1.97656,0.0101318
52000,k_layernorm,22,1.61596,1.6872,2.0625,0.0130005
52000,k_layernorm,23,1.58579,1.62115,1.91406,0.103027
52000,k_layernorm,24,1.57592,1.60625,2.03125,0.0145874
52000,k_layernorm,25,1.48707,1.57508,2.04688,-0.0228271
52000,k_layernorm,26,1.31614,1.43817,1.85156,0.0322266
52000,k_layernorm,27,1.49265,1.57673,2.07812,-0.000218391
52000,k_layernorm,28,1.28293,1.41069,1.83594,0.0356445
52000,k_layernorm,29,1.34857,1.46452,1.8125,0.0490723
52000,k_layernorm,30,1.418,1.48635,1.86719,0.00476074
52000,k_layernorm,31,1.31389,1.40353,1.82031,0.108398
52000,k_layernorm,32,1.47508,1.53816,1.84375,0.0358887
52000,k_layernorm,33,1.21275,1.35707,1.76562,0.104492
52000,k_layernorm,34,1.31433,1.44705,1.92969,0.0405273
52000,k_layernorm,35,1.45537,1.53641,1.96094,0.0490723
52000,k_layernorm,36,1.33406,1.43438,1.94531,0.11084
52000,k_layernorm,37,1.25284,1.2992,1.8125,0.507812
52000,k_layernorm,38,1.591,1.60354,2.09375,0.707031
52000,k_layernorm,39,1.38474,1.42383,1.95312,0.410156
52000,k_layernorm,40,1.2591,1.342,1.82031,0.231445
52000,k_layernorm,41,1.27577,1.34675,1.8125,0.337891
52000,k_layernorm,42,1.17859,1.24122,1.79688,0.462891
52000,k_layernorm,43,1.22504,1.29437,1.85156,0.386719
52000,k_layernorm,44,1.18382,1.27218,1.84375,0.347656
52000,k_layernorm,45,1.19018,1.31171,1.82031,0.10791
52000,k_layernorm,46,1.26563,1.37918,1.94531,0.0693359
52000,k_layernorm,47,1.18178,1.27812,1.85156,0.144531
52000,k_layernorm,48,1.38118,1.4695,1.8125,0.0235596
52000,k_layernorm,49,1.23245,1.33066,1.75,0.00604248
52000,k_layernorm,50,1.39532,1.42888,1.76562,0.199219
52000,k_layernorm,51,1.34887,1.43082,1.79688,0.0250244
52000,k_layernorm,52,1.44346,1.48418,1.92969,0.0854492
52000,k_layernorm,53,1.34236,1.42901,1.76562,0.0617676
52000,k_layernorm,54,1.25486,1.36254,1.79688,0.0825195
52000,k_layernorm,55,1.47054,1.49591,1.95312,0.235352
52000,k_layernorm,56,1.48955,1.51464,1.85156,0.0351562
52000,k_layernorm,57,1.45157,1.48674,1.83594,0.0688477
52000,k_layernorm,58,1.55157,1.55795,1.875,1.17188
52000,k_layernorm,59,1.49463,1.50185,1.75781,1.08594
52000,k_layernorm,60,1.40375,1.42372,1.78906,0.644531
52000,k_layernorm,61,1.41928,1.42933,1.92188,0.839844
52000,k_layernorm,62,1.33612,1.34162,1.65625,1.07031
52000,k_layernorm,63,1.17917,1.18252,1.38281,0.886719
52000,final_layernorm,-1,1.68053,1.69512,6.03125,0.902344
56000,linear_qkv,0,0.0664348,0.0729314,0.683594,0.00527954
56000,linear_qkv,1,0.379865,0.380819,0.792969,0.0625
56000,linear_qkv,2,0.603753,0.604884,0.730469,0.036377
56000,linear_qkv,3,0.729966,0.73101,1.01562,0.0529785
56000,linear_qkv,4,0.752784,0.753855,0.949219,0.0546875
56000,linear_qkv,5,0.857596,0.858757,1.07812,0.0869141
56000,linear_qkv,6,0.929396,0.930726,1.14062,0.175781
56000,linear_qkv,7,1.09575,1.09698,1.24219,0.306641
56000,linear_qkv,8,1.03484,1.03639,1.32031,0.203125
56000,linear_qkv,9,0.967265,0.968623,1.29688,0.203125
56000,linear_qkv,10,0.985363,0.986589,1.39844,0.244141
56000,linear_qkv,11,1.04554,1.04704,1.375,0.287109
56000,linear_qkv,12,0.989491,0.99046,1.39062,0.289062
56000,linear_qkv,13,1.03098,1.03214,1.30469,0.287109
56000,linear_qkv,14,0.997351,0.998415,1.17188,0.375
56000,linear_qkv,15,1.11629,1.11744,1.3125,0.482422
56000,linear_qkv,16,1.12321,1.12408,1.28906,0.597656
56000,linear_qkv,17,1.25594,1.2568,1.49219,0.714844
56000,linear_qkv,18,1.21488,1.21605,1.42969,0.578125
56000,linear_qkv,19,1.32609,1.32704,1.53906,0.683594
56000,linear_qkv,20,1.19756,1.1984,1.41406,0.636719
56000,linear_qkv,21,1.19114,1.19184,1.53125,0.699219
56000,linear_qkv,22,1.44111,1.44197,1.60938,0.667969
56000,linear_qkv,23,1.43613,1.43687,1.69531,0.722656
56000,linear_qkv,24,1.40009,1.40084,1.67969,0.695312
56000,linear_qkv,25,1.3162,1.31718,1.46875,0.511719
56000,linear_qkv,26,1.25778,1.25884,1.55469,0.451172
56000,linear_qkv,27,1.50761,1.50893,1.89062,0.511719
56000,linear_qkv,28,1.37758,1.37933,1.67188,0.384766
56000,linear_qkv,29,1.40936,1.41084,1.70312,0.457031
56000,linear_qkv,30,1.57321,1.5749,1.79688,0.423828
56000,linear_qkv,31,1.22759,1.22894,1.42188,0.275391
56000,linear_qkv,32,1.35627,1.3577,1.53906,0.34375
56000,linear_qkv,33,1.35406,1.35622,1.58594,0.28125
56000,linear_qkv,34,1.54671,1.54907,1.78906,0.349609
56000,linear_qkv,35,1.43244,1.43421,1.6875,0.296875
56000,linear_qkv,36,1.23396,1.23577,1.41406,0.265625
56000,linear_qkv,37,0.88894,0.890138,1.04688,0.167969
56000,linear_qkv,38,1.16053,1.16157,1.32812,0.306641
56000,linear_qkv,39,0.953024,0.954239,1.10156,0.275391
56000,linear_qkv,40,1.0607,1.0622,1.25,0.246094
56000,linear_qkv,41,1.0034,1.00489,1.19531,0.238281
56000,linear_qkv,42,0.916155,0.917721,1.10938,0.259766
56000,linear_qkv,43,0.959348,0.960889,1.125,0.306641
56000,linear_qkv,44,1.02787,1.0296,1.23438,0.269531
56000,linear_qkv,45,1.13499,1.13666,1.33594,0.316406
56000,linear_qkv,46,1.20072,1.20234,1.35938,0.363281
56000,linear_qkv,47,1.0487,1.05019,1.21875,0.453125
56000,linear_qkv,48,1.32867,1.33056,1.52344,0.445312
56000,linear_qkv,49,1.26877,1.27065,1.47656,0.427734
56000,linear_qkv,50,1.19657,1.1982,1.39062,0.445312
56000,linear_qkv,51,1.33297,1.33563,1.52344,0.433594
56000,linear_qkv,52,1.28575,1.28763,1.44531,0.5
56000,linear_qkv,53,1.45264,1.45592,1.64062,0.382812
56000,linear_qkv,54,1.33298,1.33605,1.54688,0.333984
56000,linear_qkv,55,1.40932,1.41185,1.63281,0.5
56000,linear_qkv,56,1.44813,1.45121,1.65625,0.429688
56000,linear_qkv,57,1.36063,1.36423,1.59375,0.285156
56000,linear_qkv,58,1.41111,1.41413,1.64062,0.396484
56000,linear_qkv,59,1.27473,1.27791,1.49219,0.294922
56000,linear_qkv,60,1.1473,1.14962,1.34375,0.429688
56000,linear_qkv,61,1.11873,1.12081,1.34375,0.474609
56000,linear_qkv,62,1.02817,1.02892,1.17969,0.6875
56000,linear_qkv,63,0.976773,0.977292,1.125,0.757812
56000,linear_fc1,0,0.517343,0.520664,0.699219,0.0264893
56000,linear_fc1,1,0.866407,0.869224,0.996094,0.0147705
56000,linear_fc1,2,0.905119,0.906796,1.09375,0.0133057
56000,linear_fc1,3,0.871638,0.872902,0.960938,0.0222168
56000,linear_fc1,4,0.841947,0.843029,1.02344,0.0101318
56000,linear_fc1,5,0.75579,0.756657,1.58594,0.0078125
56000,linear_fc1,6,0.695985,0.696804,1.00781,0.0132446
56000,linear_fc1,7,0.663693,0.664555,0.960938,0.0252686
56000,linear_fc1,8,0.66572,0.666559,0.890625,0.0162354
56000,linear_fc1,9,0.668927,0.669745,0.859375,0.0119629
56000,linear_fc1,10,0.65309,0.653878,0.753906,0.0201416
56000,linear_fc1,11,0.646885,0.647617,0.730469,0.013855
56000,linear_fc1,12,0.646867,0.647566,0.726562,0.0175781
56000,linear_fc1,13,0.643182,0.643839,0.722656,0.0183105
56000,linear_fc1,14,0.626744,0.62735,0.699219,0.0205078
56000,linear_fc1,15,0.616873,0.61741,0.6875,0.0296631
56000,linear_fc1,16,0.593007,0.593467,0.660156,0.0294189
56000,linear_fc1,17,0.570588,0.571008,0.632812,0.0595703
56000,linear_fc1,18,0.561388,0.561781,0.644531,0.0429688
56000,linear_fc1,19,0.561222,0.561601,0.648438,0.0429688
56000,linear_fc1,20,0.56998,0.570338,0.707031,0.0544434
56000,linear_fc1,21,0.568863,0.569232,0.6875,0.0515137
56000,linear_fc1,22,0.566954,0.567367,0.625,0.0263672
56000,linear_fc1,23,0.573135,0.573537,0.636719,0.0410156
56000,linear_fc1,24,0.585471,0.585899,0.648438,0.0275879
56000,linear_fc1,25,0.61038,0.610832,0.660156,0.026001
56000,linear_fc1,26,0.628709,0.629175,0.6875,0.0174561
56000,linear_fc1,27,0.65023,0.650726,0.710938,0.0244141
56000,linear_fc1,28,0.670224,0.670738,0.726562,0.0129395
56000,linear_fc1,29,0.687567,0.688088,0.753906,0.00793457
56000,linear_fc1,30,0.710631,0.711131,0.773438,0.0272217
56000,linear_fc1,31,0.731495,0.732024,0.785156,0.0187988
56000,linear_fc1,32,0.745281,0.74582,0.800781,0.0107422
56000,linear_fc1,33,0.762942,0.763521,0.820312,0.00921631
56000,linear_fc1,34,0.783524,0.784118,0.835938,0.00643921
56000,linear_fc1,35,0.809329,0.809952,0.875,0.00567627
56000,linear_fc1,36,0.83543,0.836087,0.917969,0.00836182
56000,linear_fc1,37,0.854856,0.85557,0.910156,0.00439453
56000,linear_fc1,38,0.871558,0.872328,0.925781,0.00592041
56000,linear_fc1,39,0.885172,0.886012,0.941406,0.00343323
56000,linear_fc1,40,0.897167,0.898067,0.953125,0.0043335
56000,linear_fc1,41,0.909285,0.910232,0.988281,0.00686646
56000,linear_fc1,42,0.920599,0.921609,0.980469,0.00671387
56000,linear_fc1,43,0.930519,0.931569,1,0.00811768
56000,linear_fc1,44,0.93734,0.938477,1.01562,0.00549316
56000,linear_fc1,45,0.944091,0.94527,1.03906,0.00741577
56000,linear_fc1,46,0.951563,0.95281,1.04688,0.00872803
56000,linear_fc1,47,0.957729,0.959011,1.07031,0.0117188
56000,linear_fc1,48,0.962749,0.964123,1.07031,0.00720215
56000,linear_fc1,49,0.974017,0.975424,1.10156,0.0240479
56000,linear_fc1,50,0.978964,0.980421,1.10156,0.0168457
56000,linear_fc1,51,0.985046,0.986556,1.16406,0.0400391
56000,linear_fc1,52,0.988132,0.989641,1.16406,0.0461426
56000,linear_fc1,53,0.994556,0.99598,1.21875,0.0893555
56000,linear_fc1,54,1.00217,1.0036,1.25,0.128906
56000,linear_fc1,55,1.00096,1.00238,1.29688,0.100586
56000,linear_fc1,56,1.00297,1.00435,1.41406,0.119629
56000,linear_fc1,57,1.01225,1.01367,1.45312,0.183594
56000,linear_fc1,58,1.01542,1.01685,1.5,0.226562
56000,linear_fc1,59,1.01205,1.01356,1.57031,0.296875
56000,linear_fc1,60,1.02548,1.02713,1.67969,0.294922
56000,linear_fc1,61,1.05591,1.05746,1.69531,0.357422
56000,linear_fc1,62,1.09336,1.0944,1.58594,0.519531
56000,linear_fc1,63,1.18125,1.18271,1.67969,0.753906
56000,q_layernorm,0,1.17361,1.21741,1.83594,0.261719
56000,q_layernorm,1,1.55048,1.55801,1.99219,1.09375
56000,q_layernorm,2,1.49991,1.51169,1.85938,0.957031
56000,q_layernorm,3,1.60474,1.61909,1.94531,1.09375
56000,q_layernorm,4,1.52606,1.53619,1.88281,1.03906
56000,q_layernorm,5,1.48517,1.49592,1.80469,0.851562
56000,q_layernorm,6,1.76166,1.78033,2.17188,0.9375
56000,q_layernorm,7,1.6334,1.67563,2.09375,0.0712891
56000,q_layernorm,8,1.6075,1.63194,1.89062,0.285156
56000,q_layernorm,9,1.58742,1.61489,2.01562,0.0766602
56000,q_layernorm,10,1.63644,1.65011,2.01562,0.777344
56000,q_layernorm,11,1.65625,1.67995,1.96875,0.484375
56000,q_layernorm,12,1.6044,1.61895,2.375,0.6875
56000,q_layernorm,13,1.54806,1.57367,1.96094,0.0319824
56000,q_layernorm,14,1.50769,1.5307,2.04688,0.394531
56000,q_layernorm,15,1.64209,1.66067,2.04688,0.273438
56000,q_layernorm,16,1.48386,1.50073,2.03125,0.597656
56000,q_layernorm,17,1.6727,1.6912,2.09375,0.9375
56000,q_layernorm,18,1.62861,1.66942,2.0625,0.19043
56000,q_layernorm,19,1.70934,1.74471,2.07812,0.147461
56000,q_layernorm,20,1.57793,1.61557,2.04688,0.0395508
56000,q_layernorm,21,1.56612,1.61749,2.04688,0.0397949
56000,q_layernorm,22,1.64999,1.72156,2.15625,0.00537109
56000,q_layernorm,23,1.62275,1.64823,2.0625,0.0869141
56000,q_layernorm,24,1.61603,1.63758,1.88281,0.410156
56000,q_layernorm,25,1.54192,1.61553,2.0625,0.0255127
56000,q_layernorm,26,1.35467,1.47033,1.92969,0.0308838
56000,q_layernorm,27,1.55449,1.61819,2.10938,0.0224609
56000,q_layernorm,28,1.32683,1.44192,1.79688,-0.00379944
56000,q_layernorm,29,1.40598,1.5038,1.83594,0.0234375
56000,q_layernorm,30,1.47024,1.51817,1.96094,0.0124512
56000,q_layernorm,31,1.36408,1.44144,1.78125,0.0668945
56000,q_layernorm,32,1.54714,1.58812,1.92969,0.0654297
56000,q_layernorm,33,1.2563,1.39316,1.75781,0.0229492
56000,q_layernorm,34,1.36996,1.48006,1.875,0.0119019
56000,q_layernorm,35,1.54668,1.59387,1.92969,0.0449219
56000,q_layernorm,36,1.40426,1.48066,1.92188,0.0458984
56000,q_layernorm,37,1.28133,1.32244,1.75,0.380859
56000,q_layernorm,38,1.63556,1.6411,1.99219,1.16406
56000,q_layernorm,39,1.43246,1.45734,1.85156,0.609375
56000,q_layernorm,40,1.3043,1.37797,1.75781,0.189453
56000,q_layernorm,41,1.31165,1.37733,1.73438,0.289062
56000,q_layernorm,42,1.19481,1.25546,1.67969,0.433594
56000,q_layernorm,43,1.27708,1.32243,1.8125,0.498047
56000,q_layernorm,44,1.20428,1.2924,1.73438,0.34375
56000,q_layernorm,45,1.22878,1.34235,1.8125,0.102051
56000,q_layernorm,46,1.31438,1.40825,1.79688,0.0795898
56000,q_layernorm,47,1.21112,1.30658,1.71875,0.155273
56000,q_layernorm,48,1.44031,1.50952,1.80469,0.0839844
56000,q_layernorm,49,1.27452,1.36513,1.77344,0.0270996
56000,q_layernorm,50,1.42161,1.44781,1.74219,0.220703
56000,q_layernorm,51,1.42807,1.48156,1.82031,0.00588989
56000,q_layernorm,52,1.50174,1.52053,1.8125,0.121094
56000,q_layernorm,53,1.38212,1.45764,1.78906,0.0722656
56000,q_layernorm,54,1.28754,1.38465,1.6875,0.0717773
56000,q_layernorm,55,1.51337,1.52749,1.95312,0.679688
56000,q_layernorm,56,1.53418,1.54868,1.83594,0.34375
56000,q_layernorm,57,1.47826,1.51005,1.9375,0.0507812
56000,q_layernorm,58,1.58875,1.59387,1.80469,1.14062
56000,q_layernorm,59,1.51721,1.52431,1.88281,1.02344
56000,q_layernorm,60,1.4512,1.45971,1.75781,0.957031
56000,q_layernorm,61,1.44879,1.45847,1.92188,0.929688
56000,q_layernorm,62,1.35852,1.36422,1.74219,1.07812
56000,q_layernorm,63,1.18359,1.1875,1.4375,0.851562
56000,k_layernorm,0,1.17068,1.22203,2.34375,0.208008
56000,k_layernorm,1,1.53839,1.54498,1.88281,1.00781
56000,k_layernorm,2,1.48828,1.50281,2.0625,0.925781
56000,k_layernorm,3,1.58569,1.60489,2.04688,0.808594
56000,k_layernorm,4,1.50851,1.52323,1.86719,0.882812
56000,k_layernorm,5,1.47827,1.49037,1.83594,1.03906
56000,k_layernorm,6,1.7345,1.75491,2.125,0.734375
56000,k_layernorm,7,1.60008,1.64786,2.07812,0.0213623
56000,k_layernorm,8,1.58954,1.6175,1.98438,0.130859
56000,k_layernorm,9,1.53919,1.57603,1.92188,0.0849609
56000,k_layernorm,10,1.60431,1.62617,2.21875,0.679688
56000,k_layernorm,11,1.62143,1.65561,2.0625,0.255859
56000,k_layernorm,12,1.57626,1.5894,1.97656,0.925781
56000,k_layernorm,13,1.5209,1.55229,2.1875,0.0664062
56000,k_layernorm,14,1.47687,1.50571,1.875,0.131836
56000,k_layernorm,15,1.6151,1.63588,2.10938,0.291016
56000,k_layernorm,16,1.46184,1.4891,2.32812,0.412109
56000,k_layernorm,17,1.65146,1.67028,2,0.667969
56000,k_layernorm,18,1.58733,1.64233,2.09375,0.032959
56000,k_layernorm,19,1.67254,1.7193,2.10938,0.032959
56000,k_layernorm,20,1.53957,1.58556,2.04688,0.0305176
56000,k_layernorm,21,1.52901,1.59022,1.99219,0.00799561
56000,k_layernorm,22,1.62365,1.69543,2.0625,0.0123901
56000,k_layernorm,23,1.59309,1.62944,1.92188,0.0869141
56000,k_layernorm,24,1.58572,1.61717,2.07812,0.00762939
56000,k_layernorm,25,1.4929,1.58269,2.0625,-0.0354004
56000,k_layernorm,26,1.32217,1.44525,1.86719,0.0257568
56000,k_layernorm,27,1.49791,1.5832,2.07812,0.0025177
56000,k_layernorm,28,1.28782,1.41671,1.85156,0.046875
56000,k_layernorm,29,1.35061,1.46824,1.82031,0.0383301
56000,k_layernorm,30,1.42358,1.49279,1.88281,0.00405884
56000,k_layernorm,31,1.32203,1.41395,1.82812,0.0976562
56000,k_layernorm,32,1.48413,1.54815,1.86719,0.0505371
56000,k_layernorm,33,1.21894,1.3659,1.77344,0.0708008
56000,k_layernorm,34,1.32118,1.4567,1.92969,0.0305176
56000,k_layernorm,35,1.46298,1.54601,1.96875,0.0390625
56000,k_layernorm,36,1.34439,1.44738,1.96094,0.100098
56000,k_layernorm,37,1.26483,1.31381,1.84375,0.484375
56000,k_layernorm,38,1.60016,1.61305,2.07812,0.691406
56000,k_layernorm,39,1.39641,1.43742,1.97656,0.345703
56000,k_layernorm,40,1.26942,1.35539,1.83594,0.208984
56000,k_layernorm,41,1.28532,1.35998,1.83594,0.296875
56000,k_layernorm,42,1.18654,1.25222,1.82031,0.435547
56000,k_layernorm,43,1.23341,1.30663,1.875,0.351562
56000,k_layernorm,44,1.18999,1.28257,1.86719,0.335938
56000,k_layernorm,45,1.19645,1.32067,1.84375,0.111328
56000,k_layernorm,46,1.27385,1.39046,1.96875,0.0571289
56000,k_layernorm,47,1.1884,1.28696,1.85938,0.136719
56000,k_layernorm,48,1.3889,1.47832,1.82031,0.0488281
56000,k_layernorm,49,1.23985,1.34002,1.77344,0.000679016
56000,k_layernorm,50,1.40514,1.44008,1.78906,0.157227
56000,k_layernorm,51,1.35556,1.43931,1.82031,0.029541
56000,k_layernorm,52,1.45451,1.49652,1.9375,0.0615234
56000,k_layernorm,53,1.35132,1.43943,1.78125,0.0480957
56000,k_layernorm,54,1.25953,1.37068,1.82812,0.0698242
56000,k_layernorm,55,1.4795,1.50604,1.96875,0.209961
56000,k_layernorm,56,1.50018,1.52609,1.86719,0.0349121
56000,k_layernorm,57,1.46086,1.49687,1.85156,0.0693359
56000,k_layernorm,58,1.56213,1.56885,1.89062,1.16406
56000,k_layernorm,59,1.50043,1.5082,1.77344,1.07031
56000,k_layernorm,60,1.4086,1.42965,1.78906,0.625
56000,k_layernorm,61,1.42532,1.43563,1.92969,0.816406
56000,k_layernorm,62,1.34369,1.34928,1.66406,1.0625
56000,k_layernorm,63,1.18137,1.18494,1.39062,0.875
56000,final_layernorm,-1,1.67367,1.6891,6.03125,0.71875
57940,linear_qkv,0,0.0636166,0.0695194,0.671875,0.00473022
57940,linear_qkv,1,0.369639,0.370596,0.789062,0.0620117
57940,linear_qkv,2,0.592316,0.593422,0.722656,0.0380859
57940,linear_qkv,3,0.723275,0.724316,1.02344,0.0517578
57940,linear_qkv,4,0.747121,0.748201,0.953125,0.0546875
57940,linear_qkv,5,0.852542,0.853721,1.08594,0.0844727
57940,linear_qkv,6,0.923916,0.925264,1.14844,0.167969
57940,linear_qkv,7,1.09371,1.09497,1.25,0.292969
57940,linear_qkv,8,1.03237,1.03396,1.32812,0.198242
57940,linear_qkv,9,0.965644,0.967031,1.30469,0.197266
57940,linear_qkv,10,0.982555,0.983813,1.40625,0.237305
57940,linear_qkv,11,1.04419,1.04572,1.38281,0.287109
57940,linear_qkv,12,0.988285,0.989278,1.40625,0.28125
57940,linear_qkv,13,1.03161,1.03281,1.3125,0.279297
57940,linear_qkv,14,0.999015,1.00011,1.1875,0.371094
57940,linear_qkv,15,1.11763,1.11881,1.32812,0.476562
57940,linear_qkv,16,1.12739,1.12828,1.28906,0.59375
57940,linear_qkv,17,1.25808,1.25895,1.5,0.710938
57940,linear_qkv,18,1.21829,1.21948,1.4375,0.578125
57940,linear_qkv,19,1.33032,1.33128,1.54688,0.679688
57940,linear_qkv,20,1.20279,1.20364,1.42969,0.640625
57940,linear_qkv,21,1.19813,1.19885,1.53906,0.699219
57940,linear_qkv,22,1.4475,1.44836,1.60938,0.667969
57940,linear_qkv,23,1.44398,1.44475,1.71094,0.722656
57940,linear_qkv,24,1.40891,1.40968,1.70312,0.695312
57940,linear_qkv,25,1.32589,1.32687,1.48438,0.511719
57940,linear_qkv,26,1.268,1.26908,1.57031,0.451172
57940,linear_qkv,27,1.52028,1.52162,1.92188,0.507812
57940,linear_qkv,28,1.38823,1.39,1.70312,0.380859
57940,linear_qkv,29,1.4205,1.422,1.73438,0.449219
57940,linear_qkv,30,1.58842,1.59014,1.8125,0.416016
57940,linear_qkv,31,1.23984,1.24121,1.44531,0.267578
57940,linear_qkv,32,1.37129,1.37274,1.5625,0.335938
57940,linear_qkv,33,1.36886,1.37106,1.60938,0.273438
57940,linear_qkv,34,1.56724,1.56967,1.82812,0.339844
57940,linear_qkv,35,1.45021,1.45202,1.71875,0.291016
57940,linear_qkv,36,1.24768,1.24952,1.4375,0.259766
57940,linear_qkv,37,0.894278,0.895496,1.04688,0.166016
57940,linear_qkv,38,1.1705,1.17156,1.33594,0.294922
57940,linear_qkv,39,0.960672,0.961919,1.10938,0.267578
57940,linear_qkv,40,1.07086,1.0724,1.27344,0.245117
57940,linear_qkv,41,1.01262,1.01415,1.20312,0.237305
57940,linear_qkv,42,0.922115,0.923728,1.125,0.263672
57940,linear_qkv,43,0.966325,0.96791,1.14062,0.308594
57940,linear_qkv,44,1.03722,1.03901,1.24219,0.267578
57940,linear_qkv,45,1.14522,1.14694,1.33594,0.314453
57940,linear_qkv,46,1.21349,1.21514,1.375,0.363281
57940,linear_qkv,47,1.05605,1.05757,1.22656,0.451172
57940,linear_qkv,48,1.34363,1.34554,1.53906,0.445312
57940,linear_qkv,49,1.2815,1.28341,1.48438,0.427734
57940,linear_qkv,50,1.20998,1.21166,1.40625,0.443359
57940,linear_qkv,51,1.35102,1.35377,1.55469,0.441406
57940,linear_qkv,52,1.3028,1.30474,1.46875,0.503906
57940,linear_qkv,53,1.47265,1.476,1.66406,0.359375
57940,linear_qkv,54,1.34968,1.35283,1.57031,0.316406
57940,linear_qkv,55,1.42583,1.42842,1.65625,0.492188
57940,linear_qkv,56,1.46796,1.47113,1.67969,0.414062
57940,linear_qkv,57,1.37525,1.37892,1.61719,0.28125
57940,linear_qkv,58,1.42712,1.43021,1.67188,0.394531
57940,linear_qkv,59,1.28558,1.28882,1.50781,0.28125
57940,linear_qkv,60,1.15369,1.15605,1.35938,0.416016
57940,linear_qkv,61,1.12182,1.12395,1.35156,0.464844
57940,linear_qkv,62,1.02965,1.03043,1.17969,0.679688
57940,linear_qkv,63,0.977158,0.977693,1.13281,0.753906
57940,linear_fc1,0,0.5101,0.513471,0.695312,0.0263672
57940,linear_fc1,1,0.868817,0.871667,0.988281,0.0163574
57940,linear_fc1,2,0.892447,0.894082,1.10156,0.0145264
57940,linear_fc1,3,0.86828,0.869536,0.960938,0.0223389
57940,linear_fc1,4,0.840636,0.84172,1.03125,0.0103149
57940,linear_fc1,5,0.755864,0.756745,1.61719,0.00982666
57940,linear_fc1,6,0.696104,0.69693,1.00781,0.0144653
57940,linear_fc1,7,0.663777,0.66465,0.953125,0.026123
57940,linear_fc1,8,0.665564,0.666425,0.890625,0.0162354
57940,linear_fc1,9,0.668296,0.669132,0.863281,0.0117798
57940,linear_fc1,10,0.651822,0.65263,0.753906,0.0202637
57940,linear_fc1,11,0.64491,0.645657,0.722656,0.0134888
57940,linear_fc1,12,0.644814,0.645526,0.726562,0.0169678
57940,linear_fc1,13,0.640301,0.640972,0.714844,0.0178223
57940,linear_fc1,14,0.623348,0.623964,0.703125,0.0198975
57940,linear_fc1,15,0.6134,0.613946,0.679688,0.0285645
57940,linear_fc1,16,0.589716,0.590186,0.660156,0.0280762
57940,linear_fc1,17,0.566837,0.567262,0.625,0.0566406
57940,linear_fc1,18,0.5579,0.558301,0.640625,0.041748
57940,linear_fc1,19,0.557337,0.557719,0.644531,0.0427246
57940,linear_fc1,20,0.56587,0.566232,0.707031,0.0529785
57940,linear_fc1,21,0.564871,0.565242,0.6875,0.048584
57940,linear_fc1,22,0.56313,0.563546,0.625,0.0247803
57940,linear_fc1,23,0.56955,0.569952,0.625,0.0400391
57940,linear_fc1,24,0.582456,0.582884,0.648438,0.0268555
57940,linear_fc1,25,0.607683,0.608139,0.664062,0.0258789
57940,linear_fc1,26,0.626493,0.626962,0.683594,0.0170898
57940,linear_fc1,27,0.648435,0.648935,0.699219,0.0245361
57940,linear_fc1,28,0.668726,0.669241,0.730469,0.0128174
57940,linear_fc1,29,0.686415,0.686941,0.746094,0.00878906
57940,linear_fc1,30,0.709284,0.709788,0.769531,0.0262451
57940,linear_fc1,31,0.731261,0.731794,0.789062,0.0195312
57940,linear_fc1,32,0.744356,0.744899,0.808594,0.0106201
57940,linear_fc1,33,0.76124,0.761817,0.820312,0.0107422
57940,linear_fc1,34,0.781319,0.781915,0.839844,0.00640869
57940,linear_fc1,35,0.80756,0.808186,0.863281,0.0062561
57940,linear_fc1,36,0.833551,0.834208,0.921875,0.00805664
57940,linear_fc1,37,0.853168,0.853885,0.902344,0.00305176
57940,linear_fc1,38,0.869963,0.870731,0.921875,0.00759888
57940,linear_fc1,39,0.883377,0.884217,0.933594,0.00248718
57940,linear_fc1,40,0.89567,0.89657,0.949219,0.00439453
57940,linear_fc1,41,0.907935,0.908885,0.984375,0.00616455
57940,linear_fc1,42,0.918833,0.919842,0.984375,0.00610352
57940,linear_fc1,43,0.928723,0.929773,1,0.00799561
57940,linear_fc1,44,0.935658,0.936792,1.02344,0.00640869
57940,linear_fc1,45,0.943113,0.944289,1.03906,0.0065918
57940,linear_fc1,46,0.950139,0.95138,1.04688,0.00952148
57940,linear_fc1,47,0.957012,0.95829,1.07031,0.0116577
57940,linear_fc1,48,0.962057,0.963426,1.07031,0.0078125
57940,linear_fc1,49,0.973226,0.974626,1.10156,0.026123
57940,linear_fc1,50,0.978497,0.97995,1.11719,0.0187988
57940,linear_fc1,51,0.984883,0.986392,1.15625,0.0407715
57940,linear_fc1,52,0.987994,0.989499,1.17188,0.0471191
57940,linear_fc1,53,0.994557,0.995975,1.21094,0.090332
57940,linear_fc1,54,1.00258,1.00401,1.25781,0.128906
57940,linear_fc1,55,1.00102,1.00244,1.28125,0.102539
57940,linear_fc1,56,1.00341,1.00479,1.41406,0.121094
57940,linear_fc1,57,1.01335,1.01479,1.4375,0.180664
57940,linear_fc1,58,1.0167,1.01814,1.49219,0.223633
57940,linear_fc1,59,1.0127,1.01424,1.55469,0.283203
57940,linear_fc1,60,1.02703,1.02871,1.67969,0.283203
57940,linear_fc1,61,1.05654,1.05811,1.69531,0.341797
57940,linear_fc1,62,1.09479,1.09585,1.59375,0.511719
57940,linear_fc1,63,1.18376,1.18519,1.67969,0.742188
57940,q_layernorm,0,1.17969,1.22392,1.85938,0.261719
57940,q_layernorm,1,1.55487,1.56258,1.98438,1.07812
57940,q_layernorm,2,1.50287,1.51492,1.86719,0.945312
57940,q_layernorm,3,1.60809,1.6226,1.95312,1.09375
57940,q_layernorm,4,1.52966,1.53995,1.89844,1.03906
57940,q_layernorm,5,1.48846,1.4993,1.80469,0.835938
57940,q_layernorm,6,1.76608,1.78485,2.1875,0.933594
57940,q_layernorm,7,1.63611,1.67858,2.09375,0.0522461
57940,q_layernorm,8,1.61055,1.63514,1.89062,0.275391
57940,q_layernorm,9,1.59193,1.61967,2.03125,0.0712891
57940,q_layernorm,10,1.64087,1.65481,2.03125,0.757812
57940,q_layernorm,11,1.66103,1.68505,1.97656,0.470703
57940,q_layernorm,12,1.60971,1.62466,2.42188,0.667969
57940,q_layernorm,13,1.55258,1.57848,1.98438,0.0303955
57940,q_layernorm,14,1.5135,1.537,2.0625,0.376953
57940,q_layernorm,15,1.64784,1.66685,2.0625,0.255859
57940,q_layernorm,16,1.49005,1.50748,2.04688,0.574219
57940,q_layernorm,17,1.67792,1.69668,2.10938,0.921875
57940,q_layernorm,18,1.63202,1.67297,2.0625,0.195312
57940,q_layernorm,19,1.7132,1.74875,2.07812,0.147461
57940,q_layernorm,20,1.58331,1.6213,2.07812,0.0393066
57940,q_layernorm,21,1.57072,1.62222,2.04688,0.0400391
57940,q_layernorm,22,1.65468,1.72638,2.15625,0.000747681
57940,q_layernorm,23,1.62678,1.6525,2.07812,0.0791016
57940,q_layernorm,24,1.62042,1.64218,1.89062,0.402344
57940,q_layernorm,25,1.5461,1.61959,2.07812,0.0253906
57940,q_layernorm,26,1.35796,1.47406,1.9375,0.024292
57940,q_layernorm,27,1.55939,1.62308,2.125,0.0174561
57940,q_layernorm,28,1.33068,1.44562,1.80469,-0.0105591
57940,q_layernorm,29,1.40915,1.50715,1.83594,0.0130005
57940,q_layernorm,30,1.4741,1.52217,1.96875,0.00592041
57940,q_layernorm,31,1.37046,1.44777,1.78906,0.0766602
57940,q_layernorm,32,1.55217,1.59325,1.92969,0.0717773
57940,q_layernorm,33,1.25919,1.3967,1.76562,0.0169678
57940,q_layernorm,34,1.37587,1.48595,1.88281,0.0283203
57940,q_layernorm,35,1.5524,1.60005,1.9375,0.0358887
57940,q_layernorm,36,1.40999,1.48686,1.92969,0.0480957
57940,q_layernorm,37,1.28848,1.3304,1.75781,0.355469
57940,q_layernorm,38,1.64062,1.64624,1.99219,1.14844
57940,q_layernorm,39,1.44009,1.46532,1.85938,0.589844
57940,q_layernorm,40,1.31044,1.3853,1.76562,0.177734
57940,q_layernorm,41,1.31812,1.38479,1.74219,0.269531
57940,q_layernorm,42,1.19966,1.2613,1.67969,0.431641
57940,q_layernorm,43,1.28342,1.32924,1.82031,0.496094
57940,q_layernorm,44,1.20706,1.29736,1.75781,0.332031
57940,q_layernorm,45,1.23257,1.34726,1.8125,0.105469
57940,q_layernorm,46,1.31939,1.41348,1.8125,0.0791016
57940,q_layernorm,47,1.21562,1.3123,1.71875,0.143555
57940,q_layernorm,48,1.44515,1.51487,1.8125,0.0766602
57940,q_layernorm,49,1.27867,1.36988,1.77344,0.03125
57940,q_layernorm,50,1.42683,1.45329,1.75,0.204102
57940,q_layernorm,51,1.4324,1.48622,1.82031,-0.0184326
57940,q_layernorm,52,1.50839,1.52707,1.82031,0.118652
57940,q_layernorm,53,1.38657,1.46233,1.79688,0.081543
57940,q_layernorm,54,1.29173,1.38965,1.69531,0.0805664
57940,q_layernorm,55,1.51749,1.53199,1.96094,0.660156
57940,q_layernorm,56,1.54054,1.55534,1.84375,0.322266
57940,q_layernorm,57,1.48275,1.51475,1.95312,0.0419922
57940,q_layernorm,58,1.59442,1.59963,1.8125,1.14062
57940,q_layernorm,59,1.52069,1.52791,1.88281,1.02344
57940,q_layernorm,60,1.45511,1.46373,1.75781,0.949219
57940,q_layernorm,61,1.45157,1.46133,1.92969,0.925781
57940,q_layernorm,62,1.36188,1.36764,1.74219,1.07812
57940,q_layernorm,63,1.18481,1.18886,1.4375,0.84375
57940,k_layernorm,0,1.1776,1.22938,2.39062,0.214844
57940,k_layernorm,1,1.54327,1.55004,1.88281,1.00781
57940,k_layernorm,2,1.49115,1.50599,2.07812,0.910156
57940,k_layernorm,3,1.58896,1.60845,2.0625,0.800781
57940,k_layernorm,4,1.51227,1.52721,1.875,0.871094
57940,k_layernorm,5,1.48218,1.49439,1.84375,1.04688
57940,k_layernorm,6,1.73856,1.75921,2.125,0.722656
57940,k_layernorm,7,1.60288,1.65103,2.09375,0.0103149
57940,k_layernorm,8,1.59266,1.62088,2,0.123535
57940,k_layernorm,9,1.54305,1.58044,1.9375,0.081543
57940,k_layernorm,10,1.60809,1.63026,2.21875,0.667969
57940,k_layernorm,11,1.6259,1.66061,2.07812,0.240234
57940,k_layernorm,12,1.58182,1.5952,1.99219,0.917969
57940,k_layernorm,13,1.52521,1.55702,2.21875,0.0625
57940,k_layernorm,14,1.48272,1.51221,1.89062,0.115234
57940,k_layernorm,15,1.62062,1.64177,2.125,0.271484
57940,k_layernorm,16,1.46751,1.49548,2.34375,0.398438
57940,k_layernorm,17,1.65662,1.67566,2,0.660156
57940,k_layernorm,18,1.59044,1.64575,2.10938,0.0368652
57940,k_layernorm,19,1.67674,1.72388,2.125,0.0332031
57940,k_layernorm,20,1.54388,1.59019,2.0625,0.0307617
57940,k_layernorm,21,1.53286,1.59447,2,0.00135803
57940,k_layernorm,22,1.62807,1.70003,2.07812,0.0126953
57940,k_layernorm,23,1.59739,1.63418,1.92969,0.0834961
57940,k_layernorm,24,1.58942,1.62124,2.09375,0.0108032
57940,k_layernorm,25,1.49636,1.58648,2.0625,-0.0349121
57940,k_layernorm,26,1.3251,1.44887,1.875,0.0296631
57940,k_layernorm,27,1.50298,1.58876,2.09375,-0.00506592
57940,k_layernorm,28,1.29092,1.42011,1.85938,0.0471191
57940,k_layernorm,29,1.35278,1.47059,1.82031,0.0437012
57940,k_layernorm,30,1.42625,1.49582,1.89062,0.00567627
57940,k_layernorm,31,1.32649,1.41904,1.83594,0.0864258
57940,k_layernorm,32,1.48857,1.55304,1.875,0.0454102
57940,k_layernorm,33,1.22187,1.36975,1.78125,0.0703125
57940,k_layernorm,34,1.32632,1.46251,1.94531,0.03125
57940,k_layernorm,35,1.46737,1.55107,1.97656,0.032959
57940,k_layernorm,36,1.34874,1.45283,1.97656,0.0913086
57940,k_layernorm,37,1.27022,1.3206,1.85938,0.457031
57940,k_layernorm,38,1.60501,1.618,2.07812,0.675781
57940,k_layernorm,39,1.40262,1.44451,1.99219,0.300781
57940,k_layernorm,40,1.27398,1.36174,1.84375,0.200195
57940,k_layernorm,41,1.29054,1.36711,1.84375,0.289062
57940,k_layernorm,42,1.19078,1.25769,1.83594,0.408203
57940,k_layernorm,43,1.2375,1.31259,1.89062,0.337891
57940,k_layernorm,44,1.19254,1.28729,1.875,0.300781
57940,k_layernorm,45,1.1992,1.32465,1.85156,0.100098
57940,k_layernorm,46,1.27755,1.39523,1.97656,0.0617676
57940,k_layernorm,47,1.19182,1.29172,1.86719,0.129883
57940,k_layernorm,48,1.3929,1.48333,1.83594,0.0400391
57940,k_layernorm,49,1.24309,1.34467,1.77344,-0.0112915
57940,k_layernorm,50,1.40949,1.44506,1.80469,0.149414
57940,k_layernorm,51,1.35894,1.44362,1.82031,0.020874
57940,k_layernorm,52,1.45968,1.50232,1.94531,0.0639648
57940,k_layernorm,53,1.35501,1.44419,1.78125,0.0466309
57940,k_layernorm,54,1.26301,1.37543,1.84375,0.0732422
57940,k_layernorm,55,1.48418,1.51118,1.96875,0.200195
57940,k_layernorm,56,1.50578,1.53204,1.88281,0.034668
57940,k_layernorm,57,1.46538,1.50174,1.85938,0.0732422
57940,k_layernorm,58,1.56781,1.5747,1.89844,1.15625
57940,k_layernorm,59,1.5036,1.51155,1.78906,1.0625
57940,k_layernorm,60,1.4119,1.43358,1.79688,0.617188
57940,k_layernorm,61,1.42825,1.43866,1.9375,0.804688
57940,k_layernorm,62,1.34674,1.35241,1.67188,1.0625
57940,k_layernorm,63,1.18265,1.18638,1.39844,0.867188
57940,final_layernorm,-1,1.67068,1.68642,6.03125,0.628906
60000,linear_qkv,0,0.0583967,0.0640123,0.660156,0.00549316
60000,linear_qkv,1,0.359417,0.360363,0.777344,0.0578613
60000,linear_qkv,2,0.582953,0.584058,0.710938,0.0373535
60000,linear_qkv,3,0.713251,0.71429,1.03125,0.0488281
60000,linear_qkv,4,0.738593,0.739683,0.960938,0.0529785
60000,linear_qkv,5,0.844799,0.845998,1.08594,0.0795898
60000,linear_qkv,6,0.916158,0.917522,1.15625,0.160156
60000,linear_qkv,7,1.09056,1.09184,1.25,0.277344
60000,linear_qkv,8,1.02881,1.03042,1.33594,0.19043
60000,linear_qkv,9,0.963354,0.964756,1.3125,0.19043
60000,linear_qkv,10,0.978984,0.980261,1.41406,0.227539
60000,linear_qkv,11,1.04235,1.04392,1.39844,0.287109
60000,linear_qkv,12,0.986686,0.987701,1.41406,0.275391
60000,linear_qkv,13,1.03226,1.03348,1.32812,0.277344
60000,linear_qkv,14,1.00011,1.00121,1.19531,0.365234
60000,linear_qkv,15,1.11838,1.11958,1.34375,0.472656
60000,linear_qkv,16,1.13158,1.13249,1.30469,0.589844
60000,linear_qkv,17,1.25931,1.26021,1.50781,0.707031
60000,linear_qkv,18,1.22144,1.22264,1.4375,0.585938
60000,linear_qkv,19,1.33434,1.33532,1.54688,0.679688
60000,linear_qkv,20,1.2078,1.20866,1.44531,0.640625
60000,linear_qkv,21,1.20518,1.20592,1.5625,0.703125
60000,linear_qkv,22,1.4542,1.45508,1.63281,0.664062
60000,linear_qkv,23,1.45246,1.45323,1.73438,0.722656
60000,linear_qkv,24,1.41838,1.41915,1.72656,0.695312
60000,linear_qkv,25,1.33687,1.33786,1.50781,0.511719
60000,linear_qkv,26,1.27901,1.2801,1.59375,0.449219
60000,linear_qkv,27,1.53382,1.53519,1.94531,0.503906
60000,linear_qkv,28,1.40054,1.40234,1.73438,0.373047
60000,linear_qkv,29,1.43251,1.43404,1.76562,0.441406
60000,linear_qkv,30,1.60535,1.60711,1.84375,0.404297
60000,linear_qkv,31,1.25311,1.25451,1.47656,0.257812
60000,linear_qkv,32,1.38788,1.38936,1.60156,0.330078
60000,linear_qkv,33,1.38537,1.38762,1.64062,0.263672
60000,linear_qkv,34,1.59038,1.59287,1.85938,0.328125
60000,linear_qkv,35,1.46938,1.47124,1.75,0.28125
60000,linear_qkv,36,1.26353,1.26543,1.45312,0.248047
60000,linear_qkv,37,0.900447,0.901694,1.07812,0.157227
60000,linear_qkv,38,1.18172,1.1828,1.34375,0.28125
60000,linear_qkv,39,0.969188,0.970455,1.125,0.259766
60000,linear_qkv,40,1.08246,1.08404,1.29688,0.232422
60000,linear_qkv,41,1.02273,1.0243,1.21094,0.227539
60000,linear_qkv,42,0.928851,0.930498,1.14062,0.269531
60000,linear_qkv,43,0.974255,0.975885,1.16406,0.306641
60000,linear_qkv,44,1.04772,1.04956,1.25,0.259766
60000,linear_qkv,45,1.15721,1.15897,1.35938,0.304688
60000,linear_qkv,46,1.22806,1.22975,1.39062,0.357422
60000,linear_qkv,47,1.06426,1.06582,1.23438,0.443359
60000,linear_qkv,48,1.36034,1.36229,1.5625,0.439453
60000,linear_qkv,49,1.29585,1.2978,1.5,0.416016
60000,linear_qkv,50,1.22542,1.22715,1.42188,0.439453
60000,linear_qkv,51,1.37151,1.37435,1.57812,0.445312
60000,linear_qkv,52,1.32169,1.32369,1.48438,0.503906
60000,linear_qkv,53,1.49609,1.49954,1.70312,0.357422
60000,linear_qkv,54,1.36913,1.37236,1.59375,0.308594
60000,linear_qkv,55,1.44456,1.44721,1.67969,0.488281
60000,linear_qkv,56,1.48956,1.49282,1.69531,0.404297
60000,linear_qkv,57,1.39119,1.39492,1.625,0.287109
60000,linear_qkv,58,1.44507,1.44824,1.6875,0.396484
60000,linear_qkv,59,1.29769,1.30101,1.52344,0.261719
60000,linear_qkv,60,1.16099,1.16341,1.375,0.400391
60000,linear_qkv,61,1.12565,1.12782,1.35938,0.451172
60000,linear_qkv,62,1.03086,1.03165,1.17969,0.671875
60000,linear_qkv,63,0.977463,0.978017,1.14062,0.746094
60000,linear_fc1,0,0.503777,0.507178,0.699219,0.0234375
60000,linear_fc1,1,0.861457,0.864301,0.992188,0.0150146
60000,linear_fc1,2,0.888556,0.89018,1.10156,0.0135498
60000,linear_fc1,3,0.866341,0.867602,0.960938,0.0202637
60000,linear_fc1,4,0.839955,0.841049,1.03906,0.0088501
60000,linear_fc1,5,0.757614,0.758508,1.64062,0.00842285
60000,linear_fc1,6,0.69587,0.696699,1.01562,0.0148315
60000,linear_fc1,7,0.664472,0.665349,0.964844,0.0257568
60000,linear_fc1,8,0.665872,0.666737,0.898438,0.0162354
60000,linear_fc1,9,0.66796,0.668807,0.871094,0.0115356
60000,linear_fc1,10,0.650835,0.651655,0.761719,0.0195312
60000,linear_fc1,11,0.643166,0.643921,0.71875,0.0130005
60000,linear_fc1,12,0.642457,0.643178,0.726562,0.0163574
60000,linear_fc1,13,0.637741,0.638419,0.714844,0.0169678
60000,linear_fc1,14,0.62064,0.62126,0.6875,0.0189209
60000,linear_fc1,15,0.610233,0.610786,0.679688,0.0270996
60000,linear_fc1,16,0.586143,0.586612,0.652344,0.0262451
60000,linear_fc1,17,0.563887,0.564316,0.625,0.0539551
60000,linear_fc1,18,0.554495,0.554895,0.636719,0.0395508
60000,linear_fc1,19,0.553147,0.553525,0.648438,0.0422363
60000,linear_fc1,20,0.562037,0.562399,0.710938,0.0505371
60000,linear_fc1,21,0.560907,0.561279,0.691406,0.045166
60000,linear_fc1,22,0.558945,0.559363,0.617188,0.0228271
60000,linear_fc1,23,0.565863,0.566269,0.621094,0.0385742
60000,linear_fc1,24,0.579201,0.579633,0.648438,0.0253906
60000,linear_fc1,25,0.605033,0.60549,0.65625,0.0244141
60000,linear_fc1,26,0.624089,0.624559,0.683594,0.0157471
60000,linear_fc1,27,0.646357,0.64686,0.703125,0.0236816
60000,linear_fc1,28,0.667048,0.667566,0.722656,0.0125732
60000,linear_fc1,29,0.684931,0.68546,0.746094,0.00836182
60000,linear_fc1,30,0.708636,0.709144,0.765625,0.026123
60000,linear_fc1,31,0.729614,0.730147,0.785156,0.0195312
60000,linear_fc1,32,0.743338,0.743883,0.808594,0.0108643
60000,linear_fc1,33,0.75977,0.76035,0.824219,0.0106201
60000,linear_fc1,34,0.779776,0.780374,0.839844,0.00686646
60000,linear_fc1,35,0.80661,0.807235,0.863281,0.00668335
60000,linear_fc1,36,0.831934,0.832593,0.925781,0.00823975
60000,linear_fc1,37,0.851213,0.851934,0.902344,0.00389099
60000,linear_fc1,38,0.867978,0.868748,0.917969,0.0062561
60000,linear_fc1,39,0.881525,0.882367,0.933594,0.00280762
60000,linear_fc1,40,0.894014,0.894912,0.941406,0.00448608
60000,linear_fc1,41,0.906128,0.90707,0.976562,0.00692749
60000,linear_fc1,42,0.917667,0.918678,0.980469,0.00695801
60000,linear_fc1,43,0.927735,0.928783,0.996094,0.00836182
60000,linear_fc1,44,0.933868,0.935004,1.02344,0.00558472
60000,linear_fc1,45,0.941875,0.943046,1.03906,0.00750732
60000,linear_fc1,46,0.949363,0.950602,1.04688,0.0106201
60000,linear_fc1,47,0.95579,0.957066,1.07031,0.0123291
60000,linear_fc1,48,0.961555,0.962921,1.07812,0.00921631
60000,linear_fc1,49,0.97334,0.974741,1.10156,0.0253906
60000,linear_fc1,50,0.977959,0.979409,1.10938,0.0183105
60000,linear_fc1,51,0.985132,0.98664,1.15625,0.0422363
60000,linear_fc1,52,0.987704,0.989202,1.17188,0.0473633
60000,linear_fc1,53,0.994952,0.996367,1.22656,0.0913086
60000,linear_fc1,54,1.00287,1.0043,1.25781,0.129883
60000,linear_fc1,55,1.00152,1.00294,1.29688,0.101562
60000,linear_fc1,56,1.00434,1.00571,1.40625,0.121582
60000,linear_fc1,57,1.0148,1.01625,1.44531,0.177734
60000,linear_fc1,58,1.01715,1.01861,1.5,0.219727
60000,linear_fc1,59,1.0134,1.01495,1.57031,0.271484
60000,linear_fc1,60,1.02813,1.02983,1.67969,0.275391
60000,linear_fc1,61,1.05678,1.05837,1.70312,0.326172
60000,linear_fc1,62,1.09574,1.09681,1.60156,0.515625
60000,linear_fc1,63,1.18659,1.18802,1.70312,0.738281
60000,q_layernorm,0,1.18481,1.22986,1.875,0.248047
60000,q_layernorm,1,1.56104,1.56897,2,1.07031
60000,q_layernorm,2,1.5061,1.51842,1.86719,0.9375
60000,q_layernorm,3,1.60956,1.62437,1.96094,1.08594
60000,q_layernorm,4,1.53314,1.5437,1.92188,1.03125
60000,q_layernorm,5,1.49118,1.5023,1.8125,0.824219
60000,q_layernorm,6,1.76932,1.78818,2.1875,0.925781
60000,q_layernorm,7,1.6387,1.68135,2.10938,0.0644531
60000,q_layernorm,8,1.61363,1.63832,1.89844,0.279297
60000,q_layernorm,9,1.59617,1.62439,2.04688,0.0698242
60000,q_layernorm,10,1.64432,1.65858,2.04688,0.738281
60000,q_layernorm,11,1.66507,1.68948,1.98438,0.457031
60000,q_layernorm,12,1.61487,1.63028,2.45312,0.640625
60000,q_layernorm,13,1.55768,1.58403,2.01562,0.0324707
60000,q_layernorm,14,1.51842,1.54236,2.07812,0.359375
60000,q_layernorm,15,1.65256,1.67201,2.07812,0.230469
60000,q_layernorm,16,1.49585,1.5139,2.07812,0.542969
60000,q_layernorm,17,1.68292,1.70197,2.10938,0.90625
60000,q_layernorm,18,1.63551,1.67658,2.07812,0.194336
60000,q_layernorm,19,1.71747,1.75329,2.07812,0.142578
60000,q_layernorm,20,1.58742,1.6256,2.07812,0.0366211
60000,q_layernorm,21,1.57527,1.627,2.0625,0.036377
60000,q_layernorm,22,1.65885,1.73078,2.17188,0.00463867
60000,q_layernorm,23,1.63075,1.65666,2.09375,0.0717773
60000,q_layernorm,24,1.6245,1.64651,1.91406,0.392578
60000,q_layernorm,25,1.55006,1.62394,2.07812,0.0303955
60000,q_layernorm,26,1.36195,1.47854,1.95312,0.0249023
60000,q_layernorm,27,1.56412,1.62813,2.125,0.029541
60000,q_layernorm,28,1.33333,1.44896,1.80469,-0.00915527
60000,q_layernorm,29,1.41116,1.50938,1.83594,0.0222168
60000,q_layernorm,30,1.47763,1.52577,1.98438,0.000659943
60000,q_layernorm,31,1.37529,1.45294,1.80469,0.0708008
60000,q_layernorm,32,1.55761,1.59871,1.94531,0.0737305
60000,q_layernorm,33,1.26311,1.40126,1.76562,0.0201416
60000,q_layernorm,34,1.3807,1.49152,1.89062,0.0339355
60000,q_layernorm,35,1.55729,1.6049,1.9375,0.0432129
60000,q_layernorm,36,1.41622,1.49338,1.9375,0.0444336
60000,q_layernorm,37,1.29604,1.3383,1.76562,0.335938
60000,q_layernorm,38,1.64551,1.65117,1.99219,1.14062
60000,q_layernorm,39,1.44818,1.47332,1.85938,0.578125
60000,q_layernorm,40,1.31655,1.39236,1.78125,0.163086
60000,q_layernorm,41,1.32447,1.3919,1.74219,0.241211
60000,q_layernorm,42,1.20494,1.2674,1.6875,0.425781
60000,q_layernorm,43,1.29034,1.33684,1.82812,0.480469
60000,q_layernorm,44,1.21173,1.30347,1.76562,0.310547
60000,q_layernorm,45,1.23693,1.35286,1.8125,0.111328
60000,q_layernorm,46,1.32479,1.41958,1.82031,0.0766602
60000,q_layernorm,47,1.21994,1.31754,1.72656,0.136719
60000,q_layernorm,48,1.44988,1.51981,1.82031,0.0751953
60000,q_layernorm,49,1.28407,1.37523,1.77344,0.0368652
60000,q_layernorm,50,1.43245,1.45913,1.75,0.193359
60000,q_layernorm,51,1.43704,1.49103,1.82812,-0.0106812
60000,q_layernorm,52,1.51508,1.53365,1.82031,0.114258
60000,q_layernorm,53,1.39256,1.46849,1.79688,0.0791016
60000,q_layernorm,54,1.29576,1.39396,1.69531,0.0727539
60000,q_layernorm,55,1.52301,1.53788,1.96875,0.640625
60000,q_layernorm,56,1.54633,1.56143,1.85156,0.304688
60000,q_layernorm,57,1.4879,1.51997,1.96875,0.0419922
60000,q_layernorm,58,1.60046,1.60574,1.82031,1.14844
60000,q_layernorm,59,1.52313,1.53055,1.88281,1.02344
60000,q_layernorm,60,1.45917,1.46787,1.75781,0.945312
60000,q_layernorm,61,1.45645,1.46637,1.94531,0.925781
60000,q_layernorm,62,1.36633,1.3721,1.74219,1.07812
60000,q_layernorm,63,1.18576,1.18999,1.44531,0.835938
60000,k_layernorm,0,1.18279,1.23568,2.4375,0.207031
60000,k_layernorm,1,1.5498,1.55687,1.91406,1
60000,k_layernorm,2,1.49454,1.50978,2.10938,0.898438
60000,k_layernorm,3,1.59058,1.61053,2.0625,0.796875
60000,k_layernorm,4,1.51526,1.53067,1.88281,0.863281
60000,k_layernorm,5,1.48462,1.49707,1.85156,1.04688
60000,k_layernorm,6,1.74249,1.76337,2.125,0.71875
60000,k_layernorm,7,1.60481,1.65332,2.09375,0.013916
60000,k_layernorm,8,1.59528,1.62379,2.01562,0.111816
60000,k_layernorm,9,1.54726,1.58508,1.96875,0.0771484
60000,k_layernorm,10,1.61163,1.63441,2.21875,0.648438
60000,k_layernorm,11,1.6297,1.66506,2.09375,0.226562
60000,k_layernorm,12,1.58649,1.60018,2,0.910156
60000,k_layernorm,13,1.52966,1.56235,2.26562,0.0473633
60000,k_layernorm,14,1.48728,1.51732,1.89844,0.104004
60000,k_layernorm,15,1.62576,1.64735,2.14062,0.253906
60000,k_layernorm,16,1.47185,1.50072,2.375,0.390625
60000,k_layernorm,17,1.66104,1.68041,2,0.652344
60000,k_layernorm,18,1.59349,1.64914,2.10938,0.0311279
60000,k_layernorm,19,1.68036,1.7279,2.125,0.0262451
60000,k_layernorm,20,1.54828,1.59501,2.07812,0.0258789
60000,k_layernorm,21,1.53736,1.59936,2.01562,0.00805664
60000,k_layernorm,22,1.63212,1.70443,2.07812,0.0050354
60000,k_layernorm,23,1.60098,1.63812,1.9375,0.0791016
60000,k_layernorm,24,1.59411,1.62636,2.10938,0.00891113
60000,k_layernorm,25,1.49978,1.59069,2.07812,-0.043457
60000,k_layernorm,26,1.32868,1.45279,1.88281,0.02771
60000,k_layernorm,27,1.50684,1.59349,2.10938,-0.00364685
60000,k_layernorm,28,1.29232,1.42289,1.85938,0.0444336
60000,k_layernorm,29,1.35425,1.47292,1.82812,0.0375977
60000,k_layernorm,30,1.42959,1.49952,1.89844,0.00288391
60000,k_layernorm,31,1.33034,1.42378,1.85156,0.0717773
60000,k_layernorm,32,1.49304,1.55781,1.88281,0.0334473
60000,k_layernorm,33,1.22484,1.37381,1.78906,0.0722656
60000,k_layernorm,34,1.3302,1.46731,1.95312,0.0203857
60000,k_layernorm,35,1.47132,1.55551,1.97656,0.0444336
60000,k_layernorm,36,1.3534,1.45854,1.98438,0.0908203
60000,k_layernorm,37,1.27661,1.32793,1.875,0.4375
60000,k_layernorm,38,1.61035,1.62345,2.07812,0.664062
60000,k_layernorm,39,1.40958,1.45218,2.01562,0.28125
60000,k_layernorm,40,1.27945,1.36847,1.85938,0.188477
60000,k_layernorm,41,1.29503,1.37328,1.85938,0.251953
60000,k_layernorm,42,1.19528,1.26369,1.85156,0.404297
60000,k_layernorm,43,1.24146,1.31899,1.91406,0.320312
60000,k_layernorm,44,1.19621,1.29281,1.88281,0.283203
60000,k_layernorm,45,1.20282,1.32989,1.85938,0.102051
60000,k_layernorm,46,1.28197,1.40068,1.98438,0.0490723
60000,k_layernorm,47,1.19659,1.29688,1.86719,0.132812
60000,k_layernorm,48,1.3977,1.48846,1.83594,0.0432129
60000,k_layernorm,49,1.24773,1.34954,1.78125,-0.00299072
60000,k_layernorm,50,1.41502,1.4512,1.82812,0.125977
60000,k_layernorm,51,1.36209,1.44748,1.83594,0.0234375
60000,k_layernorm,52,1.46554,1.50882,1.95312,0.0581055
60000,k_layernorm,53,1.35998,1.44993,1.79688,0.0446777
60000,k_layernorm,54,1.26669,1.37988,1.85938,0.0527344
60000,k_layernorm,55,1.48876,1.51629,1.97656,0.188477
60000,k_layernorm,56,1.51094,1.53762,1.89844,0.0373535
60000,k_layernorm,57,1.47055,1.50742,1.86719,0.0732422
60000,k_layernorm,58,1.57361,1.58065,1.90625,1.14844
60000,k_layernorm,59,1.50647,1.51463,1.80469,1.0625
60000,k_layernorm,60,1.41562,1.43792,1.80469,0.601562
60000,k_layernorm,61,1.43277,1.44339,1.95312,0.796875
60000,k_layernorm,62,1.35132,1.35703,1.67969,1.0625
60000,k_layernorm,63,1.18387,1.18772,1.40625,0.859375
60000,final_layernorm,-1,1.66967,1.6858,6.0625,0.511719
64000,linear_qkv,0,0.0516361,0.0567819,0.644531,0.00331116
64000,linear_qkv,1,0.339575,0.340509,0.765625,0.0522461
64000,linear_qkv,2,0.562988,0.564065,0.679688,0.036377
64000,linear_qkv,3,0.695891,0.696935,1.03125,0.0449219
64000,linear_qkv,4,0.722798,0.723899,0.964844,0.0500488
64000,linear_qkv,5,0.830036,0.831271,1.09375,0.0737305
64000,linear_qkv,6,0.90152,0.902918,1.16406,0.142578
64000,linear_qkv,7,1.08299,1.08434,1.25781,0.25
64000,linear_qkv,8,1.02045,1.02212,1.35156,0.175781
64000,linear_qkv,9,0.956265,0.957721,1.32812,0.176758
64000,linear_qkv,10,0.969512,0.970829,1.42188,0.211914
64000,linear_qkv,11,1.03628,1.0379,1.41406,0.287109
64000,linear_qkv,12,0.980508,0.981557,1.4375,0.259766
64000,linear_qkv,13,1.03038,1.03164,1.35156,0.271484
64000,linear_qkv,14,0.999267,1.00041,1.21875,0.351562
64000,linear_qkv,15,1.11675,1.118,1.375,0.455078
64000,linear_qkv,16,1.13611,1.13706,1.3125,0.574219
64000,linear_qkv,17,1.25873,1.25965,1.53125,0.691406
64000,linear_qkv,18,1.2251,1.22634,1.44531,0.589844
64000,linear_qkv,19,1.3387,1.33971,1.5625,0.664062
64000,linear_qkv,20,1.21422,1.21511,1.46875,0.636719
64000,linear_qkv,21,1.21517,1.21594,1.59375,0.699219
64000,linear_qkv,22,1.46376,1.46466,1.65625,0.65625
64000,linear_qkv,23,1.46444,1.46524,1.77344,0.71875
64000,linear_qkv,24,1.43221,1.43302,1.77344,0.6875
64000,linear_qkv,25,1.35441,1.35542,1.53906,0.507812
64000,linear_qkv,26,1.29698,1.29809,1.625,0.453125
64000,linear_qkv,27,1.55558,1.55698,1.99219,0.488281
64000,linear_qkv,28,1.41887,1.42071,1.79688,0.365234
64000,linear_qkv,29,1.45127,1.45284,1.82031,0.431641
64000,linear_qkv,30,1.63271,1.63451,1.90625,0.380859
64000,linear_qkv,31,1.27418,1.27563,1.53906,0.239258
64000,linear_qkv,32,1.41433,1.41587,1.67969,0.3125
64000,linear_qkv,33,1.41181,1.41415,1.66406,0.25
64000,linear_qkv,34,1.62745,1.63006,1.90625,0.308594
64000,linear_qkv,35,1.50046,1.50239,1.79688,0.265625
64000,linear_qkv,36,1.28835,1.2903,1.48438,0.229492
64000,linear_qkv,37,0.910109,0.911394,1.07812,0.144531
64000,linear_qkv,38,1.1997,1.20082,1.35938,0.265625
64000,linear_qkv,39,0.983084,0.984393,1.14062,0.25
64000,linear_qkv,40,1.1006,1.10223,1.32812,0.230469
64000,linear_qkv,41,1.03904,1.04068,1.24219,0.220703
64000,linear_qkv,42,0.94012,0.941841,1.14062,0.277344
64000,linear_qkv,43,0.987105,0.988812,1.17188,0.302734
64000,linear_qkv,44,1.06554,1.06748,1.27344,0.251953
64000,linear_qkv,45,1.17638,1.17821,1.38281,0.300781
64000,linear_qkv,46,1.25222,1.25398,1.42969,0.349609
64000,linear_qkv,47,1.07804,1.07966,1.26562,0.439453
64000,linear_qkv,48,1.38745,1.38946,1.61719,0.4375
64000,linear_qkv,49,1.31945,1.32146,1.53125,0.404297
64000,linear_qkv,50,1.25111,1.25292,1.44531,0.439453
64000,linear_qkv,51,1.40629,1.40925,1.61719,0.439453
64000,linear_qkv,52,1.35371,1.3558,1.51562,0.503906
64000,linear_qkv,53,1.53537,1.53895,1.74219,0.341797
64000,linear_qkv,54,1.40105,1.40443,1.64062,0.298828
64000,linear_qkv,55,1.47588,1.47865,1.71094,0.470703
64000,linear_qkv,56,1.5248,1.52818,1.73438,0.382812
64000,linear_qkv,57,1.41901,1.42286,1.67188,0.263672
64000,linear_qkv,58,1.47695,1.48026,1.74219,0.380859
64000,linear_qkv,59,1.31954,1.32298,1.55469,0.255859
64000,linear_qkv,60,1.17366,1.17615,1.39844,0.396484
64000,linear_qkv,61,1.13206,1.1343,1.375,0.445312
64000,linear_qkv,62,1.03235,1.03318,1.19531,0.671875
64000,linear_qkv,63,0.977937,0.978517,1.15625,0.742188
64000,linear_fc1,0,0.491022,0.494554,0.707031,0.0224609
64000,linear_fc1,1,0.856018,0.858915,0.976562,0.0145264
64000,linear_fc1,2,0.876493,0.878082,1.10938,0.0126343
64000,linear_fc1,3,0.86221,0.863455,0.960938,0.0197754
64000,linear_fc1,4,0.838537,0.839638,1.03906,0.010376
64000,linear_fc1,5,0.757899,0.758825,1.70312,0.0088501
64000,linear_fc1,6,0.699538,0.700393,1.01562,0.0132446
64000,linear_fc1,7,0.666911,0.667814,0.964844,0.0249023
64000,linear_fc1,8,0.667909,0.668806,0.90625,0.0151978
64000,linear_fc1,9,0.668596,0.669473,0.894531,0.0103149
64000,linear_fc1,10,0.650779,0.651624,0.777344,0.0185547
64000,linear_fc1,11,0.641932,0.642713,0.722656,0.0118408
64000,linear_fc1,12,0.640113,0.640859,0.71875,0.0146484
64000,linear_fc1,13,0.634736,0.635429,0.707031,0.0150757
64000,linear_fc1,14,0.616645,0.617287,0.6875,0.0167236
64000,linear_fc1,15,0.606341,0.606905,0.675781,0.0245361
64000,linear_fc1,16,0.581789,0.582269,0.648438,0.0239258
64000,linear_fc1,17,0.559652,0.560089,0.621094,0.0483398
64000,linear_fc1,18,0.550306,0.550712,0.628906,0.0354004
64000,linear_fc1,19,0.548524,0.548914,0.644531,0.041748
64000,linear_fc1,20,0.556896,0.557268,0.707031,0.046875
64000,linear_fc1,21,0.55567,0.556049,0.695312,0.041748
64000,linear_fc1,22,0.554082,0.554508,0.609375,0.0212402
64000,linear_fc1,23,0.560629,0.56104,0.617188,0.0366211
64000,linear_fc1,24,0.574195,0.574636,0.632812,0.0230713
64000,linear_fc1,25,0.600166,0.600631,0.648438,0.0233154
64000,linear_fc1,26,0.620248,0.620726,0.679688,0.0150757
64000,linear_fc1,27,0.643276,0.643786,0.691406,0.0218506
64000,linear_fc1,28,0.664203,0.66473,0.726562,0.0132446
64000,linear_fc1,29,0.682408,0.682945,0.742188,0.00723267
64000,linear_fc1,30,0.705723,0.706243,0.761719,0.0241699
64000,linear_fc1,31,0.727095,0.727636,0.78125,0.0186768
64000,linear_fc1,32,0.740112,0.740666,0.804688,0.00964355
64000,linear_fc1,33,0.7567,0.75729,0.816406,0.00994873
64000,linear_fc1,34,0.776831,0.777442,0.839844,0.0055542
64000,linear_fc1,35,0.802508,0.803143,0.863281,0.00692749
64000,linear_fc1,36,0.828582,0.829247,0.9375,0.00915527
64000,linear_fc1,37,0.847873,0.8486,0.898438,0.00253296
64000,linear_fc1,38,0.864589,0.865367,0.929688,0.00701904
64000,linear_fc1,39,0.878418,0.879271,0.929688,0.00331116
64000,linear_fc1,40,0.891033,0.891939,0.9375,0.00328064
64000,linear_fc1,41,0.902871,0.90382,0.976562,0.00653076
64000,linear_fc1,42,0.914918,0.915939,0.984375,0.00494385
64000,linear_fc1,43,0.924917,0.925971,0.980469,0.00689697
64000,linear_fc1,44,0.931616,0.932757,1.00781,0.00524902
64000,linear_fc1,45,0.93907,0.940252,1.03125,0.00686646
64000,linear_fc1,46,0.946711,0.947956,1.04688,0.00976562
64000,linear_fc1,47,0.95349,0.954765,1.0625,0.0129395
64000,linear_fc1,48,0.959622,0.960991,1.07031,0.00570679
64000,linear_fc1,49,0.971635,0.973038,1.10156,0.0236816
64000,linear_fc1,50,0.976464,0.977919,1.11719,0.0159912
64000,linear_fc1,51,0.983894,0.985397,1.15625,0.0410156
64000,linear_fc1,52,0.987428,0.988918,1.16406,0.0446777
64000,linear_fc1,53,0.993575,0.994981,1.21875,0.0888672
64000,linear_fc1,54,1.00156,1.00296,1.25,0.126953
64000,linear_fc1,55,0.9994,1.0008,1.29688,0.100098
64000,linear_fc1,56,1.00259,1.00395,1.38281,0.119141
64000,linear_fc1,57,1.01554,1.01697,1.4375,0.172852
64000,linear_fc1,58,1.0188,1.02027,1.5,0.210938
64000,linear_fc1,59,1.01381,1.01538,1.54688,0.273438
64000,linear_fc1,60,1.02944,1.03117,1.65625,0.277344
64000,linear_fc1,61,1.05629,1.0579,1.71094,0.333984
64000,linear_fc1,62,1.09562,1.09671,1.60156,0.515625
64000,linear_fc1,63,1.18865,1.19006,1.75,0.730469
64000,q_layernorm,0,1.19331,1.2404,1.91406,0.241211
64000,q_layernorm,1,1.57031,1.57881,2.03125,1.04688
64000,q_layernorm,2,1.51169,1.52454,1.88281,0.917969
64000,q_layernorm,3,1.61493,1.63021,1.96875,1.08594
64000,q_layernorm,4,1.53906,1.55005,1.9375,1.01562
64000,q_layernorm,5,1.49579,1.50748,1.83594,0.796875
64000,q_layernorm,6,1.77606,1.79527,2.20312,0.921875
64000,q_layernorm,7,1.64426,1.68734,2.125,0.0629883
64000,q_layernorm,8,1.61972,1.64466,1.91406,0.269531
64000,q_layernorm,9,1.60176,1.63065,2.07812,0.0625
64000,q_layernorm,10,1.64905,1.66379,2.07812,0.691406
64000,q_layernorm,11,1.67369,1.69868,2,0.443359
64000,q_layernorm,12,1.62393,1.64024,2.51562,0.601562
64000,q_layernorm,13,1.56448,1.59166,2.07812,0.0322266
64000,q_layernorm,14,1.52773,1.55253,2.10938,0.326172
64000,q_layernorm,15,1.66195,1.6822,2.10938,0.198242
64000,q_layernorm,16,1.50569,1.52506,2.125,0.478516
64000,q_layernorm,17,1.69199,1.71152,2.125,0.875
64000,q_layernorm,18,1.64212,1.68349,2.09375,0.189453
64000,q_layernorm,19,1.72436,1.76059,2.09375,0.139648
64000,q_layernorm,20,1.59577,1.63453,2.125,0.0344238
64000,q_layernorm,21,1.5832,1.6352,2.07812,0.0388184
64000,q_layernorm,22,1.66584,1.73802,2.1875,-0.000121593
64000,q_layernorm,23,1.63824,1.66453,2.10938,0.065918
64000,q_layernorm,24,1.63245,1.6551,1.95312,0.382812
64000,q_layernorm,25,1.55699,1.63159,2.10938,0.0274658
64000,q_layernorm,26,1.36749,1.48468,1.96875,0.0223389
64000,q_layernorm,27,1.57209,1.63646,2.14062,0.0235596
64000,q_layernorm,28,1.33879,1.45476,1.8125,-0.0311279
64000,q_layernorm,29,1.41598,1.51459,1.84375,0.0150146
64000,q_layernorm,30,1.48417,1.53241,2,0.00558472
64000,q_layernorm,31,1.38494,1.46268,1.8125,0.0654297
64000,q_layernorm,32,1.56786,1.60921,1.96094,0.0688477
64000,q_layernorm,33,1.27054,1.40937,1.78125,0.0341797
64000,q_layernorm,34,1.38762,1.4998,1.91406,0.0212402
64000,q_layernorm,35,1.56757,1.61548,1.95312,0.0227051
64000,q_layernorm,36,1.42994,1.50769,1.95312,0.029541
64000,q_layernorm,37,1.30913,1.35216,1.76562,0.302734
64000,q_layernorm,38,1.65454,1.66045,1.99219,1.10938
64000,q_layernorm,39,1.46136,1.48691,1.86719,0.519531
64000,q_layernorm,40,1.32801,1.40511,1.78906,0.12793
64000,q_layernorm,41,1.33638,1.40538,1.75781,0.210938
64000,q_layernorm,42,1.21501,1.27972,1.70312,0.390625
64000,q_layernorm,43,1.30353,1.35035,1.84375,0.457031
64000,q_layernorm,44,1.21906,1.31396,1.78125,0.291016
64000,q_layernorm,45,1.24346,1.36132,1.8125,0.0986328
64000,q_layernorm,46,1.3355,1.43067,1.83594,0.0644531
64000,q_layernorm,47,1.22781,1.32652,1.73438,0.125977
64000,q_layernorm,48,1.45878,1.52915,1.82812,0.052002
64000,q_layernorm,49,1.29477,1.38552,1.78125,0.0149536
64000,q_layernorm,50,1.44048,1.46718,1.75781,0.192383
64000,q_layernorm,51,1.44557,1.49994,1.84375,-0.00358582
64000,q_layernorm,52,1.52824,1.54668,1.8125,0.111328
64000,q_layernorm,53,1.40196,1.47827,1.8125,0.0693359
64000,q_layernorm,54,1.30303,1.40227,1.72656,0.0529785
64000,q_layernorm,55,1.53177,1.54754,1.97656,0.597656
64000,q_layernorm,56,1.55641,1.57206,1.85938,0.271484
64000,q_layernorm,57,1.49677,1.52913,1.98438,0.041748
64000,q_layernorm,58,1.61133,1.61683,1.83594,1.14844
64000,q_layernorm,59,1.53033,1.53798,1.89844,1.02344
64000,q_layernorm,60,1.46661,1.47552,1.76562,0.929688
64000,q_layernorm,61,1.46133,1.47123,1.96094,0.925781
64000,q_layernorm,62,1.37305,1.37894,1.75,1.07812
64000,q_layernorm,63,1.1889,1.19338,1.46094,0.820312
64000,k_layernorm,0,1.19145,1.24663,2.53125,0.205078
64000,k_layernorm,1,1.55939,1.56704,1.9375,0.984375
64000,k_layernorm,2,1.50027,1.51633,2.15625,0.871094
64000,k_layernorm,3,1.59583,1.61654,2.07812,0.785156
64000,k_layernorm,4,1.52142,1.53751,1.90625,0.847656
64000,k_layernorm,5,1.4895,1.50257,1.85938,1.03906
64000,k_layernorm,6,1.74908,1.7706,2.15625,0.710938
64000,k_layernorm,7,1.61072,1.65966,2.10938,0.0181885
64000,k_layernorm,8,1.60141,1.63037,2.04688,0.101074
64000,k_layernorm,9,1.55329,1.59221,2,0.0678711
64000,k_layernorm,10,1.61597,1.63953,2.21875,0.617188
64000,k_layernorm,11,1.63679,1.67315,2.10938,0.208008
64000,k_layernorm,12,1.59543,1.60982,2.01562,0.894531
64000,k_layernorm,13,1.53589,1.56964,2.32812,0.046875
64000,k_layernorm,14,1.49625,1.52739,1.92188,0.0854492
64000,k_layernorm,15,1.63498,1.65753,2.1875,0.21875
64000,k_layernorm,16,1.48192,1.51246,2.4375,0.367188
64000,k_layernorm,17,1.66946,1.68948,2.03125,0.628906
64000,k_layernorm,18,1.60001,1.65632,2.125,0.0297852
64000,k_layernorm,19,1.68731,1.7354,2.14062,0.0249023
64000,k_layernorm,20,1.55599,1.60333,2.09375,0.0195312
64000,k_layernorm,21,1.5451,1.60753,2.03125,0.00646973
64000,k_layernorm,22,1.63931,1.71201,2.09375,0.00643921
64000,k_layernorm,23,1.60815,1.64622,1.96094,0.0634766
64000,k_layernorm,24,1.60117,1.63434,2.15625,0.00772095
64000,k_layernorm,25,1.50552,1.59784,2.09375,-0.0393066
64000,k_layernorm,26,1.33345,1.45897,1.89844,0.0105591
64000,k_layernorm,27,1.51338,1.60102,2.125,-0.0106201
64000,k_layernorm,28,1.29711,1.42857,1.875,0.032959
64000,k_layernorm,29,1.35696,1.47668,1.83594,0.0332031
64000,k_layernorm,30,1.4351,1.50596,1.91406,0.00230408
64000,k_layernorm,31,1.33759,1.43217,1.85938,0.0712891
64000,k_layernorm,32,1.50109,1.56674,1.89844,0.0385742
64000,k_layernorm,33,1.23049,1.38074,1.79688,0.0437012
64000,k_layernorm,34,1.3355,1.47514,1.97656,0.0123291
64000,k_layernorm,35,1.47969,1.56495,1.99219,0.034668
64000,k_layernorm,36,1.36306,1.46986,2,0.0976562
64000,k_layernorm,37,1.28677,1.34011,1.89062,0.410156
64000,k_layernorm,38,1.61813,1.6316,2.07812,0.640625
64000,k_layernorm,39,1.41971,1.46391,2.03125,0.234375
64000,k_layernorm,40,1.28847,1.37965,1.875,0.181641
64000,k_layernorm,41,1.30439,1.38547,1.88281,0.219727
64000,k_layernorm,42,1.20276,1.27479,1.88281,0.373047
64000,k_layernorm,43,1.24968,1.33023,1.94531,0.304688
64000,k_layernorm,44,1.20387,1.30362,1.89062,0.265625
64000,k_layernorm,45,1.20807,1.33778,1.875,0.0922852
64000,k_layernorm,46,1.29071,1.41085,2,0.0449219
64000,k_layernorm,47,1.20352,1.30545,1.875,0.121094
64000,k_layernorm,48,1.40395,1.49594,1.84375,0.0336914
64000,k_layernorm,49,1.25621,1.35815,1.79688,-0.00759888
64000,k_layernorm,50,1.42153,1.45859,1.84375,0.131836
64000,k_layernorm,51,1.36946,1.45582,1.85156,0.0244141
64000,k_layernorm,52,1.47606,1.52057,1.96094,0.0473633
64000,k_layernorm,53,1.36779,1.45888,1.8125,0.0380859
64000,k_layernorm,54,1.2724,1.38745,1.875,0.0332031
64000,k_layernorm,55,1.49717,1.52553,1.99219,0.174805
64000,k_layernorm,56,1.51967,1.54701,1.91406,0.0238037
64000,k_layernorm,57,1.4787,1.51624,1.88281,0.0610352
64000,k_layernorm,58,1.58405,1.59142,1.92188,1.125
64000,k_layernorm,59,1.51306,1.52166,1.82812,1.05469
64000,k_layernorm,60,1.42175,1.44514,1.82812,0.574219
64000,k_layernorm,61,1.43802,1.44884,1.95312,0.773438
64000,k_layernorm,62,1.35785,1.36369,1.6875,1.0625
64000,k_layernorm,63,1.18625,1.19033,1.42188,0.832031
64000,final_layernorm,-1,1.67151,1.68833,6.125,0.294922
68000,linear_qkv,0,0.0442946,0.0490279,0.625,0.00366211
68000,linear_qkv,1,0.319457,0.3204,0.746094,0.045166
68000,linear_qkv,2,0.542994,0.544077,0.660156,0.0339355
68000,linear_qkv,3,0.67376,0.674816,1.03125,0.0402832
68000,linear_qkv,4,0.702485,0.703616,0.964844,0.0439453
68000,linear_qkv,5,0.811,0.812272,1.10156,0.0634766
68000,linear_qkv,6,0.883088,0.884535,1.17188,0.12207
68000,linear_qkv,7,1.07286,1.07425,1.24219,0.217773
68000,linear_qkv,8,1.00937,1.0111,1.35938,0.157227
68000,linear_qkv,9,0.947136,0.948633,1.34375,0.161133
68000,linear_qkv,10,0.957829,0.959203,1.44531,0.191406
68000,linear_qkv,11,1.02744,1.02912,1.4375,0.269531
68000,linear_qkv,12,0.971696,0.972782,1.46094,0.235352
68000,linear_qkv,13,1.02609,1.02739,1.375,0.261719
68000,linear_qkv,14,0.995055,0.996249,1.24219,0.330078
68000,linear_qkv,15,1.11227,1.11355,1.39844,0.429688
68000,linear_qkv,16,1.13658,1.13757,1.34375,0.554688
68000,linear_qkv,17,1.25508,1.25604,1.53906,0.667969
68000,linear_qkv,18,1.22585,1.22714,1.46094,0.589844
68000,linear_qkv,19,1.34044,1.34149,1.57031,0.640625
68000,linear_qkv,20,1.21776,1.21868,1.5,0.625
68000,linear_qkv,21,1.22239,1.2232,1.625,0.691406
68000,linear_qkv,22,1.47171,1.47265,1.67969,0.648438
68000,linear_qkv,23,1.47464,1.47548,1.8125,0.710938
68000,linear_qkv,24,1.4439,1.44474,1.82812,0.671875
68000,linear_qkv,25,1.37052,1.37156,1.57812,0.492188
68000,linear_qkv,26,1.31332,1.31446,1.67188,0.447266
68000,linear_qkv,27,1.57516,1.57661,2.0625,0.466797
68000,linear_qkv,28,1.4357,1.4376,1.85938,0.353516
68000,linear_qkv,29,1.46897,1.47058,1.89062,0.412109
68000,linear_qkv,30,1.65849,1.66034,1.97656,0.369141
68000,linear_qkv,31,1.29373,1.29523,1.60156,0.224609
68000,linear_qkv,32,1.43865,1.44025,1.76562,0.296875
68000,linear_qkv,33,1.43611,1.43855,1.71094,0.235352
68000,linear_qkv,34,1.66249,1.66522,1.96094,0.291016
68000,linear_qkv,35,1.52926,1.53127,1.84375,0.251953
68000,linear_qkv,36,1.31205,1.31409,1.5,0.211914
68000,linear_qkv,37,0.918486,0.919824,1.10156,0.131836
68000,linear_qkv,38,1.21596,1.21712,1.38281,0.25
68000,linear_qkv,39,0.995738,0.997117,1.17188,0.234375
68000,linear_qkv,40,1.11768,1.11939,1.35156,0.21875
68000,linear_qkv,41,1.05461,1.05632,1.26562,0.214844
68000,linear_qkv,42,0.950269,0.952064,1.14844,0.273438
68000,linear_qkv,43,0.999202,1.001,1.19531,0.302734
68000,linear_qkv,44,1.08195,1.08397,1.29688,0.248047
68000,linear_qkv,45,1.19491,1.19681,1.42188,0.296875
68000,linear_qkv,46,1.27477,1.27659,1.46094,0.34375
68000,linear_qkv,47,1.09092,1.09262,1.28906,0.429688
68000,linear_qkv,48,1.4142,1.41627,1.64844,0.431641
68000,linear_qkv,49,1.34299,1.34506,1.54688,0.394531
68000,linear_qkv,50,1.27524,1.27714,1.49219,0.439453
68000,linear_qkv,51,1.43997,1.44306,1.65625,0.435547
68000,linear_qkv,52,1.38477,1.38695,1.55469,0.488281
68000,linear_qkv,53,1.57439,1.5781,1.79688,0.332031
68000,linear_qkv,54,1.4333,1.43682,1.67188,0.283203
68000,linear_qkv,55,1.50622,1.50909,1.75781,0.433594
68000,linear_qkv,56,1.55916,1.56269,1.76562,0.347656
68000,linear_qkv,57,1.44537,1.44934,1.69531,0.223633
68000,linear_qkv,58,1.50845,1.51189,1.79688,0.361328
68000,linear_qkv,59,1.34378,1.34735,1.57812,0.244141
68000,linear_qkv,60,1.18765,1.19024,1.40625,0.400391
68000,linear_qkv,61,1.14062,1.14292,1.39844,0.441406
68000,linear_qkv,62,1.03362,1.03448,1.20312,0.664062
68000,linear_qkv,63,0.978431,0.979047,1.17969,0.734375
68000,linear_fc1,0,0.479591,0.483232,0.722656,0.0179443
68000,linear_fc1,1,0.83903,0.84189,0.953125,0.0114746
68000,linear_fc1,2,0.876462,0.878084,1.13281,0.0108032
68000,linear_fc1,3,0.861227,0.862492,0.964844,0.0153809
68000,linear_fc1,4,0.838857,0.839974,1.04688,0.00595093
68000,linear_fc1,5,0.759732,0.760684,1.77344,0.00830078
68000,linear_fc1,6,0.702727,0.703608,1.03125,0.0127563
68000,linear_fc1,7,0.671179,0.672108,0.972656,0.0216064
68000,linear_fc1,8,0.671526,0.67245,0.914062,0.0120239
68000,linear_fc1,9,0.670987,0.67189,0.910156,0.00720215
68000,linear_fc1,10,0.652184,0.653053,0.792969,0.0149536
68000,linear_fc1,11,0.642502,0.643309,0.726562,0.00848389
68000,linear_fc1,12,0.639853,0.640614,0.71875,0.0110474
68000,linear_fc1,13,0.633542,0.634255,0.707031,0.0109863
68000,linear_fc1,14,0.615419,0.616077,0.6875,0.0131226
68000,linear_fc1,15,0.60451,0.605092,0.671875,0.0196533
68000,linear_fc1,16,0.579604,0.580099,0.648438,0.0185547
68000,linear_fc1,17,0.557639,0.558091,0.621094,0.0405273
68000,linear_fc1,18,0.547887,0.548306,0.640625,0.0291748
68000,linear_fc1,19,0.546017,0.546421,0.652344,0.0368652
68000,linear_fc1,20,0.553569,0.553951,0.722656,0.0390625
68000,linear_fc1,21,0.551623,0.552019,0.710938,0.0322266
68000,linear_fc1,22,0.549761,0.550204,0.609375,0.0153198
68000,linear_fc1,23,0.556367,0.556791,0.613281,0.0303955
68000,linear_fc1,24,0.569907,0.570366,0.628906,0.0194092
68000,linear_fc1,25,0.596186,0.596666,0.644531,0.019043
68000,linear_fc1,26,0.617057,0.61755,0.671875,0.0123291
68000,linear_fc1,27,0.640504,0.641031,0.691406,0.0183105
68000,linear_fc1,28,0.661733,0.662273,0.714844,0.00909424
68000,linear_fc1,29,0.68036,0.68091,0.742188,0.00582886
68000,linear_fc1,30,0.703345,0.703879,0.761719,0.0212402
68000,linear_fc1,31,0.724475,0.725026,0.78125,0.0177002
68000,linear_fc1,32,0.73762,0.73818,0.800781,0.00927734
68000,linear_fc1,33,0.75349,0.754089,0.808594,0.00946045
68000,linear_fc1,34,0.773441,0.774056,0.832031,0.00482178
68000,linear_fc1,35,0.798605,0.799249,0.855469,0.00494385
68000,linear_fc1,36,0.824787,0.825465,0.96875,0.00848389
68000,linear_fc1,37,0.844039,0.844777,0.894531,0.0043335
68000,linear_fc1,38,0.86077,0.861559,0.914062,0.00509644
68000,linear_fc1,39,0.874642,0.875506,0.925781,0.000743866
68000,linear_fc1,40,0.887012,0.887929,0.941406,0.00228882
68000,linear_fc1,41,0.89901,0.89997,0.96875,0.00448608
68000,linear_fc1,42,0.911226,0.912258,0.976562,0.00546265
68000,linear_fc1,43,0.921559,0.922623,0.984375,0.00662231
68000,linear_fc1,44,0.927991,0.929141,1.01562,0.00379944
68000,linear_fc1,45,0.935634,0.936824,1.01562,0.00488281
68000,linear_fc1,46,0.943202,0.944455,1.04688,0.00799561
68000,linear_fc1,47,0.950682,0.951963,1.05469,0.00970459
68000,linear_fc1,48,0.956791,0.95816,1.07812,0.00805664
68000,linear_fc1,49,0.969387,0.970789,1.08594,0.022583
68000,linear_fc1,50,0.975381,0.976833,1.09375,0.0115967
68000,linear_fc1,51,0.982753,0.984248,1.14844,0.0383301
68000,linear_fc1,52,0.98592,0.987405,1.15625,0.041748
68000,linear_fc1,53,0.992266,0.993667,1.21094,0.0869141
68000,linear_fc1,54,1.00054,1.00193,1.25,0.123047
68000,linear_fc1,55,0.996906,0.998289,1.28125,0.097168
68000,linear_fc1,56,0.998651,0.99999,1.36719,0.112793
68000,linear_fc1,57,1.01381,1.01521,1.40625,0.166992
68000,linear_fc1,58,1.02089,1.02236,1.44531,0.207031
68000,linear_fc1,59,1.01734,1.01892,1.47656,0.273438
68000,linear_fc1,60,1.03309,1.03484,1.60938,0.269531
68000,linear_fc1,61,1.05718,1.05882,1.66406,0.318359
68000,linear_fc1,62,1.0958,1.09692,1.60156,0.494141
68000,linear_fc1,63,1.19234,1.19373,1.79688,0.714844
68000,q_layernorm,0,1.20331,1.25197,1.95312,0.238281
68000,q_layernorm,1,1.58282,1.5919,2.04688,1.03125
68000,q_layernorm,2,1.51764,1.53109,1.89844,0.898438
68000,q_layernorm,3,1.61975,1.63557,1.98438,1.07812
68000,q_layernorm,4,1.54431,1.55575,1.96875,1.00781
68000,q_layernorm,5,1.4993,1.51144,1.84375,0.769531
68000,q_layernorm,6,1.78323,1.80277,2.21875,0.917969
68000,q_layernorm,7,1.64814,1.6912,2.14062,0.0751953
68000,q_layernorm,8,1.62462,1.64974,1.92188,0.263672
68000,q_layernorm,9,1.60925,1.63868,2.10938,0.0600586
68000,q_layernorm,10,1.65527,1.67067,2.10938,0.652344
68000,q_layernorm,11,1.68121,1.70671,2.01562,0.433594
68000,q_layernorm,12,1.63333,1.65056,2.57812,0.574219
68000,q_layernorm,13,1.57262,1.60057,2.14062,0.0356445
68000,q_layernorm,14,1.53751,1.56297,2.14062,0.3125
68000,q_layernorm,15,1.67287,1.69385,2.15625,0.181641
68000,q_layernorm,16,1.51779,1.53843,2.17188,0.429688
68000,q_layernorm,17,1.70255,1.72275,2.14062,0.847656
68000,q_layernorm,18,1.64948,1.69096,2.10938,0.19043
68000,q_layernorm,19,1.73315,1.76958,2.10938,0.138672
68000,q_layernorm,20,1.60542,1.64446,2.17188,0.0388184
68000,q_layernorm,21,1.59229,1.64433,2.09375,0.0344238
68000,q_layernorm,22,1.67428,1.74676,2.20312,-0.00340271
68000,q_layernorm,23,1.64511,1.67174,2.125,0.065918
68000,q_layernorm,24,1.64,1.66324,1.99219,0.380859
68000,q_layernorm,25,1.56337,1.6382,2.125,0.010376
68000,q_layernorm,26,1.37477,1.49221,1.98438,0.0231934
68000,q_layernorm,27,1.58078,1.64523,2.15625,0.0220947
68000,q_layernorm,28,1.3455,1.4613,1.83594,-0.010376
68000,q_layernorm,29,1.42022,1.51905,1.85156,0.0105591
68000,q_layernorm,30,1.49225,1.54053,2.01562,0.0108643
68000,q_layernorm,31,1.39372,1.47156,1.82812,0.0559082
68000,q_layernorm,32,1.57718,1.61864,1.98438,0.0737305
68000,q_layernorm,33,1.27604,1.41571,1.78125,0.0270996
68000,q_layernorm,34,1.39714,1.50948,1.92969,0.0118408
68000,q_layernorm,35,1.57661,1.6245,1.96094,0.0432129
68000,q_layernorm,36,1.44013,1.51798,1.96094,0.0272217
68000,q_layernorm,37,1.31918,1.36225,1.77344,0.267578
68000,q_layernorm,38,1.6629,1.66894,1.99219,1.08594
68000,q_layernorm,39,1.47327,1.49915,1.86719,0.488281
68000,q_layernorm,40,1.33717,1.41514,1.78906,0.142578
68000,q_layernorm,41,1.3472,1.41734,1.76562,0.19043
68000,q_layernorm,42,1.22354,1.28907,1.70312,0.378906
68000,q_layernorm,43,1.31685,1.36371,1.84375,0.427734
68000,q_layernorm,44,1.22641,1.32327,1.79688,0.265625
68000,q_layernorm,45,1.25026,1.36945,1.82031,0.0771484
68000,q_layernorm,46,1.34521,1.44061,1.84375,0.0688477
68000,q_layernorm,47,1.23413,1.33392,1.73438,0.102539
68000,q_layernorm,48,1.46783,1.5385,1.84375,0.0537109
68000,q_layernorm,49,1.30349,1.39503,1.78906,0.00457764
68000,q_layernorm,50,1.4492,1.47602,1.77344,0.172852
68000,q_layernorm,51,1.45331,1.50804,1.84375,-0.0184326
68000,q_layernorm,52,1.54105,1.55951,1.82812,0.100586
68000,q_layernorm,53,1.41412,1.49025,1.83594,0.0634766
68000,q_layernorm,54,1.30985,1.41029,1.72656,0.0507812
68000,q_layernorm,55,1.54077,1.55745,2,0.558594
68000,q_layernorm,56,1.56577,1.58207,1.86719,0.238281
68000,q_layernorm,57,1.50591,1.53848,2,0.0380859
68000,q_layernorm,58,1.62244,1.62815,1.84375,1.14844
68000,q_layernorm,59,1.539,1.54702,1.92969,1.01562
68000,q_layernorm,60,1.47531,1.48428,1.75781,0.910156
68000,q_layernorm,61,1.46863,1.47877,1.96875,0.921875
68000,q_layernorm,62,1.3811,1.38714,1.75781,1.07812
68000,q_layernorm,63,1.19217,1.19699,1.48438,0.808594
68000,k_layernorm,0,1.20213,1.2595,2.625,0.19043
68000,k_layernorm,1,1.57166,1.57997,1.96875,0.976562
68000,k_layernorm,2,1.50641,1.52329,2.1875,0.84375
68000,k_layernorm,3,1.60074,1.62234,2.09375,0.78125
68000,k_layernorm,4,1.52637,1.54319,1.92969,0.824219
68000,k_layernorm,5,1.4939,1.50745,1.85156,1.03906
68000,k_layernorm,6,1.75607,1.77818,2.17188,0.699219
68000,k_layernorm,7,1.61499,1.66411,2.10938,0.0216064
68000,k_layernorm,8,1.60606,1.63521,2.07812,0.0932617
68000,k_layernorm,9,1.55963,1.59925,2.04688,0.0561523
68000,k_layernorm,10,1.62231,1.64673,2.21875,0.589844
68000,k_layernorm,11,1.64465,1.68182,2.14062,0.193359
68000,k_layernorm,12,1.60413,1.61922,2.04688,0.886719
68000,k_layernorm,13,1.54329,1.57802,2.39062,0.0424805
68000,k_layernorm,14,1.5055,1.53752,1.9375,0.065918
68000,k_layernorm,15,1.64561,1.66903,2.23438,0.189453
68000,k_layernorm,16,1.49336,1.52578,2.51562,0.347656
68000,k_layernorm,17,1.67902,1.69968,2.03125,0.617188
68000,k_layernorm,18,1.60674,1.66324,2.125,0.0314941
68000,k_layernorm,19,1.69665,1.74503,2.15625,0.0297852
68000,k_layernorm,20,1.56485,1.61259,2.125,0.0212402
68000,k_layernorm,21,1.55381,1.61648,2.0625,0.00473022
68000,k_layernorm,22,1.64722,1.72014,2.10938,-0.00363159
68000,k_layernorm,23,1.61478,1.65356,1.99219,0.0625
68000,k_layernorm,24,1.60913,1.64329,2.21875,0.00717163
68000,k_layernorm,25,1.51226,1.60518,2.125,-0.0410156
68000,k_layernorm,26,1.33993,1.46537,1.92188,0.00476074
68000,k_layernorm,27,1.52212,1.6103,2.14062,0.00177765
68000,k_layernorm,28,1.30232,1.43451,1.89062,0.0302734
68000,k_layernorm,29,1.36068,1.48112,1.85156,0.0375977
68000,k_layernorm,30,1.44202,1.51343,1.92969,-0.00231934
68000,k_layernorm,31,1.34442,1.44,1.875,0.0634766
68000,k_layernorm,32,1.50906,1.57531,1.91406,0.0218506
68000,k_layernorm,33,1.23507,1.38708,1.80469,0.0437012
68000,k_layernorm,34,1.34419,1.48492,2,0.0301514
68000,k_layernorm,35,1.4862,1.57302,2,0.0266113
68000,k_layernorm,36,1.37107,1.47924,2.01562,0.09375
68000,k_layernorm,37,1.29477,1.34958,1.91406,0.373047
68000,k_layernorm,38,1.62631,1.63994,2.07812,0.625
68000,k_layernorm,39,1.42886,1.47423,2.04688,0.170898
68000,k_layernorm,40,1.29535,1.38896,1.88281,0.166992
68000,k_layernorm,41,1.31168,1.3959,1.89844,0.193359
68000,k_layernorm,42,1.20946,1.2836,1.89844,0.347656
68000,k_layernorm,43,1.25688,1.34063,1.96875,0.279297
68000,k_layernorm,44,1.20963,1.31158,1.90625,0.257812
68000,k_layernorm,45,1.21332,1.34509,1.89062,0.074707
68000,k_layernorm,46,1.29801,1.41993,2.03125,0.0449219
68000,k_layernorm,47,1.20883,1.31206,1.875,0.121094
68000,k_layernorm,48,1.41223,1.50487,1.86719,0.0222168
68000,k_layernorm,49,1.26323,1.36687,1.8125,-0.00221252
68000,k_layernorm,50,1.42948,1.46747,1.875,0.106445
68000,k_layernorm,51,1.37599,1.46373,1.86719,0.0198975
68000,k_layernorm,52,1.48753,1.53301,1.96875,0.0269775
68000,k_layernorm,53,1.37764,1.46999,1.83594,0.032959
68000,k_layernorm,54,1.27782,1.39496,1.89062,0.0256348
68000,k_layernorm,55,1.50587,1.53507,2,0.166016
68000,k_layernorm,56,1.5283,1.55621,1.9375,0.0233154
68000,k_layernorm,57,1.48695,1.52506,1.90625,0.059082
68000,k_layernorm,58,1.59473,1.60245,1.9375,1.10156
68000,k_layernorm,59,1.52161,1.53066,1.85156,1.04688
68000,k_layernorm,60,1.42889,1.45324,1.83594,0.558594
68000,k_layernorm,61,1.44595,1.45702,1.96875,0.769531
68000,k_layernorm,62,1.36597,1.37198,1.69531,1.0625
68000,k_layernorm,63,1.1897,1.19406,1.4375,0.816406
68000,final_layernorm,-1,1.67138,1.68899,6.15625,0.154297
72000,linear_qkv,0,0.0406635,0.04469,0.597656,0.000991821
72000,linear_qkv,1,0.301864,0.302823,0.726562,0.041748
72000,linear_qkv,2,0.525177,0.526264,0.632812,0.0317383
72000,linear_qkv,3,0.656398,0.657485,1.03125,0.0368652
72000,linear_qkv,4,0.685201,0.686371,0.980469,0.0395508
72000,linear_qkv,5,0.794153,0.795478,1.11719,0.0561523
72000,linear_qkv,6,0.866208,0.867716,1.17188,0.102539
72000,linear_qkv,7,1.06243,1.06389,1.23438,0.186523
72000,linear_qkv,8,0.998768,1.00057,1.36719,0.139648
72000,linear_qkv,9,0.938163,0.939726,1.35156,0.145508
72000,linear_qkv,10,0.946584,0.948026,1.45312,0.173828
72000,linear_qkv,11,1.01851,1.02026,1.44531,0.248047
72000,linear_qkv,12,0.962472,0.963611,1.47656,0.21582
72000,linear_qkv,13,1.02026,1.02162,1.39062,0.25
72000,linear_qkv,14,0.989092,0.990349,1.26562,0.306641
72000,linear_qkv,15,1.10621,1.10757,1.41406,0.404297
72000,linear_qkv,16,1.13359,1.13464,1.35938,0.527344
72000,linear_qkv,17,1.24915,1.25016,1.54688,0.640625
72000,linear_qkv,18,1.22477,1.22612,1.45312,0.582031
72000,linear_qkv,19,1.33955,1.34065,1.5625,0.609375
72000,linear_qkv,20,1.21835,1.21931,1.51562,0.605469
72000,linear_qkv,21,1.22632,1.22717,1.64844,0.675781
72000,linear_qkv,22,1.47792,1.4789,1.69531,0.628906
72000,linear_qkv,23,1.48135,1.48222,1.85938,0.6875
72000,linear_qkv,24,1.45192,1.4528,1.88281,0.65625
72000,linear_qkv,25,1.38327,1.38435,1.63281,0.478516
72000,linear_qkv,26,1.32692,1.32811,1.71875,0.443359
72000,linear_qkv,27,1.59122,1.59274,2.125,0.447266
72000,linear_qkv,28,1.44815,1.45011,1.92969,0.333984
72000,linear_qkv,29,1.48243,1.48411,1.95312,0.398438
72000,linear_qkv,30,1.67975,1.68165,2.04688,0.34375
72000,linear_qkv,31,1.30692,1.30846,1.66406,0.212891
72000,linear_qkv,32,1.45695,1.4586,1.82812,0.279297
72000,linear_qkv,33,1.45421,1.45672,1.77344,0.225586
72000,linear_qkv,34,1.69091,1.69373,2.04688,0.275391
72000,linear_qkv,35,1.5512,1.55328,1.875,0.236328
72000,linear_qkv,36,1.32953,1.33164,1.53125,0.197266
72000,linear_qkv,37,0.922592,0.923986,1.125,0.118652
72000,linear_qkv,38,1.22785,1.22906,1.42188,0.237305
72000,linear_qkv,39,1.00374,1.00519,1.17969,0.21582
72000,linear_qkv,40,1.12987,1.13163,1.39062,0.207031
72000,linear_qkv,41,1.06555,1.06734,1.29688,0.203125
72000,linear_qkv,42,0.956684,0.958565,1.1875,0.257812
72000,linear_qkv,43,1.00724,1.0091,1.21875,0.289062
72000,linear_qkv,44,1.09374,1.09585,1.30469,0.238281
72000,linear_qkv,45,1.20913,1.21109,1.4375,0.287109
72000,linear_qkv,46,1.29289,1.29476,1.47656,0.332031
72000,linear_qkv,47,1.10074,1.1025,1.30469,0.421875
72000,linear_qkv,48,1.43759,1.4397,1.66406,0.417969
72000,linear_qkv,49,1.36351,1.36563,1.57812,0.382812
72000,linear_qkv,50,1.29556,1.29753,1.5,0.427734
72000,linear_qkv,51,1.47093,1.47411,1.71875,0.423828
72000,linear_qkv,52,1.41119,1.41344,1.58594,0.488281
72000,linear_qkv,53,1.61046,1.6143,1.84375,0.328125
72000,linear_qkv,54,1.46313,1.46677,1.71094,0.273438
72000,linear_qkv,55,1.53455,1.53752,1.80469,0.423828
72000,linear_qkv,56,1.59334,1.59698,1.8125,0.337891
72000,linear_qkv,57,1.47016,1.47422,1.73438,0.220703
72000,linear_qkv,58,1.53017,1.53368,1.82031,0.361328
72000,linear_qkv,59,1.36089,1.36451,1.60156,0.257812
72000,linear_qkv,60,1.19961,1.20223,1.42188,0.408203
72000,linear_qkv,61,1.1437,1.14605,1.42188,0.460938
72000,linear_qkv,62,1.0346,1.0355,1.21875,0.632812
72000,linear_qkv,63,0.978734,0.979383,1.1875,0.726562
72000,linear_fc1,0,0.465369,0.469165,0.730469,0.0136719
72000,linear_fc1,1,0.824932,0.827848,0.945312,0.0109863
72000,linear_fc1,2,0.872099,0.873755,1.14844,0.00848389
72000,linear_fc1,3,0.858566,0.859853,0.988281,0.0107422
72000,linear_fc1,4,0.837252,0.838396,1.0625,0.0045166
72000,linear_fc1,5,0.760192,0.761191,1.83594,0.00717163
72000,linear_fc1,6,0.704149,0.705066,1.03906,0.0109863
72000,linear_fc1,7,0.675111,0.676077,0.976562,0.0180664
72000,linear_fc1,8,0.675367,0.676324,0.917969,0.00982666
72000,linear_fc1,9,0.673722,0.674659,0.929688,0.00430298
72000,linear_fc1,10,0.654108,0.655011,0.816406,0.0118408
72000,linear_fc1,11,0.643647,0.644482,0.730469,0.00558472
72000,linear_fc1,12,0.640647,0.641437,0.722656,0.00735474
72000,linear_fc1,13,0.634137,0.634886,0.707031,0.00701904
72000,linear_fc1,14,0.615415,0.6161,0.695312,0.00921631
72000,linear_fc1,15,0.603946,0.604549,0.675781,0.0140381
72000,linear_fc1,16,0.579209,0.579726,0.648438,0.0131226
72000,linear_fc1,17,0.55746,0.557938,0.625,0.0322266
72000,linear_fc1,18,0.547879,0.548322,0.644531,0.0219727
72000,linear_fc1,19,0.545584,0.54601,0.65625,0.0319824
72000,linear_fc1,20,0.552205,0.552612,0.730469,0.0314941
72000,linear_fc1,21,0.549645,0.550065,0.730469,0.0240479
72000,linear_fc1,22,0.546869,0.547335,0.605469,0.00952148
72000,linear_fc1,23,0.552747,0.553199,0.609375,0.0238037
72000,linear_fc1,24,0.566398,0.56688,0.632812,0.0153809
72000,linear_fc1,25,0.593009,0.593511,0.648438,0.0146484
72000,linear_fc1,26,0.613914,0.614428,0.683594,0.00939941
72000,linear_fc1,27,0.637535,0.638079,0.691406,0.0119629
72000,linear_fc1,28,0.658745,0.659305,0.714844,0.00546265
72000,linear_fc1,29,0.6771,0.677666,0.734375,0.00430298
72000,linear_fc1,30,0.700374,0.700923,0.75,0.0157471
72000,linear_fc1,31,0.721325,0.721889,0.777344,0.0136108
72000,linear_fc1,32,0.734214,0.734788,0.792969,0.00692749
72000,linear_fc1,33,0.749923,0.750535,0.816406,0.00735474
72000,linear_fc1,34,0.769987,0.770615,0.824219,0.00354004
72000,linear_fc1,35,0.794854,0.795505,0.84375,0.00411987
72000,linear_fc1,36,0.82095,0.821637,1.00781,0.00717163
72000,linear_fc1,37,0.840033,0.840783,0.914062,0.00169373
72000,linear_fc1,38,0.856751,0.857553,0.90625,0.00445557
72000,linear_fc1,39,0.870228,0.8711,0.921875,0.000850677
72000,linear_fc1,40,0.882717,0.883643,0.929688,0.00233459
72000,linear_fc1,41,0.894756,0.895725,0.96875,0.00311279
72000,linear_fc1,42,0.906884,0.907922,0.957031,0.0038147
72000,linear_fc1,43,0.916911,0.917977,0.984375,0.00616455
72000,linear_fc1,44,0.923607,0.924761,1,0.00384521
72000,linear_fc1,45,0.931397,0.932583,1.00781,0.00457764
72000,linear_fc1,46,0.938543,0.93979,1.03906,0.00643921
72000,linear_fc1,47,0.946274,0.947542,1.04688,0.00848389
72000,linear_fc1,48,0.952829,0.954179,1.0625,0.00521851
72000,linear_fc1,49,0.965739,0.967123,1.08594,0.0185547
72000,linear_fc1,50,0.971234,0.97266,1.09375,0.0098877
72000,linear_fc1,51,0.97926,0.980727,1.14062,0.0341797
72000,linear_fc1,52,0.983372,0.984826,1.15625,0.0356445
72000,linear_fc1,53,0.98957,0.990923,1.19531,0.0830078
72000,linear_fc1,54,0.998186,0.999548,1.24219,0.115723
72000,linear_fc1,55,0.996332,0.997676,1.28125,0.0883789
72000,linear_fc1,56,0.997171,0.998477,1.35156,0.105957
72000,linear_fc1,57,1.0105,1.01187,1.39844,0.147461
72000,linear_fc1,58,1.01627,1.01769,1.42188,0.185547
72000,linear_fc1,59,1.0128,1.01433,1.45312,0.255859
72000,linear_fc1,60,1.02943,1.03114,1.54688,0.298828
72000,linear_fc1,61,1.063,1.06463,1.64062,0.339844
72000,linear_fc1,62,1.09761,1.09873,1.625,0.490234
72000,linear_fc1,63,1.19372,1.19509,1.8125,0.730469
72000,q_layernorm,0,1.20424,1.25581,1.98438,0.228516
72000,q_layernorm,1,1.58966,1.59928,2.04688,1.00781
72000,q_layernorm,2,1.521,1.53521,1.90625,0.875
72000,q_layernorm,3,1.62311,1.6397,1.99219,1.0625
72000,q_layernorm,4,1.54889,1.56089,1.99219,1.00781
72000,q_layernorm,5,1.50232,1.51516,1.85938,0.742188
72000,q_layernorm,6,1.78754,1.80759,2.21875,0.910156
72000,q_layernorm,7,1.64938,1.69302,2.14062,0.0698242
72000,q_layernorm,8,1.62737,1.65265,1.92969,0.265625
72000,q_layernorm,9,1.61154,1.64181,2.14062,0.0605469
72000,q_layernorm,10,1.65891,1.67513,2.125,0.609375
72000,q_layernorm,11,1.68753,1.71368,2.03125,0.425781
72000,q_layernorm,12,1.64209,1.66045,2.64062,0.535156
72000,q_layernorm,13,1.5766,1.60545,2.1875,0.0310059
72000,q_layernorm,14,1.5452,1.57163,2.17188,0.289062
72000,q_layernorm,15,1.68146,1.70331,2.17188,0.164062
72000,q_layernorm,16,1.52762,1.54969,2.25,0.382812
72000,q_layernorm,17,1.7106,1.7317,2.17188,0.820312
72000,q_layernorm,18,1.65558,1.69756,2.14062,0.19043
72000,q_layernorm,19,1.73887,1.77583,2.125,0.137695
72000,q_layernorm,20,1.61372,1.65323,2.21875,0.0354004
72000,q_layernorm,21,1.59904,1.65124,2.10938,0.029541
72000,q_layernorm,22,1.6789,1.75172,2.21875,-0.00254822
72000,q_layernorm,23,1.64886,1.67625,2.15625,0.0654297
72000,q_layernorm,24,1.64455,1.66861,2.01562,0.373047
72000,q_layernorm,25,1.56697,1.64219,2.14062,0.0290527
72000,q_layernorm,26,1.37889,1.49715,2.01562,-0.0250244
72000,q_layernorm,27,1.58459,1.64962,2.17188,0.0301514
72000,q_layernorm,28,1.34814,1.46361,1.84375,0.00500488
72000,q_layernorm,29,1.42095,1.51948,1.85156,0.00878906
72000,q_layernorm,30,1.49887,1.5473,2.03125,0.00466919
72000,q_layernorm,31,1.39563,1.47287,1.82031,0.0510254
72000,q_layernorm,32,1.58155,1.62323,1.99219,0.0732422
72000,q_layernorm,33,1.27534,1.41414,1.78125,0.00970459
72000,q_layernorm,34,1.39845,1.51207,1.92188,0.00375366
72000,q_layernorm,35,1.57986,1.6277,1.95312,0.0493164
72000,q_layernorm,36,1.44282,1.52059,1.95312,0.0090332
72000,q_layernorm,37,1.31602,1.35889,1.75781,0.251953
72000,q_layernorm,38,1.66162,1.66778,1.99219,1.05469
72000,q_layernorm,39,1.47087,1.4971,1.86719,0.458984
72000,q_layernorm,40,1.33945,1.41695,1.78906,0.147461
72000,q_layernorm,41,1.34955,1.41952,1.76562,0.179688
72000,q_layernorm,42,1.22385,1.28874,1.70312,0.369141
72000,q_layernorm,43,1.31854,1.36459,1.84375,0.40625
72000,q_layernorm,44,1.22643,1.32332,1.78906,0.263672
72000,q_layernorm,45,1.25319,1.37082,1.79688,0.0717773
72000,q_layernorm,46,1.34977,1.44433,1.85156,0.065918
72000,q_layernorm,47,1.23643,1.33633,1.72656,0.116211
72000,q_layernorm,48,1.47358,1.54409,1.85156,0.065918
72000,q_layernorm,49,1.30866,1.39945,1.78125,0.0203857
72000,q_layernorm,50,1.45519,1.48217,1.77344,0.158203
72000,q_layernorm,51,1.45699,1.51163,1.85938,-0.00698853
72000,q_layernorm,52,1.54839,1.56672,1.83594,0.0908203
72000,q_layernorm,53,1.4211,1.49728,1.85156,0.0673828
72000,q_layernorm,54,1.31318,1.41372,1.74219,0.0522461
72000,q_layernorm,55,1.54749,1.56511,2,0.523438
72000,q_layernorm,56,1.57573,1.59276,1.875,0.205078
72000,q_layernorm,57,1.51249,1.54538,2.03125,0.0354004
72000,q_layernorm,58,1.62335,1.62931,1.85156,1.10938
72000,q_layernorm,59,1.54114,1.5493,1.9375,1.01562
72000,q_layernorm,60,1.48111,1.49027,1.75781,0.894531
72000,q_layernorm,61,1.4884,1.4997,1.96094,0.914062
72000,q_layernorm,62,1.38507,1.39132,1.75781,1.0625
72000,q_layernorm,63,1.19669,1.20178,1.50781,0.808594
72000,k_layernorm,0,1.20448,1.26501,2.71875,0.186523
72000,k_layernorm,1,1.57864,1.58753,1.98438,0.957031
72000,k_layernorm,2,1.50961,1.5275,2.21875,0.8125
72000,k_layernorm,3,1.60342,1.62614,2.10938,0.773438
72000,k_layernorm,4,1.53055,1.5483,1.94531,0.808594
72000,k_layernorm,5,1.49683,1.51108,1.86719,1.03906
72000,k_layernorm,6,1.76053,1.78338,2.20312,0.699219
72000,k_layernorm,7,1.61572,1.6655,2.10938,0.00610352
72000,k_layernorm,8,1.60937,1.63893,2.10938,0.0908203
72000,k_layernorm,9,1.5626,1.60313,2.07812,0.0498047
72000,k_layernorm,10,1.62607,1.65159,2.28125,0.5625
72000,k_layernorm,11,1.65026,1.68841,2.17188,0.186523
72000,k_layernorm,12,1.61234,1.62828,2.0625,0.878906
72000,k_layernorm,13,1.54718,1.58334,2.46875,0.0373535
72000,k_layernorm,14,1.51307,1.54596,1.94531,0.0722656
72000,k_layernorm,15,1.65466,1.67931,2.28125,0.167969
72000,k_layernorm,16,1.50258,1.53685,2.60938,0.326172
72000,k_layernorm,17,1.68665,1.70829,2.04688,0.601562
72000,k_layernorm,18,1.6126,1.66977,2.15625,0.024292
72000,k_layernorm,19,1.70263,1.75179,2.1875,0.0273438
72000,k_layernorm,20,1.5726,1.62117,2.17188,0.00958252
72000,k_layernorm,21,1.56087,1.62391,2.07812,0.0106201
72000,k_layernorm,22,1.65299,1.72638,2.125,0.006073
72000,k_layernorm,23,1.61857,1.65816,2,0.060791
72000,k_layernorm,24,1.61414,1.6494,2.26562,0.00628662
72000,k_layernorm,25,1.51481,1.60872,2.14062,-0.0566406
72000,k_layernorm,26,1.34467,1.47082,1.94531,0.0145264
72000,k_layernorm,27,1.52567,1.61461,2.17188,0.00100708
72000,k_layernorm,28,1.30399,1.43613,1.89062,0.0385742
72000,k_layernorm,29,1.36074,1.48214,1.85156,0.015625
72000,k_layernorm,30,1.44831,1.52021,1.95312,-0.00234985
72000,k_layernorm,31,1.34599,1.44131,1.88281,0.0620117
72000,k_layernorm,32,1.51309,1.57965,1.92969,0.0373535
72000,k_layernorm,33,1.23346,1.38578,1.80469,0.0419922
72000,k_layernorm,34,1.34559,1.48801,2.01562,0.0153198
72000,k_layernorm,35,1.48809,1.57557,2,0.0358887
72000,k_layernorm,36,1.37223,1.48104,2,0.0883789
72000,k_layernorm,37,1.29008,1.34559,1.91406,0.345703
72000,k_layernorm,38,1.62518,1.63909,2.0625,0.605469
72000,k_layernorm,39,1.42614,1.47254,2.04688,0.147461
72000,k_layernorm,40,1.29595,1.38951,1.875,0.162109
72000,k_layernorm,41,1.31291,1.39777,1.90625,0.188477
72000,k_layernorm,42,1.20924,1.28358,1.90625,0.314453
72000,k_layernorm,43,1.25491,1.33981,1.97656,0.265625
72000,k_layernorm,44,1.20897,1.3117,1.90625,0.228516
72000,k_layernorm,45,1.21501,1.34595,1.88281,0.0698242
72000,k_layernorm,46,1.30108,1.42337,2.03125,0.0551758
72000,k_layernorm,47,1.21114,1.31483,1.86719,0.119629
72000,k_layernorm,48,1.41728,1.50989,1.875,0.0245361
72000,k_layernorm,49,1.26688,1.37102,1.82031,-0.00909424
72000,k_layernorm,50,1.43471,1.47339,1.89062,0.112305
72000,k_layernorm,51,1.37784,1.46628,1.88281,0.00109863
72000,k_layernorm,52,1.49348,1.53952,1.96875,0.0336914
72000,k_layernorm,53,1.3833,1.47673,1.84375,0.0270996
72000,k_layernorm,54,1.27995,1.39829,1.89844,0.00408936
72000,k_layernorm,55,1.5128,1.54285,2.01562,0.145508
72000,k_layernorm,56,1.53716,1.56581,1.96094,0.0220947
72000,k_layernorm,57,1.4933,1.53205,1.91406,0.0527344
72000,k_layernorm,58,1.59534,1.60345,1.94531,1.07031
72000,k_layernorm,59,1.52338,1.53277,1.875,1.03906
72000,k_layernorm,60,1.43335,1.45865,1.84375,0.539062
72000,k_layernorm,61,1.46671,1.47873,1.97656,0.738281
72000,k_layernorm,62,1.37054,1.37675,1.69531,1.05469
72000,k_layernorm,63,1.19382,1.19839,1.44531,0.8125
72000,final_layernorm,-1,1.67504,1.69338,6.28125,0.197266
75126,linear_qkv,0,0.0384869,0.0422547,0.589844,0.00350952
75126,linear_qkv,1,0.291217,0.292211,0.714844,0.0368652
75126,linear_qkv,2,0.514204,0.515317,0.621094,0.0297852
75126,linear_qkv,3,0.644342,0.64547,1.02344,0.034668
75126,linear_qkv,4,0.673403,0.674632,0.984375,0.0354004
75126,linear_qkv,5,0.782511,0.783899,1.10938,0.0505371
75126,linear_qkv,6,0.854365,0.85594,1.17188,0.0893555
75126,linear_qkv,7,1.05492,1.05644,1.21094,0.160156
75126,linear_qkv,8,0.991454,0.993329,1.375,0.123535
75126,linear_qkv,9,0.931797,0.933424,1.35938,0.135742
75126,linear_qkv,10,0.938431,0.939935,1.46094,0.161133
75126,linear_qkv,11,1.0118,1.01362,1.45312,0.230469
75126,linear_qkv,12,0.955511,0.956689,1.49219,0.195312
75126,linear_qkv,13,1.01589,1.01733,1.40625,0.240234
75126,linear_qkv,14,0.983254,0.984563,1.27344,0.289062
75126,linear_qkv,15,1.10076,1.10216,1.42188,0.376953
75126,linear_qkv,16,1.12934,1.13045,1.375,0.494141
75126,linear_qkv,17,1.24372,1.24477,1.5625,0.605469
75126,linear_qkv,18,1.22283,1.22425,1.46094,0.550781
75126,linear_qkv,19,1.33792,1.33905,1.54688,0.574219
75126,linear_qkv,20,1.21717,1.21818,1.53125,0.582031
75126,linear_qkv,21,1.22765,1.22854,1.67969,0.652344
75126,linear_qkv,22,1.48143,1.48247,1.71094,0.601562
75126,linear_qkv,23,1.48506,1.48597,1.90625,0.660156
75126,linear_qkv,24,1.45594,1.45686,1.92969,0.628906
75126,linear_qkv,25,1.39094,1.39207,1.67188,0.458984
75126,linear_qkv,26,1.33492,1.33616,1.77344,0.431641
75126,linear_qkv,27,1.60173,1.60332,2.1875,0.429688
75126,linear_qkv,28,1.4563,1.45834,1.99219,0.314453
75126,linear_qkv,29,1.49088,1.49262,2.01562,0.376953
75126,linear_qkv,30,1.69295,1.6949,2.10938,0.324219
75126,linear_qkv,31,1.31471,1.3163,1.72656,0.196289
75126,linear_qkv,32,1.46772,1.46942,1.89844,0.267578
75126,linear_qkv,33,1.46603,1.46862,1.84375,0.212891
75126,linear_qkv,34,1.70898,1.71188,2.125,0.259766
75126,linear_qkv,35,1.56506,1.56721,1.90625,0.226562
75126,linear_qkv,36,1.33987,1.34204,1.55469,0.185547
75126,linear_qkv,37,0.923664,0.925122,1.11719,0.110352
75126,linear_qkv,38,1.23419,1.23543,1.44531,0.22168
75126,linear_qkv,39,1.0077,1.00921,1.1875,0.205078
75126,linear_qkv,40,1.13672,1.13853,1.38281,0.195312
75126,linear_qkv,41,1.07173,1.07358,1.3125,0.192383
75126,linear_qkv,42,0.959676,0.961638,1.19531,0.241211
75126,linear_qkv,43,1.01159,1.01353,1.22656,0.275391
75126,linear_qkv,44,1.10051,1.1027,1.33594,0.229492
75126,linear_qkv,45,1.21803,1.22005,1.45312,0.275391
75126,linear_qkv,46,1.30496,1.30687,1.48438,0.314453
75126,linear_qkv,47,1.10629,1.1081,1.30469,0.410156
75126,linear_qkv,48,1.45278,1.45493,1.67969,0.40625
75126,linear_qkv,49,1.37681,1.37897,1.60938,0.369141
75126,linear_qkv,50,1.30869,1.31072,1.51562,0.414062
75126,linear_qkv,51,1.49297,1.49621,1.75,0.410156
75126,linear_qkv,52,1.42749,1.4298,1.60938,0.484375
75126,linear_qkv,53,1.63485,1.63877,1.875,0.320312
75126,linear_qkv,54,1.48406,1.4878,1.72656,0.265625
75126,linear_qkv,55,1.55464,1.55768,1.82812,0.427734
75126,linear_qkv,56,1.61864,1.62236,1.85156,0.339844
75126,linear_qkv,57,1.49041,1.49454,1.76562,0.217773
75126,linear_qkv,58,1.55026,1.55382,1.84375,0.369141
75126,linear_qkv,59,1.37418,1.37786,1.63281,0.277344
75126,linear_qkv,60,1.20666,1.20932,1.4375,0.378906
75126,linear_qkv,61,1.14332,1.14564,1.41406,0.46875
75126,linear_qkv,62,1.03569,1.03663,1.22656,0.617188
75126,linear_qkv,63,0.978906,0.979579,1.19531,0.734375
75126,linear_fc1,0,0.452338,0.456346,0.757812,0.0108032
75126,linear_fc1,1,0.812677,0.815682,0.941406,0.00830078
75126,linear_fc1,2,0.868727,0.870433,1.17969,0.00527954
75126,linear_fc1,3,0.856358,0.857675,1,0.00674438
75126,linear_fc1,4,0.83532,0.836496,1.07031,0.00358582
75126,linear_fc1,5,0.759782,0.760812,1.89844,0.00576782
75126,linear_fc1,6,0.703683,0.704636,1.04688,0.00695801
75126,linear_fc1,7,0.677123,0.678122,0.992188,0.0144043
75126,linear_fc1,8,0.677942,0.678929,0.925781,0.00643921
75126,linear_fc1,9,0.675866,0.676833,0.941406,0.0019455
75126,linear_fc1,10,0.655919,0.656855,0.832031,0.00823975
75126,linear_fc1,11,0.644804,0.645668,0.730469,0.00201416
75126,linear_fc1,12,0.64157,0.642395,0.734375,0.00302124
75126,linear_fc1,13,0.635024,0.635796,0.714844,0.00236511
75126,linear_fc1,14,0.616308,0.61702,0.691406,0.00476074
75126,linear_fc1,15,0.604185,0.604817,0.675781,0.00753784
75126,linear_fc1,16,0.579374,0.579925,0.652344,0.00671387
75126,linear_fc1,17,0.557942,0.558446,0.625,0.0224609
75126,linear_fc1,18,0.548527,0.548992,0.660156,0.0139771
75126,linear_fc1,19,0.546185,0.546643,0.675781,0.0252686
75126,linear_fc1,20,0.552448,0.552886,0.75,0.0219727
75126,linear_fc1,21,0.548929,0.549382,0.75,0.0147705
75126,linear_fc1,22,0.545203,0.545703,0.625,0.00350952
75126,linear_fc1,23,0.550911,0.551395,0.613281,0.0168457
75126,linear_fc1,24,0.564263,0.564772,0.644531,0.0109253
75126,linear_fc1,25,0.590663,0.591187,0.644531,0.00939941
75126,linear_fc1,26,0.611185,0.611726,0.667969,0.00540161
75126,linear_fc1,27,0.635642,0.636211,0.695312,0.00588989
75126,linear_fc1,28,0.65598,0.656562,0.714844,0.00283813
75126,linear_fc1,29,0.674056,0.674645,0.734375,0.0030365
75126,linear_fc1,30,0.697592,0.698159,0.753906,0.00946045
75126,linear_fc1,31,0.718571,0.719155,0.777344,0.00842285
75126,linear_fc1,32,0.730767,0.731361,0.785156,0.00334167
75126,linear_fc1,33,0.746203,0.74683,0.804688,0.00436401
75126,linear_fc1,34,0.765984,0.766632,0.824219,0.00350952
75126,linear_fc1,35,0.791569,0.792241,0.847656,0.00234985
75126,linear_fc1,36,0.81808,0.81879,1.03125,0.00476074
75126,linear_fc1,37,0.83672,0.837493,0.933594,0.00219727
75126,linear_fc1,38,0.853757,0.85458,0.90625,0.00157928
75126,linear_fc1,39,0.866895,0.867783,0.921875,0.00118256
75126,linear_fc1,40,0.879276,0.880225,0.925781,0.00221252
75126,linear_fc1,41,0.891019,0.892006,0.945312,0.00238037
75126,linear_fc1,42,0.902804,0.903859,0.960938,0.00338745
75126,linear_fc1,43,0.913301,0.914382,0.976562,0.00521851
75126,linear_fc1,44,0.919389,0.920553,1,0.00289917
75126,linear_fc1,45,0.926684,0.927881,1.00781,0.0032196
75126,linear_fc1,46,0.934298,0.935555,1.03125,0.00582886
75126,linear_fc1,47,0.94199,0.943266,1.03125,0.00570679
75126,linear_fc1,48,0.948397,0.949757,1.05469,0.0039978
75126,linear_fc1,49,0.961598,0.962979,1.07812,0.0159912
75126,linear_fc1,50,0.967054,0.968484,1.10156,0.00628662
75126,linear_fc1,51,0.975222,0.976686,1.14062,0.0294189
75126,linear_fc1,52,0.979925,0.981378,1.14062,0.0279541
75126,linear_fc1,53,0.985959,0.987312,1.17969,0.0761719
75126,linear_fc1,54,0.995656,0.997019,1.23438,0.105469
75126,linear_fc1,55,0.994622,0.995967,1.27344,0.0805664
75126,linear_fc1,56,0.997052,0.998361,1.35156,0.0991211
75126,linear_fc1,57,1.00967,1.01103,1.375,0.131836
75126,linear_fc1,58,1.01381,1.01522,1.41406,0.172852
75126,linear_fc1,59,1.00841,1.00992,1.44531,0.231445
75126,linear_fc1,60,1.01853,1.0202,1.52344,0.283203
75126,linear_fc1,61,1.0727,1.07431,1.63281,0.320312
75126,linear_fc1,62,1.10004,1.10116,1.64062,0.486328
75126,linear_fc1,63,1.19543,1.19679,1.83594,0.75
75126,q_layernorm,0,1.20219,1.2558,2.01562,0.214844
75126,q_layernorm,1,1.59479,1.6048,2.04688,0.992188
75126,q_layernorm,2,1.52643,1.54121,1.91406,0.859375
75126,q_layernorm,3,1.6261,1.6432,2,1.04688
75126,q_layernorm,4,1.5528,1.56534,2.01562,1
75126,q_layernorm,5,1.50513,1.51853,1.86719,0.722656
75126,q_layernorm,6,1.79141,1.81204,2.21875,0.90625
75126,q_layernorm,7,1.64941,1.69293,2.15625,0.0825195
75126,q_layernorm,8,1.62863,1.65418,1.94531,0.271484
75126,q_layernorm,9,1.61506,1.64586,2.17188,0.057373
75126,q_layernorm,10,1.66022,1.67716,2.14062,0.585938
75126,q_layernorm,11,1.69058,1.71716,2.03125,0.433594
75126,q_layernorm,12,1.64798,1.66713,2.67188,0.511719
75126,q_layernorm,13,1.57944,1.60888,2.23438,0.0341797
75126,q_layernorm,14,1.55055,1.57772,2.1875,0.283203
75126,q_layernorm,15,1.68793,1.71054,2.20312,0.15332
75126,q_layernorm,16,1.53423,1.5575,2.29688,0.353516
75126,q_layernorm,17,1.71603,1.73779,2.1875,0.796875
75126,q_layernorm,18,1.65865,1.70078,2.15625,0.198242
75126,q_layernorm,19,1.74352,1.78099,2.14062,0.126953
75126,q_layernorm,20,1.61895,1.65875,2.25,0.0422363
75126,q_layernorm,21,1.60513,1.65711,2.125,0.0393066
75126,q_layernorm,22,1.68328,1.75638,2.23438,0.00138092
75126,q_layernorm,23,1.65053,1.67849,2.15625,0.0644531
75126,q_layernorm,24,1.64705,1.67173,2.04688,0.376953
75126,q_layernorm,25,1.56763,1.6434,2.15625,0.00765991
75126,q_layernorm,26,1.38155,1.49926,2.01562,-0.0322266
75126,q_layernorm,27,1.58751,1.65275,2.1875,0.0305176
75126,q_layernorm,28,1.34922,1.46489,1.84375,-0.000208855
75126,q_layernorm,29,1.42207,1.51995,1.85938,0.0205078
75126,q_layernorm,30,1.50341,1.552,2.03125,0.00180817
75126,q_layernorm,31,1.39651,1.47341,1.82812,0.0510254
75126,q_layernorm,32,1.58318,1.62509,2,0.0634766
75126,q_layernorm,33,1.2748,1.41323,1.78906,0.0172119
75126,q_layernorm,34,1.40034,1.51468,1.92188,0.00418091
75126,q_layernorm,35,1.58072,1.6288,1.94531,0.0224609
75126,q_layernorm,36,1.44245,1.51996,1.9375,0.0105591
75126,q_layernorm,37,1.31001,1.3528,1.75781,0.232422
75126,q_layernorm,38,1.65826,1.66459,2,1.03125
75126,q_layernorm,39,1.46909,1.49542,1.85938,0.429688
75126,q_layernorm,40,1.33955,1.41592,1.78125,0.143555
75126,q_layernorm,41,1.35085,1.42026,1.75781,0.173828
75126,q_layernorm,42,1.22141,1.28521,1.71094,0.365234
75126,q_layernorm,43,1.3168,1.36248,1.84375,0.378906
75126,q_layernorm,44,1.22533,1.3217,1.78125,0.263672
75126,q_layernorm,45,1.253,1.37066,1.78906,0.0432129
75126,q_layernorm,46,1.35319,1.44812,1.84375,0.0603027
75126,q_layernorm,47,1.2376,1.33716,1.72656,0.104004
75126,q_layernorm,48,1.47618,1.54662,1.85156,0.0668945
75126,q_layernorm,49,1.31214,1.40278,1.78906,0.0317383
75126,q_layernorm,50,1.45806,1.48502,1.77344,0.151367
75126,q_layernorm,51,1.46002,1.51492,1.85156,-0.0128784
75126,q_layernorm,52,1.55187,1.57022,1.83594,0.0825195
75126,q_layernorm,53,1.42517,1.5013,1.85156,0.0532227
75126,q_layernorm,54,1.31497,1.41532,1.74219,0.0593262
75126,q_layernorm,55,1.55304,1.57118,2,0.5
75126,q_layernorm,56,1.58314,1.60085,1.88281,0.188477
75126,q_layernorm,57,1.51956,1.55261,2.03125,0.0395508
75126,q_layernorm,58,1.62915,1.63543,1.85156,1.07031
75126,q_layernorm,59,1.54376,1.55225,1.95312,1.00781
75126,q_layernorm,60,1.4826,1.49174,1.76562,0.882812
75126,q_layernorm,61,1.50653,1.51858,1.98438,0.90625
75126,q_layernorm,62,1.39209,1.39864,1.75,1.05469
75126,q_layernorm,63,1.20154,1.20686,1.52344,0.800781
75126,k_layernorm,0,1.20288,1.26586,2.79688,0.171875
75126,k_layernorm,1,1.58411,1.59344,1.99219,0.953125
75126,k_layernorm,2,1.51505,1.5338,2.26562,0.792969
75126,k_layernorm,3,1.60706,1.63056,2.10938,0.769531
75126,k_layernorm,4,1.53458,1.55307,1.96875,0.8125
75126,k_layernorm,5,1.49969,1.51454,1.89844,1.03125
75126,k_layernorm,6,1.7648,1.78842,2.23438,0.707031
75126,k_layernorm,7,1.61588,1.66564,2.10938,0.00552368
75126,k_layernorm,8,1.6104,1.64041,2.14062,0.0800781
75126,k_layernorm,9,1.56547,1.60645,2.10938,0.0571289
75126,k_layernorm,10,1.62772,1.65403,2.32812,0.550781
75126,k_layernorm,11,1.65406,1.69283,2.1875,0.180664
75126,k_layernorm,12,1.61829,1.63482,2.09375,0.878906
75126,k_layernorm,13,1.55061,1.58746,2.53125,0.0498047
75126,k_layernorm,14,1.51847,1.5522,1.96875,0.0595703
75126,k_layernorm,15,1.66076,1.68638,2.32812,0.15918
75126,k_layernorm,16,1.50929,1.54522,2.6875,0.318359
75126,k_layernorm,17,1.69186,1.7142,2.0625,0.59375
75126,k_layernorm,18,1.61582,1.67324,2.15625,0.0322266
75126,k_layernorm,19,1.70716,1.7568,2.20312,0.0322266
75126,k_layernorm,20,1.57726,1.62637,2.20312,-0.00354004
75126,k_layernorm,21,1.56646,1.6296,2.10938,0.00552368
75126,k_layernorm,22,1.65673,1.73009,2.14062,0.0206299
75126,k_layernorm,23,1.62105,1.66114,2.01562,0.0620117
75126,k_layernorm,24,1.61738,1.65367,2.29688,0.00561523
75126,k_layernorm,25,1.51669,1.61079,2.15625,-0.0466309
75126,k_layernorm,26,1.347,1.4732,1.96094,-0.0010376
75126,k_layernorm,27,1.52837,1.61762,2.1875,-0.0100098
75126,k_layernorm,28,1.30527,1.43796,1.89844,0.0291748
75126,k_layernorm,29,1.36176,1.48246,1.85156,0.0123901
75126,k_layernorm,30,1.45225,1.52431,1.96875,0.00195312
75126,k_layernorm,31,1.34608,1.44169,1.88281,0.0625
75126,k_layernorm,32,1.51508,1.58166,1.94531,0.0395508
75126,k_layernorm,33,1.23166,1.38424,1.8125,0.0272217
75126,k_layernorm,34,1.34705,1.49001,2.01562,0.0180664
75126,k_layernorm,35,1.48977,1.57746,1.99219,0.0368652
75126,k_layernorm,36,1.37049,1.48045,2.01562,0.0742188
75126,k_layernorm,37,1.28365,1.33992,1.91406,0.322266
75126,k_layernorm,38,1.6218,1.63601,2.04688,0.597656
75126,k_layernorm,39,1.42402,1.47072,2.04688,0.137695
75126,k_layernorm,40,1.29523,1.38903,1.86719,0.158203
75126,k_layernorm,41,1.31311,1.39804,1.89844,0.186523
75126,k_layernorm,42,1.20602,1.27963,1.90625,0.308594
75126,k_layernorm,43,1.25253,1.33794,1.98438,0.259766
75126,k_layernorm,44,1.20799,1.31036,1.89062,0.232422
75126,k_layernorm,45,1.21499,1.34634,1.88281,0.0471191
75126,k_layernorm,46,1.30406,1.42673,2.04688,0.050293
75126,k_layernorm,47,1.21183,1.31522,1.86719,0.108398
75126,k_layernorm,48,1.4198,1.51297,1.88281,-0.00402832
75126,k_layernorm,49,1.26937,1.374,1.82812,-0.0135498
75126,k_layernorm,50,1.4372,1.47644,1.89844,0.115723
75126,k_layernorm,51,1.38026,1.46996,1.90625,0.020752
75126,k_layernorm,52,1.49655,1.54263,1.96875,0.0500488
75126,k_layernorm,53,1.38628,1.48057,1.84375,0.0299072
75126,k_layernorm,54,1.28138,1.40048,1.90625,-0.00469971
75126,k_layernorm,55,1.51836,1.54897,2.01562,0.138672
75126,k_layernorm,56,1.54459,1.57391,1.97656,0.0252686
75126,k_layernorm,57,1.49943,1.53854,1.92969,0.0678711
75126,k_layernorm,58,1.60162,1.61013,1.94531,1.03906
75126,k_layernorm,59,1.52582,1.53545,1.89062,1.03125
75126,k_layernorm,60,1.43402,1.46002,1.85938,0.519531
75126,k_layernorm,61,1.48419,1.49717,1.98438,0.742188
75126,k_layernorm,62,1.37823,1.38463,1.70312,1.04688
75126,k_layernorm,63,1.19778,1.20257,1.46094,0.800781
75126,final_layernorm,-1,1.67784,1.6968,6.3125,0.195312
