ck,task,idx,n,c_grader,c_lenient,capped,loop,fin,fin_ok,mean_tokens
v1annealC_108k,AIME24,2,16,0,1,12,2,4,0,2976.125
v1annealC_108k,AIME24,6,16,0,0,14,1,2,0,3495.4375
v1annealC_108k,AIME24,10,16,0,0,11,2,5,0,2781.1875
v1annealC_108k,AIME24,14,16,0,0,10,0,6,0,2692.75
v1annealC_108k,AIME24,18,16,5,6,9,1,7,4,2999.0
v1annealC_108k,AIME24,22,16,0,1,15,0,1,0,3608.75
v1annealC_108k,AIME24,26,16,0,0,9,0,7,0,2418.75
v1annealC_108k,AIME25,1,16,0,0,16,2,0,0,3927.0
v1annealC_108k,AIME25,5,16,10,10,3,1,13,10,2793.8125
v1annealC_108k,AIME25,9,16,0,0,12,5,4,0,3087.625
v1annealC_108k,AIME25,13,16,0,0,14,2,2,0,3541.3125
v1annealC_108k,AIME25,17,16,0,0,12,7,4,0,3099.8125
v1annealC_108k,AIME25,21,16,0,0,14,0,2,0,3545.1875
v1annealC_108k,AIME25,25,16,0,0,13,1,3,0,3409.0
v1annealC_108k,AIME25,29,16,0,0,12,2,4,0,3086.9375
v1annealC_108k,AMC23,2,16,3,3,4,1,12,3,1187.0
v1annealC_108k,AMC23,6,16,0,0,12,2,4,0,3203.5625
v1annealC_108k,AMC23,10,16,4,6,11,2,5,2,2992.1875
v1annealC_108k,AMC23,14,16,4,4,8,0,8,1,2016.25
v1annealC_108k,AMC23,18,16,0,0,15,10,1,0,3772.875
v1annealC_108k,AMC23,22,16,5,5,7,4,9,5,2517.875
v1annealC_108k,AMC23,26,16,9,9,4,2,12,9,2242.75
v1annealC_108k,AMC23,30,16,9,9,4,2,12,8,1369.3125
v1annealC_108k,AMC23,34,16,3,5,5,1,11,5,1331.8125
v1annealC_108k,AMC23,38,16,2,2,10,2,6,1,2881.1875
v1annealC_108k,MATH500,1,4,3,3,1,0,3,3,2931.75
v1annealC_108k,MATH500,5,4,2,2,1,0,3,2,1234.25
v1annealC_108k,MATH500,9,4,0,0,1,0,3,0,986.5
v1annealC_108k,MATH500,13,4,4,4,0,0,4,4,456.5
v1annealC_108k,MATH500,17,4,0,0,1,0,3,0,963.25
v1annealC_108k,MATH500,21,4,0,0,1,0,3,0,1240.5
v1annealC_108k,MATH500,25,4,0,0,2,0,2,0,2493.25
v1annealC_108k,MATH500,29,4,0,0,0,0,4,0,48.25
v1annealC_108k,MATH500,33,4,0,0,1,0,3,0,1224.25
v1annealC_108k,MATH500,37,4,3,4,1,1,3,3,1042.75
v1annealC_108k,MATH500,41,4,1,1,2,0,2,1,2157.75
v1annealC_108k,MATH500,45,4,3,4,1,1,3,3,1771.75
v1annealC_108k,MATH500,49,4,1,1,0,0,4,1,422.0
v1annealC_108k,MATH500,53,4,4,4,0,0,4,4,273.0
v1annealC_108k,MATH500,57,4,3,3,1,0,3,3,2630.75
v1annealC_108k,MATH500,61,4,1,2,1,0,3,1,1346.25
v1annealC_108k,MATH500,65,4,4,4,1,1,3,3,1083.5
v1annealC_108k,MATH500,69,4,2,3,2,1,2,2,2142.5
v1annealC_108k,MATH500,73,4,4,4,0,0,4,4,453.25
v1annealC_108k,MATH500,77,4,3,3,1,1,3,2,1349.5
v1annealC_108k,MATH500,81,4,3,3,0,0,4,3,856.75
v1annealC_108k,MATH500,85,4,2,2,2,2,2,2,2388.0
v1annealC_108k,MATH500,89,4,0,0,1,1,3,0,1078.5
v1annealC_108k,MATH500,93,4,0,0,0,0,4,0,23.0
v1annealC_108k,MATH500,97,4,0,0,2,1,2,0,2117.75
v1annealC_108k,MATH500,101,4,0,0,1,0,3,0,1352.5
v1annealC_108k,MATH500,105,4,4,4,0,0,4,4,1684.25
v1annealC_108k,MATH500,109,4,0,0,3,1,1,0,3868.75
v1annealC_108k,MATH500,113,4,3,3,1,1,3,2,1669.25
v1annealC_108k,MATH500,117,4,4,4,0,0,4,4,425.25
v1annealC_108k,MATH500,121,4,3,3,0,0,4,3,65.25
v1annealC_108k,MATH500,125,4,4,4,1,1,3,3,1139.5
v1annealC_108k,MATH500,129,4,2,2,4,1,0,0,4028.0
v1annealC_108k,MATH500,133,4,1,3,2,1,2,2,2112.5
v1annealC_108k,MATH500,137,4,1,1,2,1,2,1,2164.5
v1annealC_108k,MATH500,141,4,4,4,0,0,4,4,549.0
v1annealC_108k,MATH500,145,4,0,0,4,0,0,0,4026.0
v1annealC_108k,MATH500,149,4,3,3,1,0,3,3,2443.25
v1annealC_108k,MATH500,153,4,1,1,0,0,4,1,259.0
v1annealC_108k,MATH500,157,4,2,2,0,0,4,2,144.0
v1annealC_108k,MATH500,161,4,1,2,1,1,3,1,1707.25
v1annealC_108k,MATH500,165,4,2,2,0,0,4,2,198.25
v1annealC_108k,MATH500,169,4,2,3,0,0,4,3,429.5
v1annealC_108k,MATH500,173,4,1,1,0,0,4,1,329.25
v1annealC_108k,MATH500,177,4,0,0,2,1,2,0,1965.5
v1annealC_108k,MATH500,181,4,3,3,0,0,4,3,1185.0
v1annealC_108k,MATH500,185,4,3,4,1,1,3,3,1021.0
v1annealC_108k,MATH500,189,4,0,0,3,0,1,0,2677.0
v1annealC_108k,MATH500,193,4,0,1,4,2,0,0,4029.0
v1annealC_108k,MATH500,197,4,0,0,0,0,4,0,221.75
v1annealC_108k,MATH500,201,4,1,1,2,1,2,1,2714.5
v1annealC_108k,MATH500,205,4,2,2,2,0,2,1,2725.0
v1annealC_108k,MATH500,209,4,3,3,1,0,3,3,1866.75
v1annealC_108k,MATH500,213,4,1,1,1,0,3,1,1375.0
v1annealC_108k,MATH500,217,4,0,0,2,2,2,0,3029.25
v1annealC_108k,MATH500,221,4,1,1,1,0,3,1,1192.75
v1annealC_108k,MATH500,225,4,1,2,1,1,3,1,1270.5
v1annealC_108k,MATH500,229,4,1,2,1,1,3,2,1158.0
v1annealC_108k,MATH500,233,4,1,1,2,0,2,1,2467.75
v1annealC_108k,MATH500,237,4,2,2,1,1,3,2,1216.0
v1annealC_108k,MATH500,241,4,2,2,2,0,2,2,2981.25
v1annealC_108k,MATH500,245,4,1,1,1,0,3,1,1807.25
v1annealC_108k,MATH500,249,4,3,3,0,0,4,3,2152.0
v1annealC_108k,MATH500,253,4,4,4,1,1,3,3,1061.75
v1annealC_108k,MATH500,257,4,0,0,0,0,4,0,339.25
v1annealC_108k,MATH500,261,4,4,4,1,1,3,3,1604.5
v1annealC_108k,MATH500,265,4,3,4,0,0,4,4,526.25
v1annealC_108k,MATH500,269,4,2,3,2,1,2,2,2544.75
v1annealC_108k,MATH500,273,4,3,4,1,0,3,3,2083.5
v1annealC_108k,MATH500,277,4,4,4,1,1,3,3,1047.75
v1annealC_108k,MATH500,281,4,1,1,1,1,3,1,1058.0
v1annealC_108k,MATH500,285,4,0,1,3,1,1,0,2936.75
v1annealC_108k,MATH500,289,4,4,4,0,0,4,4,578.5
v1annealC_108k,MATH500,293,4,1,1,0,0,4,1,715.5
v1annealC_108k,MATH500,297,4,0,0,1,0,3,0,1002.0
v1annealC_108k,MATH500,301,4,1,1,0,0,4,1,180.25
v1annealC_108k,MATH500,305,4,2,2,1,1,3,2,1105.75
v1annealC_108k,MATH500,309,4,0,2,3,2,1,0,3152.0
v1annealC_108k,MATH500,313,4,2,2,1,1,3,2,1490.0
v1annealC_108k,MATH500,317,4,0,1,1,0,3,0,1269.25
v1annealC_108k,MATH500,321,4,2,2,0,0,4,2,525.5
v1annealC_108k,MATH500,325,4,4,4,0,0,4,4,703.25
v1annealC_108k,MATH500,329,4,2,4,0,0,4,4,113.75
v1annealC_108k,MATH500,333,4,0,0,1,1,3,0,1275.25
v1annealC_108k,MATH500,337,4,3,4,1,1,3,3,1890.75
v1annealC_108k,MATH500,341,4,0,0,2,2,2,0,2173.5
v1annealC_108k,MATH500,345,4,4,4,0,0,4,4,575.25
v1annealC_108k,MATH500,349,4,0,0,3,0,1,0,3037.0
v1annealC_108k,MATH500,353,4,2,2,1,0,3,2,1112.25
v1annealC_108k,MATH500,357,4,1,1,2,2,2,1,2570.25
v1annealC_108k,MATH500,361,4,0,0,3,1,1,0,3537.0
v1annealC_108k,MATH500,365,4,0,1,1,0,3,0,1238.75
v1annealC_108k,MATH500,369,4,0,1,1,1,3,1,1120.5
v1annealC_108k,MATH500,373,4,1,1,0,0,4,1,150.75
v1annealC_108k,MATH500,377,4,3,3,0,0,4,3,52.5
v1annealC_108k,MATH500,381,4,0,0,2,0,2,0,2131.5
v1annealC_108k,MATH500,385,4,2,2,0,0,4,2,919.25
v1annealC_108k,MATH500,389,4,1,1,1,0,3,1,1113.75
v1annealC_108k,MATH500,393,4,3,3,0,0,4,3,379.25
v1annealC_108k,MATH500,397,4,4,4,0,0,4,4,958.5
v1annealC_108k,MATH500,401,4,0,0,3,0,1,0,3148.25
v1annealC_108k,MATH500,405,4,3,3,0,0,4,3,990.75
v1annealC_108k,MATH500,409,4,3,3,1,0,3,2,2622.25
v1annealC_108k,MATH500,413,4,2,2,2,2,2,2,2468.5
v1annealC_108k,MATH500,417,4,2,2,0,0,4,2,1227.0
v1annealC_108k,MATH500,421,4,0,0,3,0,1,0,3111.75
v1annealC_108k,MATH500,425,4,0,0,3,1,1,0,3413.75
v1annealC_108k,MATH500,429,4,4,4,0,0,4,4,2008.75
v1annealC_108k,MATH500,433,4,4,4,0,0,4,4,61.75
v1annealC_108k,MATH500,437,4,3,3,0,0,4,3,1458.5
v1annealC_108k,MATH500,441,4,1,2,2,2,2,1,2070.0
v1annealC_108k,MATH500,445,4,0,0,1,0,3,0,954.25
v1annealC_108k,MATH500,449,4,4,4,0,0,4,4,842.75
v1annealC_108k,MATH500,453,4,0,0,1,1,3,0,1098.75
v1annealC_108k,MATH500,457,4,4,4,0,0,4,4,42.0
v1annealC_108k,MATH500,461,4,0,0,2,2,2,0,1992.25
v1annealC_108k,MATH500,465,4,1,1,1,0,3,1,1136.75
v1annealC_108k,MATH500,469,4,3,4,1,1,3,3,1068.0
v1annealC_108k,MATH500,473,4,0,0,1,1,3,0,1222.75
v1annealC_108k,MATH500,477,4,2,3,1,1,3,2,2072.25
v1annealC_108k,MATH500,481,4,0,0,2,2,2,0,2216.0
v1annealC_108k,MATH500,485,4,0,0,1,0,3,0,1349.25
v1annealC_108k,MATH500,489,4,3,3,1,0,3,2,1543.5
v1annealC_108k,MATH500,493,4,2,2,3,0,1,0,3012.25
v1annealC_108k,MATH500,497,4,0,0,1,0,3,0,1166.25
v1annealC_108k,AIME24,3,16,6,6,10,2,6,3,3115.875
v1annealC_108k,AIME24,7,16,0,0,14,2,2,0,3218.5625
v1annealC_108k,AIME24,11,16,0,0,11,3,5,0,2755.75
v1annealC_108k,AIME24,15,16,3,3,13,1,3,2,3599.125
v1annealC_108k,AIME24,19,16,0,0,13,1,3,0,3087.375
v1annealC_108k,AIME24,23,16,0,0,12,0,4,0,3170.75
v1annealC_108k,AIME24,27,16,1,1,15,1,1,0,3754.375
v1annealC_108k,AIME25,2,16,1,4,9,0,7,0,2577.5
v1annealC_108k,AIME25,6,16,0,0,15,1,1,0,3710.4375
v1annealC_108k,AIME25,10,16,0,0,15,3,1,0,3640.75
v1annealC_108k,AIME25,14,16,0,0,15,4,1,0,3857.4375
v1annealC_108k,AIME25,18,16,0,0,12,1,4,0,3024.75
v1annealC_108k,AIME25,22,16,0,0,12,4,4,0,3103.375
v1annealC_108k,AIME25,26,16,0,0,14,2,2,0,3394.1875
v1annealC_108k,AMC23,3,16,7,7,1,1,15,7,1692.25
v1annealC_108k,AMC23,7,16,0,2,12,5,4,0,3049.1875
v1annealC_108k,AMC23,11,16,1,1,13,1,3,1,3304.5
v1annealC_108k,AMC23,15,16,1,1,10,0,6,0,2518.25
v1annealC_108k,AMC23,19,16,9,9,3,2,13,9,1730.25
v1annealC_108k,AMC23,23,16,7,7,5,2,11,7,2291.9375
v1annealC_108k,AMC23,27,16,0,0,9,1,7,0,2501.625
v1annealC_108k,AMC23,31,16,0,0,11,2,5,0,2862.6875
v1annealC_108k,AMC23,35,16,1,5,10,2,6,1,2592.0625
v1annealC_108k,AMC23,39,16,1,3,8,3,8,2,2065.4375
v1annealC_108k,MATH500,2,4,3,3,0,0,4,3,274.75
v1annealC_108k,MATH500,6,4,2,2,0,0,4,2,1520.75
v1annealC_108k,MATH500,10,4,1,1,3,1,1,0,3092.5
v1annealC_108k,MATH500,14,4,1,1,2,0,2,1,2433.0
v1annealC_108k,MATH500,18,4,0,0,1,0,3,0,1114.0
v1annealC_108k,MATH500,22,4,2,2,0,0,4,2,1088.25
v1annealC_108k,MATH500,26,4,0,0,1,0,3,0,1289.75
v1annealC_108k,MATH500,30,4,2,2,0,0,4,2,112.0
v1annealC_108k,MATH500,34,4,2,3,0,0,4,3,1020.75
v1annealC_108k,MATH500,38,4,3,3,0,0,4,3,107.5
v1annealC_108k,MATH500,42,4,4,4,1,1,3,3,1748.75
v1annealC_108k,MATH500,46,4,2,2,0,0,4,2,1533.5
v1annealC_108k,MATH500,50,4,2,2,1,1,3,2,1487.5
v1annealC_108k,MATH500,54,4,3,4,1,0,3,3,1057.5
v1annealC_108k,MATH500,58,4,0,0,1,1,3,0,1186.75
v1annealC_108k,MATH500,62,4,2,2,0,0,4,2,227.5
v1annealC_108k,MATH500,66,4,1,1,2,2,2,1,2087.75
v1annealC_108k,MATH500,70,4,3,3,1,0,3,3,1104.0
v1annealC_108k,MATH500,74,4,2,2,0,0,4,2,257.0
v1annealC_108k,MATH500,78,4,2,2,1,1,3,2,2091.5
v1annealC_108k,MATH500,82,4,1,1,4,1,0,0,3998.0
v1annealC_108k,MATH500,86,4,1,3,2,2,2,2,2086.25
v1annealC_108k,MATH500,90,4,1,1,0,0,4,1,18.25
v1annealC_108k,MATH500,94,4,0,0,3,0,1,0,2770.75
v1annealC_108k,MATH500,98,4,4,4,0,0,4,4,139.5
v1annealC_108k,MATH500,102,4,4,4,0,0,4,4,548.75
v1annealC_108k,MATH500,106,4,2,2,0,0,4,2,70.0
v1annealC_108k,MATH500,110,4,0,0,2,0,2,0,1986.0
v1annealC_108k,MATH500,114,4,2,2,1,0,3,2,1891.0
v1annealC_108k,MATH500,118,4,0,0,0,0,4,0,306.25
v1annealC_108k,MATH500,122,4,4,4,0,0,4,4,546.25
v1annealC_108k,MATH500,126,4,0,0,2,0,2,0,2006.0
v1annealC_108k,MATH500,130,4,0,0,2,1,2,0,2196.75
v1annealC_108k,MATH500,134,4,0,0,3,0,1,0,3166.0
v1annealC_108k,MATH500,138,4,0,0,4,1,0,0,4000.0
v1annealC_108k,MATH500,142,4,0,0,3,3,1,0,3056.0
v1annealC_108k,MATH500,146,4,4,4,0,0,4,4,820.0
v1annealC_108k,MATH500,150,4,1,2,3,1,1,0,3105.25
v1annealC_108k,MATH500,154,4,0,0,4,1,0,0,3943.0
v1annealC_108k,MATH500,158,4,0,1,2,1,2,0,2087.0
v1annealC_108k,MATH500,162,4,2,2,0,0,4,2,13.0
v1annealC_108k,MATH500,166,4,0,0,3,0,1,0,2891.25
v1annealC_108k,MATH500,170,4,1,1,2,0,2,0,2062.0
v1annealC_108k,MATH500,174,4,1,1,0,0,4,1,107.25
v1annealC_108k,MATH500,178,4,2,4,1,0,3,3,1025.5
v1annealC_108k,MATH500,182,4,2,4,1,0,3,3,1116.5
v1annealC_108k,MATH500,186,4,1,1,1,0,3,1,1774.25
v1annealC_108k,MATH500,190,4,0,0,3,3,1,0,3082.25
v1annealC_108k,MATH500,194,4,0,0,3,1,1,0,3035.75
v1annealC_108k,MATH500,198,4,0,0,3,1,1,0,3072.25
v1annealC_108k,MATH500,202,4,2,2,0,0,4,2,567.0
v1annealC_108k,MATH500,206,4,4,4,0,0,4,4,950.5
v1annealC_108k,MATH500,210,4,0,0,1,0,3,0,1084.75
v1annealC_108k,MATH500,214,4,0,1,3,2,1,0,3024.5
v1annealC_108k,MATH500,218,4,3,3,1,1,3,2,1206.5
v1annealC_108k,MATH500,222,4,0,0,4,1,0,0,3939.0
v1annealC_108k,MATH500,226,4,0,0,2,2,2,0,2135.5
v1annealC_108k,MATH500,230,4,2,2,0,0,4,2,423.0
v1annealC_108k,MATH500,234,4,2,2,2,0,2,2,3412.5
v1annealC_108k,MATH500,238,4,2,2,1,0,3,2,1764.5
v1annealC_108k,MATH500,242,4,0,0,2,1,2,0,2009.0
v1annealC_108k,MATH500,246,4,2,2,1,0,3,1,1140.5
v1annealC_108k,MATH500,250,4,0,0,2,1,2,0,2054.0
v1annealC_108k,MATH500,254,4,2,2,2,1,2,2,2915.75
v1annealC_108k,MATH500,258,4,2,3,2,1,2,2,2144.25
v1annealC_108k,MATH500,262,4,3,4,1,1,3,3,1711.0
v1annealC_108k,MATH500,266,4,1,1,3,3,1,1,3057.75
v1annealC_108k,MATH500,270,4,4,4,0,0,4,4,155.0
v1annealC_108k,MATH500,274,4,0,0,3,0,1,0,3016.0
v1annealC_108k,MATH500,278,4,3,4,1,1,3,3,1128.25
v1annealC_108k,MATH500,282,4,1,1,0,0,4,1,851.0
v1annealC_108k,MATH500,286,4,0,0,4,0,0,0,4010.0
v1annealC_108k,MATH500,290,4,2,2,0,0,4,2,724.75
v1annealC_108k,MATH500,294,4,0,0,1,0,3,0,1215.0
v1annealC_108k,MATH500,298,4,1,1,0,0,4,1,1417.5
v1annealC_108k,MATH500,302,4,3,3,1,1,3,3,1061.25
v1annealC_108k,MATH500,306,4,0,0,2,1,2,0,2156.25
v1annealC_108k,MATH500,310,4,2,2,1,1,3,2,1610.75
v1annealC_108k,MATH500,314,4,4,4,0,0,4,4,262.5
v1annealC_108k,MATH500,318,4,4,4,0,0,4,4,261.75
v1annealC_108k,MATH500,322,4,3,3,1,1,3,3,1572.0
v1annealC_108k,MATH500,326,4,1,1,2,0,2,1,3089.5
v1annealC_108k,MATH500,330,4,2,2,1,1,3,2,1171.0
v1annealC_108k,MATH500,334,4,4,4,0,0,4,4,690.25
v1annealC_108k,MATH500,338,4,0,0,0,0,4,0,87.0
v1annealC_108k,MATH500,342,4,3,3,0,0,4,3,61.25
v1annealC_108k,MATH500,346,4,3,3,0,0,4,3,1221.5
v1annealC_108k,MATH500,350,4,3,3,0,0,4,3,1024.5
v1annealC_108k,MATH500,354,4,2,2,2,0,2,2,2463.0
v1annealC_108k,MATH500,358,4,2,2,0,0,4,2,38.25
v1annealC_108k,MATH500,362,4,4,4,0,0,4,4,326.75
v1annealC_108k,MATH500,366,4,1,1,1,0,3,1,1727.25
v1annealC_108k,MATH500,370,4,3,3,0,0,4,3,119.5
v1annealC_108k,MATH500,374,4,3,3,0,0,4,3,369.0
v1annealC_108k,MATH500,378,4,2,3,1,0,3,2,1120.25
v1annealC_108k,MATH500,382,4,0,0,1,1,3,0,1509.25
v1annealC_108k,MATH500,386,4,4,4,0,0,4,4,793.25
v1annealC_108k,MATH500,390,4,1,1,0,0,4,1,928.0
v1annealC_108k,MATH500,394,4,1,1,1,1,3,1,2040.75
v1annealC_108k,MATH500,398,4,0,0,0,0,4,0,302.75
v1annealC_108k,MATH500,402,4,1,1,1,0,3,1,1474.25
v1annealC_108k,MATH500,406,4,1,2,0,0,4,2,68.75
v1annealC_108k,MATH500,410,4,0,0,1,1,3,0,1290.75
v1annealC_108k,MATH500,414,4,2,2,0,0,4,2,752.75
v1annealC_108k,MATH500,418,4,2,2,1,0,3,2,1220.75
v1annealC_108k,MATH500,422,4,0,0,2,0,2,0,2217.5
v1annealC_108k,MATH500,426,4,1,1,1,0,3,1,1315.5
v1annealC_108k,MATH500,430,4,3,4,1,1,3,3,1023.25
v1annealC_108k,MATH500,434,4,1,1,2,1,2,1,2600.5
v1annealC_108k,MATH500,438,4,2,2,0,0,4,2,92.5
v1annealC_108k,MATH500,442,4,1,2,1,1,3,2,1407.25
v1annealC_108k,MATH500,446,4,2,2,1,0,3,2,1633.25
v1annealC_108k,MATH500,450,4,1,1,0,0,4,1,1083.75
v1annealC_108k,MATH500,454,4,1,1,2,1,2,1,2708.25
v1annealC_108k,MATH500,458,4,1,1,0,0,4,1,845.5
v1annealC_108k,MATH500,462,4,1,1,1,0,3,1,2040.25
v1annealC_108k,MATH500,466,4,0,0,3,0,1,0,3003.25
v1annealC_108k,MATH500,470,4,1,2,2,0,2,1,2995.5
v1annealC_108k,MATH500,474,4,2,3,0,0,4,3,890.25
v1annealC_108k,MATH500,478,4,0,0,3,0,1,0,3006.75
v1annealC_108k,MATH500,482,4,0,0,3,0,1,0,3160.5
v1annealC_108k,MATH500,486,4,0,0,0,0,4,0,83.5
v1annealC_108k,MATH500,490,4,0,0,2,0,2,0,2241.0
v1annealC_108k,MATH500,494,4,0,0,2,0,2,0,2087.5
v1annealC_108k,MATH500,498,4,3,3,1,0,3,2,2746.25
v1annealC_108k,AIME24,0,16,0,0,11,3,5,0,2939.8125
v1annealC_108k,AIME24,4,16,0,0,9,4,7,0,2340.625
v1annealC_108k,AIME24,8,16,0,0,14,1,2,0,3552.0
v1annealC_108k,AIME24,12,16,0,0,16,0,0,0,4022.0
v1annealC_108k,AIME24,16,16,0,5,15,2,1,0,3770.9375
v1annealC_108k,AIME24,20,16,0,0,13,2,3,0,3246.0
v1annealC_108k,AIME24,24,16,0,0,16,3,0,0,3944.0
v1annealC_108k,AIME24,28,16,0,0,14,2,2,0,3439.1875
v1annealC_108k,AIME25,3,16,1,2,9,5,7,0,2637.3125
v1annealC_108k,AIME25,7,16,3,4,12,4,4,2,3538.75
v1annealC_108k,AIME25,11,16,0,0,13,6,3,0,3358.875
v1annealC_108k,AIME25,15,16,0,0,10,2,6,0,2554.125
v1annealC_108k,AIME25,19,16,0,0,14,3,2,0,3424.5
v1annealC_108k,AIME25,23,16,0,0,14,1,2,0,3499.8125
v1annealC_108k,AIME25,27,16,0,0,14,4,2,0,3471.0625
v1annealC_108k,AMC23,0,16,10,10,3,2,13,10,1432.1875
v1annealC_108k,AMC23,4,16,0,1,9,2,7,0,2485.375
v1annealC_108k,AMC23,8,16,0,3,10,4,6,2,2540.1875
v1annealC_108k,AMC23,12,16,1,1,9,2,7,0,2268.75
v1annealC_108k,AMC23,16,16,3,4,5,4,11,3,1660.9375
v1annealC_108k,AMC23,20,16,0,0,11,2,5,0,2972.0
v1annealC_108k,AMC23,24,16,7,7,8,4,8,6,3204.875
v1annealC_108k,AMC23,28,16,1,1,9,1,7,1,2425.8125
v1annealC_108k,AMC23,32,16,0,1,8,2,8,0,2187.5
v1annealC_108k,AMC23,36,16,1,2,15,1,1,1,3884.375
v1annealC_108k,MATH500,3,4,3,4,0,0,4,4,531.5
v1annealC_108k,MATH500,7,4,3,3,1,0,3,2,2721.25
v1annealC_108k,MATH500,11,4,0,0,4,2,0,0,4021.0
v1annealC_108k,MATH500,15,4,1,1,2,0,2,1,3010.75
v1annealC_108k,MATH500,19,4,2,3,2,0,2,1,2245.25
v1annealC_108k,MATH500,23,4,3,3,0,0,4,3,1267.75
v1annealC_108k,MATH500,27,4,2,2,0,0,4,2,204.5
v1annealC_108k,MATH500,31,4,2,2,1,1,3,2,1038.5
v1annealC_108k,MATH500,35,4,2,2,1,0,3,2,2017.0
v1annealC_108k,MATH500,39,4,2,4,1,1,3,3,1132.0
v1annealC_108k,MATH500,43,4,0,0,3,1,1,0,3152.25
v1annealC_108k,MATH500,47,4,3,3,1,1,3,3,1660.75
v1annealC_108k,MATH500,51,4,3,3,0,0,4,3,958.25
v1annealC_108k,MATH500,55,4,4,4,1,1,3,3,1991.75
v1annealC_108k,MATH500,59,4,3,3,0,0,4,3,272.25
v1annealC_108k,MATH500,63,4,0,0,4,0,0,0,3988.0
v1annealC_108k,MATH500,67,4,3,3,1,0,3,3,1374.25
v1annealC_108k,MATH500,71,4,0,0,2,1,2,0,2120.0
v1annealC_108k,MATH500,75,4,2,2,0,0,4,2,1563.0
v1annealC_108k,MATH500,79,4,4,4,0,0,4,4,720.5
v1annealC_108k,MATH500,83,4,1,2,3,3,1,0,3194.75
v1annealC_108k,MATH500,87,4,3,3,1,1,3,3,1819.75
v1annealC_108k,MATH500,91,4,3,3,0,0,4,3,174.25
v1annealC_108k,MATH500,95,4,2,2,2,0,2,1,2133.75
v1annealC_108k,MATH500,99,4,0,0,0,0,4,0,314.75
v1annealC_108k,MATH500,103,4,0,0,2,0,2,0,2301.25
v1annealC_108k,MATH500,107,4,3,3,0,0,4,3,480.5
v1annealC_108k,MATH500,111,4,3,3,1,0,3,3,1198.5
v1annealC_108k,MATH500,115,4,2,2,1,0,3,2,1797.25
v1annealC_108k,MATH500,119,4,0,0,3,1,1,0,2946.5
v1annealC_108k,MATH500,123,4,0,0,3,1,1,0,2855.5
v1annealC_108k,MATH500,127,4,0,0,1,0,3,0,1961.25
v1annealC_108k,MATH500,131,4,3,3,1,0,3,3,1934.75
v1annealC_108k,MATH500,135,4,2,3,1,1,3,3,1539.0
v1annealC_108k,MATH500,139,4,3,4,1,0,3,3,1445.0
v1annealC_108k,MATH500,143,4,0,0,1,1,3,0,1174.5
v1annealC_108k,MATH500,147,4,0,0,1,1,3,0,1270.5
v1annealC_108k,MATH500,151,4,1,1,0,0,4,1,7.75
v1annealC_108k,MATH500,155,4,1,1,0,0,4,1,82.5
v1annealC_108k,MATH500,159,4,4,4,0,0,4,4,789.0
v1annealC_108k,MATH500,163,4,2,2,2,1,2,2,3784.0
v1annealC_108k,MATH500,167,4,4,4,0,0,4,4,147.75
v1annealC_108k,MATH500,171,4,4,4,0,0,4,4,494.0
v1annealC_108k,MATH500,175,4,1,1,1,1,3,1,1990.5
v1annealC_108k,MATH500,179,4,0,0,2,1,2,0,2162.5
v1annealC_108k,MATH500,183,4,3,3,0,0,4,3,1459.25
v1annealC_108k,MATH500,187,4,3,4,2,2,2,2,2132.5
v1annealC_108k,MATH500,191,4,4,4,0,0,4,4,177.25
v1annealC_108k,MATH500,195,4,1,1,3,0,1,1,3080.75
v1annealC_108k,MATH500,199,4,0,1,2,1,2,0,2215.25
v1annealC_108k,MATH500,203,4,1,1,2,0,2,1,2506.25
v1annealC_108k,MATH500,207,4,1,2,1,1,3,2,1397.0
v1annealC_108k,MATH500,211,4,3,3,1,1,3,3,1847.0
v1annealC_108k,MATH500,215,4,4,4,0,0,4,4,1095.0
v1annealC_108k,MATH500,219,4,1,1,2,2,2,1,1689.0
v1annealC_108k,MATH500,223,4,1,1,2,1,2,1,2722.25
v1annealC_108k,MATH500,227,4,1,1,0,0,4,1,319.25
v1annealC_108k,MATH500,231,4,2,2,1,1,3,2,2140.0
v1annealC_108k,MATH500,235,4,3,3,0,0,4,3,213.25
v1annealC_108k,MATH500,239,4,0,0,4,0,0,0,3961.0
v1annealC_108k,MATH500,243,4,1,1,1,1,3,1,1210.0
v1annealC_108k,MATH500,247,4,2,2,2,0,2,2,2974.25
v1annealC_108k,MATH500,251,4,0,0,2,2,2,0,2253.75
v1annealC_108k,MATH500,255,4,0,0,2,1,2,0,2083.5
v1annealC_108k,MATH500,259,4,3,3,0,0,4,3,422.75
v1annealC_108k,MATH500,263,4,2,3,2,0,2,2,2151.75
v1annealC_108k,MATH500,267,4,2,2,2,0,2,2,1941.0
v1annealC_108k,MATH500,271,4,1,1,2,1,2,1,2153.0
v1annealC_108k,MATH500,275,4,4,4,0,0,4,4,102.0
v1annealC_108k,MATH500,279,4,0,0,1,1,3,0,1036.25
v1annealC_108k,MATH500,283,4,2,3,0,0,4,3,784.5
v1annealC_108k,MATH500,287,4,0,0,3,1,1,0,3147.75
v1annealC_108k,MATH500,291,4,0,1,2,2,2,1,2142.5
v1annealC_108k,MATH500,295,4,0,0,4,1,0,0,3982.0
v1annealC_108k,MATH500,299,4,0,0,2,1,2,0,2085.0
v1annealC_108k,MATH500,303,4,0,0,3,0,1,0,3092.5
v1annealC_108k,MATH500,307,4,2,2,0,0,4,2,199.75
v1annealC_108k,MATH500,311,4,2,2,0,0,4,2,1647.25
v1annealC_108k,MATH500,315,4,1,2,3,1,1,1,3377.5
v1annealC_108k,MATH500,319,4,3,3,0,0,4,3,379.25
v1annealC_108k,MATH500,323,4,4,4,1,0,3,3,1104.0
v1annealC_108k,MATH500,327,4,0,0,3,1,1,0,3470.75
v1annealC_108k,MATH500,331,4,1,1,2,0,2,1,2696.75
v1annealC_108k,MATH500,335,4,2,2,1,1,3,1,1121.25
v1annealC_108k,MATH500,339,4,4,4,0,0,4,4,1733.25
v1annealC_108k,MATH500,343,4,0,3,0,0,4,3,234.75
v1annealC_108k,MATH500,347,4,3,3,1,1,3,2,2246.25
v1annealC_108k,MATH500,351,4,2,2,2,0,2,2,3767.0
v1annealC_108k,MATH500,355,4,1,1,4,0,0,0,4027.0
v1annealC_108k,MATH500,359,4,2,2,3,1,1,1,3657.0
v1annealC_108k,MATH500,363,4,4,4,0,0,4,4,964.5
v1annealC_108k,MATH500,367,4,3,4,0,0,4,4,490.0
v1annealC_108k,MATH500,371,4,0,0,3,1,1,0,3187.0
v1annealC_108k,MATH500,375,4,1,1,3,0,1,1,3376.5
v1annealC_108k,MATH500,379,4,1,1,1,0,3,1,970.25
v1annealC_108k,MATH500,383,4,0,0,1,0,3,0,1362.25
v1annealC_108k,MATH500,387,4,3,3,1,1,3,3,1508.25
v1annealC_108k,MATH500,391,4,3,3,1,0,3,2,2633.75
v1annealC_108k,MATH500,395,4,3,3,1,1,3,3,1139.0
v1annealC_108k,MATH500,399,4,3,4,0,0,4,4,43.75
v1annealC_108k,MATH500,403,4,1,1,0,0,4,1,704.75
v1annealC_108k,MATH500,407,4,2,2,0,0,4,2,499.25
v1annealC_108k,MATH500,411,4,3,4,1,0,3,3,1548.75
v1annealC_108k,MATH500,415,4,1,1,2,0,2,1,2708.5
v1annealC_108k,MATH500,419,4,2,2,0,0,4,2,1551.25
v1annealC_108k,MATH500,423,4,1,1,1,0,3,1,1464.0
v1annealC_108k,MATH500,427,4,3,3,1,0,3,3,1154.75
v1annealC_108k,MATH500,431,4,0,0,0,0,4,0,263.5
v1annealC_108k,MATH500,435,4,3,3,1,1,3,2,1446.25
v1annealC_108k,MATH500,439,4,4,4,0,0,4,4,916.25
v1annealC_108k,MATH500,443,4,3,3,1,0,3,2,1323.75
v1annealC_108k,MATH500,447,4,3,4,1,0,3,3,1764.75
v1annealC_108k,MATH500,451,4,1,1,0,0,4,1,69.5
v1annealC_108k,MATH500,455,4,2,3,1,1,3,2,1181.5
v1annealC_108k,MATH500,459,4,3,3,0,0,4,3,315.75
v1annealC_108k,MATH500,463,4,4,4,0,0,4,4,105.75
v1annealC_108k,MATH500,467,4,0,0,1,0,3,0,991.5
v1annealC_108k,MATH500,471,4,3,3,0,0,4,3,172.0
v1annealC_108k,MATH500,475,4,1,2,3,0,1,1,3815.0
v1annealC_108k,MATH500,479,4,4,4,0,0,4,4,2321.75
v1annealC_108k,MATH500,483,4,3,3,0,0,4,3,2514.0
v1annealC_108k,MATH500,487,4,3,3,0,0,4,3,1076.5
v1annealC_108k,MATH500,491,4,0,0,1,0,3,0,1117.75
v1annealC_108k,MATH500,495,4,1,1,0,0,4,1,682.0
v1annealC_108k,MATH500,499,4,0,0,4,1,0,0,4028.0
v1annealC_108k,AIME24,1,16,0,0,13,2,3,0,3307.3125
v1annealC_108k,AIME24,5,16,11,11,5,0,11,10,2985.6875
v1annealC_108k,AIME24,9,16,0,0,12,2,4,0,3016.625
v1annealC_108k,AIME24,13,16,0,0,9,2,7,0,2356.1875
v1annealC_108k,AIME24,17,16,0,1,13,1,3,0,3229.375
v1annealC_108k,AIME24,21,16,2,2,6,3,10,2,2090.125
v1annealC_108k,AIME24,25,16,0,0,12,2,4,0,3154.375
v1annealC_108k,AIME24,29,16,1,1,16,1,0,0,3971.0
v1annealC_108k,AIME25,0,16,3,3,7,1,9,3,2391.5
v1annealC_108k,AIME25,4,16,0,0,14,2,2,0,3605.6875
v1annealC_108k,AIME25,8,16,0,0,15,5,1,0,3790.375
v1annealC_108k,AIME25,12,16,0,0,10,1,6,0,2580.9375
v1annealC_108k,AIME25,16,16,7,7,5,1,11,5,2372.125
v1annealC_108k,AIME25,20,16,0,0,16,2,0,0,3878.0
v1annealC_108k,AIME25,24,16,0,0,13,2,3,0,3284.4375
v1annealC_108k,AIME25,28,16,0,0,14,3,2,0,3494.5
v1annealC_108k,AMC23,1,16,4,4,5,1,11,4,1922.5
v1annealC_108k,AMC23,5,16,1,3,9,1,7,0,2382.5625
v1annealC_108k,AMC23,9,16,6,6,3,3,13,6,1472.375
v1annealC_108k,AMC23,13,16,0,1,11,1,5,0,2919.3125
v1annealC_108k,AMC23,17,16,1,1,8,4,8,1,2424.75
v1annealC_108k,AMC23,21,16,4,5,4,2,12,4,1454.1875
v1annealC_108k,AMC23,25,16,10,10,7,1,9,9,3011.1875
v1annealC_108k,AMC23,29,16,3,3,9,1,7,3,3051.875
v1annealC_108k,AMC23,33,16,14,14,0,0,16,14,1208.25
v1annealC_108k,AMC23,37,16,1,3,9,1,7,1,2341.5
v1annealC_108k,MATH500,0,4,2,2,0,0,4,2,113.75
v1annealC_108k,MATH500,4,4,1,1,0,0,4,1,898.0
v1annealC_108k,MATH500,8,4,3,3,0,0,4,3,188.75
v1annealC_108k,MATH500,12,4,2,2,1,1,3,2,2350.5
v1annealC_108k,MATH500,16,4,2,3,1,1,3,2,1569.5
v1annealC_108k,MATH500,20,4,2,2,0,0,4,2,163.75
v1annealC_108k,MATH500,24,4,0,1,2,2,2,0,2156.75
v1annealC_108k,MATH500,28,4,1,1,0,0,4,1,11.75
v1annealC_108k,MATH500,32,4,0,0,2,1,2,0,2362.25
v1annealC_108k,MATH500,36,4,0,0,2,1,2,0,2210.5
v1annealC_108k,MATH500,40,4,2,3,0,0,4,3,249.5
v1annealC_108k,MATH500,44,4,1,1,0,0,4,1,353.5
v1annealC_108k,MATH500,48,4,3,3,0,0,4,3,175.25
v1annealC_108k,MATH500,52,4,1,1,0,0,4,1,472.25
v1annealC_108k,MATH500,56,4,2,4,0,0,4,4,73.5
v1annealC_108k,MATH500,60,4,0,0,4,1,0,0,4030.0
v1annealC_108k,MATH500,64,4,1,1,4,0,0,0,4020.0
v1annealC_108k,MATH500,68,4,1,1,2,0,2,1,3193.0
v1annealC_108k,MATH500,72,4,4,4,0,0,4,4,142.75
v1annealC_108k,MATH500,76,4,2,2,1,0,3,2,1866.5
v1annealC_108k,MATH500,80,4,0,0,2,0,2,0,2254.75
v1annealC_108k,MATH500,84,4,2,2,1,1,3,2,2128.0
v1annealC_108k,MATH500,88,4,2,4,2,1,2,2,2291.75
v1annealC_108k,MATH500,92,4,0,0,1,0,3,0,1084.25
v1annealC_108k,MATH500,96,4,0,0,2,1,2,0,2062.0
v1annealC_108k,MATH500,100,4,0,0,3,1,1,0,2908.75
v1annealC_108k,MATH500,104,4,0,0,2,0,2,0,2336.0
v1annealC_108k,MATH500,108,4,1,2,3,0,1,1,3265.75
v1annealC_108k,MATH500,112,4,1,1,2,1,2,1,2006.5
v1annealC_108k,MATH500,116,4,3,3,0,0,4,3,614.75
v1annealC_108k,MATH500,120,4,0,0,1,1,3,0,1007.75
v1annealC_108k,MATH500,124,4,3,3,0,0,4,3,921.5
v1annealC_108k,MATH500,128,4,3,3,1,0,3,3,1104.0
v1annealC_108k,MATH500,132,4,4,4,0,0,4,4,105.75
v1annealC_108k,MATH500,136,4,0,0,2,0,2,0,2190.5
v1annealC_108k,MATH500,140,4,1,1,4,2,0,0,4049.0
v1annealC_108k,MATH500,144,4,1,1,0,0,4,1,84.0
v1annealC_108k,MATH500,148,4,3,3,0,0,4,3,75.75
v1annealC_108k,MATH500,152,4,1,1,3,1,1,0,3001.75
v1annealC_108k,MATH500,156,4,0,0,2,0,2,0,1934.0
v1annealC_108k,MATH500,160,4,4,4,0,0,4,4,736.75
v1annealC_108k,MATH500,164,4,0,0,3,1,1,0,3047.25
v1annealC_108k,MATH500,168,4,0,0,3,0,1,0,2525.5
v1annealC_108k,MATH500,172,4,3,3,1,0,3,3,1114.5
v1annealC_108k,MATH500,176,4,1,1,0,0,4,1,183.25
v1annealC_108k,MATH500,180,4,2,2,2,2,2,2,2095.75
v1annealC_108k,MATH500,184,4,0,0,2,0,2,0,2021.25
v1annealC_108k,MATH500,188,4,3,3,1,0,3,3,3736.75
v1annealC_108k,MATH500,192,4,1,1,1,0,3,1,2111.75
v1annealC_108k,MATH500,196,4,0,0,1,0,3,0,1052.0
v1annealC_108k,MATH500,200,4,0,1,2,2,2,1,2117.5
v1annealC_108k,MATH500,204,4,0,1,2,0,2,0,2365.0
v1annealC_108k,MATH500,208,4,0,1,0,0,4,1,1019.25
v1annealC_108k,MATH500,212,4,2,2,0,0,4,2,240.0
v1annealC_108k,MATH500,216,4,2,2,0,0,4,2,316.5
v1annealC_108k,MATH500,220,4,0,0,1,1,3,0,1126.25
v1annealC_108k,MATH500,224,4,2,2,1,0,3,1,1758.75
v1annealC_108k,MATH500,228,4,2,2,2,0,2,0,1988.75
v1annealC_108k,MATH500,232,4,0,0,3,1,1,0,3126.25
v1annealC_108k,MATH500,236,4,0,1,3,0,1,0,3304.75
v1annealC_108k,MATH500,240,4,0,0,2,1,2,0,1918.5
v1annealC_108k,MATH500,244,4,1,2,2,0,2,1,2242.25
v1annealC_108k,MATH500,248,4,0,0,3,2,1,0,3020.25
v1annealC_108k,MATH500,252,4,1,1,2,1,2,1,2219.5
v1annealC_108k,MATH500,256,4,2,2,0,0,4,2,127.0
v1annealC_108k,MATH500,260,4,2,2,1,1,3,2,1551.0
v1annealC_108k,MATH500,264,4,0,0,2,0,2,0,2027.5
v1annealC_108k,MATH500,268,4,3,3,0,0,4,3,439.5
v1annealC_108k,MATH500,272,4,2,2,1,0,3,2,1605.5
v1annealC_108k,MATH500,276,4,1,1,3,1,1,1,3045.75
v1annealC_108k,MATH500,280,4,1,1,1,1,3,1,1626.5
v1annealC_108k,MATH500,284,4,0,0,2,1,2,0,2715.5
v1annealC_108k,MATH500,288,4,3,3,2,0,2,1,2718.0
v1annealC_108k,MATH500,292,4,0,0,3,0,1,0,2972.0
v1annealC_108k,MATH500,296,4,0,0,1,0,3,0,996.0
v1annealC_108k,MATH500,300,4,4,4,0,0,4,4,1106.5
v1annealC_108k,MATH500,304,4,0,0,0,0,4,0,138.0
v1annealC_108k,MATH500,308,4,0,0,4,0,0,0,4031.0
v1annealC_108k,MATH500,312,4,2,2,2,2,2,1,2051.5
v1annealC_108k,MATH500,316,4,1,1,2,1,2,1,2143.25
v1annealC_108k,MATH500,320,4,0,0,1,0,3,0,990.0
v1annealC_108k,MATH500,324,4,0,0,0,0,4,0,263.75
v1annealC_108k,MATH500,328,4,1,1,3,0,1,0,3075.0
v1annealC_108k,MATH500,332,4,0,1,2,0,2,0,2019.5
v1annealC_108k,MATH500,336,4,2,2,1,0,3,2,1155.5
v1annealC_108k,MATH500,340,4,0,0,3,1,1,0,3075.25
v1annealC_108k,MATH500,344,4,3,3,0,0,4,3,608.0
v1annealC_108k,MATH500,348,4,1,1,0,0,4,1,433.75
v1annealC_108k,MATH500,352,4,0,0,2,0,2,0,1932.25
v1annealC_108k,MATH500,356,4,3,3,1,0,3,3,1325.5
v1annealC_108k,MATH500,360,4,1,1,3,2,1,1,3023.5
v1annealC_108k,MATH500,364,4,2,2,4,2,0,0,4007.0
v1annealC_108k,MATH500,368,4,1,1,3,2,1,1,3057.5
v1annealC_108k,MATH500,372,4,0,0,2,2,2,0,1912.0
v1annealC_108k,MATH500,376,4,2,2,0,0,4,2,1032.0
v1annealC_108k,MATH500,380,4,1,1,1,0,3,1,1889.75
v1annealC_108k,MATH500,384,4,3,3,0,0,4,3,59.0
v1annealC_108k,MATH500,388,4,2,2,0,0,4,2,133.5
v1annealC_108k,MATH500,392,4,0,0,2,0,2,0,2092.0
v1annealC_108k,MATH500,396,4,1,1,1,0,3,1,962.5
v1annealC_108k,MATH500,400,4,0,0,4,2,0,0,4013.0
v1annealC_108k,MATH500,404,4,2,3,1,0,3,2,1119.0
v1annealC_108k,MATH500,408,4,0,0,1,0,3,0,1019.5
v1annealC_108k,MATH500,412,4,1,1,4,1,0,0,4008.0
v1annealC_108k,MATH500,416,4,0,0,3,1,1,0,3049.75
v1annealC_108k,MATH500,420,4,1,1,0,0,4,1,1025.25
v1annealC_108k,MATH500,424,4,1,1,0,0,4,1,481.0
v1annealC_108k,MATH500,428,4,1,1,3,2,1,1,3011.0
v1annealC_108k,MATH500,432,4,0,0,4,1,0,0,4002.0
v1annealC_108k,MATH500,436,4,0,0,2,0,2,0,2311.5
v1annealC_108k,MATH500,440,4,4,4,0,0,4,4,628.25
v1annealC_108k,MATH500,444,4,0,0,1,0,3,0,1092.0
v1annealC_108k,MATH500,448,4,1,1,1,1,3,1,1641.5
v1annealC_108k,MATH500,452,4,0,1,1,1,3,0,1012.25
v1annealC_108k,MATH500,456,4,0,0,0,0,4,0,367.25
v1annealC_108k,MATH500,460,4,0,0,2,1,2,0,2024.75
v1annealC_108k,MATH500,464,4,1,1,1,1,3,0,1220.5
v1annealC_108k,MATH500,468,4,3,3,0,0,4,3,221.25
v1annealC_108k,MATH500,472,4,2,2,0,0,4,2,116.0
v1annealC_108k,MATH500,476,4,2,3,0,0,4,3,585.75
v1annealC_108k,MATH500,480,4,3,3,1,1,3,3,2229.5
v1annealC_108k,MATH500,484,4,1,1,2,0,2,0,2517.25
v1annealC_108k,MATH500,488,4,3,3,0,0,4,3,97.5
v1annealC_108k,MATH500,492,4,3,3,0,0,4,3,514.25
v1annealC_108k,MATH500,496,4,3,3,0,0,4,3,1995.5
v1annealC_120k_l0fix,AIME24,2,16,0,1,10,1,6,0,2679.5
v1annealC_120k_l0fix,AIME24,6,16,0,0,14,4,2,0,3548.0625
v1annealC_120k_l0fix,AIME24,10,16,0,0,13,5,3,0,3366.3125
v1annealC_120k_l0fix,AIME24,14,16,0,0,11,0,5,0,2780.0
v1annealC_120k_l0fix,AIME24,18,16,7,7,9,2,7,6,3369.4375
v1annealC_120k_l0fix,AIME24,22,16,0,0,13,1,3,0,3177.625
v1annealC_120k_l0fix,AIME24,26,16,0,0,14,5,2,0,3493.625
v1annealC_120k_l0fix,AIME25,1,16,0,0,16,5,0,0,3927.0
v1annealC_120k_l0fix,AIME25,5,16,8,8,1,0,15,8,2004.6875
v1annealC_120k_l0fix,AIME25,9,16,0,0,10,5,6,0,2622.0625
v1annealC_120k_l0fix,AIME25,13,16,0,2,14,5,2,0,3520.875
v1annealC_120k_l0fix,AIME25,17,16,0,0,13,5,3,0,3403.5
v1annealC_120k_l0fix,AIME25,21,16,0,1,11,3,5,0,2886.25
v1annealC_120k_l0fix,AIME25,25,16,0,0,11,3,5,0,2914.9375
v1annealC_120k_l0fix,AIME25,29,16,1,1,11,2,5,1,2840.125
v1annealC_120k_l0fix,AMC23,2,16,6,6,2,1,14,6,775.4375
v1annealC_120k_l0fix,AMC23,6,16,0,0,13,3,3,0,3453.8125
v1annealC_120k_l0fix,AMC23,10,16,1,2,9,1,7,1,2352.5
v1annealC_120k_l0fix,AMC23,14,16,3,3,9,2,7,1,2551.75
v1annealC_120k_l0fix,AMC23,18,16,0,0,13,4,3,0,3344.1875
v1annealC_120k_l0fix,AMC23,22,16,5,5,3,2,13,5,1325.8125
v1annealC_120k_l0fix,AMC23,26,16,8,8,6,3,10,7,2518.3125
v1annealC_120k_l0fix,AMC23,30,16,9,9,2,1,14,9,880.125
v1annealC_120k_l0fix,AMC23,34,16,1,1,3,2,13,1,902.375
v1annealC_120k_l0fix,AMC23,38,16,2,2,12,2,4,2,3427.1875
v1annealC_120k_l0fix,MATH500,1,4,2,2,1,1,3,2,2178.25
v1annealC_120k_l0fix,MATH500,5,4,0,0,3,0,1,0,3073.75
v1annealC_120k_l0fix,MATH500,9,4,0,0,2,0,2,0,1969.0
v1annealC_120k_l0fix,MATH500,13,4,4,4,0,0,4,4,579.25
v1annealC_120k_l0fix,MATH500,17,4,0,0,2,0,2,0,2061.25
v1annealC_120k_l0fix,MATH500,21,4,0,0,0,0,4,0,443.25
v1annealC_120k_l0fix,MATH500,25,4,0,0,2,0,2,0,2205.5
v1annealC_120k_l0fix,MATH500,29,4,1,1,0,0,4,1,98.25
v1annealC_120k_l0fix,MATH500,33,4,0,0,2,1,2,0,2108.5
v1annealC_120k_l0fix,MATH500,37,4,4,4,0,0,4,4,90.5
v1annealC_120k_l0fix,MATH500,41,4,0,0,2,0,2,0,2166.0
v1annealC_120k_l0fix,MATH500,45,4,3,4,2,2,2,2,3087.5
v1annealC_120k_l0fix,MATH500,49,4,1,1,0,0,4,1,488.75
v1annealC_120k_l0fix,MATH500,53,4,4,4,0,0,4,4,382.5
v1annealC_120k_l0fix,MATH500,57,4,3,3,1,1,3,3,2135.5
v1annealC_120k_l0fix,MATH500,61,4,2,2,1,1,3,2,1178.75
v1annealC_120k_l0fix,MATH500,65,4,4,4,2,2,2,2,2082.0
v1annealC_120k_l0fix,MATH500,69,4,3,3,0,0,4,3,510.75
v1annealC_120k_l0fix,MATH500,73,4,3,3,1,1,3,3,1796.25
v1annealC_120k_l0fix,MATH500,77,4,2,2,0,0,4,2,53.0
v1annealC_120k_l0fix,MATH500,81,4,2,2,0,0,4,2,963.75
v1annealC_120k_l0fix,MATH500,85,4,0,0,3,3,1,0,3019.0
v1annealC_120k_l0fix,MATH500,89,4,0,0,1,0,3,0,1079.0
v1annealC_120k_l0fix,MATH500,93,4,1,1,0,0,4,1,102.0
v1annealC_120k_l0fix,MATH500,97,4,0,0,1,1,3,0,1035.0
v1annealC_120k_l0fix,MATH500,101,4,1,1,1,0,3,1,1468.0
v1annealC_120k_l0fix,MATH500,105,4,3,3,0,0,4,3,909.75
v1annealC_120k_l0fix,MATH500,109,4,1,1,3,1,1,0,3083.25
v1annealC_120k_l0fix,MATH500,113,4,3,3,1,1,3,3,1379.25
v1annealC_120k_l0fix,MATH500,117,4,4,4,0,0,4,4,919.5
v1annealC_120k_l0fix,MATH500,121,4,3,3,0,0,4,3,138.75
v1annealC_120k_l0fix,MATH500,125,4,3,3,0,0,4,3,568.25
v1annealC_120k_l0fix,MATH500,129,4,0,0,3,2,1,0,3162.25
v1annealC_120k_l0fix,MATH500,133,4,1,3,1,0,3,2,1145.75
v1annealC_120k_l0fix,MATH500,137,4,2,2,1,0,3,2,1152.25
v1annealC_120k_l0fix,MATH500,141,4,3,3,0,0,4,3,827.75
v1annealC_120k_l0fix,MATH500,145,4,0,0,2,0,2,0,2160.0
v1annealC_120k_l0fix,MATH500,149,4,1,1,1,0,3,1,1616.5
v1annealC_120k_l0fix,MATH500,153,4,0,0,1,0,3,0,1267.25
v1annealC_120k_l0fix,MATH500,157,4,4,4,0,0,4,4,185.75
v1annealC_120k_l0fix,MATH500,161,4,4,4,1,0,3,3,1674.75
v1annealC_120k_l0fix,MATH500,165,4,0,0,1,1,3,0,1046.25
v1annealC_120k_l0fix,MATH500,169,4,3,3,0,0,4,3,1578.5
v1annealC_120k_l0fix,MATH500,173,4,2,2,0,0,4,2,297.25
v1annealC_120k_l0fix,MATH500,177,4,0,0,2,2,2,0,2072.75
v1annealC_120k_l0fix,MATH500,181,4,2,2,1,1,3,2,1471.25
v1annealC_120k_l0fix,MATH500,185,4,2,3,1,1,3,2,1396.0
v1annealC_120k_l0fix,MATH500,189,4,1,1,3,0,1,0,2804.25
v1annealC_120k_l0fix,MATH500,193,4,1,1,0,0,4,1,445.0
v1annealC_120k_l0fix,MATH500,197,4,1,1,0,0,4,1,288.5
v1annealC_120k_l0fix,MATH500,201,4,0,0,3,2,1,0,3076.75
v1annealC_120k_l0fix,MATH500,205,4,3,3,0,0,4,3,999.0
v1annealC_120k_l0fix,MATH500,209,4,3,3,2,1,2,2,2137.0
v1annealC_120k_l0fix,MATH500,213,4,2,2,1,0,3,2,1240.0
v1annealC_120k_l0fix,MATH500,217,4,0,0,4,2,0,0,4063.0
v1annealC_120k_l0fix,MATH500,221,4,2,2,0,0,4,2,1755.25
v1annealC_120k_l0fix,MATH500,225,4,3,3,1,0,3,3,2305.5
v1annealC_120k_l0fix,MATH500,229,4,3,3,1,1,3,3,1058.25
v1annealC_120k_l0fix,MATH500,233,4,3,3,0,0,4,3,952.25
v1annealC_120k_l0fix,MATH500,237,4,4,4,1,1,3,3,1468.75
v1annealC_120k_l0fix,MATH500,241,4,0,0,2,1,2,0,2295.0
v1annealC_120k_l0fix,MATH500,245,4,3,3,0,0,4,3,2948.25
v1annealC_120k_l0fix,MATH500,249,4,2,2,0,0,4,2,1489.0
v1annealC_120k_l0fix,MATH500,253,4,3,3,0,0,4,3,487.25
v1annealC_120k_l0fix,MATH500,257,4,0,0,0,0,4,0,325.75
v1annealC_120k_l0fix,MATH500,261,4,1,1,4,3,0,0,4043.0
v1annealC_120k_l0fix,MATH500,265,4,4,4,1,1,3,3,1753.5
v1annealC_120k_l0fix,MATH500,269,4,1,2,3,3,1,1,3426.25
v1annealC_120k_l0fix,MATH500,273,4,4,4,0,0,4,4,1609.75
v1annealC_120k_l0fix,MATH500,277,4,4,4,0,0,4,4,68.5
v1annealC_120k_l0fix,MATH500,281,4,3,3,1,0,3,2,1081.0
v1annealC_120k_l0fix,MATH500,285,4,1,1,2,1,2,0,2389.25
v1annealC_120k_l0fix,MATH500,289,4,4,4,0,0,4,4,833.25
v1annealC_120k_l0fix,MATH500,293,4,2,2,2,1,2,1,2143.75
v1annealC_120k_l0fix,MATH500,297,4,1,1,0,0,4,1,1225.75
v1annealC_120k_l0fix,MATH500,301,4,1,1,0,0,4,1,339.25
v1annealC_120k_l0fix,MATH500,305,4,4,4,0,0,4,4,844.25
v1annealC_120k_l0fix,MATH500,309,4,2,2,4,1,0,0,4059.0
v1annealC_120k_l0fix,MATH500,313,4,1,1,2,1,2,1,2144.5
v1annealC_120k_l0fix,MATH500,317,4,1,2,2,0,2,0,2487.25
v1annealC_120k_l0fix,MATH500,321,4,1,1,1,0,3,1,1497.0
v1annealC_120k_l0fix,MATH500,325,4,3,3,1,1,3,3,1199.25
v1annealC_120k_l0fix,MATH500,329,4,2,3,0,0,4,3,105.0
v1annealC_120k_l0fix,MATH500,333,4,1,1,2,1,2,0,2339.0
v1annealC_120k_l0fix,MATH500,337,4,3,3,1,1,3,3,2680.5
v1annealC_120k_l0fix,MATH500,341,4,1,1,2,2,2,1,2592.75
v1annealC_120k_l0fix,MATH500,345,4,4,4,0,0,4,4,684.75
v1annealC_120k_l0fix,MATH500,349,4,0,0,1,1,3,0,1189.75
v1annealC_120k_l0fix,MATH500,353,4,2,2,2,0,2,2,3304.25
v1annealC_120k_l0fix,MATH500,357,4,1,1,1,0,3,1,1744.5
v1annealC_120k_l0fix,MATH500,361,4,0,0,2,1,2,0,2888.25
v1annealC_120k_l0fix,MATH500,365,4,2,2,4,1,0,0,4021.0
v1annealC_120k_l0fix,MATH500,369,4,3,3,0,0,4,3,231.75
v1annealC_120k_l0fix,MATH500,373,4,1,1,0,0,4,1,183.0
v1annealC_120k_l0fix,MATH500,377,4,2,2,1,0,3,2,1069.0
v1annealC_120k_l0fix,MATH500,381,4,1,1,2,1,2,0,2136.0
v1annealC_120k_l0fix,MATH500,385,4,1,2,1,0,3,1,1047.5
v1annealC_120k_l0fix,MATH500,389,4,1,1,1,0,3,1,1101.75
v1annealC_120k_l0fix,MATH500,393,4,4,4,0,0,4,4,397.0
v1annealC_120k_l0fix,MATH500,397,4,4,4,0,0,4,4,1603.0
v1annealC_120k_l0fix,MATH500,401,4,0,0,3,1,1,0,3229.0
v1annealC_120k_l0fix,MATH500,405,4,2,3,0,0,4,3,442.75
v1annealC_120k_l0fix,MATH500,409,4,2,2,1,0,3,2,2590.25
v1annealC_120k_l0fix,MATH500,413,4,4,4,0,0,4,4,414.25
v1annealC_120k_l0fix,MATH500,417,4,0,0,2,1,2,0,2136.75
v1annealC_120k_l0fix,MATH500,421,4,0,0,2,1,2,0,2254.5
v1annealC_120k_l0fix,MATH500,425,4,0,0,3,0,1,0,3125.25
v1annealC_120k_l0fix,MATH500,429,4,3,3,0,0,4,3,1879.25
v1annealC_120k_l0fix,MATH500,433,4,4,4,0,0,4,4,782.75
v1annealC_120k_l0fix,MATH500,437,4,2,3,2,2,2,2,2571.75
v1annealC_120k_l0fix,MATH500,441,4,0,0,1,0,3,0,1087.25
v1annealC_120k_l0fix,MATH500,445,4,0,0,1,0,3,0,1204.0
v1annealC_120k_l0fix,MATH500,449,4,4,4,0,0,4,4,1203.75
v1annealC_120k_l0fix,MATH500,453,4,2,2,2,2,2,1,2088.75
v1annealC_120k_l0fix,MATH500,457,4,3,4,1,1,3,3,1044.25
v1annealC_120k_l0fix,MATH500,461,4,1,1,3,3,1,1,3340.0
v1annealC_120k_l0fix,MATH500,465,4,2,2,1,0,3,2,1409.5
v1annealC_120k_l0fix,MATH500,469,4,2,4,1,1,3,3,1199.0
v1annealC_120k_l0fix,MATH500,473,4,2,2,2,1,2,2,2836.0
v1annealC_120k_l0fix,MATH500,477,4,1,2,2,2,2,1,2793.25
v1annealC_120k_l0fix,MATH500,481,4,0,0,4,3,0,0,3980.0
v1annealC_120k_l0fix,MATH500,485,4,0,0,0,0,4,0,458.5
v1annealC_120k_l0fix,MATH500,489,4,3,3,3,2,1,1,3127.25
v1annealC_120k_l0fix,MATH500,493,4,0,1,3,0,1,0,3012.5
v1annealC_120k_l0fix,MATH500,497,4,0,0,2,0,2,0,2081.5
v1annealC_120k_l0fix,AIME24,3,16,6,7,11,0,5,2,3223.5625
v1annealC_120k_l0fix,AIME24,7,16,0,0,13,4,3,0,2986.5
v1annealC_120k_l0fix,AIME24,11,16,0,0,9,3,7,0,2290.25
v1annealC_120k_l0fix,AIME24,15,16,5,8,10,1,6,5,3292.6875
v1annealC_120k_l0fix,AIME24,19,16,0,0,11,2,5,0,2711.375
v1annealC_120k_l0fix,AIME24,23,16,0,1,16,4,0,0,3985.0
v1annealC_120k_l0fix,AIME24,27,16,0,0,14,3,2,0,3582.875
v1annealC_120k_l0fix,AIME25,2,16,1,1,12,3,4,1,3398.875
v1annealC_120k_l0fix,AIME25,6,16,0,0,15,6,1,0,3748.125
v1annealC_120k_l0fix,AIME25,10,16,0,0,13,7,3,0,3281.1875
v1annealC_120k_l0fix,AIME25,14,16,0,0,13,4,3,0,3422.5625
v1annealC_120k_l0fix,AIME25,18,16,1,3,10,5,6,1,2775.0
v1annealC_120k_l0fix,AIME25,22,16,0,0,14,5,2,0,3413.0
v1annealC_120k_l0fix,AIME25,26,16,0,0,14,4,2,0,3474.0625
v1annealC_120k_l0fix,AMC23,3,16,4,4,5,3,11,3,1930.375
v1annealC_120k_l0fix,AMC23,7,16,0,0,9,3,7,0,2553.75
v1annealC_120k_l0fix,AMC23,11,16,1,1,14,8,2,1,3656.5
v1annealC_120k_l0fix,AMC23,15,16,3,5,10,0,6,1,2908.875
v1annealC_120k_l0fix,AMC23,19,16,6,6,11,5,5,4,3221.4375
v1annealC_120k_l0fix,AMC23,23,16,4,5,8,6,8,2,2423.375
v1annealC_120k_l0fix,AMC23,27,16,0,1,10,6,6,0,2705.75
v1annealC_120k_l0fix,AMC23,31,16,0,0,9,2,7,0,2361.9375
v1annealC_120k_l0fix,AMC23,35,16,0,1,13,2,3,0,3331.5
v1annealC_120k_l0fix,AMC23,39,16,1,4,7,2,9,3,1859.6875
v1annealC_120k_l0fix,MATH500,2,4,3,3,0,0,4,3,289.0
v1annealC_120k_l0fix,MATH500,6,4,2,2,0,0,4,2,1069.75
v1annealC_120k_l0fix,MATH500,10,4,1,1,2,0,2,1,2600.25
v1annealC_120k_l0fix,MATH500,14,4,2,2,2,1,2,2,2667.75
v1annealC_120k_l0fix,MATH500,18,4,0,1,3,0,1,0,3090.25
v1annealC_120k_l0fix,MATH500,22,4,1,1,1,0,3,1,1131.0
v1annealC_120k_l0fix,MATH500,26,4,0,0,3,1,1,0,3102.75
v1annealC_120k_l0fix,MATH500,30,4,3,3,1,1,3,2,1073.5
v1annealC_120k_l0fix,MATH500,34,4,1,1,1,1,3,1,1891.75
v1annealC_120k_l0fix,MATH500,38,4,3,3,0,0,4,3,477.75
v1annealC_120k_l0fix,MATH500,42,4,3,3,0,0,4,3,536.75
v1annealC_120k_l0fix,MATH500,46,4,2,2,1,0,3,2,1159.25
v1annealC_120k_l0fix,MATH500,50,4,1,1,2,0,2,0,2454.25
v1annealC_120k_l0fix,MATH500,54,4,3,4,0,0,4,4,37.0
v1annealC_120k_l0fix,MATH500,58,4,3,3,0,0,4,3,505.75
v1annealC_120k_l0fix,MATH500,62,4,1,2,3,1,1,0,3146.0
v1annealC_120k_l0fix,MATH500,66,4,3,3,1,1,3,3,1217.0
v1annealC_120k_l0fix,MATH500,70,4,4,4,0,0,4,4,158.75
v1annealC_120k_l0fix,MATH500,74,4,3,3,0,0,4,3,677.25
v1annealC_120k_l0fix,MATH500,78,4,1,1,0,0,4,1,771.75
v1annealC_120k_l0fix,MATH500,82,4,2,2,2,0,2,0,2071.25
v1annealC_120k_l0fix,MATH500,86,4,2,4,0,0,4,4,84.0
v1annealC_120k_l0fix,MATH500,90,4,0,0,0,0,4,0,13.25
v1annealC_120k_l0fix,MATH500,94,4,0,0,1,1,3,0,984.0
v1annealC_120k_l0fix,MATH500,98,4,3,3,0,0,4,3,114.5
v1annealC_120k_l0fix,MATH500,102,4,3,3,1,1,3,3,1056.0
v1annealC_120k_l0fix,MATH500,106,4,4,4,0,0,4,4,219.25
v1annealC_120k_l0fix,MATH500,110,4,0,0,2,0,2,0,2277.75
v1annealC_120k_l0fix,MATH500,114,4,3,3,1,0,3,3,2038.75
v1annealC_120k_l0fix,MATH500,118,4,2,3,0,0,4,3,1119.75
v1annealC_120k_l0fix,MATH500,122,4,3,3,0,0,4,3,304.5
v1annealC_120k_l0fix,MATH500,126,4,1,1,3,0,1,0,3011.25
v1annealC_120k_l0fix,MATH500,130,4,0,0,1,1,3,0,1112.75
v1annealC_120k_l0fix,MATH500,134,4,2,2,1,0,3,2,1622.0
v1annealC_120k_l0fix,MATH500,138,4,0,0,3,1,1,0,3005.0
v1annealC_120k_l0fix,MATH500,142,4,0,0,1,1,3,0,1270.75
v1annealC_120k_l0fix,MATH500,146,4,2,2,2,2,2,2,2294.75
v1annealC_120k_l0fix,MATH500,150,4,0,0,3,1,1,0,3004.25
v1annealC_120k_l0fix,MATH500,154,4,0,0,4,0,0,0,3943.0
v1annealC_120k_l0fix,MATH500,158,4,0,0,0,0,4,0,84.75
v1annealC_120k_l0fix,MATH500,162,4,2,2,2,0,2,2,2788.25
v1annealC_120k_l0fix,MATH500,166,4,0,0,4,1,0,0,3849.0
v1annealC_120k_l0fix,MATH500,170,4,0,0,1,0,3,0,1231.5
v1annealC_120k_l0fix,MATH500,174,4,3,3,0,0,4,3,323.0
v1annealC_120k_l0fix,MATH500,178,4,3,3,0,0,4,3,474.25
v1annealC_120k_l0fix,MATH500,182,4,1,4,0,0,4,4,107.0
v1annealC_120k_l0fix,MATH500,186,4,1,1,1,1,3,1,1048.5
v1annealC_120k_l0fix,MATH500,190,4,1,1,1,1,3,1,1290.5
v1annealC_120k_l0fix,MATH500,194,4,0,0,3,1,1,0,3259.0
v1annealC_120k_l0fix,MATH500,198,4,0,0,3,3,1,0,3244.0
v1annealC_120k_l0fix,MATH500,202,4,3,3,0,0,4,3,262.75
v1annealC_120k_l0fix,MATH500,206,4,3,3,1,0,3,3,1573.25
v1annealC_120k_l0fix,MATH500,210,4,0,1,1,0,3,0,1080.75
v1annealC_120k_l0fix,MATH500,214,4,0,0,1,1,3,0,1215.0
v1annealC_120k_l0fix,MATH500,218,4,4,4,0,0,4,4,477.0
v1annealC_120k_l0fix,MATH500,222,4,0,0,4,1,0,0,3939.0
v1annealC_120k_l0fix,MATH500,226,4,0,0,2,2,2,0,2081.75
v1annealC_120k_l0fix,MATH500,230,4,2,2,1,1,3,2,2334.0
v1annealC_120k_l0fix,MATH500,234,4,3,3,1,1,3,3,2127.75
v1annealC_120k_l0fix,MATH500,238,4,2,3,0,0,4,3,1044.75
v1annealC_120k_l0fix,MATH500,242,4,0,0,2,1,2,0,2174.75
v1annealC_120k_l0fix,MATH500,246,4,2,3,0,0,4,3,136.0
v1annealC_120k_l0fix,MATH500,250,4,1,1,2,1,2,1,2038.75
v1annealC_120k_l0fix,MATH500,254,4,0,1,2,0,2,0,2158.0
v1annealC_120k_l0fix,MATH500,258,4,0,1,3,3,1,1,3089.5
v1annealC_120k_l0fix,MATH500,262,4,4,4,0,0,4,4,571.25
v1annealC_120k_l0fix,MATH500,266,4,3,3,1,1,3,3,1607.0
v1annealC_120k_l0fix,MATH500,270,4,3,4,2,2,2,2,2330.5
v1annealC_120k_l0fix,MATH500,274,4,0,0,1,0,3,0,1052.0
v1annealC_120k_l0fix,MATH500,278,4,2,4,2,2,2,2,2092.0
v1annealC_120k_l0fix,MATH500,282,4,1,1,2,0,2,1,2621.25
v1annealC_120k_l0fix,MATH500,286,4,0,0,3,1,1,0,3173.5
v1annealC_120k_l0fix,MATH500,290,4,2,3,1,1,3,3,1603.5
v1annealC_120k_l0fix,MATH500,294,4,0,0,2,1,2,0,2306.25
v1annealC_120k_l0fix,MATH500,298,4,3,3,1,0,3,3,2200.0
v1annealC_120k_l0fix,MATH500,302,4,4,4,1,0,3,3,1999.0
v1annealC_120k_l0fix,MATH500,306,4,0,0,1,1,3,0,1273.25
v1annealC_120k_l0fix,MATH500,310,4,3,4,0,0,4,4,72.25
v1annealC_120k_l0fix,MATH500,314,4,3,3,1,0,3,3,1428.75
v1annealC_120k_l0fix,MATH500,318,4,3,3,0,0,4,3,190.0
v1annealC_120k_l0fix,MATH500,322,4,4,4,0,0,4,4,726.25
v1annealC_120k_l0fix,MATH500,326,4,0,0,1,1,3,0,1269.5
v1annealC_120k_l0fix,MATH500,330,4,2,2,2,1,2,2,2130.75
v1annealC_120k_l0fix,MATH500,334,4,2,2,0,0,4,2,488.75
v1annealC_120k_l0fix,MATH500,338,4,0,0,1,1,3,0,1031.0
v1annealC_120k_l0fix,MATH500,342,4,1,1,0,0,4,1,7.25
v1annealC_120k_l0fix,MATH500,346,4,3,3,0,0,4,3,1039.75
v1annealC_120k_l0fix,MATH500,350,4,4,4,0,0,4,4,1460.25
v1annealC_120k_l0fix,MATH500,354,4,2,2,2,2,2,2,2903.0
v1annealC_120k_l0fix,MATH500,358,4,0,0,0,0,4,0,1454.5
v1annealC_120k_l0fix,MATH500,362,4,2,2,2,2,2,2,2055.5
v1annealC_120k_l0fix,MATH500,366,4,3,3,0,0,4,3,1274.25
v1annealC_120k_l0fix,MATH500,370,4,1,2,0,0,4,2,310.5
v1annealC_120k_l0fix,MATH500,374,4,4,4,0,0,4,4,410.75
v1annealC_120k_l0fix,MATH500,378,4,0,0,0,0,4,0,138.75
v1annealC_120k_l0fix,MATH500,382,4,0,0,1,0,3,0,1262.25
v1annealC_120k_l0fix,MATH500,386,4,4,4,0,0,4,4,217.5
v1annealC_120k_l0fix,MATH500,390,4,1,1,0,0,4,1,986.0
v1annealC_120k_l0fix,MATH500,394,4,1,1,0,0,4,1,504.5
v1annealC_120k_l0fix,MATH500,398,4,1,1,0,0,4,1,144.0
v1annealC_120k_l0fix,MATH500,402,4,1,1,1,0,3,1,1504.25
v1annealC_120k_l0fix,MATH500,406,4,4,4,0,0,4,4,50.75
v1annealC_120k_l0fix,MATH500,410,4,1,2,0,0,4,2,939.75
v1annealC_120k_l0fix,MATH500,414,4,2,2,1,0,3,2,1123.5
v1annealC_120k_l0fix,MATH500,418,4,3,3,1,1,3,3,1300.5
v1annealC_120k_l0fix,MATH500,422,4,0,0,2,1,2,0,2373.75
v1annealC_120k_l0fix,MATH500,426,4,2,2,1,0,3,2,1613.75
v1annealC_120k_l0fix,MATH500,430,4,3,4,0,0,4,4,33.75
v1annealC_120k_l0fix,MATH500,434,4,2,2,1,0,3,2,2233.75
v1annealC_120k_l0fix,MATH500,438,4,3,3,1,1,3,3,1589.0
v1annealC_120k_l0fix,MATH500,442,4,1,2,1,0,3,2,1508.25
v1annealC_120k_l0fix,MATH500,446,4,3,3,0,0,4,3,462.75
v1annealC_120k_l0fix,MATH500,450,4,0,0,0,0,4,0,213.0
v1annealC_120k_l0fix,MATH500,454,4,2,2,0,0,4,2,1701.75
v1annealC_120k_l0fix,MATH500,458,4,0,0,1,0,3,0,1228.25
v1annealC_120k_l0fix,MATH500,462,4,1,2,2,1,2,1,2086.0
v1annealC_120k_l0fix,MATH500,466,4,0,0,3,0,1,0,3068.25
v1annealC_120k_l0fix,MATH500,470,4,1,1,1,1,3,1,1954.75
v1annealC_120k_l0fix,MATH500,474,4,2,4,2,2,2,2,2528.0
v1annealC_120k_l0fix,MATH500,478,4,0,0,3,0,1,0,3009.5
v1annealC_120k_l0fix,MATH500,482,4,1,1,1,0,3,1,1156.75
v1annealC_120k_l0fix,MATH500,486,4,2,2,0,0,4,2,31.25
v1annealC_120k_l0fix,MATH500,490,4,0,0,1,1,3,0,1393.0
v1annealC_120k_l0fix,MATH500,494,4,2,2,1,0,3,1,1384.75
v1annealC_120k_l0fix,MATH500,498,4,0,1,0,0,4,1,478.75
v1annealC_120k_l0fix,AIME24,0,16,0,0,10,3,6,0,2750.6875
v1annealC_120k_l0fix,AIME24,4,16,0,0,8,4,8,0,2140.5625
v1annealC_120k_l0fix,AIME24,8,16,0,0,13,1,3,0,3315.6875
v1annealC_120k_l0fix,AIME24,12,16,0,0,14,7,2,0,3588.9375
v1annealC_120k_l0fix,AIME24,16,16,2,3,15,4,1,1,3925.125
v1annealC_120k_l0fix,AIME24,20,16,0,1,13,2,3,0,3166.4375
v1annealC_120k_l0fix,AIME24,24,16,0,0,14,4,2,0,3553.75
v1annealC_120k_l0fix,AIME24,28,16,0,0,13,2,3,0,3357.8125
v1annealC_120k_l0fix,AIME25,3,16,1,2,5,2,11,0,1516.1875
v1annealC_120k_l0fix,AIME25,7,16,1,1,10,4,6,1,2980.125
v1annealC_120k_l0fix,AIME25,11,16,0,0,13,9,3,0,3362.0
v1annealC_120k_l0fix,AIME25,15,16,0,0,11,1,5,0,2887.0
v1annealC_120k_l0fix,AIME25,19,16,0,0,14,2,2,0,3516.875
v1annealC_120k_l0fix,AIME25,23,16,0,0,14,7,2,0,3638.875
v1annealC_120k_l0fix,AIME25,27,16,0,0,13,6,3,0,3259.25
v1annealC_120k_l0fix,AMC23,0,16,14,16,0,0,16,16,1053.1875
v1annealC_120k_l0fix,AMC23,4,16,0,0,9,3,7,0,2375.0625
v1annealC_120k_l0fix,AMC23,8,16,1,4,7,2,9,3,2084.75
v1annealC_120k_l0fix,AMC23,12,16,0,0,10,4,6,0,2595.6875
v1annealC_120k_l0fix,AMC23,16,16,7,9,4,0,12,7,1735.375
v1annealC_120k_l0fix,AMC23,20,16,0,0,9,2,7,0,2527.0
v1annealC_120k_l0fix,AMC23,24,16,3,3,12,2,4,0,3168.125
v1annealC_120k_l0fix,AMC23,28,16,0,0,11,0,5,0,2905.625
v1annealC_120k_l0fix,AMC23,32,16,0,0,9,4,7,0,2496.75
v1annealC_120k_l0fix,AMC23,36,16,2,3,13,1,3,1,3279.375
v1annealC_120k_l0fix,MATH500,3,4,4,4,0,0,4,4,458.5
v1annealC_120k_l0fix,MATH500,7,4,4,4,0,0,4,4,2320.25
v1annealC_120k_l0fix,MATH500,11,4,0,0,2,0,2,0,2277.5
v1annealC_120k_l0fix,MATH500,15,4,3,3,1,0,3,3,2524.75
v1annealC_120k_l0fix,MATH500,19,4,2,2,1,0,3,2,2652.75
v1annealC_120k_l0fix,MATH500,23,4,1,1,0,0,4,1,289.75
v1annealC_120k_l0fix,MATH500,27,4,1,1,2,0,2,1,2201.5
v1annealC_120k_l0fix,MATH500,31,4,2,2,0,0,4,2,406.75
v1annealC_120k_l0fix,MATH500,35,4,2,2,1,1,3,2,1965.5
v1annealC_120k_l0fix,MATH500,39,4,3,4,0,0,4,4,110.5
v1annealC_120k_l0fix,MATH500,43,4,0,0,2,0,2,0,2407.5
v1annealC_120k_l0fix,MATH500,47,4,4,4,0,0,4,4,959.0
v1annealC_120k_l0fix,MATH500,51,4,4,4,1,0,3,3,1317.0
v1annealC_120k_l0fix,MATH500,55,4,4,4,0,0,4,4,462.0
v1annealC_120k_l0fix,MATH500,59,4,0,2,1,0,3,1,2056.0
v1annealC_120k_l0fix,MATH500,63,4,1,1,2,1,2,1,2848.0
v1annealC_120k_l0fix,MATH500,67,4,2,3,1,1,3,2,1108.5
v1annealC_120k_l0fix,MATH500,71,4,0,0,1,0,3,0,1020.5
v1annealC_120k_l0fix,MATH500,75,4,1,1,0,0,4,1,201.5
v1annealC_120k_l0fix,MATH500,79,4,4,4,0,0,4,4,609.25
v1annealC_120k_l0fix,MATH500,83,4,3,4,1,1,3,3,1819.0
v1annealC_120k_l0fix,MATH500,87,4,3,3,1,1,3,3,1561.0
v1annealC_120k_l0fix,MATH500,91,4,3,3,0,0,4,3,107.25
v1annealC_120k_l0fix,MATH500,95,4,1,1,1,1,3,1,1082.5
v1annealC_120k_l0fix,MATH500,99,4,0,0,1,0,3,0,1461.0
v1annealC_120k_l0fix,MATH500,103,4,0,0,1,0,3,0,1469.5
v1annealC_120k_l0fix,MATH500,107,4,2,3,1,1,3,2,1394.25
v1annealC_120k_l0fix,MATH500,111,4,0,1,3,2,1,0,3096.75
v1annealC_120k_l0fix,MATH500,115,4,1,1,1,0,3,1,1417.25
v1annealC_120k_l0fix,MATH500,119,4,0,0,2,2,2,0,1967.5
v1annealC_120k_l0fix,MATH500,123,4,0,0,1,0,3,0,1015.5
v1annealC_120k_l0fix,MATH500,127,4,0,0,0,0,4,0,544.0
v1annealC_120k_l0fix,MATH500,131,4,2,2,3,2,1,0,3187.75
v1annealC_120k_l0fix,MATH500,135,4,1,1,0,0,4,1,471.75
v1annealC_120k_l0fix,MATH500,139,4,4,4,0,0,4,4,398.75
v1annealC_120k_l0fix,MATH500,143,4,1,1,1,0,3,1,1243.25
v1annealC_120k_l0fix,MATH500,147,4,0,0,2,2,2,0,2200.5
v1annealC_120k_l0fix,MATH500,151,4,2,2,1,0,3,2,2085.5
v1annealC_120k_l0fix,MATH500,155,4,0,0,1,1,3,0,1327.75
v1annealC_120k_l0fix,MATH500,159,4,1,1,1,1,3,1,1540.75
v1annealC_120k_l0fix,MATH500,163,4,1,1,1,0,3,1,1221.5
v1annealC_120k_l0fix,MATH500,167,4,2,4,1,1,3,3,1059.25
v1annealC_120k_l0fix,MATH500,171,4,4,4,0,0,4,4,693.5
v1annealC_120k_l0fix,MATH500,175,4,1,1,3,3,1,1,3734.0
v1annealC_120k_l0fix,MATH500,179,4,1,1,0,0,4,1,814.5
v1annealC_120k_l0fix,MATH500,183,4,2,2,1,1,3,2,2526.5
v1annealC_120k_l0fix,MATH500,187,4,1,2,2,1,2,1,2206.25
v1annealC_120k_l0fix,MATH500,191,4,3,3,0,0,4,3,153.5
v1annealC_120k_l0fix,MATH500,195,4,1,1,3,1,1,1,3728.25
v1annealC_120k_l0fix,MATH500,199,4,0,0,1,1,3,0,1019.0
v1annealC_120k_l0fix,MATH500,203,4,2,2,0,0,4,2,236.75
v1annealC_120k_l0fix,MATH500,207,4,2,3,1,0,3,3,1167.0
v1annealC_120k_l0fix,MATH500,211,4,3,3,1,1,3,3,1585.25
v1annealC_120k_l0fix,MATH500,215,4,2,2,0,0,4,2,1507.0
v1annealC_120k_l0fix,MATH500,219,4,1,1,0,0,4,1,198.0
v1annealC_120k_l0fix,MATH500,223,4,1,1,3,2,1,1,3879.5
v1annealC_120k_l0fix,MATH500,227,4,3,3,0,0,4,3,121.0
v1annealC_120k_l0fix,MATH500,231,4,1,2,1,0,3,2,1271.75
v1annealC_120k_l0fix,MATH500,235,4,4,4,0,0,4,4,157.75
v1annealC_120k_l0fix,MATH500,239,4,0,0,2,0,2,0,2274.5
v1annealC_120k_l0fix,MATH500,243,4,1,1,0,0,4,1,414.5
v1annealC_120k_l0fix,MATH500,247,4,3,3,1,0,3,3,1758.75
v1annealC_120k_l0fix,MATH500,251,4,0,0,2,2,2,0,2260.75
v1annealC_120k_l0fix,MATH500,255,4,1,1,0,0,4,1,415.25
v1annealC_120k_l0fix,MATH500,259,4,3,3,0,0,4,3,487.25
v1annealC_120k_l0fix,MATH500,263,4,1,1,1,0,3,1,1326.0
v1annealC_120k_l0fix,MATH500,267,4,3,3,0,0,4,3,19.0
v1annealC_120k_l0fix,MATH500,271,4,1,1,3,2,1,1,3693.75
v1annealC_120k_l0fix,MATH500,275,4,2,3,3,3,1,1,3053.0
v1annealC_120k_l0fix,MATH500,279,4,0,0,1,1,3,0,1131.5
v1annealC_120k_l0fix,MATH500,283,4,3,3,1,0,3,3,1789.0
v1annealC_120k_l0fix,MATH500,287,4,1,1,1,0,3,1,2234.75
v1annealC_120k_l0fix,MATH500,291,4,0,0,3,2,1,0,3072.0
v1annealC_120k_l0fix,MATH500,295,4,0,0,4,1,0,0,3982.0
v1annealC_120k_l0fix,MATH500,299,4,1,1,1,0,3,1,1080.0
v1annealC_120k_l0fix,MATH500,303,4,0,0,4,0,0,0,4016.0
v1annealC_120k_l0fix,MATH500,307,4,2,2,0,0,4,2,616.0
v1annealC_120k_l0fix,MATH500,311,4,1,1,1,0,3,1,1739.25
v1annealC_120k_l0fix,MATH500,315,4,2,3,2,1,2,1,3043.5
v1annealC_120k_l0fix,MATH500,319,4,3,3,0,0,4,3,392.75
v1annealC_120k_l0fix,MATH500,323,4,3,3,2,1,2,2,2764.25
v1annealC_120k_l0fix,MATH500,327,4,0,0,2,0,2,0,2378.75
v1annealC_120k_l0fix,MATH500,331,4,2,2,0,0,4,2,1113.75
v1annealC_120k_l0fix,MATH500,335,4,3,3,0,0,4,3,305.25
v1annealC_120k_l0fix,MATH500,339,4,4,4,0,0,4,4,1980.5
v1annealC_120k_l0fix,MATH500,343,4,1,1,2,0,2,1,2129.0
v1annealC_120k_l0fix,MATH500,347,4,4,4,0,0,4,4,1031.0
v1annealC_120k_l0fix,MATH500,351,4,1,1,4,2,0,0,4006.0
v1annealC_120k_l0fix,MATH500,355,4,0,0,3,1,1,0,3021.5
v1annealC_120k_l0fix,MATH500,359,4,2,2,1,1,3,2,2459.25
v1annealC_120k_l0fix,MATH500,363,4,4,4,0,0,4,4,682.75
v1annealC_120k_l0fix,MATH500,367,4,4,4,0,0,4,4,295.75
v1annealC_120k_l0fix,MATH500,371,4,0,0,3,1,1,0,3187.0
v1annealC_120k_l0fix,MATH500,375,4,1,1,2,0,2,1,2592.0
v1annealC_120k_l0fix,MATH500,379,4,0,2,2,0,2,2,2832.75
v1annealC_120k_l0fix,MATH500,383,4,0,0,0,0,4,0,961.25
v1annealC_120k_l0fix,MATH500,387,4,3,3,1,1,3,3,1379.5
v1annealC_120k_l0fix,MATH500,391,4,4,4,0,0,4,4,3493.75
v1annealC_120k_l0fix,MATH500,395,4,3,3,0,0,4,3,1157.5
v1annealC_120k_l0fix,MATH500,399,4,4,4,0,0,4,4,64.5
v1annealC_120k_l0fix,MATH500,403,4,0,0,1,1,3,0,1218.75
v1annealC_120k_l0fix,MATH500,407,4,2,2,0,0,4,2,459.0
v1annealC_120k_l0fix,MATH500,411,4,3,4,1,1,3,3,1727.5
v1annealC_120k_l0fix,MATH500,415,4,1,1,1,0,3,1,1789.25
v1annealC_120k_l0fix,MATH500,419,4,1,1,1,0,3,1,1844.25
v1annealC_120k_l0fix,MATH500,423,4,0,0,0,0,4,0,401.5
v1annealC_120k_l0fix,MATH500,427,4,2,2,1,0,3,2,1109.5
v1annealC_120k_l0fix,MATH500,431,4,0,0,1,0,3,0,1241.5
v1annealC_120k_l0fix,MATH500,435,4,2,2,0,0,4,2,129.5
v1annealC_120k_l0fix,MATH500,439,4,3,3,1,1,3,3,1099.25
v1annealC_120k_l0fix,MATH500,443,4,3,4,1,1,3,3,1362.75
v1annealC_120k_l0fix,MATH500,447,4,1,1,0,0,4,1,202.25
v1annealC_120k_l0fix,MATH500,451,4,2,2,0,0,4,2,191.25
v1annealC_120k_l0fix,MATH500,455,4,3,3,1,0,3,3,1443.0
v1annealC_120k_l0fix,MATH500,459,4,1,1,0,0,4,1,355.75
v1annealC_120k_l0fix,MATH500,463,4,4,4,0,0,4,4,381.0
v1annealC_120k_l0fix,MATH500,467,4,0,0,2,0,2,0,1962.5
v1annealC_120k_l0fix,MATH500,471,4,2,3,2,1,2,2,2109.5
v1annealC_120k_l0fix,MATH500,475,4,0,0,2,1,2,0,2363.25
v1annealC_120k_l0fix,MATH500,479,4,2,2,1,1,3,2,1344.0
v1annealC_120k_l0fix,MATH500,483,4,1,1,0,0,4,1,330.0
v1annealC_120k_l0fix,MATH500,487,4,3,3,2,1,2,2,2933.0
v1annealC_120k_l0fix,MATH500,491,4,0,0,1,0,3,0,1158.5
v1annealC_120k_l0fix,MATH500,495,4,0,0,0,0,4,0,183.5
v1annealC_120k_l0fix,MATH500,499,4,0,0,3,1,1,0,3086.0
v1annealC_120k_l0fix,AIME24,1,16,0,0,15,0,1,0,3789.5
v1annealC_120k_l0fix,AIME24,5,16,3,5,12,2,4,3,3573.0
v1annealC_120k_l0fix,AIME24,9,16,0,0,13,4,3,0,3267.4375
v1annealC_120k_l0fix,AIME24,13,16,0,0,11,4,5,0,2804.75
v1annealC_120k_l0fix,AIME24,17,16,1,2,15,1,1,0,3725.1875
v1annealC_120k_l0fix,AIME24,21,16,3,5,13,3,3,1,3547.0
v1annealC_120k_l0fix,AIME24,25,16,0,0,13,3,3,0,3300.0625
v1annealC_120k_l0fix,AIME24,29,16,0,0,15,3,1,0,3743.25
v1annealC_120k_l0fix,AIME25,0,16,3,3,3,1,13,3,1368.5
v1annealC_120k_l0fix,AIME25,4,16,0,0,13,2,3,0,3377.4375
v1annealC_120k_l0fix,AIME25,8,16,0,0,6,2,10,0,1930.9375
v1annealC_120k_l0fix,AIME25,12,16,0,0,11,3,5,0,2769.6875
v1annealC_120k_l0fix,AIME25,16,16,4,4,3,0,13,4,1676.6875
v1annealC_120k_l0fix,AIME25,20,16,0,0,14,6,2,0,3451.25
v1annealC_120k_l0fix,AIME25,24,16,0,0,13,3,3,0,3312.125
v1annealC_120k_l0fix,AIME25,28,16,0,0,11,3,5,0,2845.6875
v1annealC_120k_l0fix,AMC23,1,16,3,4,8,5,8,3,2477.5625
v1annealC_120k_l0fix,AMC23,5,16,2,4,5,0,11,2,1997.625
v1annealC_120k_l0fix,AMC23,9,16,4,5,8,3,8,4,2174.5
v1annealC_120k_l0fix,AMC23,13,16,4,4,11,5,5,3,2895.75
v1annealC_120k_l0fix,AMC23,17,16,1,2,6,3,10,1,1746.625
v1annealC_120k_l0fix,AMC23,21,16,3,3,7,2,9,2,2118.4375
v1annealC_120k_l0fix,AMC23,25,16,5,5,7,4,9,4,2503.6875
v1annealC_120k_l0fix,AMC23,29,16,2,4,5,0,11,4,1772.375
v1annealC_120k_l0fix,AMC23,33,16,7,7,4,1,12,7,1834.5625
v1annealC_120k_l0fix,AMC23,37,16,1,1,5,0,11,1,1689.625
v1annealC_120k_l0fix,MATH500,0,4,4,4,0,0,4,4,364.75
v1annealC_120k_l0fix,MATH500,4,4,0,0,0,0,4,0,1358.0
v1annealC_120k_l0fix,MATH500,8,4,2,2,0,0,4,2,228.75
v1annealC_120k_l0fix,MATH500,12,4,1,1,2,0,2,1,2178.5
v1annealC_120k_l0fix,MATH500,16,4,1,2,2,2,2,1,2625.0
v1annealC_120k_l0fix,MATH500,20,4,2,2,0,0,4,2,1690.0
v1annealC_120k_l0fix,MATH500,24,4,2,2,1,0,3,2,2295.0
v1annealC_120k_l0fix,MATH500,28,4,4,4,0,0,4,4,305.5
v1annealC_120k_l0fix,MATH500,32,4,1,3,2,2,2,1,2071.25
v1annealC_120k_l0fix,MATH500,36,4,1,1,2,2,2,0,2170.5
v1annealC_120k_l0fix,MATH500,40,4,3,4,0,0,4,4,525.0
v1annealC_120k_l0fix,MATH500,44,4,0,0,0,0,4,0,7.75
v1annealC_120k_l0fix,MATH500,48,4,3,3,0,0,4,3,100.75
v1annealC_120k_l0fix,MATH500,52,4,0,0,0,0,4,0,16.5
v1annealC_120k_l0fix,MATH500,56,4,4,4,0,0,4,4,227.5
v1annealC_120k_l0fix,MATH500,60,4,2,2,1,0,3,1,2148.75
v1annealC_120k_l0fix,MATH500,64,4,0,0,1,0,3,0,1097.5
v1annealC_120k_l0fix,MATH500,68,4,1,1,1,0,3,1,1887.0
v1annealC_120k_l0fix,MATH500,72,4,3,4,1,1,3,3,1460.25
v1annealC_120k_l0fix,MATH500,76,4,4,4,0,0,4,4,995.5
v1annealC_120k_l0fix,MATH500,80,4,0,0,2,1,2,0,2393.5
v1annealC_120k_l0fix,MATH500,84,4,1,1,1,1,3,1,1149.5
v1annealC_120k_l0fix,MATH500,88,4,0,0,2,2,2,0,2327.5
v1annealC_120k_l0fix,MATH500,92,4,0,0,2,2,2,0,2247.0
v1annealC_120k_l0fix,MATH500,96,4,0,0,3,1,1,0,3060.0
v1annealC_120k_l0fix,MATH500,100,4,0,0,3,2,1,0,2961.75
v1annealC_120k_l0fix,MATH500,104,4,0,0,1,0,3,0,1808.25
v1annealC_120k_l0fix,MATH500,108,4,1,1,4,2,0,0,3998.0
v1annealC_120k_l0fix,MATH500,112,4,0,0,1,1,3,0,1125.5
v1annealC_120k_l0fix,MATH500,116,4,3,3,0,0,4,3,117.5
v1annealC_120k_l0fix,MATH500,120,4,0,0,2,1,2,0,2166.25
v1annealC_120k_l0fix,MATH500,124,4,4,4,1,1,3,3,2783.5
v1annealC_120k_l0fix,MATH500,128,4,1,2,2,2,2,2,2104.5
v1annealC_120k_l0fix,MATH500,132,4,3,3,0,0,4,3,478.75
v1annealC_120k_l0fix,MATH500,136,4,0,0,4,2,0,0,3981.0
v1annealC_120k_l0fix,MATH500,140,4,2,2,1,0,3,2,1918.0
v1annealC_120k_l0fix,MATH500,144,4,4,4,0,0,4,4,146.25
v1annealC_120k_l0fix,MATH500,148,4,3,3,0,0,4,3,131.75
v1annealC_120k_l0fix,MATH500,152,4,0,0,4,0,0,0,4000.0
v1annealC_120k_l0fix,MATH500,156,4,0,0,1,1,3,0,1392.75
v1annealC_120k_l0fix,MATH500,160,4,3,4,1,1,3,3,1692.25
v1annealC_120k_l0fix,MATH500,164,4,0,0,2,0,2,0,2189.75
v1annealC_120k_l0fix,MATH500,168,4,0,0,2,0,2,0,1874.0
v1annealC_120k_l0fix,MATH500,172,4,4,4,0,0,4,4,473.0
v1annealC_120k_l0fix,MATH500,176,4,2,2,0,0,4,2,1072.25
v1annealC_120k_l0fix,MATH500,180,4,1,1,0,0,4,1,1021.5
v1annealC_120k_l0fix,MATH500,184,4,0,0,1,1,3,0,1342.0
v1annealC_120k_l0fix,MATH500,188,4,1,1,3,0,1,0,2907.0
v1annealC_120k_l0fix,MATH500,192,4,1,1,0,0,4,1,667.5
v1annealC_120k_l0fix,MATH500,196,4,1,1,1,0,3,1,1038.25
v1annealC_120k_l0fix,MATH500,200,4,1,2,0,0,4,2,411.5
v1annealC_120k_l0fix,MATH500,204,4,0,0,2,1,2,0,2567.5
v1annealC_120k_l0fix,MATH500,208,4,1,1,0,0,4,1,237.25
v1annealC_120k_l0fix,MATH500,212,4,3,3,0,0,4,3,1082.75
v1annealC_120k_l0fix,MATH500,216,4,3,3,0,0,4,3,548.75
v1annealC_120k_l0fix,MATH500,220,4,1,1,1,0,3,1,1442.75
v1annealC_120k_l0fix,MATH500,224,4,2,2,3,1,1,1,3990.75
v1annealC_120k_l0fix,MATH500,228,4,3,3,3,0,1,1,3889.75
v1annealC_120k_l0fix,MATH500,232,4,0,0,2,1,2,0,2526.25
v1annealC_120k_l0fix,MATH500,236,4,0,0,3,1,1,0,3155.0
v1annealC_120k_l0fix,MATH500,240,4,0,0,2,1,2,0,2095.25
v1annealC_120k_l0fix,MATH500,244,4,1,1,0,0,4,1,2.5
v1annealC_120k_l0fix,MATH500,248,4,0,0,1,0,3,0,1429.75
v1annealC_120k_l0fix,MATH500,252,4,0,0,2,1,2,0,2122.5
v1annealC_120k_l0fix,MATH500,256,4,0,0,2,2,2,0,2033.0
v1annealC_120k_l0fix,MATH500,260,4,0,0,0,0,4,0,284.25
v1annealC_120k_l0fix,MATH500,264,4,0,0,1,0,3,0,995.75
v1annealC_120k_l0fix,MATH500,268,4,2,3,1,1,3,3,1620.25
v1annealC_120k_l0fix,MATH500,272,4,3,3,0,0,4,3,712.25
v1annealC_120k_l0fix,MATH500,276,4,1,1,2,0,2,1,2090.25
v1annealC_120k_l0fix,MATH500,280,4,1,1,1,0,3,1,1664.0
v1annealC_120k_l0fix,MATH500,284,4,0,0,3,1,1,0,3213.5
v1annealC_120k_l0fix,MATH500,288,4,0,0,0,0,4,0,211.5
v1annealC_120k_l0fix,MATH500,292,4,0,0,2,1,2,0,2314.25
v1annealC_120k_l0fix,MATH500,296,4,0,0,1,0,3,0,1035.75
v1annealC_120k_l0fix,MATH500,300,4,3,4,3,3,1,1,3075.5
v1annealC_120k_l0fix,MATH500,304,4,0,0,0,0,4,0,255.5
v1annealC_120k_l0fix,MATH500,308,4,0,0,3,0,1,0,3125.25
v1annealC_120k_l0fix,MATH500,312,4,3,3,0,0,4,3,94.25
v1annealC_120k_l0fix,MATH500,316,4,0,0,3,1,1,0,3103.75
v1annealC_120k_l0fix,MATH500,320,4,1,1,1,1,3,1,2011.5
v1annealC_120k_l0fix,MATH500,324,4,0,0,1,0,3,0,1318.5
v1annealC_120k_l0fix,MATH500,328,4,0,0,4,2,0,0,4008.0
v1annealC_120k_l0fix,MATH500,332,4,0,0,4,1,0,0,4035.0
v1annealC_120k_l0fix,MATH500,336,4,4,4,0,0,4,4,126.5
v1annealC_120k_l0fix,MATH500,340,4,0,0,2,0,2,0,2609.5
v1annealC_120k_l0fix,MATH500,344,4,3,3,0,0,4,3,416.75
v1annealC_120k_l0fix,MATH500,348,4,0,2,1,0,3,2,1087.0
v1annealC_120k_l0fix,MATH500,352,4,0,0,2,0,2,0,2205.75
v1annealC_120k_l0fix,MATH500,356,4,0,0,2,2,2,0,2125.0
v1annealC_120k_l0fix,MATH500,360,4,0,0,1,1,3,0,985.0
v1annealC_120k_l0fix,MATH500,364,4,3,3,1,0,3,3,2674.25
v1annealC_120k_l0fix,MATH500,368,4,2,2,3,2,1,1,3080.25
v1annealC_120k_l0fix,MATH500,372,4,0,0,4,1,0,0,3817.0
v1annealC_120k_l0fix,MATH500,376,4,1,1,2,1,2,1,2533.25
v1annealC_120k_l0fix,MATH500,380,4,1,1,1,0,3,1,2016.25
v1annealC_120k_l0fix,MATH500,384,4,3,3,1,1,3,3,1085.5
v1annealC_120k_l0fix,MATH500,388,4,2,2,2,1,2,2,2103.75
v1annealC_120k_l0fix,MATH500,392,4,0,0,3,1,1,0,3152.25
v1annealC_120k_l0fix,MATH500,396,4,1,1,0,0,4,1,137.0
v1annealC_120k_l0fix,MATH500,400,4,0,0,3,2,1,0,3058.0
v1annealC_120k_l0fix,MATH500,404,4,2,4,1,1,3,3,1155.75
v1annealC_120k_l0fix,MATH500,408,4,0,0,2,0,2,0,2704.5
v1annealC_120k_l0fix,MATH500,412,4,1,1,3,0,1,0,3177.75
v1annealC_120k_l0fix,MATH500,416,4,1,1,2,1,2,1,2114.5
v1annealC_120k_l0fix,MATH500,420,4,2,2,0,0,4,2,1302.5
v1annealC_120k_l0fix,MATH500,424,4,1,1,0,0,4,1,411.5
v1annealC_120k_l0fix,MATH500,428,4,0,0,3,1,1,0,3051.0
v1annealC_120k_l0fix,MATH500,432,4,0,0,1,0,3,0,1514.25
v1annealC_120k_l0fix,MATH500,436,4,0,0,3,0,1,0,3031.5
v1annealC_120k_l0fix,MATH500,440,4,4,4,0,0,4,4,1195.5
v1annealC_120k_l0fix,MATH500,444,4,0,0,3,0,1,0,3005.25
v1annealC_120k_l0fix,MATH500,448,4,2,2,1,0,3,1,1523.25
v1annealC_120k_l0fix,MATH500,452,4,0,0,3,0,1,0,3026.75
v1annealC_120k_l0fix,MATH500,456,4,0,1,0,0,4,1,261.75
v1annealC_120k_l0fix,MATH500,460,4,0,0,3,0,1,0,2942.5
v1annealC_120k_l0fix,MATH500,464,4,1,1,1,1,3,1,1165.25
v1annealC_120k_l0fix,MATH500,468,4,2,3,2,1,2,2,2088.5
v1annealC_120k_l0fix,MATH500,472,4,4,4,0,0,4,4,1369.75
v1annealC_120k_l0fix,MATH500,476,4,1,1,0,0,4,1,110.75
v1annealC_120k_l0fix,MATH500,480,4,4,4,1,1,3,3,1328.5
v1annealC_120k_l0fix,MATH500,484,4,1,1,0,0,4,1,1116.75
v1annealC_120k_l0fix,MATH500,488,4,3,3,1,0,3,3,1303.25
v1annealC_120k_l0fix,MATH500,492,4,3,3,0,0,4,3,590.5
v1annealC_120k_l0fix,MATH500,496,4,3,3,1,0,3,3,2187.25
v1annealTT_120k,AIME24,2,16,0,0,5,0,11,0,1233.6875
v1annealTT_120k,AIME24,6,16,0,0,8,0,8,0,2082.1875
v1annealTT_120k,AIME24,10,16,0,0,6,1,10,0,1505.0
v1annealTT_120k,AIME24,14,16,0,0,0,0,16,0,26.5625
v1annealTT_120k,AIME24,18,16,2,2,0,0,16,2,401.75
v1annealTT_120k,AIME24,22,16,0,0,7,2,9,0,1687.875
v1annealTT_120k,AIME24,26,16,0,0,1,0,15,0,287.0625
v1annealTT_120k,AIME25,1,16,0,0,10,7,6,0,2506.1875
v1annealTT_120k,AIME25,5,16,4,4,7,4,9,3,2714.75
v1annealTT_120k,AIME25,9,16,0,0,6,5,10,0,1660.5625
v1annealTT_120k,AIME25,13,16,0,2,7,5,9,1,1774.375
v1annealTT_120k,AIME25,17,16,0,0,4,2,12,0,1120.1875
v1annealTT_120k,AIME25,21,16,0,0,7,2,9,0,1884.5625
v1annealTT_120k,AIME25,25,16,0,0,7,3,9,0,1944.6875
v1annealTT_120k,AIME25,29,16,0,0,8,2,8,0,2172.5625
v1annealTT_120k,AMC23,2,16,2,2,2,2,14,2,581.5625
v1annealTT_120k,AMC23,6,16,0,0,8,5,8,0,2033.3125
v1annealTT_120k,AMC23,10,16,1,3,7,6,9,1,1817.1875
v1annealTT_120k,AMC23,14,16,2,3,7,3,9,2,2345.6875
v1annealTT_120k,AMC23,18,16,0,1,9,5,7,0,2296.3125
v1annealTT_120k,AMC23,22,16,5,5,5,5,11,4,1252.6875
v1annealTT_120k,AMC23,26,16,4,6,7,6,9,4,2197.875
v1annealTT_120k,AMC23,30,16,8,9,1,1,15,8,812.8125
v1annealTT_120k,AMC23,34,16,4,5,3,3,13,3,800.25
v1annealTT_120k,AMC23,38,16,1,1,3,2,13,1,1128.8125
v1annealTT_120k,MATH500,1,4,0,0,1,1,3,0,1005.75
v1annealTT_120k,MATH500,5,4,1,1,1,0,3,1,1089.75
v1annealTT_120k,MATH500,9,4,0,0,0,0,4,0,10.0
v1annealTT_120k,MATH500,13,4,3,4,0,0,4,4,466.75
v1annealTT_120k,MATH500,17,4,1,1,0,0,4,1,148.5
v1annealTT_120k,MATH500,21,4,1,1,1,1,3,1,1875.75
v1annealTT_120k,MATH500,25,4,0,0,2,0,2,0,2206.25
v1annealTT_120k,MATH500,29,4,0,0,0,0,4,0,53.25
v1annealTT_120k,MATH500,33,4,0,0,0,0,4,0,239.75
v1annealTT_120k,MATH500,37,4,2,4,0,0,4,4,20.5
v1annealTT_120k,MATH500,41,4,0,0,0,0,4,0,91.5
v1annealTT_120k,MATH500,45,4,3,3,1,1,3,2,1868.0
v1annealTT_120k,MATH500,49,4,1,1,2,2,2,0,2030.25
v1annealTT_120k,MATH500,53,4,3,3,0,0,4,3,28.25
v1annealTT_120k,MATH500,57,4,0,2,2,2,2,1,2023.75
v1annealTT_120k,MATH500,61,4,0,0,1,0,3,0,1387.0
v1annealTT_120k,MATH500,65,4,4,4,1,1,3,3,1148.25
v1annealTT_120k,MATH500,69,4,0,0,2,1,2,0,2291.0
v1annealTT_120k,MATH500,73,4,2,2,2,1,2,2,2331.75
v1annealTT_120k,MATH500,77,4,3,3,1,1,3,2,1018.5
v1annealTT_120k,MATH500,81,4,1,1,0,0,4,1,6.0
v1annealTT_120k,MATH500,85,4,2,2,1,1,3,1,1161.0
v1annealTT_120k,MATH500,89,4,1,1,1,1,3,1,1234.75
v1annealTT_120k,MATH500,93,4,0,0,0,0,4,0,4.75
v1annealTT_120k,MATH500,97,4,0,0,2,1,2,0,2069.75
v1annealTT_120k,MATH500,101,4,0,0,2,0,2,0,2340.0
v1annealTT_120k,MATH500,105,4,1,1,0,0,4,1,4.5
v1annealTT_120k,MATH500,109,4,1,1,3,2,1,0,3086.75
v1annealTT_120k,MATH500,113,4,0,0,1,1,3,0,1051.0
v1annealTT_120k,MATH500,117,4,3,3,1,1,3,2,1020.0
v1annealTT_120k,MATH500,121,4,1,1,2,2,2,0,2032.5
v1annealTT_120k,MATH500,125,4,1,1,0,0,4,1,221.5
v1annealTT_120k,MATH500,129,4,0,0,1,1,3,0,1340.0
v1annealTT_120k,MATH500,133,4,2,4,0,0,4,4,473.25
v1annealTT_120k,MATH500,137,4,0,0,1,1,3,0,1106.5
v1annealTT_120k,MATH500,141,4,3,4,0,0,4,4,114.75
v1annealTT_120k,MATH500,145,4,1,1,2,0,2,0,2276.75
v1annealTT_120k,MATH500,149,4,0,0,2,1,2,0,2519.5
v1annealTT_120k,MATH500,153,4,1,1,3,2,1,1,3079.75
v1annealTT_120k,MATH500,157,4,2,2,0,0,4,2,242.25
v1annealTT_120k,MATH500,161,4,2,2,2,1,2,0,2106.5
v1annealTT_120k,MATH500,165,4,0,0,1,1,3,0,1061.0
v1annealTT_120k,MATH500,169,4,3,4,0,0,4,4,53.0
v1annealTT_120k,MATH500,173,4,0,0,0,0,4,0,947.75
v1annealTT_120k,MATH500,177,4,1,1,2,1,2,0,1980.5
v1annealTT_120k,MATH500,181,4,0,0,1,1,3,0,1013.5
v1annealTT_120k,MATH500,185,4,1,2,2,2,2,1,2036.25
v1annealTT_120k,MATH500,189,4,0,0,0,0,4,0,162.25
v1annealTT_120k,MATH500,193,4,3,3,0,0,4,3,565.25
v1annealTT_120k,MATH500,197,4,1,1,0,0,4,1,218.5
v1annealTT_120k,MATH500,201,4,0,0,0,0,4,0,129.5
v1annealTT_120k,MATH500,205,4,3,3,1,0,3,3,1459.0
v1annealTT_120k,MATH500,209,4,1,1,1,1,3,1,1457.75
v1annealTT_120k,MATH500,213,4,0,1,1,1,3,0,1270.25
v1annealTT_120k,MATH500,217,4,0,0,2,1,2,0,2066.0
v1annealTT_120k,MATH500,221,4,0,0,3,2,1,0,3042.0
v1annealTT_120k,MATH500,225,4,0,0,2,2,2,0,2783.0
v1annealTT_120k,MATH500,229,4,4,4,0,0,4,4,118.5
v1annealTT_120k,MATH500,233,4,3,3,0,0,4,3,361.25
v1annealTT_120k,MATH500,237,4,1,1,1,0,3,1,1124.75
v1annealTT_120k,MATH500,241,4,0,0,0,0,4,0,112.5
v1annealTT_120k,MATH500,245,4,0,0,1,1,3,0,1016.5
v1annealTT_120k,MATH500,249,4,0,0,1,1,3,0,1109.5
v1annealTT_120k,MATH500,253,4,1,1,0,0,4,1,64.75
v1annealTT_120k,MATH500,257,4,0,0,0,0,4,0,7.5
v1annealTT_120k,MATH500,261,4,1,1,2,2,2,1,2100.25
v1annealTT_120k,MATH500,265,4,3,4,0,0,4,4,131.0
v1annealTT_120k,MATH500,269,4,1,3,0,0,4,3,241.0
v1annealTT_120k,MATH500,273,4,0,1,2,2,2,0,2007.0
v1annealTT_120k,MATH500,277,4,3,3,0,0,4,3,109.25
v1annealTT_120k,MATH500,281,4,3,3,0,0,4,3,367.5
v1annealTT_120k,MATH500,285,4,0,0,3,1,1,0,2940.5
v1annealTT_120k,MATH500,289,4,3,4,0,0,4,4,661.25
v1annealTT_120k,MATH500,293,4,1,1,0,0,4,1,421.5
v1annealTT_120k,MATH500,297,4,0,0,0,0,4,0,193.25
v1annealTT_120k,MATH500,301,4,0,0,0,0,4,0,255.75
v1annealTT_120k,MATH500,305,4,1,1,1,1,3,1,1081.0
v1annealTT_120k,MATH500,309,4,1,1,1,0,3,1,1949.5
v1annealTT_120k,MATH500,313,4,0,0,1,1,3,0,1287.0
v1annealTT_120k,MATH500,317,4,1,1,1,1,3,1,1048.25
v1annealTT_120k,MATH500,321,4,0,0,0,0,4,0,209.5
v1annealTT_120k,MATH500,325,4,0,0,0,0,4,0,18.5
v1annealTT_120k,MATH500,329,4,1,1,0,0,4,1,29.25
v1annealTT_120k,MATH500,333,4,3,3,0,0,4,3,916.5
v1annealTT_120k,MATH500,337,4,1,1,3,3,1,1,3144.0
v1annealTT_120k,MATH500,341,4,0,0,0,0,4,0,100.0
v1annealTT_120k,MATH500,345,4,2,2,2,2,2,1,2023.75
v1annealTT_120k,MATH500,349,4,0,0,2,1,2,0,2083.5
v1annealTT_120k,MATH500,353,4,1,1,1,1,3,1,1074.0
v1annealTT_120k,MATH500,357,4,2,2,1,1,3,2,1845.5
v1annealTT_120k,MATH500,361,4,0,0,2,2,2,0,2076.0
v1annealTT_120k,MATH500,365,4,0,0,2,1,2,0,2072.25
v1annealTT_120k,MATH500,369,4,1,1,1,0,3,1,1091.0
v1annealTT_120k,MATH500,373,4,0,0,2,2,2,0,2121.5
v1annealTT_120k,MATH500,377,4,1,1,0,0,4,1,45.0
v1annealTT_120k,MATH500,381,4,1,1,0,0,4,1,852.5
v1annealTT_120k,MATH500,385,4,0,0,0,0,4,0,41.5
v1annealTT_120k,MATH500,389,4,2,2,0,0,4,2,184.5
v1annealTT_120k,MATH500,393,4,1,1,0,0,4,1,123.25
v1annealTT_120k,MATH500,397,4,2,2,1,1,3,2,1113.0
v1annealTT_120k,MATH500,401,4,0,0,2,2,2,0,2108.5
v1annealTT_120k,MATH500,405,4,2,4,2,2,2,2,2120.0
v1annealTT_120k,MATH500,409,4,1,1,0,0,4,1,402.0
v1annealTT_120k,MATH500,413,4,3,3,2,2,2,2,2050.0
v1annealTT_120k,MATH500,417,4,1,1,0,0,4,1,193.25
v1annealTT_120k,MATH500,421,4,0,0,1,0,3,0,1680.25
v1annealTT_120k,MATH500,425,4,0,0,1,1,3,0,1133.5
v1annealTT_120k,MATH500,429,4,1,1,0,0,4,1,471.25
v1annealTT_120k,MATH500,433,4,2,4,0,0,4,4,217.75
v1annealTT_120k,MATH500,437,4,0,1,0,0,4,1,19.75
v1annealTT_120k,MATH500,441,4,0,0,0,0,4,0,150.75
v1annealTT_120k,MATH500,445,4,2,2,1,0,3,2,1133.0
v1annealTT_120k,MATH500,449,4,2,2,1,1,3,2,1509.5
v1annealTT_120k,MATH500,453,4,0,0,1,1,3,0,1149.75
v1annealTT_120k,MATH500,457,4,2,2,1,1,3,2,1062.25
v1annealTT_120k,MATH500,461,4,1,2,2,1,2,0,2166.5
v1annealTT_120k,MATH500,465,4,1,1,2,1,2,1,2061.5
v1annealTT_120k,MATH500,469,4,0,1,1,1,3,1,1024.75
v1annealTT_120k,MATH500,473,4,1,1,1,0,3,1,1665.25
v1annealTT_120k,MATH500,477,4,0,0,0,0,4,0,95.0
v1annealTT_120k,MATH500,481,4,0,0,0,0,4,0,507.75
v1annealTT_120k,MATH500,485,4,0,0,0,0,4,0,8.75
v1annealTT_120k,MATH500,489,4,2,3,2,2,2,2,2305.0
v1annealTT_120k,MATH500,493,4,3,3,3,0,1,0,3076.75
v1annealTT_120k,MATH500,497,4,0,0,2,2,2,0,2213.75
v1annealTT_120k,AIME24,3,16,4,6,4,0,12,3,1433.9375
v1annealTT_120k,AIME24,7,16,0,0,3,1,13,0,755.625
v1annealTT_120k,AIME24,11,16,0,1,9,3,7,1,2255.625
v1annealTT_120k,AIME24,15,16,2,2,5,1,11,2,1573.0
v1annealTT_120k,AIME24,19,16,0,0,3,1,13,0,718.75
v1annealTT_120k,AIME24,23,16,0,0,11,2,5,0,2742.1875
v1annealTT_120k,AIME24,27,16,0,0,11,0,5,0,2757.75
v1annealTT_120k,AIME25,2,16,1,1,4,3,12,1,1410.75
v1annealTT_120k,AIME25,6,16,0,0,5,2,11,0,1392.4375
v1annealTT_120k,AIME25,10,16,0,0,7,5,9,0,1947.9375
v1annealTT_120k,AIME25,14,16,0,0,9,7,7,0,2299.375
v1annealTT_120k,AIME25,18,16,1,1,8,4,8,0,2009.0625
v1annealTT_120k,AIME25,22,16,0,0,9,6,7,0,2156.9375
v1annealTT_120k,AIME25,26,16,0,0,9,7,7,0,2260.0
v1annealTT_120k,AMC23,3,16,1,1,7,4,9,0,1955.1875
v1annealTT_120k,AMC23,7,16,0,0,5,4,11,0,1503.4375
v1annealTT_120k,AMC23,11,16,0,1,10,5,6,0,2462.625
v1annealTT_120k,AMC23,15,16,1,1,7,4,9,0,1824.5625
v1annealTT_120k,AMC23,19,16,3,3,6,4,10,3,1963.8125
v1annealTT_120k,AMC23,23,16,5,5,7,5,9,3,1900.625
v1annealTT_120k,AMC23,27,16,1,1,6,5,10,0,1746.0
v1annealTT_120k,AMC23,31,16,0,0,8,5,8,0,2352.8125
v1annealTT_120k,AMC23,35,16,1,3,11,8,5,2,2742.6875
v1annealTT_120k,AMC23,39,16,1,2,4,3,12,1,1067.3125
v1annealTT_120k,MATH500,2,4,2,2,1,1,3,2,1218.75
v1annealTT_120k,MATH500,6,4,0,0,0,0,4,0,12.5
v1annealTT_120k,MATH500,10,4,2,2,2,2,2,2,2105.5
v1annealTT_120k,MATH500,14,4,0,0,1,1,3,0,1080.5
v1annealTT_120k,MATH500,18,4,0,0,2,1,2,0,1962.75
v1annealTT_120k,MATH500,22,4,0,0,3,2,1,0,2965.5
v1annealTT_120k,MATH500,26,4,0,0,2,1,2,0,2108.5
v1annealTT_120k,MATH500,30,4,3,3,0,0,4,3,92.75
v1annealTT_120k,MATH500,34,4,1,1,1,1,3,1,1375.0
v1annealTT_120k,MATH500,38,4,3,3,0,0,4,3,7.5
v1annealTT_120k,MATH500,42,4,1,1,1,1,3,1,1102.75
v1annealTT_120k,MATH500,46,4,0,0,1,1,3,0,1141.5
v1annealTT_120k,MATH500,50,4,1,1,2,2,2,0,2048.75
v1annealTT_120k,MATH500,54,4,2,3,0,0,4,3,327.25
v1annealTT_120k,MATH500,58,4,1,1,1,1,3,1,1125.5
v1annealTT_120k,MATH500,62,4,1,1,0,0,4,1,327.5
v1annealTT_120k,MATH500,66,4,1,1,1,1,3,1,1070.75
v1annealTT_120k,MATH500,70,4,4,4,0,0,4,4,38.75
v1annealTT_120k,MATH500,74,4,1,1,2,2,2,1,2086.25
v1annealTT_120k,MATH500,78,4,0,0,0,0,4,0,391.75
v1annealTT_120k,MATH500,82,4,1,1,0,0,4,1,106.75
v1annealTT_120k,MATH500,86,4,2,3,1,1,3,3,1054.25
v1annealTT_120k,MATH500,90,4,1,1,0,0,4,1,35.0
v1annealTT_120k,MATH500,94,4,0,0,1,0,3,0,926.75
v1annealTT_120k,MATH500,98,4,1,1,0,0,4,1,44.0
v1annealTT_120k,MATH500,102,4,1,1,2,1,2,1,2037.5
v1annealTT_120k,MATH500,106,4,1,1,0,0,4,1,3.75
v1annealTT_120k,MATH500,110,4,0,0,2,0,2,0,1986.0
v1annealTT_120k,MATH500,114,4,2,2,2,1,2,2,2490.0
v1annealTT_120k,MATH500,118,4,0,0,1,0,3,0,1206.0
v1annealTT_120k,MATH500,122,4,4,4,0,0,4,4,408.25
v1annealTT_120k,MATH500,126,4,1,1,1,0,3,0,1284.25
v1annealTT_120k,MATH500,130,4,2,2,2,0,2,1,2074.5
v1annealTT_120k,MATH500,134,4,2,2,2,2,2,2,2561.75
v1annealTT_120k,MATH500,138,4,0,0,2,1,2,0,2840.0
v1annealTT_120k,MATH500,142,4,0,0,1,1,3,0,1076.5
v1annealTT_120k,MATH500,146,4,0,0,3,3,1,0,3050.75
v1annealTT_120k,MATH500,150,4,0,1,3,1,1,0,2895.5
v1annealTT_120k,MATH500,154,4,0,0,3,3,1,0,2959.0
v1annealTT_120k,MATH500,158,4,0,0,0,0,4,0,81.75
v1annealTT_120k,MATH500,162,4,0,0,1,1,3,0,1083.75
v1annealTT_120k,MATH500,166,4,0,0,2,1,2,0,1929.25
v1annealTT_120k,MATH500,170,4,0,0,0,0,4,0,838.0
v1annealTT_120k,MATH500,174,4,0,0,1,1,3,0,1362.25
v1annealTT_120k,MATH500,178,4,2,4,0,0,4,4,85.5
v1annealTT_120k,MATH500,182,4,4,4,0,0,4,4,82.0
v1annealTT_120k,MATH500,186,4,0,0,0,0,4,0,1.0
v1annealTT_120k,MATH500,190,4,0,0,1,1,3,0,1119.5
v1annealTT_120k,MATH500,194,4,0,0,1,0,3,0,1150.0
v1annealTT_120k,MATH500,198,4,0,0,2,1,2,0,2210.0
v1annealTT_120k,MATH500,202,4,2,2,2,2,2,1,2065.75
v1annealTT_120k,MATH500,206,4,1,1,0,0,4,1,492.75
v1annealTT_120k,MATH500,210,4,0,0,2,1,2,0,1936.5
v1annealTT_120k,MATH500,214,4,0,0,3,3,1,0,2995.75
v1annealTT_120k,MATH500,218,4,2,2,2,2,2,1,2063.75
v1annealTT_120k,MATH500,222,4,0,0,1,1,3,0,988.5
v1annealTT_120k,MATH500,226,4,0,0,2,2,2,0,2199.75
v1annealTT_120k,MATH500,230,4,0,0,1,1,3,0,1331.5
v1annealTT_120k,MATH500,234,4,1,1,1,1,3,1,1128.25
v1annealTT_120k,MATH500,238,4,0,1,1,1,3,1,1460.25
v1annealTT_120k,MATH500,242,4,0,0,1,1,3,0,1008.75
v1annealTT_120k,MATH500,246,4,1,1,0,0,4,1,122.75
v1annealTT_120k,MATH500,250,4,0,0,2,1,2,0,2070.25
v1annealTT_120k,MATH500,254,4,3,3,2,2,2,2,2012.0
v1annealTT_120k,MATH500,258,4,0,0,1,1,3,0,1049.75
v1annealTT_120k,MATH500,262,4,2,4,2,2,2,2,2452.25
v1annealTT_120k,MATH500,266,4,2,2,2,2,2,1,2031.5
v1annealTT_120k,MATH500,270,4,1,2,1,0,3,1,1036.25
v1annealTT_120k,MATH500,274,4,1,1,1,1,3,0,1017.5
v1annealTT_120k,MATH500,278,4,2,4,2,1,2,2,2051.5
v1annealTT_120k,MATH500,282,4,1,1,1,0,3,1,1578.0
v1annealTT_120k,MATH500,286,4,0,0,2,1,2,0,2148.75
v1annealTT_120k,MATH500,290,4,1,2,2,1,2,0,2027.25
v1annealTT_120k,MATH500,294,4,0,0,1,1,3,0,1089.75
v1annealTT_120k,MATH500,298,4,1,1,0,0,4,1,970.25
v1annealTT_120k,MATH500,302,4,4,4,0,0,4,4,5.25
v1annealTT_120k,MATH500,306,4,0,0,0,0,4,0,98.75
v1annealTT_120k,MATH500,310,4,0,1,1,1,3,1,1096.25
v1annealTT_120k,MATH500,314,4,3,3,0,0,4,3,96.0
v1annealTT_120k,MATH500,318,4,1,1,0,0,4,1,254.0
v1annealTT_120k,MATH500,322,4,1,1,0,0,4,1,1035.25
v1annealTT_120k,MATH500,326,4,0,0,2,1,2,0,2234.75
v1annealTT_120k,MATH500,330,4,1,1,2,1,2,0,2045.5
v1annealTT_120k,MATH500,334,4,1,1,0,0,4,1,39.0
v1annealTT_120k,MATH500,338,4,1,1,0,0,4,1,12.75
v1annealTT_120k,MATH500,342,4,1,1,0,0,4,1,22.0
v1annealTT_120k,MATH500,346,4,3,3,0,0,4,3,1701.75
v1annealTT_120k,MATH500,350,4,2,2,0,0,4,2,218.25
v1annealTT_120k,MATH500,354,4,0,0,1,1,3,0,1144.0
v1annealTT_120k,MATH500,358,4,0,0,0,0,4,0,191.5
v1annealTT_120k,MATH500,362,4,1,1,0,0,4,1,101.0
v1annealTT_120k,MATH500,366,4,1,1,0,0,4,1,340.25
v1annealTT_120k,MATH500,370,4,2,2,1,1,3,2,1475.0
v1annealTT_120k,MATH500,374,4,2,2,0,0,4,2,37.0
v1annealTT_120k,MATH500,378,4,0,0,2,1,2,0,2036.25
v1annealTT_120k,MATH500,382,4,0,0,1,0,3,0,1254.25
v1annealTT_120k,MATH500,386,4,3,3,0,0,4,3,136.5
v1annealTT_120k,MATH500,390,4,0,0,1,1,3,0,1207.25
v1annealTT_120k,MATH500,394,4,0,0,1,1,3,0,1212.25
v1annealTT_120k,MATH500,398,4,0,0,0,0,4,0,314.75
v1annealTT_120k,MATH500,402,4,1,1,0,0,4,1,507.75
v1annealTT_120k,MATH500,406,4,0,0,0,0,4,0,34.25
v1annealTT_120k,MATH500,410,4,0,0,0,0,4,0,1.0
v1annealTT_120k,MATH500,414,4,0,0,0,0,4,0,4.25
v1annealTT_120k,MATH500,418,4,2,2,0,0,4,2,83.0
v1annealTT_120k,MATH500,422,4,0,0,3,1,1,0,3216.0
v1annealTT_120k,MATH500,426,4,1,1,0,0,4,1,475.25
v1annealTT_120k,MATH500,430,4,4,4,0,0,4,4,28.75
v1annealTT_120k,MATH500,434,4,0,1,0,0,4,1,250.0
v1annealTT_120k,MATH500,438,4,2,2,0,0,4,2,462.5
v1annealTT_120k,MATH500,442,4,2,2,2,2,2,2,2172.25
v1annealTT_120k,MATH500,446,4,2,2,2,0,2,2,2095.0
v1annealTT_120k,MATH500,450,4,0,0,2,2,2,0,2232.5
v1annealTT_120k,MATH500,454,4,0,0,0,0,4,0,766.25
v1annealTT_120k,MATH500,458,4,1,1,3,2,1,0,2981.5
v1annealTT_120k,MATH500,462,4,0,0,1,1,3,0,1101.25
v1annealTT_120k,MATH500,466,4,0,0,3,1,1,0,3002.0
v1annealTT_120k,MATH500,470,4,0,0,1,0,3,0,1344.5
v1annealTT_120k,MATH500,474,4,4,4,1,1,3,3,1783.75
v1annealTT_120k,MATH500,478,4,1,1,2,0,2,0,2024.0
v1annealTT_120k,MATH500,482,4,0,0,0,0,4,0,161.25
v1annealTT_120k,MATH500,486,4,0,0,0,0,4,0,53.25
v1annealTT_120k,MATH500,490,4,0,0,3,1,1,0,3220.0
v1annealTT_120k,MATH500,494,4,0,0,1,0,3,0,1310.75
v1annealTT_120k,MATH500,498,4,0,0,1,1,3,0,1146.0
v1annealTT_120k,AIME24,0,16,0,0,6,6,10,0,1677.6875
v1annealTT_120k,AIME24,4,16,0,0,4,4,12,0,1188.375
v1annealTT_120k,AIME24,8,16,0,0,7,0,9,0,1803.0625
v1annealTT_120k,AIME24,12,16,4,5,14,1,2,1,3763.125
v1annealTT_120k,AIME24,16,16,1,2,8,3,8,1,2416.625
v1annealTT_120k,AIME24,20,16,1,1,5,1,11,0,1296.4375
v1annealTT_120k,AIME24,24,16,0,0,7,2,9,0,1728.5625
v1annealTT_120k,AIME24,28,16,0,0,1,0,15,0,252.1875
v1annealTT_120k,AIME25,3,16,0,0,7,5,9,0,2041.6875
v1annealTT_120k,AIME25,7,16,1,1,6,6,10,1,1917.9375
v1annealTT_120k,AIME25,11,16,0,0,9,7,7,0,2278.625
v1annealTT_120k,AIME25,15,16,0,0,6,3,10,0,1543.6875
v1annealTT_120k,AIME25,19,16,0,0,10,6,6,0,2547.4375
v1annealTT_120k,AIME25,23,16,0,0,3,1,13,0,934.0625
v1annealTT_120k,AIME25,27,16,0,0,8,2,8,0,2033.25
v1annealTT_120k,AMC23,0,16,13,16,6,5,10,10,1617.6875
v1annealTT_120k,AMC23,4,16,0,0,8,4,8,0,2058.0
v1annealTT_120k,AMC23,8,16,2,5,8,2,8,2,2080.125
v1annealTT_120k,AMC23,12,16,2,2,8,2,8,0,2045.125
v1annealTT_120k,AMC23,16,16,1,1,3,2,13,1,960.1875
v1annealTT_120k,AMC23,20,16,0,0,7,3,9,0,1866.75
v1annealTT_120k,AMC23,24,16,5,5,4,3,12,5,1891.8125
v1annealTT_120k,AMC23,28,16,1,3,6,2,10,3,2009.3125
v1annealTT_120k,AMC23,32,16,0,1,6,4,10,0,1733.875
v1annealTT_120k,AMC23,36,16,2,8,7,6,9,5,2044.9375
v1annealTT_120k,MATH500,3,4,3,3,1,1,3,3,1188.5
v1annealTT_120k,MATH500,7,4,1,1,1,1,3,1,1436.75
v1annealTT_120k,MATH500,11,4,0,0,0,0,4,0,159.75
v1annealTT_120k,MATH500,15,4,3,3,0,0,4,3,2533.25
v1annealTT_120k,MATH500,19,4,4,4,2,0,2,2,2025.0
v1annealTT_120k,MATH500,23,4,2,2,1,1,3,2,1223.25
v1annealTT_120k,MATH500,27,4,0,0,0,0,4,0,50.0
v1annealTT_120k,MATH500,31,4,4,4,1,1,3,3,1105.25
v1annealTT_120k,MATH500,35,4,1,1,1,1,3,1,1220.0
v1annealTT_120k,MATH500,39,4,1,1,0,0,4,1,60.5
v1annealTT_120k,MATH500,43,4,0,0,2,2,2,0,2029.25
v1annealTT_120k,MATH500,47,4,2,2,0,0,4,2,664.0
v1annealTT_120k,MATH500,51,4,4,4,3,3,1,1,3699.5
v1annealTT_120k,MATH500,55,4,3,3,1,1,3,3,1024.75
v1annealTT_120k,MATH500,59,4,0,0,1,1,3,0,1013.0
v1annealTT_120k,MATH500,63,4,0,0,1,1,3,0,1144.5
v1annealTT_120k,MATH500,67,4,2,2,0,0,4,2,1037.0
v1annealTT_120k,MATH500,71,4,0,0,2,2,2,0,2102.5
v1annealTT_120k,MATH500,75,4,1,1,1,1,3,1,1066.25
v1annealTT_120k,MATH500,79,4,3,3,0,0,4,3,399.75
v1annealTT_120k,MATH500,83,4,0,0,1,1,3,0,1022.5
v1annealTT_120k,MATH500,87,4,1,1,1,1,3,1,1367.0
v1annealTT_120k,MATH500,91,4,0,0,0,0,4,0,71.0
v1annealTT_120k,MATH500,95,4,1,1,0,0,4,1,112.0
v1annealTT_120k,MATH500,99,4,0,0,0,0,4,0,866.25
v1annealTT_120k,MATH500,103,4,0,0,2,0,2,0,2100.5
v1annealTT_120k,MATH500,107,4,1,1,0,0,4,1,3.5
v1annealTT_120k,MATH500,111,4,2,2,0,0,4,2,181.75
v1annealTT_120k,MATH500,115,4,1,1,0,0,4,1,114.5
v1annealTT_120k,MATH500,119,4,1,1,2,1,2,1,2058.0
v1annealTT_120k,MATH500,123,4,0,0,0,0,4,0,51.0
v1annealTT_120k,MATH500,127,4,0,0,0,0,4,0,67.5
v1annealTT_120k,MATH500,131,4,3,3,1,0,3,2,1997.25
v1annealTT_120k,MATH500,135,4,2,2,0,0,4,2,541.5
v1annealTT_120k,MATH500,139,4,3,3,1,1,3,2,1536.75
v1annealTT_120k,MATH500,143,4,1,1,0,0,4,1,246.5
v1annealTT_120k,MATH500,147,4,1,1,0,0,4,1,252.0
v1annealTT_120k,MATH500,151,4,1,1,0,0,4,1,6.0
v1annealTT_120k,MATH500,155,4,2,2,1,1,3,2,1068.75
v1annealTT_120k,MATH500,159,4,0,0,1,1,3,0,1295.75
v1annealTT_120k,MATH500,163,4,3,3,2,1,2,2,2133.75
v1annealTT_120k,MATH500,167,4,4,4,1,1,3,3,1023.5
v1annealTT_120k,MATH500,171,4,2,2,2,2,2,2,2023.5
v1annealTT_120k,MATH500,175,4,0,0,2,0,2,0,2023.5
v1annealTT_120k,MATH500,179,4,2,2,0,0,4,2,1641.5
v1annealTT_120k,MATH500,183,4,1,1,1,0,3,1,1588.75
v1annealTT_120k,MATH500,187,4,2,2,1,1,3,2,1184.25
v1annealTT_120k,MATH500,191,4,3,3,0,0,4,3,78.5
v1annealTT_120k,MATH500,195,4,3,3,1,1,3,3,1794.5
v1annealTT_120k,MATH500,199,4,1,1,1,1,3,1,1064.5
v1annealTT_120k,MATH500,203,4,0,0,0,0,4,0,91.75
v1annealTT_120k,MATH500,207,4,2,2,0,0,4,2,67.5
v1annealTT_120k,MATH500,211,4,0,0,1,1,3,0,1019.0
v1annealTT_120k,MATH500,215,4,2,3,1,1,3,3,1897.75
v1annealTT_120k,MATH500,219,4,0,0,0,0,4,0,574.75
v1annealTT_120k,MATH500,223,4,0,0,1,1,3,0,1105.5
v1annealTT_120k,MATH500,227,4,0,0,0,0,4,0,245.75
v1annealTT_120k,MATH500,231,4,0,0,2,1,2,0,2164.25
v1annealTT_120k,MATH500,235,4,1,1,1,1,3,1,1045.5
v1annealTT_120k,MATH500,239,4,0,0,2,2,2,0,2875.5
v1annealTT_120k,MATH500,243,4,0,0,0,0,4,0,77.25
v1annealTT_120k,MATH500,247,4,2,2,1,1,3,2,1806.25
v1annealTT_120k,MATH500,251,4,0,0,3,2,1,0,2980.5
v1annealTT_120k,MATH500,255,4,0,0,0,0,4,0,811.75
v1annealTT_120k,MATH500,259,4,3,3,1,1,3,2,1048.75
v1annealTT_120k,MATH500,263,4,0,0,2,2,2,0,2083.5
v1annealTT_120k,MATH500,267,4,2,2,0,0,4,2,242.25
v1annealTT_120k,MATH500,271,4,1,1,1,1,3,1,1162.75
v1annealTT_120k,MATH500,275,4,1,1,0,0,4,1,18.0
v1annealTT_120k,MATH500,279,4,0,0,1,1,3,0,1020.25
v1annealTT_120k,MATH500,283,4,4,4,0,0,4,4,215.5
v1annealTT_120k,MATH500,287,4,0,0,2,1,2,0,2058.25
v1annealTT_120k,MATH500,291,4,0,0,1,1,3,0,1536.75
v1annealTT_120k,MATH500,295,4,1,1,0,0,4,1,370.5
v1annealTT_120k,MATH500,299,4,0,0,0,0,4,0,188.75
v1annealTT_120k,MATH500,303,4,0,0,0,0,4,0,241.0
v1annealTT_120k,MATH500,307,4,2,2,0,0,4,2,122.0
v1annealTT_120k,MATH500,311,4,1,1,3,3,1,1,3006.75
v1annealTT_120k,MATH500,315,4,2,2,1,1,3,1,1266.75
v1annealTT_120k,MATH500,319,4,2,2,0,0,4,2,62.0
v1annealTT_120k,MATH500,323,4,3,3,2,1,2,2,2118.75
v1annealTT_120k,MATH500,327,4,0,0,1,1,3,0,1312.25
v1annealTT_120k,MATH500,331,4,1,1,0,0,4,1,549.5
v1annealTT_120k,MATH500,335,4,1,1,4,3,0,0,4022.0
v1annealTT_120k,MATH500,339,4,1,1,2,2,2,1,2095.5
v1annealTT_120k,MATH500,343,4,0,0,2,2,2,0,2069.25
v1annealTT_120k,MATH500,347,4,3,3,0,0,4,3,1490.5
v1annealTT_120k,MATH500,351,4,1,1,2,1,2,1,2329.5
v1annealTT_120k,MATH500,355,4,0,0,1,0,3,0,1465.0
v1annealTT_120k,MATH500,359,4,1,2,3,3,1,1,2990.5
v1annealTT_120k,MATH500,363,4,1,1,0,0,4,1,4.25
v1annealTT_120k,MATH500,367,4,3,4,1,1,3,3,1075.75
v1annealTT_120k,MATH500,371,4,0,0,1,0,3,0,1102.0
v1annealTT_120k,MATH500,375,4,1,1,1,1,3,1,1242.75
v1annealTT_120k,MATH500,379,4,0,0,0,0,4,0,6.0
v1annealTT_120k,MATH500,383,4,0,0,0,0,4,0,166.0
v1annealTT_120k,MATH500,387,4,3,3,1,1,3,2,1392.75
v1annealTT_120k,MATH500,391,4,0,0,1,1,3,0,1161.0
v1annealTT_120k,MATH500,395,4,1,1,1,1,3,1,1087.5
v1annealTT_120k,MATH500,399,4,4,4,0,0,4,4,10.75
v1annealTT_120k,MATH500,403,4,0,0,0,0,4,0,16.75
v1annealTT_120k,MATH500,407,4,0,0,2,2,2,0,2025.25
v1annealTT_120k,MATH500,411,4,3,4,1,1,3,3,1043.25
v1annealTT_120k,MATH500,415,4,1,1,1,1,3,1,1714.25
v1annealTT_120k,MATH500,419,4,1,1,0,0,4,1,1159.75
v1annealTT_120k,MATH500,423,4,1,1,3,3,1,0,3021.0
v1annealTT_120k,MATH500,427,4,2,2,0,0,4,2,97.0
v1annealTT_120k,MATH500,431,4,0,0,0,0,4,0,70.75
v1annealTT_120k,MATH500,435,4,2,2,1,1,3,2,1217.0
v1annealTT_120k,MATH500,439,4,2,2,0,0,4,2,140.5
v1annealTT_120k,MATH500,443,4,1,1,0,0,4,1,305.0
v1annealTT_120k,MATH500,447,4,0,0,1,1,3,0,1039.5
v1annealTT_120k,MATH500,451,4,0,0,2,1,2,0,2013.5
v1annealTT_120k,MATH500,455,4,3,3,0,0,4,3,101.25
v1annealTT_120k,MATH500,459,4,0,0,3,3,1,0,3005.75
v1annealTT_120k,MATH500,463,4,4,4,0,0,4,4,44.0
v1annealTT_120k,MATH500,467,4,0,0,0,0,4,0,643.75
v1annealTT_120k,MATH500,471,4,2,2,1,1,3,1,1095.5
v1annealTT_120k,MATH500,475,4,2,2,1,1,3,2,1912.25
v1annealTT_120k,MATH500,479,4,1,1,2,2,2,1,2109.5
v1annealTT_120k,MATH500,483,4,0,0,0,0,4,0,99.5
v1annealTT_120k,MATH500,487,4,4,4,3,1,1,1,3025.5
v1annealTT_120k,MATH500,491,4,2,2,0,0,4,2,856.25
v1annealTT_120k,MATH500,495,4,0,0,1,1,3,0,1142.25
v1annealTT_120k,MATH500,499,4,0,0,1,1,3,0,1182.0
v1annealTT_120k,AIME24,1,16,0,0,13,3,3,0,3252.75
v1annealTT_120k,AIME24,5,16,8,8,4,2,12,7,2221.75
v1annealTT_120k,AIME24,9,16,1,1,6,0,10,0,1514.875
v1annealTT_120k,AIME24,13,16,0,0,6,0,10,0,1523.1875
v1annealTT_120k,AIME24,17,16,1,1,6,1,10,1,1721.75
v1annealTT_120k,AIME24,21,16,5,5,4,0,12,4,1778.25
v1annealTT_120k,AIME24,25,16,0,0,7,0,9,0,1753.3125
v1annealTT_120k,AIME24,29,16,0,0,9,1,7,0,2316.5625
v1annealTT_120k,AIME25,0,16,1,2,6,2,10,1,1745.9375
v1annealTT_120k,AIME25,4,16,0,0,9,2,7,0,2351.9375
v1annealTT_120k,AIME25,8,16,0,0,4,2,12,0,1448.25
v1annealTT_120k,AIME25,12,16,0,0,2,2,14,0,621.0625
v1annealTT_120k,AIME25,16,16,1,1,4,4,12,1,1139.875
v1annealTT_120k,AIME25,20,16,0,0,6,3,10,0,1531.9375
v1annealTT_120k,AIME25,24,16,0,0,2,1,14,0,634.3125
v1annealTT_120k,AIME25,28,16,0,0,5,5,11,0,1523.1875
v1annealTT_120k,AMC23,1,16,4,4,4,4,12,4,1757.5
v1annealTT_120k,AMC23,5,16,0,0,3,0,13,0,762.125
v1annealTT_120k,AMC23,9,16,2,4,7,6,9,3,1893.75
v1annealTT_120k,AMC23,13,16,5,8,2,1,14,7,750.0625
v1annealTT_120k,AMC23,17,16,1,1,6,5,10,0,1645.375
v1annealTT_120k,AMC23,21,16,2,2,5,4,11,2,1401.125
v1annealTT_120k,AMC23,25,16,3,3,6,4,10,3,1862.9375
v1annealTT_120k,AMC23,29,16,0,0,4,2,12,0,1331.875
v1annealTT_120k,AMC23,33,16,4,5,4,2,12,5,1270.5
v1annealTT_120k,AMC23,37,16,0,0,4,1,12,0,1220.5625
v1annealTT_120k,MATH500,0,4,2,2,0,0,4,2,111.25
v1annealTT_120k,MATH500,4,4,0,0,1,1,3,0,948.0
v1annealTT_120k,MATH500,8,4,1,1,2,1,2,1,2068.5
v1annealTT_120k,MATH500,12,4,0,1,2,2,2,1,2129.25
v1annealTT_120k,MATH500,16,4,1,2,0,0,4,2,130.0
v1annealTT_120k,MATH500,20,4,1,1,1,1,3,1,1310.25
v1annealTT_120k,MATH500,24,4,1,2,1,1,3,1,1243.75
v1annealTT_120k,MATH500,28,4,2,2,0,0,4,2,9.5
v1annealTT_120k,MATH500,32,4,0,2,2,1,2,1,2069.5
v1annealTT_120k,MATH500,36,4,0,0,1,0,3,0,1028.75
v1annealTT_120k,MATH500,40,4,0,0,1,1,3,0,995.5
v1annealTT_120k,MATH500,44,4,1,1,0,0,4,1,416.0
v1annealTT_120k,MATH500,48,4,3,3,1,0,3,2,1217.25
v1annealTT_120k,MATH500,52,4,2,2,1,1,3,2,1101.5
v1annealTT_120k,MATH500,56,4,4,4,1,1,3,3,1063.75
v1annealTT_120k,MATH500,60,4,0,0,0,0,4,0,501.25
v1annealTT_120k,MATH500,64,4,0,0,2,1,2,0,2016.0
v1annealTT_120k,MATH500,68,4,2,2,1,0,3,1,1437.5
v1annealTT_120k,MATH500,72,4,4,4,0,0,4,4,181.5
v1annealTT_120k,MATH500,76,4,4,4,1,1,3,3,1937.25
v1annealTT_120k,MATH500,80,4,0,0,1,0,3,0,1148.5
v1annealTT_120k,MATH500,84,4,1,1,0,0,4,1,676.75
v1annealTT_120k,MATH500,88,4,1,2,0,0,4,2,148.0
v1annealTT_120k,MATH500,92,4,0,0,1,1,3,0,1017.0
v1annealTT_120k,MATH500,96,4,0,0,0,0,4,0,286.0
v1annealTT_120k,MATH500,100,4,1,1,1,1,3,1,1117.0
v1annealTT_120k,MATH500,104,4,0,0,2,1,2,0,2152.5
v1annealTT_120k,MATH500,108,4,3,4,1,0,3,3,1269.75
v1annealTT_120k,MATH500,112,4,2,2,0,0,4,2,1032.5
v1annealTT_120k,MATH500,116,4,1,2,2,2,2,1,2075.25
v1annealTT_120k,MATH500,120,4,0,0,0,0,4,0,75.5
v1annealTT_120k,MATH500,124,4,1,1,1,1,3,1,1099.0
v1annealTT_120k,MATH500,128,4,0,0,0,0,4,0,234.75
v1annealTT_120k,MATH500,132,4,4,4,0,0,4,4,471.0
v1annealTT_120k,MATH500,136,4,0,0,2,1,2,0,2271.0
v1annealTT_120k,MATH500,140,4,1,1,2,2,2,1,2934.25
v1annealTT_120k,MATH500,144,4,1,1,0,0,4,1,35.5
v1annealTT_120k,MATH500,148,4,2,2,1,1,3,1,1367.25
v1annealTT_120k,MATH500,152,4,0,0,0,0,4,0,4.75
v1annealTT_120k,MATH500,156,4,0,0,1,0,3,0,1190.5
v1annealTT_120k,MATH500,160,4,2,4,1,1,3,3,1180.25
v1annealTT_120k,MATH500,164,4,0,0,1,0,3,0,1042.25
v1annealTT_120k,MATH500,168,4,0,0,1,1,3,0,844.0
v1annealTT_120k,MATH500,172,4,4,4,0,0,4,4,211.25
v1annealTT_120k,MATH500,176,4,2,2,0,0,4,2,941.0
v1annealTT_120k,MATH500,180,4,0,0,0,0,4,0,90.5
v1annealTT_120k,MATH500,184,4,0,0,1,0,3,0,1158.75
v1annealTT_120k,MATH500,188,4,0,0,0,0,4,0,27.5
v1annealTT_120k,MATH500,192,4,1,1,0,0,4,1,1494.25
v1annealTT_120k,MATH500,196,4,0,0,1,1,3,0,1127.5
v1annealTT_120k,MATH500,200,4,0,0,0,0,4,0,193.5
v1annealTT_120k,MATH500,204,4,0,0,2,2,2,0,2001.0
v1annealTT_120k,MATH500,208,4,0,0,0,0,4,0,232.0
v1annealTT_120k,MATH500,212,4,1,1,0,0,4,1,277.75
v1annealTT_120k,MATH500,216,4,0,0,0,0,4,0,119.75
v1annealTT_120k,MATH500,220,4,0,0,0,0,4,0,20.25
v1annealTT_120k,MATH500,224,4,1,1,2,1,2,0,2017.5
v1annealTT_120k,MATH500,228,4,0,0,0,0,4,0,270.0
v1annealTT_120k,MATH500,232,4,0,0,1,1,3,0,1218.0
v1annealTT_120k,MATH500,236,4,0,0,3,3,1,0,3215.5
v1annealTT_120k,MATH500,240,4,0,0,1,1,3,0,1010.0
v1annealTT_120k,MATH500,244,4,0,0,0,0,4,0,3.5
v1annealTT_120k,MATH500,248,4,1,1,0,0,4,1,1470.5
v1annealTT_120k,MATH500,252,4,0,0,2,2,2,0,2408.5
v1annealTT_120k,MATH500,256,4,0,0,2,2,2,0,2062.0
v1annealTT_120k,MATH500,260,4,1,1,1,1,3,1,1214.5
v1annealTT_120k,MATH500,264,4,0,0,1,1,3,0,973.25
v1annealTT_120k,MATH500,268,4,2,2,0,0,4,2,536.25
v1annealTT_120k,MATH500,272,4,1,1,1,1,3,1,1158.25
v1annealTT_120k,MATH500,276,4,0,0,0,0,4,0,5.0
v1annealTT_120k,MATH500,280,4,1,1,0,0,4,1,387.0
v1annealTT_120k,MATH500,284,4,0,0,2,0,2,0,2014.5
v1annealTT_120k,MATH500,288,4,1,1,1,1,3,1,1214.25
v1annealTT_120k,MATH500,292,4,0,0,2,1,2,0,1981.0
v1annealTT_120k,MATH500,296,4,0,0,1,0,3,0,1922.25
v1annealTT_120k,MATH500,300,4,3,4,2,2,2,2,2097.75
v1annealTT_120k,MATH500,304,4,1,1,0,0,4,1,215.0
v1annealTT_120k,MATH500,308,4,0,0,3,2,1,0,3793.5
v1annealTT_120k,MATH500,312,4,1,1,0,0,4,1,26.0
v1annealTT_120k,MATH500,316,4,1,2,0,0,4,2,101.75
v1annealTT_120k,MATH500,320,4,1,1,0,0,4,1,943.0
v1annealTT_120k,MATH500,324,4,0,0,2,1,2,0,1894.0
v1annealTT_120k,MATH500,328,4,0,0,0,0,4,0,134.25
v1annealTT_120k,MATH500,332,4,0,2,2,2,2,1,2195.0
v1annealTT_120k,MATH500,336,4,0,1,0,0,4,1,92.75
v1annealTT_120k,MATH500,340,4,0,0,2,2,2,0,2757.75
v1annealTT_120k,MATH500,344,4,1,1,2,2,2,1,2131.25
v1annealTT_120k,MATH500,348,4,2,2,1,0,3,2,1607.5
v1annealTT_120k,MATH500,352,4,0,0,2,0,2,0,2140.5
v1annealTT_120k,MATH500,356,4,0,0,3,3,1,0,3038.25
v1annealTT_120k,MATH500,360,4,1,1,0,0,4,1,98.25
v1annealTT_120k,MATH500,364,4,1,1,0,0,4,1,1249.75
v1annealTT_120k,MATH500,368,4,0,0,1,1,3,0,1111.0
v1annealTT_120k,MATH500,372,4,0,0,2,2,2,0,1994.75
v1annealTT_120k,MATH500,376,4,1,1,1,1,3,1,1330.0
v1annealTT_120k,MATH500,380,4,0,0,1,0,3,0,1264.5
v1annealTT_120k,MATH500,384,4,3,3,0,0,4,3,44.25
v1annealTT_120k,MATH500,388,4,1,1,0,0,4,1,948.0
v1annealTT_120k,MATH500,392,4,0,0,0,0,4,0,9.0
v1annealTT_120k,MATH500,396,4,1,1,0,0,4,1,130.25
v1annealTT_120k,MATH500,400,4,0,0,3,3,1,0,3012.25
v1annealTT_120k,MATH500,404,4,2,3,1,1,3,3,1092.5
v1annealTT_120k,MATH500,408,4,0,0,0,0,4,0,149.0
v1annealTT_120k,MATH500,412,4,0,0,1,0,3,0,1260.0
v1annealTT_120k,MATH500,416,4,0,0,2,1,2,0,2045.0
v1annealTT_120k,MATH500,420,4,1,1,1,1,3,1,1073.75
v1annealTT_120k,MATH500,424,4,0,0,0,0,4,0,6.0
v1annealTT_120k,MATH500,428,4,1,1,1,1,3,1,1908.0
v1annealTT_120k,MATH500,432,4,1,1,2,1,2,0,2007.75
v1annealTT_120k,MATH500,436,4,1,1,2,2,2,1,2023.75
v1annealTT_120k,MATH500,440,4,1,1,2,1,2,1,2900.25
v1annealTT_120k,MATH500,444,4,0,0,0,0,4,0,448.0
v1annealTT_120k,MATH500,448,4,0,0,0,0,4,0,11.75
v1annealTT_120k,MATH500,452,4,1,1,1,0,3,1,1057.75
v1annealTT_120k,MATH500,456,4,0,0,0,0,4,0,246.5
v1annealTT_120k,MATH500,460,4,2,2,1,0,3,2,1158.5
v1annealTT_120k,MATH500,464,4,0,0,1,1,3,0,1064.0
v1annealTT_120k,MATH500,468,4,3,3,2,2,2,2,2133.5
v1annealTT_120k,MATH500,472,4,1,1,1,1,3,1,1068.5
v1annealTT_120k,MATH500,476,4,0,0,0,0,4,0,40.75
v1annealTT_120k,MATH500,480,4,3,3,1,1,3,3,1232.25
v1annealTT_120k,MATH500,484,4,0,0,0,0,4,0,669.75
v1annealTT_120k,MATH500,488,4,2,2,1,1,3,2,1995.25
v1annealTT_120k,MATH500,492,4,3,3,0,0,4,3,493.5
v1annealTT_120k,MATH500,496,4,0,0,2,1,2,0,2592.75
v1anneal_108k,AIME24,2,16,0,2,12,2,4,0,3018.125
v1anneal_108k,AIME24,6,16,0,0,13,6,3,0,3284.3125
v1anneal_108k,AIME24,10,16,0,0,15,1,1,0,3753.3125
v1anneal_108k,AIME24,14,16,0,0,6,1,10,0,1684.125
v1anneal_108k,AIME24,18,16,8,8,8,3,8,6,3227.1875
v1anneal_108k,AIME24,22,16,0,0,11,2,5,0,2706.5
v1anneal_108k,AIME24,26,16,0,0,6,2,10,0,1644.9375
v1anneal_108k,AIME25,1,16,0,0,13,5,3,0,3282.5625
v1anneal_108k,AIME25,5,16,9,9,6,2,10,8,3340.9375
v1anneal_108k,AIME25,9,16,0,0,7,3,9,0,1968.9375
v1anneal_108k,AIME25,13,16,0,0,11,1,5,0,2934.1875
v1anneal_108k,AIME25,17,16,0,0,10,7,6,0,2587.75
v1anneal_108k,AIME25,21,16,0,0,11,1,5,0,2962.5
v1anneal_108k,AIME25,25,16,0,0,10,1,6,0,2562.5625
v1anneal_108k,AIME25,29,16,0,0,11,2,5,0,2821.5
v1anneal_108k,AMC23,2,16,11,12,0,0,16,12,1037.625
v1anneal_108k,AMC23,6,16,0,1,9,0,7,0,2494.5625
v1anneal_108k,AMC23,10,16,1,1,5,4,11,1,1412.0625
v1anneal_108k,AMC23,14,16,2,4,11,2,5,1,2789.625
v1anneal_108k,AMC23,18,16,0,0,10,2,6,0,2703.9375
v1anneal_108k,AMC23,22,16,5,5,6,4,10,4,2231.625
v1anneal_108k,AMC23,26,16,9,9,2,1,14,9,1698.125
v1anneal_108k,AMC23,30,16,12,13,0,0,16,13,1144.5625
v1anneal_108k,AMC23,34,16,8,10,6,5,10,9,2181.6875
v1anneal_108k,AMC23,38,16,0,1,11,1,5,0,3248.1875
v1anneal_108k,MATH500,1,4,1,1,4,0,0,0,3977.0
v1anneal_108k,MATH500,5,4,1,1,2,2,2,1,2096.25
v1anneal_108k,MATH500,9,4,0,0,0,0,4,0,403.25
v1anneal_108k,MATH500,13,4,4,4,0,0,4,4,456.25
v1anneal_108k,MATH500,17,4,1,1,2,0,2,0,1921.0
v1anneal_108k,MATH500,21,4,2,2,4,0,0,0,4054.0
v1anneal_108k,MATH500,25,4,0,0,1,0,3,0,1603.75
v1anneal_108k,MATH500,29,4,1,1,0,0,4,1,274.25
v1anneal_108k,MATH500,33,4,3,3,1,0,3,2,2485.0
v1anneal_108k,MATH500,37,4,3,4,1,0,3,3,1329.5
v1anneal_108k,MATH500,41,4,2,2,1,0,3,2,2324.5
v1anneal_108k,MATH500,45,4,4,4,0,0,4,4,1267.75
v1anneal_108k,MATH500,49,4,4,4,1,0,3,3,1935.0
v1anneal_108k,MATH500,53,4,3,3,0,0,4,3,714.5
v1anneal_108k,MATH500,57,4,2,2,0,0,4,2,788.5
v1anneal_108k,MATH500,61,4,2,2,2,1,2,1,2166.25
v1anneal_108k,MATH500,65,4,4,4,0,0,4,4,851.25
v1anneal_108k,MATH500,69,4,2,2,1,0,3,1,1925.75
v1anneal_108k,MATH500,73,4,4,4,0,0,4,4,1325.0
v1anneal_108k,MATH500,77,4,4,4,0,0,4,4,1095.5
v1anneal_108k,MATH500,81,4,2,2,2,0,2,2,2627.75
v1anneal_108k,MATH500,85,4,4,4,0,0,4,4,1276.0
v1anneal_108k,MATH500,89,4,1,1,0,0,4,1,329.75
v1anneal_108k,MATH500,93,4,2,2,0,0,4,2,130.75
v1anneal_108k,MATH500,97,4,1,1,2,1,2,1,2101.5
v1anneal_108k,MATH500,101,4,1,1,3,0,1,0,3021.0
v1anneal_108k,MATH500,105,4,4,4,0,0,4,4,1390.0
v1anneal_108k,MATH500,109,4,3,3,1,1,3,3,2886.25
v1anneal_108k,MATH500,113,4,4,4,0,0,4,4,1844.0
v1anneal_108k,MATH500,117,4,4,4,0,0,4,4,1076.5
v1anneal_108k,MATH500,121,4,3,3,1,1,3,3,2070.5
v1anneal_108k,MATH500,125,4,4,4,0,0,4,4,1381.5
v1anneal_108k,MATH500,129,4,1,1,3,0,1,0,3167.5
v1anneal_108k,MATH500,133,4,3,3,0,0,4,3,563.0
v1anneal_108k,MATH500,137,4,3,3,0,0,4,3,2214.75
v1anneal_108k,MATH500,141,4,0,1,3,3,1,1,3195.5
v1anneal_108k,MATH500,145,4,0,0,4,1,0,0,4026.0
v1anneal_108k,MATH500,149,4,2,2,2,1,2,2,3367.5
v1anneal_108k,MATH500,153,4,1,1,3,0,1,1,3621.75
v1anneal_108k,MATH500,157,4,4,4,0,0,4,4,2253.75
v1anneal_108k,MATH500,161,4,4,4,0,0,4,4,1287.0
v1anneal_108k,MATH500,165,4,3,3,1,1,3,3,1271.25
v1anneal_108k,MATH500,169,4,4,4,0,0,4,4,265.75
v1anneal_108k,MATH500,173,4,1,1,0,0,4,1,370.0
v1anneal_108k,MATH500,177,4,2,2,1,1,3,1,975.5
v1anneal_108k,MATH500,181,4,4,4,0,0,4,4,1684.75
v1anneal_108k,MATH500,185,4,3,3,2,1,2,2,2462.25
v1anneal_108k,MATH500,189,4,0,0,2,0,2,0,2093.75
v1anneal_108k,MATH500,193,4,1,2,3,1,1,1,3080.75
v1anneal_108k,MATH500,197,4,2,2,0,0,4,2,889.5
v1anneal_108k,MATH500,201,4,2,2,0,0,4,2,1795.5
v1anneal_108k,MATH500,205,4,3,3,1,0,3,3,2139.25
v1anneal_108k,MATH500,209,4,4,4,0,0,4,4,1960.75
v1anneal_108k,MATH500,213,4,0,0,1,0,3,0,2205.25
v1anneal_108k,MATH500,217,4,0,0,2,1,2,0,2182.75
v1anneal_108k,MATH500,221,4,2,2,2,1,2,2,3425.75
v1anneal_108k,MATH500,225,4,2,2,1,1,3,2,1905.75
v1anneal_108k,MATH500,229,4,3,3,0,0,4,3,685.25
v1anneal_108k,MATH500,233,4,3,3,0,0,4,3,334.0
v1anneal_108k,MATH500,237,4,3,3,0,0,4,3,1686.5
v1anneal_108k,MATH500,241,4,4,4,0,0,4,4,3316.75
v1anneal_108k,MATH500,245,4,1,1,1,0,3,1,1761.25
v1anneal_108k,MATH500,249,4,3,3,0,0,4,3,2152.0
v1anneal_108k,MATH500,253,4,4,4,0,0,4,4,1165.25
v1anneal_108k,MATH500,257,4,0,0,0,0,4,0,579.25
v1anneal_108k,MATH500,261,4,2,2,2,1,2,2,3703.5
v1anneal_108k,MATH500,265,4,4,4,0,0,4,4,900.5
v1anneal_108k,MATH500,269,4,0,0,0,0,4,0,193.0
v1anneal_108k,MATH500,273,4,3,3,0,0,4,3,1368.5
v1anneal_108k,MATH500,277,4,4,4,0,0,4,4,754.25
v1anneal_108k,MATH500,281,4,0,0,2,0,2,0,1942.5
v1anneal_108k,MATH500,285,4,0,0,3,1,1,0,3037.0
v1anneal_108k,MATH500,289,4,4,4,1,0,3,3,1211.0
v1anneal_108k,MATH500,293,4,4,4,0,0,4,4,2577.25
v1anneal_108k,MATH500,297,4,2,2,0,0,4,2,1064.5
v1anneal_108k,MATH500,301,4,1,1,4,1,0,0,3217.0
v1anneal_108k,MATH500,305,4,4,4,0,0,4,4,1921.5
v1anneal_108k,MATH500,309,4,0,0,3,1,1,0,3147.75
v1anneal_108k,MATH500,313,4,3,3,0,0,4,3,562.0
v1anneal_108k,MATH500,317,4,0,0,2,1,2,0,2172.5
v1anneal_108k,MATH500,321,4,0,0,2,2,2,0,2136.25
v1anneal_108k,MATH500,325,4,2,2,0,0,4,2,672.5
v1anneal_108k,MATH500,329,4,3,4,0,0,4,4,710.75
v1anneal_108k,MATH500,333,4,1,1,3,0,1,1,3207.0
v1anneal_108k,MATH500,337,4,3,3,0,0,4,3,1472.25
v1anneal_108k,MATH500,341,4,1,1,0,0,4,1,797.5
v1anneal_108k,MATH500,345,4,3,4,1,1,3,3,1939.25
v1anneal_108k,MATH500,349,4,0,0,2,1,2,0,2109.75
v1anneal_108k,MATH500,353,4,1,2,0,0,4,2,527.75
v1anneal_108k,MATH500,357,4,2,2,0,0,4,2,1031.0
v1anneal_108k,MATH500,361,4,2,2,2,0,2,2,3504.75
v1anneal_108k,MATH500,365,4,1,2,4,0,0,0,4021.0
v1anneal_108k,MATH500,369,4,2,2,1,0,3,2,1163.5
v1anneal_108k,MATH500,373,4,4,4,0,0,4,4,2262.25
v1anneal_108k,MATH500,377,4,3,3,1,1,3,3,1609.5
v1anneal_108k,MATH500,381,4,0,0,1,0,3,0,1626.25
v1anneal_108k,MATH500,385,4,1,1,2,0,2,1,3377.75
v1anneal_108k,MATH500,389,4,3,3,0,0,4,3,1275.5
v1anneal_108k,MATH500,393,4,4,4,0,0,4,4,1347.0
v1anneal_108k,MATH500,397,4,4,4,0,0,4,4,1444.75
v1anneal_108k,MATH500,401,4,0,0,3,0,1,0,3236.25
v1anneal_108k,MATH500,405,4,2,3,1,1,3,3,1143.75
v1anneal_108k,MATH500,409,4,4,4,0,0,4,4,2650.5
v1anneal_108k,MATH500,413,4,3,3,1,1,3,3,2405.0
v1anneal_108k,MATH500,417,4,4,4,0,0,4,4,964.75
v1anneal_108k,MATH500,421,4,0,0,3,0,1,0,3259.5
v1anneal_108k,MATH500,425,4,0,0,4,0,0,0,4003.0
v1anneal_108k,MATH500,429,4,4,4,1,0,3,3,3468.75
v1anneal_108k,MATH500,433,4,3,4,1,1,3,3,1569.5
v1anneal_108k,MATH500,437,4,3,4,1,1,3,3,2344.75
v1anneal_108k,MATH500,441,4,2,2,2,1,2,2,2158.0
v1anneal_108k,MATH500,445,4,0,0,4,0,0,0,3798.0
v1anneal_108k,MATH500,449,4,3,3,0,0,4,3,1129.25
v1anneal_108k,MATH500,453,4,1,1,0,0,4,1,80.25
v1anneal_108k,MATH500,457,4,4,4,0,0,4,4,459.25
v1anneal_108k,MATH500,461,4,4,4,0,0,4,4,1825.5
v1anneal_108k,MATH500,465,4,3,3,0,0,4,3,506.75
v1anneal_108k,MATH500,469,4,3,3,1,1,3,3,1491.75
v1anneal_108k,MATH500,473,4,4,4,1,0,3,3,2841.5
v1anneal_108k,MATH500,477,4,4,4,1,0,3,3,3271.0
v1anneal_108k,MATH500,481,4,0,0,4,1,0,0,3980.0
v1anneal_108k,MATH500,485,4,0,0,0,0,4,0,337.5
v1anneal_108k,MATH500,489,4,2,2,1,1,3,2,2394.0
v1anneal_108k,MATH500,493,4,1,1,2,0,2,1,2926.25
v1anneal_108k,MATH500,497,4,1,1,2,0,2,0,2129.5
v1anneal_108k,AIME24,3,16,1,1,5,0,11,0,1511.4375
v1anneal_108k,AIME24,7,16,0,0,6,3,10,0,1544.875
v1anneal_108k,AIME24,11,16,0,0,13,3,3,0,3241.25
v1anneal_108k,AIME24,15,16,12,12,1,0,15,11,2297.6875
v1anneal_108k,AIME24,19,16,0,0,9,2,7,0,2259.9375
v1anneal_108k,AIME24,23,16,0,0,12,0,4,0,3159.75
v1anneal_108k,AIME24,27,16,0,1,15,0,1,0,3754.125
v1anneal_108k,AIME25,2,16,0,2,7,2,9,0,2017.875
v1anneal_108k,AIME25,6,16,0,0,12,5,4,0,3054.25
v1anneal_108k,AIME25,10,16,0,0,9,1,7,0,2268.25
v1anneal_108k,AIME25,14,16,0,0,12,3,4,0,3179.875
v1anneal_108k,AIME25,18,16,1,3,12,4,4,1,3216.5625
v1anneal_108k,AIME25,22,16,0,0,10,4,6,0,2527.6875
v1anneal_108k,AIME25,26,16,0,0,12,2,4,0,3043.4375
v1anneal_108k,AMC23,3,16,14,16,3,0,13,13,3220.9375
v1anneal_108k,AMC23,7,16,1,1,9,6,7,1,2396.9375
v1anneal_108k,AMC23,11,16,0,0,10,1,6,0,2620.25
v1anneal_108k,AMC23,15,16,0,1,12,2,4,0,3026.8125
v1anneal_108k,AMC23,19,16,14,14,0,0,16,14,1782.875
v1anneal_108k,AMC23,23,16,3,3,9,0,7,1,2555.75
v1anneal_108k,AMC23,27,16,1,3,9,3,7,0,2505.125
v1anneal_108k,AMC23,31,16,0,0,10,1,6,0,2593.25
v1anneal_108k,AMC23,35,16,1,2,7,5,9,1,1972.625
v1anneal_108k,AMC23,39,16,0,0,6,3,10,0,1775.75
v1anneal_108k,MATH500,2,4,4,4,0,0,4,4,1041.25
v1anneal_108k,MATH500,6,4,4,4,0,0,4,4,1796.25
v1anneal_108k,MATH500,10,4,1,1,1,1,3,1,1784.0
v1anneal_108k,MATH500,14,4,1,1,2,1,2,0,2036.0
v1anneal_108k,MATH500,18,4,0,0,3,0,1,0,2939.0
v1anneal_108k,MATH500,22,4,3,3,0,0,4,3,2276.5
v1anneal_108k,MATH500,26,4,1,1,3,1,1,0,3025.75
v1anneal_108k,MATH500,30,4,2,2,1,0,3,2,2331.25
v1anneal_108k,MATH500,34,4,2,2,0,0,4,2,1229.25
v1anneal_108k,MATH500,38,4,2,3,0,0,4,3,672.0
v1anneal_108k,MATH500,42,4,3,4,0,0,4,4,1074.5
v1anneal_108k,MATH500,46,4,2,2,3,1,1,1,3823.75
v1anneal_108k,MATH500,50,4,0,1,1,0,3,0,1370.5
v1anneal_108k,MATH500,54,4,3,4,1,1,3,3,1877.75
v1anneal_108k,MATH500,58,4,4,4,0,0,4,4,1645.25
v1anneal_108k,MATH500,62,4,1,1,1,1,3,1,1873.0
v1anneal_108k,MATH500,66,4,2,2,2,2,2,2,2159.5
v1anneal_108k,MATH500,70,4,4,4,0,0,4,4,951.25
v1anneal_108k,MATH500,74,4,3,3,0,0,4,3,1351.0
v1anneal_108k,MATH500,78,4,4,4,0,0,4,4,2497.5
v1anneal_108k,MATH500,82,4,1,1,3,1,1,0,2999.5
v1anneal_108k,MATH500,86,4,3,4,1,1,3,3,1051.25
v1anneal_108k,MATH500,90,4,2,2,0,0,4,2,882.75
v1anneal_108k,MATH500,94,4,0,0,3,2,1,0,2867.5
v1anneal_108k,MATH500,98,4,4,4,0,0,4,4,743.75
v1anneal_108k,MATH500,102,4,4,4,0,0,4,4,1147.0
v1anneal_108k,MATH500,106,4,3,3,1,1,3,3,1642.5
v1anneal_108k,MATH500,110,4,0,0,3,0,1,0,3356.25
v1anneal_108k,MATH500,114,4,3,3,0,0,4,3,1503.75
v1anneal_108k,MATH500,118,4,1,2,1,0,3,1,1290.25
v1anneal_108k,MATH500,122,4,4,4,0,0,4,4,1234.75
v1anneal_108k,MATH500,126,4,1,1,4,0,0,0,4004.0
v1anneal_108k,MATH500,130,4,2,2,1,0,3,2,1648.25
v1anneal_108k,MATH500,134,4,2,2,1,0,3,2,1935.25
v1anneal_108k,MATH500,138,4,0,0,1,1,3,0,1344.0
v1anneal_108k,MATH500,142,4,0,1,2,2,2,1,2183.5
v1anneal_108k,MATH500,146,4,4,4,0,0,4,4,1485.0
v1anneal_108k,MATH500,150,4,0,1,3,0,1,0,3110.25
v1anneal_108k,MATH500,154,4,0,0,1,0,3,0,1190.75
v1anneal_108k,MATH500,158,4,1,1,1,1,3,1,1124.0
v1anneal_108k,MATH500,162,4,3,3,0,0,4,3,2005.75
v1anneal_108k,MATH500,166,4,0,0,1,0,3,0,1133.75
v1anneal_108k,MATH500,170,4,1,1,1,1,3,1,2015.75
v1anneal_108k,MATH500,174,4,3,3,0,0,4,3,1389.75
v1anneal_108k,MATH500,178,4,3,3,0,0,4,3,1160.0
v1anneal_108k,MATH500,182,4,3,4,0,0,4,4,118.5
v1anneal_108k,MATH500,186,4,3,3,1,0,3,3,2223.0
v1anneal_108k,MATH500,190,4,3,3,2,2,2,2,2242.5
v1anneal_108k,MATH500,194,4,0,0,4,0,0,0,4046.0
v1anneal_108k,MATH500,198,4,0,0,3,3,1,0,3142.25
v1anneal_108k,MATH500,202,4,4,4,1,0,3,3,2751.0
v1anneal_108k,MATH500,206,4,4,4,0,0,4,4,1556.75
v1anneal_108k,MATH500,210,4,2,2,0,0,4,2,1650.25
v1anneal_108k,MATH500,214,4,1,1,2,2,2,1,3449.25
v1anneal_108k,MATH500,218,4,4,4,0,0,4,4,1272.25
v1anneal_108k,MATH500,222,4,0,0,2,0,2,0,2131.0
v1anneal_108k,MATH500,226,4,0,0,3,3,1,0,3043.75
v1anneal_108k,MATH500,230,4,3,3,0,0,4,3,2463.0
v1anneal_108k,MATH500,234,4,4,4,0,0,4,4,1913.25
v1anneal_108k,MATH500,238,4,0,1,1,0,3,0,1474.25
v1anneal_108k,MATH500,242,4,0,0,2,0,2,0,2155.5
v1anneal_108k,MATH500,246,4,2,2,0,0,4,2,193.25
v1anneal_108k,MATH500,250,4,1,1,1,1,3,1,1135.0
v1anneal_108k,MATH500,254,4,0,0,3,2,1,0,3016.0
v1anneal_108k,MATH500,258,4,4,4,0,0,4,4,1010.25
v1anneal_108k,MATH500,262,4,4,4,0,0,4,4,976.75
v1anneal_108k,MATH500,266,4,3,3,1,1,3,3,2093.25
v1anneal_108k,MATH500,270,4,4,4,0,0,4,4,465.0
v1anneal_108k,MATH500,274,4,3,3,1,0,3,2,1868.0
v1anneal_108k,MATH500,278,4,3,4,1,1,3,3,1446.25
v1anneal_108k,MATH500,282,4,3,3,0,0,4,3,1563.25
v1anneal_108k,MATH500,286,4,0,0,4,1,0,0,4010.0
v1anneal_108k,MATH500,290,4,2,2,2,2,2,2,2959.5
v1anneal_108k,MATH500,294,4,2,2,2,1,2,1,2875.75
v1anneal_108k,MATH500,298,4,2,2,0,0,4,2,1518.5
v1anneal_108k,MATH500,302,4,2,2,4,0,0,0,3994.0
v1anneal_108k,MATH500,306,4,0,0,1,0,3,0,2177.5
v1anneal_108k,MATH500,310,4,1,1,0,0,4,1,483.75
v1anneal_108k,MATH500,314,4,4,4,0,0,4,4,1753.5
v1anneal_108k,MATH500,318,4,3,3,1,1,3,3,1487.0
v1anneal_108k,MATH500,322,4,3,3,1,1,3,3,1926.5
v1anneal_108k,MATH500,326,4,0,0,0,0,4,0,3792.75
v1anneal_108k,MATH500,330,4,4,4,0,0,4,4,1416.25
v1anneal_108k,MATH500,334,4,4,4,0,0,4,4,1661.25
v1anneal_108k,MATH500,338,4,1,1,0,0,4,1,2420.75
v1anneal_108k,MATH500,342,4,2,2,2,2,2,1,2446.25
v1anneal_108k,MATH500,346,4,4,4,1,0,3,3,2953.75
v1anneal_108k,MATH500,350,4,4,4,0,0,4,4,2278.75
v1anneal_108k,MATH500,354,4,2,2,1,1,3,2,1991.5
v1anneal_108k,MATH500,358,4,0,0,1,1,3,0,1104.25
v1anneal_108k,MATH500,362,4,2,2,3,3,1,1,3390.0
v1anneal_108k,MATH500,366,4,4,4,0,0,4,4,2645.0
v1anneal_108k,MATH500,370,4,4,4,0,0,4,4,568.5
v1anneal_108k,MATH500,374,4,4,4,0,0,4,4,847.25
v1anneal_108k,MATH500,378,4,1,1,2,2,2,1,2619.5
v1anneal_108k,MATH500,382,4,0,0,1,0,3,0,1324.5
v1anneal_108k,MATH500,386,4,3,3,1,1,3,2,1388.5
v1anneal_108k,MATH500,390,4,3,3,0,0,4,3,2261.0
v1anneal_108k,MATH500,394,4,4,4,2,0,2,2,3888.75
v1anneal_108k,MATH500,398,4,0,0,0,0,4,0,427.25
v1anneal_108k,MATH500,402,4,3,3,0,0,4,3,1942.25
v1anneal_108k,MATH500,406,4,4,4,0,0,4,4,2132.0
v1anneal_108k,MATH500,410,4,2,2,1,1,3,2,1726.0
v1anneal_108k,MATH500,414,4,2,2,1,0,3,2,1549.25
v1anneal_108k,MATH500,418,4,4,4,0,0,4,4,2226.25
v1anneal_108k,MATH500,422,4,0,0,2,0,2,0,2067.5
v1anneal_108k,MATH500,426,4,3,3,0,0,4,3,930.25
v1anneal_108k,MATH500,430,4,3,4,1,0,3,3,1023.5
v1anneal_108k,MATH500,434,4,3,3,1,1,3,3,3056.5
v1anneal_108k,MATH500,438,4,4,4,0,0,4,4,2309.25
v1anneal_108k,MATH500,442,4,4,4,0,0,4,4,1715.0
v1anneal_108k,MATH500,446,4,3,3,1,1,3,3,2474.5
v1anneal_108k,MATH500,450,4,3,3,0,0,4,3,1550.75
v1anneal_108k,MATH500,454,4,3,3,1,0,3,2,2525.75
v1anneal_108k,MATH500,458,4,3,3,0,0,4,3,1302.0
v1anneal_108k,MATH500,462,4,3,3,0,0,4,3,1530.5
v1anneal_108k,MATH500,466,4,1,1,3,0,1,1,3742.25
v1anneal_108k,MATH500,470,4,2,2,2,0,2,1,2781.75
v1anneal_108k,MATH500,474,4,3,3,0,0,4,3,2018.5
v1anneal_108k,MATH500,478,4,0,0,4,0,0,0,4008.0
v1anneal_108k,MATH500,482,4,2,2,1,0,3,2,1835.25
v1anneal_108k,MATH500,486,4,0,0,1,1,3,0,1056.5
v1anneal_108k,MATH500,490,4,0,0,2,0,2,0,2534.25
v1anneal_108k,MATH500,494,4,0,0,3,2,1,0,3086.0
v1anneal_108k,MATH500,498,4,2,2,0,0,4,2,1347.25
v1anneal_108k,AIME24,0,16,0,0,7,6,9,0,2098.875
v1anneal_108k,AIME24,4,16,0,0,6,5,10,0,1729.1875
v1anneal_108k,AIME24,8,16,0,0,10,2,6,0,2572.625
v1anneal_108k,AIME24,12,16,3,8,15,4,1,1,3801.5625
v1anneal_108k,AIME24,16,16,0,4,15,3,1,0,3775.0
v1anneal_108k,AIME24,20,16,0,4,10,0,6,0,2541.1875
v1anneal_108k,AIME24,24,16,0,0,9,2,7,0,2382.25
v1anneal_108k,AIME24,28,16,0,0,14,3,2,0,3478.875
v1anneal_108k,AIME25,3,16,0,0,11,3,5,0,2876.4375
v1anneal_108k,AIME25,7,16,1,2,12,2,4,0,3251.9375
v1anneal_108k,AIME25,11,16,0,0,9,3,7,0,2415.125
v1anneal_108k,AIME25,15,16,5,5,8,2,8,1,2287.875
v1anneal_108k,AIME25,19,16,0,0,10,7,6,0,2607.4375
v1anneal_108k,AIME25,23,16,0,1,9,1,7,0,2342.75
v1anneal_108k,AIME25,27,16,0,0,9,1,7,0,2543.5625
v1anneal_108k,AMC23,0,16,14,14,1,1,15,13,1157.75
v1anneal_108k,AMC23,4,16,2,2,8,3,8,2,2810.5625
v1anneal_108k,AMC23,8,16,2,3,15,1,1,1,3883.0
v1anneal_108k,AMC23,12,16,1,1,8,2,8,1,2496.875
v1anneal_108k,AMC23,16,16,11,11,2,1,14,11,1930.8125
v1anneal_108k,AMC23,20,16,0,0,7,4,9,0,2066.8125
v1anneal_108k,AMC23,24,16,1,2,10,3,6,1,2627.875
v1anneal_108k,AMC23,28,16,1,1,8,2,8,1,2187.1875
v1anneal_108k,AMC23,32,16,0,0,2,1,14,0,774.4375
v1anneal_108k,AMC23,36,16,1,2,10,4,6,0,2614.5625
v1anneal_108k,MATH500,3,4,3,3,1,0,3,3,1430.0
v1anneal_108k,MATH500,7,4,0,0,1,1,3,0,1440.75
v1anneal_108k,MATH500,11,4,0,0,4,0,0,0,4021.0
v1anneal_108k,MATH500,15,4,1,1,1,1,3,1,2058.5
v1anneal_108k,MATH500,19,4,1,1,4,0,0,0,4037.0
v1anneal_108k,MATH500,23,4,3,3,0,0,4,3,867.25
v1anneal_108k,MATH500,27,4,3,3,0,0,4,3,862.75
v1anneal_108k,MATH500,31,4,3,3,0,0,4,3,1025.5
v1anneal_108k,MATH500,35,4,3,3,1,0,3,3,3087.75
v1anneal_108k,MATH500,39,4,4,4,0,0,4,4,1809.5
v1anneal_108k,MATH500,43,4,0,0,3,0,1,0,3178.5
v1anneal_108k,MATH500,47,4,4,4,0,0,4,4,958.75
v1anneal_108k,MATH500,51,4,2,2,2,0,2,1,2808.75
v1anneal_108k,MATH500,55,4,3,4,1,1,3,3,2016.75
v1anneal_108k,MATH500,59,4,2,2,0,0,4,2,1119.75
v1anneal_108k,MATH500,63,4,1,1,4,2,0,0,3988.0
v1anneal_108k,MATH500,67,4,3,3,1,0,3,3,2438.5
v1anneal_108k,MATH500,71,4,0,0,4,0,0,0,4056.0
v1anneal_108k,MATH500,75,4,2,2,1,1,3,2,2580.5
v1anneal_108k,MATH500,79,4,4,4,0,0,4,4,819.0
v1anneal_108k,MATH500,83,4,4,4,0,0,4,4,2970.25
v1anneal_108k,MATH500,87,4,3,3,0,0,4,3,1765.25
v1anneal_108k,MATH500,91,4,4,4,1,1,3,3,1745.25
v1anneal_108k,MATH500,95,4,3,3,0,0,4,3,1023.0
v1anneal_108k,MATH500,99,4,0,0,1,0,3,0,1360.5
v1anneal_108k,MATH500,103,4,0,0,3,0,1,0,2983.25
v1anneal_108k,MATH500,107,4,3,3,1,1,3,3,1525.5
v1anneal_108k,MATH500,111,4,1,1,1,1,3,1,1062.0
v1anneal_108k,MATH500,115,4,3,3,1,1,3,3,1459.0
v1anneal_108k,MATH500,119,4,0,0,1,0,3,0,1269.25
v1anneal_108k,MATH500,123,4,1,1,3,1,1,0,2911.5
v1anneal_108k,MATH500,127,4,0,0,0,0,4,0,2105.0
v1anneal_108k,MATH500,131,4,3,3,1,1,3,3,2004.5
v1anneal_108k,MATH500,135,4,2,2,0,0,4,2,243.75
v1anneal_108k,MATH500,139,4,1,2,2,0,2,1,2188.75
v1anneal_108k,MATH500,143,4,2,2,1,1,3,2,2350.25
v1anneal_108k,MATH500,147,4,0,1,3,0,1,0,3071.0
v1anneal_108k,MATH500,151,4,0,0,1,0,3,0,1071.75
v1anneal_108k,MATH500,155,4,4,4,1,0,3,3,2475.75
v1anneal_108k,MATH500,159,4,3,3,1,0,3,3,1645.0
v1anneal_108k,MATH500,163,4,1,1,2,0,2,1,2860.5
v1anneal_108k,MATH500,167,4,4,4,0,0,4,4,1249.25
v1anneal_108k,MATH500,171,4,4,4,0,0,4,4,1188.0
v1anneal_108k,MATH500,175,4,2,2,2,1,2,1,2892.0
v1anneal_108k,MATH500,179,4,3,3,0,0,4,3,2334.5
v1anneal_108k,MATH500,183,4,4,4,0,0,4,4,1980.0
v1anneal_108k,MATH500,187,4,3,3,0,0,4,3,250.0
v1anneal_108k,MATH500,191,4,3,3,1,1,3,2,1431.25
v1anneal_108k,MATH500,195,4,2,2,0,0,4,2,820.25
v1anneal_108k,MATH500,199,4,3,3,1,1,3,3,1825.25
v1anneal_108k,MATH500,203,4,4,4,0,0,4,4,2066.25
v1anneal_108k,MATH500,207,4,3,4,1,1,3,3,1127.0
v1anneal_108k,MATH500,211,4,3,3,1,1,3,3,1880.25
v1anneal_108k,MATH500,215,4,4,4,0,0,4,4,1760.25
v1anneal_108k,MATH500,219,4,0,0,1,0,3,0,957.5
v1anneal_108k,MATH500,223,4,3,3,3,0,1,1,3152.25
v1anneal_108k,MATH500,227,4,0,0,0,0,4,0,817.75
v1anneal_108k,MATH500,231,4,2,2,2,1,2,2,2910.25
v1anneal_108k,MATH500,235,4,4,4,0,0,4,4,1386.0
v1anneal_108k,MATH500,239,4,0,0,3,0,1,0,3231.25
v1anneal_108k,MATH500,243,4,1,2,2,2,2,1,2105.0
v1anneal_108k,MATH500,247,4,3,3,1,0,3,3,2357.5
v1anneal_108k,MATH500,251,4,0,0,0,0,4,0,135.25
v1anneal_108k,MATH500,255,4,0,0,1,1,3,0,1904.75
v1anneal_108k,MATH500,259,4,4,4,0,0,4,4,1084.25
v1anneal_108k,MATH500,263,4,1,2,1,0,3,1,1345.0
v1anneal_108k,MATH500,267,4,2,2,3,1,1,1,2946.25
v1anneal_108k,MATH500,271,4,2,2,4,0,0,0,4052.0
v1anneal_108k,MATH500,275,4,1,2,2,0,2,1,2061.0
v1anneal_108k,MATH500,279,4,3,3,1,1,3,3,2204.75
v1anneal_108k,MATH500,283,4,4,4,0,0,4,4,1416.5
v1anneal_108k,MATH500,287,4,3,3,0,0,4,3,2450.0
v1anneal_108k,MATH500,291,4,1,1,1,0,3,1,1381.25
v1anneal_108k,MATH500,295,4,0,0,3,0,1,0,3091.75
v1anneal_108k,MATH500,299,4,1,1,1,1,3,1,1540.0
v1anneal_108k,MATH500,303,4,0,0,3,0,1,0,3251.5
v1anneal_108k,MATH500,307,4,3,3,0,0,4,3,1501.25
v1anneal_108k,MATH500,311,4,3,3,0,0,4,3,2469.0
v1anneal_108k,MATH500,315,4,3,3,1,1,3,3,3018.25
v1anneal_108k,MATH500,319,4,4,4,0,0,4,4,1104.5
v1anneal_108k,MATH500,323,4,2,2,4,0,0,0,4040.0
v1anneal_108k,MATH500,327,4,2,2,4,0,0,0,3991.0
v1anneal_108k,MATH500,331,4,2,2,0,0,4,2,1049.75
v1anneal_108k,MATH500,335,4,2,3,1,0,3,2,2307.75
v1anneal_108k,MATH500,339,4,4,4,0,0,4,4,2405.75
v1anneal_108k,MATH500,343,4,1,2,0,0,4,2,135.25
v1anneal_108k,MATH500,347,4,3,3,1,0,3,3,2210.5
v1anneal_108k,MATH500,351,4,1,1,3,1,1,1,3749.75
v1anneal_108k,MATH500,355,4,1,1,3,0,1,1,3936.0
v1anneal_108k,MATH500,359,4,2,2,1,0,3,2,1704.75
v1anneal_108k,MATH500,363,4,4,4,0,0,4,4,750.5
v1anneal_108k,MATH500,367,4,4,4,0,0,4,4,728.5
v1anneal_108k,MATH500,371,4,0,0,2,0,2,0,2331.25
v1anneal_108k,MATH500,375,4,2,2,1,1,3,2,1951.75
v1anneal_108k,MATH500,379,4,2,4,1,0,3,3,1845.5
v1anneal_108k,MATH500,383,4,0,0,0,0,4,0,684.25
v1anneal_108k,MATH500,387,4,4,4,0,0,4,4,1351.5
v1anneal_108k,MATH500,391,4,2,2,1,0,3,1,2117.0
v1anneal_108k,MATH500,395,4,4,4,0,0,4,4,1867.5
v1anneal_108k,MATH500,399,4,4,4,0,0,4,4,424.0
v1anneal_108k,MATH500,403,4,2,2,3,0,1,0,3038.25
v1anneal_108k,MATH500,407,4,4,4,0,0,4,4,2016.25
v1anneal_108k,MATH500,411,4,3,3,2,2,2,2,2101.0
v1anneal_108k,MATH500,415,4,3,3,0,0,4,3,2237.5
v1anneal_108k,MATH500,419,4,1,1,1,0,3,1,2169.25
v1anneal_108k,MATH500,423,4,1,1,2,0,2,0,2415.75
v1anneal_108k,MATH500,427,4,4,4,0,0,4,4,650.0
v1anneal_108k,MATH500,431,4,3,3,0,0,4,3,2227.5
v1anneal_108k,MATH500,435,4,3,3,0,0,4,3,1315.25
v1anneal_108k,MATH500,439,4,2,2,2,2,2,2,3387.25
v1anneal_108k,MATH500,443,4,4,4,0,0,4,4,1174.5
v1anneal_108k,MATH500,447,4,4,4,0,0,4,4,223.75
v1anneal_108k,MATH500,451,4,2,2,0,0,4,2,1381.0
v1anneal_108k,MATH500,455,4,4,4,0,0,4,4,416.0
v1anneal_108k,MATH500,459,4,2,2,1,1,3,2,1952.75
v1anneal_108k,MATH500,463,4,4,4,0,0,4,4,296.5
v1anneal_108k,MATH500,467,4,0,0,0,0,4,0,816.75
v1anneal_108k,MATH500,471,4,3,4,1,1,3,3,1411.0
v1anneal_108k,MATH500,475,4,2,2,0,0,4,2,1925.25
v1anneal_108k,MATH500,479,4,3,3,0,0,4,3,529.25
v1anneal_108k,MATH500,483,4,3,3,0,0,4,3,2909.75
v1anneal_108k,MATH500,487,4,3,3,0,0,4,3,1285.5
v1anneal_108k,MATH500,491,4,0,0,0,0,4,0,717.25
v1anneal_108k,MATH500,495,4,2,2,0,0,4,2,1727.5
v1anneal_108k,MATH500,499,4,1,1,3,3,1,1,3609.75
v1anneal_108k,AIME24,1,16,0,0,16,4,0,0,4002.0
v1anneal_108k,AIME24,5,16,6,6,9,2,7,4,3146.75
v1anneal_108k,AIME24,9,16,0,0,12,1,4,0,3133.1875
v1anneal_108k,AIME24,13,16,0,0,12,0,4,0,3054.0
v1anneal_108k,AIME24,17,16,0,0,16,3,0,0,3973.0
v1anneal_108k,AIME24,21,16,10,13,12,0,4,3,3770.0
v1anneal_108k,AIME24,25,16,0,0,12,2,4,0,3074.5625
v1anneal_108k,AIME24,29,16,0,0,13,4,3,0,3271.5
v1anneal_108k,AIME25,0,16,6,6,5,0,11,6,2270.0
v1anneal_108k,AIME25,4,16,0,0,14,3,2,0,3570.0625
v1anneal_108k,AIME25,8,16,0,0,8,0,8,0,2244.9375
v1anneal_108k,AIME25,12,16,0,0,6,5,10,0,1851.125
v1anneal_108k,AIME25,16,16,11,11,3,1,13,11,2766.375
v1anneal_108k,AIME25,20,16,0,0,11,4,5,0,2745.3125
v1anneal_108k,AIME25,24,16,0,0,12,0,4,0,3164.4375
v1anneal_108k,AIME25,28,16,0,0,13,4,3,0,3319.25
v1anneal_108k,AMC23,1,16,7,8,6,1,10,7,2776.25
v1anneal_108k,AMC23,5,16,1,3,9,0,7,1,2750.25
v1anneal_108k,AMC23,9,16,3,3,3,2,13,3,1072.9375
v1anneal_108k,AMC23,13,16,2,4,10,0,6,3,2784.0
v1anneal_108k,AMC23,17,16,6,9,7,0,9,5,3000.4375
v1anneal_108k,AMC23,21,16,0,0,6,4,10,0,1751.5
v1anneal_108k,AMC23,25,16,5,5,5,2,11,5,2059.3125
v1anneal_108k,AMC23,29,16,2,2,6,1,10,1,1969.6875
v1anneal_108k,AMC23,33,16,12,12,0,0,16,12,1047.0625
v1anneal_108k,AMC23,37,16,0,2,13,3,3,0,3313.3125
v1anneal_108k,MATH500,0,4,4,4,0,0,4,4,994.0
v1anneal_108k,MATH500,4,4,0,0,1,0,3,0,1033.0
v1anneal_108k,MATH500,8,4,1,1,0,0,4,1,467.25
v1anneal_108k,MATH500,12,4,2,2,1,1,3,2,2343.0
v1anneal_108k,MATH500,16,4,2,2,3,2,1,1,3463.0
v1anneal_108k,MATH500,20,4,3,3,1,0,3,3,2278.5
v1anneal_108k,MATH500,24,4,3,3,1,0,3,2,1926.25
v1anneal_108k,MATH500,28,4,4,4,0,0,4,4,893.75
v1anneal_108k,MATH500,32,4,1,2,4,1,0,0,4032.0
v1anneal_108k,MATH500,36,4,1,1,0,0,4,1,1434.75
v1anneal_108k,MATH500,40,4,3,3,1,1,3,3,1381.0
v1anneal_108k,MATH500,44,4,4,4,0,0,4,4,1596.0
v1anneal_108k,MATH500,48,4,3,3,0,0,4,3,1072.0
v1anneal_108k,MATH500,52,4,4,4,0,0,4,4,2214.75
v1anneal_108k,MATH500,56,4,3,4,1,0,3,3,1450.5
v1anneal_108k,MATH500,60,4,1,1,3,0,1,0,3025.5
v1anneal_108k,MATH500,64,4,0,0,4,0,0,0,4020.0
v1anneal_108k,MATH500,68,4,2,2,0,0,4,2,1291.25
v1anneal_108k,MATH500,72,4,2,4,2,2,2,2,2451.25
v1anneal_108k,MATH500,76,4,4,4,1,0,3,3,3206.25
v1anneal_108k,MATH500,80,4,0,0,2,0,2,0,2407.75
v1anneal_108k,MATH500,84,4,3,3,1,0,3,3,3038.5
v1anneal_108k,MATH500,88,4,1,2,1,1,3,1,1273.75
v1anneal_108k,MATH500,92,4,1,1,2,0,2,1,2859.0
v1anneal_108k,MATH500,96,4,0,0,4,0,0,0,3974.0
v1anneal_108k,MATH500,100,4,0,0,2,1,2,0,1987.0
v1anneal_108k,MATH500,104,4,1,1,3,0,1,0,3009.0
v1anneal_108k,MATH500,108,4,0,0,3,0,1,0,3085.25
v1anneal_108k,MATH500,112,4,3,3,0,0,4,3,975.25
v1anneal_108k,MATH500,116,4,4,4,0,0,4,4,725.5
v1anneal_108k,MATH500,120,4,2,2,0,0,4,2,404.75
v1anneal_108k,MATH500,124,4,2,2,2,1,2,2,3170.25
v1anneal_108k,MATH500,128,4,1,1,1,0,3,1,1819.5
v1anneal_108k,MATH500,132,4,4,4,0,0,4,4,1191.25
v1anneal_108k,MATH500,136,4,2,2,3,0,1,0,3056.5
v1anneal_108k,MATH500,140,4,2,2,1,1,3,2,2075.5
v1anneal_108k,MATH500,144,4,4,4,0,0,4,4,874.25
v1anneal_108k,MATH500,148,4,3,3,0,0,4,3,551.75
v1anneal_108k,MATH500,152,4,0,0,2,1,2,0,2232.0
v1anneal_108k,MATH500,156,4,0,0,2,0,2,0,1961.75
v1anneal_108k,MATH500,160,4,3,3,0,0,4,3,210.75
v1anneal_108k,MATH500,164,4,0,0,4,0,0,0,4061.0
v1anneal_108k,MATH500,168,4,0,0,2,0,2,0,1961.25
v1anneal_108k,MATH500,172,4,3,3,1,1,3,3,1520.75
v1anneal_108k,MATH500,176,4,2,3,1,1,3,3,2395.75
v1anneal_108k,MATH500,180,4,4,4,0,0,4,4,1590.75
v1anneal_108k,MATH500,184,4,0,0,3,0,1,0,3032.75
v1anneal_108k,MATH500,188,4,3,4,3,0,1,1,3618.0
v1anneal_108k,MATH500,192,4,3,3,0,0,4,3,1926.5
v1anneal_108k,MATH500,196,4,2,2,0,0,4,2,525.0
v1anneal_108k,MATH500,200,4,2,3,1,0,3,2,1991.25
v1anneal_108k,MATH500,204,4,0,0,3,1,1,0,3063.75
v1anneal_108k,MATH500,208,4,2,2,0,0,4,2,799.5
v1anneal_108k,MATH500,212,4,1,1,1,1,3,1,1319.25
v1anneal_108k,MATH500,216,4,4,4,0,0,4,4,611.0
v1anneal_108k,MATH500,220,4,3,3,0,0,4,3,792.75
v1anneal_108k,MATH500,224,4,2,2,2,0,2,1,2999.25
v1anneal_108k,MATH500,228,4,1,1,3,0,1,1,3020.25
v1anneal_108k,MATH500,232,4,0,0,4,1,0,0,4014.0
v1anneal_108k,MATH500,236,4,1,1,4,2,0,0,4034.0
v1anneal_108k,MATH500,240,4,0,0,2,0,2,0,2104.25
v1anneal_108k,MATH500,244,4,2,2,1,0,3,2,2346.0
v1anneal_108k,MATH500,248,4,1,1,2,1,2,1,2832.5
v1anneal_108k,MATH500,252,4,2,2,1,0,3,2,2358.0
v1anneal_108k,MATH500,256,4,3,3,2,0,2,2,3296.0
v1anneal_108k,MATH500,260,4,3,3,0,0,4,3,1093.75
v1anneal_108k,MATH500,264,4,0,0,2,0,2,0,1965.75
v1anneal_108k,MATH500,268,4,4,4,0,0,4,4,1328.25
v1anneal_108k,MATH500,272,4,1,1,2,0,2,1,2869.0
v1anneal_108k,MATH500,276,4,2,2,0,0,4,2,1749.75
v1anneal_108k,MATH500,280,4,2,2,0,0,4,2,974.25
v1anneal_108k,MATH500,284,4,0,0,3,0,1,0,3267.5
v1anneal_108k,MATH500,288,4,2,2,3,1,1,0,2979.25
v1anneal_108k,MATH500,292,4,1,1,3,0,1,0,3389.5
v1anneal_108k,MATH500,296,4,0,0,4,0,0,0,3944.0
v1anneal_108k,MATH500,300,4,0,0,1,1,3,0,1189.25
v1anneal_108k,MATH500,304,4,3,3,0,0,4,3,2498.0
v1anneal_108k,MATH500,308,4,0,0,4,0,0,0,4031.0
v1anneal_108k,MATH500,312,4,4,4,0,0,4,4,1299.25
v1anneal_108k,MATH500,316,4,2,2,2,1,2,2,2577.75
v1anneal_108k,MATH500,320,4,0,0,2,0,2,0,2027.75
v1anneal_108k,MATH500,324,4,0,0,1,0,3,0,952.0
v1anneal_108k,MATH500,328,4,0,0,0,0,4,0,198.25
v1anneal_108k,MATH500,332,4,1,1,4,1,0,0,4035.0
v1anneal_108k,MATH500,336,4,2,2,1,0,3,2,2071.75
v1anneal_108k,MATH500,340,4,0,0,4,0,0,0,3995.0
v1anneal_108k,MATH500,344,4,3,3,0,0,4,3,964.75
v1anneal_108k,MATH500,348,4,2,2,0,0,4,2,2041.75
v1anneal_108k,MATH500,352,4,0,0,3,0,1,0,2987.5
v1anneal_108k,MATH500,356,4,3,3,0,0,4,3,1920.0
v1anneal_108k,MATH500,360,4,2,2,0,0,4,2,1235.0
v1anneal_108k,MATH500,364,4,3,3,0,0,4,3,1893.5
v1anneal_108k,MATH500,368,4,2,3,0,0,4,3,428.5
v1anneal_108k,MATH500,372,4,0,0,2,0,2,0,1956.75
v1anneal_108k,MATH500,376,4,1,1,2,1,2,1,2580.0
v1anneal_108k,MATH500,380,4,4,4,0,0,4,4,2833.75
v1anneal_108k,MATH500,384,4,3,3,0,0,4,3,896.25
v1anneal_108k,MATH500,388,4,1,1,0,0,4,1,754.5
v1anneal_108k,MATH500,392,4,0,0,3,1,1,0,2968.0
v1anneal_108k,MATH500,396,4,1,1,2,0,2,1,2126.25
v1anneal_108k,MATH500,400,4,0,0,4,0,0,0,4013.0
v1anneal_108k,MATH500,404,4,1,1,1,0,3,1,1317.25
v1anneal_108k,MATH500,408,4,0,0,1,0,3,0,3079.75
v1anneal_108k,MATH500,412,4,0,0,3,0,1,0,3071.75
v1anneal_108k,MATH500,416,4,0,0,4,1,0,0,4062.0
v1anneal_108k,MATH500,420,4,1,1,1,1,3,1,2003.25
v1anneal_108k,MATH500,424,4,3,3,0,0,4,3,1323.75
v1anneal_108k,MATH500,428,4,1,1,4,1,0,0,4010.0
v1anneal_108k,MATH500,432,4,0,0,3,1,1,0,3005.75
v1anneal_108k,MATH500,436,4,2,2,0,0,4,2,2049.0
v1anneal_108k,MATH500,440,4,4,4,0,0,4,4,1662.5
v1anneal_108k,MATH500,444,4,1,1,3,0,1,1,2990.25
v1anneal_108k,MATH500,448,4,2,2,0,0,4,2,898.25
v1anneal_108k,MATH500,452,4,1,1,1,0,3,1,1474.5
v1anneal_108k,MATH500,456,4,2,2,0,0,4,2,1707.75
v1anneal_108k,MATH500,460,4,1,1,4,2,0,0,3896.0
v1anneal_108k,MATH500,464,4,0,0,1,1,3,0,1373.25
v1anneal_108k,MATH500,468,4,1,1,2,1,2,1,2460.0
v1anneal_108k,MATH500,472,4,4,4,0,0,4,4,1664.25
v1anneal_108k,MATH500,476,4,2,3,1,1,3,2,1139.0
v1anneal_108k,MATH500,480,4,4,4,0,0,4,4,1576.75
v1anneal_108k,MATH500,484,4,2,2,2,0,2,2,3536.75
v1anneal_108k,MATH500,488,4,4,4,0,0,4,4,877.75
v1anneal_108k,MATH500,492,4,3,3,0,0,4,3,696.0
v1anneal_108k,MATH500,496,4,2,2,0,0,4,2,1136.5
v1anneal_120k,AIME24,2,16,0,0,13,3,3,0,3229.75
v1anneal_120k,AIME24,6,16,0,0,13,2,3,0,3325.3125
v1anneal_120k,AIME24,10,16,0,0,12,3,4,0,3167.25
v1anneal_120k,AIME24,14,16,0,0,5,3,11,0,1318.0625
v1anneal_120k,AIME24,18,16,3,3,12,6,4,1,3059.5625
v1anneal_120k,AIME24,22,16,0,0,11,5,5,0,2683.0
v1anneal_120k,AIME24,26,16,0,0,11,1,5,0,2746.125
v1anneal_120k,AIME25,1,16,0,0,10,7,6,0,2629.0
v1anneal_120k,AIME25,5,16,4,4,6,2,10,4,2816.875
v1anneal_120k,AIME25,9,16,0,0,6,2,10,0,1549.0625
v1anneal_120k,AIME25,13,16,0,1,10,7,6,0,2616.625
v1anneal_120k,AIME25,17,16,0,0,10,5,6,0,2590.375
v1anneal_120k,AIME25,21,16,0,0,8,3,8,0,2208.625
v1anneal_120k,AIME25,25,16,0,0,7,2,9,0,1988.1875
v1anneal_120k,AIME25,29,16,0,0,9,3,7,0,2444.8125
v1anneal_120k,AMC23,2,16,8,9,0,0,16,9,234.0625
v1anneal_120k,AMC23,6,16,0,0,7,2,9,0,1941.6875
v1anneal_120k,AMC23,10,16,2,4,8,5,8,2,2210.125
v1anneal_120k,AMC23,14,16,1,1,9,3,7,0,2442.9375
v1anneal_120k,AMC23,18,16,0,0,7,5,9,0,2031.3125
v1anneal_120k,AMC23,22,16,3,3,7,6,9,2,2098.25
v1anneal_120k,AMC23,26,16,5,5,8,2,8,4,2540.9375
v1anneal_120k,AMC23,30,16,7,8,3,2,13,8,1268.6875
v1anneal_120k,AMC23,34,16,7,9,0,0,16,9,174.25
v1anneal_120k,AMC23,38,16,1,2,14,2,2,1,3678.125
v1anneal_120k,MATH500,1,4,2,2,3,0,1,1,3719.0
v1anneal_120k,MATH500,5,4,2,2,1,1,3,2,1235.0
v1anneal_120k,MATH500,9,4,0,0,2,1,2,0,2268.5
v1anneal_120k,MATH500,13,4,4,4,0,0,4,4,218.75
v1anneal_120k,MATH500,17,4,1,1,0,0,4,1,268.0
v1anneal_120k,MATH500,21,4,1,1,4,0,0,0,4054.0
v1anneal_120k,MATH500,25,4,0,0,0,0,4,0,1905.5
v1anneal_120k,MATH500,29,4,1,1,0,0,4,1,80.75
v1anneal_120k,MATH500,33,4,1,1,1,1,3,1,1368.75
v1anneal_120k,MATH500,37,4,3,4,0,0,4,4,9.75
v1anneal_120k,MATH500,41,4,0,0,4,2,0,0,4033.0
v1anneal_120k,MATH500,45,4,4,4,1,1,3,3,1866.25
v1anneal_120k,MATH500,49,4,4,4,0,0,4,4,562.75
v1anneal_120k,MATH500,53,4,2,2,2,2,2,2,2369.5
v1anneal_120k,MATH500,57,4,2,2,2,0,2,1,2113.5
v1anneal_120k,MATH500,61,4,4,4,1,0,3,3,2035.5
v1anneal_120k,MATH500,65,4,4,4,1,1,3,3,1112.25
v1anneal_120k,MATH500,69,4,2,3,1,0,3,2,1279.75
v1anneal_120k,MATH500,73,4,2,2,0,0,4,2,1063.5
v1anneal_120k,MATH500,77,4,1,2,0,0,4,2,258.75
v1anneal_120k,MATH500,81,4,2,2,0,0,4,2,395.0
v1anneal_120k,MATH500,85,4,3,3,1,0,3,3,1197.5
v1anneal_120k,MATH500,89,4,1,1,0,0,4,1,555.75
v1anneal_120k,MATH500,93,4,0,0,1,1,3,0,1013.0
v1anneal_120k,MATH500,97,4,0,0,1,1,3,0,1012.75
v1anneal_120k,MATH500,101,4,0,0,1,0,3,0,1257.75
v1anneal_120k,MATH500,105,4,2,2,0,0,4,2,471.75
v1anneal_120k,MATH500,109,4,2,2,1,0,3,2,2783.5
v1anneal_120k,MATH500,113,4,4,4,0,0,4,4,1874.0
v1anneal_120k,MATH500,117,4,3,3,0,0,4,3,345.75
v1anneal_120k,MATH500,121,4,4,4,0,0,4,4,348.75
v1anneal_120k,MATH500,125,4,2,2,1,0,3,2,1679.25
v1anneal_120k,MATH500,129,4,0,0,3,1,1,0,3110.25
v1anneal_120k,MATH500,133,4,2,4,2,2,2,2,2143.0
v1anneal_120k,MATH500,137,4,4,4,0,0,4,4,829.5
v1anneal_120k,MATH500,141,4,2,2,1,0,3,2,1290.75
v1anneal_120k,MATH500,145,4,0,0,0,0,4,0,514.75
v1anneal_120k,MATH500,149,4,1,1,1,1,3,1,1687.5
v1anneal_120k,MATH500,153,4,2,2,0,0,4,2,426.0
v1anneal_120k,MATH500,157,4,1,1,0,0,4,1,309.25
v1anneal_120k,MATH500,161,4,3,4,2,2,2,2,2452.0
v1anneal_120k,MATH500,165,4,2,2,1,0,3,2,1141.75
v1anneal_120k,MATH500,169,4,2,3,2,1,2,2,2100.75
v1anneal_120k,MATH500,173,4,2,2,1,1,3,2,1234.75
v1anneal_120k,MATH500,177,4,1,1,0,0,4,1,348.25
v1anneal_120k,MATH500,181,4,4,4,0,0,4,4,1034.0
v1anneal_120k,MATH500,185,4,2,3,0,0,4,3,101.75
v1anneal_120k,MATH500,189,4,0,0,1,0,3,0,1384.0
v1anneal_120k,MATH500,193,4,3,3,0,0,4,3,1737.25
v1anneal_120k,MATH500,197,4,1,1,1,0,3,1,1909.25
v1anneal_120k,MATH500,201,4,3,3,1,1,3,3,1506.0
v1anneal_120k,MATH500,205,4,3,3,0,0,4,3,1850.25
v1anneal_120k,MATH500,209,4,2,2,2,2,2,2,3425.5
v1anneal_120k,MATH500,213,4,0,1,2,1,2,0,2174.25
v1anneal_120k,MATH500,217,4,0,0,3,2,1,0,3240.5
v1anneal_120k,MATH500,221,4,2,2,2,2,2,2,2947.25
v1anneal_120k,MATH500,225,4,1,1,0,0,4,1,190.0
v1anneal_120k,MATH500,229,4,3,3,1,1,3,3,1150.25
v1anneal_120k,MATH500,233,4,4,4,0,0,4,4,314.0
v1anneal_120k,MATH500,237,4,3,4,0,0,4,4,975.75
v1anneal_120k,MATH500,241,4,2,2,2,1,2,2,2412.75
v1anneal_120k,MATH500,245,4,1,1,0,0,4,1,1238.5
v1anneal_120k,MATH500,249,4,1,2,0,0,4,2,952.5
v1anneal_120k,MATH500,253,4,3,3,0,0,4,3,644.25
v1anneal_120k,MATH500,257,4,0,0,0,0,4,0,748.25
v1anneal_120k,MATH500,261,4,2,2,0,0,4,2,202.25
v1anneal_120k,MATH500,265,4,4,4,0,0,4,4,764.75
v1anneal_120k,MATH500,269,4,1,1,1,1,3,1,1080.75
v1anneal_120k,MATH500,273,4,1,1,0,0,4,1,73.5
v1anneal_120k,MATH500,277,4,4,4,1,1,3,3,1069.0
v1anneal_120k,MATH500,281,4,4,4,0,0,4,4,175.75
v1anneal_120k,MATH500,285,4,0,1,2,0,2,0,2524.0
v1anneal_120k,MATH500,289,4,3,3,0,0,4,3,1650.0
v1anneal_120k,MATH500,293,4,2,2,0,0,4,2,743.25
v1anneal_120k,MATH500,297,4,1,1,1,0,3,1,1000.75
v1anneal_120k,MATH500,301,4,2,2,1,0,3,1,1681.75
v1anneal_120k,MATH500,305,4,2,2,0,0,4,2,532.5
v1anneal_120k,MATH500,309,4,1,1,1,0,3,0,1088.75
v1anneal_120k,MATH500,313,4,1,1,2,2,2,1,2082.75
v1anneal_120k,MATH500,317,4,0,0,0,0,4,0,387.0
v1anneal_120k,MATH500,321,4,1,1,1,1,3,1,1194.0
v1anneal_120k,MATH500,325,4,2,3,1,1,3,2,1493.0
v1anneal_120k,MATH500,329,4,1,1,0,0,4,1,65.0
v1anneal_120k,MATH500,333,4,1,1,2,0,2,0,2292.75
v1anneal_120k,MATH500,337,4,3,3,0,0,4,3,751.75
v1anneal_120k,MATH500,341,4,0,0,0,0,4,0,3.5
v1anneal_120k,MATH500,345,4,3,3,1,0,3,3,1376.25
v1anneal_120k,MATH500,349,4,1,1,2,0,2,1,2215.25
v1anneal_120k,MATH500,353,4,4,4,0,0,4,4,627.25
v1anneal_120k,MATH500,357,4,0,0,1,0,3,0,1236.25
v1anneal_120k,MATH500,361,4,1,1,1,1,3,1,1350.25
v1anneal_120k,MATH500,365,4,2,2,2,0,2,0,2262.5
v1anneal_120k,MATH500,369,4,0,1,1,1,3,1,1374.25
v1anneal_120k,MATH500,373,4,3,3,0,0,4,3,1407.25
v1anneal_120k,MATH500,377,4,1,1,1,0,3,1,1263.75
v1anneal_120k,MATH500,381,4,1,1,2,1,2,1,2020.0
v1anneal_120k,MATH500,385,4,0,0,0,0,4,0,279.25
v1anneal_120k,MATH500,389,4,4,4,0,0,4,4,1904.5
v1anneal_120k,MATH500,393,4,4,4,0,0,4,4,775.75
v1anneal_120k,MATH500,397,4,4,4,0,0,4,4,1326.0
v1anneal_120k,MATH500,401,4,0,0,0,0,4,0,276.0
v1anneal_120k,MATH500,405,4,4,4,1,1,3,3,1089.0
v1anneal_120k,MATH500,409,4,2,2,1,1,3,2,2180.75
v1anneal_120k,MATH500,413,4,1,1,2,1,2,1,2526.5
v1anneal_120k,MATH500,417,4,3,3,1,1,3,2,2234.75
v1anneal_120k,MATH500,421,4,1,1,3,1,1,0,3319.25
v1anneal_120k,MATH500,425,4,0,0,3,1,1,0,3009.25
v1anneal_120k,MATH500,429,4,4,4,1,1,3,3,3261.5
v1anneal_120k,MATH500,433,4,2,3,1,1,3,3,2106.0
v1anneal_120k,MATH500,437,4,1,1,0,0,4,1,578.0
v1anneal_120k,MATH500,441,4,2,2,0,0,4,2,111.75
v1anneal_120k,MATH500,445,4,1,1,3,1,1,1,2871.75
v1anneal_120k,MATH500,449,4,4,4,0,0,4,4,1695.75
v1anneal_120k,MATH500,453,4,0,0,0,0,4,0,304.5
v1anneal_120k,MATH500,457,4,3,4,1,1,3,3,1505.5
v1anneal_120k,MATH500,461,4,1,2,1,0,3,1,1570.0
v1anneal_120k,MATH500,465,4,2,2,2,2,2,2,2548.25
v1anneal_120k,MATH500,469,4,4,4,0,0,4,4,710.25
v1anneal_120k,MATH500,473,4,4,4,0,0,4,4,1936.5
v1anneal_120k,MATH500,477,4,3,3,1,1,3,3,2238.25
v1anneal_120k,MATH500,481,4,0,0,2,0,2,0,2297.75
v1anneal_120k,MATH500,485,4,1,1,0,0,4,1,815.0
v1anneal_120k,MATH500,489,4,0,0,0,0,4,0,680.0
v1anneal_120k,MATH500,493,4,3,3,2,0,2,1,2117.0
v1anneal_120k,MATH500,497,4,0,0,3,2,1,0,3066.75
v1anneal_120k,AIME24,3,16,4,4,8,3,8,3,2762.625
v1anneal_120k,AIME24,7,16,0,0,11,3,5,0,2620.6875
v1anneal_120k,AIME24,11,16,1,1,11,3,5,1,2773.3125
v1anneal_120k,AIME24,15,16,5,5,8,3,8,3,2697.25
v1anneal_120k,AIME24,19,16,0,0,13,7,3,0,3129.25
v1anneal_120k,AIME24,23,16,0,0,13,4,3,0,3275.875
v1anneal_120k,AIME24,27,16,0,0,14,3,2,0,3504.3125
v1anneal_120k,AIME25,2,16,0,2,7,4,9,0,2001.5625
v1anneal_120k,AIME25,6,16,0,0,7,4,9,0,1785.0
v1anneal_120k,AIME25,10,16,0,0,7,1,9,0,2077.75
v1anneal_120k,AIME25,14,16,0,0,8,3,8,0,2144.875
v1anneal_120k,AIME25,18,16,1,1,6,2,10,1,1920.9375
v1anneal_120k,AIME25,22,16,0,0,7,5,9,0,1720.9375
v1anneal_120k,AIME25,26,16,0,0,6,2,10,0,1595.0625
v1anneal_120k,AMC23,3,16,11,12,3,0,13,10,2774.0
v1anneal_120k,AMC23,7,16,0,0,8,6,8,0,2146.5625
v1anneal_120k,AMC23,11,16,0,0,5,2,11,0,1594.6875
v1anneal_120k,AMC23,15,16,2,3,8,2,8,0,2083.375
v1anneal_120k,AMC23,19,16,8,8,1,1,15,8,1217.9375
v1anneal_120k,AMC23,23,16,7,8,1,1,15,8,961.375
v1anneal_120k,AMC23,27,16,1,1,3,1,13,1,1224.9375
v1anneal_120k,AMC23,31,16,0,0,7,5,9,0,2080.0625
v1anneal_120k,AMC23,35,16,1,5,9,7,7,3,2342.125
v1anneal_120k,AMC23,39,16,0,0,6,2,10,0,1685.4375
v1anneal_120k,MATH500,2,4,2,2,1,1,3,2,1175.75
v1anneal_120k,MATH500,6,4,1,2,0,0,4,2,45.25
v1anneal_120k,MATH500,10,4,0,0,3,3,1,0,3046.0
v1anneal_120k,MATH500,14,4,0,0,1,1,3,0,1256.0
v1anneal_120k,MATH500,18,4,0,0,3,1,1,0,2939.0
v1anneal_120k,MATH500,22,4,2,2,0,0,4,2,1096.25
v1anneal_120k,MATH500,26,4,2,2,1,1,3,1,1190.25
v1anneal_120k,MATH500,30,4,4,4,0,0,4,4,936.25
v1anneal_120k,MATH500,34,4,2,2,0,0,4,2,678.75
v1anneal_120k,MATH500,38,4,3,3,0,0,4,3,158.75
v1anneal_120k,MATH500,42,4,3,3,1,0,3,3,1756.5
v1anneal_120k,MATH500,46,4,1,2,0,0,4,2,746.0
v1anneal_120k,MATH500,50,4,0,0,1,0,3,0,1285.5
v1anneal_120k,MATH500,54,4,4,4,0,0,4,4,7.0
v1anneal_120k,MATH500,58,4,2,2,2,2,2,1,2496.5
v1anneal_120k,MATH500,62,4,0,0,2,0,2,0,2162.25
v1anneal_120k,MATH500,66,4,3,3,0,0,4,3,288.25
v1anneal_120k,MATH500,70,4,4,4,0,0,4,4,1601.0
v1anneal_120k,MATH500,74,4,4,4,0,0,4,4,2120.25
v1anneal_120k,MATH500,78,4,0,0,1,1,3,0,1442.0
v1anneal_120k,MATH500,82,4,2,2,0,0,4,2,448.75
v1anneal_120k,MATH500,86,4,3,4,1,1,3,3,1061.0
v1anneal_120k,MATH500,90,4,1,1,0,0,4,1,92.0
v1anneal_120k,MATH500,94,4,0,0,1,1,3,0,1123.25
v1anneal_120k,MATH500,98,4,4,4,0,0,4,4,704.25
v1anneal_120k,MATH500,102,4,4,4,0,0,4,4,811.75
v1anneal_120k,MATH500,106,4,4,4,0,0,4,4,268.25
v1anneal_120k,MATH500,110,4,0,0,3,2,1,0,2977.75
v1anneal_120k,MATH500,114,4,3,3,1,0,3,3,2050.25
v1anneal_120k,MATH500,118,4,0,0,1,0,3,0,1166.0
v1anneal_120k,MATH500,122,4,4,4,0,0,4,4,436.5
v1anneal_120k,MATH500,126,4,1,1,1,0,3,0,1552.0
v1anneal_120k,MATH500,130,4,3,3,1,0,3,3,2051.25
v1anneal_120k,MATH500,134,4,1,1,0,0,4,1,321.0
v1anneal_120k,MATH500,138,4,1,1,1,0,3,1,1286.0
v1anneal_120k,MATH500,142,4,1,1,0,0,4,1,249.75
v1anneal_120k,MATH500,146,4,4,4,0,0,4,4,1023.0
v1anneal_120k,MATH500,150,4,1,1,1,0,3,1,1680.75
v1anneal_120k,MATH500,154,4,0,0,2,2,2,0,2119.0
v1anneal_120k,MATH500,158,4,1,1,0,0,4,1,145.5
v1anneal_120k,MATH500,162,4,1,1,1,1,3,1,1526.5
v1anneal_120k,MATH500,166,4,0,0,2,1,2,0,2015.5
v1anneal_120k,MATH500,170,4,0,1,2,0,2,0,2022.0
v1anneal_120k,MATH500,174,4,2,2,1,1,3,2,1186.25
v1anneal_120k,MATH500,178,4,1,1,0,0,4,1,319.75
v1anneal_120k,MATH500,182,4,4,4,0,0,4,4,6.0
v1anneal_120k,MATH500,186,4,0,0,2,1,2,0,2028.25
v1anneal_120k,MATH500,190,4,2,2,1,1,3,2,1593.25
v1anneal_120k,MATH500,194,4,0,0,3,0,1,0,3068.25
v1anneal_120k,MATH500,198,4,0,0,0,0,4,0,582.5
v1anneal_120k,MATH500,202,4,3,3,1,1,3,3,1744.5
v1anneal_120k,MATH500,206,4,4,4,0,0,4,4,1747.75
v1anneal_120k,MATH500,210,4,2,2,3,1,1,1,2939.75
v1anneal_120k,MATH500,214,4,0,0,0,0,4,0,230.5
v1anneal_120k,MATH500,218,4,4,4,0,0,4,4,158.25
v1anneal_120k,MATH500,222,4,0,0,1,0,3,0,1454.5
v1anneal_120k,MATH500,226,4,0,0,3,3,1,0,3042.75
v1anneal_120k,MATH500,230,4,2,2,0,0,4,2,1448.75
v1anneal_120k,MATH500,234,4,2,2,1,1,3,2,2461.5
v1anneal_120k,MATH500,238,4,1,2,0,0,4,2,911.75
v1anneal_120k,MATH500,242,4,0,0,1,1,3,0,1009.0
v1anneal_120k,MATH500,246,4,0,0,0,0,4,0,70.25
v1anneal_120k,MATH500,250,4,1,1,0,0,4,1,301.25
v1anneal_120k,MATH500,254,4,0,0,2,2,2,0,2297.0
v1anneal_120k,MATH500,258,4,1,2,0,0,4,2,1108.0
v1anneal_120k,MATH500,262,4,4,4,0,0,4,4,791.5
v1anneal_120k,MATH500,266,4,2,2,1,1,3,2,1152.25
v1anneal_120k,MATH500,270,4,3,4,2,1,2,2,2131.75
v1anneal_120k,MATH500,274,4,0,0,1,0,3,0,1054.0
v1anneal_120k,MATH500,278,4,3,4,2,2,2,2,2043.25
v1anneal_120k,MATH500,282,4,2,2,2,0,2,2,2105.75
v1anneal_120k,MATH500,286,4,0,0,1,1,3,0,2152.25
v1anneal_120k,MATH500,290,4,2,2,0,0,4,2,680.0
v1anneal_120k,MATH500,294,4,0,0,0,0,4,0,324.75
v1anneal_120k,MATH500,298,4,0,0,0,0,4,0,194.0
v1anneal_120k,MATH500,302,4,2,2,2,1,2,1,2936.75
v1anneal_120k,MATH500,306,4,0,0,2,0,2,0,2336.25
v1anneal_120k,MATH500,310,4,0,1,2,2,2,0,2009.0
v1anneal_120k,MATH500,314,4,1,1,0,0,4,1,7.75
v1anneal_120k,MATH500,318,4,1,1,0,0,4,1,519.5
v1anneal_120k,MATH500,322,4,4,4,0,0,4,4,1019.0
v1anneal_120k,MATH500,326,4,0,0,1,1,3,0,1400.25
v1anneal_120k,MATH500,330,4,4,4,0,0,4,4,874.5
v1anneal_120k,MATH500,334,4,1,1,0,0,4,1,333.75
v1anneal_120k,MATH500,338,4,1,1,1,0,3,1,2154.75
v1anneal_120k,MATH500,342,4,2,2,2,2,2,1,2028.75
v1anneal_120k,MATH500,346,4,3,3,0,0,4,3,1628.25
v1anneal_120k,MATH500,350,4,4,4,0,0,4,4,1151.0
v1anneal_120k,MATH500,354,4,0,0,4,3,0,0,4063.0
v1anneal_120k,MATH500,358,4,0,0,1,1,3,0,1221.75
v1anneal_120k,MATH500,362,4,3,3,1,1,3,2,1036.5
v1anneal_120k,MATH500,366,4,4,4,0,0,4,4,1675.0
v1anneal_120k,MATH500,370,4,3,4,1,1,3,3,1397.75
v1anneal_120k,MATH500,374,4,2,3,1,1,3,2,1090.75
v1anneal_120k,MATH500,378,4,2,2,0,0,4,2,679.5
v1anneal_120k,MATH500,382,4,0,0,2,2,2,0,2200.75
v1anneal_120k,MATH500,386,4,3,3,0,0,4,3,99.75
v1anneal_120k,MATH500,390,4,1,1,0,0,4,1,1305.25
v1anneal_120k,MATH500,394,4,4,4,0,0,4,4,3035.5
v1anneal_120k,MATH500,398,4,2,2,0,0,4,2,981.5
v1anneal_120k,MATH500,402,4,0,0,0,0,4,0,73.5
v1anneal_120k,MATH500,406,4,3,3,0,0,4,3,486.75
v1anneal_120k,MATH500,410,4,0,1,0,0,4,1,689.75
v1anneal_120k,MATH500,414,4,0,0,0,0,4,0,213.5
v1anneal_120k,MATH500,418,4,4,4,0,0,4,4,625.5
v1anneal_120k,MATH500,422,4,0,0,2,2,2,0,2185.25
v1anneal_120k,MATH500,426,4,3,3,0,0,4,3,865.75
v1anneal_120k,MATH500,430,4,2,3,1,0,3,3,1033.0
v1anneal_120k,MATH500,434,4,4,4,0,0,4,4,1778.25
v1anneal_120k,MATH500,438,4,1,1,0,0,4,1,486.0
v1anneal_120k,MATH500,442,4,3,3,0,0,4,3,289.25
v1anneal_120k,MATH500,446,4,2,2,1,0,3,2,1343.5
v1anneal_120k,MATH500,450,4,1,1,2,1,2,1,2838.0
v1anneal_120k,MATH500,454,4,1,1,0,0,4,1,991.5
v1anneal_120k,MATH500,458,4,0,0,0,0,4,0,5.25
v1anneal_120k,MATH500,462,4,1,1,0,0,4,1,1613.75
v1anneal_120k,MATH500,466,4,1,1,1,0,3,1,1076.5
v1anneal_120k,MATH500,470,4,0,0,3,3,1,0,3228.75
v1anneal_120k,MATH500,474,4,2,2,1,0,3,2,1429.5
v1anneal_120k,MATH500,478,4,0,0,2,0,2,0,2141.0
v1anneal_120k,MATH500,482,4,0,0,0,0,4,0,409.5
v1anneal_120k,MATH500,486,4,1,1,0,0,4,1,51.5
v1anneal_120k,MATH500,490,4,1,1,1,0,3,1,1724.25
v1anneal_120k,MATH500,494,4,0,0,1,0,3,0,1353.0
v1anneal_120k,MATH500,498,4,1,1,0,0,4,1,466.25
v1anneal_120k,AIME24,0,16,0,0,3,0,13,0,1171.8125
v1anneal_120k,AIME24,4,16,0,0,10,6,6,0,2565.0625
v1anneal_120k,AIME24,8,16,0,0,13,8,3,0,3258.125
v1anneal_120k,AIME24,12,16,0,0,6,2,10,0,1563.5625
v1anneal_120k,AIME24,16,16,3,4,13,6,3,2,3573.375
v1anneal_120k,AIME24,20,16,1,3,10,3,6,0,2690.3125
v1anneal_120k,AIME24,24,16,0,0,12,3,4,0,3104.375
v1anneal_120k,AIME24,28,16,0,0,15,0,1,0,3702.1875
v1anneal_120k,AIME25,3,16,2,2,3,0,13,1,1248.5625
v1anneal_120k,AIME25,7,16,0,0,5,1,11,0,1618.875
v1anneal_120k,AIME25,11,16,0,0,10,3,6,0,2661.4375
v1anneal_120k,AIME25,15,16,3,3,7,4,9,3,2560.75
v1anneal_120k,AIME25,19,16,0,0,9,2,7,0,2367.8125
v1anneal_120k,AIME25,23,16,0,0,6,1,10,0,2020.5625
v1anneal_120k,AIME25,27,16,0,0,4,3,12,0,1306.3125
v1anneal_120k,AMC23,0,16,5,11,5,2,11,9,1454.125
v1anneal_120k,AMC23,4,16,0,0,6,3,10,0,1590.6875
v1anneal_120k,AMC23,8,16,3,5,11,3,5,2,2822.75
v1anneal_120k,AMC23,12,16,0,1,8,0,8,0,2207.75
v1anneal_120k,AMC23,16,16,6,7,3,0,13,7,1559.4375
v1anneal_120k,AMC23,20,16,0,0,8,4,8,0,2479.25
v1anneal_120k,AMC23,24,16,0,1,4,3,12,0,1260.0
v1anneal_120k,AMC23,28,16,0,0,4,2,12,0,1314.0625
v1anneal_120k,AMC23,32,16,0,1,6,0,10,0,1705.0
v1anneal_120k,AMC23,36,16,3,5,3,0,13,5,1035.5
v1anneal_120k,MATH500,3,4,4,4,0,0,4,4,592.5
v1anneal_120k,MATH500,7,4,2,2,0,0,4,2,853.25
v1anneal_120k,MATH500,11,4,0,0,1,0,3,0,1625.75
v1anneal_120k,MATH500,15,4,1,1,0,0,4,1,1006.25
v1anneal_120k,MATH500,19,4,3,3,0,0,4,3,2240.0
v1anneal_120k,MATH500,23,4,2,2,0,0,4,2,626.25
v1anneal_120k,MATH500,27,4,2,2,0,0,4,2,322.0
v1anneal_120k,MATH500,31,4,2,2,3,3,1,1,3411.5
v1anneal_120k,MATH500,35,4,4,4,1,0,3,3,2714.5
v1anneal_120k,MATH500,39,4,1,1,0,0,4,1,552.25
v1anneal_120k,MATH500,43,4,0,0,2,0,2,0,2206.0
v1anneal_120k,MATH500,47,4,4,4,0,0,4,4,676.25
v1anneal_120k,MATH500,51,4,3,3,0,0,4,3,166.75
v1anneal_120k,MATH500,55,4,2,4,1,1,3,3,1144.25
v1anneal_120k,MATH500,59,4,3,3,0,0,4,3,461.75
v1anneal_120k,MATH500,63,4,0,0,1,1,3,0,1422.25
v1anneal_120k,MATH500,67,4,4,4,1,1,3,3,1591.75
v1anneal_120k,MATH500,71,4,0,0,0,0,4,0,732.5
v1anneal_120k,MATH500,75,4,1,1,2,2,2,1,2142.0
v1anneal_120k,MATH500,79,4,4,4,1,1,3,3,1102.75
v1anneal_120k,MATH500,83,4,0,0,3,0,1,0,3046.25
v1anneal_120k,MATH500,87,4,2,2,0,0,4,2,573.0
v1anneal_120k,MATH500,91,4,2,2,0,0,4,2,138.5
v1anneal_120k,MATH500,95,4,4,4,0,0,4,4,1317.75
v1anneal_120k,MATH500,99,4,0,0,0,0,4,0,1136.75
v1anneal_120k,MATH500,103,4,0,0,1,0,3,0,1602.25
v1anneal_120k,MATH500,107,4,1,1,1,1,3,1,1299.0
v1anneal_120k,MATH500,111,4,3,3,0,0,4,3,277.0
v1anneal_120k,MATH500,115,4,1,1,0,0,4,1,133.25
v1anneal_120k,MATH500,119,4,0,0,2,0,2,0,2112.25
v1anneal_120k,MATH500,123,4,0,1,4,2,0,0,3805.0
v1anneal_120k,MATH500,127,4,1,1,1,1,3,1,1985.5
v1anneal_120k,MATH500,131,4,3,3,0,0,4,3,596.75
v1anneal_120k,MATH500,135,4,2,2,1,1,3,2,1746.75
v1anneal_120k,MATH500,139,4,3,4,2,0,2,2,2400.75
v1anneal_120k,MATH500,143,4,2,2,0,0,4,2,832.75
v1anneal_120k,MATH500,147,4,0,0,3,1,1,0,3162.75
v1anneal_120k,MATH500,151,4,2,2,1,0,3,2,2256.25
v1anneal_120k,MATH500,155,4,2,2,0,0,4,2,320.75
v1anneal_120k,MATH500,159,4,4,4,0,0,4,4,192.75
v1anneal_120k,MATH500,163,4,2,2,1,0,3,2,2565.5
v1anneal_120k,MATH500,167,4,4,4,1,1,3,3,1264.75
v1anneal_120k,MATH500,171,4,2,2,1,1,3,2,1543.75
v1anneal_120k,MATH500,175,4,1,1,1,0,3,1,1932.0
v1anneal_120k,MATH500,179,4,1,1,0,0,4,1,755.5
v1anneal_120k,MATH500,183,4,2,2,0,0,4,2,273.0
v1anneal_120k,MATH500,187,4,2,2,0,0,4,2,79.25
v1anneal_120k,MATH500,191,4,2,2,1,0,3,2,1429.75
v1anneal_120k,MATH500,195,4,3,3,1,1,3,3,2594.75
v1anneal_120k,MATH500,199,4,2,2,1,1,3,2,1308.5
v1anneal_120k,MATH500,203,4,2,2,0,0,4,2,927.75
v1anneal_120k,MATH500,207,4,1,2,1,1,3,2,1139.75
v1anneal_120k,MATH500,211,4,4,4,0,0,4,4,1000.0
v1anneal_120k,MATH500,215,4,4,4,0,0,4,4,1793.0
v1anneal_120k,MATH500,219,4,0,0,1,1,3,0,1317.0
v1anneal_120k,MATH500,223,4,1,1,0,0,4,1,573.75
v1anneal_120k,MATH500,227,4,0,0,0,0,4,0,49.0
v1anneal_120k,MATH500,231,4,3,3,1,1,3,3,2411.75
v1anneal_120k,MATH500,235,4,4,4,0,0,4,4,268.5
v1anneal_120k,MATH500,239,4,0,0,3,0,1,0,3061.0
v1anneal_120k,MATH500,243,4,1,1,0,0,4,1,118.5
v1anneal_120k,MATH500,247,4,2,2,0,0,4,2,733.25
v1anneal_120k,MATH500,251,4,1,1,0,0,4,1,1061.0
v1anneal_120k,MATH500,255,4,1,1,2,1,2,0,2090.25
v1anneal_120k,MATH500,259,4,3,3,0,0,4,3,368.5
v1anneal_120k,MATH500,263,4,1,1,2,1,2,1,2430.75
v1anneal_120k,MATH500,267,4,1,1,3,1,1,1,2961.25
v1anneal_120k,MATH500,271,4,2,2,1,0,3,2,1374.5
v1anneal_120k,MATH500,275,4,3,3,0,0,4,3,103.5
v1anneal_120k,MATH500,279,4,2,2,0,0,4,2,1431.0
v1anneal_120k,MATH500,283,4,3,3,1,1,3,3,1571.75
v1anneal_120k,MATH500,287,4,2,3,1,0,3,2,1857.5
v1anneal_120k,MATH500,291,4,0,0,1,1,3,0,1217.25
v1anneal_120k,MATH500,295,4,0,0,1,1,3,0,1094.0
v1anneal_120k,MATH500,299,4,2,2,1,1,3,2,2031.0
v1anneal_120k,MATH500,303,4,0,0,2,2,2,0,2402.75
v1anneal_120k,MATH500,307,4,3,3,0,0,4,3,653.25
v1anneal_120k,MATH500,311,4,3,3,1,0,3,3,2548.25
v1anneal_120k,MATH500,315,4,1,1,0,0,4,1,592.0
v1anneal_120k,MATH500,319,4,3,3,0,0,4,3,353.25
v1anneal_120k,MATH500,323,4,1,1,3,2,1,0,3632.75
v1anneal_120k,MATH500,327,4,2,2,3,1,1,0,3205.25
v1anneal_120k,MATH500,331,4,1,1,1,1,3,1,1519.25
v1anneal_120k,MATH500,335,4,2,3,2,2,2,2,2107.25
v1anneal_120k,MATH500,339,4,3,3,1,0,3,3,2485.25
v1anneal_120k,MATH500,343,4,0,0,0,0,4,0,63.5
v1anneal_120k,MATH500,347,4,4,4,0,0,4,4,974.0
v1anneal_120k,MATH500,351,4,4,4,2,0,2,2,3117.5
v1anneal_120k,MATH500,355,4,0,0,0,0,4,0,127.0
v1anneal_120k,MATH500,359,4,2,2,1,1,3,2,2466.75
v1anneal_120k,MATH500,363,4,4,4,1,1,3,3,1501.5
v1anneal_120k,MATH500,367,4,3,3,1,1,3,3,1676.5
v1anneal_120k,MATH500,371,4,0,0,2,1,2,0,2261.5
v1anneal_120k,MATH500,375,4,2,2,1,0,3,2,1997.0
v1anneal_120k,MATH500,379,4,2,3,1,1,3,3,1354.0
v1anneal_120k,MATH500,383,4,0,0,0,0,4,0,886.0
v1anneal_120k,MATH500,387,4,3,3,1,1,3,3,1523.0
v1anneal_120k,MATH500,391,4,2,2,1,0,3,1,1965.0
v1anneal_120k,MATH500,395,4,2,4,1,0,3,3,1964.0
v1anneal_120k,MATH500,399,4,4,4,0,0,4,4,258.0
v1anneal_120k,MATH500,403,4,0,0,0,0,4,0,191.5
v1anneal_120k,MATH500,407,4,0,1,2,2,2,0,2025.25
v1anneal_120k,MATH500,411,4,2,2,1,0,3,2,1342.0
v1anneal_120k,MATH500,415,4,0,0,2,2,2,0,2029.25
v1anneal_120k,MATH500,419,4,3,3,1,1,3,3,2858.75
v1anneal_120k,MATH500,423,4,0,0,0,0,4,0,267.75
v1anneal_120k,MATH500,427,4,3,3,0,0,4,3,461.25
v1anneal_120k,MATH500,431,4,2,2,0,0,4,2,1677.25
v1anneal_120k,MATH500,435,4,1,1,1,0,3,1,1712.75
v1anneal_120k,MATH500,439,4,2,2,1,1,3,1,1877.5
v1anneal_120k,MATH500,443,4,4,4,0,0,4,4,1036.5
v1anneal_120k,MATH500,447,4,3,3,1,0,3,2,1138.0
v1anneal_120k,MATH500,451,4,2,2,1,1,3,2,1508.25
v1anneal_120k,MATH500,455,4,1,1,0,0,4,1,12.75
v1anneal_120k,MATH500,459,4,1,1,2,2,2,1,2379.0
v1anneal_120k,MATH500,463,4,2,2,0,0,4,2,75.5
v1anneal_120k,MATH500,467,4,0,0,1,0,3,0,1691.5
v1anneal_120k,MATH500,471,4,2,4,1,1,3,3,1125.5
v1anneal_120k,MATH500,475,4,0,0,3,2,1,0,2942.75
v1anneal_120k,MATH500,479,4,1,1,2,0,2,1,2073.0
v1anneal_120k,MATH500,483,4,1,1,2,2,2,1,2921.0
v1anneal_120k,MATH500,487,4,1,2,2,2,2,1,2151.25
v1anneal_120k,MATH500,491,4,1,1,1,1,3,1,1155.0
v1anneal_120k,MATH500,495,4,0,0,1,0,3,0,1380.0
v1anneal_120k,MATH500,499,4,0,0,3,3,1,0,3021.25
v1anneal_120k,AIME24,1,16,1,1,11,3,5,1,2999.125
v1anneal_120k,AIME24,5,16,1,2,9,4,7,1,2622.25
v1anneal_120k,AIME24,9,16,0,0,9,6,7,0,2534.375
v1anneal_120k,AIME24,13,16,0,0,14,2,2,0,3492.5
v1anneal_120k,AIME24,17,16,0,0,14,4,2,0,3524.9375
v1anneal_120k,AIME24,21,16,2,2,8,5,8,1,2336.5
v1anneal_120k,AIME24,25,16,0,0,12,6,4,0,3120.625
v1anneal_120k,AIME24,29,16,0,0,12,5,4,0,3045.0625
v1anneal_120k,AIME25,0,16,7,7,4,0,12,6,1783.3125
v1anneal_120k,AIME25,4,16,0,0,10,3,6,0,2728.625
v1anneal_120k,AIME25,8,16,0,0,9,0,7,0,2619.625
v1anneal_120k,AIME25,12,16,0,0,4,3,12,0,1266.5625
v1anneal_120k,AIME25,16,16,2,2,8,2,8,2,2598.1875
v1anneal_120k,AIME25,20,16,0,0,9,3,7,0,2601.5
v1anneal_120k,AIME25,24,16,0,1,8,2,8,0,2297.125
v1anneal_120k,AIME25,28,16,0,0,10,6,6,0,2664.6875
v1anneal_120k,AMC23,1,16,3,3,10,1,6,3,2773.875
v1anneal_120k,AMC23,5,16,0,1,9,1,7,0,2419.375
v1anneal_120k,AMC23,9,16,8,8,1,0,15,8,858.9375
v1anneal_120k,AMC23,13,16,2,2,11,2,5,2,2998.9375
v1anneal_120k,AMC23,17,16,3,4,4,2,12,3,1509.3125
v1anneal_120k,AMC23,21,16,3,3,3,1,13,3,1112.8125
v1anneal_120k,AMC23,25,16,8,8,4,2,12,8,2178.8125
v1anneal_120k,AMC23,29,16,2,4,7,2,9,1,2277.625
v1anneal_120k,AMC23,33,16,10,10,2,0,14,10,1206.625
v1anneal_120k,AMC23,37,16,2,2,6,3,10,1,1916.875
v1anneal_120k,MATH500,0,4,2,2,1,1,3,2,1117.5
v1anneal_120k,MATH500,4,4,0,0,0,0,4,0,115.25
v1anneal_120k,MATH500,8,4,3,3,0,0,4,3,260.0
v1anneal_120k,MATH500,12,4,2,2,2,2,2,2,2978.25
v1anneal_120k,MATH500,16,4,2,2,2,1,2,1,2739.0
v1anneal_120k,MATH500,20,4,2,2,1,1,3,2,1779.25
v1anneal_120k,MATH500,24,4,0,0,1,0,3,0,1313.0
v1anneal_120k,MATH500,28,4,3,3,0,0,4,3,923.0
v1anneal_120k,MATH500,32,4,2,2,2,2,2,2,2189.0
v1anneal_120k,MATH500,36,4,3,3,0,0,4,3,2234.0
v1anneal_120k,MATH500,40,4,1,1,0,0,4,1,71.5
v1anneal_120k,MATH500,44,4,2,2,1,0,3,2,1747.25
v1anneal_120k,MATH500,48,4,4,4,1,1,3,3,1362.5
v1anneal_120k,MATH500,52,4,3,3,0,0,4,3,630.0
v1anneal_120k,MATH500,56,4,4,4,0,0,4,4,142.5
v1anneal_120k,MATH500,60,4,0,0,4,1,0,0,4030.0
v1anneal_120k,MATH500,64,4,1,1,2,2,2,1,2022.75
v1anneal_120k,MATH500,68,4,2,2,2,1,2,2,3298.25
v1anneal_120k,MATH500,72,4,2,3,2,2,2,1,2444.0
v1anneal_120k,MATH500,76,4,3,3,1,1,3,2,2059.75
v1anneal_120k,MATH500,80,4,1,1,1,0,3,1,1512.0
v1anneal_120k,MATH500,84,4,1,1,1,0,3,1,2097.5
v1anneal_120k,MATH500,88,4,2,2,0,0,4,2,446.25
v1anneal_120k,MATH500,92,4,2,2,0,0,4,2,1286.0
v1anneal_120k,MATH500,96,4,0,0,2,1,2,0,2160.75
v1anneal_120k,MATH500,100,4,0,0,0,0,4,0,188.0
v1anneal_120k,MATH500,104,4,0,0,2,0,2,0,2313.25
v1anneal_120k,MATH500,108,4,2,2,2,0,2,1,2332.5
v1anneal_120k,MATH500,112,4,1,1,1,1,3,1,1151.0
v1anneal_120k,MATH500,116,4,3,3,0,0,4,3,459.25
v1anneal_120k,MATH500,120,4,0,0,0,0,4,0,266.0
v1anneal_120k,MATH500,124,4,1,1,2,1,2,0,2268.0
v1anneal_120k,MATH500,128,4,0,0,2,1,2,0,2044.75
v1anneal_120k,MATH500,132,4,3,3,0,0,4,3,679.25
v1anneal_120k,MATH500,136,4,1,1,3,1,1,0,2987.0
v1anneal_120k,MATH500,140,4,3,3,0,0,4,3,566.0
v1anneal_120k,MATH500,144,4,3,3,0,0,4,3,785.75
v1anneal_120k,MATH500,148,4,3,3,0,0,4,3,467.25
v1anneal_120k,MATH500,152,4,0,0,3,2,1,0,3064.25
v1anneal_120k,MATH500,156,4,1,1,1,0,3,1,1168.5
v1anneal_120k,MATH500,160,4,1,2,2,1,2,1,2216.0
v1anneal_120k,MATH500,164,4,0,0,4,2,0,0,4061.0
v1anneal_120k,MATH500,168,4,0,0,2,1,2,0,1684.25
v1anneal_120k,MATH500,172,4,3,3,0,0,4,3,286.75
v1anneal_120k,MATH500,176,4,0,0,0,0,4,0,1001.25
v1anneal_120k,MATH500,180,4,2,2,0,0,4,2,1036.0
v1anneal_120k,MATH500,184,4,0,0,1,0,3,0,1623.75
v1anneal_120k,MATH500,188,4,2,2,0,0,4,2,1712.25
v1anneal_120k,MATH500,192,4,2,2,0,0,4,2,1277.75
v1anneal_120k,MATH500,196,4,1,1,1,1,3,1,1093.0
v1anneal_120k,MATH500,200,4,0,0,0,0,4,0,120.0
v1anneal_120k,MATH500,204,4,0,0,2,1,2,0,2249.75
v1anneal_120k,MATH500,208,4,0,0,2,2,2,0,2093.75
v1anneal_120k,MATH500,212,4,0,0,0,0,4,0,18.0
v1anneal_120k,MATH500,216,4,1,1,0,0,4,1,163.0
v1anneal_120k,MATH500,220,4,3,3,0,0,4,3,291.25
v1anneal_120k,MATH500,224,4,1,1,2,0,2,1,3380.25
v1anneal_120k,MATH500,228,4,3,3,0,0,4,3,489.25
v1anneal_120k,MATH500,232,4,0,0,0,0,4,0,655.75
v1anneal_120k,MATH500,236,4,0,1,4,1,0,0,4034.0
v1anneal_120k,MATH500,240,4,0,0,0,0,4,0,287.0
v1anneal_120k,MATH500,244,4,1,1,1,0,3,1,1623.0
v1anneal_120k,MATH500,248,4,1,1,3,0,1,1,3400.0
v1anneal_120k,MATH500,252,4,2,2,2,2,2,2,2277.5
v1anneal_120k,MATH500,256,4,4,4,0,0,4,4,136.75
v1anneal_120k,MATH500,260,4,1,1,1,1,3,1,1687.5
v1anneal_120k,MATH500,264,4,0,0,3,0,1,0,2874.5
v1anneal_120k,MATH500,268,4,3,3,0,0,4,3,561.75
v1anneal_120k,MATH500,272,4,1,1,1,0,3,1,1210.25
v1anneal_120k,MATH500,276,4,0,0,0,0,4,0,240.25
v1anneal_120k,MATH500,280,4,1,1,2,1,2,1,2364.25
v1anneal_120k,MATH500,284,4,0,0,3,1,1,0,3018.25
v1anneal_120k,MATH500,288,4,0,0,1,0,3,0,1115.5
v1anneal_120k,MATH500,292,4,0,0,0,0,4,0,346.0
v1anneal_120k,MATH500,296,4,0,0,3,1,1,0,3079.5
v1anneal_120k,MATH500,300,4,2,2,1,1,3,2,1394.25
v1anneal_120k,MATH500,304,4,3,3,0,0,4,3,1651.25
v1anneal_120k,MATH500,308,4,0,0,2,1,2,0,2272.25
v1anneal_120k,MATH500,312,4,4,4,0,0,4,4,829.0
v1anneal_120k,MATH500,316,4,3,3,0,0,4,3,266.25
v1anneal_120k,MATH500,320,4,2,2,3,0,1,1,3688.0
v1anneal_120k,MATH500,324,4,0,0,1,1,3,0,952.25
v1anneal_120k,MATH500,328,4,0,0,1,1,3,0,1354.25
v1anneal_120k,MATH500,332,4,2,2,0,0,4,2,772.75
v1anneal_120k,MATH500,336,4,3,3,1,0,3,3,2165.0
v1anneal_120k,MATH500,340,4,0,0,3,0,1,0,3251.5
v1anneal_120k,MATH500,344,4,4,4,0,0,4,4,1089.25
v1anneal_120k,MATH500,348,4,1,2,0,0,4,2,669.0
v1anneal_120k,MATH500,352,4,0,0,3,2,1,0,3789.25
v1anneal_120k,MATH500,356,4,2,2,1,0,3,2,1737.5
v1anneal_120k,MATH500,360,4,2,2,0,0,4,2,793.0
v1anneal_120k,MATH500,364,4,3,3,0,0,4,3,1890.5
v1anneal_120k,MATH500,368,4,2,2,1,1,3,2,1216.5
v1anneal_120k,MATH500,372,4,0,0,2,1,2,0,2328.25
v1anneal_120k,MATH500,376,4,3,3,0,0,4,3,1280.0
v1anneal_120k,MATH500,380,4,1,1,0,0,4,1,924.0
v1anneal_120k,MATH500,384,4,3,3,0,0,4,3,145.5
v1anneal_120k,MATH500,388,4,0,0,2,2,2,0,2095.25
v1anneal_120k,MATH500,392,4,0,0,2,0,2,0,1968.75
v1anneal_120k,MATH500,396,4,2,2,3,2,1,1,2970.0
v1anneal_120k,MATH500,400,4,1,1,0,0,4,1,291.75
v1anneal_120k,MATH500,404,4,1,1,1,0,3,1,1092.0
v1anneal_120k,MATH500,408,4,0,0,1,0,3,0,2739.0
v1anneal_120k,MATH500,412,4,0,0,2,1,2,0,2175.0
v1anneal_120k,MATH500,416,4,1,1,3,2,1,0,3261.75
v1anneal_120k,MATH500,420,4,1,1,1,0,3,1,1570.25
v1anneal_120k,MATH500,424,4,0,0,1,0,3,0,1016.0
v1anneal_120k,MATH500,428,4,1,1,0,0,4,1,941.25
v1anneal_120k,MATH500,432,4,0,0,3,0,1,0,3128.75
v1anneal_120k,MATH500,436,4,0,0,2,1,2,0,2022.0
v1anneal_120k,MATH500,440,4,4,4,0,0,4,4,1503.0
v1anneal_120k,MATH500,444,4,0,0,1,1,3,0,1485.5
v1anneal_120k,MATH500,448,4,3,3,0,0,4,3,832.0
v1anneal_120k,MATH500,452,4,2,2,1,1,3,2,1369.75
v1anneal_120k,MATH500,456,4,1,1,1,0,3,1,2158.75
v1anneal_120k,MATH500,460,4,0,0,3,0,1,0,2947.25
v1anneal_120k,MATH500,464,4,1,1,1,1,3,1,1156.75
v1anneal_120k,MATH500,468,4,1,1,2,0,2,1,2390.5
v1anneal_120k,MATH500,472,4,2,2,0,0,4,2,247.5
v1anneal_120k,MATH500,476,4,2,2,1,1,3,2,1168.0
v1anneal_120k,MATH500,480,4,2,3,2,1,2,2,2366.0
v1anneal_120k,MATH500,484,4,3,3,0,0,4,3,835.25
v1anneal_120k,MATH500,488,4,3,3,1,1,3,3,1178.5
v1anneal_120k,MATH500,492,4,3,3,0,0,4,3,885.25
v1anneal_120k,MATH500,496,4,2,2,0,0,4,2,1170.75
v2anneal_108k,AIME24,2,16,0,1,12,2,4,0,3120.125
v2anneal_108k,AIME24,6,16,0,0,14,1,2,0,3524.75
v2anneal_108k,AIME24,10,16,0,0,15,1,1,0,3845.3125
v2anneal_108k,AIME24,14,16,0,0,12,0,4,0,3006.4375
v2anneal_108k,AIME24,18,16,10,11,5,1,11,9,3023.3125
v2anneal_108k,AIME24,22,16,0,0,15,1,1,0,3616.3125
v2anneal_108k,AIME24,26,16,0,0,13,0,3,0,3483.5
v2anneal_108k,AIME25,1,16,0,0,14,1,2,0,3485.1875
v2anneal_108k,AIME25,5,16,14,15,2,0,14,14,3320.0
v2anneal_108k,AIME25,9,16,0,0,10,4,6,0,2535.6875
v2anneal_108k,AIME25,13,16,0,1,14,1,2,0,3504.0
v2anneal_108k,AIME25,17,16,0,0,11,2,5,0,2884.5
v2anneal_108k,AIME25,21,16,0,0,10,0,6,0,2827.25
v2anneal_108k,AIME25,25,16,0,0,8,0,8,0,2224.75
v2anneal_108k,AIME25,29,16,0,0,16,2,0,0,4012.0
v2anneal_108k,AMC23,2,16,11,12,0,0,16,12,515.6875
v2anneal_108k,AMC23,6,16,0,0,13,4,3,0,3359.125
v2anneal_108k,AMC23,10,16,3,4,9,2,7,3,2701.875
v2anneal_108k,AMC23,14,16,2,2,8,6,8,2,2562.5
v2anneal_108k,AMC23,18,16,2,2,10,2,6,1,2878.3125
v2anneal_108k,AMC23,22,16,15,15,2,0,14,14,2003.625
v2anneal_108k,AMC23,26,16,13,15,4,0,12,12,3053.125
v2anneal_108k,AMC23,30,16,13,16,3,1,13,13,1668.125
v2anneal_108k,AMC23,34,16,5,7,6,5,10,7,2047.5625
v2anneal_108k,AMC23,38,16,1,3,8,1,8,0,2276.6875
v2anneal_108k,MATH500,1,4,1,1,1,0,3,1,2106.0
v2anneal_108k,MATH500,5,4,3,3,0,0,4,3,1125.5
v2anneal_108k,MATH500,9,4,1,1,1,0,3,1,1299.5
v2anneal_108k,MATH500,13,4,4,4,0,0,4,4,402.5
v2anneal_108k,MATH500,17,4,1,1,2,1,2,1,1986.0
v2anneal_108k,MATH500,21,4,1,2,4,0,0,0,4054.0
v2anneal_108k,MATH500,25,4,0,0,1,0,3,0,3575.25
v2anneal_108k,MATH500,29,4,1,1,0,0,4,1,133.0
v2anneal_108k,MATH500,33,4,4,4,0,0,4,4,2408.25
v2anneal_108k,MATH500,37,4,4,4,0,0,4,4,416.0
v2anneal_108k,MATH500,41,4,0,0,3,1,1,0,3026.0
v2anneal_108k,MATH500,45,4,4,4,0,0,4,4,1415.75
v2anneal_108k,MATH500,49,4,3,3,0,0,4,3,473.25
v2anneal_108k,MATH500,53,4,3,3,0,0,4,3,1102.0
v2anneal_108k,MATH500,57,4,3,3,1,1,3,3,1865.25
v2anneal_108k,MATH500,61,4,2,2,1,0,3,2,1268.25
v2anneal_108k,MATH500,65,4,2,3,2,0,2,2,2626.75
v2anneal_108k,MATH500,69,4,3,3,0,0,4,3,463.0
v2anneal_108k,MATH500,73,4,3,3,0,0,4,3,1083.25
v2anneal_108k,MATH500,77,4,3,4,1,0,3,3,1069.75
v2anneal_108k,MATH500,81,4,2,2,1,0,3,2,1706.0
v2anneal_108k,MATH500,85,4,4,4,0,0,4,4,309.0
v2anneal_108k,MATH500,89,4,1,1,0,0,4,1,963.25
v2anneal_108k,MATH500,93,4,4,4,0,0,4,4,755.75
v2anneal_108k,MATH500,97,4,0,0,3,3,1,0,3053.25
v2anneal_108k,MATH500,101,4,0,0,2,0,2,0,2324.25
v2anneal_108k,MATH500,105,4,2,2,1,1,3,2,1679.5
v2anneal_108k,MATH500,109,4,2,2,2,0,2,1,2814.75
v2anneal_108k,MATH500,113,4,2,3,2,2,2,2,2800.25
v2anneal_108k,MATH500,117,4,3,3,0,0,4,3,675.75
v2anneal_108k,MATH500,121,4,1,2,1,1,3,2,1126.75
v2anneal_108k,MATH500,125,4,3,3,1,1,3,3,1403.5
v2anneal_108k,MATH500,129,4,0,0,4,0,0,0,4028.0
v2anneal_108k,MATH500,133,4,3,3,1,1,3,3,1484.0
v2anneal_108k,MATH500,137,4,2,2,1,0,3,2,3043.75
v2anneal_108k,MATH500,141,4,3,4,1,0,3,3,2414.5
v2anneal_108k,MATH500,145,4,2,2,3,1,1,1,3981.0
v2anneal_108k,MATH500,149,4,2,2,1,1,3,2,2473.75
v2anneal_108k,MATH500,153,4,0,0,2,1,2,0,2031.25
v2anneal_108k,MATH500,157,4,4,4,0,0,4,4,1200.5
v2anneal_108k,MATH500,161,4,3,4,2,2,2,2,2732.75
v2anneal_108k,MATH500,165,4,1,1,0,0,4,1,835.75
v2anneal_108k,MATH500,169,4,2,3,2,1,2,1,2540.25
v2anneal_108k,MATH500,173,4,1,1,2,0,2,1,3137.0
v2anneal_108k,MATH500,177,4,2,2,3,2,1,1,3585.0
v2anneal_108k,MATH500,181,4,2,2,2,1,2,2,2479.5
v2anneal_108k,MATH500,185,4,2,2,1,0,3,2,1023.0
v2anneal_108k,MATH500,189,4,1,1,3,1,1,0,2837.25
v2anneal_108k,MATH500,193,4,3,3,0,0,4,3,1073.75
v2anneal_108k,MATH500,197,4,1,1,0,0,4,1,1080.25
v2anneal_108k,MATH500,201,4,4,4,0,0,4,4,2602.75
v2anneal_108k,MATH500,205,4,4,4,0,0,4,4,1620.5
v2anneal_108k,MATH500,209,4,3,3,1,1,3,3,2429.25
v2anneal_108k,MATH500,213,4,0,1,1,1,3,1,1504.75
v2anneal_108k,MATH500,217,4,0,0,3,1,1,0,3103.0
v2anneal_108k,MATH500,221,4,4,4,0,0,4,4,2699.0
v2anneal_108k,MATH500,225,4,1,1,1,1,3,1,1427.0
v2anneal_108k,MATH500,229,4,4,4,1,1,3,3,1268.5
v2anneal_108k,MATH500,233,4,4,4,0,0,4,4,342.0
v2anneal_108k,MATH500,237,4,4,4,0,0,4,4,2663.5
v2anneal_108k,MATH500,241,4,4,4,0,0,4,4,3131.75
v2anneal_108k,MATH500,245,4,4,4,0,0,4,4,2390.75
v2anneal_108k,MATH500,249,4,4,4,0,0,4,4,2925.25
v2anneal_108k,MATH500,253,4,3,3,1,1,3,3,1662.75
v2anneal_108k,MATH500,257,4,0,0,0,0,4,0,747.25
v2anneal_108k,MATH500,261,4,4,4,1,0,3,3,1905.25
v2anneal_108k,MATH500,265,4,1,3,3,3,1,1,3375.25
v2anneal_108k,MATH500,269,4,3,3,1,1,3,3,1444.0
v2anneal_108k,MATH500,273,4,3,4,1,1,3,3,1732.5
v2anneal_108k,MATH500,277,4,2,2,2,1,2,2,2040.75
v2anneal_108k,MATH500,281,4,3,3,1,0,3,3,1876.5
v2anneal_108k,MATH500,285,4,0,0,3,0,1,0,3107.5
v2anneal_108k,MATH500,289,4,4,4,0,0,4,4,2002.75
v2anneal_108k,MATH500,293,4,4,4,0,0,4,4,2106.5
v2anneal_108k,MATH500,297,4,3,3,0,0,4,3,2193.5
v2anneal_108k,MATH500,301,4,0,0,1,0,3,0,948.25
v2anneal_108k,MATH500,305,4,4,4,0,0,4,4,555.5
v2anneal_108k,MATH500,309,4,2,2,1,0,3,2,1454.75
v2anneal_108k,MATH500,313,4,3,3,0,0,4,3,871.5
v2anneal_108k,MATH500,317,4,0,0,3,0,1,0,3065.75
v2anneal_108k,MATH500,321,4,2,2,1,0,3,2,1576.75
v2anneal_108k,MATH500,325,4,3,3,1,0,3,3,1356.25
v2anneal_108k,MATH500,329,4,4,4,1,1,3,3,1709.25
v2anneal_108k,MATH500,333,4,0,0,2,0,2,0,2242.75
v2anneal_108k,MATH500,337,4,4,4,0,0,4,4,1791.5
v2anneal_108k,MATH500,341,4,2,2,2,0,2,2,2883.0
v2anneal_108k,MATH500,345,4,3,3,1,1,3,3,2104.0
v2anneal_108k,MATH500,349,4,1,1,2,0,2,0,2191.75
v2anneal_108k,MATH500,353,4,3,4,1,0,3,3,1415.5
v2anneal_108k,MATH500,357,4,2,2,0,0,4,2,1494.75
v2anneal_108k,MATH500,361,4,3,3,3,0,1,1,3483.5
v2anneal_108k,MATH500,365,4,0,1,3,0,1,0,3090.75
v2anneal_108k,MATH500,369,4,1,1,1,0,3,1,1099.5
v2anneal_108k,MATH500,373,4,2,2,1,0,3,2,1941.5
v2anneal_108k,MATH500,377,4,4,4,0,0,4,4,1085.0
v2anneal_108k,MATH500,381,4,1,1,1,0,3,1,1229.75
v2anneal_108k,MATH500,385,4,2,2,1,1,3,2,1173.25
v2anneal_108k,MATH500,389,4,2,2,1,1,3,2,1862.5
v2anneal_108k,MATH500,393,4,4,4,0,0,4,4,996.25
v2anneal_108k,MATH500,397,4,3,3,2,1,2,2,2608.5
v2anneal_108k,MATH500,401,4,0,0,3,0,1,0,3882.0
v2anneal_108k,MATH500,405,4,1,4,3,3,1,1,3111.0
v2anneal_108k,MATH500,409,4,3,3,1,0,3,3,2908.75
v2anneal_108k,MATH500,413,4,0,0,2,0,2,0,2364.0
v2anneal_108k,MATH500,417,4,2,2,0,0,4,2,1039.5
v2anneal_108k,MATH500,421,4,1,1,3,1,1,1,3966.25
v2anneal_108k,MATH500,425,4,0,0,4,0,0,0,4003.0
v2anneal_108k,MATH500,429,4,3,3,0,0,4,3,2409.5
v2anneal_108k,MATH500,433,4,1,2,3,1,1,1,3099.0
v2anneal_108k,MATH500,437,4,4,4,0,0,4,4,1101.25
v2anneal_108k,MATH500,441,4,2,3,0,0,4,3,97.25
v2anneal_108k,MATH500,445,4,1,1,2,0,2,1,1943.25
v2anneal_108k,MATH500,449,4,4,4,1,1,3,3,1573.75
v2anneal_108k,MATH500,453,4,2,2,3,3,1,1,3442.5
v2anneal_108k,MATH500,457,4,0,2,4,0,0,0,4071.0
v2anneal_108k,MATH500,461,4,3,3,1,1,3,3,2102.0
v2anneal_108k,MATH500,465,4,4,4,0,0,4,4,1092.0
v2anneal_108k,MATH500,469,4,2,2,2,2,2,2,2833.0
v2anneal_108k,MATH500,473,4,1,1,1,0,3,1,1550.75
v2anneal_108k,MATH500,477,4,3,3,2,0,2,1,2257.5
v2anneal_108k,MATH500,481,4,0,0,1,1,3,0,1506.25
v2anneal_108k,MATH500,485,4,1,2,2,1,2,1,2010.0
v2anneal_108k,MATH500,489,4,3,4,4,0,0,0,4017.0
v2anneal_108k,MATH500,493,4,2,2,2,0,2,2,3049.5
v2anneal_108k,MATH500,497,4,0,0,3,0,1,0,3055.5
v2anneal_108k,AIME24,3,16,13,13,8,1,8,7,3440.5625
v2anneal_108k,AIME24,7,16,0,0,13,1,3,0,3081.5
v2anneal_108k,AIME24,11,16,0,0,14,2,2,0,3472.4375
v2anneal_108k,AIME24,15,16,10,11,2,0,14,9,2504.75
v2anneal_108k,AIME24,19,16,0,1,16,2,0,0,3782.0
v2anneal_108k,AIME24,23,16,0,2,16,0,0,0,3985.0
v2anneal_108k,AIME24,27,16,0,1,16,0,0,0,4004.0
v2anneal_108k,AIME25,2,16,1,9,12,1,4,1,3331.9375
v2anneal_108k,AIME25,6,16,0,0,14,1,2,0,3482.8125
v2anneal_108k,AIME25,10,16,0,0,12,1,4,0,3033.375
v2anneal_108k,AIME25,14,16,0,0,15,2,1,0,3789.875
v2anneal_108k,AIME25,18,16,2,2,14,1,2,0,3460.5
v2anneal_108k,AIME25,22,16,0,0,13,0,3,0,3170.6875
v2anneal_108k,AIME25,26,16,0,0,15,1,1,0,3676.4375
v2anneal_108k,AMC23,3,16,11,13,6,0,10,9,3183.625
v2anneal_108k,AMC23,7,16,0,0,14,2,2,0,3570.3125
v2anneal_108k,AMC23,11,16,0,0,13,0,3,0,3308.5625
v2anneal_108k,AMC23,15,16,3,3,6,3,10,1,1927.3125
v2anneal_108k,AMC23,19,16,11,11,2,2,14,11,1793.9375
v2anneal_108k,AMC23,23,16,8,9,3,1,13,7,1253.4375
v2anneal_108k,AMC23,27,16,0,1,12,1,4,0,3200.625
v2anneal_108k,AMC23,31,16,0,0,10,1,6,0,2619.3125
v2anneal_108k,AMC23,35,16,3,5,6,1,10,3,1635.5625
v2anneal_108k,AMC23,39,16,0,1,6,0,10,1,1663.0625
v2anneal_108k,MATH500,2,4,4,4,0,0,4,4,973.0
v2anneal_108k,MATH500,6,4,4,4,0,0,4,4,2657.75
v2anneal_108k,MATH500,10,4,2,2,3,0,1,1,3574.5
v2anneal_108k,MATH500,14,4,3,3,1,0,3,2,1851.5
v2anneal_108k,MATH500,18,4,1,1,2,0,2,1,2115.25
v2anneal_108k,MATH500,22,4,1,1,0,0,4,1,583.75
v2anneal_108k,MATH500,26,4,0,0,3,1,1,0,3083.75
v2anneal_108k,MATH500,30,4,2,2,0,0,4,2,1353.5
v2anneal_108k,MATH500,34,4,1,1,1,1,3,1,1844.75
v2anneal_108k,MATH500,38,4,1,3,2,2,2,2,2364.25
v2anneal_108k,MATH500,42,4,4,4,0,0,4,4,847.0
v2anneal_108k,MATH500,46,4,1,1,2,0,2,1,2885.5
v2anneal_108k,MATH500,50,4,0,0,3,2,1,0,3019.5
v2anneal_108k,MATH500,54,4,1,3,3,0,1,1,3054.75
v2anneal_108k,MATH500,58,4,1,1,1,0,3,1,1166.75
v2anneal_108k,MATH500,62,4,2,3,2,0,2,2,3389.25
v2anneal_108k,MATH500,66,4,2,2,3,3,1,1,3487.0
v2anneal_108k,MATH500,70,4,4,4,0,0,4,4,975.25
v2anneal_108k,MATH500,74,4,1,1,1,1,3,1,1444.0
v2anneal_108k,MATH500,78,4,4,4,0,0,4,4,2178.25
v2anneal_108k,MATH500,82,4,2,2,3,0,1,1,3083.5
v2anneal_108k,MATH500,86,4,2,3,2,1,2,2,2346.5
v2anneal_108k,MATH500,90,4,3,3,0,0,4,3,337.75
v2anneal_108k,MATH500,94,4,0,0,3,0,1,0,2770.25
v2anneal_108k,MATH500,98,4,0,0,4,1,0,0,4066.0
v2anneal_108k,MATH500,102,4,2,2,1,0,3,2,1101.0
v2anneal_108k,MATH500,106,4,4,4,0,0,4,4,226.25
v2anneal_108k,MATH500,110,4,0,0,4,0,0,0,3970.0
v2anneal_108k,MATH500,114,4,4,4,0,0,4,4,1162.0
v2anneal_108k,MATH500,118,4,0,0,0,0,4,0,367.5
v2anneal_108k,MATH500,122,4,4,4,0,0,4,4,719.0
v2anneal_108k,MATH500,126,4,0,0,3,0,1,0,3301.5
v2anneal_108k,MATH500,130,4,1,1,0,0,4,1,317.0
v2anneal_108k,MATH500,134,4,3,3,0,0,4,3,1638.25
v2anneal_108k,MATH500,138,4,1,1,2,1,2,0,2129.5
v2anneal_108k,MATH500,142,4,1,1,0,0,4,1,176.0
v2anneal_108k,MATH500,146,4,3,3,0,0,4,3,579.75
v2anneal_108k,MATH500,150,4,0,0,2,0,2,0,2230.5
v2anneal_108k,MATH500,154,4,0,0,1,0,3,0,1184.5
v2anneal_108k,MATH500,158,4,0,0,3,2,1,0,3133.25
v2anneal_108k,MATH500,162,4,2,2,0,0,4,2,599.25
v2anneal_108k,MATH500,166,4,0,0,3,0,1,0,2983.75
v2anneal_108k,MATH500,170,4,1,1,4,0,0,0,4039.0
v2anneal_108k,MATH500,174,4,1,1,2,2,2,1,2116.25
v2anneal_108k,MATH500,178,4,4,4,0,0,4,4,91.5
v2anneal_108k,MATH500,182,4,1,3,2,0,2,2,2043.75
v2anneal_108k,MATH500,186,4,3,3,0,0,4,3,574.75
v2anneal_108k,MATH500,190,4,2,2,0,0,4,2,591.5
v2anneal_108k,MATH500,194,4,1,1,2,1,2,1,2334.25
v2anneal_108k,MATH500,198,4,0,0,3,1,1,0,3481.75
v2anneal_108k,MATH500,202,4,1,1,3,2,1,1,3598.5
v2anneal_108k,MATH500,206,4,4,4,0,0,4,4,1580.75
v2anneal_108k,MATH500,210,4,0,0,1,0,3,0,1071.75
v2anneal_108k,MATH500,214,4,2,2,1,0,3,2,2334.25
v2anneal_108k,MATH500,218,4,3,3,0,0,4,3,396.75
v2anneal_108k,MATH500,222,4,1,1,2,0,2,0,2040.75
v2anneal_108k,MATH500,226,4,1,3,3,3,1,1,3621.5
v2anneal_108k,MATH500,230,4,2,2,0,0,4,2,1165.25
v2anneal_108k,MATH500,234,4,4,4,0,0,4,4,2553.0
v2anneal_108k,MATH500,238,4,2,2,0,0,4,2,913.0
v2anneal_108k,MATH500,242,4,0,0,0,0,4,0,370.25
v2anneal_108k,MATH500,246,4,2,2,1,1,3,2,2116.0
v2anneal_108k,MATH500,250,4,4,4,0,0,4,4,945.75
v2anneal_108k,MATH500,254,4,4,4,0,0,4,4,1815.75
v2anneal_108k,MATH500,258,4,4,4,0,0,4,4,609.75
v2anneal_108k,MATH500,262,4,3,4,1,1,3,3,1663.25
v2anneal_108k,MATH500,266,4,2,2,0,0,4,2,163.25
v2anneal_108k,MATH500,270,4,3,3,1,0,3,3,1668.0
v2anneal_108k,MATH500,274,4,0,0,3,0,1,0,3093.0
v2anneal_108k,MATH500,278,4,3,4,1,0,3,3,1135.25
v2anneal_108k,MATH500,282,4,2,2,1,0,3,2,2170.0
v2anneal_108k,MATH500,286,4,0,0,4,2,0,0,4010.0
v2anneal_108k,MATH500,290,4,3,3,1,0,3,2,2237.0
v2anneal_108k,MATH500,294,4,1,1,3,0,1,0,3106.25
v2anneal_108k,MATH500,298,4,4,4,0,0,4,4,2482.25
v2anneal_108k,MATH500,302,4,1,1,2,0,2,0,2063.75
v2anneal_108k,MATH500,306,4,0,0,3,0,1,0,3984.25
v2anneal_108k,MATH500,310,4,4,4,0,0,4,4,1362.0
v2anneal_108k,MATH500,314,4,4,4,0,0,4,4,548.75
v2anneal_108k,MATH500,318,4,1,1,2,2,2,1,2537.25
v2anneal_108k,MATH500,322,4,4,4,0,0,4,4,1045.5
v2anneal_108k,MATH500,326,4,0,0,3,1,1,0,3172.5
v2anneal_108k,MATH500,330,4,2,2,1,1,3,2,1134.0
v2anneal_108k,MATH500,334,4,4,4,0,0,4,4,1398.5
v2anneal_108k,MATH500,338,4,2,2,1,0,3,2,2660.0
v2anneal_108k,MATH500,342,4,4,4,0,0,4,4,555.25
v2anneal_108k,MATH500,346,4,4,4,1,0,3,3,2077.25
v2anneal_108k,MATH500,350,4,3,3,0,0,4,3,269.0
v2anneal_108k,MATH500,354,4,4,4,0,0,4,4,1816.0
v2anneal_108k,MATH500,358,4,0,0,2,2,2,0,2645.25
v2anneal_108k,MATH500,362,4,3,3,1,1,3,3,1356.75
v2anneal_108k,MATH500,366,4,4,4,0,0,4,4,1259.75
v2anneal_108k,MATH500,370,4,4,4,0,0,4,4,687.75
v2anneal_108k,MATH500,374,4,1,2,3,2,1,1,3303.75
v2anneal_108k,MATH500,378,4,1,1,1,0,3,1,1762.75
v2anneal_108k,MATH500,382,4,3,3,0,0,4,3,1760.75
v2anneal_108k,MATH500,386,4,3,3,0,0,4,3,475.0
v2anneal_108k,MATH500,390,4,1,1,0,0,4,1,1018.75
v2anneal_108k,MATH500,394,4,1,1,0,0,4,1,350.75
v2anneal_108k,MATH500,398,4,0,0,0,0,4,0,1090.75
v2anneal_108k,MATH500,402,4,3,3,0,0,4,3,911.25
v2anneal_108k,MATH500,406,4,1,2,3,2,1,1,3218.75
v2anneal_108k,MATH500,410,4,3,3,0,0,4,3,1042.5
v2anneal_108k,MATH500,414,4,2,2,0,0,4,2,575.0
v2anneal_108k,MATH500,418,4,4,4,0,0,4,4,1304.5
v2anneal_108k,MATH500,422,4,0,0,2,1,2,0,2172.25
v2anneal_108k,MATH500,426,4,4,4,0,0,4,4,1217.25
v2anneal_108k,MATH500,430,4,4,4,1,0,3,3,1370.5
v2anneal_108k,MATH500,434,4,4,4,0,0,4,4,2384.5
v2anneal_108k,MATH500,438,4,4,4,0,0,4,4,134.25
v2anneal_108k,MATH500,442,4,4,4,0,0,4,4,735.25
v2anneal_108k,MATH500,446,4,3,3,0,0,4,3,1819.75
v2anneal_108k,MATH500,450,4,2,2,1,0,3,2,2567.75
v2anneal_108k,MATH500,454,4,2,2,1,0,3,2,2623.0
v2anneal_108k,MATH500,458,4,3,3,1,0,3,2,2206.0
v2anneal_108k,MATH500,462,4,3,3,1,1,3,3,1781.0
v2anneal_108k,MATH500,466,4,2,2,1,0,3,1,2251.5
v2anneal_108k,MATH500,470,4,1,1,2,0,2,1,2842.25
v2anneal_108k,MATH500,474,4,4,4,0,0,4,4,1445.75
v2anneal_108k,MATH500,478,4,0,0,1,0,3,0,1494.5
v2anneal_108k,MATH500,482,4,3,3,0,0,4,3,1834.25
v2anneal_108k,MATH500,486,4,2,2,0,0,4,2,95.25
v2anneal_108k,MATH500,490,4,0,0,1,0,3,0,1508.25
v2anneal_108k,MATH500,494,4,0,0,4,0,0,0,4011.0
v2anneal_108k,MATH500,498,4,4,4,1,0,3,3,3163.25
v2anneal_108k,AIME24,0,16,0,0,7,2,9,0,1992.625
v2anneal_108k,AIME24,4,16,0,0,8,1,8,0,2252.8125
v2anneal_108k,AIME24,8,16,0,0,9,3,7,0,2370.3125
v2anneal_108k,AIME24,12,16,0,1,15,7,1,0,3791.4375
v2anneal_108k,AIME24,16,16,3,8,13,0,3,3,3631.5625
v2anneal_108k,AIME24,20,16,0,0,6,2,10,0,1903.8125
v2anneal_108k,AIME24,24,16,0,0,15,6,1,0,3721.75
v2anneal_108k,AIME24,28,16,0,0,15,4,1,0,3716.375
v2anneal_108k,AIME25,3,16,2,6,13,0,3,0,3432.625
v2anneal_108k,AIME25,7,16,4,6,11,1,5,2,3707.5625
v2anneal_108k,AIME25,11,16,0,0,12,4,4,0,3118.5
v2anneal_108k,AIME25,15,16,8,8,4,1,12,7,2626.375
v2anneal_108k,AIME25,19,16,0,0,16,3,0,0,3899.0
v2anneal_108k,AIME25,23,16,0,0,13,3,3,0,3331.9375
v2anneal_108k,AIME25,27,16,0,0,13,1,3,0,3375.75
v2anneal_108k,AMC23,0,16,11,13,3,3,13,12,1587.8125
v2anneal_108k,AMC23,4,16,1,1,8,3,8,1,2156.0
v2anneal_108k,AMC23,8,16,4,8,11,2,5,4,2858.4375
v2anneal_108k,AMC23,12,16,2,3,11,1,5,2,3081.625
v2anneal_108k,AMC23,16,16,11,12,1,0,15,11,1440.3125
v2anneal_108k,AMC23,20,16,0,0,5,0,11,0,1727.5
v2anneal_108k,AMC23,24,16,8,9,7,1,9,7,3140.5625
v2anneal_108k,AMC23,28,16,3,3,8,2,8,3,2313.4375
v2anneal_108k,AMC23,32,16,0,4,11,0,5,0,2843.5
v2anneal_108k,AMC23,36,16,7,8,5,0,11,6,1645.6875
v2anneal_108k,MATH500,3,4,2,3,2,1,2,2,2063.25
v2anneal_108k,MATH500,7,4,2,2,1,0,3,2,2405.25
v2anneal_108k,MATH500,11,4,0,0,3,0,1,0,3196.25
v2anneal_108k,MATH500,15,4,2,2,2,0,2,2,3504.25
v2anneal_108k,MATH500,19,4,4,4,0,0,4,4,2156.0
v2anneal_108k,MATH500,23,4,4,4,0,0,4,4,2090.75
v2anneal_108k,MATH500,27,4,3,3,1,0,3,3,1379.0
v2anneal_108k,MATH500,31,4,0,0,3,1,1,0,3072.25
v2anneal_108k,MATH500,35,4,3,3,1,1,3,3,2184.75
v2anneal_108k,MATH500,39,4,0,0,4,1,0,0,4056.0
v2anneal_108k,MATH500,43,4,0,0,1,0,3,0,1167.0
v2anneal_108k,MATH500,47,4,4,4,0,0,4,4,1247.5
v2anneal_108k,MATH500,51,4,3,3,1,0,3,3,3548.5
v2anneal_108k,MATH500,55,4,4,4,0,0,4,4,2219.25
v2anneal_108k,MATH500,59,4,1,1,0,0,4,1,535.0
v2anneal_108k,MATH500,63,4,2,2,2,1,2,2,3629.25
v2anneal_108k,MATH500,67,4,4,4,0,0,4,4,403.0
v2anneal_108k,MATH500,71,4,0,0,3,0,1,0,3151.0
v2anneal_108k,MATH500,75,4,2,2,0,0,4,2,593.5
v2anneal_108k,MATH500,79,4,2,3,1,0,3,3,2509.5
v2anneal_108k,MATH500,83,4,3,3,1,0,3,2,1649.25
v2anneal_108k,MATH500,87,4,4,4,0,0,4,4,1872.75
v2anneal_108k,MATH500,91,4,2,2,1,1,3,1,1099.0
v2anneal_108k,MATH500,95,4,4,4,0,0,4,4,1291.75
v2anneal_108k,MATH500,99,4,0,0,0,0,4,0,1036.25
v2anneal_108k,MATH500,103,4,0,0,3,0,1,0,3091.0
v2anneal_108k,MATH500,107,4,1,2,3,3,1,1,3340.25
v2anneal_108k,MATH500,111,4,4,4,0,0,4,4,160.75
v2anneal_108k,MATH500,115,4,1,1,1,1,3,1,1669.25
v2anneal_108k,MATH500,119,4,2,2,2,0,2,2,2859.25
v2anneal_108k,MATH500,123,4,0,0,2,0,2,0,2125.0
v2anneal_108k,MATH500,127,4,0,0,0,0,4,0,1487.0
v2anneal_108k,MATH500,131,4,4,4,0,0,4,4,1554.0
v2anneal_108k,MATH500,135,4,4,4,0,0,4,4,1152.25
v2anneal_108k,MATH500,139,4,2,3,2,0,2,2,2195.0
v2anneal_108k,MATH500,143,4,4,4,0,0,4,4,2746.25
v2anneal_108k,MATH500,147,4,1,1,1,1,3,1,1563.0
v2anneal_108k,MATH500,151,4,2,2,1,0,3,1,1985.75
v2anneal_108k,MATH500,155,4,3,3,0,0,4,3,235.0
v2anneal_108k,MATH500,159,4,4,4,0,0,4,4,545.25
v2anneal_108k,MATH500,163,4,3,3,0,0,4,3,1890.5
v2anneal_108k,MATH500,167,4,4,4,0,0,4,4,1547.0
v2anneal_108k,MATH500,171,4,4,4,0,0,4,4,1233.75
v2anneal_108k,MATH500,175,4,4,4,2,0,2,2,3588.25
v2anneal_108k,MATH500,179,4,3,3,1,0,3,3,3226.0
v2anneal_108k,MATH500,183,4,3,3,0,0,4,3,642.5
v2anneal_108k,MATH500,187,4,2,3,1,1,3,3,1208.25
v2anneal_108k,MATH500,191,4,3,3,0,0,4,3,545.75
v2anneal_108k,MATH500,195,4,2,3,3,1,1,1,3426.75
v2anneal_108k,MATH500,199,4,3,3,1,1,3,3,1480.75
v2anneal_108k,MATH500,203,4,4,4,0,0,4,4,1438.0
v2anneal_108k,MATH500,207,4,1,2,2,1,2,1,2422.0
v2anneal_108k,MATH500,211,4,3,3,1,1,3,3,2273.5
v2anneal_108k,MATH500,215,4,4,4,0,0,4,4,811.25
v2anneal_108k,MATH500,219,4,0,0,1,1,3,0,986.75
v2anneal_108k,MATH500,223,4,0,0,2,0,2,0,2226.75
v2anneal_108k,MATH500,227,4,1,1,0,0,4,1,678.5
v2anneal_108k,MATH500,231,4,3,3,1,0,3,3,2539.0
v2anneal_108k,MATH500,235,4,3,3,1,1,3,3,1602.25
v2anneal_108k,MATH500,239,4,0,0,4,0,0,0,3961.0
v2anneal_108k,MATH500,243,4,1,1,3,3,1,1,3202.75
v2anneal_108k,MATH500,247,4,4,4,0,0,4,4,1794.5
v2anneal_108k,MATH500,251,4,3,3,0,0,4,3,1689.0
v2anneal_108k,MATH500,255,4,0,0,1,1,3,0,1853.0
v2anneal_108k,MATH500,259,4,2,2,0,0,4,2,62.5
v2anneal_108k,MATH500,263,4,2,2,2,2,2,2,2580.25
v2anneal_108k,MATH500,267,4,2,2,2,0,2,2,2985.5
v2anneal_108k,MATH500,271,4,4,4,0,0,4,4,1114.5
v2anneal_108k,MATH500,275,4,4,4,0,0,4,4,536.75
v2anneal_108k,MATH500,279,4,4,4,1,0,3,3,2155.25
v2anneal_108k,MATH500,283,4,2,3,2,1,2,2,2344.0
v2anneal_108k,MATH500,287,4,3,3,2,0,2,2,3361.0
v2anneal_108k,MATH500,291,4,0,0,0,0,4,0,294.5
v2anneal_108k,MATH500,295,4,0,0,3,0,1,0,3301.5
v2anneal_108k,MATH500,299,4,1,1,1,0,3,0,1152.75
v2anneal_108k,MATH500,303,4,0,0,4,0,0,0,4016.0
v2anneal_108k,MATH500,307,4,2,2,1,1,3,2,1733.0
v2anneal_108k,MATH500,311,4,4,4,0,0,4,4,959.0
v2anneal_108k,MATH500,315,4,4,4,0,0,4,4,2132.75
v2anneal_108k,MATH500,319,4,4,4,0,0,4,4,739.5
v2anneal_108k,MATH500,323,4,3,3,1,0,3,3,1289.5
v2anneal_108k,MATH500,327,4,1,1,3,0,1,0,3131.25
v2anneal_108k,MATH500,331,4,3,3,0,0,4,3,1899.25
v2anneal_108k,MATH500,335,4,4,4,2,0,2,2,2862.25
v2anneal_108k,MATH500,339,4,4,4,1,0,3,3,2740.25
v2anneal_108k,MATH500,343,4,0,2,2,1,2,1,2386.25
v2anneal_108k,MATH500,347,4,4,4,0,0,4,4,940.0
v2anneal_108k,MATH500,351,4,2,2,3,0,1,1,3778.0
v2anneal_108k,MATH500,355,4,0,0,4,0,0,0,4027.0
v2anneal_108k,MATH500,359,4,4,4,0,0,4,4,2673.5
v2anneal_108k,MATH500,363,4,4,4,0,0,4,4,1216.0
v2anneal_108k,MATH500,367,4,4,4,0,0,4,4,264.0
v2anneal_108k,MATH500,371,4,0,0,2,0,2,0,2293.5
v2anneal_108k,MATH500,375,4,4,4,0,0,4,4,1036.0
v2anneal_108k,MATH500,379,4,0,2,1,1,3,2,1281.0
v2anneal_108k,MATH500,383,4,0,0,0,0,4,0,399.5
v2anneal_108k,MATH500,387,4,3,3,0,0,4,3,1930.0
v2anneal_108k,MATH500,391,4,4,4,2,0,2,2,3351.25
v2anneal_108k,MATH500,395,4,2,2,0,0,4,2,1403.5
v2anneal_108k,MATH500,399,4,1,3,3,0,1,1,3079.25
v2anneal_108k,MATH500,403,4,0,0,1,0,3,0,1192.75
v2anneal_108k,MATH500,407,4,2,2,1,0,3,2,1440.5
v2anneal_108k,MATH500,411,4,2,3,2,2,2,2,2832.5
v2anneal_108k,MATH500,415,4,4,4,0,0,4,4,2559.0
v2anneal_108k,MATH500,419,4,1,1,2,0,2,1,2899.75
v2anneal_108k,MATH500,423,4,2,3,3,0,1,0,3122.5
v2anneal_108k,MATH500,427,4,3,3,1,1,3,3,1619.75
v2anneal_108k,MATH500,431,4,4,4,0,0,4,4,2617.5
v2anneal_108k,MATH500,435,4,4,4,0,0,4,4,821.0
v2anneal_108k,MATH500,439,4,3,3,1,0,3,3,2663.5
v2anneal_108k,MATH500,443,4,4,4,0,0,4,4,1103.75
v2anneal_108k,MATH500,447,4,3,3,0,0,4,3,294.5
v2anneal_108k,MATH500,451,4,3,3,0,0,4,3,1537.5
v2anneal_108k,MATH500,455,4,1,3,1,1,3,2,1062.25
v2anneal_108k,MATH500,459,4,3,3,0,0,4,3,866.25
v2anneal_108k,MATH500,463,4,4,4,0,0,4,4,346.25
v2anneal_108k,MATH500,467,4,0,0,0,0,4,0,905.75
v2anneal_108k,MATH500,471,4,2,2,0,0,4,2,420.25
v2anneal_108k,MATH500,475,4,3,3,3,0,1,1,3821.0
v2anneal_108k,MATH500,479,4,4,4,0,0,4,4,2236.75
v2anneal_108k,MATH500,483,4,4,4,3,0,1,1,3844.0
v2anneal_108k,MATH500,487,4,1,1,1,0,3,1,1469.25
v2anneal_108k,MATH500,491,4,1,1,0,0,4,1,208.75
v2anneal_108k,MATH500,495,4,3,3,1,0,3,2,2520.5
v2anneal_108k,MATH500,499,4,1,1,3,0,1,1,3600.75
v2anneal_108k,AIME24,1,16,0,0,9,4,7,0,2612.75
v2anneal_108k,AIME24,5,16,6,6,10,0,6,6,3681.4375
v2anneal_108k,AIME24,9,16,0,0,16,0,0,0,4020.0
v2anneal_108k,AIME24,13,16,0,0,14,0,2,0,3548.375
v2anneal_108k,AIME24,17,16,0,0,15,0,1,0,3776.0
v2anneal_108k,AIME24,21,16,3,6,14,0,2,1,3783.25
v2anneal_108k,AIME24,25,16,0,0,12,1,4,0,3100.8125
v2anneal_108k,AIME24,29,16,0,0,15,2,1,0,3755.75
v2anneal_108k,AIME25,0,16,12,12,1,0,15,12,2391.1875
v2anneal_108k,AIME25,4,16,0,0,16,1,0,0,4006.0
v2anneal_108k,AIME25,8,16,1,1,15,2,1,1,3782.1875
v2anneal_108k,AIME25,12,16,0,0,9,2,7,0,2405.9375
v2anneal_108k,AIME25,16,16,11,12,2,1,14,11,2656.5625
v2anneal_108k,AIME25,20,16,0,0,15,0,1,0,3636.125
v2anneal_108k,AIME25,24,16,0,0,12,2,4,0,3070.125
v2anneal_108k,AIME25,28,16,0,0,16,0,0,0,3993.0
v2anneal_108k,AMC23,1,16,16,16,0,0,16,16,2364.8125
v2anneal_108k,AMC23,5,16,0,0,8,0,8,0,2301.3125
v2anneal_108k,AMC23,9,16,13,14,2,1,14,13,1519.25
v2anneal_108k,AMC23,13,16,1,3,13,1,3,1,3487.4375
v2anneal_108k,AMC23,17,16,11,12,7,1,9,8,3471.4375
v2anneal_108k,AMC23,21,16,6,6,0,0,16,6,912.625
v2anneal_108k,AMC23,25,16,12,12,0,0,16,12,1815.125
v2anneal_108k,AMC23,29,16,11,11,4,1,12,9,2976.3125
v2anneal_108k,AMC23,33,16,15,15,0,0,16,15,1321.25
v2anneal_108k,AMC23,37,16,0,2,8,1,8,0,2205.25
v2anneal_108k,MATH500,0,4,4,4,0,0,4,4,865.75
v2anneal_108k,MATH500,4,4,0,0,1,0,3,0,1080.25
v2anneal_108k,MATH500,8,4,3,3,0,0,4,3,208.0
v2anneal_108k,MATH500,12,4,4,4,2,1,2,2,3414.25
v2anneal_108k,MATH500,16,4,1,2,0,0,4,2,509.25
v2anneal_108k,MATH500,20,4,3,3,0,0,4,3,955.0
v2anneal_108k,MATH500,24,4,1,1,1,1,3,1,1933.75
v2anneal_108k,MATH500,28,4,4,4,0,0,4,4,822.75
v2anneal_108k,MATH500,32,4,0,0,3,2,1,0,3027.25
v2anneal_108k,MATH500,36,4,2,2,0,0,4,2,1149.0
v2anneal_108k,MATH500,40,4,4,4,0,0,4,4,469.0
v2anneal_108k,MATH500,44,4,4,4,0,0,4,4,1221.0
v2anneal_108k,MATH500,48,4,0,0,3,0,1,0,3099.75
v2anneal_108k,MATH500,52,4,1,2,2,2,2,2,2060.5
v2anneal_108k,MATH500,56,4,2,4,2,2,2,2,2126.5
v2anneal_108k,MATH500,60,4,3,3,3,0,1,1,3966.0
v2anneal_108k,MATH500,64,4,1,1,4,0,0,0,4020.0
v2anneal_108k,MATH500,68,4,2,2,0,0,4,2,1440.0
v2anneal_108k,MATH500,72,4,4,4,0,0,4,4,1149.25
v2anneal_108k,MATH500,76,4,3,4,2,1,2,2,3482.5
v2anneal_108k,MATH500,80,4,0,0,4,0,0,0,4036.0
v2anneal_108k,MATH500,84,4,4,4,0,0,4,4,2207.75
v2anneal_108k,MATH500,88,4,2,2,1,0,3,2,1326.0
v2anneal_108k,MATH500,92,4,1,1,2,0,2,1,2803.25
v2anneal_108k,MATH500,96,4,0,0,1,0,3,0,1559.0
v2anneal_108k,MATH500,100,4,0,0,3,1,1,0,3023.5
v2anneal_108k,MATH500,104,4,0,0,3,0,1,0,3076.0
v2anneal_108k,MATH500,108,4,1,3,4,0,0,0,3998.0
v2anneal_108k,MATH500,112,4,2,2,0,0,4,2,761.25
v2anneal_108k,MATH500,116,4,2,3,2,2,2,2,2459.5
v2anneal_108k,MATH500,120,4,1,1,2,1,2,1,2159.5
v2anneal_108k,MATH500,124,4,4,4,0,0,4,4,1744.25
v2anneal_108k,MATH500,128,4,1,1,2,0,2,1,2732.25
v2anneal_108k,MATH500,132,4,4,4,0,0,4,4,757.75
v2anneal_108k,MATH500,136,4,0,0,4,0,0,0,3981.0
v2anneal_108k,MATH500,140,4,2,2,0,0,4,2,1085.5
v2anneal_108k,MATH500,144,4,4,4,0,0,4,4,392.25
v2anneal_108k,MATH500,148,4,3,3,0,0,4,3,472.75
v2anneal_108k,MATH500,152,4,0,1,4,0,0,0,4000.0
v2anneal_108k,MATH500,156,4,0,0,4,0,0,0,3861.0
v2anneal_108k,MATH500,160,4,2,2,1,1,3,2,2226.25
v2anneal_108k,MATH500,164,4,0,0,4,0,0,0,4061.0
v2anneal_108k,MATH500,168,4,0,0,2,0,2,0,1792.75
v2anneal_108k,MATH500,172,4,0,1,3,0,1,0,3114.5
v2anneal_108k,MATH500,176,4,1,1,2,0,2,0,2197.25
v2anneal_108k,MATH500,180,4,1,1,2,2,2,1,2460.5
v2anneal_108k,MATH500,184,4,0,0,3,1,1,0,3032.75
v2anneal_108k,MATH500,188,4,1,1,3,0,1,0,3057.0
v2anneal_108k,MATH500,192,4,4,4,0,0,4,4,1830.25
v2anneal_108k,MATH500,196,4,0,0,3,1,1,0,3224.75
v2anneal_108k,MATH500,200,4,0,0,3,2,1,0,3113.5
v2anneal_108k,MATH500,204,4,0,1,3,0,1,0,3010.25
v2anneal_108k,MATH500,208,4,1,1,2,2,2,1,2557.25
v2anneal_108k,MATH500,212,4,4,4,0,0,4,4,906.0
v2anneal_108k,MATH500,216,4,3,3,1,1,3,2,1719.25
v2anneal_108k,MATH500,220,4,2,2,1,1,3,2,1960.25
v2anneal_108k,MATH500,224,4,2,2,2,0,2,2,2907.0
v2anneal_108k,MATH500,228,4,1,1,3,1,1,0,3130.25
v2anneal_108k,MATH500,232,4,0,0,4,0,0,0,4014.0
v2anneal_108k,MATH500,236,4,1,1,4,1,0,0,4034.0
v2anneal_108k,MATH500,240,4,0,0,1,0,3,0,1121.0
v2anneal_108k,MATH500,244,4,1,1,2,2,2,1,2228.5
v2anneal_108k,MATH500,248,4,2,2,1,0,3,2,3515.25
v2anneal_108k,MATH500,252,4,2,2,1,1,3,2,1754.25
v2anneal_108k,MATH500,256,4,1,1,1,1,3,1,1536.75
v2anneal_108k,MATH500,260,4,4,4,0,0,4,4,1905.0
v2anneal_108k,MATH500,264,4,0,0,3,0,1,0,2909.25
v2anneal_108k,MATH500,268,4,3,3,0,0,4,3,1071.0
v2anneal_108k,MATH500,272,4,3,3,0,0,4,3,2000.75
v2anneal_108k,MATH500,276,4,3,3,0,0,4,3,274.75
v2anneal_108k,MATH500,280,4,3,3,1,1,3,3,1894.0
v2anneal_108k,MATH500,284,4,0,0,2,0,2,0,2082.0
v2anneal_108k,MATH500,288,4,0,1,0,0,4,1,551.0
v2anneal_108k,MATH500,292,4,2,2,2,0,2,2,3917.0
v2anneal_108k,MATH500,296,4,0,0,4,0,0,0,3944.0
v2anneal_108k,MATH500,300,4,2,2,0,0,4,2,531.75
v2anneal_108k,MATH500,304,4,2,2,0,0,4,2,507.75
v2anneal_108k,MATH500,308,4,0,0,4,0,0,0,4031.0
v2anneal_108k,MATH500,312,4,1,1,2,2,2,1,2274.5
v2anneal_108k,MATH500,316,4,3,3,0,0,4,3,2039.75
v2anneal_108k,MATH500,320,4,0,0,1,0,3,0,1106.5
v2anneal_108k,MATH500,324,4,0,0,3,1,1,0,2839.25
v2anneal_108k,MATH500,328,4,0,0,3,1,1,0,3080.25
v2anneal_108k,MATH500,332,4,0,1,3,1,1,0,3244.5
v2anneal_108k,MATH500,336,4,4,4,0,0,4,4,2218.75
v2anneal_108k,MATH500,340,4,0,0,4,0,0,0,3995.0
v2anneal_108k,MATH500,344,4,4,4,0,0,4,4,1882.0
v2anneal_108k,MATH500,348,4,2,2,1,0,3,2,1814.75
v2anneal_108k,MATH500,352,4,0,0,2,0,2,0,2195.25
v2anneal_108k,MATH500,356,4,1,1,1,0,3,1,1325.25
v2anneal_108k,MATH500,360,4,3,3,0,0,4,3,1154.75
v2anneal_108k,MATH500,364,4,4,4,2,0,2,2,3488.5
v2anneal_108k,MATH500,368,4,1,1,3,2,1,1,3087.5
v2anneal_108k,MATH500,372,4,0,0,2,0,2,0,2043.5
v2anneal_108k,MATH500,376,4,4,4,0,0,4,4,2068.5
v2anneal_108k,MATH500,380,4,2,2,0,0,4,2,997.0
v2anneal_108k,MATH500,384,4,4,4,0,0,4,4,482.0
v2anneal_108k,MATH500,388,4,1,1,0,0,4,1,247.75
v2anneal_108k,MATH500,392,4,0,0,0,0,4,0,538.75
v2anneal_108k,MATH500,396,4,1,1,1,0,3,1,1121.5
v2anneal_108k,MATH500,400,4,1,1,2,0,2,1,2433.25
v2anneal_108k,MATH500,404,4,1,1,1,0,3,1,1044.0
v2anneal_108k,MATH500,408,4,0,0,3,1,1,0,3812.0
v2anneal_108k,MATH500,412,4,0,0,4,0,0,0,4008.0
v2anneal_108k,MATH500,416,4,1,1,3,0,1,1,3716.5
v2anneal_108k,MATH500,420,4,3,3,0,0,4,3,637.0
v2anneal_108k,MATH500,424,4,2,2,0,0,4,2,465.75
v2anneal_108k,MATH500,428,4,1,1,1,0,3,0,1138.25
v2anneal_108k,MATH500,432,4,0,0,4,0,0,0,4002.0
v2anneal_108k,MATH500,436,4,4,4,1,0,3,3,3625.0
v2anneal_108k,MATH500,440,4,1,1,1,0,3,1,1185.0
v2anneal_108k,MATH500,444,4,0,0,3,0,1,0,3057.0
v2anneal_108k,MATH500,448,4,3,3,0,0,4,3,959.25
v2anneal_108k,MATH500,452,4,3,3,1,0,3,3,1979.25
v2anneal_108k,MATH500,456,4,0,0,0,0,4,0,2927.75
v2anneal_108k,MATH500,460,4,0,0,3,0,1,0,3559.0
v2anneal_108k,MATH500,464,4,3,3,1,1,3,3,2728.75
v2anneal_108k,MATH500,468,4,4,4,0,0,4,4,163.5
v2anneal_108k,MATH500,472,4,2,2,1,0,3,2,1572.75
v2anneal_108k,MATH500,476,4,2,2,2,2,2,2,2749.5
v2anneal_108k,MATH500,480,4,4,4,0,0,4,4,1519.5
v2anneal_108k,MATH500,484,4,2,2,2,0,2,2,2306.25
v2anneal_108k,MATH500,488,4,4,4,0,0,4,4,365.75
v2anneal_108k,MATH500,492,4,4,4,0,0,4,4,1014.75
v2anneal_108k,MATH500,496,4,2,2,0,0,4,2,1243.75
v2anneal_120k,AIME24,2,16,1,5,15,2,1,1,3930.8125
v2anneal_120k,AIME24,6,16,0,0,15,2,1,0,3982.25
v2anneal_120k,AIME24,10,16,0,0,16,4,0,0,4003.0
v2anneal_120k,AIME24,14,16,0,0,11,2,5,0,2747.75
v2anneal_120k,AIME24,18,16,12,12,3,0,13,12,2911.875
v2anneal_120k,AIME24,22,16,0,0,16,5,0,0,3849.0
v2anneal_120k,AIME24,26,16,0,0,15,7,1,0,3795.5
v2anneal_120k,AIME25,1,16,0,0,15,2,1,0,3682.0625
v2anneal_120k,AIME25,5,16,13,13,0,0,16,13,2567.9375
v2anneal_120k,AIME25,9,16,0,0,16,11,0,0,3922.0
v2anneal_120k,AIME25,13,16,0,0,16,2,0,0,3943.0
v2anneal_120k,AIME25,17,16,0,0,13,2,3,0,3326.25
v2anneal_120k,AIME25,21,16,0,0,14,3,2,0,3740.375
v2anneal_120k,AIME25,25,16,0,0,16,1,0,0,4028.0
v2anneal_120k,AIME25,29,16,0,0,16,11,0,0,4012.0
v2anneal_120k,AMC23,2,16,12,13,1,1,15,12,731.125
v2anneal_120k,AMC23,6,16,0,0,13,0,3,0,3325.0
v2anneal_120k,AMC23,10,16,4,4,7,0,9,3,2237.125
v2anneal_120k,AMC23,14,16,7,8,5,2,11,6,2743.0625
v2anneal_120k,AMC23,18,16,1,1,13,3,3,1,3551.1875
v2anneal_120k,AMC23,22,16,9,9,2,1,14,9,1601.9375
v2anneal_120k,AMC23,26,16,13,14,2,0,14,13,2878.875
v2anneal_120k,AMC23,30,16,13,15,2,0,14,14,1649.625
v2anneal_120k,AMC23,34,16,7,10,6,5,10,10,1943.0625
v2anneal_120k,AMC23,38,16,3,5,9,4,7,3,2928.4375
v2anneal_120k,MATH500,1,4,0,0,2,2,2,0,2237.75
v2anneal_120k,MATH500,5,4,2,2,2,2,2,2,2173.75
v2anneal_120k,MATH500,9,4,0,0,1,1,3,0,1258.75
v2anneal_120k,MATH500,13,4,4,4,0,0,4,4,332.0
v2anneal_120k,MATH500,17,4,0,0,0,0,4,0,122.0
v2anneal_120k,MATH500,21,4,0,0,4,1,0,0,4054.0
v2anneal_120k,MATH500,25,4,0,0,2,1,2,0,3508.5
v2anneal_120k,MATH500,29,4,0,0,0,0,4,0,127.5
v2anneal_120k,MATH500,33,4,2,2,0,0,4,2,917.0
v2anneal_120k,MATH500,37,4,3,4,1,0,3,3,1370.5
v2anneal_120k,MATH500,41,4,1,1,2,1,2,1,3012.0
v2anneal_120k,MATH500,45,4,4,4,0,0,4,4,1050.25
v2anneal_120k,MATH500,49,4,2,2,1,1,3,2,1110.5
v2anneal_120k,MATH500,53,4,4,4,0,0,4,4,653.5
v2anneal_120k,MATH500,57,4,2,3,1,1,3,3,1103.0
v2anneal_120k,MATH500,61,4,1,1,1,0,3,1,1263.75
v2anneal_120k,MATH500,65,4,3,3,0,0,4,3,441.25
v2anneal_120k,MATH500,69,4,2,2,1,1,3,2,2780.5
v2anneal_120k,MATH500,73,4,3,3,1,0,3,3,1613.25
v2anneal_120k,MATH500,77,4,4,4,0,0,4,4,70.5
v2anneal_120k,MATH500,81,4,3,3,1,0,3,3,1620.5
v2anneal_120k,MATH500,85,4,3,3,0,0,4,3,640.0
v2anneal_120k,MATH500,89,4,3,3,0,0,4,3,2014.25
v2anneal_120k,MATH500,93,4,2,2,2,1,2,2,2143.5
v2anneal_120k,MATH500,97,4,0,0,2,2,2,0,2584.0
v2anneal_120k,MATH500,101,4,1,1,3,0,1,1,3180.5
v2anneal_120k,MATH500,105,4,1,1,0,0,4,1,550.0
v2anneal_120k,MATH500,109,4,3,3,1,0,3,3,2984.0
v2anneal_120k,MATH500,113,4,3,4,1,0,3,3,1400.75
v2anneal_120k,MATH500,117,4,1,2,2,1,2,1,2121.5
v2anneal_120k,MATH500,121,4,1,2,4,1,0,0,4061.0
v2anneal_120k,MATH500,125,4,2,2,1,1,3,2,1732.5
v2anneal_120k,MATH500,129,4,3,3,2,0,2,2,3251.0
v2anneal_120k,MATH500,133,4,2,3,2,1,2,2,2150.0
v2anneal_120k,MATH500,137,4,3,3,0,0,4,3,1316.5
v2anneal_120k,MATH500,141,4,1,3,3,3,1,1,3432.5
v2anneal_120k,MATH500,145,4,1,1,3,0,1,1,4018.0
v2anneal_120k,MATH500,149,4,2,2,1,1,3,2,2520.75
v2anneal_120k,MATH500,153,4,2,2,2,1,2,2,2785.5
v2anneal_120k,MATH500,157,4,4,4,1,0,3,3,1693.75
v2anneal_120k,MATH500,161,4,1,2,3,1,1,1,3446.5
v2anneal_120k,MATH500,165,4,1,1,2,2,2,1,2218.75
v2anneal_120k,MATH500,169,4,2,3,1,1,3,2,1516.75
v2anneal_120k,MATH500,173,4,3,3,1,0,3,3,1937.25
v2anneal_120k,MATH500,177,4,0,0,4,0,0,0,3788.0
v2anneal_120k,MATH500,181,4,2,2,2,2,2,2,2526.75
v2anneal_120k,MATH500,185,4,3,4,2,2,2,2,2262.75
v2anneal_120k,MATH500,189,4,0,0,2,0,2,0,1786.25
v2anneal_120k,MATH500,193,4,3,3,1,0,3,3,1592.75
v2anneal_120k,MATH500,197,4,4,4,0,0,4,4,2526.0
v2anneal_120k,MATH500,201,4,3,3,1,1,3,3,2645.75
v2anneal_120k,MATH500,205,4,2,2,0,0,4,2,525.5
v2anneal_120k,MATH500,209,4,2,2,0,0,4,2,904.5
v2anneal_120k,MATH500,213,4,0,0,3,0,1,0,3168.5
v2anneal_120k,MATH500,217,4,0,0,3,1,1,0,3157.0
v2anneal_120k,MATH500,221,4,2,4,2,1,2,2,3336.5
v2anneal_120k,MATH500,225,4,2,3,1,1,3,3,1727.75
v2anneal_120k,MATH500,229,4,3,4,0,0,4,4,663.75
v2anneal_120k,MATH500,233,4,4,4,0,0,4,4,292.0
v2anneal_120k,MATH500,237,4,3,4,1,0,3,3,2562.25
v2anneal_120k,MATH500,241,4,4,4,0,0,4,4,2589.0
v2anneal_120k,MATH500,245,4,3,3,0,0,4,3,1778.5
v2anneal_120k,MATH500,249,4,1,1,0,0,4,1,1276.0
v2anneal_120k,MATH500,253,4,1,1,3,2,1,1,3116.5
v2anneal_120k,MATH500,257,4,0,0,1,1,3,0,1156.25
v2anneal_120k,MATH500,261,4,3,3,0,0,4,3,128.5
v2anneal_120k,MATH500,265,4,0,4,4,1,0,0,4051.0
v2anneal_120k,MATH500,269,4,1,2,2,2,2,1,2401.0
v2anneal_120k,MATH500,273,4,3,3,1,1,3,3,1424.0
v2anneal_120k,MATH500,277,4,2,2,2,1,2,1,2051.75
v2anneal_120k,MATH500,281,4,3,3,0,0,4,3,768.5
v2anneal_120k,MATH500,285,4,2,2,1,0,3,2,2808.5
v2anneal_120k,MATH500,289,4,3,3,0,0,4,3,1925.5
v2anneal_120k,MATH500,293,4,3,3,0,0,4,3,1134.5
v2anneal_120k,MATH500,297,4,3,3,0,0,4,3,1075.0
v2anneal_120k,MATH500,301,4,1,1,1,0,3,1,972.0
v2anneal_120k,MATH500,305,4,3,3,0,0,4,3,208.0
v2anneal_120k,MATH500,309,4,1,1,3,2,1,1,3908.25
v2anneal_120k,MATH500,313,4,2,2,1,1,3,2,1413.75
v2anneal_120k,MATH500,317,4,1,1,4,1,0,0,3989.0
v2anneal_120k,MATH500,321,4,2,3,0,0,4,3,537.0
v2anneal_120k,MATH500,325,4,3,3,1,1,3,3,1447.25
v2anneal_120k,MATH500,329,4,3,3,1,1,3,3,1086.75
v2anneal_120k,MATH500,333,4,2,2,2,0,2,1,2240.0
v2anneal_120k,MATH500,337,4,4,4,0,0,4,4,2104.0
v2anneal_120k,MATH500,341,4,1,1,3,2,1,1,3549.25
v2anneal_120k,MATH500,345,4,4,4,0,0,4,4,1189.25
v2anneal_120k,MATH500,349,4,0,0,2,1,2,0,2074.75
v2anneal_120k,MATH500,353,4,4,4,0,0,4,4,1325.5
v2anneal_120k,MATH500,357,4,3,3,0,0,4,3,1866.75
v2anneal_120k,MATH500,361,4,2,2,2,0,2,2,2806.0
v2anneal_120k,MATH500,365,4,2,2,1,1,3,2,2820.25
v2anneal_120k,MATH500,369,4,1,1,0,0,4,1,753.75
v2anneal_120k,MATH500,373,4,2,2,2,0,2,1,2906.25
v2anneal_120k,MATH500,377,4,2,2,1,0,3,2,2135.25
v2anneal_120k,MATH500,381,4,1,1,1,0,3,1,1282.75
v2anneal_120k,MATH500,385,4,0,2,3,1,1,0,3004.75
v2anneal_120k,MATH500,389,4,2,2,1,1,3,2,1126.0
v2anneal_120k,MATH500,393,4,3,3,0,0,4,3,682.0
v2anneal_120k,MATH500,397,4,1,1,3,2,1,1,3520.25
v2anneal_120k,MATH500,401,4,0,0,4,1,0,0,4040.0
v2anneal_120k,MATH500,405,4,0,3,3,3,1,0,3083.25
v2anneal_120k,MATH500,409,4,4,4,0,0,4,4,2153.75
v2anneal_120k,MATH500,413,4,1,1,3,1,1,1,3268.75
v2anneal_120k,MATH500,417,4,4,4,0,0,4,4,2220.0
v2anneal_120k,MATH500,421,4,1,1,2,0,2,1,3156.75
v2anneal_120k,MATH500,425,4,0,0,1,0,3,0,3449.5
v2anneal_120k,MATH500,429,4,3,3,0,0,4,3,1569.0
v2anneal_120k,MATH500,433,4,1,1,3,1,1,1,3076.25
v2anneal_120k,MATH500,437,4,3,3,0,0,4,3,944.25
v2anneal_120k,MATH500,441,4,1,2,2,0,2,1,2431.0
v2anneal_120k,MATH500,445,4,0,0,0,0,4,0,472.25
v2anneal_120k,MATH500,449,4,3,4,0,0,4,4,492.5
v2anneal_120k,MATH500,453,4,0,0,2,2,2,0,2143.75
v2anneal_120k,MATH500,457,4,0,3,4,1,0,0,4071.0
v2anneal_120k,MATH500,461,4,3,4,1,1,3,3,1928.0
v2anneal_120k,MATH500,465,4,2,2,1,0,3,2,2487.25
v2anneal_120k,MATH500,469,4,3,3,1,1,3,3,1781.75
v2anneal_120k,MATH500,473,4,4,4,0,0,4,4,939.75
v2anneal_120k,MATH500,477,4,4,4,0,0,4,4,1323.25
v2anneal_120k,MATH500,481,4,0,0,2,1,2,0,2401.0
v2anneal_120k,MATH500,485,4,0,1,1,0,3,0,1392.5
v2anneal_120k,MATH500,489,4,1,2,1,0,3,1,1900.25
v2anneal_120k,MATH500,493,4,3,3,1,1,3,3,1138.5
v2anneal_120k,MATH500,497,4,0,0,3,0,1,0,3054.5
v2anneal_120k,AIME24,3,16,14,14,6,0,10,9,3473.4375
v2anneal_120k,AIME24,7,16,0,0,16,10,0,0,3645.0
v2anneal_120k,AIME24,11,16,2,2,16,0,0,0,3903.0
v2anneal_120k,AIME24,15,16,15,15,2,1,14,14,2911.6875
v2anneal_120k,AIME24,19,16,0,0,13,1,3,0,3157.5625
v2anneal_120k,AIME24,23,16,0,0,16,0,0,0,3985.0
v2anneal_120k,AIME24,27,16,0,0,16,2,0,0,4004.0
v2anneal_120k,AIME25,2,16,9,10,5,4,11,9,3186.125
v2anneal_120k,AIME25,6,16,0,0,16,4,0,0,3942.0
v2anneal_120k,AIME25,10,16,0,0,14,0,2,0,3428.8125
v2anneal_120k,AIME25,14,16,0,0,16,4,0,0,4008.0
v2anneal_120k,AIME25,18,16,6,7,12,0,4,2,3440.3125
v2anneal_120k,AIME25,22,16,0,0,15,3,1,0,3812.625
v2anneal_120k,AIME25,26,16,0,0,16,0,0,0,3878.0
v2anneal_120k,AMC23,3,16,4,4,3,2,13,4,1767.375
v2anneal_120k,AMC23,7,16,0,0,16,0,0,0,3997.0
v2anneal_120k,AMC23,11,16,2,2,10,4,6,2,3544.1875
v2anneal_120k,AMC23,15,16,1,2,9,2,7,1,2556.4375
v2anneal_120k,AMC23,19,16,12,13,2,2,14,13,1898.125
v2anneal_120k,AMC23,23,16,10,12,3,0,13,10,2149.1875
v2anneal_120k,AMC23,27,16,0,2,13,3,3,0,3734.25
v2anneal_120k,AMC23,31,16,0,0,12,4,4,0,3139.75
v2anneal_120k,AMC23,35,16,2,2,12,0,4,1,3013.5625
v2anneal_120k,AMC23,39,16,0,3,9,2,7,1,2347.3125
v2anneal_120k,MATH500,2,4,4,4,0,0,4,4,758.75
v2anneal_120k,MATH500,6,4,4,4,0,0,4,4,2438.25
v2anneal_120k,MATH500,10,4,1,1,3,2,1,1,3448.5
v2anneal_120k,MATH500,14,4,1,1,1,0,3,1,1229.75
v2anneal_120k,MATH500,18,4,1,1,1,1,3,1,1042.75
v2anneal_120k,MATH500,22,4,2,2,2,2,2,2,2501.5
v2anneal_120k,MATH500,26,4,0,0,3,2,1,0,3024.5
v2anneal_120k,MATH500,30,4,2,2,1,1,3,2,1767.0
v2anneal_120k,MATH500,34,4,3,3,1,1,3,3,2613.0
v2anneal_120k,MATH500,38,4,1,4,3,2,1,1,3321.0
v2anneal_120k,MATH500,42,4,4,4,0,0,4,4,1146.5
v2anneal_120k,MATH500,46,4,1,1,3,1,1,1,3803.25
v2anneal_120k,MATH500,50,4,0,0,3,3,1,0,3133.25
v2anneal_120k,MATH500,54,4,1,3,3,1,1,1,3485.5
v2anneal_120k,MATH500,58,4,0,2,2,2,2,1,2162.0
v2anneal_120k,MATH500,62,4,2,2,2,0,2,2,3473.75
v2anneal_120k,MATH500,66,4,1,1,1,1,3,1,1634.75
v2anneal_120k,MATH500,70,4,4,4,0,0,4,4,770.0
v2anneal_120k,MATH500,74,4,3,3,1,1,3,3,2172.25
v2anneal_120k,MATH500,78,4,4,4,0,0,4,4,2279.75
v2anneal_120k,MATH500,82,4,3,3,2,1,2,2,3045.25
v2anneal_120k,MATH500,86,4,2,3,2,2,2,2,2561.75
v2anneal_120k,MATH500,90,4,3,3,0,0,4,3,794.5
v2anneal_120k,MATH500,94,4,0,0,2,1,2,0,1959.0
v2anneal_120k,MATH500,98,4,2,2,2,2,2,2,2457.25
v2anneal_120k,MATH500,102,4,0,0,3,0,1,0,3095.75
v2anneal_120k,MATH500,106,4,3,3,1,1,3,3,1144.75
v2anneal_120k,MATH500,110,4,0,0,4,0,0,0,3970.0
v2anneal_120k,MATH500,114,4,4,4,0,0,4,4,1491.0
v2anneal_120k,MATH500,118,4,0,0,0,0,4,0,237.75
v2anneal_120k,MATH500,122,4,3,3,1,0,3,3,1366.75
v2anneal_120k,MATH500,126,4,0,0,4,1,0,0,4004.0
v2anneal_120k,MATH500,130,4,0,0,0,0,4,0,249.75
v2anneal_120k,MATH500,134,4,3,3,0,0,4,3,1409.0
v2anneal_120k,MATH500,138,4,0,0,3,1,1,0,3035.75
v2anneal_120k,MATH500,142,4,1,2,2,1,2,1,2065.75
v2anneal_120k,MATH500,146,4,2,2,0,0,4,2,840.25
v2anneal_120k,MATH500,150,4,0,0,2,0,2,0,2411.0
v2anneal_120k,MATH500,154,4,0,0,2,0,2,0,2159.0
v2anneal_120k,MATH500,158,4,0,0,2,2,2,0,2211.25
v2anneal_120k,MATH500,162,4,2,2,0,0,4,2,1097.25
v2anneal_120k,MATH500,166,4,0,0,3,2,1,0,2998.5
v2anneal_120k,MATH500,170,4,1,2,3,0,1,1,3862.5
v2anneal_120k,MATH500,174,4,0,0,3,2,1,0,3040.5
v2anneal_120k,MATH500,178,4,2,3,1,1,3,3,1103.75
v2anneal_120k,MATH500,182,4,1,3,3,1,1,1,3038.25
v2anneal_120k,MATH500,186,4,3,3,0,0,4,3,821.25
v2anneal_120k,MATH500,190,4,2,2,0,0,4,2,561.0
v2anneal_120k,MATH500,194,4,1,1,2,0,2,1,3167.5
v2anneal_120k,MATH500,198,4,0,0,2,1,2,0,2380.5
v2anneal_120k,MATH500,202,4,1,1,2,1,2,1,2814.5
v2anneal_120k,MATH500,206,4,4,4,0,0,4,4,1169.75
v2anneal_120k,MATH500,210,4,1,1,0,0,4,1,577.5
v2anneal_120k,MATH500,214,4,0,0,4,2,0,0,3993.0
v2anneal_120k,MATH500,218,4,4,4,0,0,4,4,433.25
v2anneal_120k,MATH500,222,4,0,0,3,2,1,0,2995.25
v2anneal_120k,MATH500,226,4,1,1,2,2,2,1,2588.5
v2anneal_120k,MATH500,230,4,1,1,3,1,1,1,3519.0
v2anneal_120k,MATH500,234,4,4,4,0,0,4,4,2206.5
v2anneal_120k,MATH500,238,4,3,3,0,0,4,3,1525.25
v2anneal_120k,MATH500,242,4,1,1,1,0,3,1,1172.75
v2anneal_120k,MATH500,246,4,2,2,4,4,0,0,4022.0
v2anneal_120k,MATH500,250,4,2,3,2,2,2,2,2484.5
v2anneal_120k,MATH500,254,4,3,3,0,0,4,3,979.0
v2anneal_120k,MATH500,258,4,0,0,4,2,0,0,4011.0
v2anneal_120k,MATH500,262,4,3,4,1,1,3,3,1607.5
v2anneal_120k,MATH500,266,4,1,1,3,3,1,1,3198.5
v2anneal_120k,MATH500,270,4,2,2,2,1,2,2,2133.25
v2anneal_120k,MATH500,274,4,1,1,0,0,4,1,295.0
v2anneal_120k,MATH500,278,4,2,4,2,0,2,2,2092.75
v2anneal_120k,MATH500,282,4,1,1,3,1,1,1,3817.0
v2anneal_120k,MATH500,286,4,0,0,4,2,0,0,4010.0
v2anneal_120k,MATH500,290,4,3,3,0,0,4,3,765.75
v2anneal_120k,MATH500,294,4,3,3,1,1,3,3,3060.5
v2anneal_120k,MATH500,298,4,3,3,0,0,4,3,2310.5
v2anneal_120k,MATH500,302,4,0,0,2,1,2,0,1998.75
v2anneal_120k,MATH500,306,4,0,0,4,0,0,0,4033.0
v2anneal_120k,MATH500,310,4,3,3,2,2,2,2,2054.75
v2anneal_120k,MATH500,314,4,4,4,0,0,4,4,771.0
v2anneal_120k,MATH500,318,4,1,1,1,1,3,1,2169.5
v2anneal_120k,MATH500,322,4,4,4,0,0,4,4,402.0
v2anneal_120k,MATH500,326,4,1,1,0,0,4,1,1039.5
v2anneal_120k,MATH500,330,4,3,4,0,0,4,4,274.75
v2anneal_120k,MATH500,334,4,4,4,0,0,4,4,703.0
v2anneal_120k,MATH500,338,4,0,0,0,0,4,0,279.75
v2anneal_120k,MATH500,342,4,4,4,0,0,4,4,721.25
v2anneal_120k,MATH500,346,4,3,3,1,0,3,3,1861.0
v2anneal_120k,MATH500,350,4,3,3,2,2,2,2,2103.5
v2anneal_120k,MATH500,354,4,4,4,0,0,4,4,1340.5
v2anneal_120k,MATH500,358,4,0,0,2,2,2,0,2104.5
v2anneal_120k,MATH500,362,4,1,1,2,2,2,1,2240.25
v2anneal_120k,MATH500,366,4,2,2,1,0,3,2,1979.25
v2anneal_120k,MATH500,370,4,4,4,0,0,4,4,150.75
v2anneal_120k,MATH500,374,4,2,2,1,1,3,2,1370.75
v2anneal_120k,MATH500,378,4,2,2,2,2,2,2,2423.75
v2anneal_120k,MATH500,382,4,1,1,0,0,4,1,555.0
v2anneal_120k,MATH500,386,4,2,2,2,0,2,2,2581.5
v2anneal_120k,MATH500,390,4,3,3,0,0,4,3,2121.75
v2anneal_120k,MATH500,394,4,1,1,0,0,4,1,272.75
v2anneal_120k,MATH500,398,4,0,0,3,1,1,0,3341.5
v2anneal_120k,MATH500,402,4,2,2,0,0,4,2,923.25
v2anneal_120k,MATH500,406,4,1,3,3,0,1,1,3071.5
v2anneal_120k,MATH500,410,4,3,4,0,0,4,4,1126.5
v2anneal_120k,MATH500,414,4,2,2,0,0,4,2,1148.75
v2anneal_120k,MATH500,418,4,4,4,0,0,4,4,348.0
v2anneal_120k,MATH500,422,4,0,0,1,1,3,0,1396.0
v2anneal_120k,MATH500,426,4,4,4,0,0,4,4,923.5
v2anneal_120k,MATH500,430,4,3,3,1,0,3,2,1331.25
v2anneal_120k,MATH500,434,4,3,3,1,0,3,3,2515.5
v2anneal_120k,MATH500,438,4,3,3,0,0,4,3,498.5
v2anneal_120k,MATH500,442,4,3,3,1,1,3,3,1410.25
v2anneal_120k,MATH500,446,4,4,4,0,0,4,4,1640.0
v2anneal_120k,MATH500,450,4,2,2,2,2,2,2,3274.5
v2anneal_120k,MATH500,454,4,2,2,0,0,4,2,1561.0
v2anneal_120k,MATH500,458,4,1,1,0,0,4,1,439.0
v2anneal_120k,MATH500,462,4,3,3,2,0,2,2,2892.0
v2anneal_120k,MATH500,466,4,2,2,1,0,3,2,3502.0
v2anneal_120k,MATH500,470,4,0,0,2,0,2,0,2328.25
v2anneal_120k,MATH500,474,4,3,4,0,0,4,4,1982.0
v2anneal_120k,MATH500,478,4,0,0,3,0,1,0,3154.25
v2anneal_120k,MATH500,482,4,1,1,0,0,4,1,1532.75
v2anneal_120k,MATH500,486,4,0,0,3,0,1,0,3033.75
v2anneal_120k,MATH500,490,4,0,0,2,1,2,0,2471.75
v2anneal_120k,MATH500,494,4,0,0,4,0,0,0,4011.0
v2anneal_120k,MATH500,498,4,2,2,1,1,3,2,2497.5
v2anneal_120k,AIME24,0,16,1,1,7,2,9,1,1925.0625
v2anneal_120k,AIME24,4,16,0,0,11,4,5,0,2837.8125
v2anneal_120k,AIME24,8,16,0,0,15,7,1,0,3769.9375
v2anneal_120k,AIME24,12,16,4,4,13,5,3,2,3721.75
v2anneal_120k,AIME24,16,16,6,12,11,1,5,5,3497.625
v2anneal_120k,AIME24,20,16,0,1,8,3,8,0,2096.75
v2anneal_120k,AIME24,24,16,0,0,16,10,0,0,3944.0
v2anneal_120k,AIME24,28,16,0,0,16,4,0,0,3911.0
v2anneal_120k,AIME25,3,16,6,7,7,1,9,4,3216.1875
v2anneal_120k,AIME25,7,16,10,10,2,0,14,10,3073.375
v2anneal_120k,AIME25,11,16,0,0,15,3,1,0,3793.75
v2anneal_120k,AIME25,15,16,15,15,2,0,14,13,3207.625
v2anneal_120k,AIME25,19,16,0,0,16,4,0,0,3899.0
v2anneal_120k,AIME25,23,16,0,0,13,1,3,0,3252.6875
v2anneal_120k,AIME25,27,16,0,0,15,2,1,0,3736.6875
v2anneal_120k,AMC23,0,16,6,8,8,7,8,7,2307.8125
v2anneal_120k,AMC23,4,16,1,1,8,3,8,1,2230.125
v2anneal_120k,AMC23,8,16,3,4,15,1,1,0,3826.1875
v2anneal_120k,AMC23,12,16,2,2,12,1,4,1,3309.125
v2anneal_120k,AMC23,16,16,12,14,3,1,13,12,2071.625
v2anneal_120k,AMC23,20,16,0,1,9,3,7,0,2459.75
v2anneal_120k,AMC23,24,16,13,13,3,0,13,13,3261.375
v2anneal_120k,AMC23,28,16,1,2,9,3,7,1,2554.6875
v2anneal_120k,AMC23,32,16,0,2,8,1,8,1,2191.625
v2anneal_120k,AMC23,36,16,4,8,12,3,4,4,3458.5
v2anneal_120k,MATH500,3,4,2,3,1,1,3,3,1377.5
v2anneal_120k,MATH500,7,4,2,2,1,1,3,2,2329.75
v2anneal_120k,MATH500,11,4,0,0,3,0,1,0,3163.75
v2anneal_120k,MATH500,15,4,4,4,1,0,3,3,2972.5
v2anneal_120k,MATH500,19,4,2,3,2,0,2,2,2847.0
v2anneal_120k,MATH500,23,4,2,2,0,0,4,2,839.5
v2anneal_120k,MATH500,27,4,3,3,1,0,3,3,1287.0
v2anneal_120k,MATH500,31,4,2,2,2,2,2,2,2101.75
v2anneal_120k,MATH500,35,4,3,3,0,0,4,3,1078.5
v2anneal_120k,MATH500,39,4,0,0,3,1,1,0,3054.5
v2anneal_120k,MATH500,43,4,0,0,3,2,1,0,3047.25
v2anneal_120k,MATH500,47,4,4,4,0,0,4,4,927.0
v2anneal_120k,MATH500,51,4,1,1,3,3,1,1,3729.0
v2anneal_120k,MATH500,55,4,1,3,2,0,2,2,2419.5
v2anneal_120k,MATH500,59,4,0,0,2,1,2,0,2076.75
v2anneal_120k,MATH500,63,4,3,3,0,0,4,3,1078.0
v2anneal_120k,MATH500,67,4,3,4,1,1,3,3,1546.5
v2anneal_120k,MATH500,71,4,0,0,2,0,2,0,2156.75
v2anneal_120k,MATH500,75,4,2,2,0,0,4,2,538.0
v2anneal_120k,MATH500,79,4,3,4,0,0,4,4,803.75
v2anneal_120k,MATH500,83,4,1,3,3,3,1,1,3103.5
v2anneal_120k,MATH500,87,4,3,3,1,0,3,3,2241.5
v2anneal_120k,MATH500,91,4,2,2,0,0,4,2,128.25
v2anneal_120k,MATH500,95,4,4,4,0,0,4,4,1337.25
v2anneal_120k,MATH500,99,4,0,0,0,0,4,0,956.0
v2anneal_120k,MATH500,103,4,0,0,2,0,2,0,2352.75
v2anneal_120k,MATH500,107,4,1,1,3,3,1,1,3092.5
v2anneal_120k,MATH500,111,4,2,3,2,1,2,2,2344.75
v2anneal_120k,MATH500,115,4,1,1,3,1,1,1,3460.5
v2anneal_120k,MATH500,119,4,0,0,4,1,0,0,3928.0
v2anneal_120k,MATH500,123,4,1,1,2,1,2,1,2545.25
v2anneal_120k,MATH500,127,4,0,0,0,0,4,0,1277.25
v2anneal_120k,MATH500,131,4,3,4,1,1,3,3,1639.0
v2anneal_120k,MATH500,135,4,3,4,0,0,4,4,1422.5
v2anneal_120k,MATH500,139,4,1,2,3,0,1,1,3067.75
v2anneal_120k,MATH500,143,4,3,3,0,0,4,3,1022.75
v2anneal_120k,MATH500,147,4,1,1,1,1,3,1,1267.0
v2anneal_120k,MATH500,151,4,3,3,0,0,4,3,1745.5
v2anneal_120k,MATH500,155,4,4,4,0,0,4,4,224.75
v2anneal_120k,MATH500,159,4,4,4,0,0,4,4,787.25
v2anneal_120k,MATH500,163,4,3,3,0,0,4,3,320.5
v2anneal_120k,MATH500,167,4,3,4,1,0,3,3,1091.75
v2anneal_120k,MATH500,171,4,3,3,1,0,3,3,2056.5
v2anneal_120k,MATH500,175,4,2,2,0,0,4,2,1040.5
v2anneal_120k,MATH500,179,4,2,2,1,1,3,2,2005.5
v2anneal_120k,MATH500,183,4,3,3,0,0,4,3,765.75
v2anneal_120k,MATH500,187,4,0,2,4,2,0,0,4051.0
v2anneal_120k,MATH500,191,4,3,4,1,0,3,3,1676.0
v2anneal_120k,MATH500,195,4,3,3,1,0,3,3,2029.75
v2anneal_120k,MATH500,199,4,3,3,0,0,4,3,670.25
v2anneal_120k,MATH500,203,4,4,4,0,0,4,4,1539.75
v2anneal_120k,MATH500,207,4,2,4,2,1,2,2,2575.5
v2anneal_120k,MATH500,211,4,2,2,2,1,2,2,2871.75
v2anneal_120k,MATH500,215,4,2,2,1,0,3,2,1756.0
v2anneal_120k,MATH500,219,4,2,2,1,1,3,2,1030.5
v2anneal_120k,MATH500,223,4,2,2,1,1,3,2,2031.0
v2anneal_120k,MATH500,227,4,1,1,0,0,4,1,410.75
v2anneal_120k,MATH500,231,4,2,2,1,0,3,2,2178.75
v2anneal_120k,MATH500,235,4,3,3,1,0,3,3,1577.75
v2anneal_120k,MATH500,239,4,0,0,4,1,0,0,3961.0
v2anneal_120k,MATH500,243,4,0,1,4,2,0,0,4045.0
v2anneal_120k,MATH500,247,4,1,1,2,1,2,1,2497.0
v2anneal_120k,MATH500,251,4,1,1,1,1,3,1,1718.0
v2anneal_120k,MATH500,255,4,1,1,0,0,4,1,688.0
v2anneal_120k,MATH500,259,4,3,3,0,0,4,3,112.5
v2anneal_120k,MATH500,263,4,1,1,3,1,1,1,3344.0
v2anneal_120k,MATH500,267,4,1,1,1,0,3,1,1123.75
v2anneal_120k,MATH500,271,4,3,3,0,0,4,3,1116.0
v2anneal_120k,MATH500,275,4,4,4,0,0,4,4,141.75
v2anneal_120k,MATH500,279,4,2,2,0,0,4,2,495.75
v2anneal_120k,MATH500,283,4,2,3,1,1,3,3,1636.5
v2anneal_120k,MATH500,287,4,2,3,2,1,2,2,3144.0
v2anneal_120k,MATH500,291,4,1,1,2,1,2,1,2151.75
v2anneal_120k,MATH500,295,4,0,0,4,1,0,0,3982.0
v2anneal_120k,MATH500,299,4,1,1,1,0,3,1,1093.25
v2anneal_120k,MATH500,303,4,0,1,4,1,0,0,4016.0
v2anneal_120k,MATH500,307,4,4,4,0,0,4,4,768.75
v2anneal_120k,MATH500,311,4,4,4,0,0,4,4,1082.0
v2anneal_120k,MATH500,315,4,3,3,1,1,3,3,2931.5
v2anneal_120k,MATH500,319,4,4,4,0,0,4,4,738.5
v2anneal_120k,MATH500,323,4,2,2,2,1,2,2,2148.0
v2anneal_120k,MATH500,327,4,1,2,3,0,1,0,3130.25
v2anneal_120k,MATH500,331,4,3,3,1,1,3,3,2593.5
v2anneal_120k,MATH500,335,4,3,3,1,0,3,3,2548.75
v2anneal_120k,MATH500,339,4,4,4,0,0,4,4,2379.75
v2anneal_120k,MATH500,343,4,0,0,3,2,1,0,3215.75
v2anneal_120k,MATH500,347,4,4,4,0,0,4,4,641.0
v2anneal_120k,MATH500,351,4,2,2,3,0,1,1,3772.25
v2anneal_120k,MATH500,355,4,0,0,4,0,0,0,4027.0
v2anneal_120k,MATH500,359,4,3,3,1,0,3,3,2971.0
v2anneal_120k,MATH500,363,4,2,2,2,1,2,1,2380.25
v2anneal_120k,MATH500,367,4,4,4,0,0,4,4,437.25
v2anneal_120k,MATH500,371,4,0,0,3,1,1,0,3085.0
v2anneal_120k,MATH500,375,4,1,1,0,0,4,1,552.75
v2anneal_120k,MATH500,379,4,0,1,1,0,3,1,1658.0
v2anneal_120k,MATH500,383,4,0,0,1,0,3,0,1121.75
v2anneal_120k,MATH500,387,4,3,4,1,0,3,3,1756.5
v2anneal_120k,MATH500,391,4,3,3,1,1,3,3,2982.75
v2anneal_120k,MATH500,395,4,4,4,0,0,4,4,1207.25
v2anneal_120k,MATH500,399,4,0,4,4,0,0,0,4062.0
v2anneal_120k,MATH500,403,4,0,0,0,0,4,0,254.75
v2anneal_120k,MATH500,407,4,3,3,0,0,4,3,611.0
v2anneal_120k,MATH500,411,4,1,2,3,3,1,0,3027.25
v2anneal_120k,MATH500,415,4,2,2,1,1,3,2,2276.5
v2anneal_120k,MATH500,419,4,1,1,0,0,4,1,1687.0
v2anneal_120k,MATH500,423,4,3,3,2,0,2,1,2752.0
v2anneal_120k,MATH500,427,4,3,3,1,1,3,3,1608.0
v2anneal_120k,MATH500,431,4,4,4,1,0,3,3,2696.0
v2anneal_120k,MATH500,435,4,2,2,0,0,4,2,798.25
v2anneal_120k,MATH500,439,4,3,3,1,1,3,3,1984.25
v2anneal_120k,MATH500,443,4,1,2,2,2,2,1,2345.5
v2anneal_120k,MATH500,447,4,1,1,2,0,2,1,2082.25
v2anneal_120k,MATH500,451,4,4,4,0,0,4,4,857.75
v2anneal_120k,MATH500,455,4,1,2,2,1,2,1,2374.75
v2anneal_120k,MATH500,459,4,4,4,0,0,4,4,1077.25
v2anneal_120k,MATH500,463,4,4,4,0,0,4,4,283.75
v2anneal_120k,MATH500,467,4,0,0,1,0,3,0,1038.75
v2anneal_120k,MATH500,471,4,2,2,2,1,2,2,2406.0
v2anneal_120k,MATH500,475,4,3,3,3,1,1,1,3806.0
v2anneal_120k,MATH500,479,4,2,3,0,0,4,3,665.75
v2anneal_120k,MATH500,483,4,2,2,1,1,3,2,2600.5
v2anneal_120k,MATH500,487,4,2,2,0,0,4,2,918.25
v2anneal_120k,MATH500,491,4,2,3,1,1,3,2,1921.75
v2anneal_120k,MATH500,495,4,2,2,1,1,3,2,1775.0
v2anneal_120k,MATH500,499,4,0,0,4,0,0,0,4028.0
v2anneal_120k,AIME24,1,16,0,1,13,4,3,0,3325.625
v2anneal_120k,AIME24,5,16,12,13,3,0,13,12,3212.0625
v2anneal_120k,AIME24,9,16,0,0,16,2,0,0,4020.0
v2anneal_120k,AIME24,13,16,0,0,12,3,4,0,3224.4375
v2anneal_120k,AIME24,17,16,3,4,9,1,7,3,2704.0
v2anneal_120k,AIME24,21,16,12,12,5,0,11,10,3359.8125
v2anneal_120k,AIME24,25,16,0,0,15,9,1,0,3858.3125
v2anneal_120k,AIME24,29,16,1,1,15,6,1,1,3903.3125
v2anneal_120k,AIME25,0,16,8,9,3,1,13,7,1764.5
v2anneal_120k,AIME25,4,16,2,3,15,6,1,1,4003.375
v2anneal_120k,AIME25,8,16,0,0,16,1,0,0,3989.0
v2anneal_120k,AIME25,12,16,0,0,14,1,2,0,3507.1875
v2anneal_120k,AIME25,16,16,13,13,0,0,16,13,2372.25
v2anneal_120k,AIME25,20,16,0,0,16,0,0,0,3878.0
v2anneal_120k,AIME25,24,16,1,1,14,7,2,1,3869.375
v2anneal_120k,AIME25,28,16,0,0,16,4,0,0,3993.0
v2anneal_120k,AMC23,1,16,8,8,6,5,10,8,2582.5
v2anneal_120k,AMC23,5,16,1,1,4,0,12,1,1599.0
v2anneal_120k,AMC23,9,16,12,12,1,1,15,12,1482.3125
v2anneal_120k,AMC23,13,16,2,6,11,2,5,3,2922.375
v2anneal_120k,AMC23,17,16,12,12,3,2,13,12,2349.0625
v2anneal_120k,AMC23,21,16,6,7,4,1,12,5,1592.8125
v2anneal_120k,AMC23,25,16,13,13,2,1,14,13,2141.625
v2anneal_120k,AMC23,29,16,11,11,3,2,13,11,2984.875
v2anneal_120k,AMC23,33,16,13,14,0,0,16,14,978.125
v2anneal_120k,AMC23,37,16,3,4,5,1,11,2,2126.8125
v2anneal_120k,MATH500,0,4,4,4,0,0,4,4,709.25
v2anneal_120k,MATH500,4,4,1,1,1,0,3,1,1111.0
v2anneal_120k,MATH500,8,4,3,3,0,0,4,3,171.5
v2anneal_120k,MATH500,12,4,3,3,0,0,4,3,2448.25
v2anneal_120k,MATH500,16,4,2,3,1,1,3,2,1711.25
v2anneal_120k,MATH500,20,4,2,2,2,1,2,1,2071.75
v2anneal_120k,MATH500,24,4,1,2,1,1,3,1,1780.5
v2anneal_120k,MATH500,28,4,4,4,0,0,4,4,450.5
v2anneal_120k,MATH500,32,4,0,1,4,3,0,0,4032.0
v2anneal_120k,MATH500,36,4,1,1,2,1,2,1,2205.25
v2anneal_120k,MATH500,40,4,3,4,0,0,4,4,551.5
v2anneal_120k,MATH500,44,4,4,4,0,0,4,4,552.5
v2anneal_120k,MATH500,48,4,1,1,2,0,2,1,2191.75
v2anneal_120k,MATH500,52,4,0,1,3,2,1,0,3043.75
v2anneal_120k,MATH500,56,4,2,4,2,2,2,2,2119.0
v2anneal_120k,MATH500,60,4,1,1,3,0,1,1,3975.75
v2anneal_120k,MATH500,64,4,1,1,3,1,1,1,4014.0
v2anneal_120k,MATH500,68,4,1,1,1,1,3,1,2094.0
v2anneal_120k,MATH500,72,4,2,4,2,1,2,2,2902.75
v2anneal_120k,MATH500,76,4,2,4,2,0,2,2,3193.25
v2anneal_120k,MATH500,80,4,0,0,4,1,0,0,4036.0
v2anneal_120k,MATH500,84,4,2,2,1,0,3,2,2111.25
v2anneal_120k,MATH500,88,4,1,2,2,1,2,2,2820.0
v2anneal_120k,MATH500,92,4,3,3,0,0,4,3,2249.5
v2anneal_120k,MATH500,96,4,0,0,2,0,2,0,2695.75
v2anneal_120k,MATH500,100,4,0,0,1,1,3,0,1114.25
v2anneal_120k,MATH500,104,4,3,3,3,0,1,0,3040.0
v2anneal_120k,MATH500,108,4,4,4,1,0,3,3,2707.5
v2anneal_120k,MATH500,112,4,1,1,3,3,1,1,3679.75
v2anneal_120k,MATH500,116,4,2,2,1,1,3,2,1090.25
v2anneal_120k,MATH500,120,4,2,2,0,0,4,2,381.75
v2anneal_120k,MATH500,124,4,3,3,1,0,3,3,2145.75
v2anneal_120k,MATH500,128,4,1,1,1,1,3,1,1681.5
v2anneal_120k,MATH500,132,4,3,3,0,0,4,3,131.25
v2anneal_120k,MATH500,136,4,0,1,4,0,0,0,3981.0
v2anneal_120k,MATH500,140,4,3,3,0,0,4,3,221.0
v2anneal_120k,MATH500,144,4,1,1,0,0,4,1,100.5
v2anneal_120k,MATH500,148,4,3,3,0,0,4,3,90.0
v2anneal_120k,MATH500,152,4,2,2,2,0,2,1,2917.25
v2anneal_120k,MATH500,156,4,0,0,4,1,0,0,3861.0
v2anneal_120k,MATH500,160,4,2,2,2,2,2,2,2920.5
v2anneal_120k,MATH500,164,4,0,0,3,1,1,0,3047.25
v2anneal_120k,MATH500,168,4,0,0,2,0,2,0,1800.25
v2anneal_120k,MATH500,172,4,2,4,1,0,3,3,1294.75
v2anneal_120k,MATH500,176,4,1,2,2,0,2,1,3008.75
v2anneal_120k,MATH500,180,4,2,2,1,0,3,2,1177.75
v2anneal_120k,MATH500,184,4,0,0,3,0,1,0,3032.75
v2anneal_120k,MATH500,188,4,3,3,1,0,3,3,3543.25
v2anneal_120k,MATH500,192,4,3,3,0,0,4,3,1731.0
v2anneal_120k,MATH500,196,4,0,0,3,1,1,0,3046.75
v2anneal_120k,MATH500,200,4,0,1,2,1,2,0,2066.5
v2anneal_120k,MATH500,204,4,0,1,4,1,0,0,3996.0
v2anneal_120k,MATH500,208,4,1,2,1,1,3,1,1114.25
v2anneal_120k,MATH500,212,4,2,2,2,0,2,2,2154.75
v2anneal_120k,MATH500,216,4,1,1,2,2,2,1,2134.5
v2anneal_120k,MATH500,220,4,3,3,1,1,3,3,1802.25
v2anneal_120k,MATH500,224,4,2,2,2,0,2,2,3929.5
v2anneal_120k,MATH500,228,4,2,2,1,0,3,2,2662.75
v2anneal_120k,MATH500,232,4,0,0,4,3,0,0,4014.0
v2anneal_120k,MATH500,236,4,1,1,3,0,1,0,3300.5
v2anneal_120k,MATH500,240,4,0,0,1,0,3,0,1065.0
v2anneal_120k,MATH500,244,4,2,2,2,2,2,2,2523.0
v2anneal_120k,MATH500,248,4,4,4,0,0,4,4,2835.25
v2anneal_120k,MATH500,252,4,3,3,1,1,3,3,1755.0
v2anneal_120k,MATH500,256,4,1,1,1,1,3,1,1447.75
v2anneal_120k,MATH500,260,4,3,3,0,0,4,3,1495.75
v2anneal_120k,MATH500,264,4,0,0,1,0,3,0,1035.0
v2anneal_120k,MATH500,268,4,4,4,0,0,4,4,1434.25
v2anneal_120k,MATH500,272,4,3,3,0,0,4,3,2256.0
v2anneal_120k,MATH500,276,4,2,2,0,0,4,2,211.0
v2anneal_120k,MATH500,280,4,0,1,4,3,0,0,4037.0
v2anneal_120k,MATH500,284,4,0,0,2,0,2,0,2955.25
v2anneal_120k,MATH500,288,4,0,0,1,0,3,0,1983.25
v2anneal_120k,MATH500,292,4,2,2,1,0,3,2,2865.0
v2anneal_120k,MATH500,296,4,0,0,2,0,2,0,3705.0
v2anneal_120k,MATH500,300,4,2,4,1,0,3,3,2106.25
v2anneal_120k,MATH500,304,4,4,4,0,0,4,4,2255.0
v2anneal_120k,MATH500,308,4,0,0,4,0,0,0,4031.0
v2anneal_120k,MATH500,312,4,3,3,2,1,2,2,2410.25
v2anneal_120k,MATH500,316,4,4,4,0,0,4,4,1432.5
v2anneal_120k,MATH500,320,4,1,1,0,0,4,1,997.25
v2anneal_120k,MATH500,324,4,0,0,3,1,1,0,2877.0
v2anneal_120k,MATH500,328,4,0,0,1,1,3,0,1235.5
v2anneal_120k,MATH500,332,4,2,2,1,0,3,2,2305.5
v2anneal_120k,MATH500,336,4,2,2,2,2,2,2,2678.0
v2anneal_120k,MATH500,340,4,0,0,4,1,0,0,3995.0
v2anneal_120k,MATH500,344,4,4,4,0,0,4,4,824.0
v2anneal_120k,MATH500,348,4,1,1,0,0,4,1,995.0
v2anneal_120k,MATH500,352,4,0,0,1,0,3,0,1349.25
v2anneal_120k,MATH500,356,4,1,1,2,1,2,1,2739.0
v2anneal_120k,MATH500,360,4,4,4,0,0,4,4,535.5
v2anneal_120k,MATH500,364,4,4,4,0,0,4,4,1935.5
v2anneal_120k,MATH500,368,4,2,2,2,2,2,2,2081.0
v2anneal_120k,MATH500,372,4,1,1,1,0,3,1,1851.0
v2anneal_120k,MATH500,376,4,4,4,0,0,4,4,1589.0
v2anneal_120k,MATH500,380,4,3,3,0,0,4,3,2230.25
v2anneal_120k,MATH500,384,4,3,3,1,1,3,3,1390.25
v2anneal_120k,MATH500,388,4,0,0,0,0,4,0,222.25
v2anneal_120k,MATH500,392,4,0,0,2,1,2,0,2275.75
v2anneal_120k,MATH500,396,4,1,2,1,1,3,2,1295.25
v2anneal_120k,MATH500,400,4,0,0,2,0,2,0,2198.5
v2anneal_120k,MATH500,404,4,0,3,3,0,1,0,3033.0
v2anneal_120k,MATH500,408,4,1,1,1,0,3,1,1985.0
v2anneal_120k,MATH500,412,4,3,3,1,1,3,3,3906.75
v2anneal_120k,MATH500,416,4,2,2,2,0,2,2,3096.25
v2anneal_120k,MATH500,420,4,3,3,0,0,4,3,595.5
v2anneal_120k,MATH500,424,4,1,2,2,1,2,1,2083.25
v2anneal_120k,MATH500,428,4,2,2,1,0,3,2,1712.75
v2anneal_120k,MATH500,432,4,1,1,3,0,1,1,3897.5
v2anneal_120k,MATH500,436,4,1,1,2,1,2,1,2200.0
v2anneal_120k,MATH500,440,4,0,0,3,1,1,0,3101.25
v2anneal_120k,MATH500,444,4,0,0,2,0,2,0,2173.5
v2anneal_120k,MATH500,448,4,3,3,0,0,4,3,1323.25
v2anneal_120k,MATH500,452,4,3,3,1,1,3,3,1182.0
v2anneal_120k,MATH500,456,4,1,1,0,0,4,1,2457.75
v2anneal_120k,MATH500,460,4,1,1,2,0,2,1,2006.0
v2anneal_120k,MATH500,464,4,2,2,1,1,3,2,1887.75
v2anneal_120k,MATH500,468,4,3,3,0,0,4,3,251.75
v2anneal_120k,MATH500,472,4,3,3,1,0,3,3,1704.25
v2anneal_120k,MATH500,476,4,1,3,3,1,1,1,3394.25
v2anneal_120k,MATH500,480,4,3,4,0,0,4,4,1915.75
v2anneal_120k,MATH500,484,4,3,3,1,1,3,3,3137.5
v2anneal_120k,MATH500,488,4,4,4,1,1,3,3,1278.25
v2anneal_120k,MATH500,492,4,4,4,0,0,4,4,1213.5
v2anneal_120k,MATH500,496,4,0,0,2,2,2,0,2445.0
