ck,task,idx,n,c_grader,c_lenient,capped,loop,fin,fin_ok,mean_tokens
v1annealC_108k_cot,AIME24,2,16,0,1,16,1,0,0,3933.0
v1annealC_108k_cot,AIME24,6,16,0,0,16,0,0,0,3990.0
v1annealC_108k_cot,AIME24,10,16,0,0,16,0,0,0,3999.0
v1annealC_108k_cot,AIME24,14,16,0,0,16,1,0,0,3891.0
v1annealC_108k_cot,AIME24,18,16,16,16,0,0,16,16,3155.125
v1annealC_108k_cot,AIME24,22,16,0,0,16,0,0,0,3845.0
v1annealC_108k_cot,AIME24,26,16,0,0,16,0,0,0,3988.0
v1annealC_108k_cot,AIME25,1,16,0,1,16,0,0,0,3923.0
v1annealC_108k_cot,AIME25,5,16,16,16,2,0,14,14,3157.1875
v1annealC_108k_cot,AIME25,9,16,0,0,16,3,0,0,3918.0
v1annealC_108k_cot,AIME25,13,16,0,1,16,0,0,0,3939.0
v1annealC_108k_cot,AIME25,17,16,0,0,16,0,0,0,4005.0
v1annealC_108k_cot,AIME25,21,16,0,0,16,0,0,0,3990.0
v1annealC_108k_cot,AIME25,25,16,0,0,16,0,0,0,4024.0
v1annealC_108k_cot,AIME25,29,16,0,0,16,1,0,0,4008.0
v1annealC_108k_cot,AMC23,2,16,16,16,0,0,16,16,1754.6875
v1annealC_108k_cot,AMC23,6,16,0,0,16,0,0,0,4006.0
v1annealC_108k_cot,AMC23,10,16,5,6,11,0,5,5,3728.625
v1annealC_108k_cot,AMC23,14,16,2,3,15,2,1,0,3872.9375
v1annealC_108k_cot,AMC23,18,16,0,0,16,0,0,0,3999.0
v1annealC_108k_cot,AMC23,22,16,16,16,0,0,16,16,1757.75
v1annealC_108k_cot,AMC23,26,16,16,16,0,0,16,16,2830.5625
v1annealC_108k_cot,AMC23,30,16,16,16,0,0,16,16,1853.6875
v1annealC_108k_cot,AMC23,34,16,16,16,0,0,16,16,1524.3125
v1annealC_108k_cot,AMC23,38,16,7,9,9,0,7,7,3520.125
v1annealC_108k_cot,MATH500,1,4,1,1,4,1,0,0,3973.0
v1annealC_108k_cot,MATH500,5,4,4,4,0,0,4,4,1181.0
v1annealC_108k_cot,MATH500,9,4,0,0,4,0,0,0,3929.0
v1annealC_108k_cot,MATH500,13,4,4,4,0,0,4,4,775.0
v1annealC_108k_cot,MATH500,17,4,0,0,3,0,1,0,3735.5
v1annealC_108k_cot,MATH500,21,4,3,3,3,0,1,1,3936.25
v1annealC_108k_cot,MATH500,25,4,2,2,3,0,1,0,3868.75
v1annealC_108k_cot,MATH500,29,4,4,4,0,0,4,4,1425.5
v1annealC_108k_cot,MATH500,33,4,3,3,1,0,3,3,2729.25
v1annealC_108k_cot,MATH500,37,4,4,4,0,0,4,4,1413.75
v1annealC_108k_cot,MATH500,41,4,0,1,4,0,0,0,4029.0
v1annealC_108k_cot,MATH500,45,4,4,4,0,0,4,4,1238.25
v1annealC_108k_cot,MATH500,49,4,4,4,0,0,4,4,1870.5
v1annealC_108k_cot,MATH500,53,4,4,4,0,0,4,4,1246.75
v1annealC_108k_cot,MATH500,57,4,4,4,0,0,4,4,1670.5
v1annealC_108k_cot,MATH500,61,4,1,1,3,0,1,1,3431.75
v1annealC_108k_cot,MATH500,65,4,4,4,0,0,4,4,1204.5
v1annealC_108k_cot,MATH500,69,4,4,4,0,0,4,4,2486.75
v1annealC_108k_cot,MATH500,73,4,4,4,0,0,4,4,1481.5
v1annealC_108k_cot,MATH500,77,4,4,4,0,0,4,4,1084.75
v1annealC_108k_cot,MATH500,81,4,4,4,0,0,4,4,1498.75
v1annealC_108k_cot,MATH500,85,4,4,4,0,0,4,4,1199.0
v1annealC_108k_cot,MATH500,89,4,3,4,1,1,3,3,2775.25
v1annealC_108k_cot,MATH500,93,4,4,4,0,0,4,4,1871.0
v1annealC_108k_cot,MATH500,97,4,1,1,0,0,4,1,1970.25
v1annealC_108k_cot,MATH500,101,4,0,0,4,0,0,0,3898.0
v1annealC_108k_cot,MATH500,105,4,4,4,0,0,4,4,1377.75
v1annealC_108k_cot,MATH500,109,4,3,3,2,0,2,2,3728.0
v1annealC_108k_cot,MATH500,113,4,4,4,0,0,4,4,1306.5
v1annealC_108k_cot,MATH500,117,4,4,4,0,0,4,4,1077.25
v1annealC_108k_cot,MATH500,121,4,4,4,0,0,4,4,1604.5
v1annealC_108k_cot,MATH500,125,4,4,4,0,0,4,4,2949.25
v1annealC_108k_cot,MATH500,129,4,4,4,4,0,0,0,4024.0
v1annealC_108k_cot,MATH500,133,4,4,4,0,0,4,4,1294.25
v1annealC_108k_cot,MATH500,137,4,4,4,0,0,4,4,2492.25
v1annealC_108k_cot,MATH500,141,4,4,4,0,0,4,4,1361.5
v1annealC_108k_cot,MATH500,145,4,1,2,3,0,1,1,3998.25
v1annealC_108k_cot,MATH500,149,4,4,4,1,0,3,3,3070.5
v1annealC_108k_cot,MATH500,153,4,2,2,3,0,1,1,3610.0
v1annealC_108k_cot,MATH500,157,4,4,4,0,0,4,4,2183.25
v1annealC_108k_cot,MATH500,161,4,4,4,0,0,4,4,1469.75
v1annealC_108k_cot,MATH500,165,4,4,4,0,0,4,4,1612.75
v1annealC_108k_cot,MATH500,169,4,4,4,0,0,4,4,2791.5
v1annealC_108k_cot,MATH500,173,4,3,4,1,0,3,3,3619.75
v1annealC_108k_cot,MATH500,177,4,2,2,3,0,1,1,3720.25
v1annealC_108k_cot,MATH500,181,4,4,4,0,0,4,4,1733.0
v1annealC_108k_cot,MATH500,185,4,4,4,0,0,4,4,1085.25
v1annealC_108k_cot,MATH500,189,4,3,3,4,0,0,0,3563.0
v1annealC_108k_cot,MATH500,193,4,4,4,0,0,4,4,2236.25
v1annealC_108k_cot,MATH500,197,4,3,3,2,0,2,2,3772.0
v1annealC_108k_cot,MATH500,201,4,4,4,0,0,4,4,2582.25
v1annealC_108k_cot,MATH500,205,4,4,4,0,0,4,4,1898.75
v1annealC_108k_cot,MATH500,209,4,4,4,0,0,4,4,1839.5
v1annealC_108k_cot,MATH500,213,4,2,2,3,0,1,1,3958.75
v1annealC_108k_cot,MATH500,217,4,0,0,4,3,0,0,4059.0
v1annealC_108k_cot,MATH500,221,4,3,3,1,0,3,3,3446.25
v1annealC_108k_cot,MATH500,225,4,4,4,0,0,4,4,1953.0
v1annealC_108k_cot,MATH500,229,4,4,4,0,0,4,4,1302.75
v1annealC_108k_cot,MATH500,233,4,4,4,0,0,4,4,1323.75
v1annealC_108k_cot,MATH500,237,4,4,4,0,0,4,4,2035.75
v1annealC_108k_cot,MATH500,241,4,4,4,1,0,3,3,3035.25
v1annealC_108k_cot,MATH500,245,4,4,4,0,0,4,4,2872.25
v1annealC_108k_cot,MATH500,249,4,4,4,1,0,3,3,2702.75
v1annealC_108k_cot,MATH500,253,4,4,4,0,0,4,4,966.5
v1annealC_108k_cot,MATH500,257,4,0,0,0,0,4,0,1534.0
v1annealC_108k_cot,MATH500,261,4,4,4,0,0,4,4,1806.0
v1annealC_108k_cot,MATH500,265,4,4,4,0,0,4,4,1675.25
v1annealC_108k_cot,MATH500,269,4,4,4,0,0,4,4,1171.0
v1annealC_108k_cot,MATH500,273,4,4,4,0,0,4,4,1991.75
v1annealC_108k_cot,MATH500,277,4,4,4,0,0,4,4,1139.25
v1annealC_108k_cot,MATH500,281,4,2,2,2,0,2,2,3202.5
v1annealC_108k_cot,MATH500,285,4,0,0,4,1,0,0,3911.0
v1annealC_108k_cot,MATH500,289,4,3,3,1,0,3,3,3327.75
v1annealC_108k_cot,MATH500,293,4,4,4,0,0,4,4,2427.5
v1annealC_108k_cot,MATH500,297,4,4,4,0,0,4,4,1901.5
v1annealC_108k_cot,MATH500,301,4,4,4,1,0,3,3,2533.75
v1annealC_108k_cot,MATH500,305,4,4,4,0,0,4,4,1716.5
v1annealC_108k_cot,MATH500,309,4,0,0,4,2,0,0,4055.0
v1annealC_108k_cot,MATH500,313,4,4,4,0,0,4,4,1293.25
v1annealC_108k_cot,MATH500,317,4,0,0,4,0,0,0,3985.0
v1annealC_108k_cot,MATH500,321,4,4,4,0,0,4,4,2184.25
v1annealC_108k_cot,MATH500,325,4,4,4,1,0,3,3,2697.5
v1annealC_108k_cot,MATH500,329,4,4,4,0,0,4,4,1300.75
v1annealC_108k_cot,MATH500,333,4,1,1,4,0,0,0,4015.0
v1annealC_108k_cot,MATH500,337,4,4,4,0,0,4,4,1952.75
v1annealC_108k_cot,MATH500,341,4,4,4,0,0,4,4,1526.5
v1annealC_108k_cot,MATH500,345,4,4,4,0,0,4,4,1101.75
v1annealC_108k_cot,MATH500,349,4,0,1,4,2,0,0,4042.0
v1annealC_108k_cot,MATH500,353,4,4,4,0,0,4,4,2367.25
v1annealC_108k_cot,MATH500,357,4,4,4,0,0,4,4,2749.0
v1annealC_108k_cot,MATH500,361,4,4,4,0,0,4,4,2791.0
v1annealC_108k_cot,MATH500,365,4,1,2,4,0,0,0,4017.0
v1annealC_108k_cot,MATH500,369,4,1,1,4,0,0,0,3908.0
v1annealC_108k_cot,MATH500,373,4,4,4,0,0,4,4,1905.5
v1annealC_108k_cot,MATH500,377,4,4,4,2,1,2,2,3806.0
v1annealC_108k_cot,MATH500,381,4,0,0,4,0,0,0,4033.0
v1annealC_108k_cot,MATH500,385,4,3,3,3,1,1,1,3486.25
v1annealC_108k_cot,MATH500,389,4,4,4,0,0,4,4,2286.5
v1annealC_108k_cot,MATH500,393,4,4,4,0,0,4,4,1328.75
v1annealC_108k_cot,MATH500,397,4,3,3,1,1,3,3,2022.5
v1annealC_108k_cot,MATH500,401,4,0,0,4,0,0,0,4036.0
v1annealC_108k_cot,MATH500,405,4,4,4,0,0,4,4,1702.5
v1annealC_108k_cot,MATH500,409,4,4,4,0,0,4,4,3129.5
v1annealC_108k_cot,MATH500,413,4,4,4,0,0,4,4,1201.75
v1annealC_108k_cot,MATH500,417,4,4,4,0,0,4,4,1995.0
v1annealC_108k_cot,MATH500,421,4,0,0,4,0,0,0,3975.0
v1annealC_108k_cot,MATH500,425,4,0,0,4,0,0,0,3999.0
v1annealC_108k_cot,MATH500,429,4,4,4,1,0,3,3,3118.75
v1annealC_108k_cot,MATH500,433,4,2,2,2,1,2,2,3162.25
v1annealC_108k_cot,MATH500,437,4,4,4,0,0,4,4,1464.5
v1annealC_108k_cot,MATH500,441,4,4,4,0,0,4,4,1357.0
v1annealC_108k_cot,MATH500,445,4,0,0,4,0,0,0,3794.0
v1annealC_108k_cot,MATH500,449,4,4,4,0,0,4,4,1826.25
v1annealC_108k_cot,MATH500,453,4,4,4,0,0,4,4,2161.75
v1annealC_108k_cot,MATH500,457,4,4,4,0,0,4,4,903.0
v1annealC_108k_cot,MATH500,461,4,3,3,1,1,3,3,2423.5
v1annealC_108k_cot,MATH500,465,4,3,4,1,0,3,3,2405.0
v1annealC_108k_cot,MATH500,469,4,3,3,1,1,3,3,1918.0
v1annealC_108k_cot,MATH500,473,4,4,4,0,0,4,4,2388.0
v1annealC_108k_cot,MATH500,477,4,3,3,3,2,1,1,3571.5
v1annealC_108k_cot,MATH500,481,4,0,0,4,0,0,0,3976.0
v1annealC_108k_cot,MATH500,485,4,2,2,2,0,2,2,3708.0
v1annealC_108k_cot,MATH500,489,4,4,4,0,0,4,4,3192.5
v1annealC_108k_cot,MATH500,493,4,1,2,4,0,0,0,4011.0
v1annealC_108k_cot,MATH500,497,4,1,1,4,0,0,0,4030.0
v1annealC_108k_cot,AIME24,3,16,14,14,9,0,7,7,3796.6875
v1annealC_108k_cot,AIME24,7,16,0,0,16,0,0,0,3641.0
v1annealC_108k_cot,AIME24,11,16,0,0,16,0,0,0,3899.0
v1annealC_108k_cot,AIME24,15,16,15,15,1,0,15,15,2895.375
v1annealC_108k_cot,AIME24,19,16,0,1,16,0,0,0,3778.0
v1annealC_108k_cot,AIME24,23,16,0,0,16,0,0,0,3981.0
v1annealC_108k_cot,AIME24,27,16,0,0,16,0,0,0,4000.0
v1annealC_108k_cot,AIME25,2,16,5,14,13,1,3,3,3886.5
v1annealC_108k_cot,AIME25,6,16,0,0,16,0,0,0,3938.0
v1annealC_108k_cot,AIME25,10,16,0,0,16,0,0,0,3879.0
v1annealC_108k_cot,AIME25,14,16,0,0,16,1,0,0,4004.0
v1annealC_108k_cot,AIME25,18,16,3,4,15,0,1,1,3880.75
v1annealC_108k_cot,AIME25,22,16,0,0,16,0,0,0,3814.0
v1annealC_108k_cot,AIME25,26,16,0,0,16,0,0,0,3874.0
v1annealC_108k_cot,AMC23,3,16,12,15,6,1,10,10,3477.6875
v1annealC_108k_cot,AMC23,7,16,0,0,16,0,0,0,3993.0
v1annealC_108k_cot,AMC23,11,16,0,1,16,0,0,0,3870.0
v1annealC_108k_cot,AMC23,15,16,4,4,13,0,3,3,3768.4375
v1annealC_108k_cot,AMC23,19,16,16,16,0,0,16,16,2049.125
v1annealC_108k_cot,AMC23,23,16,15,15,7,0,9,9,3677.1875
v1annealC_108k_cot,AMC23,27,16,0,0,16,1,0,0,4043.0
v1annealC_108k_cot,AMC23,31,16,0,0,16,0,0,0,4043.0
v1annealC_108k_cot,AMC23,35,16,1,3,16,1,0,0,3962.0
v1annealC_108k_cot,AMC23,39,16,0,2,16,0,0,0,4041.0
v1annealC_108k_cot,MATH500,2,4,4,4,0,0,4,4,1731.0
v1annealC_108k_cot,MATH500,6,4,4,4,0,0,4,4,2362.75
v1annealC_108k_cot,MATH500,10,4,3,4,3,0,1,1,3962.25
v1annealC_108k_cot,MATH500,14,4,2,2,2,0,2,2,3076.25
v1annealC_108k_cot,MATH500,18,4,0,0,4,0,0,0,3913.0
v1annealC_108k_cot,MATH500,22,4,4,4,0,0,4,4,1920.5
v1annealC_108k_cot,MATH500,26,4,0,1,4,0,0,0,4027.0
v1annealC_108k_cot,MATH500,30,4,4,4,1,0,3,3,3489.75
v1annealC_108k_cot,MATH500,34,4,4,4,0,0,4,4,2341.75
v1annealC_108k_cot,MATH500,38,4,4,4,0,0,4,4,1182.0
v1annealC_108k_cot,MATH500,42,4,4,4,0,0,4,4,1116.75
v1annealC_108k_cot,MATH500,46,4,3,3,1,0,3,3,3080.75
v1annealC_108k_cot,MATH500,50,4,3,3,2,0,2,2,3565.0
v1annealC_108k_cot,MATH500,54,4,4,4,0,0,4,4,1308.5
v1annealC_108k_cot,MATH500,58,4,4,4,0,0,4,4,1329.25
v1annealC_108k_cot,MATH500,62,4,4,4,2,0,2,2,3888.0
v1annealC_108k_cot,MATH500,66,4,4,4,0,0,4,4,1803.25
v1annealC_108k_cot,MATH500,70,4,3,3,0,0,4,3,1722.25
v1annealC_108k_cot,MATH500,74,4,4,4,0,0,4,4,1814.0
v1annealC_108k_cot,MATH500,78,4,4,4,0,0,4,4,2412.0
v1annealC_108k_cot,MATH500,82,4,0,0,4,0,0,0,3994.0
v1annealC_108k_cot,MATH500,86,4,4,4,0,0,4,4,1237.75
v1annealC_108k_cot,MATH500,90,4,4,4,0,0,4,4,1014.0
v1annealC_108k_cot,MATH500,94,4,0,0,4,0,0,0,3688.0
v1annealC_108k_cot,MATH500,98,4,4,4,0,0,4,4,919.5
v1annealC_108k_cot,MATH500,102,4,3,3,1,0,3,3,2030.5
v1annealC_108k_cot,MATH500,106,4,4,4,0,0,4,4,1551.75
v1annealC_108k_cot,MATH500,110,4,0,0,4,0,0,0,3966.0
v1annealC_108k_cot,MATH500,114,4,4,4,0,0,4,4,1573.5
v1annealC_108k_cot,MATH500,118,4,3,3,3,1,1,1,4039.75
v1annealC_108k_cot,MATH500,122,4,4,4,0,0,4,4,1369.75
v1annealC_108k_cot,MATH500,126,4,0,0,4,0,0,0,4000.0
v1annealC_108k_cot,MATH500,130,4,1,1,4,0,0,0,4040.0
v1annealC_108k_cot,MATH500,134,4,4,4,0,0,4,4,1983.25
v1annealC_108k_cot,MATH500,138,4,4,4,0,0,4,4,3105.25
v1annealC_108k_cot,MATH500,142,4,4,4,0,0,4,4,2148.0
v1annealC_108k_cot,MATH500,146,4,4,4,0,0,4,4,1350.75
v1annealC_108k_cot,MATH500,150,4,1,2,4,0,0,0,3851.0
v1annealC_108k_cot,MATH500,154,4,0,0,4,0,0,0,3939.0
v1annealC_108k_cot,MATH500,158,4,4,4,0,0,4,4,2311.25
v1annealC_108k_cot,MATH500,162,4,4,4,0,0,4,4,1884.25
v1annealC_108k_cot,MATH500,166,4,0,0,4,0,0,0,3845.0
v1annealC_108k_cot,MATH500,170,4,1,1,4,1,0,0,4035.0
v1annealC_108k_cot,MATH500,174,4,4,4,0,0,4,4,2149.0
v1annealC_108k_cot,MATH500,178,4,4,4,0,0,4,4,1492.25
v1annealC_108k_cot,MATH500,182,4,4,4,0,0,4,4,1251.75
v1annealC_108k_cot,MATH500,186,4,4,4,0,0,4,4,1906.25
v1annealC_108k_cot,MATH500,190,4,4,4,0,0,4,4,2011.75
v1annealC_108k_cot,MATH500,194,4,0,0,4,0,0,0,4042.0
v1annealC_108k_cot,MATH500,198,4,0,0,0,0,4,0,2668.0
v1annealC_108k_cot,MATH500,202,4,4,4,0,0,4,4,2525.0
v1annealC_108k_cot,MATH500,206,4,4,4,0,0,4,4,1724.0
v1annealC_108k_cot,MATH500,210,4,1,1,4,2,0,0,3866.0
v1annealC_108k_cot,MATH500,214,4,3,3,0,0,4,3,2722.0
v1annealC_108k_cot,MATH500,218,4,4,4,0,0,4,4,1659.5
v1annealC_108k_cot,MATH500,222,4,0,0,4,0,0,0,3935.0
v1annealC_108k_cot,MATH500,226,4,4,4,0,0,4,4,2806.25
v1annealC_108k_cot,MATH500,230,4,4,4,0,0,4,4,3579.5
v1annealC_108k_cot,MATH500,234,4,4,4,0,0,4,4,2581.0
v1annealC_108k_cot,MATH500,238,4,4,4,0,0,4,4,2440.75
v1annealC_108k_cot,MATH500,242,4,0,0,4,0,0,0,4004.0
v1annealC_108k_cot,MATH500,246,4,4,4,0,0,4,4,1997.0
v1annealC_108k_cot,MATH500,250,4,4,4,0,0,4,4,1723.5
v1annealC_108k_cot,MATH500,254,4,4,4,0,0,4,4,2073.25
v1annealC_108k_cot,MATH500,258,4,4,4,0,0,4,4,1979.0
v1annealC_108k_cot,MATH500,262,4,4,4,0,0,4,4,1100.0
v1annealC_108k_cot,MATH500,266,4,4,4,0,0,4,4,2294.75
v1annealC_108k_cot,MATH500,270,4,4,4,0,0,4,4,1420.75
v1annealC_108k_cot,MATH500,274,4,2,2,4,0,0,0,4016.0
v1annealC_108k_cot,MATH500,278,4,4,4,0,0,4,4,1621.75
v1annealC_108k_cot,MATH500,282,4,3,3,2,0,2,2,3181.5
v1annealC_108k_cot,MATH500,286,4,0,0,4,4,0,0,4006.0
v1annealC_108k_cot,MATH500,290,4,4,4,0,0,4,4,2359.0
v1annealC_108k_cot,MATH500,294,4,2,2,2,1,2,2,3629.5
v1annealC_108k_cot,MATH500,298,4,4,4,0,0,4,4,1994.25
v1annealC_108k_cot,MATH500,302,4,1,1,4,0,0,0,3990.0
v1annealC_108k_cot,MATH500,306,4,0,0,3,0,1,0,3985.75
v1annealC_108k_cot,MATH500,310,4,3,4,1,0,3,3,2749.75
v1annealC_108k_cot,MATH500,314,4,4,4,0,0,4,4,1738.25
v1annealC_108k_cot,MATH500,318,4,3,3,0,0,4,3,1448.25
v1annealC_108k_cot,MATH500,322,4,4,4,0,0,4,4,1260.75
v1annealC_108k_cot,MATH500,326,4,1,1,3,0,1,1,3946.0
v1annealC_108k_cot,MATH500,330,4,4,4,0,0,4,4,2701.0
v1annealC_108k_cot,MATH500,334,4,3,3,1,0,3,3,2490.5
v1annealC_108k_cot,MATH500,338,4,2,2,0,0,4,2,2392.5
v1annealC_108k_cot,MATH500,342,4,4,4,0,0,4,4,1800.25
v1annealC_108k_cot,MATH500,346,4,4,4,0,0,4,4,1549.0
v1annealC_108k_cot,MATH500,350,4,4,4,0,0,4,4,1492.25
v1annealC_108k_cot,MATH500,354,4,4,4,0,0,4,4,1620.0
v1annealC_108k_cot,MATH500,358,4,1,1,0,0,4,1,2250.25
v1annealC_108k_cot,MATH500,362,4,4,4,0,0,4,4,1297.5
v1annealC_108k_cot,MATH500,366,4,4,4,0,0,4,4,2175.5
v1annealC_108k_cot,MATH500,370,4,4,4,0,0,4,4,1086.5
v1annealC_108k_cot,MATH500,374,4,4,4,0,0,4,4,896.25
v1annealC_108k_cot,MATH500,378,4,3,3,1,1,3,3,2312.75
v1annealC_108k_cot,MATH500,382,4,4,4,0,0,4,4,3090.0
v1annealC_108k_cot,MATH500,386,4,4,4,0,0,4,4,1409.25
v1annealC_108k_cot,MATH500,390,4,4,4,0,0,4,4,2858.25
v1annealC_108k_cot,MATH500,394,4,4,4,1,0,3,3,3848.75
v1annealC_108k_cot,MATH500,398,4,2,2,1,0,3,2,1701.0
v1annealC_108k_cot,MATH500,402,4,4,4,0,0,4,4,2318.25
v1annealC_108k_cot,MATH500,406,4,3,3,1,0,3,3,2163.25
v1annealC_108k_cot,MATH500,410,4,4,4,0,0,4,4,1325.0
v1annealC_108k_cot,MATH500,414,4,4,4,0,0,4,4,1997.75
v1annealC_108k_cot,MATH500,418,4,4,4,0,0,4,4,2217.25
v1annealC_108k_cot,MATH500,422,4,0,0,4,0,0,0,3968.0
v1annealC_108k_cot,MATH500,426,4,4,4,0,0,4,4,1376.25
v1annealC_108k_cot,MATH500,430,4,4,4,0,0,4,4,458.25
v1annealC_108k_cot,MATH500,434,4,4,4,1,0,3,3,2628.0
v1annealC_108k_cot,MATH500,438,4,4,4,0,0,4,4,1788.0
v1annealC_108k_cot,MATH500,442,4,4,4,0,0,4,4,1412.0
v1annealC_108k_cot,MATH500,446,4,4,4,0,0,4,4,2171.75
v1annealC_108k_cot,MATH500,450,4,3,4,1,0,3,3,2643.0
v1annealC_108k_cot,MATH500,454,4,4,4,0,0,4,4,2835.0
v1annealC_108k_cot,MATH500,458,4,4,4,0,0,4,4,2324.5
v1annealC_108k_cot,MATH500,462,4,3,4,1,0,3,3,2839.0
v1annealC_108k_cot,MATH500,466,4,0,0,4,0,0,0,3996.0
v1annealC_108k_cot,MATH500,470,4,3,3,2,0,2,2,3748.75
v1annealC_108k_cot,MATH500,474,4,4,4,0,0,4,4,2443.0
v1annealC_108k_cot,MATH500,478,4,0,0,4,0,0,0,4004.0
v1annealC_108k_cot,MATH500,482,4,4,4,0,0,4,4,2264.25
v1annealC_108k_cot,MATH500,486,4,3,3,1,0,3,3,2952.75
v1annealC_108k_cot,MATH500,490,4,0,0,4,1,0,0,3982.0
v1annealC_108k_cot,MATH500,494,4,0,0,4,0,0,0,4007.0
v1annealC_108k_cot,MATH500,498,4,3,3,1,0,3,3,3389.5
v1annealC_108k_cot,AIME24,0,16,1,1,15,1,1,1,3879.25
v1annealC_108k_cot,AIME24,4,16,0,0,16,0,0,0,4017.0
v1annealC_108k_cot,AIME24,8,16,0,0,16,1,0,0,3971.0
v1annealC_108k_cot,AIME24,12,16,1,2,16,0,0,0,4018.0
v1annealC_108k_cot,AIME24,16,16,4,7,14,0,2,2,3972.4375
v1annealC_108k_cot,AIME24,20,16,1,5,16,1,0,0,3861.0
v1annealC_108k_cot,AIME24,24,16,0,0,16,0,0,0,3940.0
v1annealC_108k_cot,AIME24,28,16,0,0,16,0,0,0,3907.0
v1annealC_108k_cot,AIME25,3,16,8,9,9,0,7,7,3607.875
v1annealC_108k_cot,AIME25,7,16,3,5,15,0,1,1,3945.5625
v1annealC_108k_cot,AIME25,11,16,0,0,16,0,0,0,3964.0
v1annealC_108k_cot,AIME25,15,16,15,15,3,0,13,13,3326.3125
v1annealC_108k_cot,AIME25,19,16,0,0,16,0,0,0,3895.0
v1annealC_108k_cot,AIME25,23,16,0,0,16,0,0,0,3995.0
v1annealC_108k_cot,AIME25,27,16,0,0,16,0,0,0,3962.0
v1annealC_108k_cot,AMC23,0,16,16,16,0,0,16,16,1554.0
v1annealC_108k_cot,AMC23,4,16,1,2,16,0,0,0,3998.0
v1annealC_108k_cot,AMC23,8,16,0,3,16,0,0,0,4029.0
v1annealC_108k_cot,AMC23,12,16,2,3,15,0,1,1,4011.75
v1annealC_108k_cot,AMC23,16,16,16,16,1,0,15,15,2603.8125
v1annealC_108k_cot,AMC23,20,16,0,1,16,0,0,0,3984.0
v1annealC_108k_cot,AMC23,24,16,10,12,10,0,6,6,3806.9375
v1annealC_108k_cot,AMC23,28,16,3,3,15,0,1,1,3982.125
v1annealC_108k_cot,AMC23,32,16,0,4,16,0,0,0,3847.0
v1annealC_108k_cot,AMC23,36,16,0,3,16,1,0,0,3992.0
v1annealC_108k_cot,MATH500,3,4,4,4,0,0,4,4,1573.5
v1annealC_108k_cot,MATH500,7,4,4,4,0,0,4,4,2855.25
v1annealC_108k_cot,MATH500,11,4,0,0,4,0,0,0,4017.0
v1annealC_108k_cot,MATH500,15,4,4,4,3,0,1,1,3733.5
v1annealC_108k_cot,MATH500,19,4,0,1,4,0,0,0,4033.0
v1annealC_108k_cot,MATH500,23,4,4,4,0,0,4,4,2180.75
v1annealC_108k_cot,MATH500,27,4,4,4,0,0,4,4,870.5
v1annealC_108k_cot,MATH500,31,4,4,4,0,0,4,4,1143.75
v1annealC_108k_cot,MATH500,35,4,4,4,0,0,4,4,1914.5
v1annealC_108k_cot,MATH500,39,4,4,4,0,0,4,4,1547.5
v1annealC_108k_cot,MATH500,43,4,0,0,4,0,0,0,3992.0
v1annealC_108k_cot,MATH500,47,4,4,4,0,0,4,4,1019.25
v1annealC_108k_cot,MATH500,51,4,1,1,3,0,1,1,3900.75
v1annealC_108k_cot,MATH500,55,4,4,4,0,0,4,4,1651.5
v1annealC_108k_cot,MATH500,59,4,4,4,0,0,4,4,1330.5
v1annealC_108k_cot,MATH500,63,4,4,4,1,0,3,3,3676.25
v1annealC_108k_cot,MATH500,67,4,4,4,0,0,4,4,1515.75
v1annealC_108k_cot,MATH500,71,4,0,0,4,0,0,0,4052.0
v1annealC_108k_cot,MATH500,75,4,4,4,1,0,3,3,3429.75
v1annealC_108k_cot,MATH500,79,4,4,4,0,0,4,4,1417.25
v1annealC_108k_cot,MATH500,83,4,3,3,1,0,3,3,2539.25
v1annealC_108k_cot,MATH500,87,4,4,4,0,0,4,4,2489.0
v1annealC_108k_cot,MATH500,91,4,4,4,0,0,4,4,1632.0
v1annealC_108k_cot,MATH500,95,4,4,4,0,0,4,4,1426.5
v1annealC_108k_cot,MATH500,99,4,0,0,0,0,4,0,2613.75
v1annealC_108k_cot,MATH500,103,4,0,0,4,0,0,0,3970.0
v1annealC_108k_cot,MATH500,107,4,4,4,0,0,4,4,1533.25
v1annealC_108k_cot,MATH500,111,4,4,4,0,0,4,4,1429.75
v1annealC_108k_cot,MATH500,115,4,4,4,0,0,4,4,1524.75
v1annealC_108k_cot,MATH500,119,4,0,0,4,1,0,0,3924.0
v1annealC_108k_cot,MATH500,123,4,3,3,2,0,2,2,3521.75
v1annealC_108k_cot,MATH500,127,4,0,0,0,0,4,0,2224.0
v1annealC_108k_cot,MATH500,131,4,4,4,0,0,4,4,2304.25
v1annealC_108k_cot,MATH500,135,4,4,4,0,0,4,4,1509.0
v1annealC_108k_cot,MATH500,139,4,0,4,4,0,0,0,4029.0
v1annealC_108k_cot,MATH500,143,4,4,4,0,0,4,4,2667.0
v1annealC_108k_cot,MATH500,147,4,0,0,4,0,0,0,4031.0
v1annealC_108k_cot,MATH500,151,4,4,4,2,0,2,2,3150.5
v1annealC_108k_cot,MATH500,155,4,3,3,1,0,3,3,2763.5
v1annealC_108k_cot,MATH500,159,4,4,4,0,0,4,4,1828.5
v1annealC_108k_cot,MATH500,163,4,1,1,3,0,1,1,3858.25
v1annealC_108k_cot,MATH500,167,4,4,4,0,0,4,4,1126.75
v1annealC_108k_cot,MATH500,171,4,4,4,0,0,4,4,827.0
v1annealC_108k_cot,MATH500,175,4,4,4,0,0,4,4,3079.0
v1annealC_108k_cot,MATH500,179,4,4,4,0,0,4,4,2460.5
v1annealC_108k_cot,MATH500,183,4,4,4,0,0,4,4,1990.75
v1annealC_108k_cot,MATH500,187,4,4,4,0,0,4,4,1434.5
v1annealC_108k_cot,MATH500,191,4,4,4,0,0,4,4,670.75
v1annealC_108k_cot,MATH500,195,4,4,4,0,0,4,4,3030.25
v1annealC_108k_cot,MATH500,199,4,4,4,0,0,4,4,873.75
v1annealC_108k_cot,MATH500,203,4,4,4,0,0,4,4,2134.0
v1annealC_108k_cot,MATH500,207,4,4,4,0,0,4,4,1353.5
v1annealC_108k_cot,MATH500,211,4,4,4,0,0,4,4,1653.5
v1annealC_108k_cot,MATH500,215,4,4,4,0,0,4,4,2065.25
v1annealC_108k_cot,MATH500,219,4,0,0,4,0,0,0,3324.0
v1annealC_108k_cot,MATH500,223,4,4,4,0,0,4,4,2587.0
v1annealC_108k_cot,MATH500,227,4,0,0,0,0,4,0,1009.0
v1annealC_108k_cot,MATH500,231,4,4,4,0,0,4,4,1894.0
v1annealC_108k_cot,MATH500,235,4,4,4,0,0,4,4,2367.5
v1annealC_108k_cot,MATH500,239,4,0,0,4,0,0,0,3957.0
v1annealC_108k_cot,MATH500,243,4,4,4,0,0,4,4,1255.5
v1annealC_108k_cot,MATH500,247,4,4,4,0,0,4,4,2666.25
v1annealC_108k_cot,MATH500,251,4,3,4,2,1,2,2,3443.25
v1annealC_108k_cot,MATH500,255,4,0,0,0,0,4,0,1768.5
v1annealC_108k_cot,MATH500,259,4,4,4,0,0,4,4,1342.75
v1annealC_108k_cot,MATH500,263,4,4,4,0,0,4,4,1361.75
v1annealC_108k_cot,MATH500,267,4,2,2,3,0,1,1,3649.5
v1annealC_108k_cot,MATH500,271,4,4,4,2,0,2,2,3280.5
v1annealC_108k_cot,MATH500,275,4,4,4,0,0,4,4,1748.0
v1annealC_108k_cot,MATH500,279,4,2,2,2,1,2,2,2959.0
v1annealC_108k_cot,MATH500,283,4,4,4,0,0,4,4,1377.5
v1annealC_108k_cot,MATH500,287,4,3,4,1,0,3,3,3377.75
v1annealC_108k_cot,MATH500,291,4,4,4,0,0,4,4,2274.5
v1annealC_108k_cot,MATH500,295,4,1,1,4,0,0,0,3978.0
v1annealC_108k_cot,MATH500,299,4,4,4,0,0,4,4,2305.0
v1annealC_108k_cot,MATH500,303,4,1,1,4,0,0,0,4012.0
v1annealC_108k_cot,MATH500,307,4,4,4,0,0,4,4,2629.25
v1annealC_108k_cot,MATH500,311,4,3,3,1,0,3,3,3430.25
v1annealC_108k_cot,MATH500,315,4,4,4,0,0,4,4,2566.0
v1annealC_108k_cot,MATH500,319,4,4,4,0,0,4,4,1389.75
v1annealC_108k_cot,MATH500,323,4,0,0,4,0,0,0,4036.0
v1annealC_108k_cot,MATH500,327,4,2,2,3,0,1,1,3980.25
v1annealC_108k_cot,MATH500,331,4,4,4,0,0,4,4,2391.25
v1annealC_108k_cot,MATH500,335,4,4,4,0,0,4,4,2793.75
v1annealC_108k_cot,MATH500,339,4,4,4,1,0,3,3,2682.5
v1annealC_108k_cot,MATH500,343,4,0,4,0,0,4,4,1587.25
v1annealC_108k_cot,MATH500,347,4,4,4,0,0,4,4,1782.5
v1annealC_108k_cot,MATH500,351,4,1,1,3,0,1,1,3633.25
v1annealC_108k_cot,MATH500,355,4,0,0,4,0,0,0,4023.0
v1annealC_108k_cot,MATH500,359,4,4,4,0,0,4,4,2304.25
v1annealC_108k_cot,MATH500,363,4,4,4,0,0,4,4,1995.25
v1annealC_108k_cot,MATH500,367,4,4,4,0,0,4,4,913.0
v1annealC_108k_cot,MATH500,371,4,0,0,4,0,0,0,4016.0
v1annealC_108k_cot,MATH500,375,4,4,4,0,0,4,4,1745.5
v1annealC_108k_cot,MATH500,379,4,2,4,1,0,3,3,3365.25
v1annealC_108k_cot,MATH500,383,4,0,0,0,0,4,0,1756.25
v1annealC_108k_cot,MATH500,387,4,4,4,0,0,4,4,1477.0
v1annealC_108k_cot,MATH500,391,4,4,4,0,0,4,4,3022.75
v1annealC_108k_cot,MATH500,395,4,4,4,0,0,4,4,2091.0
v1annealC_108k_cot,MATH500,399,4,4,4,0,0,4,4,997.5
v1annealC_108k_cot,MATH500,403,4,4,4,2,1,2,2,3612.0
v1annealC_108k_cot,MATH500,407,4,4,4,0,0,4,4,1692.75
v1annealC_108k_cot,MATH500,411,4,4,4,0,0,4,4,1974.5
v1annealC_108k_cot,MATH500,415,4,4,4,0,0,4,4,2831.0
v1annealC_108k_cot,MATH500,419,4,1,1,3,0,1,1,3627.25
v1annealC_108k_cot,MATH500,423,4,4,4,4,0,0,0,4022.0
v1annealC_108k_cot,MATH500,427,4,4,4,0,0,4,4,1204.25
v1annealC_108k_cot,MATH500,431,4,4,4,1,0,3,3,3116.5
v1annealC_108k_cot,MATH500,435,4,4,4,0,0,4,4,1686.75
v1annealC_108k_cot,MATH500,439,4,3,3,2,0,2,2,3729.75
v1annealC_108k_cot,MATH500,443,4,4,4,0,0,4,4,1280.25
v1annealC_108k_cot,MATH500,447,4,4,4,0,0,4,4,1465.75
v1annealC_108k_cot,MATH500,451,4,3,3,0,0,4,3,1713.5
v1annealC_108k_cot,MATH500,455,4,4,4,0,0,4,4,1366.25
v1annealC_108k_cot,MATH500,459,4,4,4,0,0,4,4,3133.25
v1annealC_108k_cot,MATH500,463,4,4,4,0,0,4,4,1022.0
v1annealC_108k_cot,MATH500,467,4,0,0,3,1,1,0,3797.5
v1annealC_108k_cot,MATH500,471,4,4,4,0,0,4,4,1242.0
v1annealC_108k_cot,MATH500,475,4,2,2,4,0,0,0,3917.0
v1annealC_108k_cot,MATH500,479,4,4,4,1,0,3,3,2451.5
v1annealC_108k_cot,MATH500,483,4,3,3,2,0,2,2,3680.0
v1annealC_108k_cot,MATH500,487,4,4,4,0,0,4,4,1636.5
v1annealC_108k_cot,MATH500,491,4,2,2,0,0,4,2,1184.25
v1annealC_108k_cot,MATH500,495,4,4,4,0,0,4,4,2867.75
v1annealC_108k_cot,MATH500,499,4,1,1,3,0,1,1,3983.0
v1annealC_108k_cot,AIME24,1,16,0,0,16,3,0,0,3998.0
v1annealC_108k_cot,AIME24,5,16,8,9,8,0,8,8,3558.25
v1annealC_108k_cot,AIME24,9,16,0,0,16,0,0,0,4016.0
v1annealC_108k_cot,AIME24,13,16,0,0,16,0,0,0,3939.0
v1annealC_108k_cot,AIME24,17,16,2,3,13,0,3,2,3881.5
v1annealC_108k_cot,AIME24,21,16,5,7,13,0,3,3,3941.75
v1annealC_108k_cot,AIME24,25,16,0,0,16,0,0,0,3996.0
v1annealC_108k_cot,AIME24,29,16,0,0,16,0,0,0,3967.0
v1annealC_108k_cot,AIME25,0,16,16,16,0,0,16,16,2492.1875
v1annealC_108k_cot,AIME25,4,16,0,0,16,0,0,0,4002.0
v1annealC_108k_cot,AIME25,8,16,0,0,16,0,0,0,3985.0
v1annealC_108k_cot,AIME25,12,16,0,0,16,0,0,0,4003.0
v1annealC_108k_cot,AIME25,16,16,14,14,3,0,13,13,3293.25
v1annealC_108k_cot,AIME25,20,16,0,0,16,0,0,0,3874.0
v1annealC_108k_cot,AIME25,24,16,0,0,16,0,0,0,4012.0
v1annealC_108k_cot,AIME25,28,16,0,0,16,0,0,0,3989.0
v1annealC_108k_cot,AMC23,1,16,15,15,2,0,14,14,2422.0
v1annealC_108k_cot,AMC23,5,16,3,7,15,0,1,1,4001.8125
v1annealC_108k_cot,AMC23,9,16,16,16,0,0,16,16,2214.25
v1annealC_108k_cot,AMC23,13,16,0,2,16,0,0,0,4038.0
v1annealC_108k_cot,AMC23,17,16,14,14,5,0,11,11,3330.8125
v1annealC_108k_cot,AMC23,21,16,16,16,0,0,16,16,2338.0625
v1annealC_108k_cot,AMC23,25,16,14,15,3,0,13,13,2967.9375
v1annealC_108k_cot,AMC23,29,16,14,14,5,0,11,11,3595.9375
v1annealC_108k_cot,AMC23,33,16,16,16,0,0,16,16,1441.5
v1annealC_108k_cot,AMC23,37,16,5,7,13,2,3,3,3812.6875
v1annealC_108k_cot,MATH500,0,4,4,4,0,0,4,4,1285.75
v1annealC_108k_cot,MATH500,4,4,1,1,0,0,4,1,2576.75
v1annealC_108k_cot,MATH500,8,4,4,4,0,0,4,4,1581.0
v1annealC_108k_cot,MATH500,12,4,4,4,0,0,4,4,2841.75
v1annealC_108k_cot,MATH500,16,4,4,4,0,0,4,4,2063.5
v1annealC_108k_cot,MATH500,20,4,0,0,2,0,2,0,3716.75
v1annealC_108k_cot,MATH500,24,4,2,2,2,0,2,2,3790.0
v1annealC_108k_cot,MATH500,28,4,4,4,0,0,4,4,1406.0
v1annealC_108k_cot,MATH500,32,4,0,0,4,2,0,0,4028.0
v1annealC_108k_cot,MATH500,36,4,0,0,1,0,3,0,3580.75
v1annealC_108k_cot,MATH500,40,4,4,4,0,0,4,4,1096.75
v1annealC_108k_cot,MATH500,44,4,4,4,0,0,4,4,1400.75
v1annealC_108k_cot,MATH500,48,4,4,4,0,0,4,4,1548.5
v1annealC_108k_cot,MATH500,52,4,4,4,0,0,4,4,2825.5
v1annealC_108k_cot,MATH500,56,4,4,4,0,0,4,4,1151.0
v1annealC_108k_cot,MATH500,60,4,2,2,4,0,0,0,4026.0
v1annealC_108k_cot,MATH500,64,4,2,2,4,0,0,0,4016.0
v1annealC_108k_cot,MATH500,68,4,3,4,1,0,3,3,3016.25
v1annealC_108k_cot,MATH500,72,4,4,4,0,0,4,4,1572.5
v1annealC_108k_cot,MATH500,76,4,4,4,2,0,2,2,3172.25
v1annealC_108k_cot,MATH500,80,4,0,0,4,0,0,0,4032.0
v1annealC_108k_cot,MATH500,84,4,4,4,0,0,4,4,3031.0
v1annealC_108k_cot,MATH500,88,4,0,0,4,0,0,0,3985.0
v1annealC_108k_cot,MATH500,92,4,3,3,4,0,0,0,4039.0
v1annealC_108k_cot,MATH500,96,4,0,0,4,0,0,0,3970.0
v1annealC_108k_cot,MATH500,100,4,0,0,4,0,0,0,3873.0
v1annealC_108k_cot,MATH500,104,4,1,1,4,0,0,0,3999.0
v1annealC_108k_cot,MATH500,108,4,1,4,3,0,1,1,3943.25
v1annealC_108k_cot,MATH500,112,4,4,4,0,0,4,4,1671.25
v1annealC_108k_cot,MATH500,116,4,4,4,0,0,4,4,1107.75
v1annealC_108k_cot,MATH500,120,4,1,1,3,0,1,1,3665.0
v1annealC_108k_cot,MATH500,124,4,4,4,0,0,4,4,2404.0
v1annealC_108k_cot,MATH500,128,4,2,3,2,0,2,2,3029.25
v1annealC_108k_cot,MATH500,132,4,4,4,0,0,4,4,1798.0
v1annealC_108k_cot,MATH500,136,4,1,1,4,0,0,0,3977.0
v1annealC_108k_cot,MATH500,140,4,4,4,0,0,4,4,2048.0
v1annealC_108k_cot,MATH500,144,4,4,4,0,0,4,4,1058.5
v1annealC_108k_cot,MATH500,148,4,4,4,0,0,4,4,1478.0
v1annealC_108k_cot,MATH500,152,4,1,2,4,0,0,0,3996.0
v1annealC_108k_cot,MATH500,156,4,0,0,4,0,0,0,3857.0
v1annealC_108k_cot,MATH500,160,4,4,4,0,0,4,4,1990.5
v1annealC_108k_cot,MATH500,164,4,0,0,4,0,0,0,4057.0
v1annealC_108k_cot,MATH500,168,4,0,0,4,2,0,0,3362.0
v1annealC_108k_cot,MATH500,172,4,4,4,0,0,4,4,1509.75
v1annealC_108k_cot,MATH500,176,4,3,3,1,0,3,3,3628.0
v1annealC_108k_cot,MATH500,180,4,3,3,1,0,3,3,2322.5
v1annealC_108k_cot,MATH500,184,4,0,0,4,0,0,0,4025.0
v1annealC_108k_cot,MATH500,188,4,4,4,1,0,3,3,2743.25
v1annealC_108k_cot,MATH500,192,4,4,4,0,0,4,4,2570.25
v1annealC_108k_cot,MATH500,196,4,4,4,0,0,4,4,1787.25
v1annealC_108k_cot,MATH500,200,4,3,3,1,0,3,3,2479.75
v1annealC_108k_cot,MATH500,204,4,0,1,4,0,0,0,3992.0
v1annealC_108k_cot,MATH500,208,4,4,4,0,0,4,4,1504.25
v1annealC_108k_cot,MATH500,212,4,4,4,0,0,4,4,1398.25
v1annealC_108k_cot,MATH500,216,4,4,4,0,0,4,4,662.75
v1annealC_108k_cot,MATH500,220,4,4,4,0,0,4,4,2052.75
v1annealC_108k_cot,MATH500,224,4,0,0,4,0,0,0,4017.0
v1annealC_108k_cot,MATH500,228,4,2,2,3,0,1,1,3958.75
v1annealC_108k_cot,MATH500,232,4,1,1,4,0,0,0,4010.0
v1annealC_108k_cot,MATH500,236,4,0,0,4,1,0,0,4030.0
v1annealC_108k_cot,MATH500,240,4,0,0,4,0,0,0,3828.0
v1annealC_108k_cot,MATH500,244,4,4,4,1,0,3,3,2475.75
v1annealC_108k_cot,MATH500,248,4,3,3,1,0,3,3,3158.25
v1annealC_108k_cot,MATH500,252,4,4,4,0,0,4,4,2294.75
v1annealC_108k_cot,MATH500,256,4,4,4,0,0,4,4,2425.0
v1annealC_108k_cot,MATH500,260,4,4,4,0,0,4,4,1955.5
v1annealC_108k_cot,MATH500,264,4,0,0,4,0,0,0,3791.0
v1annealC_108k_cot,MATH500,268,4,2,2,2,2,2,2,3072.0
v1annealC_108k_cot,MATH500,272,4,4,4,0,0,4,4,3265.0
v1annealC_108k_cot,MATH500,276,4,4,4,1,0,3,3,2903.5
v1annealC_108k_cot,MATH500,280,4,4,4,0,0,4,4,1540.5
v1annealC_108k_cot,MATH500,284,4,0,0,4,0,0,0,4019.0
v1annealC_108k_cot,MATH500,288,4,4,4,1,0,3,3,3109.0
v1annealC_108k_cot,MATH500,292,4,3,3,2,0,2,2,3800.0
v1annealC_108k_cot,MATH500,296,4,0,0,3,0,1,0,3893.25
v1annealC_108k_cot,MATH500,300,4,4,4,0,0,4,4,2276.25
v1annealC_108k_cot,MATH500,304,4,3,3,1,0,3,3,3335.5
v1annealC_108k_cot,MATH500,308,4,0,0,4,0,0,0,4027.0
v1annealC_108k_cot,MATH500,312,4,4,4,0,0,4,4,1075.75
v1annealC_108k_cot,MATH500,316,4,4,4,0,0,4,4,2056.0
v1annealC_108k_cot,MATH500,320,4,2,2,2,1,2,2,3636.5
v1annealC_108k_cot,MATH500,324,4,0,0,4,0,0,0,3777.0
v1annealC_108k_cot,MATH500,328,4,1,1,4,0,0,0,4004.0
v1annealC_108k_cot,MATH500,332,4,0,1,4,1,0,0,4031.0
v1annealC_108k_cot,MATH500,336,4,4,4,0,0,4,4,2009.0
v1annealC_108k_cot,MATH500,340,4,0,0,4,0,0,0,3991.0
v1annealC_108k_cot,MATH500,344,4,4,4,0,0,4,4,1431.0
v1annealC_108k_cot,MATH500,348,4,4,4,0,0,4,4,2699.75
v1annealC_108k_cot,MATH500,352,4,0,0,4,0,0,0,3853.0
v1annealC_108k_cot,MATH500,356,4,4,4,0,0,4,4,2430.5
v1annealC_108k_cot,MATH500,360,4,4,4,0,0,4,4,1783.5
v1annealC_108k_cot,MATH500,364,4,3,3,2,0,2,2,3665.0
v1annealC_108k_cot,MATH500,368,4,4,4,0,0,4,4,1446.75
v1annealC_108k_cot,MATH500,372,4,2,2,2,0,2,2,3740.25
v1annealC_108k_cot,MATH500,376,4,4,4,0,0,4,4,2094.25
v1annealC_108k_cot,MATH500,380,4,3,3,1,1,3,3,2537.0
v1annealC_108k_cot,MATH500,384,4,4,4,0,0,4,4,1407.75
v1annealC_108k_cot,MATH500,388,4,2,2,1,0,3,2,2355.75
v1annealC_108k_cot,MATH500,392,4,0,0,4,0,0,0,3745.0
v1annealC_108k_cot,MATH500,396,4,1,1,3,0,1,1,3590.5
v1annealC_108k_cot,MATH500,400,4,0,0,4,0,0,0,4009.0
v1annealC_108k_cot,MATH500,404,4,4,4,0,0,4,4,1080.25
v1annealC_108k_cot,MATH500,408,4,0,0,1,0,3,0,3576.0
v1annealC_108k_cot,MATH500,412,4,2,2,4,0,0,0,4004.0
v1annealC_108k_cot,MATH500,416,4,1,1,3,1,1,1,3794.0
v1annealC_108k_cot,MATH500,420,4,0,0,0,0,4,0,1063.5
v1annealC_108k_cot,MATH500,424,4,4,4,0,0,4,4,1749.0
v1annealC_108k_cot,MATH500,428,4,3,4,1,0,3,3,3219.5
v1annealC_108k_cot,MATH500,432,4,0,0,4,0,0,0,3998.0
v1annealC_108k_cot,MATH500,436,4,4,4,0,0,4,4,3276.0
v1annealC_108k_cot,MATH500,440,4,4,4,0,0,4,4,2051.75
v1annealC_108k_cot,MATH500,444,4,0,0,4,0,0,0,3887.0
v1annealC_108k_cot,MATH500,448,4,3,3,1,0,3,3,2610.0
v1annealC_108k_cot,MATH500,452,4,4,4,0,0,4,4,1409.25
v1annealC_108k_cot,MATH500,456,4,2,2,1,0,3,2,3125.5
v1annealC_108k_cot,MATH500,460,4,0,0,3,0,1,0,3859.0
v1annealC_108k_cot,MATH500,464,4,4,4,0,0,4,4,2405.5
v1annealC_108k_cot,MATH500,468,4,4,4,0,0,4,4,1451.25
v1annealC_108k_cot,MATH500,472,4,4,4,0,0,4,4,1411.25
v1annealC_108k_cot,MATH500,476,4,4,4,0,0,4,4,1450.5
v1annealC_108k_cot,MATH500,480,4,4,4,0,0,4,4,2662.25
v1annealC_108k_cot,MATH500,484,4,4,4,0,0,4,4,2988.0
v1annealC_108k_cot,MATH500,488,4,4,4,0,0,4,4,1163.75
v1annealC_108k_cot,MATH500,492,4,4,4,0,0,4,4,1258.5
v1annealC_108k_cot,MATH500,496,4,4,4,0,0,4,4,2163.75
v1annealC_120k_l0fix_cot,AIME24,2,16,2,3,14,2,2,2,3903.25
v1annealC_120k_l0fix_cot,AIME24,6,16,0,0,16,0,0,0,3990.0
v1annealC_120k_l0fix_cot,AIME24,10,16,0,0,16,1,0,0,3999.0
v1annealC_120k_l0fix_cot,AIME24,14,16,0,0,16,5,0,0,3891.0
v1annealC_120k_l0fix_cot,AIME24,18,16,15,15,2,0,14,14,3138.9375
v1annealC_120k_l0fix_cot,AIME24,22,16,0,0,16,5,0,0,3845.0
v1annealC_120k_l0fix_cot,AIME24,26,16,0,0,16,0,0,0,3988.0
v1annealC_120k_l0fix_cot,AIME25,1,16,0,0,16,0,0,0,3923.0
v1annealC_120k_l0fix_cot,AIME25,5,16,15,15,2,0,14,14,3108.5
v1annealC_120k_l0fix_cot,AIME25,9,16,0,0,16,7,0,0,3918.0
v1annealC_120k_l0fix_cot,AIME25,13,16,0,3,16,3,0,0,3939.0
v1annealC_120k_l0fix_cot,AIME25,17,16,0,0,16,0,0,0,4005.0
v1annealC_120k_l0fix_cot,AIME25,21,16,0,0,16,0,0,0,3990.0
v1annealC_120k_l0fix_cot,AIME25,25,16,0,0,16,0,0,0,4024.0
v1annealC_120k_l0fix_cot,AIME25,29,16,0,0,16,7,0,0,4008.0
v1annealC_120k_l0fix_cot,AMC23,2,16,16,16,0,0,16,16,1543.4375
v1annealC_120k_l0fix_cot,AMC23,6,16,0,0,16,4,0,0,4006.0
v1annealC_120k_l0fix_cot,AMC23,10,16,10,12,7,0,9,9,3493.0
v1annealC_120k_l0fix_cot,AMC23,14,16,6,7,12,6,4,4,3709.125
v1annealC_120k_l0fix_cot,AMC23,18,16,2,2,15,1,1,1,3908.875
v1annealC_120k_l0fix_cot,AMC23,22,16,16,16,0,0,16,16,1654.375
v1annealC_120k_l0fix_cot,AMC23,26,16,15,15,1,0,15,15,2940.25
v1annealC_120k_l0fix_cot,AMC23,30,16,16,16,0,0,16,16,1739.75
v1annealC_120k_l0fix_cot,AMC23,34,16,16,16,0,0,16,16,1695.5625
v1annealC_120k_l0fix_cot,AMC23,38,16,8,10,8,4,8,8,3285.0
v1annealC_120k_l0fix_cot,MATH500,1,4,4,4,0,0,4,4,2566.75
v1annealC_120k_l0fix_cot,MATH500,5,4,4,4,0,0,4,4,1193.75
v1annealC_120k_l0fix_cot,MATH500,9,4,0,0,4,0,0,0,3929.0
v1annealC_120k_l0fix_cot,MATH500,13,4,4,4,0,0,4,4,781.75
v1annealC_120k_l0fix_cot,MATH500,17,4,0,0,3,2,1,0,3268.25
v1annealC_120k_l0fix_cot,MATH500,21,4,2,2,4,0,0,0,4050.0
v1annealC_120k_l0fix_cot,MATH500,25,4,0,0,0,0,4,0,3028.75
v1annealC_120k_l0fix_cot,MATH500,29,4,4,4,0,0,4,4,1438.5
v1annealC_120k_l0fix_cot,MATH500,33,4,3,3,1,0,3,3,3183.5
v1annealC_120k_l0fix_cot,MATH500,37,4,4,4,0,0,4,4,1223.25
v1annealC_120k_l0fix_cot,MATH500,41,4,0,0,4,1,0,0,4029.0
v1annealC_120k_l0fix_cot,MATH500,45,4,4,4,0,0,4,4,1701.25
v1annealC_120k_l0fix_cot,MATH500,49,4,4,4,0,0,4,4,1535.0
v1annealC_120k_l0fix_cot,MATH500,53,4,4,4,0,0,4,4,1372.75
v1annealC_120k_l0fix_cot,MATH500,57,4,4,4,0,0,4,4,1325.25
v1annealC_120k_l0fix_cot,MATH500,61,4,2,3,2,1,2,2,3771.75
v1annealC_120k_l0fix_cot,MATH500,65,4,4,4,0,0,4,4,1209.5
v1annealC_120k_l0fix_cot,MATH500,69,4,3,3,1,1,3,3,2991.25
v1annealC_120k_l0fix_cot,MATH500,73,4,4,4,0,0,4,4,1637.75
v1annealC_120k_l0fix_cot,MATH500,77,4,4,4,0,0,4,4,1046.25
v1annealC_120k_l0fix_cot,MATH500,81,4,4,4,0,0,4,4,1411.5
v1annealC_120k_l0fix_cot,MATH500,85,4,4,4,0,0,4,4,1099.75
v1annealC_120k_l0fix_cot,MATH500,89,4,4,4,0,0,4,4,1786.25
v1annealC_120k_l0fix_cot,MATH500,93,4,4,4,0,0,4,4,1775.5
v1annealC_120k_l0fix_cot,MATH500,97,4,0,0,1,1,3,0,1896.75
v1annealC_120k_l0fix_cot,MATH500,101,4,0,0,4,2,0,0,3898.0
v1annealC_120k_l0fix_cot,MATH500,105,4,4,4,0,0,4,4,1351.5
v1annealC_120k_l0fix_cot,MATH500,109,4,4,4,0,0,4,4,2750.75
v1annealC_120k_l0fix_cot,MATH500,113,4,4,4,0,0,4,4,1749.75
v1annealC_120k_l0fix_cot,MATH500,117,4,4,4,0,0,4,4,1238.5
v1annealC_120k_l0fix_cot,MATH500,121,4,4,4,0,0,4,4,1249.5
v1annealC_120k_l0fix_cot,MATH500,125,4,3,3,1,0,3,3,2132.5
v1annealC_120k_l0fix_cot,MATH500,129,4,3,3,2,0,2,2,3725.75
v1annealC_120k_l0fix_cot,MATH500,133,4,4,4,0,0,4,4,1393.25
v1annealC_120k_l0fix_cot,MATH500,137,4,3,3,1,0,3,3,2817.5
v1annealC_120k_l0fix_cot,MATH500,141,4,3,4,1,1,3,3,2450.75
v1annealC_120k_l0fix_cot,MATH500,145,4,0,1,4,1,0,0,4022.0
v1annealC_120k_l0fix_cot,MATH500,149,4,4,4,0,0,4,4,2661.5
v1annealC_120k_l0fix_cot,MATH500,153,4,1,1,4,0,0,0,3983.0
v1annealC_120k_l0fix_cot,MATH500,157,4,4,4,0,0,4,4,1298.0
v1annealC_120k_l0fix_cot,MATH500,161,4,4,4,0,0,4,4,1499.75
v1annealC_120k_l0fix_cot,MATH500,165,4,4,4,0,0,4,4,1888.5
v1annealC_120k_l0fix_cot,MATH500,169,4,4,4,0,0,4,4,1451.5
v1annealC_120k_l0fix_cot,MATH500,173,4,3,4,1,0,3,3,3360.75
v1annealC_120k_l0fix_cot,MATH500,177,4,2,2,2,0,2,2,3708.25
v1annealC_120k_l0fix_cot,MATH500,181,4,4,4,0,0,4,4,1230.0
v1annealC_120k_l0fix_cot,MATH500,185,4,4,4,0,0,4,4,1087.5
v1annealC_120k_l0fix_cot,MATH500,189,4,1,1,4,0,0,0,3563.0
v1annealC_120k_l0fix_cot,MATH500,193,4,2,2,2,1,2,2,3099.5
v1annealC_120k_l0fix_cot,MATH500,197,4,4,4,1,0,3,3,3303.25
v1annealC_120k_l0fix_cot,MATH500,201,4,3,3,1,1,3,3,2554.5
v1annealC_120k_l0fix_cot,MATH500,205,4,3,3,0,0,4,3,2460.0
v1annealC_120k_l0fix_cot,MATH500,209,4,4,4,0,0,4,4,1607.25
v1annealC_120k_l0fix_cot,MATH500,213,4,0,1,4,0,0,0,4012.0
v1annealC_120k_l0fix_cot,MATH500,217,4,0,0,3,1,1,0,3650.5
v1annealC_120k_l0fix_cot,MATH500,221,4,3,3,1,0,3,3,2629.5
v1annealC_120k_l0fix_cot,MATH500,225,4,4,4,0,0,4,4,1628.25
v1annealC_120k_l0fix_cot,MATH500,229,4,4,4,0,0,4,4,1370.0
v1annealC_120k_l0fix_cot,MATH500,233,4,4,4,0,0,4,4,1220.75
v1annealC_120k_l0fix_cot,MATH500,237,4,4,4,0,0,4,4,2129.75
v1annealC_120k_l0fix_cot,MATH500,241,4,4,4,0,0,4,4,2896.25
v1annealC_120k_l0fix_cot,MATH500,245,4,4,4,0,0,4,4,2595.0
v1annealC_120k_l0fix_cot,MATH500,249,4,4,4,0,0,4,4,2219.25
v1annealC_120k_l0fix_cot,MATH500,253,4,4,4,0,0,4,4,1100.75
v1annealC_120k_l0fix_cot,MATH500,257,4,0,0,0,0,4,0,1353.5
v1annealC_120k_l0fix_cot,MATH500,261,4,4,4,0,0,4,4,1688.0
v1annealC_120k_l0fix_cot,MATH500,265,4,4,4,0,0,4,4,1862.25
v1annealC_120k_l0fix_cot,MATH500,269,4,4,4,0,0,4,4,1165.5
v1annealC_120k_l0fix_cot,MATH500,273,4,4,4,0,0,4,4,1741.5
v1annealC_120k_l0fix_cot,MATH500,277,4,4,4,0,0,4,4,1323.75
v1annealC_120k_l0fix_cot,MATH500,281,4,2,2,2,0,2,2,3377.75
v1annealC_120k_l0fix_cot,MATH500,285,4,1,1,3,1,1,1,3892.75
v1annealC_120k_l0fix_cot,MATH500,289,4,3,3,1,0,3,3,3083.5
v1annealC_120k_l0fix_cot,MATH500,293,4,4,4,0,0,4,4,1873.75
v1annealC_120k_l0fix_cot,MATH500,297,4,4,4,0,0,4,4,1882.75
v1annealC_120k_l0fix_cot,MATH500,301,4,4,4,0,0,4,4,2669.0
v1annealC_120k_l0fix_cot,MATH500,305,4,4,4,0,0,4,4,1568.5
v1annealC_120k_l0fix_cot,MATH500,309,4,0,1,4,2,0,0,4055.0
v1annealC_120k_l0fix_cot,MATH500,313,4,4,4,0,0,4,4,1651.25
v1annealC_120k_l0fix_cot,MATH500,317,4,2,3,4,0,0,0,3985.0
v1annealC_120k_l0fix_cot,MATH500,321,4,4,4,0,0,4,4,1487.0
v1annealC_120k_l0fix_cot,MATH500,325,4,4,4,0,0,4,4,1603.75
v1annealC_120k_l0fix_cot,MATH500,329,4,4,4,0,0,4,4,1133.75
v1annealC_120k_l0fix_cot,MATH500,333,4,3,3,2,0,2,2,3516.25
v1annealC_120k_l0fix_cot,MATH500,337,4,4,4,0,0,4,4,2015.0
v1annealC_120k_l0fix_cot,MATH500,341,4,4,4,0,0,4,4,1629.25
v1annealC_120k_l0fix_cot,MATH500,345,4,4,4,0,0,4,4,1986.25
v1annealC_120k_l0fix_cot,MATH500,349,4,1,1,4,0,0,0,4042.0
v1annealC_120k_l0fix_cot,MATH500,353,4,4,4,0,0,4,4,1574.0
v1annealC_120k_l0fix_cot,MATH500,357,4,4,4,0,0,4,4,2754.25
v1annealC_120k_l0fix_cot,MATH500,361,4,2,2,3,0,1,1,3968.75
v1annealC_120k_l0fix_cot,MATH500,365,4,1,1,2,1,2,1,3764.5
v1annealC_120k_l0fix_cot,MATH500,369,4,2,2,2,0,2,2,3447.5
v1annealC_120k_l0fix_cot,MATH500,373,4,4,4,0,0,4,4,2552.5
v1annealC_120k_l0fix_cot,MATH500,377,4,4,4,0,0,4,4,2795.0
v1annealC_120k_l0fix_cot,MATH500,381,4,0,0,4,0,0,0,4033.0
v1annealC_120k_l0fix_cot,MATH500,385,4,2,2,0,0,4,2,2452.25
v1annealC_120k_l0fix_cot,MATH500,389,4,4,4,0,0,4,4,1590.75
v1annealC_120k_l0fix_cot,MATH500,393,4,4,4,0,0,4,4,1269.5
v1annealC_120k_l0fix_cot,MATH500,397,4,4,4,0,0,4,4,1222.25
v1annealC_120k_l0fix_cot,MATH500,401,4,0,0,4,0,0,0,4036.0
v1annealC_120k_l0fix_cot,MATH500,405,4,4,4,0,0,4,4,1303.75
v1annealC_120k_l0fix_cot,MATH500,409,4,4,4,0,0,4,4,2549.25
v1annealC_120k_l0fix_cot,MATH500,413,4,3,3,0,0,4,3,1213.75
v1annealC_120k_l0fix_cot,MATH500,417,4,4,4,0,0,4,4,1929.5
v1annealC_120k_l0fix_cot,MATH500,421,4,1,1,3,1,1,1,3919.75
v1annealC_120k_l0fix_cot,MATH500,425,4,0,0,4,0,0,0,3999.0
v1annealC_120k_l0fix_cot,MATH500,429,4,3,3,1,0,3,3,2680.25
v1annealC_120k_l0fix_cot,MATH500,433,4,4,4,0,0,4,4,2476.5
v1annealC_120k_l0fix_cot,MATH500,437,4,4,4,0,0,4,4,1505.75
v1annealC_120k_l0fix_cot,MATH500,441,4,4,4,0,0,4,4,1240.5
v1annealC_120k_l0fix_cot,MATH500,445,4,0,0,4,0,0,0,3794.0
v1annealC_120k_l0fix_cot,MATH500,449,4,4,4,0,0,4,4,1871.75
v1annealC_120k_l0fix_cot,MATH500,453,4,4,4,0,0,4,4,1694.75
v1annealC_120k_l0fix_cot,MATH500,457,4,4,4,0,0,4,4,1122.75
v1annealC_120k_l0fix_cot,MATH500,461,4,4,4,0,0,4,4,1296.0
v1annealC_120k_l0fix_cot,MATH500,465,4,4,4,0,0,4,4,2438.0
v1annealC_120k_l0fix_cot,MATH500,469,4,4,4,0,0,4,4,1494.0
v1annealC_120k_l0fix_cot,MATH500,473,4,3,3,1,0,3,3,2208.75
v1annealC_120k_l0fix_cot,MATH500,477,4,4,4,1,1,3,3,2623.0
v1annealC_120k_l0fix_cot,MATH500,481,4,0,0,4,0,0,0,3976.0
v1annealC_120k_l0fix_cot,MATH500,485,4,1,1,4,0,0,0,3859.0
v1annealC_120k_l0fix_cot,MATH500,489,4,4,4,0,0,4,4,2951.25
v1annealC_120k_l0fix_cot,MATH500,493,4,2,2,3,0,1,1,3692.25
v1annealC_120k_l0fix_cot,MATH500,497,4,0,0,4,0,0,0,4030.0
v1annealC_120k_l0fix_cot,AIME24,3,16,10,11,9,0,7,6,3737.1875
v1annealC_120k_l0fix_cot,AIME24,7,16,0,0,16,6,0,0,3641.0
v1annealC_120k_l0fix_cot,AIME24,11,16,0,0,16,0,0,0,3899.0
v1annealC_120k_l0fix_cot,AIME24,15,16,15,15,2,0,14,14,2855.3125
v1annealC_120k_l0fix_cot,AIME24,19,16,0,0,16,0,0,0,3778.0
v1annealC_120k_l0fix_cot,AIME24,23,16,0,0,16,0,0,0,3981.0
v1annealC_120k_l0fix_cot,AIME24,27,16,0,0,15,0,1,0,3921.375
v1annealC_120k_l0fix_cot,AIME25,2,16,11,15,10,0,6,6,3741.5
v1annealC_120k_l0fix_cot,AIME25,6,16,0,0,16,1,0,0,3938.0
v1annealC_120k_l0fix_cot,AIME25,10,16,0,0,16,1,0,0,3879.0
v1annealC_120k_l0fix_cot,AIME25,14,16,0,0,16,7,0,0,4004.0
v1annealC_120k_l0fix_cot,AIME25,18,16,2,4,12,1,4,2,3797.375
v1annealC_120k_l0fix_cot,AIME25,22,16,0,0,16,2,0,0,3814.0
v1annealC_120k_l0fix_cot,AIME25,26,16,0,0,16,0,0,0,3874.0
v1annealC_120k_l0fix_cot,AMC23,3,16,13,13,5,1,11,11,3315.8125
v1annealC_120k_l0fix_cot,AMC23,7,16,1,1,16,0,0,0,3993.0
v1annealC_120k_l0fix_cot,AMC23,11,16,0,0,16,0,0,0,3870.0
v1annealC_120k_l0fix_cot,AMC23,15,16,2,4,14,1,2,2,3863.3125
v1annealC_120k_l0fix_cot,AMC23,19,16,16,16,0,0,16,16,1957.5625
v1annealC_120k_l0fix_cot,AMC23,23,16,14,14,9,0,7,7,3521.8125
v1annealC_120k_l0fix_cot,AMC23,27,16,3,4,13,5,3,2,3885.1875
v1annealC_120k_l0fix_cot,AMC23,31,16,0,0,16,1,0,0,4043.0
v1annealC_120k_l0fix_cot,AMC23,35,16,0,1,16,0,0,0,3962.0
v1annealC_120k_l0fix_cot,AMC23,39,16,3,4,13,1,3,3,3920.0
v1annealC_120k_l0fix_cot,MATH500,2,4,4,4,0,0,4,4,2063.25
v1annealC_120k_l0fix_cot,MATH500,6,4,4,4,0,0,4,4,1982.75
v1annealC_120k_l0fix_cot,MATH500,10,4,4,4,0,0,4,4,2240.5
v1annealC_120k_l0fix_cot,MATH500,14,4,4,4,0,0,4,4,1348.25
v1annealC_120k_l0fix_cot,MATH500,18,4,0,0,4,0,0,0,3913.0
v1annealC_120k_l0fix_cot,MATH500,22,4,4,4,0,0,4,4,1832.0
v1annealC_120k_l0fix_cot,MATH500,26,4,0,1,4,0,0,0,4027.0
v1annealC_120k_l0fix_cot,MATH500,30,4,4,4,1,1,3,3,2494.25
v1annealC_120k_l0fix_cot,MATH500,34,4,4,4,0,0,4,4,2426.0
v1annealC_120k_l0fix_cot,MATH500,38,4,4,4,0,0,4,4,1229.75
v1annealC_120k_l0fix_cot,MATH500,42,4,4,4,0,0,4,4,1137.0
v1annealC_120k_l0fix_cot,MATH500,46,4,4,4,0,0,4,4,3085.5
v1annealC_120k_l0fix_cot,MATH500,50,4,4,4,1,0,3,3,3123.5
v1annealC_120k_l0fix_cot,MATH500,54,4,4,4,0,0,4,4,1024.5
v1annealC_120k_l0fix_cot,MATH500,58,4,4,4,0,0,4,4,2200.25
v1annealC_120k_l0fix_cot,MATH500,62,4,2,2,2,1,2,2,3709.5
v1annealC_120k_l0fix_cot,MATH500,66,4,4,4,0,0,4,4,1576.5
v1annealC_120k_l0fix_cot,MATH500,70,4,2,2,0,0,4,2,1615.5
v1annealC_120k_l0fix_cot,MATH500,74,4,4,4,0,0,4,4,1310.75
v1annealC_120k_l0fix_cot,MATH500,78,4,2,2,0,0,4,2,2189.5
v1annealC_120k_l0fix_cot,MATH500,82,4,1,1,3,0,1,1,3986.5
v1annealC_120k_l0fix_cot,MATH500,86,4,4,4,0,0,4,4,1034.75
v1annealC_120k_l0fix_cot,MATH500,90,4,4,4,0,0,4,4,1416.5
v1annealC_120k_l0fix_cot,MATH500,94,4,0,0,3,0,1,0,3461.25
v1annealC_120k_l0fix_cot,MATH500,98,4,4,4,0,0,4,4,1095.75
v1annealC_120k_l0fix_cot,MATH500,102,4,4,4,0,0,4,4,1324.25
v1annealC_120k_l0fix_cot,MATH500,106,4,4,4,0,0,4,4,1218.75
v1annealC_120k_l0fix_cot,MATH500,110,4,0,0,4,0,0,0,3966.0
v1annealC_120k_l0fix_cot,MATH500,114,4,4,4,0,0,4,4,1791.25
v1annealC_120k_l0fix_cot,MATH500,118,4,2,3,2,0,2,2,3739.0
v1annealC_120k_l0fix_cot,MATH500,122,4,4,4,0,0,4,4,1257.5
v1annealC_120k_l0fix_cot,MATH500,126,4,1,1,3,1,1,0,3984.25
v1annealC_120k_l0fix_cot,MATH500,130,4,4,4,0,0,4,4,3249.0
v1annealC_120k_l0fix_cot,MATH500,134,4,4,4,0,0,4,4,1645.25
v1annealC_120k_l0fix_cot,MATH500,138,4,2,2,3,1,1,1,3527.5
v1annealC_120k_l0fix_cot,MATH500,142,4,3,4,2,0,2,2,3188.25
v1annealC_120k_l0fix_cot,MATH500,146,4,4,4,0,0,4,4,1092.0
v1annealC_120k_l0fix_cot,MATH500,150,4,2,2,4,1,0,0,3851.0
v1annealC_120k_l0fix_cot,MATH500,154,4,0,0,4,0,0,0,3939.0
v1annealC_120k_l0fix_cot,MATH500,158,4,4,4,0,0,4,4,2107.5
v1annealC_120k_l0fix_cot,MATH500,162,4,4,4,0,0,4,4,3360.5
v1annealC_120k_l0fix_cot,MATH500,166,4,0,0,4,0,0,0,3845.0
v1annealC_120k_l0fix_cot,MATH500,170,4,3,3,1,0,3,3,3691.0
v1annealC_120k_l0fix_cot,MATH500,174,4,4,4,0,0,4,4,1479.0
v1annealC_120k_l0fix_cot,MATH500,178,4,4,4,0,0,4,4,1282.25
v1annealC_120k_l0fix_cot,MATH500,182,4,4,4,0,0,4,4,1035.25
v1annealC_120k_l0fix_cot,MATH500,186,4,4,4,0,0,4,4,1688.0
v1annealC_120k_l0fix_cot,MATH500,190,4,4,4,0,0,4,4,2005.75
v1annealC_120k_l0fix_cot,MATH500,194,4,1,1,3,0,1,1,3780.75
v1annealC_120k_l0fix_cot,MATH500,198,4,1,1,0,0,4,1,1604.0
v1annealC_120k_l0fix_cot,MATH500,202,4,4,4,0,0,4,4,2600.5
v1annealC_120k_l0fix_cot,MATH500,206,4,4,4,0,0,4,4,1588.0
v1annealC_120k_l0fix_cot,MATH500,210,4,4,4,2,0,2,2,3613.5
v1annealC_120k_l0fix_cot,MATH500,214,4,2,2,1,0,3,2,2873.75
v1annealC_120k_l0fix_cot,MATH500,218,4,4,4,0,0,4,4,1270.5
v1annealC_120k_l0fix_cot,MATH500,222,4,1,1,4,0,0,0,3935.0
v1annealC_120k_l0fix_cot,MATH500,226,4,4,4,0,0,4,4,2210.25
v1annealC_120k_l0fix_cot,MATH500,230,4,2,2,1,0,3,2,2954.5
v1annealC_120k_l0fix_cot,MATH500,234,4,4,4,0,0,4,4,2298.5
v1annealC_120k_l0fix_cot,MATH500,238,4,4,4,0,0,4,4,1860.5
v1annealC_120k_l0fix_cot,MATH500,242,4,0,0,4,0,0,0,4004.0
v1annealC_120k_l0fix_cot,MATH500,246,4,4,4,0,0,4,4,1812.5
v1annealC_120k_l0fix_cot,MATH500,250,4,4,4,0,0,4,4,1918.25
v1annealC_120k_l0fix_cot,MATH500,254,4,4,4,0,0,4,4,1238.0
v1annealC_120k_l0fix_cot,MATH500,258,4,4,4,0,0,4,4,1270.0
v1annealC_120k_l0fix_cot,MATH500,262,4,4,4,0,0,4,4,1050.5
v1annealC_120k_l0fix_cot,MATH500,266,4,4,4,0,0,4,4,2014.5
v1annealC_120k_l0fix_cot,MATH500,270,4,4,4,0,0,4,4,1450.75
v1annealC_120k_l0fix_cot,MATH500,274,4,3,3,1,1,3,3,3087.75
v1annealC_120k_l0fix_cot,MATH500,278,4,4,4,0,0,4,4,1471.25
v1annealC_120k_l0fix_cot,MATH500,282,4,4,4,0,0,4,4,1736.0
v1annealC_120k_l0fix_cot,MATH500,286,4,0,0,4,1,0,0,4006.0
v1annealC_120k_l0fix_cot,MATH500,290,4,4,4,0,0,4,4,1804.5
v1annealC_120k_l0fix_cot,MATH500,294,4,4,4,0,0,4,4,2668.25
v1annealC_120k_l0fix_cot,MATH500,298,4,3,3,0,0,4,3,2192.25
v1annealC_120k_l0fix_cot,MATH500,302,4,4,4,3,0,1,1,3944.0
v1annealC_120k_l0fix_cot,MATH500,306,4,0,0,3,0,1,0,3861.25
v1annealC_120k_l0fix_cot,MATH500,310,4,3,3,1,0,3,3,2258.25
v1annealC_120k_l0fix_cot,MATH500,314,4,4,4,0,0,4,4,1785.75
v1annealC_120k_l0fix_cot,MATH500,318,4,3,3,0,0,4,3,1369.5
v1annealC_120k_l0fix_cot,MATH500,322,4,4,4,0,0,4,4,976.25
v1annealC_120k_l0fix_cot,MATH500,326,4,0,0,2,0,2,0,3575.75
v1annealC_120k_l0fix_cot,MATH500,330,4,4,4,0,0,4,4,2581.25
v1annealC_120k_l0fix_cot,MATH500,334,4,4,4,0,0,4,4,1503.25
v1annealC_120k_l0fix_cot,MATH500,338,4,2,2,0,0,4,2,2010.75
v1annealC_120k_l0fix_cot,MATH500,342,4,4,4,0,0,4,4,1519.0
v1annealC_120k_l0fix_cot,MATH500,346,4,4,4,0,0,4,4,1659.5
v1annealC_120k_l0fix_cot,MATH500,350,4,4,4,0,0,4,4,2286.5
v1annealC_120k_l0fix_cot,MATH500,354,4,4,4,0,0,4,4,1710.25
v1annealC_120k_l0fix_cot,MATH500,358,4,3,3,0,0,4,3,2307.75
v1annealC_120k_l0fix_cot,MATH500,362,4,4,4,0,0,4,4,1431.5
v1annealC_120k_l0fix_cot,MATH500,366,4,2,2,2,2,2,2,3079.75
v1annealC_120k_l0fix_cot,MATH500,370,4,4,4,0,0,4,4,1488.5
v1annealC_120k_l0fix_cot,MATH500,374,4,4,4,0,0,4,4,850.0
v1annealC_120k_l0fix_cot,MATH500,378,4,4,4,0,0,4,4,2020.5
v1annealC_120k_l0fix_cot,MATH500,382,4,3,3,1,0,3,3,2761.75
v1annealC_120k_l0fix_cot,MATH500,386,4,4,4,0,0,4,4,1450.75
v1annealC_120k_l0fix_cot,MATH500,390,4,2,2,0,0,4,2,2416.5
v1annealC_120k_l0fix_cot,MATH500,394,4,4,4,1,0,3,3,3606.25
v1annealC_120k_l0fix_cot,MATH500,398,4,0,0,0,0,4,0,2856.5
v1annealC_120k_l0fix_cot,MATH500,402,4,4,4,0,0,4,4,2035.75
v1annealC_120k_l0fix_cot,MATH500,406,4,3,3,1,1,3,3,2340.0
v1annealC_120k_l0fix_cot,MATH500,410,4,4,4,0,0,4,4,1691.25
v1annealC_120k_l0fix_cot,MATH500,414,4,4,4,0,0,4,4,1720.0
v1annealC_120k_l0fix_cot,MATH500,418,4,4,4,0,0,4,4,1570.25
v1annealC_120k_l0fix_cot,MATH500,422,4,0,0,4,0,0,0,3968.0
v1annealC_120k_l0fix_cot,MATH500,426,4,4,4,0,0,4,4,1281.5
v1annealC_120k_l0fix_cot,MATH500,430,4,4,4,0,0,4,4,883.75
v1annealC_120k_l0fix_cot,MATH500,434,4,4,4,0,0,4,4,1920.25
v1annealC_120k_l0fix_cot,MATH500,438,4,4,4,0,0,4,4,1399.25
v1annealC_120k_l0fix_cot,MATH500,442,4,4,4,1,1,3,3,1886.25
v1annealC_120k_l0fix_cot,MATH500,446,4,4,4,0,0,4,4,2133.5
v1annealC_120k_l0fix_cot,MATH500,450,4,4,4,0,0,4,4,1883.75
v1annealC_120k_l0fix_cot,MATH500,454,4,3,3,1,0,3,3,3172.75
v1annealC_120k_l0fix_cot,MATH500,458,4,4,4,0,0,4,4,2275.25
v1annealC_120k_l0fix_cot,MATH500,462,4,4,4,0,0,4,4,2628.5
v1annealC_120k_l0fix_cot,MATH500,466,4,1,1,3,1,1,1,3809.25
v1annealC_120k_l0fix_cot,MATH500,470,4,1,1,3,1,1,1,3967.25
v1annealC_120k_l0fix_cot,MATH500,474,4,4,4,0,0,4,4,1759.5
v1annealC_120k_l0fix_cot,MATH500,478,4,0,0,4,0,0,0,4004.0
v1annealC_120k_l0fix_cot,MATH500,482,4,4,4,0,0,4,4,2143.0
v1annealC_120k_l0fix_cot,MATH500,486,4,1,1,4,0,0,0,4038.0
v1annealC_120k_l0fix_cot,MATH500,490,4,0,1,4,0,0,0,3982.0
v1annealC_120k_l0fix_cot,MATH500,494,4,0,0,4,0,0,0,4007.0
v1annealC_120k_l0fix_cot,MATH500,498,4,3,3,0,0,4,3,2935.5
v1annealC_120k_l0fix_cot,AIME24,0,16,4,5,15,0,1,1,3922.1875
v1annealC_120k_l0fix_cot,AIME24,4,16,0,0,16,0,0,0,4017.0
v1annealC_120k_l0fix_cot,AIME24,8,16,0,0,16,0,0,0,3971.0
v1annealC_120k_l0fix_cot,AIME24,12,16,4,4,13,4,3,3,3919.3125
v1annealC_120k_l0fix_cot,AIME24,16,16,0,9,16,0,0,0,4018.0
v1annealC_120k_l0fix_cot,AIME24,20,16,2,3,13,4,3,2,3664.125
v1annealC_120k_l0fix_cot,AIME24,24,16,0,0,16,3,0,0,3940.0
v1annealC_120k_l0fix_cot,AIME24,28,16,0,0,16,0,0,0,3907.0
v1annealC_120k_l0fix_cot,AIME25,3,16,11,13,4,1,12,11,3232.875
v1annealC_120k_l0fix_cot,AIME25,7,16,11,12,9,0,7,7,3725.5
v1annealC_120k_l0fix_cot,AIME25,11,16,0,0,16,0,0,0,3964.0
v1annealC_120k_l0fix_cot,AIME25,15,16,15,16,4,0,12,12,3548.8125
v1annealC_120k_l0fix_cot,AIME25,19,16,0,0,16,4,0,0,3895.0
v1annealC_120k_l0fix_cot,AIME25,23,16,1,1,15,0,1,0,3983.0625
v1annealC_120k_l0fix_cot,AIME25,27,16,0,0,16,5,0,0,3962.0
v1annealC_120k_l0fix_cot,AMC23,0,16,16,16,0,0,16,16,1473.5
v1annealC_120k_l0fix_cot,AMC23,4,16,5,7,13,0,3,3,3932.0
v1annealC_120k_l0fix_cot,AMC23,8,16,1,1,16,0,0,0,4029.0
v1annealC_120k_l0fix_cot,AMC23,12,16,2,4,16,0,0,0,4020.0
v1annealC_120k_l0fix_cot,AMC23,16,16,16,16,1,0,15,15,2555.4375
v1annealC_120k_l0fix_cot,AMC23,20,16,0,0,16,0,0,0,3984.0
v1annealC_120k_l0fix_cot,AMC23,24,16,8,8,11,1,5,4,3750.1875
v1annealC_120k_l0fix_cot,AMC23,28,16,0,0,16,0,0,0,4016.0
v1annealC_120k_l0fix_cot,AMC23,32,16,0,5,16,1,0,0,3847.0
v1annealC_120k_l0fix_cot,AMC23,36,16,1,3,16,3,0,0,3992.0
v1annealC_120k_l0fix_cot,MATH500,3,4,4,4,0,0,4,4,1602.0
v1annealC_120k_l0fix_cot,MATH500,7,4,4,4,0,0,4,4,2031.5
v1annealC_120k_l0fix_cot,MATH500,11,4,0,0,4,1,0,0,4017.0
v1annealC_120k_l0fix_cot,MATH500,15,4,1,1,4,0,0,0,3877.0
v1annealC_120k_l0fix_cot,MATH500,19,4,2,3,2,0,2,2,3733.75
v1annealC_120k_l0fix_cot,MATH500,23,4,4,4,0,0,4,4,1931.75
v1annealC_120k_l0fix_cot,MATH500,27,4,4,4,0,0,4,4,1007.75
v1annealC_120k_l0fix_cot,MATH500,31,4,4,4,0,0,4,4,1108.75
v1annealC_120k_l0fix_cot,MATH500,35,4,4,4,0,0,4,4,2060.0
v1annealC_120k_l0fix_cot,MATH500,39,4,4,4,0,0,4,4,1902.75
v1annealC_120k_l0fix_cot,MATH500,43,4,0,0,4,1,0,0,3992.0
v1annealC_120k_l0fix_cot,MATH500,47,4,4,4,0,0,4,4,1189.25
v1annealC_120k_l0fix_cot,MATH500,51,4,4,4,0,0,4,4,2560.5
v1annealC_120k_l0fix_cot,MATH500,55,4,4,4,0,0,4,4,1774.5
v1annealC_120k_l0fix_cot,MATH500,59,4,4,4,0,0,4,4,1197.5
v1annealC_120k_l0fix_cot,MATH500,63,4,4,4,0,0,4,4,2558.0
v1annealC_120k_l0fix_cot,MATH500,67,4,4,4,0,0,4,4,1251.5
v1annealC_120k_l0fix_cot,MATH500,71,4,1,1,2,0,2,1,3378.75
v1annealC_120k_l0fix_cot,MATH500,75,4,4,4,0,0,4,4,2155.5
v1annealC_120k_l0fix_cot,MATH500,79,4,4,4,0,0,4,4,1175.0
v1annealC_120k_l0fix_cot,MATH500,83,4,2,3,2,0,2,2,3030.25
v1annealC_120k_l0fix_cot,MATH500,87,4,4,4,0,0,4,4,1745.25
v1annealC_120k_l0fix_cot,MATH500,91,4,4,4,0,0,4,4,1128.25
v1annealC_120k_l0fix_cot,MATH500,95,4,4,4,0,0,4,4,1304.25
v1annealC_120k_l0fix_cot,MATH500,99,4,0,0,1,0,3,0,2998.75
v1annealC_120k_l0fix_cot,MATH500,103,4,0,0,4,1,0,0,3970.0
v1annealC_120k_l0fix_cot,MATH500,107,4,4,4,0,0,4,4,1532.0
v1annealC_120k_l0fix_cot,MATH500,111,4,4,4,0,0,4,4,1358.75
v1annealC_120k_l0fix_cot,MATH500,115,4,3,3,0,0,4,3,1451.5
v1annealC_120k_l0fix_cot,MATH500,119,4,0,0,4,0,0,0,3924.0
v1annealC_120k_l0fix_cot,MATH500,123,4,2,3,3,0,1,1,3616.25
v1annealC_120k_l0fix_cot,MATH500,127,4,0,0,1,1,3,0,2663.25
v1annealC_120k_l0fix_cot,MATH500,131,4,4,4,0,0,4,4,2170.25
v1annealC_120k_l0fix_cot,MATH500,135,4,4,4,0,0,4,4,1800.5
v1annealC_120k_l0fix_cot,MATH500,139,4,4,4,1,0,3,3,3233.5
v1annealC_120k_l0fix_cot,MATH500,143,4,4,4,0,0,4,4,2165.0
v1annealC_120k_l0fix_cot,MATH500,147,4,1,1,3,1,1,1,3675.25
v1annealC_120k_l0fix_cot,MATH500,151,4,4,4,0,0,4,4,2314.25
v1annealC_120k_l0fix_cot,MATH500,155,4,4,4,0,0,4,4,2614.25
v1annealC_120k_l0fix_cot,MATH500,159,4,4,4,0,0,4,4,1665.75
v1annealC_120k_l0fix_cot,MATH500,163,4,2,2,2,0,2,2,3456.75
v1annealC_120k_l0fix_cot,MATH500,167,4,4,4,0,0,4,4,999.25
v1annealC_120k_l0fix_cot,MATH500,171,4,4,4,0,0,4,4,1179.75
v1annealC_120k_l0fix_cot,MATH500,175,4,4,4,0,0,4,4,2353.25
v1annealC_120k_l0fix_cot,MATH500,179,4,4,4,0,0,4,4,2328.0
v1annealC_120k_l0fix_cot,MATH500,183,4,4,4,0,0,4,4,2243.0
v1annealC_120k_l0fix_cot,MATH500,187,4,4,4,0,0,4,4,1380.5
v1annealC_120k_l0fix_cot,MATH500,191,4,4,4,0,0,4,4,1179.25
v1annealC_120k_l0fix_cot,MATH500,195,4,0,0,4,2,0,0,4028.0
v1annealC_120k_l0fix_cot,MATH500,199,4,4,4,0,0,4,4,996.5
v1annealC_120k_l0fix_cot,MATH500,203,4,3,3,1,1,3,3,2702.5
v1annealC_120k_l0fix_cot,MATH500,207,4,4,4,0,0,4,4,1136.0
v1annealC_120k_l0fix_cot,MATH500,211,4,4,4,0,0,4,4,1318.5
v1annealC_120k_l0fix_cot,MATH500,215,4,4,4,0,0,4,4,2226.5
v1annealC_120k_l0fix_cot,MATH500,219,4,0,0,4,0,0,0,3324.0
v1annealC_120k_l0fix_cot,MATH500,223,4,1,1,3,1,1,1,3511.25
v1annealC_120k_l0fix_cot,MATH500,227,4,0,0,0,0,4,0,1033.25
v1annealC_120k_l0fix_cot,MATH500,231,4,4,4,0,0,4,4,1779.5
v1annealC_120k_l0fix_cot,MATH500,235,4,4,4,0,0,4,4,2027.0
v1annealC_120k_l0fix_cot,MATH500,239,4,0,0,4,0,0,0,3957.0
v1annealC_120k_l0fix_cot,MATH500,243,4,4,4,0,0,4,4,1012.0
v1annealC_120k_l0fix_cot,MATH500,247,4,4,4,0,0,4,4,2002.75
v1annealC_120k_l0fix_cot,MATH500,251,4,4,4,0,0,4,4,2703.5
v1annealC_120k_l0fix_cot,MATH500,255,4,0,0,0,0,4,0,1443.0
v1annealC_120k_l0fix_cot,MATH500,259,4,4,4,0,0,4,4,1289.0
v1annealC_120k_l0fix_cot,MATH500,263,4,4,4,0,0,4,4,1321.25
v1annealC_120k_l0fix_cot,MATH500,267,4,0,0,4,1,0,0,3873.0
v1annealC_120k_l0fix_cot,MATH500,271,4,4,4,0,0,4,4,3046.25
v1annealC_120k_l0fix_cot,MATH500,275,4,4,4,0,0,4,4,1479.25
v1annealC_120k_l0fix_cot,MATH500,279,4,3,3,1,1,3,3,2149.5
v1annealC_120k_l0fix_cot,MATH500,283,4,4,4,0,0,4,4,1299.0
v1annealC_120k_l0fix_cot,MATH500,287,4,4,4,0,0,4,4,2820.25
v1annealC_120k_l0fix_cot,MATH500,291,4,4,4,0,0,4,4,1692.0
v1annealC_120k_l0fix_cot,MATH500,295,4,1,1,3,2,1,1,3877.0
v1annealC_120k_l0fix_cot,MATH500,299,4,2,2,2,0,2,2,3043.0
v1annealC_120k_l0fix_cot,MATH500,303,4,0,0,4,0,0,0,4012.0
v1annealC_120k_l0fix_cot,MATH500,307,4,4,4,2,0,2,2,3440.25
v1annealC_120k_l0fix_cot,MATH500,311,4,2,2,2,2,2,2,2919.0
v1annealC_120k_l0fix_cot,MATH500,315,4,4,4,0,0,4,4,1952.75
v1annealC_120k_l0fix_cot,MATH500,319,4,4,4,0,0,4,4,1067.25
v1annealC_120k_l0fix_cot,MATH500,323,4,1,1,3,2,1,1,4015.0
v1annealC_120k_l0fix_cot,MATH500,327,4,2,2,4,0,0,0,3987.0
v1annealC_120k_l0fix_cot,MATH500,331,4,4,4,0,0,4,4,2164.25
v1annealC_120k_l0fix_cot,MATH500,335,4,3,3,1,0,3,3,2633.0
v1annealC_120k_l0fix_cot,MATH500,339,4,4,4,0,0,4,4,2937.25
v1annealC_120k_l0fix_cot,MATH500,343,4,0,4,0,0,4,4,1337.75
v1annealC_120k_l0fix_cot,MATH500,347,4,4,4,0,0,4,4,1368.5
v1annealC_120k_l0fix_cot,MATH500,351,4,1,1,4,0,0,0,4002.0
v1annealC_120k_l0fix_cot,MATH500,355,4,1,2,3,0,1,1,3995.0
v1annealC_120k_l0fix_cot,MATH500,359,4,4,4,0,0,4,4,2259.0
v1annealC_120k_l0fix_cot,MATH500,363,4,4,4,0,0,4,4,1217.25
v1annealC_120k_l0fix_cot,MATH500,367,4,4,4,0,0,4,4,1483.25
v1annealC_120k_l0fix_cot,MATH500,371,4,0,0,4,0,0,0,4016.0
v1annealC_120k_l0fix_cot,MATH500,375,4,4,4,0,0,4,4,1463.25
v1annealC_120k_l0fix_cot,MATH500,379,4,1,2,3,0,1,1,3747.0
v1annealC_120k_l0fix_cot,MATH500,383,4,0,0,0,0,4,0,1610.5
v1annealC_120k_l0fix_cot,MATH500,387,4,4,4,0,0,4,4,1470.0
v1annealC_120k_l0fix_cot,MATH500,391,4,4,4,0,0,4,4,3282.5
v1annealC_120k_l0fix_cot,MATH500,395,4,4,4,0,0,4,4,1976.75
v1annealC_120k_l0fix_cot,MATH500,399,4,4,4,0,0,4,4,1268.25
v1annealC_120k_l0fix_cot,MATH500,403,4,4,4,4,0,0,0,4026.0
v1annealC_120k_l0fix_cot,MATH500,407,4,4,4,0,0,4,4,1648.25
v1annealC_120k_l0fix_cot,MATH500,411,4,4,4,0,0,4,4,1274.0
v1annealC_120k_l0fix_cot,MATH500,415,4,4,4,0,0,4,4,3084.5
v1annealC_120k_l0fix_cot,MATH500,419,4,3,3,2,0,2,2,3766.25
v1annealC_120k_l0fix_cot,MATH500,423,4,3,3,1,0,3,3,3206.0
v1annealC_120k_l0fix_cot,MATH500,427,4,4,4,0,0,4,4,1542.75
v1annealC_120k_l0fix_cot,MATH500,431,4,3,3,1,0,3,3,2872.75
v1annealC_120k_l0fix_cot,MATH500,435,4,4,4,0,0,4,4,1582.0
v1annealC_120k_l0fix_cot,MATH500,439,4,2,2,3,0,1,1,3712.25
v1annealC_120k_l0fix_cot,MATH500,443,4,4,4,0,0,4,4,1165.75
v1annealC_120k_l0fix_cot,MATH500,447,4,4,4,0,0,4,4,985.0
v1annealC_120k_l0fix_cot,MATH500,451,4,4,4,0,0,4,4,1992.25
v1annealC_120k_l0fix_cot,MATH500,455,4,4,4,0,0,4,4,1238.25
v1annealC_120k_l0fix_cot,MATH500,459,4,4,4,0,0,4,4,2960.75
v1annealC_120k_l0fix_cot,MATH500,463,4,4,4,0,0,4,4,799.5
v1annealC_120k_l0fix_cot,MATH500,467,4,0,0,1,0,3,0,3485.0
v1annealC_120k_l0fix_cot,MATH500,471,4,4,4,0,0,4,4,1618.5
v1annealC_120k_l0fix_cot,MATH500,475,4,2,2,2,0,2,2,3696.25
v1annealC_120k_l0fix_cot,MATH500,479,4,4,4,0,0,4,4,1697.75
v1annealC_120k_l0fix_cot,MATH500,483,4,3,3,1,0,3,3,3262.0
v1annealC_120k_l0fix_cot,MATH500,487,4,4,4,1,1,3,3,2295.75
v1annealC_120k_l0fix_cot,MATH500,491,4,4,4,0,0,4,4,1977.25
v1annealC_120k_l0fix_cot,MATH500,495,4,4,4,0,0,4,4,1990.25
v1annealC_120k_l0fix_cot,MATH500,499,4,0,0,4,0,0,0,4024.0
v1annealC_120k_l0fix_cot,AIME24,1,16,1,1,16,2,0,0,3998.0
v1annealC_120k_l0fix_cot,AIME24,5,16,14,14,3,0,13,13,3234.375
v1annealC_120k_l0fix_cot,AIME24,9,16,2,3,16,0,0,0,4016.0
v1annealC_120k_l0fix_cot,AIME24,13,16,0,0,13,3,3,0,3770.1875
v1annealC_120k_l0fix_cot,AIME24,17,16,2,4,15,0,1,1,3895.75
v1annealC_120k_l0fix_cot,AIME24,21,16,6,6,13,1,3,3,3821.0
v1annealC_120k_l0fix_cot,AIME24,25,16,0,0,16,2,0,0,3996.0
v1annealC_120k_l0fix_cot,AIME24,29,16,1,2,16,2,0,0,3967.0
v1annealC_120k_l0fix_cot,AIME25,0,16,15,15,2,1,14,14,2710.75
v1annealC_120k_l0fix_cot,AIME25,4,16,1,2,15,2,1,0,4000.6875
v1annealC_120k_l0fix_cot,AIME25,8,16,0,0,16,2,0,0,3985.0
v1annealC_120k_l0fix_cot,AIME25,12,16,0,0,16,0,0,0,4003.0
v1annealC_120k_l0fix_cot,AIME25,16,16,15,15,1,0,15,15,2689.4375
v1annealC_120k_l0fix_cot,AIME25,20,16,0,0,16,0,0,0,3874.0
v1annealC_120k_l0fix_cot,AIME25,24,16,1,1,15,3,1,1,3990.25
v1annealC_120k_l0fix_cot,AIME25,28,16,0,0,16,1,0,0,3989.0
v1annealC_120k_l0fix_cot,AMC23,1,16,16,16,0,0,16,16,2188.125
v1annealC_120k_l0fix_cot,AMC23,5,16,5,7,12,0,4,4,3914.875
v1annealC_120k_l0fix_cot,AMC23,9,16,16,16,0,0,16,16,2254.3125
v1annealC_120k_l0fix_cot,AMC23,13,16,2,6,14,0,2,2,3942.1875
v1annealC_120k_l0fix_cot,AMC23,17,16,11,12,6,2,10,10,3524.1875
v1annealC_120k_l0fix_cot,AMC23,21,16,16,16,0,0,16,16,2391.75
v1annealC_120k_l0fix_cot,AMC23,25,16,14,14,1,1,15,14,2376.6875
v1annealC_120k_l0fix_cot,AMC23,29,16,15,15,1,0,15,15,2842.25
v1annealC_120k_l0fix_cot,AMC23,33,16,16,16,0,0,16,16,1379.375
v1annealC_120k_l0fix_cot,AMC23,37,16,9,9,4,2,12,9,3313.5
v1annealC_120k_l0fix_cot,MATH500,0,4,4,4,0,0,4,4,1055.0
v1annealC_120k_l0fix_cot,MATH500,4,4,0,0,0,0,4,0,2514.0
v1annealC_120k_l0fix_cot,MATH500,8,4,4,4,0,0,4,4,1131.25
v1annealC_120k_l0fix_cot,MATH500,12,4,4,4,0,0,4,4,2964.0
v1annealC_120k_l0fix_cot,MATH500,16,4,4,4,0,0,4,4,1940.25
v1annealC_120k_l0fix_cot,MATH500,20,4,0,0,4,0,0,0,4067.0
v1annealC_120k_l0fix_cot,MATH500,24,4,4,4,0,0,4,4,2695.0
v1annealC_120k_l0fix_cot,MATH500,28,4,4,4,0,0,4,4,1533.5
v1annealC_120k_l0fix_cot,MATH500,32,4,1,1,3,1,1,1,3702.25
v1annealC_120k_l0fix_cot,MATH500,36,4,1,1,3,0,1,1,3689.75
v1annealC_120k_l0fix_cot,MATH500,40,4,4,4,0,0,4,4,909.5
v1annealC_120k_l0fix_cot,MATH500,44,4,4,4,0,0,4,4,1511.0
v1annealC_120k_l0fix_cot,MATH500,48,4,4,4,0,0,4,4,1239.0
v1annealC_120k_l0fix_cot,MATH500,52,4,4,4,0,0,4,4,1645.75
v1annealC_120k_l0fix_cot,MATH500,56,4,4,4,0,0,4,4,1204.0
v1annealC_120k_l0fix_cot,MATH500,60,4,1,1,2,0,2,1,3746.0
v1annealC_120k_l0fix_cot,MATH500,64,4,2,2,2,1,2,2,3743.5
v1annealC_120k_l0fix_cot,MATH500,68,4,3,3,1,0,3,3,3206.75
v1annealC_120k_l0fix_cot,MATH500,72,4,4,4,0,0,4,4,1554.0
v1annealC_120k_l0fix_cot,MATH500,76,4,3,4,1,1,3,3,2652.0
v1annealC_120k_l0fix_cot,MATH500,80,4,0,0,3,0,1,0,3818.5
v1annealC_120k_l0fix_cot,MATH500,84,4,4,4,0,0,4,4,3217.0
v1annealC_120k_l0fix_cot,MATH500,88,4,2,3,3,0,1,1,3811.0
v1annealC_120k_l0fix_cot,MATH500,92,4,4,4,0,0,4,4,2938.5
v1annealC_120k_l0fix_cot,MATH500,96,4,0,0,4,0,0,0,3970.0
v1annealC_120k_l0fix_cot,MATH500,100,4,0,0,4,0,0,0,3873.0
v1annealC_120k_l0fix_cot,MATH500,104,4,1,1,4,0,0,0,3999.0
v1annealC_120k_l0fix_cot,MATH500,108,4,3,3,2,0,2,2,3533.25
v1annealC_120k_l0fix_cot,MATH500,112,4,4,4,0,0,4,4,1869.5
v1annealC_120k_l0fix_cot,MATH500,116,4,4,4,0,0,4,4,1661.5
v1annealC_120k_l0fix_cot,MATH500,120,4,0,0,4,1,0,0,4016.0
v1annealC_120k_l0fix_cot,MATH500,124,4,4,4,0,0,4,4,2703.25
v1annealC_120k_l0fix_cot,MATH500,128,4,2,2,2,0,2,1,3551.0
v1annealC_120k_l0fix_cot,MATH500,132,4,4,4,0,0,4,4,1894.25
v1annealC_120k_l0fix_cot,MATH500,136,4,0,1,4,0,0,0,3977.0
v1annealC_120k_l0fix_cot,MATH500,140,4,4,4,0,0,4,4,2200.0
v1annealC_120k_l0fix_cot,MATH500,144,4,4,4,0,0,4,4,1093.5
v1annealC_120k_l0fix_cot,MATH500,148,4,4,4,0,0,4,4,1280.5
v1annealC_120k_l0fix_cot,MATH500,152,4,1,1,4,0,0,0,3996.0
v1annealC_120k_l0fix_cot,MATH500,156,4,0,0,4,0,0,0,3857.0
v1annealC_120k_l0fix_cot,MATH500,160,4,4,4,0,0,4,4,1774.25
v1annealC_120k_l0fix_cot,MATH500,164,4,1,1,4,0,0,0,4057.0
v1annealC_120k_l0fix_cot,MATH500,168,4,0,0,4,2,0,0,3362.0
v1annealC_120k_l0fix_cot,MATH500,172,4,4,4,0,0,4,4,1509.5
v1annealC_120k_l0fix_cot,MATH500,176,4,3,3,2,0,2,2,3293.0
v1annealC_120k_l0fix_cot,MATH500,180,4,4,4,0,0,4,4,1929.75
v1annealC_120k_l0fix_cot,MATH500,184,4,0,0,4,0,0,0,4025.0
v1annealC_120k_l0fix_cot,MATH500,188,4,3,3,2,0,2,2,3540.75
v1annealC_120k_l0fix_cot,MATH500,192,4,4,4,0,0,4,4,2357.0
v1annealC_120k_l0fix_cot,MATH500,196,4,4,4,0,0,4,4,1465.0
v1annealC_120k_l0fix_cot,MATH500,200,4,4,4,0,0,4,4,1995.75
v1annealC_120k_l0fix_cot,MATH500,204,4,0,0,4,1,0,0,3992.0
v1annealC_120k_l0fix_cot,MATH500,208,4,4,4,0,0,4,4,1832.0
v1annealC_120k_l0fix_cot,MATH500,212,4,4,4,0,0,4,4,1499.75
v1annealC_120k_l0fix_cot,MATH500,216,4,4,4,0,0,4,4,1730.5
v1annealC_120k_l0fix_cot,MATH500,220,4,4,4,0,0,4,4,1773.25
v1annealC_120k_l0fix_cot,MATH500,224,4,2,2,4,0,0,0,4017.0
v1annealC_120k_l0fix_cot,MATH500,228,4,3,3,1,1,3,3,3765.0
v1annealC_120k_l0fix_cot,MATH500,232,4,0,0,3,2,1,0,3899.5
v1annealC_120k_l0fix_cot,MATH500,236,4,0,0,4,0,0,0,4030.0
v1annealC_120k_l0fix_cot,MATH500,240,4,0,0,4,0,0,0,3828.0
v1annealC_120k_l0fix_cot,MATH500,244,4,4,4,0,0,4,4,2377.25
v1annealC_120k_l0fix_cot,MATH500,248,4,2,2,2,0,2,1,3684.75
v1annealC_120k_l0fix_cot,MATH500,252,4,4,4,0,0,4,4,2210.0
v1annealC_120k_l0fix_cot,MATH500,256,4,4,4,0,0,4,4,1930.0
v1annealC_120k_l0fix_cot,MATH500,260,4,4,4,0,0,4,4,2059.5
v1annealC_120k_l0fix_cot,MATH500,264,4,0,0,4,0,0,0,3791.0
v1annealC_120k_l0fix_cot,MATH500,268,4,4,4,0,0,4,4,1544.0
v1annealC_120k_l0fix_cot,MATH500,272,4,4,4,0,0,4,4,2021.25
v1annealC_120k_l0fix_cot,MATH500,276,4,4,4,0,0,4,4,1860.5
v1annealC_120k_l0fix_cot,MATH500,280,4,4,4,0,0,4,4,1720.25
v1annealC_120k_l0fix_cot,MATH500,284,4,0,0,3,0,1,0,3530.0
v1annealC_120k_l0fix_cot,MATH500,288,4,2,2,3,0,1,1,3665.75
v1annealC_120k_l0fix_cot,MATH500,292,4,1,1,3,0,1,0,3694.75
v1annealC_120k_l0fix_cot,MATH500,296,4,0,0,4,0,0,0,3940.0
v1annealC_120k_l0fix_cot,MATH500,300,4,4,4,0,0,4,4,1564.5
v1annealC_120k_l0fix_cot,MATH500,304,4,4,4,0,0,4,4,2817.25
v1annealC_120k_l0fix_cot,MATH500,308,4,0,0,4,0,0,0,4027.0
v1annealC_120k_l0fix_cot,MATH500,312,4,4,4,0,0,4,4,959.75
v1annealC_120k_l0fix_cot,MATH500,316,4,4,4,0,0,4,4,2076.25
v1annealC_120k_l0fix_cot,MATH500,320,4,1,1,3,1,1,1,3619.75
v1annealC_120k_l0fix_cot,MATH500,324,4,0,0,2,0,2,0,3612.25
v1annealC_120k_l0fix_cot,MATH500,328,4,1,2,3,1,1,1,3705.0
v1annealC_120k_l0fix_cot,MATH500,332,4,1,2,3,0,1,1,3788.75
v1annealC_120k_l0fix_cot,MATH500,336,4,3,4,0,0,4,4,1780.5
v1annealC_120k_l0fix_cot,MATH500,340,4,0,0,4,1,0,0,3991.0
v1annealC_120k_l0fix_cot,MATH500,344,4,4,4,0,0,4,4,1253.75
v1annealC_120k_l0fix_cot,MATH500,348,4,4,4,0,0,4,4,2149.5
v1annealC_120k_l0fix_cot,MATH500,352,4,0,0,4,0,0,0,3853.0
v1annealC_120k_l0fix_cot,MATH500,356,4,3,3,1,0,3,3,2594.75
v1annealC_120k_l0fix_cot,MATH500,360,4,4,4,0,0,4,4,1850.0
v1annealC_120k_l0fix_cot,MATH500,364,4,3,3,1,0,3,3,2614.0
v1annealC_120k_l0fix_cot,MATH500,368,4,4,4,0,0,4,4,1491.75
v1annealC_120k_l0fix_cot,MATH500,372,4,2,2,2,0,2,2,3503.75
v1annealC_120k_l0fix_cot,MATH500,376,4,4,4,0,0,4,4,2065.0
v1annealC_120k_l0fix_cot,MATH500,380,4,2,2,0,0,4,2,2112.0
v1annealC_120k_l0fix_cot,MATH500,384,4,4,4,0,0,4,4,777.0
v1annealC_120k_l0fix_cot,MATH500,388,4,3,3,0,0,4,3,1675.5
v1annealC_120k_l0fix_cot,MATH500,392,4,0,0,4,0,0,0,3745.0
v1annealC_120k_l0fix_cot,MATH500,396,4,1,2,3,0,1,1,3548.5
v1annealC_120k_l0fix_cot,MATH500,400,4,0,0,4,0,0,0,4009.0
v1annealC_120k_l0fix_cot,MATH500,404,4,4,4,0,0,4,4,1207.25
v1annealC_120k_l0fix_cot,MATH500,408,4,0,0,3,0,1,0,3849.5
v1annealC_120k_l0fix_cot,MATH500,412,4,1,1,4,1,0,0,4004.0
v1annealC_120k_l0fix_cot,MATH500,416,4,2,2,3,0,1,1,3571.0
v1annealC_120k_l0fix_cot,MATH500,420,4,0,0,1,0,3,0,2126.75
v1annealC_120k_l0fix_cot,MATH500,424,4,4,4,0,0,4,4,1494.0
v1annealC_120k_l0fix_cot,MATH500,428,4,3,3,1,0,3,3,2740.5
v1annealC_120k_l0fix_cot,MATH500,432,4,1,1,3,1,1,1,3930.0
v1annealC_120k_l0fix_cot,MATH500,436,4,4,4,1,0,3,3,3451.5
v1annealC_120k_l0fix_cot,MATH500,440,4,4,4,0,0,4,4,1392.75
v1annealC_120k_l0fix_cot,MATH500,444,4,0,0,4,0,0,0,3887.0
v1annealC_120k_l0fix_cot,MATH500,448,4,4,4,0,0,4,4,2031.75
v1annealC_120k_l0fix_cot,MATH500,452,4,4,4,0,0,4,4,1580.75
v1annealC_120k_l0fix_cot,MATH500,456,4,1,1,1,0,3,1,2843.25
v1annealC_120k_l0fix_cot,MATH500,460,4,0,0,4,0,0,0,3892.0
v1annealC_120k_l0fix_cot,MATH500,464,4,4,4,1,0,3,3,2840.0
v1annealC_120k_l0fix_cot,MATH500,468,4,4,4,0,0,4,4,1888.0
v1annealC_120k_l0fix_cot,MATH500,472,4,4,4,0,0,4,4,1419.25
v1annealC_120k_l0fix_cot,MATH500,476,4,4,4,0,0,4,4,1320.25
v1annealC_120k_l0fix_cot,MATH500,480,4,4,4,0,0,4,4,2345.5
v1annealC_120k_l0fix_cot,MATH500,484,4,4,4,1,0,3,3,2995.75
v1annealC_120k_l0fix_cot,MATH500,488,4,4,4,0,0,4,4,1050.25
v1annealC_120k_l0fix_cot,MATH500,492,4,4,4,0,0,4,4,1270.5
v1annealC_120k_l0fix_cot,MATH500,496,4,4,4,0,0,4,4,2168.0
v1annealTT_120k_cot,AIME24,2,16,0,1,16,1,0,0,3933.0
v1annealTT_120k_cot,AIME24,6,16,0,0,16,0,0,0,3990.0
v1annealTT_120k_cot,AIME24,10,16,0,0,16,0,0,0,3999.0
v1annealTT_120k_cot,AIME24,14,16,0,0,16,0,0,0,3891.0
v1annealTT_120k_cot,AIME24,18,16,15,16,2,0,14,14,3326.5625
v1annealTT_120k_cot,AIME24,22,16,0,0,16,1,0,0,3845.0
v1annealTT_120k_cot,AIME24,26,16,0,0,16,0,0,0,3988.0
v1annealTT_120k_cot,AIME25,1,16,0,1,16,0,0,0,3923.0
v1annealTT_120k_cot,AIME25,5,16,16,16,1,0,15,15,3314.4375
v1annealTT_120k_cot,AIME25,9,16,0,0,16,4,0,0,3918.0
v1annealTT_120k_cot,AIME25,13,16,0,1,16,2,0,0,3939.0
v1annealTT_120k_cot,AIME25,17,16,0,0,16,0,0,0,4005.0
v1annealTT_120k_cot,AIME25,21,16,0,1,16,0,0,0,3990.0
v1annealTT_120k_cot,AIME25,25,16,0,0,16,0,0,0,4024.0
v1annealTT_120k_cot,AIME25,29,16,0,0,16,0,0,0,4008.0
v1annealTT_120k_cot,AMC23,2,16,16,16,0,0,16,16,1350.4375
v1annealTT_120k_cot,AMC23,6,16,0,0,16,0,0,0,4006.0
v1annealTT_120k_cot,AMC23,10,16,9,10,9,0,7,7,3750.9375
v1annealTT_120k_cot,AMC23,14,16,1,3,16,0,0,0,3893.0
v1annealTT_120k_cot,AMC23,18,16,0,0,16,0,0,0,3999.0
v1annealTT_120k_cot,AMC23,22,16,16,16,0,0,16,16,1569.125
v1annealTT_120k_cot,AMC23,26,16,16,16,1,0,15,15,2987.1875
v1annealTT_120k_cot,AMC23,30,16,15,15,0,0,16,15,1125.4375
v1annealTT_120k_cot,AMC23,34,16,16,16,0,0,16,16,1283.5625
v1annealTT_120k_cot,AMC23,38,16,9,13,8,0,8,7,3579.625
v1annealTT_120k_cot,MATH500,1,4,4,4,0,0,4,4,2622.0
v1annealTT_120k_cot,MATH500,5,4,4,4,0,0,4,4,832.5
v1annealTT_120k_cot,MATH500,9,4,0,0,4,0,0,0,3929.0
v1annealTT_120k_cot,MATH500,13,4,4,4,0,0,4,4,881.0
v1annealTT_120k_cot,MATH500,17,4,1,1,3,0,1,1,3499.5
v1annealTT_120k_cot,MATH500,21,4,3,3,2,0,2,2,3874.75
v1annealTT_120k_cot,MATH500,25,4,1,1,2,0,2,0,3815.25
v1annealTT_120k_cot,MATH500,29,4,4,4,0,0,4,4,1328.25
v1annealTT_120k_cot,MATH500,33,4,4,4,1,0,3,3,3385.0
v1annealTT_120k_cot,MATH500,37,4,4,4,0,0,4,4,726.75
v1annealTT_120k_cot,MATH500,41,4,1,1,3,0,1,1,3865.0
v1annealTT_120k_cot,MATH500,45,4,4,4,0,0,4,4,1300.25
v1annealTT_120k_cot,MATH500,49,4,4,4,0,0,4,4,1026.5
v1annealTT_120k_cot,MATH500,53,4,4,4,0,0,4,4,1053.5
v1annealTT_120k_cot,MATH500,57,4,4,4,0,0,4,4,1888.0
v1annealTT_120k_cot,MATH500,61,4,2,3,2,0,2,2,3163.5
v1annealTT_120k_cot,MATH500,65,4,4,4,0,0,4,4,1470.5
v1annealTT_120k_cot,MATH500,69,4,2,3,3,0,1,1,3518.25
v1annealTT_120k_cot,MATH500,73,4,4,4,0,0,4,4,1487.75
v1annealTT_120k_cot,MATH500,77,4,4,4,0,0,4,4,1488.75
v1annealTT_120k_cot,MATH500,81,4,4,4,0,0,4,4,1259.75
v1annealTT_120k_cot,MATH500,85,4,4,4,0,0,4,4,1354.5
v1annealTT_120k_cot,MATH500,89,4,4,4,0,0,4,4,2576.5
v1annealTT_120k_cot,MATH500,93,4,4,4,0,0,4,4,1748.75
v1annealTT_120k_cot,MATH500,97,4,1,1,0,0,4,1,1536.25
v1annealTT_120k_cot,MATH500,101,4,0,1,4,0,0,0,3898.0
v1annealTT_120k_cot,MATH500,105,4,4,4,0,0,4,4,1342.75
v1annealTT_120k_cot,MATH500,109,4,1,1,3,0,1,1,3806.75
v1annealTT_120k_cot,MATH500,113,4,4,4,0,0,4,4,1833.5
v1annealTT_120k_cot,MATH500,117,4,4,4,0,0,4,4,903.25
v1annealTT_120k_cot,MATH500,121,4,4,4,0,0,4,4,1244.0
v1annealTT_120k_cot,MATH500,125,4,4,4,1,0,3,3,2232.5
v1annealTT_120k_cot,MATH500,129,4,1,1,3,0,1,1,3988.5
v1annealTT_120k_cot,MATH500,133,4,4,4,0,0,4,4,1094.5
v1annealTT_120k_cot,MATH500,137,4,4,4,0,0,4,4,2185.75
v1annealTT_120k_cot,MATH500,141,4,4,4,0,0,4,4,1428.5
v1annealTT_120k_cot,MATH500,145,4,1,2,3,0,1,1,3522.75
v1annealTT_120k_cot,MATH500,149,4,4,4,0,0,4,4,2225.0
v1annealTT_120k_cot,MATH500,153,4,1,1,3,0,1,1,3962.25
v1annealTT_120k_cot,MATH500,157,4,3,3,1,0,3,3,2620.25
v1annealTT_120k_cot,MATH500,161,4,4,4,0,0,4,4,1536.0
v1annealTT_120k_cot,MATH500,165,4,4,4,0,0,4,4,1627.25
v1annealTT_120k_cot,MATH500,169,4,4,4,0,0,4,4,1341.5
v1annealTT_120k_cot,MATH500,173,4,4,4,1,0,3,3,3720.0
v1annealTT_120k_cot,MATH500,177,4,1,1,3,1,1,1,3697.25
v1annealTT_120k_cot,MATH500,181,4,4,4,0,0,4,4,2061.5
v1annealTT_120k_cot,MATH500,185,4,4,4,0,0,4,4,1266.75
v1annealTT_120k_cot,MATH500,189,4,0,1,4,0,0,0,3563.0
v1annealTT_120k_cot,MATH500,193,4,3,3,1,0,3,3,2371.75
v1annealTT_120k_cot,MATH500,197,4,2,2,2,0,2,2,3725.5
v1annealTT_120k_cot,MATH500,201,4,4,4,0,0,4,4,2266.25
v1annealTT_120k_cot,MATH500,205,4,4,4,0,0,4,4,2028.0
v1annealTT_120k_cot,MATH500,209,4,4,4,0,0,4,4,1843.5
v1annealTT_120k_cot,MATH500,213,4,1,2,3,0,1,1,3902.0
v1annealTT_120k_cot,MATH500,217,4,0,0,4,1,0,0,4059.0
v1annealTT_120k_cot,MATH500,221,4,4,4,0,0,4,4,2303.0
v1annealTT_120k_cot,MATH500,225,4,4,4,0,0,4,4,1753.5
v1annealTT_120k_cot,MATH500,229,4,4,4,0,0,4,4,1225.75
v1annealTT_120k_cot,MATH500,233,4,4,4,0,0,4,4,1235.75
v1annealTT_120k_cot,MATH500,237,4,4,4,0,0,4,4,1925.5
v1annealTT_120k_cot,MATH500,241,4,4,4,1,0,3,3,3046.75
v1annealTT_120k_cot,MATH500,245,4,3,3,2,0,2,2,3669.75
v1annealTT_120k_cot,MATH500,249,4,4,4,1,0,3,3,3055.75
v1annealTT_120k_cot,MATH500,253,4,4,4,0,0,4,4,1073.75
v1annealTT_120k_cot,MATH500,257,4,0,0,0,0,4,0,974.75
v1annealTT_120k_cot,MATH500,261,4,4,4,0,0,4,4,2221.75
v1annealTT_120k_cot,MATH500,265,4,4,4,0,0,4,4,1714.5
v1annealTT_120k_cot,MATH500,269,4,4,4,0,0,4,4,815.25
v1annealTT_120k_cot,MATH500,273,4,3,3,0,0,4,3,1675.5
v1annealTT_120k_cot,MATH500,277,4,4,4,0,0,4,4,1095.75
v1annealTT_120k_cot,MATH500,281,4,2,2,2,0,2,2,3648.0
v1annealTT_120k_cot,MATH500,285,4,2,2,3,0,1,1,3872.0
v1annealTT_120k_cot,MATH500,289,4,4,4,0,0,4,4,2747.0
v1annealTT_120k_cot,MATH500,293,4,4,4,0,0,4,4,1862.25
v1annealTT_120k_cot,MATH500,297,4,4,4,0,0,4,4,1998.75
v1annealTT_120k_cot,MATH500,301,4,2,2,2,0,2,2,3009.5
v1annealTT_120k_cot,MATH500,305,4,4,4,0,0,4,4,1802.75
v1annealTT_120k_cot,MATH500,309,4,1,1,3,0,1,1,3959.5
v1annealTT_120k_cot,MATH500,313,4,4,4,0,0,4,4,972.25
v1annealTT_120k_cot,MATH500,317,4,2,2,3,0,1,1,3634.5
v1annealTT_120k_cot,MATH500,321,4,4,4,0,0,4,4,1627.5
v1annealTT_120k_cot,MATH500,325,4,4,4,0,0,4,4,1606.0
v1annealTT_120k_cot,MATH500,329,4,4,4,0,0,4,4,1045.25
v1annealTT_120k_cot,MATH500,333,4,1,1,3,0,1,1,3884.75
v1annealTT_120k_cot,MATH500,337,4,4,4,0,0,4,4,2060.75
v1annealTT_120k_cot,MATH500,341,4,4,4,0,0,4,4,1988.25
v1annealTT_120k_cot,MATH500,345,4,4,4,0,0,4,4,2006.5
v1annealTT_120k_cot,MATH500,349,4,0,1,4,0,0,0,4042.0
v1annealTT_120k_cot,MATH500,353,4,4,4,0,0,4,4,1583.25
v1annealTT_120k_cot,MATH500,357,4,4,4,0,0,4,4,2360.75
v1annealTT_120k_cot,MATH500,361,4,4,4,0,0,4,4,3357.5
v1annealTT_120k_cot,MATH500,365,4,3,3,3,0,1,1,3874.75
v1annealTT_120k_cot,MATH500,369,4,1,1,3,0,1,1,3676.75
v1annealTT_120k_cot,MATH500,373,4,3,3,1,0,3,3,3292.5
v1annealTT_120k_cot,MATH500,377,4,4,4,0,0,4,4,2512.75
v1annealTT_120k_cot,MATH500,381,4,0,0,4,0,0,0,4033.0
v1annealTT_120k_cot,MATH500,385,4,3,3,0,0,4,3,1519.5
v1annealTT_120k_cot,MATH500,389,4,4,4,0,0,4,4,1986.5
v1annealTT_120k_cot,MATH500,393,4,4,4,0,0,4,4,1483.0
v1annealTT_120k_cot,MATH500,397,4,4,4,0,0,4,4,894.75
v1annealTT_120k_cot,MATH500,401,4,0,0,4,0,0,0,4036.0
v1annealTT_120k_cot,MATH500,405,4,4,4,0,0,4,4,1734.5
v1annealTT_120k_cot,MATH500,409,4,4,4,0,0,4,4,2619.5
v1annealTT_120k_cot,MATH500,413,4,4,4,0,0,4,4,685.5
v1annealTT_120k_cot,MATH500,417,4,4,4,0,0,4,4,2304.0
v1annealTT_120k_cot,MATH500,421,4,0,0,4,0,0,0,3975.0
v1annealTT_120k_cot,MATH500,425,4,0,0,4,0,0,0,3999.0
v1annealTT_120k_cot,MATH500,429,4,4,4,0,0,4,4,2747.0
v1annealTT_120k_cot,MATH500,433,4,4,4,0,0,4,4,2273.0
v1annealTT_120k_cot,MATH500,437,4,4,4,0,0,4,4,1397.25
v1annealTT_120k_cot,MATH500,441,4,4,4,0,0,4,4,1580.75
v1annealTT_120k_cot,MATH500,445,4,0,0,4,0,0,0,3794.0
v1annealTT_120k_cot,MATH500,449,4,4,4,0,0,4,4,1912.25
v1annealTT_120k_cot,MATH500,453,4,4,4,0,0,4,4,1720.0
v1annealTT_120k_cot,MATH500,457,4,4,4,0,0,4,4,1255.25
v1annealTT_120k_cot,MATH500,461,4,4,4,0,0,4,4,1757.75
v1annealTT_120k_cot,MATH500,465,4,4,4,0,0,4,4,2000.0
v1annealTT_120k_cot,MATH500,469,4,3,3,1,1,3,3,2197.25
v1annealTT_120k_cot,MATH500,473,4,3,3,1,0,3,3,2946.5
v1annealTT_120k_cot,MATH500,477,4,4,4,0,0,4,4,2524.75
v1annealTT_120k_cot,MATH500,481,4,0,0,4,0,0,0,3976.0
v1annealTT_120k_cot,MATH500,485,4,0,3,4,0,0,0,3859.0
v1annealTT_120k_cot,MATH500,489,4,3,4,3,0,1,1,3714.25
v1annealTT_120k_cot,MATH500,493,4,2,2,3,0,1,1,3977.0
v1annealTT_120k_cot,MATH500,497,4,0,0,4,0,0,0,4030.0
v1annealTT_120k_cot,AIME24,3,16,15,16,6,0,10,10,3682.375
v1annealTT_120k_cot,AIME24,7,16,0,0,16,7,0,0,3641.0
v1annealTT_120k_cot,AIME24,11,16,1,1,15,4,1,1,3889.625
v1annealTT_120k_cot,AIME24,15,16,14,14,4,0,12,12,3303.1875
v1annealTT_120k_cot,AIME24,19,16,2,2,15,0,1,1,3769.375
v1annealTT_120k_cot,AIME24,23,16,0,0,16,0,0,0,3981.0
v1annealTT_120k_cot,AIME24,27,16,1,1,16,0,0,0,4000.0
v1annealTT_120k_cot,AIME25,2,16,12,15,12,0,4,4,3862.6875
v1annealTT_120k_cot,AIME25,6,16,0,0,15,0,1,0,3872.625
v1annealTT_120k_cot,AIME25,10,16,0,0,16,2,0,0,3879.0
v1annealTT_120k_cot,AIME25,14,16,0,0,16,8,0,0,4004.0
v1annealTT_120k_cot,AIME25,18,16,5,5,13,0,3,2,3713.8125
v1annealTT_120k_cot,AIME25,22,16,0,0,16,0,0,0,3814.0
v1annealTT_120k_cot,AIME25,26,16,0,0,16,0,0,0,3874.0
v1annealTT_120k_cot,AMC23,3,16,15,15,1,0,15,15,3001.3125
v1annealTT_120k_cot,AMC23,7,16,0,0,16,1,0,0,3993.0
v1annealTT_120k_cot,AMC23,11,16,1,1,15,0,1,1,3866.5625
v1annealTT_120k_cot,AMC23,15,16,5,8,12,0,4,4,3736.5
v1annealTT_120k_cot,AMC23,19,16,16,16,0,0,16,16,1953.75
v1annealTT_120k_cot,AMC23,23,16,12,12,7,0,9,9,3633.8125
v1annealTT_120k_cot,AMC23,27,16,0,4,16,0,0,0,4043.0
v1annealTT_120k_cot,AMC23,31,16,0,0,16,0,0,0,4043.0
v1annealTT_120k_cot,AMC23,35,16,0,0,16,0,0,0,3962.0
v1annealTT_120k_cot,AMC23,39,16,0,0,16,0,0,0,4041.0
v1annealTT_120k_cot,MATH500,2,4,4,4,0,0,4,4,1942.5
v1annealTT_120k_cot,MATH500,6,4,3,3,1,1,3,3,2262.0
v1annealTT_120k_cot,MATH500,10,4,4,4,0,0,4,4,2796.25
v1annealTT_120k_cot,MATH500,14,4,3,3,0,0,4,3,2006.5
v1annealTT_120k_cot,MATH500,18,4,0,0,4,0,0,0,3913.0
v1annealTT_120k_cot,MATH500,22,4,4,4,0,0,4,4,1880.75
v1annealTT_120k_cot,MATH500,26,4,0,0,4,0,0,0,4027.0
v1annealTT_120k_cot,MATH500,30,4,3,3,0,0,4,3,1756.25
v1annealTT_120k_cot,MATH500,34,4,4,4,1,0,3,3,2428.5
v1annealTT_120k_cot,MATH500,38,4,4,4,0,0,4,4,609.25
v1annealTT_120k_cot,MATH500,42,4,4,4,0,0,4,4,1129.0
v1annealTT_120k_cot,MATH500,46,4,3,3,1,0,3,3,3229.75
v1annealTT_120k_cot,MATH500,50,4,4,4,0,0,4,4,2798.25
v1annealTT_120k_cot,MATH500,54,4,4,4,0,0,4,4,1110.75
v1annealTT_120k_cot,MATH500,58,4,4,4,0,0,4,4,1608.0
v1annealTT_120k_cot,MATH500,62,4,2,2,2,0,2,2,3454.5
v1annealTT_120k_cot,MATH500,66,4,4,4,0,0,4,4,1591.75
v1annealTT_120k_cot,MATH500,70,4,4,4,0,0,4,4,1677.5
v1annealTT_120k_cot,MATH500,74,4,4,4,0,0,4,4,1292.0
v1annealTT_120k_cot,MATH500,78,4,4,4,0,0,4,4,2797.75
v1annealTT_120k_cot,MATH500,82,4,3,3,1,0,3,3,3606.5
v1annealTT_120k_cot,MATH500,86,4,4,4,0,0,4,4,1443.5
v1annealTT_120k_cot,MATH500,90,4,3,3,0,0,4,3,939.25
v1annealTT_120k_cot,MATH500,94,4,0,0,4,1,0,0,3688.0
v1annealTT_120k_cot,MATH500,98,4,4,4,0,0,4,4,469.5
v1annealTT_120k_cot,MATH500,102,4,4,4,0,0,4,4,1269.25
v1annealTT_120k_cot,MATH500,106,4,4,4,0,0,4,4,1708.0
v1annealTT_120k_cot,MATH500,110,4,0,0,4,0,0,0,3966.0
v1annealTT_120k_cot,MATH500,114,4,4,4,0,0,4,4,2108.75
v1annealTT_120k_cot,MATH500,118,4,2,3,2,0,2,2,3770.5
v1annealTT_120k_cot,MATH500,122,4,4,4,0,0,4,4,1459.25
v1annealTT_120k_cot,MATH500,126,4,0,0,4,0,0,0,4000.0
v1annealTT_120k_cot,MATH500,130,4,4,4,2,0,2,2,3813.75
v1annealTT_120k_cot,MATH500,134,4,4,4,0,0,4,4,2011.25
v1annealTT_120k_cot,MATH500,138,4,2,2,1,0,3,1,3703.75
v1annealTT_120k_cot,MATH500,142,4,4,4,0,0,4,4,1631.75
v1annealTT_120k_cot,MATH500,146,4,4,4,0,0,4,4,1310.0
v1annealTT_120k_cot,MATH500,150,4,2,2,4,0,0,0,3851.0
v1annealTT_120k_cot,MATH500,154,4,0,0,4,0,0,0,3939.0
v1annealTT_120k_cot,MATH500,158,4,4,4,0,0,4,4,2149.0
v1annealTT_120k_cot,MATH500,162,4,4,4,0,0,4,4,1736.75
v1annealTT_120k_cot,MATH500,166,4,0,0,4,0,0,0,3845.0
v1annealTT_120k_cot,MATH500,170,4,2,3,3,0,1,1,3953.5
v1annealTT_120k_cot,MATH500,174,4,4,4,0,0,4,4,1830.75
v1annealTT_120k_cot,MATH500,178,4,4,4,0,0,4,4,1691.0
v1annealTT_120k_cot,MATH500,182,4,4,4,0,0,4,4,1027.25
v1annealTT_120k_cot,MATH500,186,4,4,4,0,0,4,4,1526.25
v1annealTT_120k_cot,MATH500,190,4,4,4,0,0,4,4,2158.75
v1annealTT_120k_cot,MATH500,194,4,2,2,4,0,0,0,4042.0
v1annealTT_120k_cot,MATH500,198,4,0,0,0,0,4,0,1733.5
v1annealTT_120k_cot,MATH500,202,4,4,4,2,0,2,2,3542.25
v1annealTT_120k_cot,MATH500,206,4,4,4,0,0,4,4,1672.5
v1annealTT_120k_cot,MATH500,210,4,1,2,3,1,1,1,3856.25
v1annealTT_120k_cot,MATH500,214,4,4,4,0,0,4,4,2231.75
v1annealTT_120k_cot,MATH500,218,4,4,4,0,0,4,4,1036.0
v1annealTT_120k_cot,MATH500,222,4,1,1,3,0,1,1,3879.0
v1annealTT_120k_cot,MATH500,226,4,4,4,0,0,4,4,2782.25
v1annealTT_120k_cot,MATH500,230,4,4,4,0,0,4,4,2401.75
v1annealTT_120k_cot,MATH500,234,4,4,4,0,0,4,4,2500.25
v1annealTT_120k_cot,MATH500,238,4,4,4,0,0,4,4,1491.75
v1annealTT_120k_cot,MATH500,242,4,0,0,3,0,1,0,3182.5
v1annealTT_120k_cot,MATH500,246,4,4,4,0,0,4,4,1807.25
v1annealTT_120k_cot,MATH500,250,4,4,4,0,0,4,4,1547.75
v1annealTT_120k_cot,MATH500,254,4,4,4,0,0,4,4,1691.25
v1annealTT_120k_cot,MATH500,258,4,4,4,0,0,4,4,1435.25
v1annealTT_120k_cot,MATH500,262,4,4,4,0,0,4,4,1413.25
v1annealTT_120k_cot,MATH500,266,4,4,4,0,0,4,4,1811.5
v1annealTT_120k_cot,MATH500,270,4,4,4,0,0,4,4,1253.5
v1annealTT_120k_cot,MATH500,274,4,3,3,1,0,3,3,3115.5
v1annealTT_120k_cot,MATH500,278,4,4,4,0,0,4,4,1366.25
v1annealTT_120k_cot,MATH500,282,4,3,3,2,1,2,2,3168.75
v1annealTT_120k_cot,MATH500,286,4,0,0,4,1,0,0,4006.0
v1annealTT_120k_cot,MATH500,290,4,4,4,0,0,4,4,1848.25
v1annealTT_120k_cot,MATH500,294,4,3,3,3,0,1,1,3977.25
v1annealTT_120k_cot,MATH500,298,4,4,4,0,0,4,4,2841.5
v1annealTT_120k_cot,MATH500,302,4,1,1,4,0,0,0,3990.0
v1annealTT_120k_cot,MATH500,306,4,0,0,4,0,0,0,4029.0
v1annealTT_120k_cot,MATH500,310,4,4,4,0,0,4,4,2209.0
v1annealTT_120k_cot,MATH500,314,4,2,2,0,0,4,2,824.25
v1annealTT_120k_cot,MATH500,318,4,2,2,0,0,4,2,2377.5
v1annealTT_120k_cot,MATH500,322,4,4,4,0,0,4,4,1327.0
v1annealTT_120k_cot,MATH500,326,4,1,1,1,0,3,1,3804.25
v1annealTT_120k_cot,MATH500,330,4,4,4,0,0,4,4,2396.75
v1annealTT_120k_cot,MATH500,334,4,4,4,0,0,4,4,1471.75
v1annealTT_120k_cot,MATH500,338,4,3,3,0,0,4,3,2094.0
v1annealTT_120k_cot,MATH500,342,4,4,4,0,0,4,4,1250.75
v1annealTT_120k_cot,MATH500,346,4,4,4,0,0,4,4,2336.5
v1annealTT_120k_cot,MATH500,350,4,4,4,0,0,4,4,1781.5
v1annealTT_120k_cot,MATH500,354,4,4,4,0,0,4,4,1714.5
v1annealTT_120k_cot,MATH500,358,4,2,2,0,0,4,2,2002.0
v1annealTT_120k_cot,MATH500,362,4,4,4,0,0,4,4,1503.75
v1annealTT_120k_cot,MATH500,366,4,4,4,0,0,4,4,2639.0
v1annealTT_120k_cot,MATH500,370,4,4,4,0,0,4,4,924.0
v1annealTT_120k_cot,MATH500,374,4,4,4,0,0,4,4,1038.25
v1annealTT_120k_cot,MATH500,378,4,4,4,0,0,4,4,2396.75
v1annealTT_120k_cot,MATH500,382,4,4,4,0,0,4,4,2410.25
v1annealTT_120k_cot,MATH500,386,4,4,4,0,0,4,4,1470.5
v1annealTT_120k_cot,MATH500,390,4,3,3,1,1,3,3,3112.75
v1annealTT_120k_cot,MATH500,394,4,3,3,2,0,2,2,3810.25
v1annealTT_120k_cot,MATH500,398,4,1,1,1,0,3,1,2722.0
v1annealTT_120k_cot,MATH500,402,4,4,4,0,0,4,4,1893.25
v1annealTT_120k_cot,MATH500,406,4,4,4,0,0,4,4,1710.0
v1annealTT_120k_cot,MATH500,410,4,4,4,0,0,4,4,1387.0
v1annealTT_120k_cot,MATH500,414,4,2,2,0,0,4,2,1602.25
v1annealTT_120k_cot,MATH500,418,4,4,4,0,0,4,4,1913.0
v1annealTT_120k_cot,MATH500,422,4,0,0,4,0,0,0,3968.0
v1annealTT_120k_cot,MATH500,426,4,4,4,0,0,4,4,1170.5
v1annealTT_120k_cot,MATH500,430,4,4,4,0,0,4,4,391.25
v1annealTT_120k_cot,MATH500,434,4,3,3,2,0,2,2,3091.5
v1annealTT_120k_cot,MATH500,438,4,4,4,0,0,4,4,2206.5
v1annealTT_120k_cot,MATH500,442,4,4,4,0,0,4,4,2115.75
v1annealTT_120k_cot,MATH500,446,4,4,4,0,0,4,4,2433.75
v1annealTT_120k_cot,MATH500,450,4,4,4,0,0,4,4,2365.5
v1annealTT_120k_cot,MATH500,454,4,4,4,0,0,4,4,2895.75
v1annealTT_120k_cot,MATH500,458,4,4,4,0,0,4,4,1437.75
v1annealTT_120k_cot,MATH500,462,4,3,4,1,1,3,3,2954.5
v1annealTT_120k_cot,MATH500,466,4,4,4,1,0,3,3,3255.0
v1annealTT_120k_cot,MATH500,470,4,3,4,1,0,3,3,3334.5
v1annealTT_120k_cot,MATH500,474,4,4,4,0,0,4,4,1650.0
v1annealTT_120k_cot,MATH500,478,4,0,0,4,0,0,0,4004.0
v1annealTT_120k_cot,MATH500,482,4,4,4,0,0,4,4,2593.25
v1annealTT_120k_cot,MATH500,486,4,1,1,3,0,1,1,3558.75
v1annealTT_120k_cot,MATH500,490,4,0,0,4,0,0,0,3982.0
v1annealTT_120k_cot,MATH500,494,4,0,0,4,0,0,0,4007.0
v1annealTT_120k_cot,MATH500,498,4,3,4,1,0,3,3,3433.5
v1annealTT_120k_cot,AIME24,0,16,3,3,13,0,3,3,3844.6875
v1annealTT_120k_cot,AIME24,4,16,0,0,16,0,0,0,4017.0
v1annealTT_120k_cot,AIME24,8,16,0,0,16,1,0,0,3971.0
v1annealTT_120k_cot,AIME24,12,16,2,3,15,0,1,1,4002.4375
v1annealTT_120k_cot,AIME24,16,16,4,5,13,0,3,3,3669.0
v1annealTT_120k_cot,AIME24,20,16,7,8,11,0,5,5,3554.4375
v1annealTT_120k_cot,AIME24,24,16,0,0,16,0,0,0,3940.0
v1annealTT_120k_cot,AIME24,28,16,0,0,16,0,0,0,3907.0
v1annealTT_120k_cot,AIME25,3,16,4,6,16,0,0,0,4024.0
v1annealTT_120k_cot,AIME25,7,16,9,9,8,0,8,8,3533.375
v1annealTT_120k_cot,AIME25,11,16,0,0,16,3,0,0,3964.0
v1annealTT_120k_cot,AIME25,15,16,13,13,4,0,12,12,3342.875
v1annealTT_120k_cot,AIME25,19,16,0,0,16,0,0,0,3895.0
v1annealTT_120k_cot,AIME25,23,16,1,1,15,0,1,1,3993.4375
v1annealTT_120k_cot,AIME25,27,16,0,0,16,0,0,0,3962.0
v1annealTT_120k_cot,AMC23,0,16,16,16,0,0,16,16,1375.75
v1annealTT_120k_cot,AMC23,4,16,1,3,15,0,1,1,3972.25
v1annealTT_120k_cot,AMC23,8,16,0,3,16,0,0,0,4029.0
v1annealTT_120k_cot,AMC23,12,16,8,8,10,0,6,6,3816.9375
v1annealTT_120k_cot,AMC23,16,16,16,16,0,0,16,16,2497.3125
v1annealTT_120k_cot,AMC23,20,16,0,1,16,0,0,0,3984.0
v1annealTT_120k_cot,AMC23,24,16,13,13,5,0,11,11,3576.75
v1annealTT_120k_cot,AMC23,28,16,2,2,15,1,1,1,4012.1875
v1annealTT_120k_cot,AMC23,32,16,0,1,16,0,0,0,3847.0
v1annealTT_120k_cot,AMC23,36,16,0,2,16,0,0,0,3992.0
v1annealTT_120k_cot,MATH500,3,4,4,4,0,0,4,4,1760.0
v1annealTT_120k_cot,MATH500,7,4,4,4,0,0,4,4,1981.75
v1annealTT_120k_cot,MATH500,11,4,0,0,3,0,1,0,3929.25
v1annealTT_120k_cot,MATH500,15,4,3,3,2,0,2,2,3605.25
v1annealTT_120k_cot,MATH500,19,4,2,3,2,0,2,2,3848.0
v1annealTT_120k_cot,MATH500,23,4,4,4,0,0,4,4,1991.5
v1annealTT_120k_cot,MATH500,27,4,4,4,0,0,4,4,933.0
v1annealTT_120k_cot,MATH500,31,4,4,4,0,0,4,4,1148.75
v1annealTT_120k_cot,MATH500,35,4,4,4,0,0,4,4,2104.0
v1annealTT_120k_cot,MATH500,39,4,4,4,0,0,4,4,1370.5
v1annealTT_120k_cot,MATH500,43,4,0,0,4,0,0,0,3992.0
v1annealTT_120k_cot,MATH500,47,4,4,4,0,0,4,4,1076.5
v1annealTT_120k_cot,MATH500,51,4,4,4,0,0,4,4,2885.0
v1annealTT_120k_cot,MATH500,55,4,4,4,0,0,4,4,1539.5
v1annealTT_120k_cot,MATH500,59,4,4,4,0,0,4,4,1010.75
v1annealTT_120k_cot,MATH500,63,4,4,4,0,0,4,4,2738.25
v1annealTT_120k_cot,MATH500,67,4,4,4,0,0,4,4,1799.5
v1annealTT_120k_cot,MATH500,71,4,0,0,2,0,2,0,3255.25
v1annealTT_120k_cot,MATH500,75,4,4,4,0,0,4,4,2523.0
v1annealTT_120k_cot,MATH500,79,4,4,4,0,0,4,4,1449.75
v1annealTT_120k_cot,MATH500,83,4,4,4,1,0,3,3,2798.75
v1annealTT_120k_cot,MATH500,87,4,4,4,0,0,4,4,1686.5
v1annealTT_120k_cot,MATH500,91,4,4,4,0,0,4,4,1766.75
v1annealTT_120k_cot,MATH500,95,4,4,4,0,0,4,4,1486.25
v1annealTT_120k_cot,MATH500,99,4,0,0,0,0,4,0,3138.25
v1annealTT_120k_cot,MATH500,103,4,0,0,4,0,0,0,3970.0
v1annealTT_120k_cot,MATH500,107,4,4,4,0,0,4,4,1597.75
v1annealTT_120k_cot,MATH500,111,4,4,4,0,0,4,4,1163.25
v1annealTT_120k_cot,MATH500,115,4,4,4,0,0,4,4,1361.75
v1annealTT_120k_cot,MATH500,119,4,0,2,4,1,0,0,3924.0
v1annealTT_120k_cot,MATH500,123,4,0,1,4,0,0,0,3801.0
v1annealTT_120k_cot,MATH500,127,4,0,0,0,0,4,0,1887.75
v1annealTT_120k_cot,MATH500,131,4,4,4,0,0,4,4,2477.5
v1annealTT_120k_cot,MATH500,135,4,4,4,0,0,4,4,1526.75
v1annealTT_120k_cot,MATH500,139,4,1,3,4,0,0,0,4029.0
v1annealTT_120k_cot,MATH500,143,4,4,4,0,0,4,4,2271.0
v1annealTT_120k_cot,MATH500,147,4,1,2,3,0,1,1,3742.75
v1annealTT_120k_cot,MATH500,151,4,4,4,0,0,4,4,2591.75
v1annealTT_120k_cot,MATH500,155,4,4,4,0,0,4,4,2265.75
v1annealTT_120k_cot,MATH500,159,4,4,4,0,0,4,4,2119.5
v1annealTT_120k_cot,MATH500,163,4,2,2,3,0,1,1,3955.75
v1annealTT_120k_cot,MATH500,167,4,4,4,0,0,4,4,1203.25
v1annealTT_120k_cot,MATH500,171,4,4,4,0,0,4,4,1007.5
v1annealTT_120k_cot,MATH500,175,4,4,4,1,0,3,3,3356.25
v1annealTT_120k_cot,MATH500,179,4,4,4,0,0,4,4,2940.5
v1annealTT_120k_cot,MATH500,183,4,4,4,0,0,4,4,2218.0
v1annealTT_120k_cot,MATH500,187,4,4,4,0,0,4,4,1387.0
v1annealTT_120k_cot,MATH500,191,4,4,4,0,0,4,4,829.0
v1annealTT_120k_cot,MATH500,195,4,4,4,0,0,4,4,2432.75
v1annealTT_120k_cot,MATH500,199,4,4,4,0,0,4,4,853.5
v1annealTT_120k_cot,MATH500,203,4,4,4,0,0,4,4,2990.5
v1annealTT_120k_cot,MATH500,207,4,4,4,0,0,4,4,1085.0
v1annealTT_120k_cot,MATH500,211,4,4,4,0,0,4,4,1711.75
v1annealTT_120k_cot,MATH500,215,4,4,4,0,0,4,4,2296.25
v1annealTT_120k_cot,MATH500,219,4,0,0,4,1,0,0,3324.0
v1annealTT_120k_cot,MATH500,223,4,3,3,3,0,1,1,3797.5
v1annealTT_120k_cot,MATH500,227,4,0,0,0,0,4,0,1074.0
v1annealTT_120k_cot,MATH500,231,4,3,4,1,0,3,3,2550.25
v1annealTT_120k_cot,MATH500,235,4,4,4,0,0,4,4,1977.75
v1annealTT_120k_cot,MATH500,239,4,0,0,4,0,0,0,3957.0
v1annealTT_120k_cot,MATH500,243,4,4,4,0,0,4,4,1177.5
v1annealTT_120k_cot,MATH500,247,4,4,4,0,0,4,4,2514.5
v1annealTT_120k_cot,MATH500,251,4,4,4,0,0,4,4,2872.5
v1annealTT_120k_cot,MATH500,255,4,0,0,0,0,4,0,2077.25
v1annealTT_120k_cot,MATH500,259,4,4,4,0,0,4,4,1076.75
v1annealTT_120k_cot,MATH500,263,4,4,4,0,0,4,4,1579.25
v1annealTT_120k_cot,MATH500,267,4,2,2,3,0,1,1,3659.25
v1annealTT_120k_cot,MATH500,271,4,4,4,0,0,4,4,2549.0
v1annealTT_120k_cot,MATH500,275,4,4,4,0,0,4,4,1783.0
v1annealTT_120k_cot,MATH500,279,4,3,3,1,0,3,3,2691.5
v1annealTT_120k_cot,MATH500,283,4,4,4,0,0,4,4,1379.25
v1annealTT_120k_cot,MATH500,287,4,4,4,0,0,4,4,3075.75
v1annealTT_120k_cot,MATH500,291,4,4,4,0,0,4,4,2391.5
v1annealTT_120k_cot,MATH500,295,4,0,0,4,0,0,0,3978.0
v1annealTT_120k_cot,MATH500,299,4,4,4,0,0,4,4,2079.0
v1annealTT_120k_cot,MATH500,303,4,0,0,4,0,0,0,4012.0
v1annealTT_120k_cot,MATH500,307,4,4,4,0,0,4,4,2307.75
v1annealTT_120k_cot,MATH500,311,4,3,4,1,0,3,3,3576.25
v1annealTT_120k_cot,MATH500,315,4,4,4,0,0,4,4,2111.0
v1annealTT_120k_cot,MATH500,319,4,4,4,0,0,4,4,1441.5
v1annealTT_120k_cot,MATH500,323,4,0,0,4,0,0,0,4036.0
v1annealTT_120k_cot,MATH500,327,4,2,3,4,0,0,0,3987.0
v1annealTT_120k_cot,MATH500,331,4,4,4,0,0,4,4,2147.75
v1annealTT_120k_cot,MATH500,335,4,3,3,1,1,3,3,3128.75
v1annealTT_120k_cot,MATH500,339,4,4,4,0,0,4,4,2470.75
v1annealTT_120k_cot,MATH500,343,4,0,4,0,0,4,4,1530.0
v1annealTT_120k_cot,MATH500,347,4,4,4,0,0,4,4,1476.0
v1annealTT_120k_cot,MATH500,351,4,1,1,4,0,0,0,4002.0
v1annealTT_120k_cot,MATH500,355,4,0,0,4,0,0,0,4023.0
v1annealTT_120k_cot,MATH500,359,4,3,3,1,0,3,3,2952.5
v1annealTT_120k_cot,MATH500,363,4,4,4,0,0,4,4,1303.0
v1annealTT_120k_cot,MATH500,367,4,4,4,0,0,4,4,1252.75
v1annealTT_120k_cot,MATH500,371,4,0,0,4,0,0,0,4016.0
v1annealTT_120k_cot,MATH500,375,4,4,4,0,0,4,4,1630.25
v1annealTT_120k_cot,MATH500,379,4,0,3,3,0,1,1,3749.25
v1annealTT_120k_cot,MATH500,383,4,0,0,0,0,4,0,1371.0
v1annealTT_120k_cot,MATH500,387,4,4,4,0,0,4,4,666.0
v1annealTT_120k_cot,MATH500,391,4,4,4,1,0,3,3,3628.25
v1annealTT_120k_cot,MATH500,395,4,4,4,0,0,4,4,1637.75
v1annealTT_120k_cot,MATH500,399,4,4,4,0,0,4,4,1096.75
v1annealTT_120k_cot,MATH500,403,4,3,3,3,0,1,1,3913.0
v1annealTT_120k_cot,MATH500,407,4,4,4,0,0,4,4,2019.0
v1annealTT_120k_cot,MATH500,411,4,4,4,0,0,4,4,1283.75
v1annealTT_120k_cot,MATH500,415,4,4,4,1,0,3,3,2972.5
v1annealTT_120k_cot,MATH500,419,4,1,1,3,0,1,1,3885.5
v1annealTT_120k_cot,MATH500,423,4,3,3,3,0,1,1,3843.0
v1annealTT_120k_cot,MATH500,427,4,4,4,0,0,4,4,1244.0
v1annealTT_120k_cot,MATH500,431,4,3,3,2,0,2,2,3539.75
v1annealTT_120k_cot,MATH500,435,4,4,4,0,0,4,4,1293.75
v1annealTT_120k_cot,MATH500,439,4,4,4,1,0,3,3,3035.5
v1annealTT_120k_cot,MATH500,443,4,4,4,0,0,4,4,1220.25
v1annealTT_120k_cot,MATH500,447,4,4,4,0,0,4,4,969.25
v1annealTT_120k_cot,MATH500,451,4,4,4,0,0,4,4,2475.25
v1annealTT_120k_cot,MATH500,455,4,4,4,0,0,4,4,502.5
v1annealTT_120k_cot,MATH500,459,4,4,4,0,0,4,4,2498.0
v1annealTT_120k_cot,MATH500,463,4,4,4,0,0,4,4,857.25
v1annealTT_120k_cot,MATH500,467,4,0,0,1,0,3,0,2773.0
v1annealTT_120k_cot,MATH500,471,4,4,4,0,0,4,4,1119.5
v1annealTT_120k_cot,MATH500,475,4,2,2,3,0,1,1,3839.0
v1annealTT_120k_cot,MATH500,479,4,4,4,0,0,4,4,1688.5
v1annealTT_120k_cot,MATH500,483,4,3,3,1,0,3,3,3647.0
v1annealTT_120k_cot,MATH500,487,4,4,4,0,0,4,4,1654.75
v1annealTT_120k_cot,MATH500,491,4,3,3,1,1,3,3,2080.75
v1annealTT_120k_cot,MATH500,495,4,4,4,0,0,4,4,1930.5
v1annealTT_120k_cot,MATH500,499,4,2,2,2,0,2,2,3559.0
v1annealTT_120k_cot,AIME24,1,16,0,0,16,0,0,0,3998.0
v1annealTT_120k_cot,AIME24,5,16,11,12,4,1,12,11,3250.5
v1annealTT_120k_cot,AIME24,9,16,0,0,16,0,0,0,4016.0
v1annealTT_120k_cot,AIME24,13,16,0,0,16,0,0,0,3939.0
v1annealTT_120k_cot,AIME24,17,16,5,7,13,0,3,3,3919.375
v1annealTT_120k_cot,AIME24,21,16,3,4,15,0,1,1,3983.5625
v1annealTT_120k_cot,AIME24,25,16,0,0,16,0,0,0,3996.0
v1annealTT_120k_cot,AIME24,29,16,0,0,16,0,0,0,3967.0
v1annealTT_120k_cot,AIME25,0,16,16,16,0,0,16,16,2659.1875
v1annealTT_120k_cot,AIME25,4,16,0,0,16,1,0,0,4002.0
v1annealTT_120k_cot,AIME25,8,16,0,0,16,0,0,0,3985.0
v1annealTT_120k_cot,AIME25,12,16,0,0,16,0,0,0,4003.0
v1annealTT_120k_cot,AIME25,16,16,16,16,1,0,15,15,2409.375
v1annealTT_120k_cot,AIME25,20,16,0,0,16,2,0,0,3874.0
v1annealTT_120k_cot,AIME25,24,16,0,1,16,1,0,0,4012.0
v1annealTT_120k_cot,AIME25,28,16,0,0,16,0,0,0,3989.0
v1annealTT_120k_cot,AMC23,1,16,16,16,0,0,16,16,2154.3125
v1annealTT_120k_cot,AMC23,5,16,3,4,13,0,3,3,3916.3125
v1annealTT_120k_cot,AMC23,9,16,16,16,0,0,16,16,2533.6875
v1annealTT_120k_cot,AMC23,13,16,0,3,16,0,0,0,4038.0
v1annealTT_120k_cot,AMC23,17,16,11,11,6,0,10,10,3471.5625
v1annealTT_120k_cot,AMC23,21,16,14,14,2,0,14,14,2354.8125
v1annealTT_120k_cot,AMC23,25,16,16,16,0,0,16,16,2340.8125
v1annealTT_120k_cot,AMC23,29,16,16,16,0,0,16,16,3361.75
v1annealTT_120k_cot,AMC23,33,16,16,16,0,0,16,16,1355.0
v1annealTT_120k_cot,AMC23,37,16,1,3,16,0,0,0,4026.0
v1annealTT_120k_cot,MATH500,0,4,4,4,0,0,4,4,1089.0
v1annealTT_120k_cot,MATH500,4,4,2,2,0,0,4,2,2044.25
v1annealTT_120k_cot,MATH500,8,4,4,4,0,0,4,4,1347.5
v1annealTT_120k_cot,MATH500,12,4,4,4,1,0,3,3,3284.0
v1annealTT_120k_cot,MATH500,16,4,4,4,0,0,4,4,2447.5
v1annealTT_120k_cot,MATH500,20,4,4,4,0,0,4,4,1043.5
v1annealTT_120k_cot,MATH500,24,4,2,2,2,0,2,2,3177.0
v1annealTT_120k_cot,MATH500,28,4,4,4,0,0,4,4,984.0
v1annealTT_120k_cot,MATH500,32,4,2,2,2,0,2,2,3512.0
v1annealTT_120k_cot,MATH500,36,4,0,0,1,0,3,0,3688.75
v1annealTT_120k_cot,MATH500,40,4,4,4,0,0,4,4,1139.25
v1annealTT_120k_cot,MATH500,44,4,4,4,0,0,4,4,1489.5
v1annealTT_120k_cot,MATH500,48,4,4,4,0,0,4,4,1912.5
v1annealTT_120k_cot,MATH500,52,4,4,4,0,0,4,4,2005.75
v1annealTT_120k_cot,MATH500,56,4,4,4,0,0,4,4,1374.25
v1annealTT_120k_cot,MATH500,60,4,3,3,3,0,1,1,4010.5
v1annealTT_120k_cot,MATH500,64,4,2,2,2,0,2,2,3699.0
v1annealTT_120k_cot,MATH500,68,4,4,4,1,0,3,3,3170.25
v1annealTT_120k_cot,MATH500,72,4,3,3,1,0,3,3,2210.5
v1annealTT_120k_cot,MATH500,76,4,4,4,0,0,4,4,1739.25
v1annealTT_120k_cot,MATH500,80,4,0,0,4,0,0,0,4032.0
v1annealTT_120k_cot,MATH500,84,4,4,4,0,0,4,4,2571.0
v1annealTT_120k_cot,MATH500,88,4,0,1,4,0,0,0,3985.0
v1annealTT_120k_cot,MATH500,92,4,4,4,1,0,3,3,3302.5
v1annealTT_120k_cot,MATH500,96,4,0,0,4,0,0,0,3970.0
v1annealTT_120k_cot,MATH500,100,4,0,0,4,0,0,0,3873.0
v1annealTT_120k_cot,MATH500,104,4,0,0,4,0,0,0,3999.0
v1annealTT_120k_cot,MATH500,108,4,2,3,2,0,2,2,3846.0
v1annealTT_120k_cot,MATH500,112,4,4,4,0,0,4,4,2548.0
v1annealTT_120k_cot,MATH500,116,4,4,4,0,0,4,4,1380.25
v1annealTT_120k_cot,MATH500,120,4,0,0,4,0,0,0,4016.0
v1annealTT_120k_cot,MATH500,124,4,4,4,0,0,4,4,2379.75
v1annealTT_120k_cot,MATH500,128,4,1,1,4,0,0,0,4057.0
v1annealTT_120k_cot,MATH500,132,4,4,4,0,0,4,4,849.0
v1annealTT_120k_cot,MATH500,136,4,0,0,4,0,0,0,3977.0
v1annealTT_120k_cot,MATH500,140,4,4,4,0,0,4,4,1506.5
v1annealTT_120k_cot,MATH500,144,4,2,2,0,0,4,2,1155.25
v1annealTT_120k_cot,MATH500,148,4,4,4,0,0,4,4,984.5
v1annealTT_120k_cot,MATH500,152,4,0,1,4,0,0,0,3996.0
v1annealTT_120k_cot,MATH500,156,4,0,0,4,0,0,0,3857.0
v1annealTT_120k_cot,MATH500,160,4,4,4,0,0,4,4,1662.0
v1annealTT_120k_cot,MATH500,164,4,0,0,4,0,0,0,4057.0
v1annealTT_120k_cot,MATH500,168,4,0,0,4,4,0,0,3362.0
v1annealTT_120k_cot,MATH500,172,4,4,4,0,0,4,4,1167.0
v1annealTT_120k_cot,MATH500,176,4,3,3,1,0,3,3,3137.0
v1annealTT_120k_cot,MATH500,180,4,4,4,0,0,4,4,2467.75
v1annealTT_120k_cot,MATH500,184,4,0,0,4,0,0,0,4025.0
v1annealTT_120k_cot,MATH500,188,4,2,2,3,0,1,1,3594.25
v1annealTT_120k_cot,MATH500,192,4,4,4,0,0,4,4,1627.0
v1annealTT_120k_cot,MATH500,196,4,4,4,0,0,4,4,1699.75
v1annealTT_120k_cot,MATH500,200,4,3,3,1,0,3,3,2441.5
v1annealTT_120k_cot,MATH500,204,4,0,1,4,1,0,0,3992.0
v1annealTT_120k_cot,MATH500,208,4,4,4,0,0,4,4,1052.0
v1annealTT_120k_cot,MATH500,212,4,4,4,0,0,4,4,1686.0
v1annealTT_120k_cot,MATH500,216,4,4,4,0,0,4,4,1703.5
v1annealTT_120k_cot,MATH500,220,4,4,4,0,0,4,4,1475.0
v1annealTT_120k_cot,MATH500,224,4,2,2,2,0,2,2,3533.25
v1annealTT_120k_cot,MATH500,228,4,2,2,3,0,1,1,3849.75
v1annealTT_120k_cot,MATH500,232,4,0,0,4,0,0,0,4010.0
v1annealTT_120k_cot,MATH500,236,4,0,0,4,0,0,0,4030.0
v1annealTT_120k_cot,MATH500,240,4,0,0,4,1,0,0,3828.0
v1annealTT_120k_cot,MATH500,244,4,4,4,0,0,4,4,2582.25
v1annealTT_120k_cot,MATH500,248,4,2,2,0,0,4,2,3093.5
v1annealTT_120k_cot,MATH500,252,4,4,4,0,0,4,4,3120.5
v1annealTT_120k_cot,MATH500,256,4,4,4,0,0,4,4,1225.25
v1annealTT_120k_cot,MATH500,260,4,4,4,0,0,4,4,1686.75
v1annealTT_120k_cot,MATH500,264,4,0,0,4,0,0,0,3791.0
v1annealTT_120k_cot,MATH500,268,4,4,4,0,0,4,4,1593.5
v1annealTT_120k_cot,MATH500,272,4,4,4,0,0,4,4,2684.0
v1annealTT_120k_cot,MATH500,276,4,4,4,1,1,3,3,3314.0
v1annealTT_120k_cot,MATH500,280,4,4,4,0,0,4,4,1521.5
v1annealTT_120k_cot,MATH500,284,4,0,0,3,0,1,0,3917.75
v1annealTT_120k_cot,MATH500,288,4,4,4,0,0,4,4,2964.75
v1annealTT_120k_cot,MATH500,292,4,2,2,2,0,2,1,3646.0
v1annealTT_120k_cot,MATH500,296,4,0,0,4,0,0,0,3940.0
v1annealTT_120k_cot,MATH500,300,4,4,4,0,0,4,4,1424.5
v1annealTT_120k_cot,MATH500,304,4,4,4,0,0,4,4,2509.25
v1annealTT_120k_cot,MATH500,308,4,0,0,4,0,0,0,4027.0
v1annealTT_120k_cot,MATH500,312,4,4,4,0,0,4,4,728.75
v1annealTT_120k_cot,MATH500,316,4,4,4,0,0,4,4,2061.0
v1annealTT_120k_cot,MATH500,320,4,3,3,1,0,3,3,3069.0
v1annealTT_120k_cot,MATH500,324,4,0,0,3,1,1,0,3234.0
v1annealTT_120k_cot,MATH500,328,4,2,2,4,0,0,0,4004.0
v1annealTT_120k_cot,MATH500,332,4,0,1,4,0,0,0,4031.0
v1annealTT_120k_cot,MATH500,336,4,4,4,0,0,4,4,2054.0
v1annealTT_120k_cot,MATH500,340,4,0,0,4,0,0,0,3991.0
v1annealTT_120k_cot,MATH500,344,4,4,4,0,0,4,4,1193.5
v1annealTT_120k_cot,MATH500,348,4,4,4,0,0,4,4,2269.0
v1annealTT_120k_cot,MATH500,352,4,0,0,4,0,0,0,3853.0
v1annealTT_120k_cot,MATH500,356,4,4,4,0,0,4,4,2587.75
v1annealTT_120k_cot,MATH500,360,4,4,4,1,0,3,3,2340.5
v1annealTT_120k_cot,MATH500,364,4,4,4,0,0,4,4,2631.0
v1annealTT_120k_cot,MATH500,368,4,4,4,0,0,4,4,1178.0
v1annealTT_120k_cot,MATH500,372,4,2,2,2,0,2,2,3733.25
v1annealTT_120k_cot,MATH500,376,4,4,4,0,0,4,4,2414.5
v1annealTT_120k_cot,MATH500,380,4,2,2,2,0,2,2,3507.75
v1annealTT_120k_cot,MATH500,384,4,4,4,0,0,4,4,1153.25
v1annealTT_120k_cot,MATH500,388,4,4,4,0,0,4,4,1924.0
v1annealTT_120k_cot,MATH500,392,4,0,0,4,0,0,0,3745.0
v1annealTT_120k_cot,MATH500,396,4,0,2,4,0,0,0,3834.0
v1annealTT_120k_cot,MATH500,400,4,0,0,4,0,0,0,4009.0
v1annealTT_120k_cot,MATH500,404,4,4,4,0,0,4,4,1343.75
v1annealTT_120k_cot,MATH500,408,4,0,0,3,0,1,0,3915.25
v1annealTT_120k_cot,MATH500,412,4,0,1,4,0,0,0,4004.0
v1annealTT_120k_cot,MATH500,416,4,3,3,4,0,0,0,4058.0
v1annealTT_120k_cot,MATH500,420,4,0,0,0,0,4,0,1276.0
v1annealTT_120k_cot,MATH500,424,4,4,4,0,0,4,4,1264.0
v1annealTT_120k_cot,MATH500,428,4,4,4,0,0,4,4,2912.75
v1annealTT_120k_cot,MATH500,432,4,1,1,4,0,0,0,3998.0
v1annealTT_120k_cot,MATH500,436,4,4,4,0,0,4,4,3469.5
v1annealTT_120k_cot,MATH500,440,4,4,4,0,0,4,4,1349.25
v1annealTT_120k_cot,MATH500,444,4,0,0,4,0,0,0,3887.0
v1annealTT_120k_cot,MATH500,448,4,3,3,1,0,3,3,3334.0
v1annealTT_120k_cot,MATH500,452,4,4,4,0,0,4,4,1376.25
v1annealTT_120k_cot,MATH500,456,4,1,1,0,0,4,1,2903.0
v1annealTT_120k_cot,MATH500,460,4,0,0,4,0,0,0,3892.0
v1annealTT_120k_cot,MATH500,464,4,4,4,0,0,4,4,2319.5
v1annealTT_120k_cot,MATH500,468,4,4,4,0,0,4,4,1363.25
v1annealTT_120k_cot,MATH500,472,4,4,4,0,0,4,4,1584.5
v1annealTT_120k_cot,MATH500,476,4,4,4,0,0,4,4,1438.0
v1annealTT_120k_cot,MATH500,480,4,3,4,1,1,3,3,2713.75
v1annealTT_120k_cot,MATH500,484,4,4,4,0,0,4,4,3052.5
v1annealTT_120k_cot,MATH500,488,4,4,4,0,0,4,4,1174.25
v1annealTT_120k_cot,MATH500,492,4,4,4,0,0,4,4,1245.75
v1annealTT_120k_cot,MATH500,496,4,4,4,0,0,4,4,2423.25
v1anneal_108k_cot,AIME24,2,16,0,3,16,0,0,0,3933.0
v1anneal_108k_cot,AIME24,6,16,0,0,16,0,0,0,3990.0
v1anneal_108k_cot,AIME24,10,16,0,0,16,0,0,0,3999.0
v1anneal_108k_cot,AIME24,14,16,0,0,16,0,0,0,3891.0
v1anneal_108k_cot,AIME24,18,16,12,12,7,0,9,9,3530.1875
v1anneal_108k_cot,AIME24,22,16,0,0,16,0,0,0,3845.0
v1anneal_108k_cot,AIME24,26,16,0,0,16,0,0,0,3988.0
v1anneal_108k_cot,AIME25,1,16,0,0,16,0,0,0,3923.0
v1anneal_108k_cot,AIME25,5,16,16,16,1,0,15,15,3313.0
v1anneal_108k_cot,AIME25,9,16,0,0,16,4,0,0,3918.0
v1anneal_108k_cot,AIME25,13,16,0,3,16,0,0,0,3939.0
v1anneal_108k_cot,AIME25,17,16,0,0,16,0,0,0,4005.0
v1anneal_108k_cot,AIME25,21,16,0,0,16,0,0,0,3990.0
v1anneal_108k_cot,AIME25,25,16,0,0,16,0,0,0,4024.0
v1anneal_108k_cot,AIME25,29,16,0,0,16,1,0,0,4008.0
v1anneal_108k_cot,AMC23,2,16,16,16,0,0,16,16,1962.3125
v1anneal_108k_cot,AMC23,6,16,0,0,16,0,0,0,4006.0
v1anneal_108k_cot,AMC23,10,16,3,5,14,0,2,2,3861.875
v1anneal_108k_cot,AMC23,14,16,1,8,15,0,1,1,3868.5
v1anneal_108k_cot,AMC23,18,16,0,1,16,0,0,0,3999.0
v1anneal_108k_cot,AMC23,22,16,16,16,0,0,16,16,2240.75
v1anneal_108k_cot,AMC23,26,16,14,14,2,0,14,14,2963.4375
v1anneal_108k_cot,AMC23,30,16,16,16,0,0,16,16,1619.5625
v1anneal_108k_cot,AMC23,34,16,16,16,0,0,16,16,1347.25
v1anneal_108k_cot,AMC23,38,16,4,7,14,0,2,2,3955.3125
v1anneal_108k_cot,MATH500,1,4,2,2,3,0,1,1,3902.5
v1anneal_108k_cot,MATH500,5,4,4,4,0,0,4,4,1661.0
v1anneal_108k_cot,MATH500,9,4,0,0,4,1,0,0,3929.0
v1anneal_108k_cot,MATH500,13,4,4,4,0,0,4,4,878.0
v1anneal_108k_cot,MATH500,17,4,0,0,4,0,0,0,3831.0
v1anneal_108k_cot,MATH500,21,4,1,2,4,0,0,0,4050.0
v1anneal_108k_cot,MATH500,25,4,0,0,2,0,2,0,3704.25
v1anneal_108k_cot,MATH500,29,4,4,4,0,0,4,4,1796.25
v1anneal_108k_cot,MATH500,33,4,4,4,1,0,3,3,3333.75
v1anneal_108k_cot,MATH500,37,4,4,4,0,0,4,4,1443.75
v1anneal_108k_cot,MATH500,41,4,1,1,4,0,0,0,4029.0
v1anneal_108k_cot,MATH500,45,4,4,4,0,0,4,4,1704.25
v1anneal_108k_cot,MATH500,49,4,4,4,0,0,4,4,1683.25
v1anneal_108k_cot,MATH500,53,4,4,4,0,0,4,4,1549.0
v1anneal_108k_cot,MATH500,57,4,4,4,0,0,4,4,1798.5
v1anneal_108k_cot,MATH500,61,4,0,0,4,0,0,0,4011.0
v1anneal_108k_cot,MATH500,65,4,4,4,0,0,4,4,1066.75
v1anneal_108k_cot,MATH500,69,4,3,4,2,0,2,2,3054.25
v1anneal_108k_cot,MATH500,73,4,4,4,0,0,4,4,1360.25
v1anneal_108k_cot,MATH500,77,4,4,4,0,0,4,4,1084.25
v1anneal_108k_cot,MATH500,81,4,4,4,0,0,4,4,1987.0
v1anneal_108k_cot,MATH500,85,4,4,4,0,0,4,4,1123.75
v1anneal_108k_cot,MATH500,89,4,4,4,0,0,4,4,2634.75
v1anneal_108k_cot,MATH500,93,4,4,4,0,0,4,4,1870.25
v1anneal_108k_cot,MATH500,97,4,0,0,0,0,4,0,1337.0
v1anneal_108k_cot,MATH500,101,4,0,0,4,0,0,0,3898.0
v1anneal_108k_cot,MATH500,105,4,4,4,0,0,4,4,1308.5
v1anneal_108k_cot,MATH500,109,4,4,4,0,0,4,4,3417.5
v1anneal_108k_cot,MATH500,113,4,4,4,0,0,4,4,1824.25
v1anneal_108k_cot,MATH500,117,4,4,4,0,0,4,4,1061.5
v1anneal_108k_cot,MATH500,121,4,4,4,0,0,4,4,1342.25
v1anneal_108k_cot,MATH500,125,4,4,4,1,0,3,3,2713.25
v1anneal_108k_cot,MATH500,129,4,4,4,3,0,1,1,3734.0
v1anneal_108k_cot,MATH500,133,4,4,4,0,0,4,4,2326.0
v1anneal_108k_cot,MATH500,137,4,4,4,1,0,3,3,2496.0
v1anneal_108k_cot,MATH500,141,4,4,4,0,0,4,4,3061.75
v1anneal_108k_cot,MATH500,145,4,0,0,4,0,0,0,4022.0
v1anneal_108k_cot,MATH500,149,4,4,4,0,0,4,4,3087.25
v1anneal_108k_cot,MATH500,153,4,0,0,4,0,0,0,3983.0
v1anneal_108k_cot,MATH500,157,4,4,4,1,0,3,3,2486.75
v1anneal_108k_cot,MATH500,161,4,4,4,0,0,4,4,1223.75
v1anneal_108k_cot,MATH500,165,4,4,4,1,0,3,3,2351.25
v1anneal_108k_cot,MATH500,169,4,4,4,0,0,4,4,1329.25
v1anneal_108k_cot,MATH500,173,4,3,4,2,0,2,2,3455.75
v1anneal_108k_cot,MATH500,177,4,0,0,4,0,0,0,3784.0
v1anneal_108k_cot,MATH500,181,4,4,4,0,0,4,4,2071.5
v1anneal_108k_cot,MATH500,185,4,4,4,0,0,4,4,1085.0
v1anneal_108k_cot,MATH500,189,4,1,2,3,0,1,1,3506.0
v1anneal_108k_cot,MATH500,193,4,3,4,2,0,2,2,3238.5
v1anneal_108k_cot,MATH500,197,4,4,4,0,0,4,4,3354.25
v1anneal_108k_cot,MATH500,201,4,4,4,0,0,4,4,2515.5
v1anneal_108k_cot,MATH500,205,4,4,4,1,0,3,3,2429.25
v1anneal_108k_cot,MATH500,209,4,3,3,1,0,3,3,3015.75
v1anneal_108k_cot,MATH500,213,4,0,1,4,0,0,0,4012.0
v1anneal_108k_cot,MATH500,217,4,0,0,4,0,0,0,4059.0
v1anneal_108k_cot,MATH500,221,4,4,4,0,0,4,4,2845.25
v1anneal_108k_cot,MATH500,225,4,4,4,0,0,4,4,1713.25
v1anneal_108k_cot,MATH500,229,4,4,4,0,0,4,4,1435.5
v1anneal_108k_cot,MATH500,233,4,3,3,1,0,3,3,2183.0
v1anneal_108k_cot,MATH500,237,4,4,4,0,0,4,4,1838.0
v1anneal_108k_cot,MATH500,241,4,4,4,2,0,2,2,3303.75
v1anneal_108k_cot,MATH500,245,4,4,4,0,0,4,4,3376.75
v1anneal_108k_cot,MATH500,249,4,4,4,1,0,3,3,2897.0
v1anneal_108k_cot,MATH500,253,4,4,4,0,0,4,4,1211.75
v1anneal_108k_cot,MATH500,257,4,0,0,0,0,4,0,1221.25
v1anneal_108k_cot,MATH500,261,4,4,4,0,0,4,4,2688.5
v1anneal_108k_cot,MATH500,265,4,4,4,0,0,4,4,1853.75
v1anneal_108k_cot,MATH500,269,4,4,4,0,0,4,4,1389.25
v1anneal_108k_cot,MATH500,273,4,4,4,0,0,4,4,2002.0
v1anneal_108k_cot,MATH500,277,4,4,4,0,0,4,4,1053.25
v1anneal_108k_cot,MATH500,281,4,1,1,3,0,1,1,3519.5
v1anneal_108k_cot,MATH500,285,4,0,0,4,0,0,0,3911.0
v1anneal_108k_cot,MATH500,289,4,4,4,0,0,4,4,3113.0
v1anneal_108k_cot,MATH500,293,4,4,4,0,0,4,4,1793.75
v1anneal_108k_cot,MATH500,297,4,4,4,0,0,4,4,2042.0
v1anneal_108k_cot,MATH500,301,4,0,0,4,1,0,0,3213.0
v1anneal_108k_cot,MATH500,305,4,4,4,0,0,4,4,1877.0
v1anneal_108k_cot,MATH500,309,4,1,1,3,0,1,1,3858.75
v1anneal_108k_cot,MATH500,313,4,4,4,0,0,4,4,1133.25
v1anneal_108k_cot,MATH500,317,4,0,1,4,0,0,0,3985.0
v1anneal_108k_cot,MATH500,321,4,4,4,0,0,4,4,1906.5
v1anneal_108k_cot,MATH500,325,4,4,4,0,0,4,4,1594.75
v1anneal_108k_cot,MATH500,329,4,4,4,0,0,4,4,1267.75
v1anneal_108k_cot,MATH500,333,4,0,0,4,0,0,0,4015.0
v1anneal_108k_cot,MATH500,337,4,4,4,0,0,4,4,2100.75
v1anneal_108k_cot,MATH500,341,4,4,4,0,0,4,4,1924.5
v1anneal_108k_cot,MATH500,345,4,4,4,0,0,4,4,1558.75
v1anneal_108k_cot,MATH500,349,4,1,1,4,0,0,0,4042.0
v1anneal_108k_cot,MATH500,353,4,4,4,0,0,4,4,2048.0
v1anneal_108k_cot,MATH500,357,4,4,4,0,0,4,4,2552.5
v1anneal_108k_cot,MATH500,361,4,1,1,3,0,1,1,3600.75
v1anneal_108k_cot,MATH500,365,4,4,4,4,0,0,0,4017.0
v1anneal_108k_cot,MATH500,369,4,0,0,4,0,0,0,3908.0
v1anneal_108k_cot,MATH500,373,4,4,4,0,0,4,4,2715.0
v1anneal_108k_cot,MATH500,377,4,4,4,0,0,4,4,3505.0
v1anneal_108k_cot,MATH500,381,4,0,0,4,0,0,0,4033.0
v1anneal_108k_cot,MATH500,385,4,4,4,0,0,4,4,3034.75
v1anneal_108k_cot,MATH500,389,4,4,4,0,0,4,4,2447.75
v1anneal_108k_cot,MATH500,393,4,4,4,0,0,4,4,1482.25
v1anneal_108k_cot,MATH500,397,4,4,4,0,0,4,4,1322.0
v1anneal_108k_cot,MATH500,401,4,0,0,4,0,0,0,4036.0
v1anneal_108k_cot,MATH500,405,4,4,4,0,0,4,4,1408.75
v1anneal_108k_cot,MATH500,409,4,4,4,1,0,3,3,3484.25
v1anneal_108k_cot,MATH500,413,4,4,4,0,0,4,4,1387.75
v1anneal_108k_cot,MATH500,417,4,4,4,0,0,4,4,2306.5
v1anneal_108k_cot,MATH500,421,4,0,1,4,0,0,0,3975.0
v1anneal_108k_cot,MATH500,425,4,0,0,4,0,0,0,3999.0
v1anneal_108k_cot,MATH500,429,4,4,4,0,0,4,4,2484.25
v1anneal_108k_cot,MATH500,433,4,4,4,0,0,4,4,2593.0
v1anneal_108k_cot,MATH500,437,4,4,4,0,0,4,4,1508.5
v1anneal_108k_cot,MATH500,441,4,4,4,0,0,4,4,1347.0
v1anneal_108k_cot,MATH500,445,4,0,0,4,0,0,0,3794.0
v1anneal_108k_cot,MATH500,449,4,4,4,0,0,4,4,1919.75
v1anneal_108k_cot,MATH500,453,4,4,4,0,0,4,4,2276.0
v1anneal_108k_cot,MATH500,457,4,4,4,0,0,4,4,1390.25
v1anneal_108k_cot,MATH500,461,4,4,4,0,0,4,4,1506.5
v1anneal_108k_cot,MATH500,465,4,4,4,0,0,4,4,1315.0
v1anneal_108k_cot,MATH500,469,4,4,4,0,0,4,4,1704.0
v1anneal_108k_cot,MATH500,473,4,3,3,1,0,3,3,3271.5
v1anneal_108k_cot,MATH500,477,4,3,3,1,0,3,3,2747.0
v1anneal_108k_cot,MATH500,481,4,0,0,4,0,0,0,3976.0
v1anneal_108k_cot,MATH500,485,4,0,1,4,1,0,0,3859.0
v1anneal_108k_cot,MATH500,489,4,4,4,1,0,3,3,3417.5
v1anneal_108k_cot,MATH500,493,4,2,2,4,0,0,0,4011.0
v1anneal_108k_cot,MATH500,497,4,0,0,4,0,0,0,4030.0
v1anneal_108k_cot,AIME24,3,16,6,6,14,0,2,1,3875.3125
v1anneal_108k_cot,AIME24,7,16,0,0,16,0,0,0,3641.0
v1anneal_108k_cot,AIME24,11,16,0,0,16,0,0,0,3899.0
v1anneal_108k_cot,AIME24,15,16,15,15,4,0,12,12,3184.5625
v1anneal_108k_cot,AIME24,19,16,0,0,16,0,0,0,3778.0
v1anneal_108k_cot,AIME24,23,16,0,0,16,0,0,0,3981.0
v1anneal_108k_cot,AIME24,27,16,0,0,16,0,0,0,4000.0
v1anneal_108k_cot,AIME25,2,16,4,13,14,0,2,2,3903.875
v1anneal_108k_cot,AIME25,6,16,0,0,16,0,0,0,3938.0
v1anneal_108k_cot,AIME25,10,16,0,0,16,0,0,0,3879.0
v1anneal_108k_cot,AIME25,14,16,0,0,16,0,0,0,4004.0
v1anneal_108k_cot,AIME25,18,16,6,7,14,0,2,2,3851.0625
v1anneal_108k_cot,AIME25,22,16,0,0,16,1,0,0,3814.0
v1anneal_108k_cot,AIME25,26,16,0,0,16,0,0,0,3874.0
v1anneal_108k_cot,AMC23,3,16,15,16,2,0,14,14,3202.125
v1anneal_108k_cot,AMC23,7,16,0,0,16,0,0,0,3993.0
v1anneal_108k_cot,AMC23,11,16,0,1,16,0,0,0,3870.0
v1anneal_108k_cot,AMC23,15,16,1,3,15,0,1,1,3847.75
v1anneal_108k_cot,AMC23,19,16,16,16,0,0,16,16,2130.4375
v1anneal_108k_cot,AMC23,23,16,7,8,11,0,5,5,3840.3125
v1anneal_108k_cot,AMC23,27,16,0,5,16,0,0,0,4043.0
v1anneal_108k_cot,AMC23,31,16,0,1,16,0,0,0,4043.0
v1anneal_108k_cot,AMC23,35,16,0,3,16,0,0,0,3962.0
v1anneal_108k_cot,AMC23,39,16,0,0,16,0,0,0,4041.0
v1anneal_108k_cot,MATH500,2,4,4,4,0,0,4,4,2055.0
v1anneal_108k_cot,MATH500,6,4,4,4,0,0,4,4,2404.25
v1anneal_108k_cot,MATH500,10,4,4,4,2,0,2,2,3819.75
v1anneal_108k_cot,MATH500,14,4,4,4,1,0,3,3,2431.25
v1anneal_108k_cot,MATH500,18,4,0,0,4,0,0,0,3913.0
v1anneal_108k_cot,MATH500,22,4,4,4,0,0,4,4,1897.75
v1anneal_108k_cot,MATH500,26,4,0,0,3,0,1,0,3966.5
v1anneal_108k_cot,MATH500,30,4,2,2,2,1,2,2,3370.5
v1anneal_108k_cot,MATH500,34,4,4,4,0,0,4,4,2372.5
v1anneal_108k_cot,MATH500,38,4,4,4,0,0,4,4,1071.5
v1anneal_108k_cot,MATH500,42,4,4,4,0,0,4,4,1188.5
v1anneal_108k_cot,MATH500,46,4,2,2,2,0,2,2,3732.5
v1anneal_108k_cot,MATH500,50,4,3,3,2,0,2,2,3732.0
v1anneal_108k_cot,MATH500,54,4,4,4,0,0,4,4,1045.75
v1anneal_108k_cot,MATH500,58,4,4,4,0,0,4,4,1684.25
v1anneal_108k_cot,MATH500,62,4,4,4,1,0,3,3,3229.0
v1anneal_108k_cot,MATH500,66,4,4,4,0,0,4,4,1705.75
v1anneal_108k_cot,MATH500,70,4,4,4,0,0,4,4,1658.75
v1anneal_108k_cot,MATH500,74,4,4,4,0,0,4,4,1658.5
v1anneal_108k_cot,MATH500,78,4,3,3,1,0,3,3,2738.25
v1anneal_108k_cot,MATH500,82,4,2,2,2,2,2,2,3660.0
v1anneal_108k_cot,MATH500,86,4,4,4,0,0,4,4,1196.5
v1anneal_108k_cot,MATH500,90,4,3,3,0,0,4,3,1772.5
v1anneal_108k_cot,MATH500,94,4,0,0,4,1,0,0,3688.0
v1anneal_108k_cot,MATH500,98,4,4,4,0,0,4,4,1046.0
v1anneal_108k_cot,MATH500,102,4,4,4,0,0,4,4,1734.25
v1anneal_108k_cot,MATH500,106,4,4,4,0,0,4,4,2225.25
v1anneal_108k_cot,MATH500,110,4,0,0,4,0,0,0,3966.0
v1anneal_108k_cot,MATH500,114,4,4,4,0,0,4,4,1850.5
v1anneal_108k_cot,MATH500,118,4,3,3,4,0,0,0,4053.0
v1anneal_108k_cot,MATH500,122,4,4,4,0,0,4,4,1570.0
v1anneal_108k_cot,MATH500,126,4,0,0,4,0,0,0,4000.0
v1anneal_108k_cot,MATH500,130,4,3,4,2,0,2,2,3834.0
v1anneal_108k_cot,MATH500,134,4,4,4,0,0,4,4,2162.5
v1anneal_108k_cot,MATH500,138,4,2,2,4,0,0,0,3996.0
v1anneal_108k_cot,MATH500,142,4,3,3,2,0,2,2,2916.5
v1anneal_108k_cot,MATH500,146,4,4,4,0,0,4,4,1362.5
v1anneal_108k_cot,MATH500,150,4,1,3,4,0,0,0,3851.0
v1anneal_108k_cot,MATH500,154,4,0,0,4,2,0,0,3939.0
v1anneal_108k_cot,MATH500,158,4,4,4,0,0,4,4,2053.5
v1anneal_108k_cot,MATH500,162,4,4,4,0,0,4,4,2307.75
v1anneal_108k_cot,MATH500,166,4,0,0,4,0,0,0,3845.0
v1anneal_108k_cot,MATH500,170,4,2,2,2,0,2,2,3827.25
v1anneal_108k_cot,MATH500,174,4,4,4,0,0,4,4,2368.25
v1anneal_108k_cot,MATH500,178,4,4,4,0,0,4,4,2044.5
v1anneal_108k_cot,MATH500,182,4,4,4,0,0,4,4,1148.25
v1anneal_108k_cot,MATH500,186,4,4,4,0,0,4,4,2177.75
v1anneal_108k_cot,MATH500,190,4,4,4,0,0,4,4,1839.5
v1anneal_108k_cot,MATH500,194,4,0,0,4,0,0,0,4042.0
v1anneal_108k_cot,MATH500,198,4,0,0,1,0,3,0,2503.0
v1anneal_108k_cot,MATH500,202,4,4,4,2,0,2,2,3294.75
v1anneal_108k_cot,MATH500,206,4,4,4,0,0,4,4,1814.25
v1anneal_108k_cot,MATH500,210,4,1,1,4,0,0,0,3866.0
v1anneal_108k_cot,MATH500,214,4,1,1,3,0,1,1,3676.0
v1anneal_108k_cot,MATH500,218,4,4,4,0,0,4,4,1446.25
v1anneal_108k_cot,MATH500,222,4,0,0,4,0,0,0,3935.0
v1anneal_108k_cot,MATH500,226,4,3,4,2,0,2,2,3185.25
v1anneal_108k_cot,MATH500,230,4,4,4,0,0,4,4,3027.5
v1anneal_108k_cot,MATH500,234,4,4,4,0,0,4,4,2266.5
v1anneal_108k_cot,MATH500,238,4,4,4,0,0,4,4,1777.75
v1anneal_108k_cot,MATH500,242,4,0,0,4,0,0,0,4004.0
v1anneal_108k_cot,MATH500,246,4,3,3,3,2,1,1,3328.0
v1anneal_108k_cot,MATH500,250,4,4,4,0,0,4,4,2214.5
v1anneal_108k_cot,MATH500,254,4,3,3,1,0,3,3,2456.5
v1anneal_108k_cot,MATH500,258,4,4,4,0,0,4,4,1713.0
v1anneal_108k_cot,MATH500,262,4,4,4,0,0,4,4,1314.75
v1anneal_108k_cot,MATH500,266,4,4,4,0,0,4,4,1391.5
v1anneal_108k_cot,MATH500,270,4,4,4,0,0,4,4,1496.5
v1anneal_108k_cot,MATH500,274,4,2,2,2,0,2,2,3653.5
v1anneal_108k_cot,MATH500,278,4,4,4,0,0,4,4,1561.25
v1anneal_108k_cot,MATH500,282,4,4,4,0,0,4,4,2008.75
v1anneal_108k_cot,MATH500,286,4,0,0,4,0,0,0,4006.0
v1anneal_108k_cot,MATH500,290,4,4,4,0,0,4,4,1922.0
v1anneal_108k_cot,MATH500,294,4,4,4,1,0,3,3,3375.0
v1anneal_108k_cot,MATH500,298,4,4,4,0,0,4,4,2057.0
v1anneal_108k_cot,MATH500,302,4,0,1,4,0,0,0,3990.0
v1anneal_108k_cot,MATH500,306,4,0,0,4,0,0,0,4029.0
v1anneal_108k_cot,MATH500,310,4,4,4,0,0,4,4,1968.0
v1anneal_108k_cot,MATH500,314,4,4,4,0,0,4,4,1928.25
v1anneal_108k_cot,MATH500,318,4,1,1,0,0,4,1,1652.0
v1anneal_108k_cot,MATH500,322,4,4,4,0,0,4,4,1371.25
v1anneal_108k_cot,MATH500,326,4,1,1,2,0,2,0,3619.0
v1anneal_108k_cot,MATH500,330,4,4,4,0,0,4,4,2295.25
v1anneal_108k_cot,MATH500,334,4,3,3,1,0,3,3,2420.75
v1anneal_108k_cot,MATH500,338,4,0,0,0,0,4,0,2525.25
v1anneal_108k_cot,MATH500,342,4,4,4,0,0,4,4,1262.0
v1anneal_108k_cot,MATH500,346,4,4,4,0,0,4,4,2252.5
v1anneal_108k_cot,MATH500,350,4,4,4,0,0,4,4,2110.25
v1anneal_108k_cot,MATH500,354,4,4,4,0,0,4,4,1648.0
v1anneal_108k_cot,MATH500,358,4,0,0,1,0,3,0,3347.0
v1anneal_108k_cot,MATH500,362,4,4,4,0,0,4,4,1620.5
v1anneal_108k_cot,MATH500,366,4,4,4,0,0,4,4,2695.25
v1anneal_108k_cot,MATH500,370,4,4,4,0,0,4,4,1413.75
v1anneal_108k_cot,MATH500,374,4,4,4,0,0,4,4,1046.25
v1anneal_108k_cot,MATH500,378,4,4,4,0,0,4,4,2301.0
v1anneal_108k_cot,MATH500,382,4,2,2,1,0,3,2,3313.0
v1anneal_108k_cot,MATH500,386,4,4,4,0,0,4,4,1679.0
v1anneal_108k_cot,MATH500,390,4,4,4,0,0,4,4,3419.5
v1anneal_108k_cot,MATH500,394,4,3,3,2,0,2,2,3540.0
v1anneal_108k_cot,MATH500,398,4,0,0,3,0,1,0,3869.25
v1anneal_108k_cot,MATH500,402,4,4,4,0,0,4,4,1907.25
v1anneal_108k_cot,MATH500,406,4,4,4,0,0,4,4,2149.25
v1anneal_108k_cot,MATH500,410,4,4,4,0,0,4,4,1309.75
v1anneal_108k_cot,MATH500,414,4,4,4,0,0,4,4,1996.0
v1anneal_108k_cot,MATH500,418,4,4,4,0,0,4,4,1803.5
v1anneal_108k_cot,MATH500,422,4,0,0,4,0,0,0,3968.0
v1anneal_108k_cot,MATH500,426,4,4,4,0,0,4,4,1340.75
v1anneal_108k_cot,MATH500,430,4,4,4,0,0,4,4,1094.5
v1anneal_108k_cot,MATH500,434,4,4,4,0,0,4,4,2307.25
v1anneal_108k_cot,MATH500,438,4,4,4,0,0,4,4,2150.0
v1anneal_108k_cot,MATH500,442,4,4,4,0,0,4,4,1796.25
v1anneal_108k_cot,MATH500,446,4,4,4,0,0,4,4,2136.5
v1anneal_108k_cot,MATH500,450,4,4,4,0,0,4,4,2636.75
v1anneal_108k_cot,MATH500,454,4,4,4,0,0,4,4,2910.0
v1anneal_108k_cot,MATH500,458,4,4,4,0,0,4,4,2414.5
v1anneal_108k_cot,MATH500,462,4,3,4,1,0,3,3,3113.5
v1anneal_108k_cot,MATH500,466,4,2,2,3,0,1,1,3970.0
v1anneal_108k_cot,MATH500,470,4,2,3,4,0,0,0,4029.0
v1anneal_108k_cot,MATH500,474,4,4,4,0,0,4,4,2085.0
v1anneal_108k_cot,MATH500,478,4,0,0,4,0,0,0,4004.0
v1anneal_108k_cot,MATH500,482,4,4,4,0,0,4,4,2446.75
v1anneal_108k_cot,MATH500,486,4,1,2,4,0,0,0,4038.0
v1anneal_108k_cot,MATH500,490,4,0,0,4,0,0,0,3982.0
v1anneal_108k_cot,MATH500,494,4,0,0,4,0,0,0,4007.0
v1anneal_108k_cot,MATH500,498,4,4,4,2,0,2,2,3445.75
v1anneal_108k_cot,AIME24,0,16,1,1,16,0,0,0,3968.0
v1anneal_108k_cot,AIME24,4,16,0,0,16,0,0,0,4017.0
v1anneal_108k_cot,AIME24,8,16,0,0,16,2,0,0,3971.0
v1anneal_108k_cot,AIME24,12,16,0,7,16,1,0,0,4018.0
v1anneal_108k_cot,AIME24,16,16,1,7,16,0,0,0,4018.0
v1anneal_108k_cot,AIME24,20,16,1,5,15,3,1,1,3821.75
v1anneal_108k_cot,AIME24,24,16,0,0,16,0,0,0,3940.0
v1anneal_108k_cot,AIME24,28,16,0,0,16,0,0,0,3907.0
v1anneal_108k_cot,AIME25,3,16,2,4,16,0,0,0,4024.0
v1anneal_108k_cot,AIME25,7,16,1,1,16,0,0,0,3970.0
v1anneal_108k_cot,AIME25,11,16,0,0,16,0,0,0,3964.0
v1anneal_108k_cot,AIME25,15,16,13,13,7,0,9,9,3564.75
v1anneal_108k_cot,AIME25,19,16,0,0,16,0,0,0,3895.0
v1anneal_108k_cot,AIME25,23,16,0,0,16,0,0,0,3995.0
v1anneal_108k_cot,AIME25,27,16,0,0,16,0,0,0,3962.0
v1anneal_108k_cot,AMC23,0,16,16,16,0,0,16,16,1404.9375
v1anneal_108k_cot,AMC23,4,16,2,3,15,0,1,1,3991.1875
v1anneal_108k_cot,AMC23,8,16,1,3,16,0,0,0,4029.0
v1anneal_108k_cot,AMC23,12,16,1,1,16,0,0,0,4020.0
v1anneal_108k_cot,AMC23,16,16,15,15,1,1,15,15,2843.25
v1anneal_108k_cot,AMC23,20,16,0,1,16,0,0,0,3984.0
v1anneal_108k_cot,AMC23,24,16,6,11,15,0,1,1,3981.8125
v1anneal_108k_cot,AMC23,28,16,0,0,16,1,0,0,4016.0
v1anneal_108k_cot,AMC23,32,16,0,6,16,0,0,0,3847.0
v1anneal_108k_cot,AMC23,36,16,2,5,14,0,2,2,3876.6875
v1anneal_108k_cot,MATH500,3,4,4,4,0,0,4,4,1456.25
v1anneal_108k_cot,MATH500,7,4,3,3,1,0,3,3,2978.25
v1anneal_108k_cot,MATH500,11,4,0,0,4,0,0,0,4017.0
v1anneal_108k_cot,MATH500,15,4,4,4,0,0,4,4,2924.25
v1anneal_108k_cot,MATH500,19,4,1,3,4,0,0,0,4033.0
v1anneal_108k_cot,MATH500,23,4,4,4,0,0,4,4,2170.0
v1anneal_108k_cot,MATH500,27,4,4,4,0,0,4,4,1188.0
v1anneal_108k_cot,MATH500,31,4,4,4,0,0,4,4,1138.75
v1anneal_108k_cot,MATH500,35,4,4,4,0,0,4,4,2053.0
v1anneal_108k_cot,MATH500,39,4,4,4,0,0,4,4,1747.75
v1anneal_108k_cot,MATH500,43,4,0,0,4,0,0,0,3992.0
v1anneal_108k_cot,MATH500,47,4,4,4,0,0,4,4,1150.5
v1anneal_108k_cot,MATH500,51,4,3,3,2,0,2,2,3684.0
v1anneal_108k_cot,MATH500,55,4,4,4,0,0,4,4,1950.75
v1anneal_108k_cot,MATH500,59,4,4,4,0,0,4,4,1494.0
v1anneal_108k_cot,MATH500,63,4,4,4,1,0,3,3,3647.0
v1anneal_108k_cot,MATH500,67,4,3,4,1,1,3,3,2818.5
v1anneal_108k_cot,MATH500,71,4,0,0,2,0,2,0,3666.75
v1anneal_108k_cot,MATH500,75,4,4,4,0,0,4,4,2953.75
v1anneal_108k_cot,MATH500,79,4,4,4,0,0,4,4,1576.0
v1anneal_108k_cot,MATH500,83,4,3,3,3,0,1,1,3889.75
v1anneal_108k_cot,MATH500,87,4,4,4,0,0,4,4,2248.25
v1anneal_108k_cot,MATH500,91,4,3,3,3,3,1,1,3436.5
v1anneal_108k_cot,MATH500,95,4,4,4,0,0,4,4,1473.5
v1anneal_108k_cot,MATH500,99,4,0,0,0,0,4,0,2575.0
v1anneal_108k_cot,MATH500,103,4,0,0,4,0,0,0,3970.0
v1anneal_108k_cot,MATH500,107,4,4,4,0,0,4,4,1536.25
v1anneal_108k_cot,MATH500,111,4,4,4,0,0,4,4,1461.0
v1anneal_108k_cot,MATH500,115,4,4,4,0,0,4,4,1845.5
v1anneal_108k_cot,MATH500,119,4,0,0,4,0,0,0,3924.0
v1anneal_108k_cot,MATH500,123,4,2,3,4,0,0,0,3801.0
v1anneal_108k_cot,MATH500,127,4,0,0,0,0,4,0,1907.0
v1anneal_108k_cot,MATH500,131,4,4,4,0,0,4,4,1900.0
v1anneal_108k_cot,MATH500,135,4,3,3,1,1,3,3,2261.75
v1anneal_108k_cot,MATH500,139,4,1,2,4,0,0,0,4029.0
v1anneal_108k_cot,MATH500,143,4,4,4,0,0,4,4,2533.0
v1anneal_108k_cot,MATH500,147,4,0,0,4,0,0,0,4031.0
v1anneal_108k_cot,MATH500,151,4,2,3,3,1,1,1,3651.25
v1anneal_108k_cot,MATH500,155,4,4,4,0,0,4,4,3464.25
v1anneal_108k_cot,MATH500,159,4,4,4,0,0,4,4,1810.0
v1anneal_108k_cot,MATH500,163,4,4,4,2,0,2,2,3810.75
v1anneal_108k_cot,MATH500,167,4,4,4,0,0,4,4,1125.25
v1anneal_108k_cot,MATH500,171,4,4,4,0,0,4,4,1618.5
v1anneal_108k_cot,MATH500,175,4,4,4,0,0,4,4,3076.25
v1anneal_108k_cot,MATH500,179,4,4,4,0,0,4,4,3210.25
v1anneal_108k_cot,MATH500,183,4,4,4,0,0,4,4,2640.75
v1anneal_108k_cot,MATH500,187,4,4,4,0,0,4,4,1610.25
v1anneal_108k_cot,MATH500,191,4,4,4,0,0,4,4,1231.25
v1anneal_108k_cot,MATH500,195,4,4,4,0,0,4,4,2047.75
v1anneal_108k_cot,MATH500,199,4,4,4,0,0,4,4,1166.75
v1anneal_108k_cot,MATH500,203,4,4,4,0,0,4,4,2227.25
v1anneal_108k_cot,MATH500,207,4,4,4,0,0,4,4,1433.75
v1anneal_108k_cot,MATH500,211,4,4,4,0,0,4,4,2052.0
v1anneal_108k_cot,MATH500,215,4,4,4,0,0,4,4,2800.75
v1anneal_108k_cot,MATH500,219,4,0,0,4,0,0,0,3324.0
v1anneal_108k_cot,MATH500,223,4,0,1,4,1,0,0,4046.0
v1anneal_108k_cot,MATH500,227,4,0,0,0,0,4,0,1120.75
v1anneal_108k_cot,MATH500,231,4,4,4,0,0,4,4,1773.5
v1anneal_108k_cot,MATH500,235,4,4,4,0,0,4,4,1849.5
v1anneal_108k_cot,MATH500,239,4,0,0,4,0,0,0,3957.0
v1anneal_108k_cot,MATH500,243,4,4,4,0,0,4,4,1221.75
v1anneal_108k_cot,MATH500,247,4,4,4,0,0,4,4,1896.5
v1anneal_108k_cot,MATH500,251,4,3,3,1,0,3,3,2901.75
v1anneal_108k_cot,MATH500,255,4,0,0,0,0,4,0,1991.75
v1anneal_108k_cot,MATH500,259,4,4,4,0,0,4,4,1602.75
v1anneal_108k_cot,MATH500,263,4,4,4,0,0,4,4,1290.0
v1anneal_108k_cot,MATH500,267,4,2,2,3,0,1,1,3727.75
v1anneal_108k_cot,MATH500,271,4,1,3,3,0,1,1,3554.25
v1anneal_108k_cot,MATH500,275,4,4,4,0,0,4,4,1234.25
v1anneal_108k_cot,MATH500,279,4,3,3,1,0,3,3,3365.5
v1anneal_108k_cot,MATH500,283,4,4,4,0,0,4,4,1513.25
v1anneal_108k_cot,MATH500,287,4,4,4,0,0,4,4,2936.25
v1anneal_108k_cot,MATH500,291,4,4,4,1,0,3,3,3091.5
v1anneal_108k_cot,MATH500,295,4,0,0,4,0,0,0,3978.0
v1anneal_108k_cot,MATH500,299,4,4,4,0,0,4,4,2664.75
v1anneal_108k_cot,MATH500,303,4,0,0,4,1,0,0,4012.0
v1anneal_108k_cot,MATH500,307,4,4,4,0,0,4,4,2473.25
v1anneal_108k_cot,MATH500,311,4,4,4,0,0,4,4,2813.5
v1anneal_108k_cot,MATH500,315,4,3,3,1,0,3,3,2914.0
v1anneal_108k_cot,MATH500,319,4,4,4,0,0,4,4,1073.5
v1anneal_108k_cot,MATH500,323,4,3,3,4,0,0,0,4036.0
v1anneal_108k_cot,MATH500,327,4,3,4,4,0,0,0,3987.0
v1anneal_108k_cot,MATH500,331,4,4,4,0,0,4,4,2507.0
v1anneal_108k_cot,MATH500,335,4,3,3,2,0,2,2,3134.0
v1anneal_108k_cot,MATH500,339,4,4,4,0,0,4,4,2244.25
v1anneal_108k_cot,MATH500,343,4,0,4,0,0,4,4,1502.0
v1anneal_108k_cot,MATH500,347,4,2,2,1,0,3,2,2553.25
v1anneal_108k_cot,MATH500,351,4,3,3,3,0,1,1,3971.25
v1anneal_108k_cot,MATH500,355,4,0,0,4,0,0,0,4023.0
v1anneal_108k_cot,MATH500,359,4,4,4,0,0,4,4,2783.75
v1anneal_108k_cot,MATH500,363,4,4,4,0,0,4,4,1626.0
v1anneal_108k_cot,MATH500,367,4,4,4,0,0,4,4,1422.5
v1anneal_108k_cot,MATH500,371,4,0,0,4,0,0,0,4016.0
v1anneal_108k_cot,MATH500,375,4,4,4,0,0,4,4,1789.75
v1anneal_108k_cot,MATH500,379,4,2,4,3,0,1,1,3554.0
v1anneal_108k_cot,MATH500,383,4,0,0,0,0,4,0,1612.75
v1anneal_108k_cot,MATH500,387,4,4,4,1,0,3,3,2198.5
v1anneal_108k_cot,MATH500,391,4,4,4,0,0,4,4,3171.5
v1anneal_108k_cot,MATH500,395,4,4,4,0,0,4,4,1957.0
v1anneal_108k_cot,MATH500,399,4,4,4,0,0,4,4,1223.0
v1anneal_108k_cot,MATH500,403,4,3,3,4,1,0,0,4026.0
v1anneal_108k_cot,MATH500,407,4,4,4,0,0,4,4,1844.25
v1anneal_108k_cot,MATH500,411,4,4,4,0,0,4,4,1503.25
v1anneal_108k_cot,MATH500,415,4,4,4,1,0,3,3,2911.75
v1anneal_108k_cot,MATH500,419,4,1,1,2,0,2,1,3741.0
v1anneal_108k_cot,MATH500,423,4,3,3,3,0,1,1,3896.0
v1anneal_108k_cot,MATH500,427,4,4,4,0,0,4,4,1167.5
v1anneal_108k_cot,MATH500,431,4,2,2,2,0,2,2,3644.25
v1anneal_108k_cot,MATH500,435,4,4,4,0,0,4,4,1873.0
v1anneal_108k_cot,MATH500,439,4,2,2,2,0,2,2,3460.75
v1anneal_108k_cot,MATH500,443,4,4,4,0,0,4,4,1019.75
v1anneal_108k_cot,MATH500,447,4,4,4,0,0,4,4,1298.75
v1anneal_108k_cot,MATH500,451,4,4,4,0,0,4,4,2420.5
v1anneal_108k_cot,MATH500,455,4,4,4,0,0,4,4,1230.25
v1anneal_108k_cot,MATH500,459,4,4,4,0,0,4,4,2380.5
v1anneal_108k_cot,MATH500,463,4,4,4,0,0,4,4,918.0
v1anneal_108k_cot,MATH500,467,4,0,0,1,0,3,0,3062.25
v1anneal_108k_cot,MATH500,471,4,4,4,0,0,4,4,1386.5
v1anneal_108k_cot,MATH500,475,4,1,1,4,0,0,0,3917.0
v1anneal_108k_cot,MATH500,479,4,4,4,1,0,3,3,2321.75
v1anneal_108k_cot,MATH500,483,4,4,4,0,0,4,4,3712.0
v1anneal_108k_cot,MATH500,487,4,4,4,0,0,4,4,2018.5
v1anneal_108k_cot,MATH500,491,4,2,2,0,0,4,2,1919.25
v1anneal_108k_cot,MATH500,495,4,4,4,0,0,4,4,2483.0
v1anneal_108k_cot,MATH500,499,4,1,1,3,0,1,1,3866.5
v1anneal_108k_cot,AIME24,1,16,0,0,16,0,0,0,3998.0
v1anneal_108k_cot,AIME24,5,16,8,9,9,0,7,7,3739.125
v1anneal_108k_cot,AIME24,9,16,0,0,16,0,0,0,4016.0
v1anneal_108k_cot,AIME24,13,16,0,0,16,0,0,0,3939.0
v1anneal_108k_cot,AIME24,17,16,1,4,16,1,0,0,3969.0
v1anneal_108k_cot,AIME24,21,16,9,13,13,0,3,3,3990.5625
v1anneal_108k_cot,AIME24,25,16,0,0,16,3,0,0,3996.0
v1anneal_108k_cot,AIME24,29,16,0,0,16,0,0,0,3967.0
v1anneal_108k_cot,AIME25,0,16,14,15,2,1,14,14,2635.375
v1anneal_108k_cot,AIME25,4,16,0,0,16,0,0,0,4002.0
v1anneal_108k_cot,AIME25,8,16,0,0,16,0,0,0,3985.0
v1anneal_108k_cot,AIME25,12,16,0,0,16,0,0,0,4003.0
v1anneal_108k_cot,AIME25,16,16,15,16,1,0,15,15,2904.875
v1anneal_108k_cot,AIME25,20,16,0,0,16,0,0,0,3874.0
v1anneal_108k_cot,AIME25,24,16,0,0,16,1,0,0,4012.0
v1anneal_108k_cot,AIME25,28,16,0,0,16,0,0,0,3989.0
v1anneal_108k_cot,AMC23,1,16,16,16,0,0,16,16,2477.375
v1anneal_108k_cot,AMC23,5,16,2,5,16,0,0,0,4045.0
v1anneal_108k_cot,AMC23,9,16,16,16,0,0,16,16,2458.0625
v1anneal_108k_cot,AMC23,13,16,0,3,16,0,0,0,4038.0
v1anneal_108k_cot,AMC23,17,16,13,14,4,0,12,12,3284.1875
v1anneal_108k_cot,AMC23,21,16,16,16,1,0,15,15,2306.625
v1anneal_108k_cot,AMC23,25,16,15,15,1,0,15,15,2788.9375
v1anneal_108k_cot,AMC23,29,16,9,9,12,0,4,4,3875.25
v1anneal_108k_cot,AMC23,33,16,16,16,0,0,16,16,1555.6875
v1anneal_108k_cot,AMC23,37,16,3,6,14,0,2,2,3977.375
v1anneal_108k_cot,MATH500,0,4,4,4,0,0,4,4,1342.0
v1anneal_108k_cot,MATH500,4,4,0,0,3,0,1,0,3447.0
v1anneal_108k_cot,MATH500,8,4,4,4,0,0,4,4,1495.75
v1anneal_108k_cot,MATH500,12,4,4,4,0,0,4,4,2834.0
v1anneal_108k_cot,MATH500,16,4,4,4,0,0,4,4,1957.75
v1anneal_108k_cot,MATH500,20,4,3,3,0,0,4,3,2147.75
v1anneal_108k_cot,MATH500,24,4,3,3,1,0,3,3,2941.25
v1anneal_108k_cot,MATH500,28,4,4,4,0,0,4,4,1207.5
v1anneal_108k_cot,MATH500,32,4,0,1,4,0,0,0,4028.0
v1anneal_108k_cot,MATH500,36,4,0,0,3,0,1,0,3716.5
v1anneal_108k_cot,MATH500,40,4,4,4,0,0,4,4,967.5
v1anneal_108k_cot,MATH500,44,4,4,4,0,0,4,4,1560.75
v1anneal_108k_cot,MATH500,48,4,4,4,0,0,4,4,1512.25
v1anneal_108k_cot,MATH500,52,4,4,4,0,0,4,4,2734.75
v1anneal_108k_cot,MATH500,56,4,4,4,0,0,4,4,1286.25
v1anneal_108k_cot,MATH500,60,4,0,0,4,0,0,0,4026.0
v1anneal_108k_cot,MATH500,64,4,1,1,3,0,1,1,3984.0
v1anneal_108k_cot,MATH500,68,4,4,4,2,0,2,2,3348.0
v1anneal_108k_cot,MATH500,72,4,4,4,0,0,4,4,1276.5
v1anneal_108k_cot,MATH500,76,4,4,4,0,0,4,4,2581.25
v1anneal_108k_cot,MATH500,80,4,0,0,4,0,0,0,4032.0
v1anneal_108k_cot,MATH500,84,4,4,4,0,0,4,4,2538.75
v1anneal_108k_cot,MATH500,88,4,0,2,4,0,0,0,3985.0
v1anneal_108k_cot,MATH500,92,4,1,1,3,0,1,1,3632.0
v1anneal_108k_cot,MATH500,96,4,0,0,4,0,0,0,3970.0
v1anneal_108k_cot,MATH500,100,4,0,0,4,0,0,0,3873.0
v1anneal_108k_cot,MATH500,104,4,0,0,4,0,0,0,3999.0
v1anneal_108k_cot,MATH500,108,4,2,3,3,0,1,1,3860.25
v1anneal_108k_cot,MATH500,112,4,4,4,0,0,4,4,2423.75
v1anneal_108k_cot,MATH500,116,4,4,4,0,0,4,4,1397.25
v1anneal_108k_cot,MATH500,120,4,0,0,4,1,0,0,4016.0
v1anneal_108k_cot,MATH500,124,4,4,4,0,0,4,4,2371.5
v1anneal_108k_cot,MATH500,128,4,2,4,4,0,0,0,4057.0
v1anneal_108k_cot,MATH500,132,4,4,4,0,0,4,4,1526.75
v1anneal_108k_cot,MATH500,136,4,1,1,4,0,0,0,3977.0
v1anneal_108k_cot,MATH500,140,4,4,4,1,0,3,3,2579.25
v1anneal_108k_cot,MATH500,144,4,4,4,0,0,4,4,1354.0
v1anneal_108k_cot,MATH500,148,4,4,4,0,0,4,4,1373.5
v1anneal_108k_cot,MATH500,152,4,0,0,4,0,0,0,3996.0
v1anneal_108k_cot,MATH500,156,4,0,0,4,0,0,0,3857.0
v1anneal_108k_cot,MATH500,160,4,4,4,0,0,4,4,1980.25
v1anneal_108k_cot,MATH500,164,4,3,3,4,0,0,0,4057.0
v1anneal_108k_cot,MATH500,168,4,0,0,4,0,0,0,3362.0
v1anneal_108k_cot,MATH500,172,4,4,4,0,0,4,4,1459.25
v1anneal_108k_cot,MATH500,176,4,4,4,0,0,4,4,3006.25
v1anneal_108k_cot,MATH500,180,4,4,4,2,0,2,2,2940.25
v1anneal_108k_cot,MATH500,184,4,0,0,4,0,0,0,4025.0
v1anneal_108k_cot,MATH500,188,4,4,4,1,0,3,3,3423.75
v1anneal_108k_cot,MATH500,192,4,4,4,0,0,4,4,2691.5
v1anneal_108k_cot,MATH500,196,4,4,4,0,0,4,4,1820.0
v1anneal_108k_cot,MATH500,200,4,1,2,3,0,1,1,3492.75
v1anneal_108k_cot,MATH500,204,4,0,1,4,0,0,0,3992.0
v1anneal_108k_cot,MATH500,208,4,3,4,1,0,3,3,2555.25
v1anneal_108k_cot,MATH500,212,4,4,4,0,0,4,4,1314.25
v1anneal_108k_cot,MATH500,216,4,3,3,1,0,3,3,2628.0
v1anneal_108k_cot,MATH500,220,4,4,4,0,0,4,4,1879.25
v1anneal_108k_cot,MATH500,224,4,3,3,4,0,0,0,4017.0
v1anneal_108k_cot,MATH500,228,4,2,2,2,0,2,1,3639.75
v1anneal_108k_cot,MATH500,232,4,2,2,2,0,2,2,3622.5
v1anneal_108k_cot,MATH500,236,4,0,1,4,0,0,0,4030.0
v1anneal_108k_cot,MATH500,240,4,0,0,4,0,0,0,3828.0
v1anneal_108k_cot,MATH500,244,4,4,4,0,0,4,4,2732.25
v1anneal_108k_cot,MATH500,248,4,1,1,0,0,4,1,2929.25
v1anneal_108k_cot,MATH500,252,4,4,4,0,0,4,4,2267.5
v1anneal_108k_cot,MATH500,256,4,4,4,0,0,4,4,1735.75
v1anneal_108k_cot,MATH500,260,4,4,4,0,0,4,4,2142.25
v1anneal_108k_cot,MATH500,264,4,0,0,4,0,0,0,3791.0
v1anneal_108k_cot,MATH500,268,4,4,4,0,0,4,4,1449.25
v1anneal_108k_cot,MATH500,272,4,4,4,0,0,4,4,2956.25
v1anneal_108k_cot,MATH500,276,4,4,4,0,0,4,4,2186.75
v1anneal_108k_cot,MATH500,280,4,4,4,0,0,4,4,1647.5
v1anneal_108k_cot,MATH500,284,4,0,0,4,0,0,0,4019.0
v1anneal_108k_cot,MATH500,288,4,2,3,2,0,2,2,3650.5
v1anneal_108k_cot,MATH500,292,4,0,1,4,0,0,0,3957.0
v1anneal_108k_cot,MATH500,296,4,0,0,3,0,1,0,3909.75
v1anneal_108k_cot,MATH500,300,4,4,4,0,0,4,4,2343.0
v1anneal_108k_cot,MATH500,304,4,4,4,0,0,4,4,2859.0
v1anneal_108k_cot,MATH500,308,4,0,0,4,0,0,0,4027.0
v1anneal_108k_cot,MATH500,312,4,4,4,0,0,4,4,926.0
v1anneal_108k_cot,MATH500,316,4,4,4,0,0,4,4,1996.25
v1anneal_108k_cot,MATH500,320,4,2,2,4,0,0,0,3918.0
v1anneal_108k_cot,MATH500,324,4,0,0,3,0,1,0,3721.25
v1anneal_108k_cot,MATH500,328,4,2,2,3,0,1,1,3985.5
v1anneal_108k_cot,MATH500,332,4,0,2,4,0,0,0,4031.0
v1anneal_108k_cot,MATH500,336,4,4,4,0,0,4,4,1711.0
v1anneal_108k_cot,MATH500,340,4,0,0,4,0,0,0,3991.0
v1anneal_108k_cot,MATH500,344,4,4,4,0,0,4,4,1405.5
v1anneal_108k_cot,MATH500,348,4,4,4,0,0,4,4,3490.75
v1anneal_108k_cot,MATH500,352,4,0,0,4,0,0,0,3853.0
v1anneal_108k_cot,MATH500,356,4,3,3,1,0,3,3,2463.5
v1anneal_108k_cot,MATH500,360,4,4,4,1,0,3,3,2733.0
v1anneal_108k_cot,MATH500,364,4,4,4,1,0,3,3,2887.25
v1anneal_108k_cot,MATH500,368,4,4,4,0,0,4,4,1952.75
v1anneal_108k_cot,MATH500,372,4,0,0,4,0,0,0,3813.0
v1anneal_108k_cot,MATH500,376,4,4,4,0,0,4,4,1965.0
v1anneal_108k_cot,MATH500,380,4,3,3,1,0,3,3,3059.5
v1anneal_108k_cot,MATH500,384,4,4,4,0,0,4,4,1013.5
v1anneal_108k_cot,MATH500,388,4,4,4,0,0,4,4,1818.75
v1anneal_108k_cot,MATH500,392,4,0,0,4,0,0,0,3745.0
v1anneal_108k_cot,MATH500,396,4,1,1,4,0,0,0,3834.0
v1anneal_108k_cot,MATH500,400,4,0,0,4,0,0,0,4009.0
v1anneal_108k_cot,MATH500,404,4,4,4,0,0,4,4,1005.0
v1anneal_108k_cot,MATH500,408,4,0,0,3,0,1,0,3632.5
v1anneal_108k_cot,MATH500,412,4,2,2,4,0,0,0,4004.0
v1anneal_108k_cot,MATH500,416,4,0,0,4,1,0,0,4058.0
v1anneal_108k_cot,MATH500,420,4,0,0,0,0,4,0,1917.5
v1anneal_108k_cot,MATH500,424,4,4,4,0,0,4,4,1801.25
v1anneal_108k_cot,MATH500,428,4,1,1,3,0,1,1,3880.5
v1anneal_108k_cot,MATH500,432,4,0,0,4,1,0,0,3998.0
v1anneal_108k_cot,MATH500,436,4,4,4,0,0,4,4,3030.5
v1anneal_108k_cot,MATH500,440,4,4,4,0,0,4,4,1773.0
v1anneal_108k_cot,MATH500,444,4,0,0,4,0,0,0,3887.0
v1anneal_108k_cot,MATH500,448,4,3,3,3,0,1,1,3508.25
v1anneal_108k_cot,MATH500,452,4,4,4,0,0,4,4,1742.25
v1anneal_108k_cot,MATH500,456,4,1,1,1,0,3,1,3329.25
v1anneal_108k_cot,MATH500,460,4,0,0,4,0,0,0,3892.0
v1anneal_108k_cot,MATH500,464,4,4,4,0,0,4,4,2470.5
v1anneal_108k_cot,MATH500,468,4,4,4,0,0,4,4,1656.25
v1anneal_108k_cot,MATH500,472,4,4,4,0,0,4,4,1306.25
v1anneal_108k_cot,MATH500,476,4,4,4,1,1,3,3,2036.0
v1anneal_108k_cot,MATH500,480,4,4,4,1,0,3,3,3407.25
v1anneal_108k_cot,MATH500,484,4,2,3,3,0,1,1,3568.25
v1anneal_108k_cot,MATH500,488,4,4,4,0,0,4,4,1183.25
v1anneal_108k_cot,MATH500,492,4,4,4,0,0,4,4,1200.25
v1anneal_108k_cot,MATH500,496,4,4,4,0,0,4,4,1961.25
v1anneal_120k_cot,AIME24,2,16,1,2,16,0,0,0,3933.0
v1anneal_120k_cot,AIME24,6,16,0,0,16,0,0,0,3990.0
v1anneal_120k_cot,AIME24,10,16,0,0,16,0,0,0,3999.0
v1anneal_120k_cot,AIME24,14,16,0,0,16,0,0,0,3891.0
v1anneal_120k_cot,AIME24,18,16,13,14,5,0,11,11,3390.5
v1anneal_120k_cot,AIME24,22,16,0,0,16,0,0,0,3845.0
v1anneal_120k_cot,AIME24,26,16,0,0,16,0,0,0,3988.0
v1anneal_120k_cot,AIME25,1,16,0,0,16,0,0,0,3923.0
v1anneal_120k_cot,AIME25,5,16,16,16,1,0,15,15,3113.1875
v1anneal_120k_cot,AIME25,9,16,0,0,16,1,0,0,3918.0
v1anneal_120k_cot,AIME25,13,16,0,2,16,0,0,0,3939.0
v1anneal_120k_cot,AIME25,17,16,0,0,16,0,0,0,4005.0
v1anneal_120k_cot,AIME25,21,16,0,1,16,0,0,0,3990.0
v1anneal_120k_cot,AIME25,25,16,0,0,16,0,0,0,4024.0
v1anneal_120k_cot,AIME25,29,16,0,0,16,0,0,0,4008.0
v1anneal_120k_cot,AMC23,2,16,16,16,0,0,16,16,1669.6875
v1anneal_120k_cot,AMC23,6,16,0,0,16,0,0,0,4006.0
v1anneal_120k_cot,AMC23,10,16,4,5,12,0,4,3,3670.375
v1anneal_120k_cot,AMC23,14,16,3,8,15,0,1,1,3889.9375
v1anneal_120k_cot,AMC23,18,16,1,2,16,0,0,0,3999.0
v1anneal_120k_cot,AMC23,22,16,16,16,0,0,16,16,1872.6875
v1anneal_120k_cot,AMC23,26,16,16,16,1,0,15,15,2923.75
v1anneal_120k_cot,AMC23,30,16,16,16,0,0,16,16,1645.8125
v1anneal_120k_cot,AMC23,34,16,16,16,0,0,16,16,1326.375
v1anneal_120k_cot,AMC23,38,16,10,12,9,0,7,7,3682.625
v1anneal_120k_cot,MATH500,1,4,4,4,1,0,3,3,2955.5
v1anneal_120k_cot,MATH500,5,4,4,4,0,0,4,4,1245.0
v1anneal_120k_cot,MATH500,9,4,0,0,4,0,0,0,3929.0
v1anneal_120k_cot,MATH500,13,4,4,4,0,0,4,4,888.5
v1anneal_120k_cot,MATH500,17,4,2,2,4,0,0,0,3831.0
v1anneal_120k_cot,MATH500,21,4,0,0,4,0,0,0,4050.0
v1anneal_120k_cot,MATH500,25,4,0,0,1,0,3,0,3289.25
v1anneal_120k_cot,MATH500,29,4,4,4,0,0,4,4,1465.0
v1anneal_120k_cot,MATH500,33,4,4,4,0,0,4,4,3018.0
v1anneal_120k_cot,MATH500,37,4,4,4,0,0,4,4,1358.5
v1anneal_120k_cot,MATH500,41,4,0,0,4,0,0,0,4029.0
v1anneal_120k_cot,MATH500,45,4,4,4,0,0,4,4,1607.75
v1anneal_120k_cot,MATH500,49,4,4,4,0,0,4,4,1692.5
v1anneal_120k_cot,MATH500,53,4,4,4,0,0,4,4,1310.25
v1anneal_120k_cot,MATH500,57,4,4,4,1,0,3,3,2317.75
v1anneal_120k_cot,MATH500,61,4,3,3,2,0,2,2,3834.5
v1anneal_120k_cot,MATH500,65,4,4,4,0,0,4,4,1322.5
v1anneal_120k_cot,MATH500,69,4,2,2,2,0,2,2,2954.25
v1anneal_120k_cot,MATH500,73,4,4,4,0,0,4,4,1320.0
v1anneal_120k_cot,MATH500,77,4,4,4,0,0,4,4,1203.75
v1anneal_120k_cot,MATH500,81,4,4,4,0,0,4,4,1281.0
v1anneal_120k_cot,MATH500,85,4,4,4,0,0,4,4,1249.25
v1anneal_120k_cot,MATH500,89,4,4,4,0,0,4,4,2191.0
v1anneal_120k_cot,MATH500,93,4,4,4,0,0,4,4,2024.75
v1anneal_120k_cot,MATH500,97,4,0,0,0,0,4,0,1823.25
v1anneal_120k_cot,MATH500,101,4,1,1,4,0,0,0,3898.0
v1anneal_120k_cot,MATH500,105,4,4,4,0,0,4,4,1367.0
v1anneal_120k_cot,MATH500,109,4,3,3,3,0,1,1,3517.75
v1anneal_120k_cot,MATH500,113,4,4,4,0,0,4,4,1641.5
v1anneal_120k_cot,MATH500,117,4,4,4,0,0,4,4,1064.5
v1anneal_120k_cot,MATH500,121,4,4,4,0,0,4,4,1334.75
v1anneal_120k_cot,MATH500,125,4,4,4,0,0,4,4,1576.5
v1anneal_120k_cot,MATH500,129,4,2,2,3,0,1,1,3953.25
v1anneal_120k_cot,MATH500,133,4,4,4,0,0,4,4,1494.75
v1anneal_120k_cot,MATH500,137,4,4,4,0,0,4,4,2672.25
v1anneal_120k_cot,MATH500,141,4,4,4,0,0,4,4,2371.75
v1anneal_120k_cot,MATH500,145,4,0,1,4,2,0,0,4022.0
v1anneal_120k_cot,MATH500,149,4,4,4,0,0,4,4,2371.75
v1anneal_120k_cot,MATH500,153,4,2,2,3,0,1,1,3529.5
v1anneal_120k_cot,MATH500,157,4,4,4,0,0,4,4,2099.0
v1anneal_120k_cot,MATH500,161,4,4,4,0,0,4,4,1354.25
v1anneal_120k_cot,MATH500,165,4,4,4,0,0,4,4,1301.75
v1anneal_120k_cot,MATH500,169,4,4,4,0,0,4,4,1340.25
v1anneal_120k_cot,MATH500,173,4,4,4,1,0,3,3,3335.0
v1anneal_120k_cot,MATH500,177,4,0,0,4,0,0,0,3784.0
v1anneal_120k_cot,MATH500,181,4,4,4,0,0,4,4,1746.5
v1anneal_120k_cot,MATH500,185,4,4,4,0,0,4,4,1040.75
v1anneal_120k_cot,MATH500,189,4,1,1,4,0,0,0,3563.0
v1anneal_120k_cot,MATH500,193,4,4,4,1,0,3,3,2890.5
v1anneal_120k_cot,MATH500,197,4,3,3,0,0,4,3,2763.0
v1anneal_120k_cot,MATH500,201,4,4,4,0,0,4,4,2281.0
v1anneal_120k_cot,MATH500,205,4,4,4,0,0,4,4,2160.0
v1anneal_120k_cot,MATH500,209,4,4,4,1,0,3,3,2511.5
v1anneal_120k_cot,MATH500,213,4,3,3,1,0,3,3,3283.75
v1anneal_120k_cot,MATH500,217,4,0,0,4,1,0,0,4059.0
v1anneal_120k_cot,MATH500,221,4,4,4,0,0,4,4,2642.25
v1anneal_120k_cot,MATH500,225,4,4,4,0,0,4,4,2000.0
v1anneal_120k_cot,MATH500,229,4,4,4,0,0,4,4,1300.5
v1anneal_120k_cot,MATH500,233,4,3,3,1,0,3,3,2101.75
v1anneal_120k_cot,MATH500,237,4,4,4,0,0,4,4,2277.0
v1anneal_120k_cot,MATH500,241,4,4,4,0,0,4,4,2804.0
v1anneal_120k_cot,MATH500,245,4,3,3,1,0,3,3,3677.5
v1anneal_120k_cot,MATH500,249,4,4,4,0,0,4,4,2358.5
v1anneal_120k_cot,MATH500,253,4,4,4,0,0,4,4,1262.25
v1anneal_120k_cot,MATH500,257,4,0,0,0,0,4,0,1082.75
v1anneal_120k_cot,MATH500,261,4,4,4,0,0,4,4,2322.0
v1anneal_120k_cot,MATH500,265,4,4,4,0,0,4,4,1580.75
v1anneal_120k_cot,MATH500,269,4,4,4,0,0,4,4,1756.5
v1anneal_120k_cot,MATH500,273,4,4,4,0,0,4,4,2008.0
v1anneal_120k_cot,MATH500,277,4,4,4,0,0,4,4,1496.25
v1anneal_120k_cot,MATH500,281,4,0,0,4,0,0,0,3709.0
v1anneal_120k_cot,MATH500,285,4,0,0,4,0,0,0,3911.0
v1anneal_120k_cot,MATH500,289,4,4,4,0,0,4,4,2888.75
v1anneal_120k_cot,MATH500,293,4,4,4,0,0,4,4,1797.75
v1anneal_120k_cot,MATH500,297,4,4,4,0,0,4,4,1784.75
v1anneal_120k_cot,MATH500,301,4,4,4,0,0,4,4,2025.0
v1anneal_120k_cot,MATH500,305,4,4,4,0,0,4,4,1604.25
v1anneal_120k_cot,MATH500,309,4,0,0,4,0,0,0,4055.0
v1anneal_120k_cot,MATH500,313,4,4,4,0,0,4,4,1172.25
v1anneal_120k_cot,MATH500,317,4,1,1,4,0,0,0,3985.0
v1anneal_120k_cot,MATH500,321,4,4,4,0,0,4,4,2099.0
v1anneal_120k_cot,MATH500,325,4,4,4,0,0,4,4,1599.0
v1anneal_120k_cot,MATH500,329,4,4,4,0,0,4,4,1143.25
v1anneal_120k_cot,MATH500,333,4,1,2,4,0,0,0,4015.0
v1anneal_120k_cot,MATH500,337,4,4,4,0,0,4,4,1990.0
v1anneal_120k_cot,MATH500,341,4,4,4,0,0,4,4,1685.75
v1anneal_120k_cot,MATH500,345,4,4,4,0,0,4,4,1591.0
v1anneal_120k_cot,MATH500,349,4,1,1,4,0,0,0,4042.0
v1anneal_120k_cot,MATH500,353,4,4,4,0,0,4,4,2019.5
v1anneal_120k_cot,MATH500,357,4,4,4,0,0,4,4,2623.75
v1anneal_120k_cot,MATH500,361,4,2,2,2,0,2,2,3522.5
v1anneal_120k_cot,MATH500,365,4,3,4,4,0,0,0,4017.0
v1anneal_120k_cot,MATH500,369,4,0,0,4,1,0,0,3908.0
v1anneal_120k_cot,MATH500,373,4,4,4,0,0,4,4,1986.25
v1anneal_120k_cot,MATH500,377,4,3,3,1,0,3,3,2930.5
v1anneal_120k_cot,MATH500,381,4,0,0,4,0,0,0,4033.0
v1anneal_120k_cot,MATH500,385,4,2,2,2,0,2,2,3254.0
v1anneal_120k_cot,MATH500,389,4,4,4,0,0,4,4,1719.0
v1anneal_120k_cot,MATH500,393,4,4,4,0,0,4,4,1328.5
v1anneal_120k_cot,MATH500,397,4,4,4,0,0,4,4,1249.0
v1anneal_120k_cot,MATH500,401,4,0,0,4,0,0,0,4036.0
v1anneal_120k_cot,MATH500,405,4,4,4,0,0,4,4,1487.0
v1anneal_120k_cot,MATH500,409,4,4,4,0,0,4,4,2733.25
v1anneal_120k_cot,MATH500,413,4,4,4,0,0,4,4,1603.5
v1anneal_120k_cot,MATH500,417,4,4,4,0,0,4,4,2150.25
v1anneal_120k_cot,MATH500,421,4,0,0,4,0,0,0,3975.0
v1anneal_120k_cot,MATH500,425,4,0,0,4,0,0,0,3999.0
v1anneal_120k_cot,MATH500,429,4,3,3,1,0,3,3,3708.75
v1anneal_120k_cot,MATH500,433,4,3,3,1,0,3,3,2669.0
v1anneal_120k_cot,MATH500,437,4,4,4,0,0,4,4,1844.25
v1anneal_120k_cot,MATH500,441,4,4,4,0,0,4,4,1398.0
v1anneal_120k_cot,MATH500,445,4,0,0,4,0,0,0,3794.0
v1anneal_120k_cot,MATH500,449,4,4,4,0,0,4,4,1661.75
v1anneal_120k_cot,MATH500,453,4,4,4,0,0,4,4,1786.5
v1anneal_120k_cot,MATH500,457,4,4,4,0,0,4,4,1174.5
v1anneal_120k_cot,MATH500,461,4,2,2,2,2,2,2,2899.5
v1anneal_120k_cot,MATH500,465,4,4,4,0,0,4,4,1795.5
v1anneal_120k_cot,MATH500,469,4,3,3,1,1,3,3,2389.0
v1anneal_120k_cot,MATH500,473,4,2,2,2,0,2,2,3088.5
v1anneal_120k_cot,MATH500,477,4,4,4,0,0,4,4,3242.5
v1anneal_120k_cot,MATH500,481,4,0,0,4,0,0,0,3976.0
v1anneal_120k_cot,MATH500,485,4,3,3,3,0,1,1,3780.25
v1anneal_120k_cot,MATH500,489,4,4,4,2,0,2,2,3623.75
v1anneal_120k_cot,MATH500,493,4,2,3,4,0,0,0,4011.0
v1anneal_120k_cot,MATH500,497,4,0,0,4,0,0,0,4030.0
v1anneal_120k_cot,AIME24,3,16,10,10,11,0,5,5,3829.6875
v1anneal_120k_cot,AIME24,7,16,0,0,16,0,0,0,3641.0
v1anneal_120k_cot,AIME24,11,16,0,0,16,0,0,0,3899.0
v1anneal_120k_cot,AIME24,15,16,14,14,2,0,14,14,3051.625
v1anneal_120k_cot,AIME24,19,16,0,1,16,0,0,0,3778.0
v1anneal_120k_cot,AIME24,23,16,0,0,16,0,0,0,3981.0
v1anneal_120k_cot,AIME24,27,16,1,1,15,0,1,1,3997.0625
v1anneal_120k_cot,AIME25,2,16,2,12,16,0,0,0,3968.0
v1anneal_120k_cot,AIME25,6,16,0,0,16,0,0,0,3938.0
v1anneal_120k_cot,AIME25,10,16,0,0,16,0,0,0,3879.0
v1anneal_120k_cot,AIME25,14,16,0,0,16,0,0,0,4004.0
v1anneal_120k_cot,AIME25,18,16,8,9,11,0,5,5,3786.6875
v1anneal_120k_cot,AIME25,22,16,0,0,16,0,0,0,3814.0
v1anneal_120k_cot,AIME25,26,16,0,0,16,0,0,0,3874.0
v1anneal_120k_cot,AMC23,3,16,13,15,3,0,13,13,3275.8125
v1anneal_120k_cot,AMC23,7,16,0,1,16,0,0,0,3993.0
v1anneal_120k_cot,AMC23,11,16,0,2,16,0,0,0,3870.0
v1anneal_120k_cot,AMC23,15,16,3,5,16,0,0,0,3928.0
v1anneal_120k_cot,AMC23,19,16,16,16,0,0,16,16,1983.3125
v1anneal_120k_cot,AMC23,23,16,9,12,9,0,7,7,3620.625
v1anneal_120k_cot,AMC23,27,16,1,1,16,0,0,0,4043.0
v1anneal_120k_cot,AMC23,31,16,0,0,16,0,0,0,4043.0
v1anneal_120k_cot,AMC23,35,16,2,3,15,1,1,1,3912.3125
v1anneal_120k_cot,AMC23,39,16,0,4,16,0,0,0,4041.0
v1anneal_120k_cot,MATH500,2,4,4,4,0,0,4,4,2268.0
v1anneal_120k_cot,MATH500,6,4,4,4,0,0,4,4,2286.0
v1anneal_120k_cot,MATH500,10,4,3,3,2,1,2,2,3681.25
v1anneal_120k_cot,MATH500,14,4,4,4,1,0,3,3,2080.5
v1anneal_120k_cot,MATH500,18,4,0,0,4,0,0,0,3913.0
v1anneal_120k_cot,MATH500,22,4,4,4,0,0,4,4,1922.25
v1anneal_120k_cot,MATH500,26,4,0,1,4,0,0,0,4027.0
v1anneal_120k_cot,MATH500,30,4,3,3,2,1,2,2,3180.5
v1anneal_120k_cot,MATH500,34,4,4,4,0,0,4,4,2110.25
v1anneal_120k_cot,MATH500,38,4,4,4,0,0,4,4,1132.25
v1anneal_120k_cot,MATH500,42,4,4,4,0,0,4,4,1180.25
v1anneal_120k_cot,MATH500,46,4,4,4,0,0,4,4,3452.5
v1anneal_120k_cot,MATH500,50,4,3,3,0,0,4,3,3520.75
v1anneal_120k_cot,MATH500,54,4,4,4,0,0,4,4,1310.0
v1anneal_120k_cot,MATH500,58,4,4,4,0,0,4,4,1738.5
v1anneal_120k_cot,MATH500,62,4,4,4,1,0,3,3,3545.25
v1anneal_120k_cot,MATH500,66,4,4,4,0,0,4,4,1559.0
v1anneal_120k_cot,MATH500,70,4,4,4,0,0,4,4,1585.0
v1anneal_120k_cot,MATH500,74,4,4,4,0,0,4,4,1485.25
v1anneal_120k_cot,MATH500,78,4,4,4,0,0,4,4,2696.5
v1anneal_120k_cot,MATH500,82,4,1,1,3,1,1,1,3960.75
v1anneal_120k_cot,MATH500,86,4,4,4,0,0,4,4,1398.5
v1anneal_120k_cot,MATH500,90,4,4,4,0,0,4,4,1197.75
v1anneal_120k_cot,MATH500,94,4,0,0,4,0,0,0,3688.0
v1anneal_120k_cot,MATH500,98,4,4,4,0,0,4,4,974.0
v1anneal_120k_cot,MATH500,102,4,4,4,0,0,4,4,1268.75
v1anneal_120k_cot,MATH500,106,4,4,4,0,0,4,4,1518.5
v1anneal_120k_cot,MATH500,110,4,0,0,4,0,0,0,3966.0
v1anneal_120k_cot,MATH500,114,4,4,4,0,0,4,4,1618.75
v1anneal_120k_cot,MATH500,118,4,0,1,4,0,0,0,4053.0
v1anneal_120k_cot,MATH500,122,4,4,4,0,0,4,4,1121.5
v1anneal_120k_cot,MATH500,126,4,0,0,4,0,0,0,4000.0
v1anneal_120k_cot,MATH500,130,4,4,4,3,0,1,1,3984.75
v1anneal_120k_cot,MATH500,134,4,4,4,0,0,4,4,1983.0
v1anneal_120k_cot,MATH500,138,4,2,2,1,0,3,2,3474.5
v1anneal_120k_cot,MATH500,142,4,4,4,0,0,4,4,2295.75
v1anneal_120k_cot,MATH500,146,4,4,4,0,0,4,4,1684.0
v1anneal_120k_cot,MATH500,150,4,2,2,3,0,1,1,3727.25
v1anneal_120k_cot,MATH500,154,4,0,0,4,0,0,0,3939.0
v1anneal_120k_cot,MATH500,158,4,4,4,0,0,4,4,1937.25
v1anneal_120k_cot,MATH500,162,4,4,4,0,0,4,4,2446.0
v1anneal_120k_cot,MATH500,166,4,0,0,4,0,0,0,3845.0
v1anneal_120k_cot,MATH500,170,4,2,2,3,0,1,1,3930.25
v1anneal_120k_cot,MATH500,174,4,4,4,0,0,4,4,1535.5
v1anneal_120k_cot,MATH500,178,4,4,4,0,0,4,4,1401.5
v1anneal_120k_cot,MATH500,182,4,4,4,0,0,4,4,1019.25
v1anneal_120k_cot,MATH500,186,4,4,4,0,0,4,4,1992.25
v1anneal_120k_cot,MATH500,190,4,4,4,0,0,4,4,1695.25
v1anneal_120k_cot,MATH500,194,4,1,1,3,0,1,1,3968.0
v1anneal_120k_cot,MATH500,198,4,0,0,1,0,3,0,2583.75
v1anneal_120k_cot,MATH500,202,4,4,4,0,0,4,4,2845.0
v1anneal_120k_cot,MATH500,206,4,4,4,0,0,4,4,1654.75
v1anneal_120k_cot,MATH500,210,4,3,4,3,0,1,1,3605.0
v1anneal_120k_cot,MATH500,214,4,4,4,1,0,3,3,2885.25
v1anneal_120k_cot,MATH500,218,4,4,4,0,0,4,4,1361.25
v1anneal_120k_cot,MATH500,222,4,1,1,4,0,0,0,3935.0
v1anneal_120k_cot,MATH500,226,4,4,4,1,0,3,3,2241.25
v1anneal_120k_cot,MATH500,230,4,3,3,1,0,3,3,2627.75
v1anneal_120k_cot,MATH500,234,4,4,4,0,0,4,4,2314.75
v1anneal_120k_cot,MATH500,238,4,4,4,0,0,4,4,1566.25
v1anneal_120k_cot,MATH500,242,4,0,0,4,0,0,0,4004.0
v1anneal_120k_cot,MATH500,246,4,4,4,0,0,4,4,1716.75
v1anneal_120k_cot,MATH500,250,4,4,4,0,0,4,4,2124.0
v1anneal_120k_cot,MATH500,254,4,4,4,0,0,4,4,1690.0
v1anneal_120k_cot,MATH500,258,4,4,4,0,0,4,4,1414.75
v1anneal_120k_cot,MATH500,262,4,4,4,0,0,4,4,1469.75
v1anneal_120k_cot,MATH500,266,4,4,4,0,0,4,4,1859.5
v1anneal_120k_cot,MATH500,270,4,4,4,0,0,4,4,1411.75
v1anneal_120k_cot,MATH500,274,4,3,3,4,0,0,0,4016.0
v1anneal_120k_cot,MATH500,278,4,4,4,0,0,4,4,1868.0
v1anneal_120k_cot,MATH500,282,4,4,4,0,0,4,4,2592.75
v1anneal_120k_cot,MATH500,286,4,0,0,4,0,0,0,4006.0
v1anneal_120k_cot,MATH500,290,4,4,4,0,0,4,4,1822.75
v1anneal_120k_cot,MATH500,294,4,3,3,2,0,2,2,3404.75
v1anneal_120k_cot,MATH500,298,4,4,4,0,0,4,4,2190.5
v1anneal_120k_cot,MATH500,302,4,2,3,4,0,0,0,3990.0
v1anneal_120k_cot,MATH500,306,4,0,0,4,0,0,0,4029.0
v1anneal_120k_cot,MATH500,310,4,4,4,0,0,4,4,1850.5
v1anneal_120k_cot,MATH500,314,4,4,4,0,0,4,4,1531.75
v1anneal_120k_cot,MATH500,318,4,2,2,0,0,4,2,1534.5
v1anneal_120k_cot,MATH500,322,4,4,4,0,0,4,4,1218.25
v1anneal_120k_cot,MATH500,326,4,2,2,2,0,2,1,3926.25
v1anneal_120k_cot,MATH500,330,4,4,4,0,0,4,4,2370.25
v1anneal_120k_cot,MATH500,334,4,4,4,0,0,4,4,2286.25
v1anneal_120k_cot,MATH500,338,4,2,2,0,0,4,2,2075.0
v1anneal_120k_cot,MATH500,342,4,4,4,0,0,4,4,1451.0
v1anneal_120k_cot,MATH500,346,4,4,4,0,0,4,4,2037.0
v1anneal_120k_cot,MATH500,350,4,4,4,0,0,4,4,1802.25
v1anneal_120k_cot,MATH500,354,4,4,4,0,0,4,4,1578.75
v1anneal_120k_cot,MATH500,358,4,0,0,1,0,3,0,2867.75
v1anneal_120k_cot,MATH500,362,4,4,4,0,0,4,4,1514.25
v1anneal_120k_cot,MATH500,366,4,4,4,0,0,4,4,2477.0
v1anneal_120k_cot,MATH500,370,4,4,4,0,0,4,4,1438.0
v1anneal_120k_cot,MATH500,374,4,4,4,0,0,4,4,772.5
v1anneal_120k_cot,MATH500,378,4,4,4,0,0,4,4,2363.25
v1anneal_120k_cot,MATH500,382,4,3,3,2,0,2,2,3389.5
v1anneal_120k_cot,MATH500,386,4,4,4,0,0,4,4,1632.75
v1anneal_120k_cot,MATH500,390,4,4,4,0,0,4,4,2752.0
v1anneal_120k_cot,MATH500,394,4,4,4,1,0,3,3,3487.5
v1anneal_120k_cot,MATH500,398,4,0,0,1,0,3,0,3187.5
v1anneal_120k_cot,MATH500,402,4,4,4,0,0,4,4,1902.0
v1anneal_120k_cot,MATH500,406,4,4,4,0,0,4,4,3079.75
v1anneal_120k_cot,MATH500,410,4,4,4,0,0,4,4,1340.5
v1anneal_120k_cot,MATH500,414,4,4,4,0,0,4,4,2200.25
v1anneal_120k_cot,MATH500,418,4,4,4,0,0,4,4,1700.75
v1anneal_120k_cot,MATH500,422,4,0,0,4,0,0,0,3968.0
v1anneal_120k_cot,MATH500,426,4,4,4,0,0,4,4,1188.5
v1anneal_120k_cot,MATH500,430,4,4,4,0,0,4,4,1139.5
v1anneal_120k_cot,MATH500,434,4,4,4,0,0,4,4,1980.5
v1anneal_120k_cot,MATH500,438,4,4,4,0,0,4,4,1628.75
v1anneal_120k_cot,MATH500,442,4,4,4,1,0,3,3,2118.0
v1anneal_120k_cot,MATH500,446,4,4,4,0,0,4,4,2088.75
v1anneal_120k_cot,MATH500,450,4,4,4,1,0,3,3,3007.5
v1anneal_120k_cot,MATH500,454,4,4,4,0,0,4,4,3161.0
v1anneal_120k_cot,MATH500,458,4,2,2,2,1,2,2,2789.5
v1anneal_120k_cot,MATH500,462,4,4,4,0,0,4,4,2470.5
v1anneal_120k_cot,MATH500,466,4,2,2,3,0,1,1,3763.25
v1anneal_120k_cot,MATH500,470,4,2,3,2,0,2,2,3510.5
v1anneal_120k_cot,MATH500,474,4,4,4,1,0,3,3,2703.5
v1anneal_120k_cot,MATH500,478,4,0,0,4,0,0,0,4004.0
v1anneal_120k_cot,MATH500,482,4,4,4,0,0,4,4,2321.5
v1anneal_120k_cot,MATH500,486,4,3,3,2,0,2,2,3046.5
v1anneal_120k_cot,MATH500,490,4,0,0,4,0,0,0,3982.0
v1anneal_120k_cot,MATH500,494,4,0,0,4,0,0,0,4007.0
v1anneal_120k_cot,MATH500,498,4,3,3,1,0,3,3,3438.25
v1anneal_120k_cot,AIME24,0,16,1,1,15,0,1,1,3930.9375
v1anneal_120k_cot,AIME24,4,16,0,0,16,0,0,0,4017.0
v1anneal_120k_cot,AIME24,8,16,0,0,16,0,0,0,3971.0
v1anneal_120k_cot,AIME24,12,16,1,8,15,0,1,1,4016.8125
v1anneal_120k_cot,AIME24,16,16,4,10,12,0,4,4,3710.5
v1anneal_120k_cot,AIME24,20,16,2,7,16,0,0,0,3861.0
v1anneal_120k_cot,AIME24,24,16,0,0,16,0,0,0,3940.0
v1anneal_120k_cot,AIME24,28,16,0,0,16,0,0,0,3907.0
v1anneal_120k_cot,AIME25,3,16,4,5,13,0,3,2,4000.125
v1anneal_120k_cot,AIME25,7,16,3,4,14,0,2,1,3895.0
v1anneal_120k_cot,AIME25,11,16,0,0,16,0,0,0,3964.0
v1anneal_120k_cot,AIME25,15,16,16,16,1,0,15,15,3398.25
v1anneal_120k_cot,AIME25,19,16,0,0,16,0,0,0,3895.0
v1anneal_120k_cot,AIME25,23,16,0,0,15,0,1,0,3989.625
v1anneal_120k_cot,AIME25,27,16,0,0,16,0,0,0,3962.0
v1anneal_120k_cot,AMC23,0,16,16,16,0,0,16,16,1482.625
v1anneal_120k_cot,AMC23,4,16,2,3,14,0,2,2,3973.6875
v1anneal_120k_cot,AMC23,8,16,1,1,16,0,0,0,4029.0
v1anneal_120k_cot,AMC23,12,16,0,1,16,0,0,0,4020.0
v1anneal_120k_cot,AMC23,16,16,16,16,0,0,16,16,2848.375
v1anneal_120k_cot,AMC23,20,16,0,0,16,0,0,0,3984.0
v1anneal_120k_cot,AMC23,24,16,10,10,8,0,8,8,3703.875
v1anneal_120k_cot,AMC23,28,16,0,1,16,1,0,0,4016.0
v1anneal_120k_cot,AMC23,32,16,0,3,16,0,0,0,3847.0
v1anneal_120k_cot,AMC23,36,16,3,8,15,0,1,1,3897.0625
v1anneal_120k_cot,MATH500,3,4,4,4,0,0,4,4,2410.75
v1anneal_120k_cot,MATH500,7,4,4,4,0,0,4,4,2297.75
v1anneal_120k_cot,MATH500,11,4,0,0,4,0,0,0,4017.0
v1anneal_120k_cot,MATH500,15,4,3,3,1,0,3,3,2530.75
v1anneal_120k_cot,MATH500,19,4,0,2,4,0,0,0,4033.0
v1anneal_120k_cot,MATH500,23,4,4,4,0,0,4,4,1888.75
v1anneal_120k_cot,MATH500,27,4,4,4,0,0,4,4,1210.5
v1anneal_120k_cot,MATH500,31,4,4,4,0,0,4,4,1383.5
v1anneal_120k_cot,MATH500,35,4,4,4,0,0,4,4,1765.75
v1anneal_120k_cot,MATH500,39,4,4,4,0,0,4,4,2035.5
v1anneal_120k_cot,MATH500,43,4,0,0,4,0,0,0,3992.0
v1anneal_120k_cot,MATH500,47,4,4,4,0,0,4,4,973.5
v1anneal_120k_cot,MATH500,51,4,4,4,0,0,4,4,3236.25
v1anneal_120k_cot,MATH500,55,4,4,4,0,0,4,4,1850.5
v1anneal_120k_cot,MATH500,59,4,4,4,0,0,4,4,1154.75
v1anneal_120k_cot,MATH500,63,4,4,4,1,0,3,3,3104.75
v1anneal_120k_cot,MATH500,67,4,4,4,0,0,4,4,2175.0
v1anneal_120k_cot,MATH500,71,4,0,0,4,0,0,0,4052.0
v1anneal_120k_cot,MATH500,75,4,4,4,0,0,4,4,2065.25
v1anneal_120k_cot,MATH500,79,4,4,4,0,0,4,4,1390.5
v1anneal_120k_cot,MATH500,83,4,4,4,1,0,3,3,3238.0
v1anneal_120k_cot,MATH500,87,4,4,4,0,0,4,4,2028.5
v1anneal_120k_cot,MATH500,91,4,4,4,0,0,4,4,2412.5
v1anneal_120k_cot,MATH500,95,4,4,4,0,0,4,4,1452.25
v1anneal_120k_cot,MATH500,99,4,0,0,0,0,4,0,1831.25
v1anneal_120k_cot,MATH500,103,4,0,0,4,0,0,0,3970.0
v1anneal_120k_cot,MATH500,107,4,4,4,0,0,4,4,1619.0
v1anneal_120k_cot,MATH500,111,4,4,4,0,0,4,4,1674.5
v1anneal_120k_cot,MATH500,115,4,4,4,0,0,4,4,1419.5
v1anneal_120k_cot,MATH500,119,4,0,1,4,0,0,0,3924.0
v1anneal_120k_cot,MATH500,123,4,0,0,4,0,0,0,3801.0
v1anneal_120k_cot,MATH500,127,4,0,0,0,0,4,0,2034.75
v1anneal_120k_cot,MATH500,131,4,4,4,0,0,4,4,2140.75
v1anneal_120k_cot,MATH500,135,4,4,4,0,0,4,4,1697.75
v1anneal_120k_cot,MATH500,139,4,2,3,4,0,0,0,4029.0
v1anneal_120k_cot,MATH500,143,4,4,4,0,0,4,4,2339.25
v1anneal_120k_cot,MATH500,147,4,0,1,4,0,0,0,4031.0
v1anneal_120k_cot,MATH500,151,4,4,4,2,0,2,2,3525.25
v1anneal_120k_cot,MATH500,155,4,4,4,0,0,4,4,3066.25
v1anneal_120k_cot,MATH500,159,4,4,4,0,0,4,4,1635.0
v1anneal_120k_cot,MATH500,163,4,2,2,2,0,2,2,3755.75
v1anneal_120k_cot,MATH500,167,4,4,4,0,0,4,4,1175.75
v1anneal_120k_cot,MATH500,171,4,4,4,0,0,4,4,1376.5
v1anneal_120k_cot,MATH500,175,4,4,4,1,0,3,3,3634.75
v1anneal_120k_cot,MATH500,179,4,3,3,1,0,3,3,3077.75
v1anneal_120k_cot,MATH500,183,4,4,4,1,0,3,3,2753.5
v1anneal_120k_cot,MATH500,187,4,4,4,0,0,4,4,1615.0
v1anneal_120k_cot,MATH500,191,4,4,4,0,0,4,4,1544.0
v1anneal_120k_cot,MATH500,195,4,4,4,0,0,4,4,2023.5
v1anneal_120k_cot,MATH500,199,4,4,4,0,0,4,4,1032.5
v1anneal_120k_cot,MATH500,203,4,4,4,0,0,4,4,1951.0
v1anneal_120k_cot,MATH500,207,4,4,4,0,0,4,4,1232.75
v1anneal_120k_cot,MATH500,211,4,4,4,0,0,4,4,1471.0
v1anneal_120k_cot,MATH500,215,4,4,4,0,0,4,4,1539.75
v1anneal_120k_cot,MATH500,219,4,0,0,4,0,0,0,3324.0
v1anneal_120k_cot,MATH500,223,4,3,3,2,0,2,2,3623.5
v1anneal_120k_cot,MATH500,227,4,0,0,0,0,4,0,926.25
v1anneal_120k_cot,MATH500,231,4,4,4,0,0,4,4,2109.75
v1anneal_120k_cot,MATH500,235,4,4,4,0,0,4,4,2089.75
v1anneal_120k_cot,MATH500,239,4,0,0,4,0,0,0,3957.0
v1anneal_120k_cot,MATH500,243,4,4,4,0,0,4,4,1287.5
v1anneal_120k_cot,MATH500,247,4,4,4,0,0,4,4,1853.75
v1anneal_120k_cot,MATH500,251,4,4,4,0,0,4,4,2948.5
v1anneal_120k_cot,MATH500,255,4,0,0,0,0,4,0,1834.25
v1anneal_120k_cot,MATH500,259,4,4,4,0,0,4,4,1389.75
v1anneal_120k_cot,MATH500,263,4,4,4,0,0,4,4,1694.75
v1anneal_120k_cot,MATH500,267,4,2,2,2,0,2,2,3610.75
v1anneal_120k_cot,MATH500,271,4,4,4,0,0,4,4,2776.25
v1anneal_120k_cot,MATH500,275,4,4,4,0,0,4,4,1444.75
v1anneal_120k_cot,MATH500,279,4,4,4,1,0,3,3,3157.5
v1anneal_120k_cot,MATH500,283,4,4,4,0,0,4,4,1525.25
v1anneal_120k_cot,MATH500,287,4,4,4,0,0,4,4,2870.5
v1anneal_120k_cot,MATH500,291,4,4,4,0,0,4,4,2246.75
v1anneal_120k_cot,MATH500,295,4,0,0,4,0,0,0,3978.0
v1anneal_120k_cot,MATH500,299,4,4,4,0,0,4,4,2506.75
v1anneal_120k_cot,MATH500,303,4,0,0,4,0,0,0,4012.0
v1anneal_120k_cot,MATH500,307,4,4,4,0,0,4,4,1983.25
v1anneal_120k_cot,MATH500,311,4,4,4,0,0,4,4,3176.75
v1anneal_120k_cot,MATH500,315,4,4,4,0,0,4,4,2163.75
v1anneal_120k_cot,MATH500,319,4,4,4,0,0,4,4,1015.0
v1anneal_120k_cot,MATH500,323,4,0,0,4,0,0,0,4036.0
v1anneal_120k_cot,MATH500,327,4,2,2,4,0,0,0,3987.0
v1anneal_120k_cot,MATH500,331,4,4,4,0,0,4,4,2014.75
v1anneal_120k_cot,MATH500,335,4,4,4,0,0,4,4,3330.0
v1anneal_120k_cot,MATH500,339,4,3,3,1,0,3,3,2817.0
v1anneal_120k_cot,MATH500,343,4,0,4,0,0,4,4,1529.75
v1anneal_120k_cot,MATH500,347,4,4,4,0,0,4,4,1739.25
v1anneal_120k_cot,MATH500,351,4,2,2,4,0,0,0,4002.0
v1anneal_120k_cot,MATH500,355,4,1,1,4,0,0,0,4023.0
v1anneal_120k_cot,MATH500,359,4,4,4,0,0,4,4,2422.0
v1anneal_120k_cot,MATH500,363,4,4,4,0,0,4,4,1415.25
v1anneal_120k_cot,MATH500,367,4,4,4,0,0,4,4,1215.75
v1anneal_120k_cot,MATH500,371,4,0,0,4,1,0,0,4016.0
v1anneal_120k_cot,MATH500,375,4,4,4,0,0,4,4,1650.0
v1anneal_120k_cot,MATH500,379,4,4,4,1,0,3,3,3458.25
v1anneal_120k_cot,MATH500,383,4,0,0,0,0,4,0,1706.25
v1anneal_120k_cot,MATH500,387,4,4,4,0,0,4,4,1924.25
v1anneal_120k_cot,MATH500,391,4,4,4,1,0,3,3,3425.0
v1anneal_120k_cot,MATH500,395,4,4,4,0,0,4,4,1640.75
v1anneal_120k_cot,MATH500,399,4,4,4,0,0,4,4,1416.75
v1anneal_120k_cot,MATH500,403,4,3,3,4,0,0,0,4026.0
v1anneal_120k_cot,MATH500,407,4,4,4,0,0,4,4,1823.5
v1anneal_120k_cot,MATH500,411,4,4,4,0,0,4,4,1285.0
v1anneal_120k_cot,MATH500,415,4,4,4,0,0,4,4,2823.75
v1anneal_120k_cot,MATH500,419,4,3,3,1,1,3,3,3570.5
v1anneal_120k_cot,MATH500,423,4,3,3,3,0,1,1,3988.5
v1anneal_120k_cot,MATH500,427,4,4,4,0,0,4,4,1503.5
v1anneal_120k_cot,MATH500,431,4,4,4,0,0,4,4,3220.0
v1anneal_120k_cot,MATH500,435,4,4,4,0,0,4,4,1864.5
v1anneal_120k_cot,MATH500,439,4,1,1,3,0,1,1,3833.75
v1anneal_120k_cot,MATH500,443,4,4,4,0,0,4,4,1185.75
v1anneal_120k_cot,MATH500,447,4,4,4,0,0,4,4,1360.5
v1anneal_120k_cot,MATH500,451,4,4,4,1,0,3,3,2582.25
v1anneal_120k_cot,MATH500,455,4,4,4,0,0,4,4,1273.5
v1anneal_120k_cot,MATH500,459,4,4,4,0,0,4,4,2159.75
v1anneal_120k_cot,MATH500,463,4,4,4,0,0,4,4,964.0
v1anneal_120k_cot,MATH500,467,4,0,0,0,0,4,0,2390.25
v1anneal_120k_cot,MATH500,471,4,4,4,0,0,4,4,1488.25
v1anneal_120k_cot,MATH500,475,4,1,1,4,0,0,0,3917.0
v1anneal_120k_cot,MATH500,479,4,4,4,0,0,4,4,1621.0
v1anneal_120k_cot,MATH500,483,4,4,4,0,0,4,4,3276.0
v1anneal_120k_cot,MATH500,487,4,4,4,0,0,4,4,1864.25
v1anneal_120k_cot,MATH500,491,4,3,3,0,0,4,3,2008.5
v1anneal_120k_cot,MATH500,495,4,4,4,1,0,3,3,2962.0
v1anneal_120k_cot,MATH500,499,4,1,1,4,0,0,0,4024.0
v1anneal_120k_cot,AIME24,1,16,0,0,16,1,0,0,3998.0
v1anneal_120k_cot,AIME24,5,16,13,13,5,0,11,11,3285.5625
v1anneal_120k_cot,AIME24,9,16,0,1,16,0,0,0,4016.0
v1anneal_120k_cot,AIME24,13,16,0,0,16,0,0,0,3939.0
v1anneal_120k_cot,AIME24,17,16,0,1,16,0,0,0,3969.0
v1anneal_120k_cot,AIME24,21,16,10,13,10,0,6,6,3710.4375
v1anneal_120k_cot,AIME24,25,16,0,0,16,0,0,0,3996.0
v1anneal_120k_cot,AIME24,29,16,0,0,16,0,0,0,3967.0
v1anneal_120k_cot,AIME25,0,16,15,16,2,0,14,14,2351.3125
v1anneal_120k_cot,AIME25,4,16,0,0,16,0,0,0,4002.0
v1anneal_120k_cot,AIME25,8,16,0,0,16,0,0,0,3985.0
v1anneal_120k_cot,AIME25,12,16,0,0,16,0,0,0,4003.0
v1anneal_120k_cot,AIME25,16,16,15,15,3,0,13,13,3341.75
v1anneal_120k_cot,AIME25,20,16,0,0,16,0,0,0,3874.0
v1anneal_120k_cot,AIME25,24,16,0,0,16,1,0,0,4012.0
v1anneal_120k_cot,AIME25,28,16,0,0,16,0,0,0,3989.0
v1anneal_120k_cot,AMC23,1,16,15,15,1,0,15,15,2179.375
v1anneal_120k_cot,AMC23,5,16,3,7,15,0,1,1,3967.25
v1anneal_120k_cot,AMC23,9,16,16,16,0,0,16,16,2256.5625
v1anneal_120k_cot,AMC23,13,16,0,4,16,1,0,0,4038.0
v1anneal_120k_cot,AMC23,17,16,13,14,3,0,13,13,3258.0
v1anneal_120k_cot,AMC23,21,16,14,14,3,0,13,13,2383.875
v1anneal_120k_cot,AMC23,25,16,16,16,0,0,16,16,2392.1875
v1anneal_120k_cot,AMC23,29,16,11,12,6,0,10,10,3512.875
v1anneal_120k_cot,AMC23,33,16,16,16,0,0,16,16,1565.9375
v1anneal_120k_cot,AMC23,37,16,2,7,15,0,1,1,4006.5
v1anneal_120k_cot,MATH500,0,4,4,4,0,0,4,4,1318.0
v1anneal_120k_cot,MATH500,4,4,0,0,1,0,3,0,3015.5
v1anneal_120k_cot,MATH500,8,4,4,4,0,0,4,4,1432.25
v1anneal_120k_cot,MATH500,12,4,4,4,1,0,3,3,2842.75
v1anneal_120k_cot,MATH500,16,4,4,4,0,0,4,4,2013.5
v1anneal_120k_cot,MATH500,20,4,4,4,0,0,4,4,1572.25
v1anneal_120k_cot,MATH500,24,4,4,4,1,0,3,3,3193.0
v1anneal_120k_cot,MATH500,28,4,4,4,0,0,4,4,1545.75
v1anneal_120k_cot,MATH500,32,4,1,2,3,0,1,1,3795.0
v1anneal_120k_cot,MATH500,36,4,1,1,1,0,3,0,3563.75
v1anneal_120k_cot,MATH500,40,4,4,4,0,0,4,4,891.0
v1anneal_120k_cot,MATH500,44,4,4,4,0,0,4,4,1570.75
v1anneal_120k_cot,MATH500,48,4,4,4,0,0,4,4,1350.75
v1anneal_120k_cot,MATH500,52,4,4,4,1,0,3,3,2107.75
v1anneal_120k_cot,MATH500,56,4,4,4,0,0,4,4,1062.75
v1anneal_120k_cot,MATH500,60,4,2,2,4,0,0,0,4026.0
v1anneal_120k_cot,MATH500,64,4,1,1,2,1,2,1,3803.25
v1anneal_120k_cot,MATH500,68,4,3,3,1,0,3,3,3293.75
v1anneal_120k_cot,MATH500,72,4,4,4,0,0,4,4,1504.75
v1anneal_120k_cot,MATH500,76,4,4,4,0,0,4,4,2726.5
v1anneal_120k_cot,MATH500,80,4,0,0,4,0,0,0,4032.0
v1anneal_120k_cot,MATH500,84,4,4,4,0,0,4,4,2595.75
v1anneal_120k_cot,MATH500,88,4,0,2,4,0,0,0,3985.0
v1anneal_120k_cot,MATH500,92,4,3,3,2,0,2,2,3711.25
v1anneal_120k_cot,MATH500,96,4,0,0,4,0,0,0,3970.0
v1anneal_120k_cot,MATH500,100,4,0,0,4,0,0,0,3873.0
v1anneal_120k_cot,MATH500,104,4,0,0,4,0,0,0,3999.0
v1anneal_120k_cot,MATH500,108,4,2,3,3,0,1,1,3914.0
v1anneal_120k_cot,MATH500,112,4,4,4,0,0,4,4,1832.5
v1anneal_120k_cot,MATH500,116,4,4,4,0,0,4,4,1627.25
v1anneal_120k_cot,MATH500,120,4,0,0,4,0,0,0,4016.0
v1anneal_120k_cot,MATH500,124,4,4,4,0,0,4,4,2565.25
v1anneal_120k_cot,MATH500,128,4,0,1,4,0,0,0,4057.0
v1anneal_120k_cot,MATH500,132,4,4,4,0,0,4,4,1420.25
v1anneal_120k_cot,MATH500,136,4,3,3,4,0,0,0,3977.0
v1anneal_120k_cot,MATH500,140,4,4,4,0,0,4,4,1645.75
v1anneal_120k_cot,MATH500,144,4,4,4,0,0,4,4,1085.5
v1anneal_120k_cot,MATH500,148,4,4,4,0,0,4,4,1088.0
v1anneal_120k_cot,MATH500,152,4,1,2,3,0,1,1,3984.5
v1anneal_120k_cot,MATH500,156,4,1,1,3,0,1,1,3715.75
v1anneal_120k_cot,MATH500,160,4,4,4,0,0,4,4,1680.5
v1anneal_120k_cot,MATH500,164,4,2,2,4,0,0,0,4057.0
v1anneal_120k_cot,MATH500,168,4,1,1,4,0,0,0,3362.0
v1anneal_120k_cot,MATH500,172,4,4,4,0,0,4,4,1804.75
v1anneal_120k_cot,MATH500,176,4,1,1,3,0,1,1,3750.0
v1anneal_120k_cot,MATH500,180,4,4,4,0,0,4,4,2141.75
v1anneal_120k_cot,MATH500,184,4,0,0,3,0,1,0,3939.25
v1anneal_120k_cot,MATH500,188,4,3,3,3,0,1,1,3723.5
v1anneal_120k_cot,MATH500,192,4,4,4,0,0,4,4,2086.25
v1anneal_120k_cot,MATH500,196,4,4,4,0,0,4,4,1482.25
v1anneal_120k_cot,MATH500,200,4,3,4,1,0,3,3,2163.0
v1anneal_120k_cot,MATH500,204,4,0,0,4,0,0,0,3992.0
v1anneal_120k_cot,MATH500,208,4,4,4,0,0,4,4,2088.5
v1anneal_120k_cot,MATH500,212,4,4,4,0,0,4,4,1342.75
v1anneal_120k_cot,MATH500,216,4,4,4,0,0,4,4,1721.75
v1anneal_120k_cot,MATH500,220,4,4,4,0,0,4,4,1482.75
v1anneal_120k_cot,MATH500,224,4,1,1,4,0,0,0,4017.0
v1anneal_120k_cot,MATH500,228,4,2,2,3,0,1,1,3822.25
v1anneal_120k_cot,MATH500,232,4,1,1,4,0,0,0,4010.0
v1anneal_120k_cot,MATH500,236,4,0,1,4,0,0,0,4030.0
v1anneal_120k_cot,MATH500,240,4,0,0,4,0,0,0,3828.0
v1anneal_120k_cot,MATH500,244,4,4,4,0,0,4,4,2632.75
v1anneal_120k_cot,MATH500,248,4,1,1,2,0,2,1,3961.75
v1anneal_120k_cot,MATH500,252,4,4,4,0,0,4,4,2425.75
v1anneal_120k_cot,MATH500,256,4,4,4,1,0,3,3,2905.5
v1anneal_120k_cot,MATH500,260,4,4,4,0,0,4,4,1958.5
v1anneal_120k_cot,MATH500,264,4,0,0,4,0,0,0,3791.0
v1anneal_120k_cot,MATH500,268,4,4,4,0,0,4,4,1809.25
v1anneal_120k_cot,MATH500,272,4,4,4,0,0,4,4,2640.75
v1anneal_120k_cot,MATH500,276,4,4,4,0,0,4,4,2562.75
v1anneal_120k_cot,MATH500,280,4,4,4,0,0,4,4,1606.25
v1anneal_120k_cot,MATH500,284,4,0,0,3,0,1,0,3969.25
v1anneal_120k_cot,MATH500,288,4,3,3,2,0,2,2,3346.75
v1anneal_120k_cot,MATH500,292,4,4,4,2,0,2,2,3778.0
v1anneal_120k_cot,MATH500,296,4,0,0,2,0,2,0,3703.25
v1anneal_120k_cot,MATH500,300,4,3,3,1,0,3,3,2599.25
v1anneal_120k_cot,MATH500,304,4,4,4,0,0,4,4,2559.5
v1anneal_120k_cot,MATH500,308,4,0,0,4,0,0,0,4027.0
v1anneal_120k_cot,MATH500,312,4,4,4,0,0,4,4,841.5
v1anneal_120k_cot,MATH500,316,4,4,4,0,0,4,4,1674.5
v1anneal_120k_cot,MATH500,320,4,0,0,4,2,0,0,3918.0
v1anneal_120k_cot,MATH500,324,4,0,0,4,0,0,0,3777.0
v1anneal_120k_cot,MATH500,328,4,3,4,4,0,0,0,4004.0
v1anneal_120k_cot,MATH500,332,4,1,1,4,0,0,0,4031.0
v1anneal_120k_cot,MATH500,336,4,4,4,0,0,4,4,2303.75
v1anneal_120k_cot,MATH500,340,4,0,0,4,0,0,0,3991.0
v1anneal_120k_cot,MATH500,344,4,4,4,0,0,4,4,1417.75
v1anneal_120k_cot,MATH500,348,4,3,4,1,0,3,3,2875.25
v1anneal_120k_cot,MATH500,352,4,0,0,4,0,0,0,3853.0
v1anneal_120k_cot,MATH500,356,4,4,4,0,0,4,4,2318.75
v1anneal_120k_cot,MATH500,360,4,4,4,0,0,4,4,1974.0
v1anneal_120k_cot,MATH500,364,4,4,4,0,0,4,4,2267.0
v1anneal_120k_cot,MATH500,368,4,4,4,0,0,4,4,1685.75
v1anneal_120k_cot,MATH500,372,4,1,1,4,0,0,0,3813.0
v1anneal_120k_cot,MATH500,376,4,4,4,0,0,4,4,2013.0
v1anneal_120k_cot,MATH500,380,4,3,3,1,0,3,3,3493.0
v1anneal_120k_cot,MATH500,384,4,4,4,0,0,4,4,1126.75
v1anneal_120k_cot,MATH500,388,4,4,4,0,0,4,4,1606.5
v1anneal_120k_cot,MATH500,392,4,0,0,4,0,0,0,3745.0
v1anneal_120k_cot,MATH500,396,4,0,0,4,0,0,0,3834.0
v1anneal_120k_cot,MATH500,400,4,0,0,4,0,0,0,4009.0
v1anneal_120k_cot,MATH500,404,4,4,4,0,0,4,4,1218.25
v1anneal_120k_cot,MATH500,408,4,0,0,2,0,2,0,3676.0
v1anneal_120k_cot,MATH500,412,4,2,2,4,0,0,0,4004.0
v1anneal_120k_cot,MATH500,416,4,1,1,4,0,0,0,4058.0
v1anneal_120k_cot,MATH500,420,4,0,0,0,0,4,0,1674.0
v1anneal_120k_cot,MATH500,424,4,4,4,0,0,4,4,1424.25
v1anneal_120k_cot,MATH500,428,4,3,3,1,0,3,3,3475.0
v1anneal_120k_cot,MATH500,432,4,0,0,4,1,0,0,3998.0
v1anneal_120k_cot,MATH500,436,4,4,4,0,0,4,4,2944.25
v1anneal_120k_cot,MATH500,440,4,4,4,0,0,4,4,1748.5
v1anneal_120k_cot,MATH500,444,4,0,0,4,0,0,0,3887.0
v1anneal_120k_cot,MATH500,448,4,4,4,0,0,4,4,2176.25
v1anneal_120k_cot,MATH500,452,4,4,4,0,0,4,4,1541.0
v1anneal_120k_cot,MATH500,456,4,0,0,0,0,4,0,3061.75
v1anneal_120k_cot,MATH500,460,4,0,0,4,0,0,0,3892.0
v1anneal_120k_cot,MATH500,464,4,4,4,0,0,4,4,2190.0
v1anneal_120k_cot,MATH500,468,4,4,4,0,0,4,4,1244.0
v1anneal_120k_cot,MATH500,472,4,4,4,0,0,4,4,1449.25
v1anneal_120k_cot,MATH500,476,4,4,4,0,0,4,4,1530.0
v1anneal_120k_cot,MATH500,480,4,4,4,0,0,4,4,2542.25
v1anneal_120k_cot,MATH500,484,4,2,2,2,0,2,2,3470.0
v1anneal_120k_cot,MATH500,488,4,4,4,0,0,4,4,1148.5
v1anneal_120k_cot,MATH500,492,4,4,4,0,0,4,4,1391.5
v1anneal_120k_cot,MATH500,496,4,4,4,0,0,4,4,1652.0
v2anneal_108k_cot,AIME24,2,16,0,0,16,0,0,0,3933.0
v2anneal_108k_cot,AIME24,6,16,0,0,16,0,0,0,3990.0
v2anneal_108k_cot,AIME24,10,16,0,0,16,0,0,0,3999.0
v2anneal_108k_cot,AIME24,14,16,0,0,16,0,0,0,3891.0
v2anneal_108k_cot,AIME24,18,16,14,15,5,2,11,11,3354.0
v2anneal_108k_cot,AIME24,22,16,0,0,16,0,0,0,3845.0
v2anneal_108k_cot,AIME24,26,16,0,0,16,0,0,0,3988.0
v2anneal_108k_cot,AIME25,1,16,0,0,16,0,0,0,3923.0
v2anneal_108k_cot,AIME25,5,16,14,15,3,0,13,13,3479.875
v2anneal_108k_cot,AIME25,9,16,0,0,16,9,0,0,3918.0
v2anneal_108k_cot,AIME25,13,16,0,3,16,0,0,0,3939.0
v2anneal_108k_cot,AIME25,17,16,0,0,16,0,0,0,4005.0
v2anneal_108k_cot,AIME25,21,16,0,0,15,0,1,0,3975.8125
v2anneal_108k_cot,AIME25,25,16,0,0,16,0,0,0,4024.0
v2anneal_108k_cot,AIME25,29,16,0,0,16,2,0,0,4008.0
v2anneal_108k_cot,AMC23,2,16,16,16,0,0,16,16,1773.875
v2anneal_108k_cot,AMC23,6,16,0,0,16,2,0,0,4006.0
v2anneal_108k_cot,AMC23,10,16,5,7,14,0,2,2,3909.0
v2anneal_108k_cot,AMC23,14,16,1,3,16,10,0,0,3893.0
v2anneal_108k_cot,AMC23,18,16,0,1,16,0,0,0,3999.0
v2anneal_108k_cot,AMC23,22,16,16,16,0,0,16,16,1930.0
v2anneal_108k_cot,AMC23,26,16,13,15,5,0,11,11,3434.8125
v2anneal_108k_cot,AMC23,30,16,16,16,0,0,16,16,1756.1875
v2anneal_108k_cot,AMC23,34,16,15,15,0,0,16,15,1574.125
v2anneal_108k_cot,AMC23,38,16,9,11,11,0,5,5,3814.0
v2anneal_108k_cot,MATH500,1,4,1,1,3,0,1,1,3861.25
v2anneal_108k_cot,MATH500,5,4,4,4,0,0,4,4,1191.0
v2anneal_108k_cot,MATH500,9,4,0,0,4,0,0,0,3929.0
v2anneal_108k_cot,MATH500,13,4,4,4,0,0,4,4,877.75
v2anneal_108k_cot,MATH500,17,4,0,0,3,1,1,0,3385.25
v2anneal_108k_cot,MATH500,21,4,1,1,4,0,0,0,4050.0
v2anneal_108k_cot,MATH500,25,4,0,0,1,0,3,0,3370.5
v2anneal_108k_cot,MATH500,29,4,4,4,0,0,4,4,1767.0
v2anneal_108k_cot,MATH500,33,4,4,4,0,0,4,4,2853.25
v2anneal_108k_cot,MATH500,37,4,4,4,0,0,4,4,1423.0
v2anneal_108k_cot,MATH500,41,4,0,0,4,0,0,0,4029.0
v2anneal_108k_cot,MATH500,45,4,4,4,0,0,4,4,1492.5
v2anneal_108k_cot,MATH500,49,4,4,4,0,0,4,4,996.5
v2anneal_108k_cot,MATH500,53,4,4,4,0,0,4,4,1105.75
v2anneal_108k_cot,MATH500,57,4,3,3,1,0,3,3,2392.75
v2anneal_108k_cot,MATH500,61,4,2,2,2,0,2,2,3337.0
v2anneal_108k_cot,MATH500,65,4,4,4,0,0,4,4,1323.5
v2anneal_108k_cot,MATH500,69,4,2,2,2,0,2,2,3593.0
v2anneal_108k_cot,MATH500,73,4,4,4,0,0,4,4,1761.25
v2anneal_108k_cot,MATH500,77,4,4,4,0,0,4,4,1855.75
v2anneal_108k_cot,MATH500,81,4,4,4,0,0,4,4,1499.75
v2anneal_108k_cot,MATH500,85,4,4,4,0,0,4,4,1152.25
v2anneal_108k_cot,MATH500,89,4,4,4,0,0,4,4,2567.25
v2anneal_108k_cot,MATH500,93,4,4,4,0,0,4,4,1628.5
v2anneal_108k_cot,MATH500,97,4,0,0,1,1,3,0,2380.0
v2anneal_108k_cot,MATH500,101,4,0,0,4,1,0,0,3898.0
v2anneal_108k_cot,MATH500,105,4,4,4,0,0,4,4,1442.5
v2anneal_108k_cot,MATH500,109,4,3,3,2,0,2,2,3646.0
v2anneal_108k_cot,MATH500,113,4,3,4,1,0,3,3,2475.75
v2anneal_108k_cot,MATH500,117,4,4,4,0,0,4,4,1068.25
v2anneal_108k_cot,MATH500,121,4,4,4,0,0,4,4,1616.5
v2anneal_108k_cot,MATH500,125,4,4,4,0,0,4,4,2074.5
v2anneal_108k_cot,MATH500,129,4,1,1,4,0,0,0,4024.0
v2anneal_108k_cot,MATH500,133,4,4,4,0,0,4,4,1481.75
v2anneal_108k_cot,MATH500,137,4,4,4,0,0,4,4,2435.0
v2anneal_108k_cot,MATH500,141,4,4,4,0,0,4,4,1470.25
v2anneal_108k_cot,MATH500,145,4,1,1,4,1,0,0,4022.0
v2anneal_108k_cot,MATH500,149,4,4,4,0,0,4,4,2627.5
v2anneal_108k_cot,MATH500,153,4,1,1,3,1,1,1,3871.25
v2anneal_108k_cot,MATH500,157,4,4,4,0,0,4,4,1662.75
v2anneal_108k_cot,MATH500,161,4,4,4,0,0,4,4,1601.25
v2anneal_108k_cot,MATH500,165,4,4,4,0,0,4,4,1398.0
v2anneal_108k_cot,MATH500,169,4,4,4,0,0,4,4,1365.25
v2anneal_108k_cot,MATH500,173,4,3,3,2,0,2,2,3503.0
v2anneal_108k_cot,MATH500,177,4,2,2,2,0,2,2,3479.25
v2anneal_108k_cot,MATH500,181,4,4,4,0,0,4,4,1810.0
v2anneal_108k_cot,MATH500,185,4,4,4,0,0,4,4,1245.5
v2anneal_108k_cot,MATH500,189,4,1,1,4,1,0,0,3563.0
v2anneal_108k_cot,MATH500,193,4,4,4,0,0,4,4,2406.0
v2anneal_108k_cot,MATH500,197,4,4,4,0,0,4,4,2707.25
v2anneal_108k_cot,MATH500,201,4,4,4,0,0,4,4,2243.25
v2anneal_108k_cot,MATH500,205,4,2,2,1,0,3,2,2912.0
v2anneal_108k_cot,MATH500,209,4,4,4,0,0,4,4,2000.0
v2anneal_108k_cot,MATH500,213,4,0,0,4,1,0,0,4012.0
v2anneal_108k_cot,MATH500,217,4,0,0,4,1,0,0,4059.0
v2anneal_108k_cot,MATH500,221,4,4,4,0,0,4,4,3184.0
v2anneal_108k_cot,MATH500,225,4,4,4,0,0,4,4,2161.0
v2anneal_108k_cot,MATH500,229,4,4,4,0,0,4,4,1445.0
v2anneal_108k_cot,MATH500,233,4,4,4,0,0,4,4,1492.0
v2anneal_108k_cot,MATH500,237,4,4,4,0,0,4,4,2310.75
v2anneal_108k_cot,MATH500,241,4,4,4,0,0,4,4,2601.0
v2anneal_108k_cot,MATH500,245,4,3,3,1,0,3,3,2999.75
v2anneal_108k_cot,MATH500,249,4,3,3,1,0,3,3,3173.75
v2anneal_108k_cot,MATH500,253,4,4,4,0,0,4,4,958.25
v2anneal_108k_cot,MATH500,257,4,0,0,0,0,4,0,1218.75
v2anneal_108k_cot,MATH500,261,4,3,3,1,0,3,3,3101.25
v2anneal_108k_cot,MATH500,265,4,4,4,0,0,4,4,1529.5
v2anneal_108k_cot,MATH500,269,4,4,4,0,0,4,4,1546.25
v2anneal_108k_cot,MATH500,273,4,3,3,0,0,4,3,1584.75
v2anneal_108k_cot,MATH500,277,4,4,4,0,0,4,4,877.75
v2anneal_108k_cot,MATH500,281,4,3,3,1,0,3,3,3229.5
v2anneal_108k_cot,MATH500,285,4,0,0,4,0,0,0,3911.0
v2anneal_108k_cot,MATH500,289,4,4,4,0,0,4,4,2904.25
v2anneal_108k_cot,MATH500,293,4,4,4,0,0,4,4,2136.5
v2anneal_108k_cot,MATH500,297,4,4,4,0,0,4,4,1606.75
v2anneal_108k_cot,MATH500,301,4,1,1,3,1,1,1,3111.5
v2anneal_108k_cot,MATH500,305,4,4,4,0,0,4,4,1674.75
v2anneal_108k_cot,MATH500,309,4,0,1,4,0,0,0,4055.0
v2anneal_108k_cot,MATH500,313,4,4,4,0,0,4,4,1187.0
v2anneal_108k_cot,MATH500,317,4,0,0,4,0,0,0,3985.0
v2anneal_108k_cot,MATH500,321,4,4,4,0,0,4,4,2017.25
v2anneal_108k_cot,MATH500,325,4,4,4,0,0,4,4,1640.75
v2anneal_108k_cot,MATH500,329,4,4,4,0,0,4,4,1285.25
v2anneal_108k_cot,MATH500,333,4,1,1,3,1,1,1,3843.5
v2anneal_108k_cot,MATH500,337,4,4,4,0,0,4,4,2012.25
v2anneal_108k_cot,MATH500,341,4,4,4,0,0,4,4,2143.5
v2anneal_108k_cot,MATH500,345,4,4,4,0,0,4,4,1347.5
v2anneal_108k_cot,MATH500,349,4,0,1,4,0,0,0,4042.0
v2anneal_108k_cot,MATH500,353,4,4,4,0,0,4,4,2150.5
v2anneal_108k_cot,MATH500,357,4,4,4,2,0,2,2,3370.75
v2anneal_108k_cot,MATH500,361,4,2,2,2,0,2,2,3227.75
v2anneal_108k_cot,MATH500,365,4,0,0,4,0,0,0,4017.0
v2anneal_108k_cot,MATH500,369,4,1,1,3,1,1,1,3646.25
v2anneal_108k_cot,MATH500,373,4,4,4,1,0,3,3,3489.5
v2anneal_108k_cot,MATH500,377,4,3,3,1,0,3,3,3523.5
v2anneal_108k_cot,MATH500,381,4,0,0,4,0,0,0,4033.0
v2anneal_108k_cot,MATH500,385,4,3,3,2,0,2,2,2313.25
v2anneal_108k_cot,MATH500,389,4,4,4,0,0,4,4,1580.5
v2anneal_108k_cot,MATH500,393,4,4,4,0,0,4,4,1259.5
v2anneal_108k_cot,MATH500,397,4,4,4,0,0,4,4,695.5
v2anneal_108k_cot,MATH500,401,4,0,0,3,0,1,0,3878.0
v2anneal_108k_cot,MATH500,405,4,4,4,0,0,4,4,1937.75
v2anneal_108k_cot,MATH500,409,4,4,4,1,0,3,3,3120.25
v2anneal_108k_cot,MATH500,413,4,4,4,0,0,4,4,1504.75
v2anneal_108k_cot,MATH500,417,4,4,4,0,0,4,4,2280.25
v2anneal_108k_cot,MATH500,421,4,1,1,3,0,1,1,3962.25
v2anneal_108k_cot,MATH500,425,4,0,0,4,0,0,0,3999.0
v2anneal_108k_cot,MATH500,429,4,4,4,0,0,4,4,2911.0
v2anneal_108k_cot,MATH500,433,4,3,3,1,0,3,3,2799.5
v2anneal_108k_cot,MATH500,437,4,4,4,0,0,4,4,1152.75
v2anneal_108k_cot,MATH500,441,4,4,4,0,0,4,4,1549.25
v2anneal_108k_cot,MATH500,445,4,0,0,4,0,0,0,3794.0
v2anneal_108k_cot,MATH500,449,4,4,4,0,0,4,4,1516.75
v2anneal_108k_cot,MATH500,453,4,4,4,0,0,4,4,2123.75
v2anneal_108k_cot,MATH500,457,4,4,4,0,0,4,4,1410.25
v2anneal_108k_cot,MATH500,461,4,3,3,1,1,3,3,2162.25
v2anneal_108k_cot,MATH500,465,4,4,4,0,0,4,4,1813.75
v2anneal_108k_cot,MATH500,469,4,2,2,3,3,1,1,3467.0
v2anneal_108k_cot,MATH500,473,4,3,3,1,0,3,3,2732.25
v2anneal_108k_cot,MATH500,477,4,4,4,2,0,2,2,3353.25
v2anneal_108k_cot,MATH500,481,4,1,1,4,0,0,0,3976.0
v2anneal_108k_cot,MATH500,485,4,1,1,4,0,0,0,3859.0
v2anneal_108k_cot,MATH500,489,4,3,4,2,0,2,2,3635.5
v2anneal_108k_cot,MATH500,493,4,2,2,4,0,0,0,4011.0
v2anneal_108k_cot,MATH500,497,4,0,0,4,0,0,0,4030.0
v2anneal_108k_cot,AIME24,3,16,11,11,6,2,10,9,3588.625
v2anneal_108k_cot,AIME24,7,16,0,0,16,2,0,0,3641.0
v2anneal_108k_cot,AIME24,11,16,0,0,16,0,0,0,3899.0
v2anneal_108k_cot,AIME24,15,16,14,15,2,0,14,14,3038.0
v2anneal_108k_cot,AIME24,19,16,1,1,16,0,0,0,3778.0
v2anneal_108k_cot,AIME24,23,16,0,0,16,0,0,0,3981.0
v2anneal_108k_cot,AIME24,27,16,0,0,16,0,0,0,4000.0
v2anneal_108k_cot,AIME25,2,16,3,8,15,0,1,1,3959.3125
v2anneal_108k_cot,AIME25,6,16,0,0,16,0,0,0,3938.0
v2anneal_108k_cot,AIME25,10,16,0,0,16,2,0,0,3879.0
v2anneal_108k_cot,AIME25,14,16,0,0,16,2,0,0,4004.0
v2anneal_108k_cot,AIME25,18,16,2,2,14,0,2,1,3883.375
v2anneal_108k_cot,AIME25,22,16,0,0,16,0,0,0,3814.0
v2anneal_108k_cot,AIME25,26,16,0,0,16,1,0,0,3874.0
v2anneal_108k_cot,AMC23,3,16,14,14,5,0,11,11,3248.3125
v2anneal_108k_cot,AMC23,7,16,0,1,16,0,0,0,3993.0
v2anneal_108k_cot,AMC23,11,16,1,1,16,1,0,0,3870.0
v2anneal_108k_cot,AMC23,15,16,5,7,13,1,3,3,3841.75
v2anneal_108k_cot,AMC23,19,16,16,16,0,0,16,16,1903.875
v2anneal_108k_cot,AMC23,23,16,13,13,4,1,12,12,3324.25
v2anneal_108k_cot,AMC23,27,16,1,3,16,1,0,0,4043.0
v2anneal_108k_cot,AMC23,31,16,0,1,16,0,0,0,4043.0
v2anneal_108k_cot,AMC23,35,16,0,2,16,0,0,0,3962.0
v2anneal_108k_cot,AMC23,39,16,0,2,16,0,0,0,4041.0
v2anneal_108k_cot,MATH500,2,4,4,4,0,0,4,4,1710.75
v2anneal_108k_cot,MATH500,6,4,4,4,0,0,4,4,2863.5
v2anneal_108k_cot,MATH500,10,4,1,1,3,0,1,1,3455.25
v2anneal_108k_cot,MATH500,14,4,4,4,1,0,3,3,2418.25
v2anneal_108k_cot,MATH500,18,4,0,0,4,0,0,0,3913.0
v2anneal_108k_cot,MATH500,22,4,4,4,0,0,4,4,1991.25
v2anneal_108k_cot,MATH500,26,4,0,2,4,0,0,0,4027.0
v2anneal_108k_cot,MATH500,30,4,4,4,2,1,2,2,3179.75
v2anneal_108k_cot,MATH500,34,4,4,4,0,0,4,4,2714.75
v2anneal_108k_cot,MATH500,38,4,4,4,0,0,4,4,684.25
v2anneal_108k_cot,MATH500,42,4,4,4,0,0,4,4,1252.25
v2anneal_108k_cot,MATH500,46,4,2,2,3,0,1,1,3704.5
v2anneal_108k_cot,MATH500,50,4,4,4,1,0,3,3,3603.75
v2anneal_108k_cot,MATH500,54,4,4,4,0,0,4,4,1348.25
v2anneal_108k_cot,MATH500,58,4,4,4,0,0,4,4,2122.75
v2anneal_108k_cot,MATH500,62,4,2,3,2,0,2,2,3518.25
v2anneal_108k_cot,MATH500,66,4,4,4,0,0,4,4,1628.75
v2anneal_108k_cot,MATH500,70,4,3,3,0,0,4,3,1503.5
v2anneal_108k_cot,MATH500,74,4,4,4,0,0,4,4,1532.5
v2anneal_108k_cot,MATH500,78,4,4,4,0,0,4,4,2129.25
v2anneal_108k_cot,MATH500,82,4,1,1,4,0,0,0,3994.0
v2anneal_108k_cot,MATH500,86,4,4,4,0,0,4,4,1198.25
v2anneal_108k_cot,MATH500,90,4,4,4,0,0,4,4,698.0
v2anneal_108k_cot,MATH500,94,4,0,0,4,0,0,0,3688.0
v2anneal_108k_cot,MATH500,98,4,4,4,0,0,4,4,1025.5
v2anneal_108k_cot,MATH500,102,4,4,4,0,0,4,4,1687.0
v2anneal_108k_cot,MATH500,106,4,4,4,0,0,4,4,1447.0
v2anneal_108k_cot,MATH500,110,4,0,0,4,0,0,0,3966.0
v2anneal_108k_cot,MATH500,114,4,4,4,0,0,4,4,1847.5
v2anneal_108k_cot,MATH500,118,4,1,1,3,0,1,1,3821.75
v2anneal_108k_cot,MATH500,122,4,4,4,0,0,4,4,1101.5
v2anneal_108k_cot,MATH500,126,4,0,0,4,1,0,0,4000.0
v2anneal_108k_cot,MATH500,130,4,3,3,2,0,2,2,3721.5
v2anneal_108k_cot,MATH500,134,4,4,4,0,0,4,4,1897.5
v2anneal_108k_cot,MATH500,138,4,0,0,3,1,1,0,3715.5
v2anneal_108k_cot,MATH500,142,4,2,3,2,0,2,2,3268.5
v2anneal_108k_cot,MATH500,146,4,4,4,0,0,4,4,1702.25
v2anneal_108k_cot,MATH500,150,4,0,2,4,1,0,0,3851.0
v2anneal_108k_cot,MATH500,154,4,0,0,4,0,0,0,3939.0
v2anneal_108k_cot,MATH500,158,4,4,4,0,0,4,4,2374.75
v2anneal_108k_cot,MATH500,162,4,4,4,1,0,3,3,2916.25
v2anneal_108k_cot,MATH500,166,4,0,0,4,0,0,0,3845.0
v2anneal_108k_cot,MATH500,170,4,1,1,4,0,0,0,4035.0
v2anneal_108k_cot,MATH500,174,4,4,4,0,0,4,4,2124.25
v2anneal_108k_cot,MATH500,178,4,4,4,0,0,4,4,1755.5
v2anneal_108k_cot,MATH500,182,4,4,4,0,0,4,4,1014.25
v2anneal_108k_cot,MATH500,186,4,4,4,0,0,4,4,1955.75
v2anneal_108k_cot,MATH500,190,4,4,4,0,0,4,4,2266.75
v2anneal_108k_cot,MATH500,194,4,0,0,4,1,0,0,4042.0
v2anneal_108k_cot,MATH500,198,4,0,0,0,0,4,0,1860.0
v2anneal_108k_cot,MATH500,202,4,4,4,0,0,4,4,2370.0
v2anneal_108k_cot,MATH500,206,4,4,4,0,0,4,4,1676.25
v2anneal_108k_cot,MATH500,210,4,2,2,2,1,2,2,3422.75
v2anneal_108k_cot,MATH500,214,4,2,2,0,0,4,2,2922.5
v2anneal_108k_cot,MATH500,218,4,4,4,0,0,4,4,1204.0
v2anneal_108k_cot,MATH500,222,4,0,0,4,0,0,0,3935.0
v2anneal_108k_cot,MATH500,226,4,3,4,2,0,2,2,3838.25
v2anneal_108k_cot,MATH500,230,4,3,3,0,0,4,3,2168.75
v2anneal_108k_cot,MATH500,234,4,4,4,0,0,4,4,2386.5
v2anneal_108k_cot,MATH500,238,4,4,4,0,0,4,4,1782.5
v2anneal_108k_cot,MATH500,242,4,0,0,4,0,0,0,4004.0
v2anneal_108k_cot,MATH500,246,4,4,4,0,0,4,4,2632.0
v2anneal_108k_cot,MATH500,250,4,4,4,0,0,4,4,1663.0
v2anneal_108k_cot,MATH500,254,4,4,4,0,0,4,4,1672.75
v2anneal_108k_cot,MATH500,258,4,4,4,0,0,4,4,1504.5
v2anneal_108k_cot,MATH500,262,4,4,4,0,0,4,4,1136.75
v2anneal_108k_cot,MATH500,266,4,4,4,0,0,4,4,1949.75
v2anneal_108k_cot,MATH500,270,4,4,4,0,0,4,4,1297.25
v2anneal_108k_cot,MATH500,274,4,3,3,1,0,3,3,3340.75
v2anneal_108k_cot,MATH500,278,4,4,4,0,0,4,4,1304.5
v2anneal_108k_cot,MATH500,282,4,4,4,1,0,3,3,3108.5
v2anneal_108k_cot,MATH500,286,4,0,0,4,3,0,0,4006.0
v2anneal_108k_cot,MATH500,290,4,4,4,0,0,4,4,1981.5
v2anneal_108k_cot,MATH500,294,4,4,4,1,0,3,3,3819.0
v2anneal_108k_cot,MATH500,298,4,4,4,1,0,3,3,2674.5
v2anneal_108k_cot,MATH500,302,4,1,1,4,0,0,0,3990.0
v2anneal_108k_cot,MATH500,306,4,0,0,4,0,0,0,4029.0
v2anneal_108k_cot,MATH500,310,4,4,4,0,0,4,4,2088.5
v2anneal_108k_cot,MATH500,314,4,4,4,0,0,4,4,1114.5
v2anneal_108k_cot,MATH500,318,4,3,3,0,0,4,3,2153.5
v2anneal_108k_cot,MATH500,322,4,4,4,0,0,4,4,1163.75
v2anneal_108k_cot,MATH500,326,4,1,1,1,0,3,1,3567.0
v2anneal_108k_cot,MATH500,330,4,4,4,0,0,4,4,2366.0
v2anneal_108k_cot,MATH500,334,4,4,4,0,0,4,4,2359.0
v2anneal_108k_cot,MATH500,338,4,3,3,0,0,4,3,2570.0
v2anneal_108k_cot,MATH500,342,4,4,4,0,0,4,4,1335.0
v2anneal_108k_cot,MATH500,346,4,4,4,0,0,4,4,2741.75
v2anneal_108k_cot,MATH500,350,4,4,4,0,0,4,4,2064.75
v2anneal_108k_cot,MATH500,354,4,4,4,0,0,4,4,1917.5
v2anneal_108k_cot,MATH500,358,4,4,4,0,0,4,4,2267.0
v2anneal_108k_cot,MATH500,362,4,4,4,0,0,4,4,2077.25
v2anneal_108k_cot,MATH500,366,4,4,4,0,0,4,4,2077.25
v2anneal_108k_cot,MATH500,370,4,4,4,0,0,4,4,1465.0
v2anneal_108k_cot,MATH500,374,4,4,4,0,0,4,4,1000.75
v2anneal_108k_cot,MATH500,378,4,4,4,0,0,4,4,2462.75
v2anneal_108k_cot,MATH500,382,4,3,3,1,0,3,3,2798.5
v2anneal_108k_cot,MATH500,386,4,4,4,0,0,4,4,1740.25
v2anneal_108k_cot,MATH500,390,4,4,4,0,0,4,4,3171.5
v2anneal_108k_cot,MATH500,394,4,3,3,2,0,2,2,3603.0
v2anneal_108k_cot,MATH500,398,4,1,1,3,0,1,1,3203.75
v2anneal_108k_cot,MATH500,402,4,4,4,0,0,4,4,1990.25
v2anneal_108k_cot,MATH500,406,4,4,4,0,0,4,4,2110.75
v2anneal_108k_cot,MATH500,410,4,4,4,0,0,4,4,1424.25
v2anneal_108k_cot,MATH500,414,4,3,3,0,0,4,3,1796.75
v2anneal_108k_cot,MATH500,418,4,4,4,0,0,4,4,1779.75
v2anneal_108k_cot,MATH500,422,4,0,0,4,0,0,0,3968.0
v2anneal_108k_cot,MATH500,426,4,4,4,0,0,4,4,1412.25
v2anneal_108k_cot,MATH500,430,4,4,4,0,0,4,4,1587.0
v2anneal_108k_cot,MATH500,434,4,4,4,0,0,4,4,2139.25
v2anneal_108k_cot,MATH500,438,4,4,4,1,1,3,3,2590.5
v2anneal_108k_cot,MATH500,442,4,4,4,1,0,3,3,2056.0
v2anneal_108k_cot,MATH500,446,4,4,4,0,0,4,4,2219.0
v2anneal_108k_cot,MATH500,450,4,4,4,1,0,3,3,2483.25
v2anneal_108k_cot,MATH500,454,4,4,4,1,0,3,3,3279.25
v2anneal_108k_cot,MATH500,458,4,4,4,0,0,4,4,2449.75
v2anneal_108k_cot,MATH500,462,4,2,4,2,1,2,2,3276.75
v2anneal_108k_cot,MATH500,466,4,2,2,3,0,1,0,3437.5
v2anneal_108k_cot,MATH500,470,4,3,3,2,0,2,2,3630.75
v2anneal_108k_cot,MATH500,474,4,4,4,0,0,4,4,1733.5
v2anneal_108k_cot,MATH500,478,4,1,1,4,0,0,0,4004.0
v2anneal_108k_cot,MATH500,482,4,4,4,0,0,4,4,3039.75
v2anneal_108k_cot,MATH500,486,4,0,2,4,1,0,0,4038.0
v2anneal_108k_cot,MATH500,490,4,1,1,3,1,1,1,3869.75
v2anneal_108k_cot,MATH500,494,4,0,0,4,2,0,0,4007.0
v2anneal_108k_cot,MATH500,498,4,2,3,2,0,2,2,3672.5
v2anneal_108k_cot,AIME24,0,16,2,2,15,0,1,1,3919.4375
v2anneal_108k_cot,AIME24,4,16,0,0,16,0,0,0,4017.0
v2anneal_108k_cot,AIME24,8,16,0,0,16,3,0,0,3971.0
v2anneal_108k_cot,AIME24,12,16,2,2,14,6,2,2,3946.875
v2anneal_108k_cot,AIME24,16,16,3,8,14,0,2,2,3782.1875
v2anneal_108k_cot,AIME24,20,16,2,8,15,0,1,1,3833.9375
v2anneal_108k_cot,AIME24,24,16,0,0,16,7,0,0,3940.0
v2anneal_108k_cot,AIME24,28,16,0,0,16,5,0,0,3907.0
v2anneal_108k_cot,AIME25,3,16,1,5,16,0,0,0,4024.0
v2anneal_108k_cot,AIME25,7,16,4,5,12,2,4,3,3775.375
v2anneal_108k_cot,AIME25,11,16,0,0,16,3,0,0,3964.0
v2anneal_108k_cot,AIME25,15,16,16,16,6,0,10,10,3573.6875
v2anneal_108k_cot,AIME25,19,16,0,0,16,3,0,0,3895.0
v2anneal_108k_cot,AIME25,23,16,0,0,16,1,0,0,3995.0
v2anneal_108k_cot,AIME25,27,16,0,0,16,1,0,0,3962.0
v2anneal_108k_cot,AMC23,0,16,16,16,0,0,16,16,1470.8125
v2anneal_108k_cot,AMC23,4,16,0,0,16,0,0,0,3998.0
v2anneal_108k_cot,AMC23,8,16,0,3,16,0,0,0,4029.0
v2anneal_108k_cot,AMC23,12,16,1,1,15,0,1,1,3952.0625
v2anneal_108k_cot,AMC23,16,16,16,16,0,0,16,16,2563.0625
v2anneal_108k_cot,AMC23,20,16,0,0,16,0,0,0,3984.0
v2anneal_108k_cot,AMC23,24,16,8,8,10,0,6,6,3741.5
v2anneal_108k_cot,AMC23,28,16,2,2,15,0,1,1,4014.125
v2anneal_108k_cot,AMC23,32,16,0,5,16,0,0,0,3847.0
v2anneal_108k_cot,AMC23,36,16,2,3,16,0,0,0,3992.0
v2anneal_108k_cot,MATH500,3,4,4,4,0,0,4,4,1543.5
v2anneal_108k_cot,MATH500,7,4,3,3,1,0,3,3,2631.5
v2anneal_108k_cot,MATH500,11,4,0,0,4,0,0,0,4017.0
v2anneal_108k_cot,MATH500,15,4,3,3,1,0,3,3,3252.25
v2anneal_108k_cot,MATH500,19,4,2,2,2,0,2,2,3310.0
v2anneal_108k_cot,MATH500,23,4,4,4,0,0,4,4,2500.75
v2anneal_108k_cot,MATH500,27,4,4,4,0,0,4,4,679.5
v2anneal_108k_cot,MATH500,31,4,4,4,0,0,4,4,1690.5
v2anneal_108k_cot,MATH500,35,4,4,4,0,0,4,4,1985.25
v2anneal_108k_cot,MATH500,39,4,4,4,0,0,4,4,1901.75
v2anneal_108k_cot,MATH500,43,4,0,0,4,1,0,0,3992.0
v2anneal_108k_cot,MATH500,47,4,4,4,0,0,4,4,1323.75
v2anneal_108k_cot,MATH500,51,4,4,4,1,0,3,3,3579.5
v2anneal_108k_cot,MATH500,55,4,4,4,0,0,4,4,2004.25
v2anneal_108k_cot,MATH500,59,4,4,4,0,0,4,4,1378.75
v2anneal_108k_cot,MATH500,63,4,0,0,4,2,0,0,3984.0
v2anneal_108k_cot,MATH500,67,4,4,4,0,0,4,4,1320.25
v2anneal_108k_cot,MATH500,71,4,0,0,4,0,0,0,4052.0
v2anneal_108k_cot,MATH500,75,4,4,4,0,0,4,4,2457.75
v2anneal_108k_cot,MATH500,79,4,4,4,0,0,4,4,1648.0
v2anneal_108k_cot,MATH500,83,4,4,4,0,0,4,4,2722.0
v2anneal_108k_cot,MATH500,87,4,4,4,0,0,4,4,2557.75
v2anneal_108k_cot,MATH500,91,4,4,4,2,1,2,2,2859.0
v2anneal_108k_cot,MATH500,95,4,4,4,0,0,4,4,1515.25
v2anneal_108k_cot,MATH500,99,4,0,0,0,0,4,0,2676.0
v2anneal_108k_cot,MATH500,103,4,0,0,4,0,0,0,3970.0
v2anneal_108k_cot,MATH500,107,4,4,4,0,0,4,4,1801.0
v2anneal_108k_cot,MATH500,111,4,4,4,0,0,4,4,1707.25
v2anneal_108k_cot,MATH500,115,4,4,4,0,0,4,4,1558.75
v2anneal_108k_cot,MATH500,119,4,1,1,4,2,0,0,3924.0
v2anneal_108k_cot,MATH500,123,4,1,1,4,0,0,0,3801.0
v2anneal_108k_cot,MATH500,127,4,0,0,0,0,4,0,2528.75
v2anneal_108k_cot,MATH500,131,4,4,4,0,0,4,4,2752.0
v2anneal_108k_cot,MATH500,135,4,4,4,0,0,4,4,1299.75
v2anneal_108k_cot,MATH500,139,4,0,2,4,0,0,0,4029.0
v2anneal_108k_cot,MATH500,143,4,4,4,0,0,4,4,2502.25
v2anneal_108k_cot,MATH500,147,4,1,1,3,0,1,1,3940.25
v2anneal_108k_cot,MATH500,151,4,4,4,1,0,3,3,2791.25
v2anneal_108k_cot,MATH500,155,4,3,3,1,1,3,3,3269.25
v2anneal_108k_cot,MATH500,159,4,4,4,0,0,4,4,1543.75
v2anneal_108k_cot,MATH500,163,4,3,3,2,1,2,2,3682.5
v2anneal_108k_cot,MATH500,167,4,4,4,0,0,4,4,1321.25
v2anneal_108k_cot,MATH500,171,4,4,4,0,0,4,4,787.0
v2anneal_108k_cot,MATH500,175,4,3,3,2,0,2,2,3587.75
v2anneal_108k_cot,MATH500,179,4,4,4,1,0,3,3,2994.5
v2anneal_108k_cot,MATH500,183,4,4,4,0,0,4,4,2555.75
v2anneal_108k_cot,MATH500,187,4,4,4,0,0,4,4,1440.5
v2anneal_108k_cot,MATH500,191,4,4,4,0,0,4,4,385.5
v2anneal_108k_cot,MATH500,195,4,2,2,2,0,2,2,3174.0
v2anneal_108k_cot,MATH500,199,4,4,4,0,0,4,4,1168.0
v2anneal_108k_cot,MATH500,203,4,4,4,0,0,4,4,2883.0
v2anneal_108k_cot,MATH500,207,4,4,4,0,0,4,4,1044.75
v2anneal_108k_cot,MATH500,211,4,4,4,0,0,4,4,1575.25
v2anneal_108k_cot,MATH500,215,4,4,4,0,0,4,4,2515.0
v2anneal_108k_cot,MATH500,219,4,0,0,4,0,0,0,3324.0
v2anneal_108k_cot,MATH500,223,4,4,4,1,0,3,3,3175.0
v2anneal_108k_cot,MATH500,227,4,0,0,0,0,4,0,1231.5
v2anneal_108k_cot,MATH500,231,4,4,4,0,0,4,4,1968.25
v2anneal_108k_cot,MATH500,235,4,4,4,0,0,4,4,1747.25
v2anneal_108k_cot,MATH500,239,4,0,0,4,0,0,0,3957.0
v2anneal_108k_cot,MATH500,243,4,4,4,0,0,4,4,1524.75
v2anneal_108k_cot,MATH500,247,4,4,4,0,0,4,4,2429.0
v2anneal_108k_cot,MATH500,251,4,3,4,2,0,2,2,3662.0
v2anneal_108k_cot,MATH500,255,4,0,0,0,0,4,0,1911.25
v2anneal_108k_cot,MATH500,259,4,4,4,0,0,4,4,1584.75
v2anneal_108k_cot,MATH500,263,4,4,4,0,0,4,4,1233.5
v2anneal_108k_cot,MATH500,267,4,4,4,1,0,3,3,3128.75
v2anneal_108k_cot,MATH500,271,4,3,3,1,0,3,3,3904.5
v2anneal_108k_cot,MATH500,275,4,4,4,0,0,4,4,733.0
v2anneal_108k_cot,MATH500,279,4,2,2,2,0,2,2,3414.25
v2anneal_108k_cot,MATH500,283,4,4,4,0,0,4,4,1720.5
v2anneal_108k_cot,MATH500,287,4,3,3,2,0,2,2,3772.75
v2anneal_108k_cot,MATH500,291,4,4,4,0,0,4,4,2363.75
v2anneal_108k_cot,MATH500,295,4,0,0,4,0,0,0,3978.0
v2anneal_108k_cot,MATH500,299,4,4,4,0,0,4,4,2604.75
v2anneal_108k_cot,MATH500,303,4,2,3,3,0,1,1,3944.5
v2anneal_108k_cot,MATH500,307,4,4,4,0,0,4,4,2628.0
v2anneal_108k_cot,MATH500,311,4,4,4,2,0,2,2,3606.0
v2anneal_108k_cot,MATH500,315,4,4,4,1,0,3,3,2585.75
v2anneal_108k_cot,MATH500,319,4,4,4,0,0,4,4,1429.25
v2anneal_108k_cot,MATH500,323,4,1,1,3,0,1,1,3801.75
v2anneal_108k_cot,MATH500,327,4,1,1,4,0,0,0,3987.0
v2anneal_108k_cot,MATH500,331,4,4,4,0,0,4,4,2516.25
v2anneal_108k_cot,MATH500,335,4,4,4,1,0,3,3,3176.0
v2anneal_108k_cot,MATH500,339,4,4,4,0,0,4,4,2490.75
v2anneal_108k_cot,MATH500,343,4,0,4,0,0,4,4,1475.5
v2anneal_108k_cot,MATH500,347,4,4,4,0,0,4,4,2030.0
v2anneal_108k_cot,MATH500,351,4,1,1,3,0,1,1,3983.5
v2anneal_108k_cot,MATH500,355,4,1,1,4,0,0,0,4023.0
v2anneal_108k_cot,MATH500,359,4,4,4,0,0,4,4,2130.0
v2anneal_108k_cot,MATH500,363,4,4,4,0,0,4,4,1392.5
v2anneal_108k_cot,MATH500,367,4,4,4,0,0,4,4,908.75
v2anneal_108k_cot,MATH500,371,4,0,2,4,0,0,0,4016.0
v2anneal_108k_cot,MATH500,375,4,4,4,0,0,4,4,1794.5
v2anneal_108k_cot,MATH500,379,4,0,3,2,0,2,2,3649.5
v2anneal_108k_cot,MATH500,383,4,0,0,0,0,4,0,1719.0
v2anneal_108k_cot,MATH500,387,4,4,4,0,0,4,4,2293.5
v2anneal_108k_cot,MATH500,391,4,3,3,1,0,3,3,3371.0
v2anneal_108k_cot,MATH500,395,4,4,4,0,0,4,4,2168.5
v2anneal_108k_cot,MATH500,399,4,4,4,0,0,4,4,1420.75
v2anneal_108k_cot,MATH500,403,4,2,3,4,0,0,0,4026.0
v2anneal_108k_cot,MATH500,407,4,4,4,0,0,4,4,1856.25
v2anneal_108k_cot,MATH500,411,4,4,4,0,0,4,4,1255.5
v2anneal_108k_cot,MATH500,415,4,4,4,0,0,4,4,2357.0
v2anneal_108k_cot,MATH500,419,4,2,2,3,0,1,1,3822.0
v2anneal_108k_cot,MATH500,423,4,4,4,2,0,2,2,3894.0
v2anneal_108k_cot,MATH500,427,4,4,4,0,0,4,4,1208.0
v2anneal_108k_cot,MATH500,431,4,3,3,1,0,3,3,3183.0
v2anneal_108k_cot,MATH500,435,4,4,4,0,0,4,4,1710.25
v2anneal_108k_cot,MATH500,439,4,4,4,1,0,3,3,3225.0
v2anneal_108k_cot,MATH500,443,4,4,4,0,0,4,4,1455.5
v2anneal_108k_cot,MATH500,447,4,4,4,0,0,4,4,1436.0
v2anneal_108k_cot,MATH500,451,4,3,3,0,0,4,3,2330.0
v2anneal_108k_cot,MATH500,455,4,4,4,0,0,4,4,1215.75
v2anneal_108k_cot,MATH500,459,4,4,4,1,0,3,3,2638.25
v2anneal_108k_cot,MATH500,463,4,4,4,0,0,4,4,905.5
v2anneal_108k_cot,MATH500,467,4,0,0,3,0,1,0,3822.25
v2anneal_108k_cot,MATH500,471,4,4,4,0,0,4,4,1441.75
v2anneal_108k_cot,MATH500,475,4,3,3,3,0,1,1,3901.5
v2anneal_108k_cot,MATH500,479,4,4,4,1,1,3,3,2388.25
v2anneal_108k_cot,MATH500,483,4,4,4,1,0,3,3,3731.75
v2anneal_108k_cot,MATH500,487,4,4,4,0,0,4,4,2518.75
v2anneal_108k_cot,MATH500,491,4,4,4,0,0,4,4,2093.0
v2anneal_108k_cot,MATH500,495,4,4,4,0,0,4,4,2218.0
v2anneal_108k_cot,MATH500,499,4,1,1,3,0,1,1,3812.25
v2anneal_108k_cot,AIME24,1,16,0,0,16,0,0,0,3998.0
v2anneal_108k_cot,AIME24,5,16,10,10,9,0,7,7,3630.0
v2anneal_108k_cot,AIME24,9,16,0,0,16,0,0,0,4016.0
v2anneal_108k_cot,AIME24,13,16,0,0,16,0,0,0,3939.0
v2anneal_108k_cot,AIME24,17,16,3,7,15,0,1,0,3944.5625
v2anneal_108k_cot,AIME24,21,16,5,7,13,0,3,3,3956.4375
v2anneal_108k_cot,AIME24,25,16,0,0,16,0,0,0,3996.0
v2anneal_108k_cot,AIME24,29,16,0,0,16,5,0,0,3967.0
v2anneal_108k_cot,AIME25,0,16,16,16,1,0,15,15,2572.0
v2anneal_108k_cot,AIME25,4,16,0,0,16,0,0,0,4002.0
v2anneal_108k_cot,AIME25,8,16,0,0,16,0,0,0,3985.0
v2anneal_108k_cot,AIME25,12,16,0,0,16,0,0,0,4003.0
v2anneal_108k_cot,AIME25,16,16,16,16,1,0,15,15,2890.4375
v2anneal_108k_cot,AIME25,20,16,0,0,16,0,0,0,3874.0
v2anneal_108k_cot,AIME25,24,16,0,0,16,0,0,0,4012.0
v2anneal_108k_cot,AIME25,28,16,0,0,16,0,0,0,3989.0
v2anneal_108k_cot,AMC23,1,16,16,16,0,0,16,16,2274.625
v2anneal_108k_cot,AMC23,5,16,4,5,13,0,3,3,3928.875
v2anneal_108k_cot,AMC23,9,16,16,16,0,0,16,16,2522.3125
v2anneal_108k_cot,AMC23,13,16,0,2,16,0,0,0,4038.0
v2anneal_108k_cot,AMC23,17,16,9,11,10,0,6,6,3632.375
v2anneal_108k_cot,AMC23,21,16,16,16,0,0,16,16,2390.625
v2anneal_108k_cot,AMC23,25,16,16,16,1,0,15,15,2602.5
v2anneal_108k_cot,AMC23,29,16,9,9,10,0,6,5,3730.8125
v2anneal_108k_cot,AMC23,33,16,16,16,0,0,16,16,1483.1875
v2anneal_108k_cot,AMC23,37,16,1,3,16,0,0,0,4026.0
v2anneal_108k_cot,MATH500,0,4,3,3,0,0,4,3,1146.5
v2anneal_108k_cot,MATH500,4,4,0,0,2,0,2,0,3320.0
v2anneal_108k_cot,MATH500,8,4,4,4,0,0,4,4,1619.5
v2anneal_108k_cot,MATH500,12,4,4,4,2,0,2,2,3649.0
v2anneal_108k_cot,MATH500,16,4,4,4,0,0,4,4,2603.5
v2anneal_108k_cot,MATH500,20,4,4,4,0,0,4,4,1354.5
v2anneal_108k_cot,MATH500,24,4,3,3,1,0,3,3,3253.0
v2anneal_108k_cot,MATH500,28,4,4,4,0,0,4,4,1222.75
v2anneal_108k_cot,MATH500,32,4,0,0,4,0,0,0,4028.0
v2anneal_108k_cot,MATH500,36,4,0,0,0,0,4,0,3486.25
v2anneal_108k_cot,MATH500,40,4,4,4,0,0,4,4,941.25
v2anneal_108k_cot,MATH500,44,4,4,4,0,0,4,4,1474.25
v2anneal_108k_cot,MATH500,48,4,4,4,0,0,4,4,1800.0
v2anneal_108k_cot,MATH500,52,4,4,4,0,0,4,4,2606.25
v2anneal_108k_cot,MATH500,56,4,4,4,0,0,4,4,1494.75
v2anneal_108k_cot,MATH500,60,4,2,2,4,0,0,0,4026.0
v2anneal_108k_cot,MATH500,64,4,2,2,3,0,1,1,3961.75
v2anneal_108k_cot,MATH500,68,4,3,3,1,0,3,3,2932.75
v2anneal_108k_cot,MATH500,72,4,4,4,0,0,4,4,1532.5
v2anneal_108k_cot,MATH500,76,4,4,4,1,1,3,3,2722.0
v2anneal_108k_cot,MATH500,80,4,0,0,4,0,0,0,4032.0
v2anneal_108k_cot,MATH500,84,4,4,4,0,0,4,4,2770.0
v2anneal_108k_cot,MATH500,88,4,0,2,4,0,0,0,3985.0
v2anneal_108k_cot,MATH500,92,4,3,3,2,0,2,2,3369.25
v2anneal_108k_cot,MATH500,96,4,0,0,4,1,0,0,3970.0
v2anneal_108k_cot,MATH500,100,4,0,0,4,0,0,0,3873.0
v2anneal_108k_cot,MATH500,104,4,0,1,4,0,0,0,3999.0
v2anneal_108k_cot,MATH500,108,4,3,3,2,0,2,2,3905.5
v2anneal_108k_cot,MATH500,112,4,4,4,0,0,4,4,2346.0
v2anneal_108k_cot,MATH500,116,4,4,4,0,0,4,4,1773.75
v2anneal_108k_cot,MATH500,120,4,0,0,4,2,0,0,4016.0
v2anneal_108k_cot,MATH500,124,4,4,4,0,0,4,4,2240.75
v2anneal_108k_cot,MATH500,128,4,1,1,3,0,1,1,3853.75
v2anneal_108k_cot,MATH500,132,4,4,4,0,0,4,4,1600.25
v2anneal_108k_cot,MATH500,136,4,0,1,4,0,0,0,3977.0
v2anneal_108k_cot,MATH500,140,4,4,4,0,0,4,4,2810.75
v2anneal_108k_cot,MATH500,144,4,4,4,0,0,4,4,1181.25
v2anneal_108k_cot,MATH500,148,4,4,4,0,0,4,4,1550.25
v2anneal_108k_cot,MATH500,152,4,2,3,4,0,0,0,3996.0
v2anneal_108k_cot,MATH500,156,4,0,0,4,0,0,0,3857.0
v2anneal_108k_cot,MATH500,160,4,4,4,0,0,4,4,1868.25
v2anneal_108k_cot,MATH500,164,4,0,0,4,0,0,0,4057.0
v2anneal_108k_cot,MATH500,168,4,0,0,4,1,0,0,3362.0
v2anneal_108k_cot,MATH500,172,4,4,4,0,0,4,4,1484.75
v2anneal_108k_cot,MATH500,176,4,2,3,2,0,2,2,3688.5
v2anneal_108k_cot,MATH500,180,4,3,3,2,0,2,2,3170.0
v2anneal_108k_cot,MATH500,184,4,0,0,4,1,0,0,4025.0
v2anneal_108k_cot,MATH500,188,4,3,3,3,0,1,1,3619.0
v2anneal_108k_cot,MATH500,192,4,4,4,0,0,4,4,2358.5
v2anneal_108k_cot,MATH500,196,4,4,4,0,0,4,4,1809.75
v2anneal_108k_cot,MATH500,200,4,4,4,1,0,3,3,2156.75
v2anneal_108k_cot,MATH500,204,4,0,0,4,1,0,0,3992.0
v2anneal_108k_cot,MATH500,208,4,4,4,0,0,4,4,1315.75
v2anneal_108k_cot,MATH500,212,4,4,4,0,0,4,4,1028.5
v2anneal_108k_cot,MATH500,216,4,4,4,0,0,4,4,935.0
v2anneal_108k_cot,MATH500,220,4,4,4,0,0,4,4,1498.5
v2anneal_108k_cot,MATH500,224,4,1,1,4,0,0,0,4017.0
v2anneal_108k_cot,MATH500,228,4,0,0,2,0,2,0,3646.5
v2anneal_108k_cot,MATH500,232,4,0,0,3,1,1,0,3795.0
v2anneal_108k_cot,MATH500,236,4,0,0,4,1,0,0,4030.0
v2anneal_108k_cot,MATH500,240,4,0,0,2,1,2,0,3391.25
v2anneal_108k_cot,MATH500,244,4,4,4,0,0,4,4,2491.25
v2anneal_108k_cot,MATH500,248,4,3,3,0,0,4,3,3407.5
v2anneal_108k_cot,MATH500,252,4,4,4,0,0,4,4,2546.5
v2anneal_108k_cot,MATH500,256,4,4,4,0,0,4,4,1950.25
v2anneal_108k_cot,MATH500,260,4,3,3,1,0,3,3,2459.75
v2anneal_108k_cot,MATH500,264,4,0,0,4,0,0,0,3791.0
v2anneal_108k_cot,MATH500,268,4,4,4,0,0,4,4,1062.25
v2anneal_108k_cot,MATH500,272,4,4,4,0,0,4,4,2771.75
v2anneal_108k_cot,MATH500,276,4,4,4,0,0,4,4,2649.5
v2anneal_108k_cot,MATH500,280,4,4,4,0,0,4,4,1614.5
v2anneal_108k_cot,MATH500,284,4,0,0,3,0,1,0,3928.75
v2anneal_108k_cot,MATH500,288,4,3,3,1,0,3,3,3205.25
v2anneal_108k_cot,MATH500,292,4,2,2,3,0,1,1,3930.0
v2anneal_108k_cot,MATH500,296,4,0,0,3,0,1,0,3816.0
v2anneal_108k_cot,MATH500,300,4,4,4,0,0,4,4,1851.75
v2anneal_108k_cot,MATH500,304,4,4,4,0,0,4,4,2752.0
v2anneal_108k_cot,MATH500,308,4,0,0,4,0,0,0,4027.0
v2anneal_108k_cot,MATH500,312,4,4,4,0,0,4,4,884.5
v2anneal_108k_cot,MATH500,316,4,4,4,0,0,4,4,2283.25
v2anneal_108k_cot,MATH500,320,4,2,2,3,0,1,1,3586.5
v2anneal_108k_cot,MATH500,324,4,0,0,3,0,1,0,3704.25
v2anneal_108k_cot,MATH500,328,4,2,2,4,1,0,0,4004.0
v2anneal_108k_cot,MATH500,332,4,0,1,4,0,0,0,4031.0
v2anneal_108k_cot,MATH500,336,4,4,4,0,0,4,4,2294.75
v2anneal_108k_cot,MATH500,340,4,0,0,4,0,0,0,3991.0
v2anneal_108k_cot,MATH500,344,4,4,4,0,0,4,4,1821.0
v2anneal_108k_cot,MATH500,348,4,4,4,0,0,4,4,2437.75
v2anneal_108k_cot,MATH500,352,4,0,0,4,0,0,0,3853.0
v2anneal_108k_cot,MATH500,356,4,4,4,0,0,4,4,2278.0
v2anneal_108k_cot,MATH500,360,4,4,4,0,0,4,4,1699.5
v2anneal_108k_cot,MATH500,364,4,4,4,0,0,4,4,3219.25
v2anneal_108k_cot,MATH500,368,4,4,4,0,0,4,4,1528.25
v2anneal_108k_cot,MATH500,372,4,1,1,3,0,1,1,3560.0
v2anneal_108k_cot,MATH500,376,4,4,4,0,0,4,4,2076.5
v2anneal_108k_cot,MATH500,380,4,3,3,0,0,4,3,3045.25
v2anneal_108k_cot,MATH500,384,4,4,4,0,0,4,4,430.75
v2anneal_108k_cot,MATH500,388,4,4,4,0,0,4,4,2089.0
v2anneal_108k_cot,MATH500,392,4,0,0,4,0,0,0,3745.0
v2anneal_108k_cot,MATH500,396,4,1,2,3,0,1,1,3826.0
v2anneal_108k_cot,MATH500,400,4,0,0,4,0,0,0,4009.0
v2anneal_108k_cot,MATH500,404,4,4,4,0,0,4,4,1172.75
v2anneal_108k_cot,MATH500,408,4,0,0,3,0,1,0,4004.0
v2anneal_108k_cot,MATH500,412,4,1,1,3,0,1,1,3875.75
v2anneal_108k_cot,MATH500,416,4,1,1,3,0,1,1,4028.5
v2anneal_108k_cot,MATH500,420,4,0,0,0,0,4,0,1467.5
v2anneal_108k_cot,MATH500,424,4,4,4,0,0,4,4,1738.0
v2anneal_108k_cot,MATH500,428,4,2,2,2,0,2,2,3471.0
v2anneal_108k_cot,MATH500,432,4,0,0,4,0,0,0,3998.0
v2anneal_108k_cot,MATH500,436,4,3,3,1,0,3,3,3290.75
v2anneal_108k_cot,MATH500,440,4,4,4,0,0,4,4,1769.0
v2anneal_108k_cot,MATH500,444,4,0,0,4,0,0,0,3887.0
v2anneal_108k_cot,MATH500,448,4,4,4,0,0,4,4,2524.75
v2anneal_108k_cot,MATH500,452,4,4,4,0,0,4,4,1847.0
v2anneal_108k_cot,MATH500,456,4,1,1,0,0,4,1,2791.75
v2anneal_108k_cot,MATH500,460,4,0,0,4,0,0,0,3892.0
v2anneal_108k_cot,MATH500,464,4,4,4,0,0,4,4,2297.0
v2anneal_108k_cot,MATH500,468,4,4,4,0,0,4,4,2471.25
v2anneal_108k_cot,MATH500,472,4,4,4,0,0,4,4,1366.5
v2anneal_108k_cot,MATH500,476,4,4,4,0,0,4,4,1792.25
v2anneal_108k_cot,MATH500,480,4,4,4,0,0,4,4,2354.5
v2anneal_108k_cot,MATH500,484,4,4,4,1,0,3,3,3372.75
v2anneal_108k_cot,MATH500,488,4,3,3,0,0,4,3,1157.0
v2anneal_108k_cot,MATH500,492,4,4,4,0,0,4,4,1173.5
v2anneal_108k_cot,MATH500,496,4,4,4,0,0,4,4,2296.25
v2anneal_120k_cot,AIME24,2,16,1,2,15,1,1,0,3878.3125
v2anneal_120k_cot,AIME24,6,16,1,1,16,1,0,0,3990.0
v2anneal_120k_cot,AIME24,10,16,0,0,16,2,0,0,3999.0
v2anneal_120k_cot,AIME24,14,16,0,0,16,5,0,0,3891.0
v2anneal_120k_cot,AIME24,18,16,14,14,1,0,15,14,2819.125
v2anneal_120k_cot,AIME24,22,16,0,0,16,7,0,0,3845.0
v2anneal_120k_cot,AIME24,26,16,0,0,16,6,0,0,3988.0
v2anneal_120k_cot,AIME25,1,16,0,0,16,0,0,0,3923.0
v2anneal_120k_cot,AIME25,5,16,15,15,1,0,15,15,3096.625
v2anneal_120k_cot,AIME25,9,16,0,0,16,10,0,0,3918.0
v2anneal_120k_cot,AIME25,13,16,0,4,16,2,0,0,3939.0
v2anneal_120k_cot,AIME25,17,16,0,0,16,0,0,0,4005.0
v2anneal_120k_cot,AIME25,21,16,0,0,16,1,0,0,3990.0
v2anneal_120k_cot,AIME25,25,16,0,0,16,1,0,0,4024.0
v2anneal_120k_cot,AIME25,29,16,0,0,16,10,0,0,4008.0
v2anneal_120k_cot,AMC23,2,16,16,16,0,0,16,16,1606.1875
v2anneal_120k_cot,AMC23,6,16,0,0,16,0,0,0,4006.0
v2anneal_120k_cot,AMC23,10,16,11,13,9,0,7,7,3684.4375
v2anneal_120k_cot,AMC23,14,16,7,7,9,4,7,7,3608.375
v2anneal_120k_cot,AMC23,18,16,3,3,11,2,5,3,3709.1875
v2anneal_120k_cot,AMC23,22,16,15,15,1,0,15,15,1812.0
v2anneal_120k_cot,AMC23,26,16,14,14,5,0,11,11,3382.25
v2anneal_120k_cot,AMC23,30,16,16,16,0,0,16,16,1877.125
v2anneal_120k_cot,AMC23,34,16,16,16,0,0,16,16,1390.4375
v2anneal_120k_cot,AMC23,38,16,10,13,9,0,7,6,3574.125
v2anneal_120k_cot,MATH500,1,4,2,2,2,2,2,2,2895.5
v2anneal_120k_cot,MATH500,5,4,4,4,0,0,4,4,1189.0
v2anneal_120k_cot,MATH500,9,4,0,0,4,2,0,0,3929.0
v2anneal_120k_cot,MATH500,13,4,4,4,0,0,4,4,668.75
v2anneal_120k_cot,MATH500,17,4,0,0,3,3,1,0,3284.0
v2anneal_120k_cot,MATH500,21,4,2,2,2,1,2,2,3586.25
v2anneal_120k_cot,MATH500,25,4,0,0,2,0,2,0,3587.75
v2anneal_120k_cot,MATH500,29,4,4,4,0,0,4,4,1446.0
v2anneal_120k_cot,MATH500,33,4,4,4,0,0,4,4,2404.0
v2anneal_120k_cot,MATH500,37,4,4,4,0,0,4,4,1125.5
v2anneal_120k_cot,MATH500,41,4,1,1,3,0,1,1,3432.5
v2anneal_120k_cot,MATH500,45,4,4,4,0,0,4,4,1839.25
v2anneal_120k_cot,MATH500,49,4,4,4,0,0,4,4,1399.0
v2anneal_120k_cot,MATH500,53,4,4,4,0,0,4,4,845.5
v2anneal_120k_cot,MATH500,57,4,4,4,0,0,4,4,1669.5
v2anneal_120k_cot,MATH500,61,4,4,4,0,0,4,4,3033.25
v2anneal_120k_cot,MATH500,65,4,4,4,0,0,4,4,1206.75
v2anneal_120k_cot,MATH500,69,4,4,4,0,0,4,4,2619.75
v2anneal_120k_cot,MATH500,73,4,3,3,1,0,3,3,2133.5
v2anneal_120k_cot,MATH500,77,4,4,4,0,0,4,4,1319.5
v2anneal_120k_cot,MATH500,81,4,4,4,0,0,4,4,1450.5
v2anneal_120k_cot,MATH500,85,4,4,4,0,0,4,4,1224.75
v2anneal_120k_cot,MATH500,89,4,3,3,1,0,3,3,2970.25
v2anneal_120k_cot,MATH500,93,4,4,4,0,0,4,4,1844.0
v2anneal_120k_cot,MATH500,97,4,0,0,0,0,4,0,1439.5
v2anneal_120k_cot,MATH500,101,4,0,0,4,0,0,0,3898.0
v2anneal_120k_cot,MATH500,105,4,4,4,0,0,4,4,1338.0
v2anneal_120k_cot,MATH500,109,4,2,2,2,0,2,2,3390.25
v2anneal_120k_cot,MATH500,113,4,4,4,0,0,4,4,1908.5
v2anneal_120k_cot,MATH500,117,4,4,4,0,0,4,4,1054.0
v2anneal_120k_cot,MATH500,121,4,4,4,0,0,4,4,1089.25
v2anneal_120k_cot,MATH500,125,4,3,3,1,1,3,3,2038.5
v2anneal_120k_cot,MATH500,129,4,4,4,0,0,4,4,2975.0
v2anneal_120k_cot,MATH500,133,4,4,4,0,0,4,4,1312.25
v2anneal_120k_cot,MATH500,137,4,4,4,0,0,4,4,2259.25
v2anneal_120k_cot,MATH500,141,4,4,4,0,0,4,4,1838.0
v2anneal_120k_cot,MATH500,145,4,1,2,4,0,0,0,4022.0
v2anneal_120k_cot,MATH500,149,4,4,4,0,0,4,4,2610.75
v2anneal_120k_cot,MATH500,153,4,4,4,0,0,4,4,2244.75
v2anneal_120k_cot,MATH500,157,4,4,4,0,0,4,4,2407.75
v2anneal_120k_cot,MATH500,161,4,4,4,0,0,4,4,1522.0
v2anneal_120k_cot,MATH500,165,4,4,4,0,0,4,4,946.75
v2anneal_120k_cot,MATH500,169,4,4,4,0,0,4,4,1262.75
v2anneal_120k_cot,MATH500,173,4,3,3,1,0,3,3,3283.5
v2anneal_120k_cot,MATH500,177,4,1,1,3,1,1,1,3677.25
v2anneal_120k_cot,MATH500,181,4,4,4,0,0,4,4,1565.0
v2anneal_120k_cot,MATH500,185,4,4,4,0,0,4,4,1106.5
v2anneal_120k_cot,MATH500,189,4,3,3,3,0,1,1,3480.75
v2anneal_120k_cot,MATH500,193,4,3,3,0,0,4,3,1900.5
v2anneal_120k_cot,MATH500,197,4,3,3,1,0,3,3,3316.0
v2anneal_120k_cot,MATH500,201,4,4,4,0,0,4,4,2145.0
v2anneal_120k_cot,MATH500,205,4,3,3,0,0,4,3,2325.0
v2anneal_120k_cot,MATH500,209,4,4,4,0,0,4,4,1518.75
v2anneal_120k_cot,MATH500,213,4,0,3,4,0,0,0,4012.0
v2anneal_120k_cot,MATH500,217,4,0,0,3,1,1,0,3797.0
v2anneal_120k_cot,MATH500,221,4,4,4,0,0,4,4,2635.75
v2anneal_120k_cot,MATH500,225,4,4,4,0,0,4,4,1245.75
v2anneal_120k_cot,MATH500,229,4,4,4,0,0,4,4,1279.5
v2anneal_120k_cot,MATH500,233,4,3,3,1,1,3,3,1892.75
v2anneal_120k_cot,MATH500,237,4,4,4,0,0,4,4,2106.0
v2anneal_120k_cot,MATH500,241,4,4,4,0,0,4,4,2352.75
v2anneal_120k_cot,MATH500,245,4,4,4,0,0,4,4,2610.0
v2anneal_120k_cot,MATH500,249,4,4,4,0,0,4,4,2281.75
v2anneal_120k_cot,MATH500,253,4,4,4,0,0,4,4,861.5
v2anneal_120k_cot,MATH500,257,4,0,0,0,0,4,0,1339.5
v2anneal_120k_cot,MATH500,261,4,4,4,0,0,4,4,2493.25
v2anneal_120k_cot,MATH500,265,4,4,4,0,0,4,4,1703.25
v2anneal_120k_cot,MATH500,269,4,4,4,0,0,4,4,1455.5
v2anneal_120k_cot,MATH500,273,4,4,4,0,0,4,4,1700.0
v2anneal_120k_cot,MATH500,277,4,4,4,0,0,4,4,1266.25
v2anneal_120k_cot,MATH500,281,4,2,2,2,1,2,2,2811.75
v2anneal_120k_cot,MATH500,285,4,3,3,1,1,3,3,3299.0
v2anneal_120k_cot,MATH500,289,4,4,4,0,0,4,4,2213.5
v2anneal_120k_cot,MATH500,293,4,4,4,0,0,4,4,2066.75
v2anneal_120k_cot,MATH500,297,4,4,4,0,0,4,4,1727.75
v2anneal_120k_cot,MATH500,301,4,3,3,1,1,3,3,2228.25
v2anneal_120k_cot,MATH500,305,4,4,4,0,0,4,4,1565.0
v2anneal_120k_cot,MATH500,309,4,1,1,3,1,1,1,3934.5
v2anneal_120k_cot,MATH500,313,4,3,3,0,0,4,3,1245.0
v2anneal_120k_cot,MATH500,317,4,1,1,3,0,1,1,3971.25
v2anneal_120k_cot,MATH500,321,4,4,4,0,0,4,4,1719.25
v2anneal_120k_cot,MATH500,325,4,4,4,0,0,4,4,1712.25
v2anneal_120k_cot,MATH500,329,4,4,4,0,0,4,4,1003.0
v2anneal_120k_cot,MATH500,333,4,1,1,3,0,1,1,3480.75
v2anneal_120k_cot,MATH500,337,4,4,4,0,0,4,4,1353.75
v2anneal_120k_cot,MATH500,341,4,4,4,0,0,4,4,1827.25
v2anneal_120k_cot,MATH500,345,4,4,4,0,0,4,4,1476.0
v2anneal_120k_cot,MATH500,349,4,1,1,2,0,2,1,3474.25
v2anneal_120k_cot,MATH500,353,4,4,4,0,0,4,4,1888.25
v2anneal_120k_cot,MATH500,357,4,4,4,0,0,4,4,2153.0
v2anneal_120k_cot,MATH500,361,4,3,3,2,0,2,2,3202.5
v2anneal_120k_cot,MATH500,365,4,2,2,2,1,2,2,3646.5
v2anneal_120k_cot,MATH500,369,4,0,0,1,1,3,0,2707.0
v2anneal_120k_cot,MATH500,373,4,4,4,0,0,4,4,2223.75
v2anneal_120k_cot,MATH500,377,4,3,3,1,1,3,3,2654.0
v2anneal_120k_cot,MATH500,381,4,0,0,4,0,0,0,4033.0
v2anneal_120k_cot,MATH500,385,4,1,2,1,1,3,1,2656.5
v2anneal_120k_cot,MATH500,389,4,1,1,2,2,2,1,2752.25
v2anneal_120k_cot,MATH500,393,4,4,4,0,0,4,4,1229.25
v2anneal_120k_cot,MATH500,397,4,4,4,0,0,4,4,1203.75
v2anneal_120k_cot,MATH500,401,4,0,0,4,1,0,0,4036.0
v2anneal_120k_cot,MATH500,405,4,4,4,0,0,4,4,1325.0
v2anneal_120k_cot,MATH500,409,4,3,3,0,0,4,3,1971.25
v2anneal_120k_cot,MATH500,413,4,4,4,0,0,4,4,1203.25
v2anneal_120k_cot,MATH500,417,4,4,4,0,0,4,4,2307.5
v2anneal_120k_cot,MATH500,421,4,2,3,3,1,1,1,3960.0
v2anneal_120k_cot,MATH500,425,4,0,0,4,1,0,0,3999.0
v2anneal_120k_cot,MATH500,429,4,4,4,0,0,4,4,2786.75
v2anneal_120k_cot,MATH500,433,4,3,3,1,0,3,3,2748.5
v2anneal_120k_cot,MATH500,437,4,4,4,0,0,4,4,1518.5
v2anneal_120k_cot,MATH500,441,4,4,4,0,0,4,4,1283.25
v2anneal_120k_cot,MATH500,445,4,0,1,4,0,0,0,3794.0
v2anneal_120k_cot,MATH500,449,4,4,4,0,0,4,4,1402.25
v2anneal_120k_cot,MATH500,453,4,4,4,0,0,4,4,1585.25
v2anneal_120k_cot,MATH500,457,4,4,4,0,0,4,4,1103.25
v2anneal_120k_cot,MATH500,461,4,3,3,1,1,3,3,1945.75
v2anneal_120k_cot,MATH500,465,4,3,3,1,0,3,3,2094.0
v2anneal_120k_cot,MATH500,469,4,3,3,1,1,3,3,2053.75
v2anneal_120k_cot,MATH500,473,4,4,4,0,0,4,4,1893.5
v2anneal_120k_cot,MATH500,477,4,4,4,0,0,4,4,2816.25
v2anneal_120k_cot,MATH500,481,4,0,0,4,0,0,0,3976.0
v2anneal_120k_cot,MATH500,485,4,3,3,3,0,1,1,3644.5
v2anneal_120k_cot,MATH500,489,4,3,3,1,0,3,3,3015.75
v2anneal_120k_cot,MATH500,493,4,3,3,1,1,3,3,3052.75
v2anneal_120k_cot,MATH500,497,4,0,0,4,0,0,0,4030.0
v2anneal_120k_cot,AIME24,3,16,15,15,6,0,10,10,3632.1875
v2anneal_120k_cot,AIME24,7,16,0,0,16,10,0,0,3641.0
v2anneal_120k_cot,AIME24,11,16,1,3,16,0,0,0,3899.0
v2anneal_120k_cot,AIME24,15,16,15,16,2,0,14,14,3198.75
v2anneal_120k_cot,AIME24,19,16,1,1,16,3,0,0,3778.0
v2anneal_120k_cot,AIME24,23,16,0,0,16,2,0,0,3981.0
v2anneal_120k_cot,AIME24,27,16,0,0,16,1,0,0,4000.0
v2anneal_120k_cot,AIME25,2,16,11,12,5,1,11,9,3089.875
v2anneal_120k_cot,AIME25,6,16,0,0,16,5,0,0,3938.0
v2anneal_120k_cot,AIME25,10,16,0,0,16,2,0,0,3879.0
v2anneal_120k_cot,AIME25,14,16,0,0,16,5,0,0,4004.0
v2anneal_120k_cot,AIME25,18,16,4,4,16,0,0,0,3894.0
v2anneal_120k_cot,AIME25,22,16,0,0,16,8,0,0,3814.0
v2anneal_120k_cot,AIME25,26,16,0,0,16,1,0,0,3874.0
v2anneal_120k_cot,AMC23,3,16,8,10,7,0,9,8,3399.3125
v2anneal_120k_cot,AMC23,7,16,0,0,16,0,0,0,3993.0
v2anneal_120k_cot,AMC23,11,16,1,1,16,7,0,0,3870.0
v2anneal_120k_cot,AMC23,15,16,2,6,14,5,2,2,3848.0625
v2anneal_120k_cot,AMC23,19,16,16,16,0,0,16,16,1725.9375
v2anneal_120k_cot,AMC23,23,16,13,13,3,1,13,13,3178.9375
v2anneal_120k_cot,AMC23,27,16,0,1,16,3,0,0,4043.0
v2anneal_120k_cot,AMC23,31,16,0,0,16,0,0,0,4043.0
v2anneal_120k_cot,AMC23,35,16,0,0,15,1,1,0,3869.125
v2anneal_120k_cot,AMC23,39,16,2,3,14,2,2,2,3987.8125
v2anneal_120k_cot,MATH500,2,4,4,4,0,0,4,4,2171.0
v2anneal_120k_cot,MATH500,6,4,3,3,1,1,3,3,2703.0
v2anneal_120k_cot,MATH500,10,4,2,3,2,1,2,2,3313.5
v2anneal_120k_cot,MATH500,14,4,4,4,0,0,4,4,1745.5
v2anneal_120k_cot,MATH500,18,4,0,0,4,3,0,0,3913.0
v2anneal_120k_cot,MATH500,22,4,4,4,0,0,4,4,1662.5
v2anneal_120k_cot,MATH500,26,4,0,0,4,0,0,0,4027.0
v2anneal_120k_cot,MATH500,30,4,2,2,2,2,2,2,2909.75
v2anneal_120k_cot,MATH500,34,4,4,4,0,0,4,4,2840.5
v2anneal_120k_cot,MATH500,38,4,4,4,0,0,4,4,1373.0
v2anneal_120k_cot,MATH500,42,4,4,4,0,0,4,4,1281.5
v2anneal_120k_cot,MATH500,46,4,2,2,2,0,2,2,3474.75
v2anneal_120k_cot,MATH500,50,4,4,4,1,0,3,3,3270.0
v2anneal_120k_cot,MATH500,54,4,4,4,0,0,4,4,1206.0
v2anneal_120k_cot,MATH500,58,4,4,4,0,0,4,4,2541.75
v2anneal_120k_cot,MATH500,62,4,4,4,0,0,4,4,3033.0
v2anneal_120k_cot,MATH500,66,4,4,4,0,0,4,4,1851.0
v2anneal_120k_cot,MATH500,70,4,4,4,0,0,4,4,1263.25
v2anneal_120k_cot,MATH500,74,4,4,4,0,0,4,4,1268.0
v2anneal_120k_cot,MATH500,78,4,4,4,0,0,4,4,2162.75
v2anneal_120k_cot,MATH500,82,4,1,1,3,1,1,1,3923.75
v2anneal_120k_cot,MATH500,86,4,4,4,0,0,4,4,1186.25
v2anneal_120k_cot,MATH500,90,4,4,4,0,0,4,4,794.75
v2anneal_120k_cot,MATH500,94,4,0,0,4,2,0,0,3688.0
v2anneal_120k_cot,MATH500,98,4,4,4,0,0,4,4,1197.25
v2anneal_120k_cot,MATH500,102,4,4,4,0,0,4,4,1357.0
v2anneal_120k_cot,MATH500,106,4,4,4,0,0,4,4,1420.5
v2anneal_120k_cot,MATH500,110,4,0,0,4,0,0,0,3966.0
v2anneal_120k_cot,MATH500,114,4,4,4,0,0,4,4,1823.0
v2anneal_120k_cot,MATH500,118,4,1,2,3,0,1,1,3748.75
v2anneal_120k_cot,MATH500,122,4,4,4,0,0,4,4,1518.75
v2anneal_120k_cot,MATH500,126,4,1,1,3,0,1,1,3871.75
v2anneal_120k_cot,MATH500,130,4,3,3,2,0,2,2,3508.75
v2anneal_120k_cot,MATH500,134,4,4,4,0,0,4,4,1840.0
v2anneal_120k_cot,MATH500,138,4,2,2,1,0,3,2,3663.75
v2anneal_120k_cot,MATH500,142,4,2,3,1,0,3,3,2163.75
v2anneal_120k_cot,MATH500,146,4,4,4,0,0,4,4,1309.0
v2anneal_120k_cot,MATH500,150,4,1,1,4,0,0,0,3851.0
v2anneal_120k_cot,MATH500,154,4,0,0,4,0,0,0,3939.0
v2anneal_120k_cot,MATH500,158,4,4,4,0,0,4,4,2096.25
v2anneal_120k_cot,MATH500,162,4,4,4,0,0,4,4,1826.5
v2anneal_120k_cot,MATH500,166,4,0,0,4,2,0,0,3845.0
v2anneal_120k_cot,MATH500,170,4,2,2,3,1,1,1,3858.5
v2anneal_120k_cot,MATH500,174,4,4,4,0,0,4,4,1764.25
v2anneal_120k_cot,MATH500,178,4,4,4,0,0,4,4,1208.25
v2anneal_120k_cot,MATH500,182,4,4,4,0,0,4,4,890.25
v2anneal_120k_cot,MATH500,186,4,4,4,0,0,4,4,1722.0
v2anneal_120k_cot,MATH500,190,4,4,4,0,0,4,4,1802.5
v2anneal_120k_cot,MATH500,194,4,1,1,3,0,1,1,3974.75
v2anneal_120k_cot,MATH500,198,4,0,0,0,0,4,0,1923.25
v2anneal_120k_cot,MATH500,202,4,4,4,0,0,4,4,2474.25
v2anneal_120k_cot,MATH500,206,4,4,4,0,0,4,4,1824.0
v2anneal_120k_cot,MATH500,210,4,1,2,3,1,1,1,3388.0
v2anneal_120k_cot,MATH500,214,4,2,2,0,0,4,2,2535.0
v2anneal_120k_cot,MATH500,218,4,4,4,0,0,4,4,1055.25
v2anneal_120k_cot,MATH500,222,4,0,0,4,2,0,0,3935.0
v2anneal_120k_cot,MATH500,226,4,4,4,0,0,4,4,2513.75
v2anneal_120k_cot,MATH500,230,4,4,4,0,0,4,4,2227.25
v2anneal_120k_cot,MATH500,234,4,4,4,0,0,4,4,2715.25
v2anneal_120k_cot,MATH500,238,4,4,4,0,0,4,4,1592.75
v2anneal_120k_cot,MATH500,242,4,0,0,2,0,2,0,3031.75
v2anneal_120k_cot,MATH500,246,4,4,4,0,0,4,4,1312.0
v2anneal_120k_cot,MATH500,250,4,4,4,0,0,4,4,1339.5
v2anneal_120k_cot,MATH500,254,4,4,4,0,0,4,4,1742.75
v2anneal_120k_cot,MATH500,258,4,4,4,0,0,4,4,1433.5
v2anneal_120k_cot,MATH500,262,4,4,4,0,0,4,4,1016.75
v2anneal_120k_cot,MATH500,266,4,4,4,0,0,4,4,2141.25
v2anneal_120k_cot,MATH500,270,4,4,4,0,0,4,4,1195.0
v2anneal_120k_cot,MATH500,274,4,1,1,3,2,1,1,3589.5
v2anneal_120k_cot,MATH500,278,4,4,4,0,0,4,4,1153.75
v2anneal_120k_cot,MATH500,282,4,0,0,4,3,0,0,3951.0
v2anneal_120k_cot,MATH500,286,4,0,0,4,1,0,0,4006.0
v2anneal_120k_cot,MATH500,290,4,4,4,0,0,4,4,2352.0
v2anneal_120k_cot,MATH500,294,4,4,4,0,0,4,4,2726.25
v2anneal_120k_cot,MATH500,298,4,3,3,1,0,3,3,2695.25
v2anneal_120k_cot,MATH500,302,4,0,0,4,1,0,0,3990.0
v2anneal_120k_cot,MATH500,306,4,0,0,4,0,0,0,4029.0
v2anneal_120k_cot,MATH500,310,4,3,3,1,0,3,3,2354.5
v2anneal_120k_cot,MATH500,314,4,4,4,0,0,4,4,1493.0
v2anneal_120k_cot,MATH500,318,4,3,3,0,0,4,3,1365.0
v2anneal_120k_cot,MATH500,322,4,4,4,0,0,4,4,1280.25
v2anneal_120k_cot,MATH500,326,4,0,0,2,0,2,0,3326.5
v2anneal_120k_cot,MATH500,330,4,4,4,0,0,4,4,2674.0
v2anneal_120k_cot,MATH500,334,4,4,4,0,0,4,4,1418.75
v2anneal_120k_cot,MATH500,338,4,3,3,0,0,4,3,2061.75
v2anneal_120k_cot,MATH500,342,4,4,4,0,0,4,4,1304.75
v2anneal_120k_cot,MATH500,346,4,4,4,0,0,4,4,1937.0
v2anneal_120k_cot,MATH500,350,4,4,4,0,0,4,4,1548.5
v2anneal_120k_cot,MATH500,354,4,4,4,0,0,4,4,1536.0
v2anneal_120k_cot,MATH500,358,4,2,2,0,0,4,2,2407.75
v2anneal_120k_cot,MATH500,362,4,4,4,0,0,4,4,1390.75
v2anneal_120k_cot,MATH500,366,4,4,4,0,0,4,4,2148.5
v2anneal_120k_cot,MATH500,370,4,4,4,0,0,4,4,1081.0
v2anneal_120k_cot,MATH500,374,4,4,4,0,0,4,4,785.25
v2anneal_120k_cot,MATH500,378,4,4,4,0,0,4,4,2879.25
v2anneal_120k_cot,MATH500,382,4,3,3,1,1,3,3,3262.25
v2anneal_120k_cot,MATH500,386,4,4,4,0,0,4,4,2037.5
v2anneal_120k_cot,MATH500,390,4,4,4,0,0,4,4,2672.75
v2anneal_120k_cot,MATH500,394,4,3,3,1,1,3,3,3501.0
v2anneal_120k_cot,MATH500,398,4,2,2,1,0,3,2,2711.25
v2anneal_120k_cot,MATH500,402,4,4,4,0,0,4,4,1917.25
v2anneal_120k_cot,MATH500,406,4,3,3,1,1,3,3,2735.25
v2anneal_120k_cot,MATH500,410,4,4,4,0,0,4,4,1275.25
v2anneal_120k_cot,MATH500,414,4,4,4,0,0,4,4,1862.25
v2anneal_120k_cot,MATH500,418,4,4,4,0,0,4,4,1573.5
v2anneal_120k_cot,MATH500,422,4,0,0,4,0,0,0,3968.0
v2anneal_120k_cot,MATH500,426,4,4,4,0,0,4,4,1227.25
v2anneal_120k_cot,MATH500,430,4,4,4,0,0,4,4,955.5
v2anneal_120k_cot,MATH500,434,4,4,4,0,0,4,4,1661.5
v2anneal_120k_cot,MATH500,438,4,3,3,1,0,3,3,1998.5
v2anneal_120k_cot,MATH500,442,4,4,4,0,0,4,4,1667.75
v2anneal_120k_cot,MATH500,446,4,4,4,0,0,4,4,2090.0
v2anneal_120k_cot,MATH500,450,4,4,4,0,0,4,4,2255.5
v2anneal_120k_cot,MATH500,454,4,4,4,0,0,4,4,2496.75
v2anneal_120k_cot,MATH500,458,4,4,4,1,0,3,3,2343.25
v2anneal_120k_cot,MATH500,462,4,3,4,1,0,3,3,3210.0
v2anneal_120k_cot,MATH500,466,4,2,2,3,0,1,1,3870.75
v2anneal_120k_cot,MATH500,470,4,1,1,3,0,1,1,3879.75
v2anneal_120k_cot,MATH500,474,4,4,4,0,0,4,4,1876.25
v2anneal_120k_cot,MATH500,478,4,0,0,4,1,0,0,4004.0
v2anneal_120k_cot,MATH500,482,4,3,3,0,0,4,3,2134.75
v2anneal_120k_cot,MATH500,486,4,2,2,2,0,2,2,2871.5
v2anneal_120k_cot,MATH500,490,4,1,1,3,2,1,1,3886.0
v2anneal_120k_cot,MATH500,494,4,0,0,4,0,0,0,4007.0
v2anneal_120k_cot,MATH500,498,4,1,2,1,1,3,1,2894.5
v2anneal_120k_cot,AIME24,0,16,3,4,15,1,1,1,3935.4375
v2anneal_120k_cot,AIME24,4,16,0,0,16,0,0,0,4017.0
v2anneal_120k_cot,AIME24,8,16,0,0,16,12,0,0,3971.0
v2anneal_120k_cot,AIME24,12,16,4,4,12,7,4,4,3855.8125
v2anneal_120k_cot,AIME24,16,16,7,11,10,2,6,6,3327.8125
v2anneal_120k_cot,AIME24,20,16,1,2,14,6,2,1,3685.9375
v2anneal_120k_cot,AIME24,24,16,0,0,16,9,0,0,3940.0
v2anneal_120k_cot,AIME24,28,16,0,0,16,4,0,0,3907.0
v2anneal_120k_cot,AIME25,3,16,6,7,9,0,7,5,3861.0625
v2anneal_120k_cot,AIME25,7,16,7,7,4,0,12,6,3226.75
v2anneal_120k_cot,AIME25,11,16,0,0,16,0,0,0,3964.0
v2anneal_120k_cot,AIME25,15,16,16,16,3,0,13,13,3320.625
v2anneal_120k_cot,AIME25,19,16,0,0,16,4,0,0,3895.0
v2anneal_120k_cot,AIME25,23,16,0,0,16,0,0,0,3995.0
v2anneal_120k_cot,AIME25,27,16,0,0,16,2,0,0,3962.0
v2anneal_120k_cot,AMC23,0,16,16,16,0,0,16,16,1493.25
v2anneal_120k_cot,AMC23,4,16,3,4,15,0,1,1,3983.0625
v2anneal_120k_cot,AMC23,8,16,3,5,13,0,3,2,3930.3125
v2anneal_120k_cot,AMC23,12,16,0,0,16,1,0,0,4020.0
v2anneal_120k_cot,AMC23,16,16,15,15,0,0,16,15,2479.0625
v2anneal_120k_cot,AMC23,20,16,0,0,16,4,0,0,3984.0
v2anneal_120k_cot,AMC23,24,16,12,12,6,0,10,10,3489.9375
v2anneal_120k_cot,AMC23,28,16,2,3,15,0,1,1,3945.875
v2anneal_120k_cot,AMC23,32,16,0,7,16,1,0,0,3847.0
v2anneal_120k_cot,AMC23,36,16,1,5,15,2,1,1,3973.375
v2anneal_120k_cot,MATH500,3,4,4,4,0,0,4,4,1750.25
v2anneal_120k_cot,MATH500,7,4,4,4,0,0,4,4,1968.0
v2anneal_120k_cot,MATH500,11,4,0,0,3,0,1,0,3865.5
v2anneal_120k_cot,MATH500,15,4,4,4,0,0,4,4,2809.0
v2anneal_120k_cot,MATH500,19,4,3,4,1,1,3,3,3225.0
v2anneal_120k_cot,MATH500,23,4,4,4,0,0,4,4,2127.0
v2anneal_120k_cot,MATH500,27,4,4,4,0,0,4,4,750.0
v2anneal_120k_cot,MATH500,31,4,4,4,0,0,4,4,1379.0
v2anneal_120k_cot,MATH500,35,4,4,4,0,0,4,4,2062.0
v2anneal_120k_cot,MATH500,39,4,4,4,0,0,4,4,1950.0
v2anneal_120k_cot,MATH500,43,4,0,0,4,1,0,0,3992.0
v2anneal_120k_cot,MATH500,47,4,4,4,0,0,4,4,1135.0
v2anneal_120k_cot,MATH500,51,4,2,2,2,0,2,2,3257.75
v2anneal_120k_cot,MATH500,55,4,4,4,0,0,4,4,1710.75
v2anneal_120k_cot,MATH500,59,4,4,4,0,0,4,4,1346.75
v2anneal_120k_cot,MATH500,63,4,3,3,1,1,3,3,2486.25
v2anneal_120k_cot,MATH500,67,4,4,4,0,0,4,4,1825.5
v2anneal_120k_cot,MATH500,71,4,1,1,3,0,1,1,3915.0
v2anneal_120k_cot,MATH500,75,4,4,4,0,0,4,4,1727.25
v2anneal_120k_cot,MATH500,79,4,4,4,0,0,4,4,1308.25
v2anneal_120k_cot,MATH500,83,4,3,3,2,0,2,2,3191.25
v2anneal_120k_cot,MATH500,87,4,4,4,0,0,4,4,1481.25
v2anneal_120k_cot,MATH500,91,4,4,4,0,0,4,4,1039.0
v2anneal_120k_cot,MATH500,95,4,4,4,0,0,4,4,1599.75
v2anneal_120k_cot,MATH500,99,4,0,0,0,0,4,0,2408.25
v2anneal_120k_cot,MATH500,103,4,0,0,4,0,0,0,3970.0
v2anneal_120k_cot,MATH500,107,4,4,4,0,0,4,4,1235.0
v2anneal_120k_cot,MATH500,111,4,4,4,0,0,4,4,1317.5
v2anneal_120k_cot,MATH500,115,4,4,4,0,0,4,4,1588.75
v2anneal_120k_cot,MATH500,119,4,0,0,4,1,0,0,3924.0
v2anneal_120k_cot,MATH500,123,4,2,2,2,0,2,2,3192.0
v2anneal_120k_cot,MATH500,127,4,0,0,0,0,4,0,1752.5
v2anneal_120k_cot,MATH500,131,4,4,4,0,0,4,4,1785.75
v2anneal_120k_cot,MATH500,135,4,4,4,0,0,4,4,1179.25
v2anneal_120k_cot,MATH500,139,4,1,3,4,0,0,0,4029.0
v2anneal_120k_cot,MATH500,143,4,4,4,0,0,4,4,2124.5
v2anneal_120k_cot,MATH500,147,4,1,1,3,0,1,1,3636.0
v2anneal_120k_cot,MATH500,151,4,4,4,0,0,4,4,2299.75
v2anneal_120k_cot,MATH500,155,4,3,3,1,0,3,3,2410.0
v2anneal_120k_cot,MATH500,159,4,4,4,0,0,4,4,1601.25
v2anneal_120k_cot,MATH500,163,4,2,2,2,0,2,2,3271.75
v2anneal_120k_cot,MATH500,167,4,4,4,0,0,4,4,979.5
v2anneal_120k_cot,MATH500,171,4,4,4,0,0,4,4,694.75
v2anneal_120k_cot,MATH500,175,4,3,3,1,0,3,3,3269.5
v2anneal_120k_cot,MATH500,179,4,3,3,1,1,3,3,2744.75
v2anneal_120k_cot,MATH500,183,4,4,4,0,0,4,4,1739.75
v2anneal_120k_cot,MATH500,187,4,4,4,0,0,4,4,1434.25
v2anneal_120k_cot,MATH500,191,4,3,3,1,1,3,3,1745.0
v2anneal_120k_cot,MATH500,195,4,3,3,2,0,2,2,3095.0
v2anneal_120k_cot,MATH500,199,4,4,4,0,0,4,4,944.5
v2anneal_120k_cot,MATH500,203,4,4,4,0,0,4,4,1982.75
v2anneal_120k_cot,MATH500,207,4,4,4,0,0,4,4,1228.0
v2anneal_120k_cot,MATH500,211,4,4,4,0,0,4,4,1625.5
v2anneal_120k_cot,MATH500,215,4,4,4,0,0,4,4,2430.0
v2anneal_120k_cot,MATH500,219,4,0,0,4,2,0,0,3324.0
v2anneal_120k_cot,MATH500,223,4,4,4,0,0,4,4,1790.25
v2anneal_120k_cot,MATH500,227,4,0,0,0,0,4,0,1100.25
v2anneal_120k_cot,MATH500,231,4,4,4,0,0,4,4,2050.75
v2anneal_120k_cot,MATH500,235,4,4,4,0,0,4,4,1823.0
v2anneal_120k_cot,MATH500,239,4,0,0,4,0,0,0,3957.0
v2anneal_120k_cot,MATH500,243,4,4,4,0,0,4,4,1394.75
v2anneal_120k_cot,MATH500,247,4,3,3,1,1,3,3,2323.5
v2anneal_120k_cot,MATH500,251,4,3,3,0,0,4,3,2337.75
v2anneal_120k_cot,MATH500,255,4,0,0,0,0,4,0,1486.5
v2anneal_120k_cot,MATH500,259,4,4,4,0,0,4,4,1319.75
v2anneal_120k_cot,MATH500,263,4,4,4,0,0,4,4,1385.25
v2anneal_120k_cot,MATH500,267,4,3,3,1,1,3,3,2926.5
v2anneal_120k_cot,MATH500,271,4,4,4,0,0,4,4,2670.5
v2anneal_120k_cot,MATH500,275,4,4,4,0,0,4,4,1198.25
v2anneal_120k_cot,MATH500,279,4,2,2,2,2,2,2,2851.75
v2anneal_120k_cot,MATH500,283,4,4,4,0,0,4,4,1334.25
v2anneal_120k_cot,MATH500,287,4,3,3,1,1,3,3,2609.0
v2anneal_120k_cot,MATH500,291,4,4,4,0,0,4,4,1827.25
v2anneal_120k_cot,MATH500,295,4,0,0,4,0,0,0,3978.0
v2anneal_120k_cot,MATH500,299,4,4,4,0,0,4,4,1948.0
v2anneal_120k_cot,MATH500,303,4,1,1,4,1,0,0,4012.0
v2anneal_120k_cot,MATH500,307,4,4,4,0,0,4,4,2511.75
v2anneal_120k_cot,MATH500,311,4,3,3,1,1,3,3,2761.0
v2anneal_120k_cot,MATH500,315,4,4,4,0,0,4,4,3151.75
v2anneal_120k_cot,MATH500,319,4,4,4,0,0,4,4,1197.75
v2anneal_120k_cot,MATH500,323,4,2,2,2,2,2,2,3903.0
v2anneal_120k_cot,MATH500,327,4,3,3,4,0,0,0,3987.0
v2anneal_120k_cot,MATH500,331,4,4,4,0,0,4,4,2623.25
v2anneal_120k_cot,MATH500,335,4,3,3,1,0,3,3,2799.0
v2anneal_120k_cot,MATH500,339,4,4,4,0,0,4,4,2090.75
v2anneal_120k_cot,MATH500,343,4,0,4,0,0,4,4,1571.25
v2anneal_120k_cot,MATH500,347,4,4,4,0,0,4,4,1496.75
v2anneal_120k_cot,MATH500,351,4,0,0,4,1,0,0,4002.0
v2anneal_120k_cot,MATH500,355,4,1,2,3,0,1,1,4004.75
v2anneal_120k_cot,MATH500,359,4,3,3,1,0,3,3,3013.0
v2anneal_120k_cot,MATH500,363,4,4,4,0,0,4,4,1240.25
v2anneal_120k_cot,MATH500,367,4,4,4,0,0,4,4,1324.0
v2anneal_120k_cot,MATH500,371,4,0,1,4,0,0,0,4016.0
v2anneal_120k_cot,MATH500,375,4,4,4,0,0,4,4,1753.25
v2anneal_120k_cot,MATH500,379,4,0,3,4,0,0,0,3860.0
v2anneal_120k_cot,MATH500,383,4,0,0,0,0,4,0,1489.0
v2anneal_120k_cot,MATH500,387,4,4,4,0,0,4,4,1701.0
v2anneal_120k_cot,MATH500,391,4,4,4,0,0,4,4,2392.25
v2anneal_120k_cot,MATH500,395,4,4,4,0,0,4,4,2398.25
v2anneal_120k_cot,MATH500,399,4,4,4,0,0,4,4,1002.75
v2anneal_120k_cot,MATH500,403,4,1,1,2,1,2,0,2980.25
v2anneal_120k_cot,MATH500,407,4,4,4,0,0,4,4,1665.0
v2anneal_120k_cot,MATH500,411,4,4,4,0,0,4,4,1342.75
v2anneal_120k_cot,MATH500,415,4,3,3,1,1,3,3,3128.75
v2anneal_120k_cot,MATH500,419,4,1,1,1,0,3,1,3243.0
v2anneal_120k_cot,MATH500,423,4,4,4,1,0,3,3,3399.75
v2anneal_120k_cot,MATH500,427,4,4,4,0,0,4,4,1244.25
v2anneal_120k_cot,MATH500,431,4,3,3,1,0,3,3,2999.75
v2anneal_120k_cot,MATH500,435,4,4,4,0,0,4,4,1663.75
v2anneal_120k_cot,MATH500,439,4,1,1,3,0,1,1,3636.5
v2anneal_120k_cot,MATH500,443,4,4,4,0,0,4,4,1150.0
v2anneal_120k_cot,MATH500,447,4,4,4,0,0,4,4,1488.75
v2anneal_120k_cot,MATH500,451,4,4,4,0,0,4,4,1848.75
v2anneal_120k_cot,MATH500,455,4,4,4,0,0,4,4,1247.75
v2anneal_120k_cot,MATH500,459,4,4,4,0,0,4,4,2496.75
v2anneal_120k_cot,MATH500,463,4,4,4,0,0,4,4,994.25
v2anneal_120k_cot,MATH500,467,4,0,0,0,0,4,0,2429.75
v2anneal_120k_cot,MATH500,471,4,4,4,0,0,4,4,1590.0
v2anneal_120k_cot,MATH500,475,4,3,3,3,0,1,1,3831.0
v2anneal_120k_cot,MATH500,479,4,2,3,2,1,2,2,2864.5
v2anneal_120k_cot,MATH500,483,4,3,3,1,0,3,3,3240.0
v2anneal_120k_cot,MATH500,487,4,4,4,0,0,4,4,1864.75
v2anneal_120k_cot,MATH500,491,4,4,4,0,0,4,4,1566.5
v2anneal_120k_cot,MATH500,495,4,4,4,0,0,4,4,2201.5
v2anneal_120k_cot,MATH500,499,4,4,4,0,0,4,4,3578.75
v2anneal_120k_cot,AIME24,1,16,1,1,15,2,1,1,3987.8125
v2anneal_120k_cot,AIME24,5,16,13,13,3,1,13,13,3236.4375
v2anneal_120k_cot,AIME24,9,16,0,1,16,0,0,0,4016.0
v2anneal_120k_cot,AIME24,13,16,0,0,16,2,0,0,3939.0
v2anneal_120k_cot,AIME24,17,16,5,6,13,1,3,3,3958.1875
v2anneal_120k_cot,AIME24,21,16,7,8,9,1,7,7,3463.8125
v2anneal_120k_cot,AIME24,25,16,0,0,16,9,0,0,3996.0
v2anneal_120k_cot,AIME24,29,16,1,1,15,4,1,1,3925.3125
v2anneal_120k_cot,AIME25,0,16,15,15,1,0,15,15,2782.625
v2anneal_120k_cot,AIME25,4,16,1,1,13,8,3,1,3949.875
v2anneal_120k_cot,AIME25,8,16,0,0,16,0,0,0,3985.0
v2anneal_120k_cot,AIME25,12,16,0,0,16,1,0,0,4003.0
v2anneal_120k_cot,AIME25,16,16,13,13,4,0,12,12,3274.25
v2anneal_120k_cot,AIME25,20,16,0,0,16,0,0,0,3874.0
v2anneal_120k_cot,AIME25,24,16,0,0,16,10,0,0,4012.0
v2anneal_120k_cot,AIME25,28,16,0,0,16,1,0,0,3989.0
v2anneal_120k_cot,AMC23,1,16,16,16,0,0,16,16,2170.9375
v2anneal_120k_cot,AMC23,5,16,5,8,11,1,5,5,3880.875
v2anneal_120k_cot,AMC23,9,16,16,16,0,0,16,16,2214.4375
v2anneal_120k_cot,AMC23,13,16,0,2,16,0,0,0,4038.0
v2anneal_120k_cot,AMC23,17,16,14,15,2,2,14,14,2433.4375
v2anneal_120k_cot,AMC23,21,16,16,16,0,0,16,16,2127.1875
v2anneal_120k_cot,AMC23,25,16,14,14,2,2,14,14,2322.6875
v2anneal_120k_cot,AMC23,29,16,14,14,5,1,11,11,3418.0625
v2anneal_120k_cot,AMC23,33,16,16,16,0,0,16,16,1341.0
v2anneal_120k_cot,AMC23,37,16,9,9,5,1,11,8,3321.0625
v2anneal_120k_cot,MATH500,0,4,4,4,0,0,4,4,859.5
v2anneal_120k_cot,MATH500,4,4,1,1,3,2,1,1,3289.25
v2anneal_120k_cot,MATH500,8,4,4,4,0,0,4,4,1095.5
v2anneal_120k_cot,MATH500,12,4,3,4,2,0,2,2,3315.25
v2anneal_120k_cot,MATH500,16,4,4,4,0,0,4,4,2219.0
v2anneal_120k_cot,MATH500,20,4,4,4,0,0,4,4,1342.25
v2anneal_120k_cot,MATH500,24,4,2,2,3,0,1,1,3736.75
v2anneal_120k_cot,MATH500,28,4,4,4,0,0,4,4,1588.25
v2anneal_120k_cot,MATH500,32,4,0,0,4,1,0,0,4028.0
v2anneal_120k_cot,MATH500,36,4,4,4,0,0,4,4,2545.25
v2anneal_120k_cot,MATH500,40,4,2,4,0,0,4,4,964.75
v2anneal_120k_cot,MATH500,44,4,4,4,0,0,4,4,1392.5
v2anneal_120k_cot,MATH500,48,4,4,4,0,0,4,4,1204.5
v2anneal_120k_cot,MATH500,52,4,4,4,0,0,4,4,2378.75
v2anneal_120k_cot,MATH500,56,4,4,4,0,0,4,4,1351.75
v2anneal_120k_cot,MATH500,60,4,1,1,3,0,1,1,3964.0
v2anneal_120k_cot,MATH500,64,4,2,2,3,0,1,1,3818.0
v2anneal_120k_cot,MATH500,68,4,4,4,0,0,4,4,2921.0
v2anneal_120k_cot,MATH500,72,4,4,4,0,0,4,4,1552.0
v2anneal_120k_cot,MATH500,76,4,4,4,0,0,4,4,2761.5
v2anneal_120k_cot,MATH500,80,4,0,0,4,0,0,0,4032.0
v2anneal_120k_cot,MATH500,84,4,4,4,0,0,4,4,2106.75
v2anneal_120k_cot,MATH500,88,4,2,4,2,0,2,2,3933.5
v2anneal_120k_cot,MATH500,92,4,4,4,1,0,3,3,3305.75
v2anneal_120k_cot,MATH500,96,4,0,0,4,2,0,0,3970.0
v2anneal_120k_cot,MATH500,100,4,0,0,4,1,0,0,3873.0
v2anneal_120k_cot,MATH500,104,4,1,1,4,0,0,0,3999.0
v2anneal_120k_cot,MATH500,108,4,3,4,1,1,3,3,3230.0
v2anneal_120k_cot,MATH500,112,4,4,4,0,0,4,4,2013.75
v2anneal_120k_cot,MATH500,116,4,4,4,0,0,4,4,1363.5
v2anneal_120k_cot,MATH500,120,4,3,3,1,0,3,3,3026.0
v2anneal_120k_cot,MATH500,124,4,4,4,0,0,4,4,2394.0
v2anneal_120k_cot,MATH500,128,4,1,2,3,0,1,1,3458.25
v2anneal_120k_cot,MATH500,132,4,4,4,0,0,4,4,1224.25
v2anneal_120k_cot,MATH500,136,4,1,2,4,1,0,0,3977.0
v2anneal_120k_cot,MATH500,140,4,4,4,0,0,4,4,1900.0
v2anneal_120k_cot,MATH500,144,4,4,4,0,0,4,4,1135.5
v2anneal_120k_cot,MATH500,148,4,4,4,0,0,4,4,874.25
v2anneal_120k_cot,MATH500,152,4,1,1,3,0,1,1,3879.0
v2anneal_120k_cot,MATH500,156,4,1,1,4,0,0,0,3857.0
v2anneal_120k_cot,MATH500,160,4,4,4,0,0,4,4,1764.75
v2anneal_120k_cot,MATH500,164,4,1,1,4,0,0,0,4057.0
v2anneal_120k_cot,MATH500,168,4,0,0,4,2,0,0,3362.0
v2anneal_120k_cot,MATH500,172,4,4,4,0,0,4,4,1500.5
v2anneal_120k_cot,MATH500,176,4,4,4,1,0,3,3,3350.5
v2anneal_120k_cot,MATH500,180,4,4,4,0,0,4,4,1942.25
v2anneal_120k_cot,MATH500,184,4,0,0,4,0,0,0,4025.0
v2anneal_120k_cot,MATH500,188,4,2,3,3,0,1,1,3720.25
v2anneal_120k_cot,MATH500,192,4,4,4,0,0,4,4,2270.5
v2anneal_120k_cot,MATH500,196,4,4,4,0,0,4,4,1500.5
v2anneal_120k_cot,MATH500,200,4,3,3,1,0,3,3,2602.0
v2anneal_120k_cot,MATH500,204,4,0,2,4,0,0,0,3992.0
v2anneal_120k_cot,MATH500,208,4,4,4,0,0,4,4,1713.5
v2anneal_120k_cot,MATH500,212,4,4,4,0,0,4,4,988.5
v2anneal_120k_cot,MATH500,216,4,4,4,0,0,4,4,1349.25
v2anneal_120k_cot,MATH500,220,4,4,4,0,0,4,4,1403.5
v2anneal_120k_cot,MATH500,224,4,2,2,4,0,0,0,4017.0
v2anneal_120k_cot,MATH500,228,4,3,3,1,0,3,3,2876.0
v2anneal_120k_cot,MATH500,232,4,0,0,4,4,0,0,4010.0
v2anneal_120k_cot,MATH500,236,4,0,0,4,0,0,0,4030.0
v2anneal_120k_cot,MATH500,240,4,0,0,4,3,0,0,3828.0
v2anneal_120k_cot,MATH500,244,4,4,4,0,0,4,4,2192.5
v2anneal_120k_cot,MATH500,248,4,3,3,0,0,4,3,2798.25
v2anneal_120k_cot,MATH500,252,4,4,4,0,0,4,4,2157.75
v2anneal_120k_cot,MATH500,256,4,4,4,0,0,4,4,2223.5
v2anneal_120k_cot,MATH500,260,4,4,4,0,0,4,4,2009.25
v2anneal_120k_cot,MATH500,264,4,0,0,4,2,0,0,3791.0
v2anneal_120k_cot,MATH500,268,4,4,4,0,0,4,4,2070.5
v2anneal_120k_cot,MATH500,272,4,4,4,0,0,4,4,2428.75
v2anneal_120k_cot,MATH500,276,4,3,4,1,0,3,3,3105.75
v2anneal_120k_cot,MATH500,280,4,4,4,0,0,4,4,1242.0
v2anneal_120k_cot,MATH500,284,4,0,0,2,0,2,0,3387.75
v2anneal_120k_cot,MATH500,288,4,4,4,0,0,4,4,2942.75
v2anneal_120k_cot,MATH500,292,4,4,4,1,0,3,3,3558.5
v2anneal_120k_cot,MATH500,296,4,0,0,4,0,0,0,3940.0
v2anneal_120k_cot,MATH500,300,4,4,4,0,0,4,4,1710.0
v2anneal_120k_cot,MATH500,304,4,4,4,0,0,4,4,2294.25
v2anneal_120k_cot,MATH500,308,4,0,0,4,0,0,0,4027.0
v2anneal_120k_cot,MATH500,312,4,3,3,0,0,4,3,805.5
v2anneal_120k_cot,MATH500,316,4,4,4,0,0,4,4,2005.75
v2anneal_120k_cot,MATH500,320,4,2,2,1,0,3,2,2818.25
v2anneal_120k_cot,MATH500,324,4,0,0,4,3,0,0,3777.0
v2anneal_120k_cot,MATH500,328,4,1,2,3,0,1,1,3859.25
v2anneal_120k_cot,MATH500,332,4,4,4,1,0,3,3,3215.5
v2anneal_120k_cot,MATH500,336,4,4,4,0,0,4,4,1572.0
v2anneal_120k_cot,MATH500,340,4,0,0,2,0,2,0,3432.5
v2anneal_120k_cot,MATH500,344,4,4,4,0,0,4,4,1091.75
v2anneal_120k_cot,MATH500,348,4,4,4,0,0,4,4,2407.75
v2anneal_120k_cot,MATH500,352,4,0,0,3,0,1,0,3847.75
v2anneal_120k_cot,MATH500,356,4,4,4,0,0,4,4,1952.5
v2anneal_120k_cot,MATH500,360,4,4,4,0,0,4,4,2128.5
v2anneal_120k_cot,MATH500,364,4,4,4,0,0,4,4,2006.25
v2anneal_120k_cot,MATH500,368,4,4,4,0,0,4,4,1663.75
v2anneal_120k_cot,MATH500,372,4,0,0,3,1,1,0,3557.25
v2anneal_120k_cot,MATH500,376,4,4,4,0,0,4,4,1990.0
v2anneal_120k_cot,MATH500,380,4,3,3,0,0,4,3,2665.75
v2anneal_120k_cot,MATH500,384,4,4,4,0,0,4,4,645.75
v2anneal_120k_cot,MATH500,388,4,2,2,0,0,4,2,1617.0
v2anneal_120k_cot,MATH500,392,4,0,0,4,0,0,0,3745.0
v2anneal_120k_cot,MATH500,396,4,0,1,4,1,0,0,3834.0
v2anneal_120k_cot,MATH500,400,4,0,0,4,0,0,0,4009.0
v2anneal_120k_cot,MATH500,404,4,4,4,0,0,4,4,1014.25
v2anneal_120k_cot,MATH500,408,4,0,0,3,0,1,0,3917.25
v2anneal_120k_cot,MATH500,412,4,1,1,3,0,1,1,3914.0
v2anneal_120k_cot,MATH500,416,4,2,2,2,1,2,2,3854.0
v2anneal_120k_cot,MATH500,420,4,0,0,0,0,4,0,1378.0
v2anneal_120k_cot,MATH500,424,4,4,4,0,0,4,4,1459.0
v2anneal_120k_cot,MATH500,428,4,3,3,1,0,3,3,3531.5
v2anneal_120k_cot,MATH500,432,4,1,1,3,2,1,1,3940.0
v2anneal_120k_cot,MATH500,436,4,4,4,0,0,4,4,3063.75
v2anneal_120k_cot,MATH500,440,4,4,4,0,0,4,4,1327.0
v2anneal_120k_cot,MATH500,444,4,0,0,3,0,1,0,3463.5
v2anneal_120k_cot,MATH500,448,4,4,4,0,0,4,4,2138.5
v2anneal_120k_cot,MATH500,452,4,4,4,0,0,4,4,1473.0
v2anneal_120k_cot,MATH500,456,4,1,1,0,0,4,1,2558.25
v2anneal_120k_cot,MATH500,460,4,0,0,4,3,0,0,3892.0
v2anneal_120k_cot,MATH500,464,4,4,4,0,0,4,4,2451.0
v2anneal_120k_cot,MATH500,468,4,3,3,1,1,3,3,2193.0
v2anneal_120k_cot,MATH500,472,4,4,4,0,0,4,4,1334.5
v2anneal_120k_cot,MATH500,476,4,4,4,0,0,4,4,1385.0
v2anneal_120k_cot,MATH500,480,4,4,4,0,0,4,4,2830.75
v2anneal_120k_cot,MATH500,484,4,4,4,0,0,4,4,2690.0
v2anneal_120k_cot,MATH500,488,4,3,3,0,0,4,3,886.0
v2anneal_120k_cot,MATH500,492,4,4,4,0,0,4,4,1531.0
v2anneal_120k_cot,MATH500,496,4,4,4,0,0,4,4,2313.0
